SiteCode,MonthDay,p05,p10,p25,p50,p75,p90,p95
01516350,01-01,46.0,62.0,99,158,278,713.0,1040.0
01516350,01-02,42.0,62.0,91,181,286,558.0,680.0
01516350,01-03,41.0,58.0,90,158,257,454.0,818.0
01516350,01-04,42.0,58.0,90,155,331,592.0,681.0
01516350,01-05,38.0,57.0,80,152,283,576.0,877.0
01516350,01-06,39.0,56.0,74,144,266,468.0,671.0
01516350,01-07,38.0,54.0,76,140,244,383.0,465.0
01516350,01-08,42.0,52.0,80,140,227,391.0,539.0
01516350,01-09,41.0,51.0,83,129,258,441.0,1350.0
01516350,01-10,40.0,51.0,75,135,250,371.0,1260.0
01516350,01-11,39.0,50.0,81,144,243,562.0,699.0
01516350,01-12,37.0,48.0,81,151,341,518.0,588.0
01516350,01-13,36.0,45.0,77,152,379,817.0,1110.0
01516350,01-14,35.0,41.0,75,140,357,652.0,1130.0
01516350,01-15,38.0,45.0,75,133,317,512.0,895.0
01516350,01-16,38.0,45.0,72,130,286,538.0,723.0
01516350,01-17,38.0,44.0,73,123,271,418.0,509.0
01516350,01-18,37.0,47.0,80,134,264,369.0,571.0
01516350,01-19,36.0,48.0,85,133,241,352.0,989.0
01516350,01-20,36.0,48.0,80,126,231,636.0,1340.0
01516350,01-21,37.0,43.0,76,116,203,458.0,1060.0
01516350,01-22,33.0,38.0,73,114,195,409.0,644.0
01516350,01-23,33.0,37.0,73,111,208,438.0,616.0
01516350,01-24,35.0,41.0,70,126,292,692.0,1330.0
01516350,01-25,36.0,46.0,73,127,251,596.0,1790.0
01516350,01-26,35.0,43.0,76,124,289,731.0,1440.0
01516350,01-27,35.0,43.0,74,130,240,794.0,1420.0
01516350,01-28,35.0,43.0,70,120,222,625.0,1120.0
01516350,01-29,34.0,42.0,67,120,231,519.0,813.0
01516350,01-30,36.0,47.0,66,128,275,432.0,608.0
01516350,01-31,34.0,53.0,73,120,252,364.0,476.0
01516350,02-01,34.0,50.0,72,127,270,417.0,582.0
01516350,02-02,40.0,52.0,72,127,258,449.0,720.0
01516350,02-03,38.0,51.0,71,147,262,513.0,708.0
01516350,02-04,44.0,52.0,73,140,246,368.0,714.0
01516350,02-05,40.0,48.0,71,146,232,489.0,638.0
01516350,02-06,37.0,47.0,66,138,209,318.0,583.0
01516350,02-07,38.0,46.0,66,131,186,511.0,716.0
01516350,02-08,38.0,42.0,66,123,184,441.0,958.0
01516350,02-09,35.0,44.0,65,115,169,509.0,600.0
01516350,02-10,32.0,42.0,68,119,188,440.0,614.0
01516350,02-11,33.0,47.0,69,117,192,408.0,750.0
01516350,02-12,42.0,50.0,71,117,255,462.0,747.0
01516350,02-13,39.0,50.0,68,128,275,393.0,632.0
01516350,02-14,41.0,46.0,66,131,213,353.0,456.0
01516350,02-15,40.0,48.0,80,130,208,382.0,513.0
01516350,02-16,37.0,45.0,81,135,229,610.0,1430.0
01516350,02-17,37.0,48.0,84,133,232,533.0,865.0
01516350,02-18,40.0,56.0,79,129,246,807.0,1840.0
01516350,02-19,39.0,51.0,86,132,274,653.0,984.0
01516350,02-20,39.0,50.0,78,141,319,587.0,974.0
01516350,02-21,41.0,52.0,87,146,324,824.0,1210.0
01516350,02-22,49.0,61.0,95,147,324,713.0,949.0
01516350,02-23,55.0,65.0,99,160,329,618.0,1140.0
01516350,02-24,51.0,67.0,95,185,346,796.0,1420.0
01516350,02-25,46.0,63.0,95,186,304,893.0,1160.0
01516350,02-26,50.0,55.0,88,162,315,708.0,841.0
01516350,02-27,47.0,58.0,82,152,389,571.0,794.0
01516350,02-28,46.0,59.0,88,169,342,712.0,1220.0
01516350,02-29,,90.0,97,180,495,841.0,
01516350,03-01,43.0,59.0,94,179,368,494.0,846.0
01516350,03-02,46.0,60.0,98,162,363,586.0,817.0
01516350,03-03,45.0,58.0,95,188,365,589.0,777.0
01516350,03-04,45.0,58.0,98,179,364,780.0,1940.0
01516350,03-05,48.0,57.0,102,182,453,1140.0,1830.0
01516350,03-06,46.0,59.0,102,175,395,1410.0,2260.0
01516350,03-07,45.0,57.0,93,189,466,935.0,1410.0
01516350,03-08,42.0,54.0,100,242,442,921.0,1170.0
01516350,03-09,50.0,58.0,107,247,409,750.0,1110.0
01516350,03-10,51.0,66.0,131,247,400,751.0,1040.0
01516350,03-11,58.0,77.0,161,277,391,711.0,1140.0
01516350,03-12,55.0,77.0,162,279,519,671.0,1330.0
01516350,03-13,62.0,116.0,170,281,421,924.0,1160.0
01516350,03-14,62.0,114.0,203,290,463,835.0,1080.0
01516350,03-15,83.0,105.0,197,297,507,673.0,1850.0
01516350,03-16,89.0,139.0,198,273,505,684.0,927.0
01516350,03-17,85.0,143.0,205,281,408,781.0,1100.0
01516350,03-18,111.0,155.0,189,252,449,622.0,1110.0
01516350,03-19,109.0,153.0,189,272,417,680.0,1040.0
01516350,03-20,110.0,152.0,174,266,398,685.0,1560.0
01516350,03-21,103.0,148.0,182,274,522,1060.0,1870.0
01516350,03-22,99.0,134.0,169,312,550,1010.0,1640.0
01516350,03-23,105.0,132.0,173,332,488,923.0,1330.0
01516350,03-24,112.0,132.0,170,324,486,770.0,1320.0
01516350,03-25,116.0,132.0,187,315,449,890.0,1060.0
01516350,03-26,107.0,126.0,218,342,571,906.0,1220.0
01516350,03-27,101.0,130.0,199,333,512,888.0,1830.0
01516350,03-28,100.0,131.0,196,339,514,1240.0,2040.0
01516350,03-29,96.0,124.0,197,344,547,1040.0,2000.0
01516350,03-30,100.0,124.0,215,327,556,1330.0,1690.0
01516350,03-31,109.0,157.0,222,351,607,1220.0,1360.0
01516350,04-01,109.0,145.0,218,350,576,1280.0,1700.0
01516350,04-02,113.0,151.0,246,343,654,1230.0,3570.0
01516350,04-03,106.0,131.0,234,359,690,1150.0,2740.0
01516350,04-04,109.0,162.0,223,369,774,1740.0,2390.0
01516350,04-05,99.0,163.0,213,347,821,1440.0,2370.0
01516350,04-06,97.0,160.0,212,295,675,1070.0,1820.0
01516350,04-07,99.0,154.0,201,346,557,1300.0,1860.0
01516350,04-08,119.0,155.0,190,320,617,1010.0,1420.0
01516350,04-09,113.0,147.0,186,330,590,911.0,1140.0
01516350,04-10,104.0,153.0,203,309,604,1200.0,1750.0
01516350,04-11,107.0,144.0,203,295,582,1010.0,1120.0
01516350,04-12,112.0,140.0,207,322,577,810.0,1250.0
01516350,04-13,103.0,132.0,203,331,505,859.0,1010.0
01516350,04-14,102.0,134.0,196,320,472,755.0,1020.0
01516350,04-15,112.0,142.0,192,322,486,939.0,986.0
01516350,04-16,102.0,137.0,199,301,524,1040.0,1500.0
01516350,04-17,91.0,132.0,181,304,488,777.0,2110.0
01516350,04-18,85.0,123.0,169,277,513,763.0,945.0
01516350,04-19,80.0,115.0,161,282,492,727.0,998.0
01516350,04-20,75.0,106.0,153,292,458,635.0,1290.0
01516350,04-21,70.0,99.0,160,264,460,688.0,1500.0
01516350,04-22,87.0,101.0,145,257,426,633.0,871.0
01516350,04-23,93.0,114.0,165,254,385,583.0,898.0
01516350,04-24,99.0,118.0,173,259,353,658.0,1100.0
01516350,04-25,110.0,129.0,178,248,327,794.0,1430.0
01516350,04-26,108.0,122.0,167,230,369,710.0,2340.0
01516350,04-27,95.0,103.0,150,209,347,595.0,1580.0
01516350,04-28,93.0,120.0,139,202,324,588.0,949.0
01516350,04-29,89.0,116.0,145,202,313,752.0,847.0
01516350,04-30,95.0,111.0,132,206,315,970.0,1360.0
01516350,05-01,90.0,106.0,133,195,322,613.0,1220.0
01516350,05-02,83.0,109.0,131,191,390,638.0,931.0
01516350,05-03,99.0,109.0,128,175,334,536.0,888.0
01516350,05-04,93.0,100.0,129,188,338,594.0,799.0
01516350,05-05,86.0,99.0,124,184,322,488.0,690.0
01516350,05-06,83.0,93.0,130,183,311,445.0,1390.0
01516350,05-07,80.0,91.0,121,177,270,424.0,1250.0
01516350,05-08,78.0,87.0,119,169,277,602.0,727.0
01516350,05-09,73.0,83.0,123,166,278,580.0,795.0
01516350,05-10,70.0,79.0,114,166,295,748.0,1020.0
01516350,05-11,70.0,80.0,117,165,281,717.0,1910.0
01516350,05-12,76.0,78.0,117,165,376,598.0,1330.0
01516350,05-13,70.0,75.0,103,149,335,688.0,1190.0
01516350,05-14,63.0,73.0,102,155,356,581.0,1030.0
01516350,05-15,60.0,72.0,101,158,340,597.0,834.0
01516350,05-16,56.0,70.0,94,176,353,556.0,1640.0
01516350,05-17,57.0,67.0,101,194,321,640.0,1160.0
01516350,05-18,56.0,63.0,93,168,280,479.0,894.0
01516350,05-19,59.0,60.0,103,188,288,561.0,909.0
01516350,05-20,57.0,71.0,97,166,277,553.0,899.0
01516350,05-21,53.0,62.0,89,151,262,508.0,703.0
01516350,05-22,53.0,62.0,84,139,249,464.0,744.0
01516350,05-23,53.0,57.0,78,137,240,437.0,713.0
01516350,05-24,54.0,58.0,87,128,236,520.0,684.0
01516350,05-25,48.0,59.0,81,130,244,431.0,528.0
01516350,05-26,52.0,57.0,80,117,223,361.0,482.0
01516350,05-27,49.0,54.0,75,111,231,322.0,358.0
01516350,05-28,46.0,53.0,71,107,220,277.0,757.0
01516350,05-29,43.0,50.0,64,136,209,428.0,741.0
01516350,05-30,40.0,47.0,59,125,190,438.0,867.0
01516350,05-31,37.0,51.0,65,107,188,316.0,649.0
01516350,06-01,40.0,51.0,74,120,196,426.0,538.0
01516350,06-02,39.0,51.0,67,109,187,339.0,476.0
01516350,06-03,39.0,49.0,67,107,205,326.0,424.0
01516350,06-04,36.0,49.0,63,102,200,310.0,509.0
01516350,06-05,34.0,45.0,60,105,172,241.0,1040.0
01516350,06-06,33.0,46.0,58,97,164,570.0,2610.0
01516350,06-07,33.0,46.0,56,90,144,404.0,1320.0
01516350,06-08,35.0,43.0,55,72,132,439.0,693.0
01516350,06-09,34.0,44.0,55,89,124,322.0,442.0
01516350,06-10,32.0,41.0,54,83,119,286.0,323.0
01516350,06-11,31.0,38.0,53,76,119,214.0,265.0
01516350,06-12,32.0,38.0,53,69,116,212.0,322.0
01516350,06-13,34.0,39.0,50,69,115,243.0,315.0
01516350,06-14,32.0,37.0,50,68,132,275.0,497.0
01516350,06-15,31.0,36.0,47,66,120,231.0,936.0
01516350,06-16,29.0,36.0,44,56,107,264.0,526.0
01516350,06-17,30.0,34.0,43,56,96,348.0,448.0
01516350,06-18,30.0,33.0,43,65,129,255.0,548.0
01516350,06-19,29.0,32.0,41,67,162,270.0,443.0
01516350,06-20,31.0,34.0,40,66,133,233.0,535.0
01516350,06-21,29.0,34.0,39,58,120,265.0,1220.0
01516350,06-22,25.0,30.0,40,69,113,274.0,680.0
01516350,06-23,24.0,29.0,39,59,116,355.0,603.0
01516350,06-24,23.0,27.0,38,60,106,365.0,468.0
01516350,06-25,22.0,29.0,42,55,94,292.0,418.0
01516350,06-26,21.0,28.0,41,55,113,277.0,403.0
01516350,06-27,20.0,27.0,39,56,100,253.0,285.0
01516350,06-28,24.0,25.0,36,60,110,263.0,1340.0
01516350,06-29,23.0,27.0,39,61,135,235.0,738.0
01516350,06-30,23.0,26.0,38,62,123,295.0,631.0
01516350,07-01,21.0,25.0,35,66,103,254.0,637.0
01516350,07-02,21.0,24.0,36,65,120,257.0,396.0
01516350,07-03,20.0,23.0,34,57,112,259.0,357.0
01516350,07-04,20.0,22.0,34,55,100,211.0,270.0
01516350,07-05,21.0,22.0,33,54,106,194.0,261.0
01516350,07-06,20.0,21.0,31,48,105,177.0,346.0
01516350,07-07,19.0,21.0,32,48,97,139.0,641.0
01516350,07-08,18.0,20.0,30,45,108,260.0,359.0
01516350,07-09,18.0,19.0,31,50,84,213.0,408.0
01516350,07-10,18.0,20.0,30,47,75,178.0,376.0
01516350,07-11,17.0,18.0,27,42,80,173.0,263.0
01516350,07-12,16.0,19.0,27,40,83,221.0,484.0
01516350,07-13,17.0,17.0,26,38,73,181.0,871.0
01516350,07-14,16.0,17.0,27,43,91,198.0,459.0
01516350,07-15,16.0,18.0,27,42,76,280.0,519.0
01516350,07-16,14.0,17.0,25,43,63,214.0,440.0
01516350,07-17,14.0,17.0,28,39,65,117.0,262.0
01516350,07-18,14.0,16.0,28,37,64,174.0,246.0
01516350,07-19,15.0,17.0,27,33,58,153.0,171.0
01516350,07-20,16.0,19.0,25,34,60,130.0,160.0
01516350,07-21,15.0,16.0,24,37,68,114.0,196.0
01516350,07-22,14.0,15.0,23,39,73,168.0,403.0
01516350,07-23,14.0,18.0,23,36,82,223.0,543.0
01516350,07-24,15.0,17.0,22,33,81,202.0,708.0
01516350,07-25,15.0,17.0,23,33,70,167.0,257.0
01516350,07-26,16.0,20.0,23,34,55,147.0,263.0
01516350,07-27,15.0,18.0,22,35,66,137.0,635.0
01516350,07-28,15.0,17.0,22,35,65,167.0,569.0
01516350,07-29,15.0,17.0,22,34,75,137.0,350.0
01516350,07-30,17.0,17.0,22,34,73,193.0,393.0
01516350,07-31,15.0,16.0,23,34,75,263.0,581.0
01516350,08-01,14.0,15.0,22,34,76,296.0,428.0
01516350,08-02,14.0,16.0,21,32,63,217.0,303.0
01516350,08-03,14.0,15.0,19,30,69,178.0,296.0
01516350,08-04,14.0,15.0,21,29,65,186.0,354.0
01516350,08-05,13.0,15.0,20,30,72,137.0,287.0
01516350,08-06,12.0,14.0,19,29,71,183.0,313.0
01516350,08-07,12.0,13.0,20,29,71,223.0,313.0
01516350,08-08,12.0,13.0,20,28,73,189.0,413.0
01516350,08-09,12.0,13.0,20,27,67,339.0,800.0
01516350,08-10,11.0,14.0,18,27,57,191.0,355.0
01516350,08-11,12.0,15.0,18,27,71,199.0,256.0
01516350,08-12,12.0,15.0,18,29,79,173.0,241.0
01516350,08-13,12.0,13.0,17,27,81,199.0,388.0
01516350,08-14,12.0,15.0,18,28,71,178.0,842.0
01516350,08-15,11.0,15.0,18,26,62,203.0,481.0
01516350,08-16,11.0,15.0,17,24,65,172.0,294.0
01516350,08-17,10.0,15.0,18,27,61,158.0,387.0
01516350,08-18,10.0,14.0,19,26,55,176.0,481.0
01516350,08-19,11.0,14.0,17,24,59,208.0,371.0
01516350,08-20,13.0,14.0,17,23,62,170.0,291.0
01516350,08-21,12.0,13.0,16,24,65,140.0,650.0
01516350,08-22,12.0,13.0,17,24,68,114.0,341.0
01516350,08-23,12.0,14.0,17,23,71,135.0,243.0
01516350,08-24,11.0,14.0,16,23,60,177.0,204.0
01516350,08-25,12.0,13.0,18,26,60,102.0,165.0
01516350,08-26,12.0,13.0,16,25,57,93.0,145.0
01516350,08-27,11.0,13.0,17,22,53,84.0,194.0
01516350,08-28,12.0,13.0,17,25,57,80.0,213.0
01516350,08-29,12.0,14.0,17,26,60,147.0,277.0
01516350,08-30,12.0,13.0,17,28,56,114.0,266.0
01516350,08-31,10.0,14.0,16,30,60,139.0,223.0
01516350,09-01,12.0,13.0,16,28,59,122.0,219.0
01516350,09-02,11.0,13.0,15,26,54,193.0,428.0
01516350,09-03,10.0,12.0,16,28,49,124.0,271.0
01516350,09-04,11.0,12.0,15,28,45,99.0,291.0
01516350,09-05,10.0,12.0,15,28,54,100.0,212.0
01516350,09-06,10.0,12.0,16,28,54,154.0,438.0
01516350,09-07,11.0,12.0,16,30,56,212.0,328.0
01516350,09-08,11.0,11.0,16,32,58,114.0,199.0
01516350,09-09,11.0,11.0,17,30,53,108.0,611.0
01516350,09-10,10.0,11.0,16,29,46,143.0,781.0
01516350,09-11,10.0,11.0,16,27,51,131.0,555.0
01516350,09-12,11.0,12.0,15,26,59,124.0,365.0
01516350,09-13,11.0,11.0,16,28,57,123.0,394.0
01516350,09-14,11.0,12.0,16,30,70,139.0,268.0
01516350,09-15,11.0,12.0,16,31,63,149.0,234.0
01516350,09-16,11.0,11.0,16,34,57,176.0,248.0
01516350,09-17,11.0,11.0,16,31,62,167.0,753.0
01516350,09-18,10.0,12.0,15,32,70,135.0,2100.0
01516350,09-19,10.0,12.0,16,31,76,175.0,972.0
01516350,09-20,9.7,11.0,16,31,66,224.0,546.0
01516350,09-21,9.9,12.0,16,30,59,149.0,378.0
01516350,09-22,11.0,12.0,17,33,65,139.0,264.0
01516350,09-23,11.0,12.0,17,31,85,190.0,788.0
01516350,09-24,11.0,12.0,17,30,79,330.0,461.0
01516350,09-25,11.0,12.0,15,28,69,342.0,693.0
01516350,09-26,11.0,13.0,17,31,74,344.0,534.0
01516350,09-27,12.0,13.0,18,36,100,302.0,600.0
01516350,09-28,12.0,13.0,19,38,127,325.0,853.0
01516350,09-29,12.0,13.0,18,37,120,253.0,581.0
01516350,09-30,11.0,12.0,19,40,131,348.0,593.0
01516350,10-01,11.0,12.0,21,40,110,291.0,622.0
01516350,10-02,11.0,12.0,19,42,93,249.0,720.0
01516350,10-03,11.0,12.0,18,41,93,216.0,613.0
01516350,10-04,13.0,14.0,17,38,113,237.0,478.0
01516350,10-05,13.0,13.0,19,40,108,278.0,604.0
01516350,10-06,12.0,14.0,18,43,96,262.0,570.0
01516350,10-07,12.0,13.0,20,43,122,334.0,478.0
01516350,10-08,12.0,13.0,26,42,111,276.0,393.0
01516350,10-09,12.0,13.0,25,42,106,223.0,290.0
01516350,10-10,12.0,12.0,23,42,110,196.0,231.0
01516350,10-11,12.0,12.0,23,39,105,201.0,427.0
01516350,10-12,12.0,14.0,21,39,101,193.0,576.0
01516350,10-13,13.0,14.0,20,37,85,185.0,392.0
01516350,10-14,12.0,14.0,22,48,100,308.0,643.0
01516350,10-15,12.0,13.0,22,49,120,297.0,506.0
01516350,10-16,12.0,14.0,21,55,140,331.0,494.0
01516350,10-17,11.0,14.0,20,52,142,337.0,552.0
01516350,10-18,12.0,14.0,24,55,115,233.0,586.0
01516350,10-19,12.0,15.0,23,58,126,269.0,853.0
01516350,10-20,12.0,14.0,27,52,137,980.0,1250.0
01516350,10-21,13.0,15.0,26,74,165,868.0,1570.0
01516350,10-22,12.0,16.0,30,67,167,524.0,859.0
01516350,10-23,12.0,16.0,27,64,220,420.0,596.0
01516350,10-24,12.0,16.0,27,75,198,354.0,527.0
01516350,10-25,15.0,21.0,30,74,169,383.0,690.0
01516350,10-26,15.0,20.0,32,69,181,336.0,844.0
01516350,10-27,15.0,19.0,31,69,236,695.0,835.0
01516350,10-28,15.0,20.0,32,70,284,527.0,735.0
01516350,10-29,15.0,20.0,36,97,287,503.0,1050.0
01516350,10-30,15.0,19.0,37,109,248,428.0,2480.0
01516350,10-31,15.0,18.0,34,95,248,482.0,900.0
01516350,11-01,15.0,18.0,35,94,208,418.0,695.0
01516350,11-02,16.0,17.0,34,91,214,478.0,622.0
01516350,11-03,15.0,17.0,32,111,209,376.0,505.0
01516350,11-04,15.0,18.0,33,102,186,326.0,425.0
01516350,11-05,15.0,18.0,38,101,198,296.0,423.0
01516350,11-06,16.0,18.0,39,116,208,346.0,564.0
01516350,11-07,16.0,18.0,41,107,179,291.0,496.0
01516350,11-08,16.0,20.0,42,98,168,325.0,1240.0
01516350,11-09,16.0,20.0,41,101,170,484.0,849.0
01516350,11-10,16.0,21.0,42,100,179,582.0,1290.0
01516350,11-11,20.0,25.0,54,107,189,463.0,887.0
01516350,11-12,21.0,24.0,55,113,298,603.0,959.0
01516350,11-13,21.0,23.0,49,106,252,514.0,630.0
01516350,11-14,21.0,26.0,47,102,231,419.0,461.0
01516350,11-15,21.0,28.0,51,99,237,358.0,403.0
01516350,11-16,19.0,28.0,56,128,261,372.0,628.0
01516350,11-17,18.0,27.0,61,122,276,530.0,779.0
01516350,11-18,18.0,27.0,58,126,248,436.0,545.0
01516350,11-19,20.0,26.0,56,125,228,382.0,463.0
01516350,11-20,19.0,22.0,58,124,227,318.0,423.0
01516350,11-21,20.0,24.0,55,135,240,335.0,582.0
01516350,11-22,21.0,24.0,60,150,236,296.0,340.0
01516350,11-23,21.0,30.0,63,127,225,331.0,707.0
01516350,11-24,23.0,40.0,60,138,200,309.0,460.0
01516350,11-25,28.0,39.0,74,132,187,397.0,515.0
01516350,11-26,31.0,40.0,88,136,235,530.0,1210.0
01516350,11-27,31.0,53.0,98,141,282,822.0,1450.0
01516350,11-28,31.0,53.0,94,141,322,710.0,958.0
01516350,11-29,35.0,48.0,93,160,412,667.0,1340.0
01516350,11-30,38.0,51.0,83,159,353,536.0,642.0
01516350,12-01,43.0,60.0,83,169,387,600.0,1010.0
01516350,12-02,40.0,58.0,88,170,332,613.0,1240.0
01516350,12-03,40.0,55.0,85,200,307,535.0,1120.0
01516350,12-04,38.0,51.0,98,196,285,531.0,834.0
01516350,12-05,36.0,52.0,94,178,254,545.0,677.0
01516350,12-06,36.0,49.0,88,166,280,463.0,507.0
01516350,12-07,32.0,47.0,90,155,261,394.0,486.0
01516350,12-08,27.0,46.0,100,150,216,339.0,375.0
01516350,12-09,26.0,43.0,99,141,223,305.0,362.0
01516350,12-10,30.0,49.0,102,131,234,398.0,578.0
01516350,12-11,35.0,53.0,98,165,259,469.0,827.0
01516350,12-12,34.0,47.0,103,160,285,497.0,632.0
01516350,12-13,38.0,44.0,100,149,241,508.0,1150.0
01516350,12-14,39.0,44.0,96,153,257,567.0,1360.0
01516350,12-15,39.0,46.0,101,165,270,623.0,934.0
01516350,12-16,38.0,54.0,93,167,294,493.0,597.0
01516350,12-17,35.0,57.0,94,176,265,436.0,518.0
01516350,12-18,32.0,57.0,92,179,314,519.0,840.0
01516350,12-19,34.0,62.0,101,179,273,508.0,556.0
01516350,12-20,33.0,58.0,99,160,247,399.0,546.0
01516350,12-21,40.0,62.0,102,157,239,473.0,935.0
01516350,12-22,46.0,60.0,95,143,249,416.0,951.0
01516350,12-23,45.0,59.0,100,144,329,783.0,1410.0
01516350,12-24,44.0,66.0,116,164,325,707.0,1340.0
01516350,12-25,41.0,87.0,110,180,338,715.0,931.0
01516350,12-26,44.0,71.0,99,201,307,455.0,669.0
01516350,12-27,43.0,64.0,99,184,276,491.0,600.0
01516350,12-28,43.0,65.0,90,174,273,460.0,620.0
01516350,12-29,48.0,66.0,110,169,344,419.0,505.0
01516350,12-30,42.0,65.0,102,173,337,515.0,717.0
01516350,12-31,43.0,68.0,93,161,293,392.0,1130.0
01518000,01-01,73.0,107.0,173,389,657,1320.0,2030.0
01518000,01-02,76.0,107.0,167,341,614,1480.0,1970.0
01518000,01-03,87.0,105.0,173,359,582,1110.0,1970.0
01518000,01-04,86.0,101.0,174,320,702,1520.0,1800.0
01518000,01-05,85.0,99.0,167,343,610,1510.0,2280.0
01518000,01-06,78.0,96.0,165,330,611,1180.0,1630.0
01518000,01-07,73.0,93.0,161,310,589,918.0,1100.0
01518000,01-08,68.0,93.0,147,282,576,867.0,1290.0
01518000,01-09,69.0,93.0,141,265,549,877.0,1380.0
01518000,01-10,69.0,97.0,142,270,512,1090.0,3150.0
01518000,01-11,69.0,98.0,146,259,548,961.0,3170.0
01518000,01-12,70.0,88.0,147,292,612,1220.0,2080.0
01518000,01-13,67.0,97.0,159,287,888,2170.0,2430.0
01518000,01-14,68.0,97.0,158,292,854,1520.0,2030.0
01518000,01-15,69.0,97.0,145,304,647,1070.0,2190.0
01518000,01-16,68.0,97.0,141,314,634,1110.0,1750.0
01518000,01-17,75.0,91.0,137,296,584,878.0,1620.0
01518000,01-18,71.0,101.0,136,326,508,817.0,1460.0
01518000,01-19,76.0,100.0,141,302,493,925.0,1680.0
01518000,01-20,66.0,90.0,142,265,469,846.0,2530.0
01518000,01-21,57.0,93.0,142,311,437,1130.0,2510.0
01518000,01-22,58.0,93.0,141,285,455,956.0,2800.0
01518000,01-23,59.0,93.0,134,237,453,1130.0,2760.0
01518000,01-24,70.0,93.0,131,248,670,1540.0,3210.0
01518000,01-25,80.0,98.0,134,319,583,1920.0,4700.0
01518000,01-26,80.0,98.0,148,275,637,3020.0,4560.0
01518000,01-27,73.0,98.0,145,278,618,2250.0,4710.0
01518000,01-28,71.0,101.0,146,278,494,1540.0,3960.0
01518000,01-29,67.0,98.0,149,256,499,1420.0,2410.0
01518000,01-30,69.0,102.0,140,225,622,1050.0,1490.0
01518000,01-31,91.0,103.0,134,220,495,816.0,1020.0
01518000,02-01,87.0,100.0,150,265,442,743.0,936.0
01518000,02-02,94.0,102.0,164,249,517,1210.0,1720.0
01518000,02-03,92.0,100.0,164,314,520,1100.0,1860.0
01518000,02-04,73.0,92.0,151,264,532,1140.0,1810.0
01518000,02-05,82.0,100.0,161,268,519,1080.0,2140.0
01518000,02-06,81.0,96.0,169,260,447,879.0,1890.0
01518000,02-07,85.0,97.0,151,245,407,1170.0,1890.0
01518000,02-08,85.0,95.0,142,233,407,1270.0,2490.0
01518000,02-09,76.0,93.0,141,224,390,1120.0,2140.0
01518000,02-10,72.0,92.0,142,241,405,1070.0,2170.0
01518000,02-11,87.0,91.0,155,241,569,1140.0,1690.0
01518000,02-12,87.0,98.0,144,224,627,1010.0,1860.0
01518000,02-13,84.0,90.0,141,235,577,917.0,1650.0
01518000,02-14,83.0,96.0,142,235,477,735.0,1270.0
01518000,02-15,72.0,87.0,145,225,449,638.0,1010.0
01518000,02-16,76.0,107.0,161,265,525,1270.0,2030.0
01518000,02-17,81.0,135.0,166,284,523,1240.0,2070.0
01518000,02-18,82.0,131.0,167,287,583,1440.0,2960.0
01518000,02-19,87.0,135.0,164,281,667,1970.0,3950.0
01518000,02-20,94.0,135.0,184,289,736,2390.0,3760.0
01518000,02-21,128.0,145.0,192,313,871,2350.0,3770.0
01518000,02-22,133.0,143.0,188,313,709,2070.0,3140.0
01518000,02-23,99.0,156.0,213,398,686,1240.0,2400.0
01518000,02-24,116.0,150.0,230,372,775,1770.0,2840.0
01518000,02-25,132.0,159.0,222,388,763,2210.0,2880.0
01518000,02-26,139.0,156.0,204,340,732,1310.0,3150.0
01518000,02-27,138.0,145.0,207,339,855,1680.0,1970.0
01518000,02-28,121.0,135.0,220,335,775,1520.0,1940.0
01518000,02-29,,138.0,249,394,986,2790.0,
01518000,03-01,104.0,145.0,260,360,705,1230.0,2540.0
01518000,03-02,101.0,151.0,255,361,828,1470.0,2690.0
01518000,03-03,103.0,142.0,232,356,939,1670.0,2230.0
01518000,03-04,101.0,148.0,232,400,838,2410.0,3400.0
01518000,03-05,99.0,142.0,241,400,898,3340.0,4080.0
01518000,03-06,103.0,138.0,241,394,748,2810.0,3600.0
01518000,03-07,110.0,127.0,222,429,958,2680.0,3090.0
01518000,03-08,126.0,128.0,235,604,1130,2610.0,4010.0
01518000,03-09,119.0,138.0,247,568,1030,2420.0,3900.0
01518000,03-10,127.0,141.0,269,502,902,2670.0,3170.0
01518000,03-11,133.0,159.0,326,531,953,1840.0,2430.0
01518000,03-12,143.0,168.0,364,624,1150,2100.0,3040.0
01518000,03-13,156.0,189.0,388,617,1040,2810.0,3830.0
01518000,03-14,146.0,238.0,457,697,1010,2990.0,3830.0
01518000,03-15,146.0,182.0,428,662,1100,2980.0,4140.0
01518000,03-16,176.0,239.0,425,591,1290,2460.0,3280.0
01518000,03-17,177.0,280.0,416,598,1410,2420.0,4130.0
01518000,03-18,160.0,288.0,399,567,1170,2090.0,4210.0
01518000,03-19,147.0,270.0,440,646,1010,2250.0,4250.0
01518000,03-20,152.0,265.0,408,645,1030,3140.0,3470.0
01518000,03-21,149.0,265.0,393,586,1180,2130.0,3330.0
01518000,03-22,189.0,247.0,369,609,1320,2800.0,3670.0
01518000,03-23,205.0,263.0,357,611,1240,3000.0,3870.0
01518000,03-24,257.0,290.0,356,670,1000,2030.0,4530.0
01518000,03-25,239.0,294.0,390,733,1150,2230.0,3370.0
01518000,03-26,228.0,288.0,502,831,1420,2280.0,3780.0
01518000,03-27,236.0,283.0,448,748,1280,2830.0,5130.0
01518000,03-28,217.0,266.0,449,684,1100,3160.0,4470.0
01518000,03-29,199.0,273.0,434,712,995,2350.0,3460.0
01518000,03-30,186.0,236.0,448,713,1220,2750.0,3210.0
01518000,03-31,190.0,270.0,416,756,1280,2350.0,3340.0
01518000,04-01,194.0,250.0,405,808,1280,3020.0,3260.0
01518000,04-02,192.0,218.0,442,725,1300,2530.0,3170.0
01518000,04-03,199.0,229.0,481,743,1320,2470.0,3020.0
01518000,04-04,228.0,289.0,492,775,1700,2740.0,3920.0
01518000,04-05,227.0,272.0,460,741,1550,3300.0,4660.0
01518000,04-06,227.0,328.0,436,645,1430,3320.0,4770.0
01518000,04-07,218.0,298.0,400,683,1370,4500.0,5110.0
01518000,04-08,227.0,315.0,412,671,1730,3920.0,5270.0
01518000,04-09,217.0,307.0,411,756,1150,3230.0,4990.0
01518000,04-10,202.0,315.0,416,652,1750,3160.0,3920.0
01518000,04-11,194.0,308.0,424,728,1460,2700.0,3720.0
01518000,04-12,199.0,276.0,442,720,1340,2250.0,2540.0
01518000,04-13,210.0,257.0,405,775,1110,1760.0,2380.0
01518000,04-14,234.0,266.0,394,650,928,1750.0,2810.0
01518000,04-15,188.0,281.0,436,674,1130,1910.0,2470.0
01518000,04-16,164.0,291.0,432,640,1140,1860.0,2620.0
01518000,04-17,190.0,225.0,383,658,1070,2210.0,4200.0
01518000,04-18,154.0,221.0,347,643,1040,2030.0,3430.0
01518000,04-19,152.0,223.0,336,599,909,2010.0,2390.0
01518000,04-20,152.0,231.0,307,580,925,2190.0,3570.0
01518000,04-21,127.0,224.0,334,545,1020,1580.0,2520.0
01518000,04-22,155.0,204.0,345,517,948,1650.0,2460.0
01518000,04-23,161.0,224.0,357,504,801,1920.0,2280.0
01518000,04-24,194.0,207.0,328,521,840,1450.0,2720.0
01518000,04-25,193.0,215.0,290,539,771,1380.0,2960.0
01518000,04-26,186.0,199.0,300,487,839,1510.0,3560.0
01518000,04-27,179.0,207.0,301,429,789,1510.0,2840.0
01518000,04-28,157.0,194.0,287,437,754,1120.0,3050.0
01518000,04-29,133.0,200.0,294,395,737,2230.0,2430.0
01518000,04-30,137.0,211.0,304,444,825,1710.0,2780.0
01518000,05-01,166.0,197.0,281,415,721,2030.0,3350.0
01518000,05-02,163.0,205.0,292,404,794,1710.0,3310.0
01518000,05-03,174.0,191.0,263,387,781,1540.0,2640.0
01518000,05-04,169.0,190.0,237,391,677,1400.0,2510.0
01518000,05-05,157.0,180.0,209,417,820,1310.0,2180.0
01518000,05-06,137.0,173.0,234,348,698,1310.0,2630.0
01518000,05-07,135.0,163.0,238,345,673,1620.0,3020.0
01518000,05-08,129.0,154.0,205,325,635,1300.0,2600.0
01518000,05-09,122.0,154.0,208,323,619,1580.0,2460.0
01518000,05-10,122.0,140.0,190,317,679,2090.0,2930.0
01518000,05-11,111.0,130.0,224,340,589,2380.0,3320.0
01518000,05-12,96.0,142.0,231,352,785,1310.0,3980.0
01518000,05-13,103.0,127.0,211,286,667,2520.0,3840.0
01518000,05-14,104.0,122.0,216,287,680,2390.0,3650.0
01518000,05-15,107.0,117.0,199,346,670,1280.0,1960.0
01518000,05-16,84.0,107.0,184,379,738,1600.0,2540.0
01518000,05-17,86.0,106.0,171,378,720,1250.0,3170.0
01518000,05-18,93.0,127.0,160,337,663,1270.0,2690.0
01518000,05-19,97.0,121.0,193,323,633,1590.0,2160.0
01518000,05-20,109.0,121.0,196,310,547,1160.0,2430.0
01518000,05-21,106.0,119.0,160,313,591,1270.0,2260.0
01518000,05-22,101.0,113.0,140,286,635,1220.0,2480.0
01518000,05-23,83.0,100.0,136,241,577,1530.0,2290.0
01518000,05-24,81.0,90.0,129,227,587,1320.0,1540.0
01518000,05-25,76.0,88.0,128,227,521,896.0,1640.0
01518000,05-26,77.0,86.0,133,240,460,876.0,1110.0
01518000,05-27,74.0,84.0,139,240,453,617.0,824.0
01518000,05-28,69.0,87.0,138,224,463,590.0,1520.0
01518000,05-29,59.0,83.0,138,242,472,896.0,1540.0
01518000,05-30,57.0,75.0,113,254,450,1150.0,2140.0
01518000,05-31,56.0,75.0,119,258,372,688.0,1420.0
01518000,06-01,60.0,75.0,121,245,387,1110.0,1630.0
01518000,06-02,61.0,75.0,123,226,384,797.0,1020.0
01518000,06-03,56.0,66.0,130,202,361,785.0,1080.0
01518000,06-04,51.0,66.0,122,204,378,987.0,1440.0
01518000,06-05,46.0,75.0,123,199,404,788.0,1440.0
01518000,06-06,45.0,75.0,134,176,387,1020.0,2910.0
01518000,06-07,42.0,66.0,115,171,347,913.0,3800.0
01518000,06-08,40.0,66.0,108,168,326,752.0,2620.0
01518000,06-09,41.0,48.0,112,169,271,653.0,1150.0
01518000,06-10,41.0,53.0,109,159,262,545.0,1490.0
01518000,06-11,43.0,63.0,102,153,247,451.0,773.0
01518000,06-12,43.0,60.0,99,166,243,488.0,592.0
01518000,06-13,43.0,59.0,96,145,259,611.0,830.0
01518000,06-14,46.0,59.0,95,137,296,611.0,974.0
01518000,06-15,43.0,59.0,89,124,283,525.0,3250.0
01518000,06-16,45.0,55.0,76,127,275,578.0,1840.0
01518000,06-17,44.0,50.0,78,119,232,834.0,1060.0
01518000,06-18,41.0,54.0,74,112,235,662.0,1550.0
01518000,06-19,42.0,54.0,72,131,356,659.0,990.0
01518000,06-20,42.0,54.0,67,150,287,697.0,1350.0
01518000,06-21,43.0,55.0,72,129,246,991.0,2260.0
01518000,06-22,46.0,55.0,74,143,234,812.0,1830.0
01518000,06-23,44.0,55.0,77,150,268,714.0,1620.0
01518000,06-24,40.0,52.0,70,142,200,730.0,1140.0
01518000,06-25,36.0,50.0,66,107,177,536.0,924.0
01518000,06-26,34.0,46.0,66,106,194,882.0,1180.0
01518000,06-27,33.0,43.0,63,91,266,546.0,836.0
01518000,06-28,33.0,40.0,56,102,237,579.0,2710.0
01518000,06-29,36.0,46.0,58,99,200,574.0,1310.0
01518000,06-30,39.0,48.0,58,89,179,758.0,1160.0
01518000,07-01,38.0,45.0,59,104,218,701.0,1640.0
01518000,07-02,34.0,46.0,65,100,228,596.0,1140.0
01518000,07-03,34.0,46.0,57,106,237,385.0,784.0
01518000,07-04,34.0,42.0,57,113,213,428.0,483.0
01518000,07-05,34.0,42.0,54,101,163,381.0,731.0
01518000,07-06,34.0,40.0,50,83,175,322.0,717.0
01518000,07-07,34.0,36.0,49,76,149,341.0,1360.0
01518000,07-08,34.0,36.0,50,81,186,462.0,644.0
01518000,07-09,34.0,37.0,52,72,160,616.0,868.0
01518000,07-10,34.0,37.0,47,76,152,375.0,973.0
01518000,07-11,32.0,35.0,47,81,163,401.0,523.0
01518000,07-12,32.0,35.0,45,70,153,438.0,1340.0
01518000,07-13,33.0,37.0,46,69,121,885.0,1470.0
01518000,07-14,33.0,37.0,43,70,127,489.0,1360.0
01518000,07-15,33.0,37.0,46,76,153,453.0,1070.0
01518000,07-16,33.0,37.0,42,72,107,492.0,1130.0
01518000,07-17,33.0,36.0,42,71,108,351.0,739.0
01518000,07-18,32.0,36.0,42,70,107,357.0,644.0
01518000,07-19,33.0,36.0,42,62,107,246.0,753.0
01518000,07-20,32.0,36.0,41,58,102,194.0,442.0
01518000,07-21,32.0,36.0,41,60,133,197.0,539.0
01518000,07-22,32.0,34.0,43,64,147,486.0,735.0
01518000,07-23,32.0,33.0,43,69,156,581.0,1020.0
01518000,07-24,32.0,33.0,41,64,162,581.0,1900.0
01518000,07-25,32.0,33.0,42,59,126,396.0,894.0
01518000,07-26,32.0,33.0,40,61,114,343.0,824.0
01518000,07-27,31.0,32.0,39,59,103,271.0,2450.0
01518000,07-28,31.0,32.0,41,65,92,418.0,2420.0
01518000,07-29,31.0,32.0,44,70,105,260.0,2130.0
01518000,07-30,31.0,32.0,44,69,118,295.0,1280.0
01518000,07-31,30.0,32.0,41,62,126,499.0,1670.0
01518000,08-01,30.0,32.0,40,61,131,481.0,1580.0
01518000,08-02,30.0,32.0,41,60,115,447.0,742.0
01518000,08-03,30.0,31.0,40,58,157,401.0,549.0
01518000,08-04,30.0,31.0,37,58,172,492.0,530.0
01518000,08-05,30.0,31.0,40,55,143,385.0,547.0
01518000,08-06,30.0,32.0,36,50,124,308.0,755.0
01518000,08-07,30.0,31.0,35,48,124,266.0,615.0
01518000,08-08,30.0,31.0,35,48,145,251.0,596.0
01518000,08-09,30.0,31.0,35,48,123,438.0,1390.0
01518000,08-10,30.0,31.0,34,47,97,440.0,2200.0
01518000,08-11,30.0,30.0,33,47,124,447.0,942.0
01518000,08-12,30.0,31.0,36,51,154,352.0,1070.0
01518000,08-13,30.0,31.0,35,54,123,732.0,1290.0
01518000,08-14,30.0,32.0,36,52,107,623.0,1730.0
01518000,08-15,30.0,32.0,37,48,117,483.0,1720.0
01518000,08-16,31.0,32.0,34,49,119,323.0,727.0
01518000,08-17,30.0,31.0,36,51,117,301.0,714.0
01518000,08-18,28.0,31.0,34,50,117,429.0,826.0
01518000,08-19,29.0,32.0,35,48,133,413.0,876.0
01518000,08-20,29.0,32.0,35,48,123,372.0,881.0
01518000,08-21,29.0,32.0,34,50,98,488.0,2420.0
01518000,08-22,28.0,32.0,37,51,117,267.0,1520.0
01518000,08-23,28.0,30.0,34,50,127,323.0,689.0
01518000,08-24,27.0,30.0,34,50,125,374.0,509.0
01518000,08-25,27.0,31.0,36,50,115,235.0,479.0
01518000,08-26,26.0,32.0,36,50,94,188.0,301.0
01518000,08-27,26.0,30.0,36,49,86,152.0,345.0
01518000,08-28,26.0,30.0,34,48,121,247.0,509.0
01518000,08-29,27.0,30.0,35,48,116,393.0,1250.0
01518000,08-30,27.0,31.0,37,53,118,516.0,911.0
01518000,08-31,26.0,31.0,35,53,115,319.0,798.0
01518000,09-01,26.0,29.0,36,52,127,334.0,685.0
01518000,09-02,26.0,29.0,36,52,114,276.0,1040.0
01518000,09-03,26.0,29.0,36,48,81,244.0,750.0
01518000,09-04,27.0,29.0,36,47,69,228.0,780.0
01518000,09-05,27.0,29.0,36,47,77,210.0,662.0
01518000,09-06,27.0,29.0,36,49,94,371.0,627.0
01518000,09-07,27.0,29.0,37,50,106,402.0,557.0
01518000,09-08,28.0,29.0,37,48,77,219.0,422.0
01518000,09-09,28.0,30.0,36,51,110,243.0,471.0
01518000,09-10,28.0,32.0,36,51,94,298.0,1680.0
01518000,09-11,28.0,32.0,35,50,94,554.0,3480.0
01518000,09-12,28.0,30.0,36,54,135,496.0,4120.0
01518000,09-13,27.0,30.0,36,56,147,534.0,2300.0
01518000,09-14,27.0,30.0,36,55,143,765.0,1270.0
01518000,09-15,27.0,30.0,36,53,123,456.0,691.0
01518000,09-16,28.0,30.0,37,53,113,395.0,517.0
01518000,09-17,29.0,30.0,37,53,97,597.0,1010.0
01518000,09-18,28.0,30.0,37,54,101,320.0,1210.0
01518000,09-19,28.0,30.0,37,52,140,323.0,1880.0
01518000,09-20,28.0,30.0,37,52,117,231.0,2140.0
01518000,09-21,27.0,29.0,37,53,123,311.0,1860.0
01518000,09-22,27.0,28.0,37,53,162,283.0,1480.0
01518000,09-23,26.0,28.0,36,55,153,525.0,2310.0
01518000,09-24,26.0,28.0,37,54,177,465.0,2220.0
01518000,09-25,26.0,29.0,36,51,159,706.0,2650.0
01518000,09-26,26.0,28.0,36,49,176,1170.0,1430.0
01518000,09-27,27.0,27.0,36,56,177,618.0,1120.0
01518000,09-28,27.0,28.0,36,58,230,532.0,1790.0
01518000,09-29,27.0,27.0,37,69,188,571.0,1290.0
01518000,09-30,27.0,33.0,38,78,189,455.0,706.0
01518000,10-01,28.0,34.0,38,76,180,442.0,1130.0
01518000,10-02,27.0,32.0,36,76,160,489.0,1650.0
01518000,10-03,27.0,33.0,36,69,154,474.0,1770.0
01518000,10-04,27.0,33.0,37,62,177,368.0,1230.0
01518000,10-05,27.0,32.0,38,65,161,353.0,1120.0
01518000,10-06,29.0,34.0,38,86,161,775.0,1250.0
01518000,10-07,29.0,32.0,40,86,143,602.0,1450.0
01518000,10-08,26.0,34.0,40,85,147,559.0,1120.0
01518000,10-09,27.0,34.0,40,83,155,457.0,499.0
01518000,10-10,28.0,34.0,40,75,150,377.0,428.0
01518000,10-11,32.0,34.0,40,62,137,301.0,860.0
01518000,10-12,33.0,35.0,41,69,143,421.0,1030.0
01518000,10-13,32.0,34.0,41,75,140,408.0,749.0
01518000,10-14,30.0,34.0,42,74,150,410.0,1090.0
01518000,10-15,30.0,35.0,44,76,240,518.0,793.0
01518000,10-16,28.0,34.0,43,81,255,624.0,791.0
01518000,10-17,26.0,35.0,42,81,231,566.0,1220.0
01518000,10-18,26.0,35.0,43,74,188,462.0,1290.0
01518000,10-19,26.0,35.0,43,74,195,447.0,2600.0
01518000,10-20,26.0,36.0,43,77,194,974.0,2550.0
01518000,10-21,24.0,34.0,44,81,215,1700.0,3220.0
01518000,10-22,24.0,37.0,45,81,240,1260.0,2690.0
01518000,10-23,26.0,35.0,45,89,292,920.0,1450.0
01518000,10-24,26.0,39.0,45,110,246,701.0,1220.0
01518000,10-25,30.0,37.0,46,106,267,683.0,1510.0
01518000,10-26,30.0,37.0,46,115,279,546.0,2520.0
01518000,10-27,30.0,37.0,47,102,455,1340.0,2590.0
01518000,10-28,30.0,38.0,47,129,539,1300.0,2200.0
01518000,10-29,30.0,39.0,47,142,450,1250.0,1810.0
01518000,10-30,31.0,37.0,47,134,503,945.0,2390.0
01518000,10-31,30.0,36.0,46,134,396,821.0,2640.0
01518000,11-01,30.0,34.0,46,135,387,1070.0,2680.0
01518000,11-02,30.0,33.0,49,169,396,902.0,1720.0
01518000,11-03,29.0,32.0,46,155,404,1180.0,1370.0
01518000,11-04,29.0,32.0,48,147,408,722.0,1310.0
01518000,11-05,29.0,33.0,47,145,348,560.0,910.0
01518000,11-06,29.0,32.0,50,131,302,686.0,1080.0
01518000,11-07,29.0,32.0,50,128,347,578.0,1170.0
01518000,11-08,29.0,32.0,50,130,380,674.0,1160.0
01518000,11-09,29.0,32.0,49,131,373,650.0,1770.0
01518000,11-10,29.0,32.0,48,131,358,1150.0,2170.0
01518000,11-11,31.0,39.0,55,131,362,966.0,3680.0
01518000,11-12,31.0,39.0,67,153,517,1890.0,2550.0
01518000,11-13,31.0,40.0,66,180,436,1260.0,2340.0
01518000,11-14,31.0,39.0,65,171,407,998.0,1130.0
01518000,11-15,32.0,39.0,64,170,417,843.0,1190.0
01518000,11-16,32.0,39.0,67,190,392,873.0,1520.0
01518000,11-17,34.0,36.0,81,194,507,965.0,1640.0
01518000,11-18,35.0,40.0,80,216,522,962.0,1210.0
01518000,11-19,42.0,45.0,80,214,488,719.0,999.0
01518000,11-20,42.0,46.0,85,198,446,664.0,982.0
01518000,11-21,42.0,46.0,85,222,431,666.0,871.0
01518000,11-22,41.0,44.0,85,223,438,659.0,898.0
01518000,11-23,35.0,44.0,82,224,420,675.0,1520.0
01518000,11-24,42.0,45.0,86,222,387,659.0,1200.0
01518000,11-25,41.0,45.0,89,220,392,797.0,1290.0
01518000,11-26,39.0,53.0,114,224,483,1000.0,2020.0
01518000,11-27,39.0,50.0,158,259,531,995.0,3370.0
01518000,11-28,38.0,47.0,145,288,595,2080.0,2910.0
01518000,11-29,38.0,45.0,165,267,719,1650.0,1860.0
01518000,11-30,38.0,45.0,143,224,682,1190.0,2150.0
01518000,12-01,37.0,45.0,127,268,779,1470.0,2320.0
01518000,12-02,36.0,45.0,136,300,708,1490.0,3940.0
01518000,12-03,40.0,59.0,144,350,644,1370.0,3420.0
01518000,12-04,40.0,63.0,137,350,660,1700.0,3060.0
01518000,12-05,40.0,63.0,149,296,616,974.0,1580.0
01518000,12-06,40.0,63.0,164,306,503,827.0,949.0
01518000,12-07,40.0,60.0,166,304,518,675.0,965.0
01518000,12-08,40.0,60.0,166,293,452,730.0,853.0
01518000,12-09,40.0,80.0,161,290,464,675.0,750.0
01518000,12-10,40.0,60.0,158,264,520,892.0,1370.0
01518000,12-11,40.0,60.0,152,259,482,1010.0,2230.0
01518000,12-12,40.0,60.0,159,268,622,1050.0,1400.0
01518000,12-13,40.0,60.0,166,287,506,1220.0,2270.0
01518000,12-14,40.0,62.0,169,299,462,1040.0,2360.0
01518000,12-15,47.0,63.0,179,307,566,1690.0,3460.0
01518000,12-16,48.0,70.0,166,322,547,1030.0,1950.0
01518000,12-17,48.0,74.0,177,385,556,951.0,1400.0
01518000,12-18,48.0,74.0,191,363,652,1690.0,2320.0
01518000,12-19,46.0,79.0,197,314,543,1290.0,1830.0
01518000,12-20,46.0,95.0,181,308,588,1090.0,1650.0
01518000,12-21,46.0,95.0,168,303,588,1390.0,1650.0
01518000,12-22,48.0,108.0,189,281,521,1180.0,1940.0
01518000,12-23,48.0,112.0,200,311,675,1650.0,2610.0
01518000,12-24,38.0,106.0,229,324,661,2150.0,3220.0
01518000,12-25,35.0,102.0,217,351,640,1970.0,2880.0
01518000,12-26,34.0,101.0,197,366,697,1470.0,2750.0
01518000,12-27,34.0,108.0,178,368,723,1350.0,2000.0
01518000,12-28,47.0,100.0,166,367,647,1050.0,1820.0
01518000,12-29,62.0,99.0,171,362,685,983.0,1980.0
01518000,12-30,67.0,103.0,178,421,849,1380.0,1850.0
01518000,12-31,68.0,106.0,176,412,725,1150.0,2800.0
01518700,01-01,70.0,128.0,190,430,760,1480.0,2210.0
01518700,01-02,74.0,129.0,187,362,694,1470.0,2010.0
01518700,01-03,90.0,132.0,190,391,632,1250.0,1620.0
01518700,01-04,100.0,120.0,190,355,787,1790.0,2150.0
01518700,01-05,96.0,120.0,180,364,712,1750.0,2910.0
01518700,01-06,87.0,115.0,177,370,730,1420.0,2130.0
01518700,01-07,83.0,108.0,172,318,641,1130.0,1380.0
01518700,01-08,75.0,108.0,160,322,550,931.0,1530.0
01518700,01-09,76.0,109.0,155,305,567,950.0,1600.0
01518700,01-10,80.0,107.0,160,292,555,1210.0,3490.0
01518700,01-11,82.0,110.0,160,300,640,1010.0,3760.0
01518700,01-12,82.0,115.0,167,333,678,1280.0,2410.0
01518700,01-13,82.0,114.0,174,315,1100,2460.0,2730.0
01518700,01-14,83.0,111.0,175,293,1040,1740.0,2800.0
01518700,01-15,84.0,111.0,160,360,737,1370.0,2640.0
01518700,01-16,83.0,109.0,160,340,794,1280.0,2070.0
01518700,01-17,98.0,112.0,152,300,737,1110.0,1990.0
01518700,01-18,98.0,118.0,150,362,605,962.0,1940.0
01518700,01-19,98.0,120.0,155,336,633,1010.0,3380.0
01518700,01-20,98.0,118.0,162,312,581,1070.0,2470.0
01518700,01-21,98.0,110.0,161,332,505,1480.0,2800.0
01518700,01-22,98.0,112.0,160,316,540,1240.0,3460.0
01518700,01-23,101.0,107.0,150,280,520,1500.0,2880.0
01518700,01-24,99.0,112.0,150,280,690,1720.0,3980.0
01518700,01-25,100.0,112.0,180,326,637,1900.0,4330.0
01518700,01-26,99.0,113.0,167,304,656,2290.0,4140.0
01518700,01-27,92.0,113.0,166,285,620,2100.0,4330.0
01518700,01-28,85.0,104.0,160,280,564,1450.0,4370.0
01518700,01-29,82.0,110.0,160,302,489,1270.0,2760.0
01518700,01-30,94.0,116.0,159,245,564,1030.0,1720.0
01518700,01-31,103.0,124.0,166,250,484,866.0,1110.0
01518700,02-01,106.0,122.0,161,279,466,893.0,1210.0
01518700,02-02,110.0,121.0,181,275,553,1280.0,1860.0
01518700,02-03,105.0,120.0,180,350,722,1260.0,2230.0
01518700,02-04,99.0,116.0,156,301,616,1430.0,1990.0
01518700,02-05,101.0,118.0,179,290,585,1410.0,2290.0
01518700,02-06,98.0,113.0,180,291,524,1150.0,2210.0
01518700,02-07,96.0,118.0,168,252,463,1410.0,2100.0
01518700,02-08,98.0,117.0,150,265,473,1460.0,2960.0
01518700,02-09,94.0,110.0,160,261,442,1310.0,2610.0
01518700,02-10,88.0,110.0,160,273,430,1410.0,2600.0
01518700,02-11,107.0,110.0,171,276,671,1270.0,1940.0
01518700,02-12,94.0,109.0,162,268,686,1240.0,2230.0
01518700,02-13,94.0,109.0,164,250,636,1080.0,2130.0
01518700,02-14,87.0,109.0,170,270,576,851.0,1590.0
01518700,02-15,89.0,112.0,177,263,528,865.0,1240.0
01518700,02-16,92.0,139.0,190,317,574,1620.0,2290.0
01518700,02-17,98.0,148.0,190,329,596,1640.0,2610.0
01518700,02-18,97.0,140.0,197,341,718,1740.0,4110.0
01518700,02-19,99.0,148.0,184,322,713,2250.0,5040.0
01518700,02-20,108.0,153.0,217,363,947,3240.0,4450.0
01518700,02-21,144.0,169.0,222,358,1030,2830.0,4130.0
01518700,02-22,145.0,154.0,234,375,866,2430.0,3910.0
01518700,02-23,118.0,161.0,234,489,784,1610.0,3190.0
01518700,02-24,133.0,159.0,240,485,975,2300.0,3540.0
01518700,02-25,152.0,169.0,267,429,934,2800.0,3770.0
01518700,02-26,157.0,168.0,241,403,850,1870.0,3730.0
01518700,02-27,150.0,164.0,248,363,969,1740.0,2470.0
01518700,02-28,128.0,153.0,252,392,930,1870.0,2320.0
01518700,02-29,,155.0,277,470,1170,3330.0,
01518700,03-01,110.0,153.0,292,417,811,1540.0,3110.0
01518700,03-02,102.0,154.0,290,428,973,1590.0,3370.0
01518700,03-03,106.0,152.0,263,390,1050,1950.0,2850.0
01518700,03-04,110.0,158.0,260,465,932,2460.0,4080.0
01518700,03-05,104.0,158.0,268,455,982,2190.0,4650.0
01518700,03-06,110.0,156.0,269,421,880,3630.0,4370.0
01518700,03-07,123.0,153.0,265,489,1030,2770.0,3560.0
01518700,03-08,136.0,191.0,271,623,1180,2860.0,4230.0
01518700,03-09,140.0,164.0,271,662,1220,2810.0,4110.0
01518700,03-10,153.0,166.0,359,561,1070,2270.0,3420.0
01518700,03-11,151.0,196.0,365,635,1160,1910.0,2210.0
01518700,03-12,151.0,232.0,421,671,1260,2470.0,3020.0
01518700,03-13,178.0,229.0,468,709,1230,3070.0,3620.0
01518700,03-14,176.0,266.0,514,749,1190,3020.0,3690.0
01518700,03-15,174.0,260.0,484,769,1400,2190.0,4020.0
01518700,03-16,184.0,266.0,447,663,1390,2120.0,2890.0
01518700,03-17,193.0,300.0,440,647,1350,2750.0,4630.0
01518700,03-18,170.0,319.0,443,639,1360,2850.0,5060.0
01518700,03-19,160.0,301.0,486,704,1130,2740.0,5010.0
01518700,03-20,154.0,309.0,442,686,1060,3800.0,4380.0
01518700,03-21,186.0,280.0,420,654,1210,2460.0,2620.0
01518700,03-22,202.0,294.0,400,664,1570,2990.0,3730.0
01518700,03-23,221.0,310.0,402,691,1360,3050.0,4230.0
01518700,03-24,287.0,334.0,380,758,1090,2080.0,5020.0
01518700,03-25,278.0,331.0,411,815,1310,2090.0,4000.0
01518700,03-26,269.0,311.0,562,884,1440,2390.0,4650.0
01518700,03-27,273.0,303.0,535,851,1490,2930.0,5210.0
01518700,03-28,258.0,300.0,517,752,1330,3590.0,5240.0
01518700,03-29,240.0,296.0,469,780,1160,2520.0,3890.0
01518700,03-30,250.0,276.0,497,844,1400,2830.0,3810.0
01518700,03-31,260.0,306.0,497,925,1470,2360.0,3960.0
01518700,04-01,255.0,292.0,489,1010,1440,3210.0,3830.0
01518700,04-02,242.0,264.0,620,902,1490,3180.0,3600.0
01518700,04-03,238.0,278.0,591,923,1530,2830.0,3530.0
01518700,04-04,258.0,310.0,539,984,1980,3750.0,4790.0
01518700,04-05,256.0,290.0,507,867,1860,4210.0,5870.0
01518700,04-06,250.0,346.0,466,792,1590,4110.0,5810.0
01518700,04-07,255.0,310.0,435,810,1610,5000.0,6250.0
01518700,04-08,257.0,348.0,442,821,1990,5020.0,6270.0
01518700,04-09,244.0,342.0,463,822,1430,4680.0,5970.0
01518700,04-10,232.0,343.0,460,730,2120,4110.0,5030.0
01518700,04-11,222.0,334.0,457,741,1760,3240.0,4850.0
01518700,04-12,229.0,312.0,463,856,1530,2750.0,3100.0
01518700,04-13,261.0,293.0,471,821,1360,2070.0,2730.0
01518700,04-14,248.0,313.0,443,725,1120,2160.0,3860.0
01518700,04-15,233.0,300.0,482,703,1440,2300.0,2990.0
01518700,04-16,188.0,302.0,481,733,1550,2490.0,2940.0
01518700,04-17,202.0,279.0,412,748,1290,2790.0,4920.0
01518700,04-18,204.0,236.0,362,718,1230,2460.0,3910.0
01518700,04-19,203.0,231.0,348,690,1130,2370.0,2710.0
01518700,04-20,176.0,253.0,345,680,1180,2550.0,4450.0
01518700,04-21,162.0,228.0,376,628,1210,2220.0,3290.0
01518700,04-22,178.0,220.0,389,574,1230,1970.0,3170.0
01518700,04-23,178.0,244.0,387,585,945,2080.0,2790.0
01518700,04-24,209.0,240.0,358,606,985,1800.0,3010.0
01518700,04-25,223.0,248.0,311,541,907,1720.0,3670.0
01518700,04-26,199.0,244.0,329,580,976,1780.0,4390.0
01518700,04-27,220.0,229.0,337,488,905,1830.0,3510.0
01518700,04-28,194.0,221.0,318,510,858,1520.0,3820.0
01518700,04-29,165.0,238.0,321,558,864,2570.0,2940.0
01518700,04-30,165.0,240.0,319,520,877,2370.0,3360.0
01518700,05-01,203.0,223.0,317,461,908,2440.0,4220.0
01518700,05-02,203.0,225.0,316,451,912,2090.0,3920.0
01518700,05-03,214.0,225.0,313,449,913,1740.0,3130.0
01518700,05-04,200.0,220.0,265,471,815,1800.0,2700.0
01518700,05-05,182.0,208.0,238,438,925,1560.0,2450.0
01518700,05-06,169.0,194.0,267,426,796,1620.0,3360.0
01518700,05-07,158.0,178.0,299,370,756,2070.0,3680.0
01518700,05-08,146.0,182.0,232,365,722,1440.0,3220.0
01518700,05-09,140.0,175.0,237,363,732,1760.0,2890.0
01518700,05-10,139.0,165.0,228,349,816,2420.0,3730.0
01518700,05-11,131.0,155.0,228,363,719,3040.0,4470.0
01518700,05-12,114.0,166.0,245,354,868,1620.0,5040.0
01518700,05-13,111.0,151.0,240,317,794,3260.0,4490.0
01518700,05-14,120.0,139.0,239,318,674,1980.0,3610.0
01518700,05-15,126.0,136.0,227,415,723,1350.0,1860.0
01518700,05-16,103.0,139.0,197,395,832,1460.0,2520.0
01518700,05-17,99.0,140.0,192,416,787,1190.0,2650.0
01518700,05-18,98.0,141.0,185,373,790,1190.0,2770.0
01518700,05-19,112.0,138.0,219,360,708,1900.0,2540.0
01518700,05-20,120.0,147.0,214,361,606,1330.0,3050.0
01518700,05-21,118.0,141.0,198,351,672,1560.0,2700.0
01518700,05-22,118.0,131.0,174,316,725,1740.0,2650.0
01518700,05-23,110.0,118.0,154,277,628,1700.0,2650.0
01518700,05-24,94.0,106.0,139,251,687,1690.0,1860.0
01518700,05-25,95.0,104.0,137,258,567,1000.0,1740.0
01518700,05-26,91.0,101.0,152,275,497,968.0,1290.0
01518700,05-27,88.0,96.0,152,278,477,713.0,906.0
01518700,05-28,86.0,99.0,154,240,498,673.0,2040.0
01518700,05-29,73.0,93.0,158,239,522,1160.0,1620.0
01518700,05-30,71.0,84.0,131,270,569,1240.0,2550.0
01518700,05-31,67.0,84.0,136,251,460,728.0,1570.0
01518700,06-01,67.0,84.0,143,274,473,1430.0,2270.0
01518700,06-02,64.0,84.0,144,254,447,1050.0,1210.0
01518700,06-03,67.0,80.0,156,226,389,945.0,1220.0
01518700,06-04,62.0,79.0,133,224,425,1030.0,1590.0
01518700,06-05,56.0,85.0,131,219,439,996.0,1370.0
01518700,06-06,55.0,70.0,153,203,463,1060.0,4050.0
01518700,06-07,51.0,75.0,140,213,396,1010.0,4680.0
01518700,06-08,47.0,79.0,128,199,334,902.0,3330.0
01518700,06-09,46.0,58.0,137,186,274,729.0,1320.0
01518700,06-10,50.0,58.0,137,170,299,599.0,2010.0
01518700,06-11,54.0,67.0,124,172,275,490.0,955.0
01518700,06-12,55.0,67.0,121,176,281,567.0,839.0
01518700,06-13,55.0,59.0,110,169,278,723.0,853.0
01518700,06-14,56.0,72.0,113,161,284,657.0,1000.0
01518700,06-15,55.0,63.0,102,153,346,947.0,3400.0
01518700,06-16,57.0,67.0,90,147,306,615.0,2200.0
01518700,06-17,56.0,60.0,90,134,262,973.0,1310.0
01518700,06-18,55.0,66.0,91,133,292,818.0,1800.0
01518700,06-19,55.0,59.0,83,140,367,787.0,1070.0
01518700,06-20,58.0,59.0,81,152,331,1310.0,1440.0
01518700,06-21,56.0,61.0,87,145,340,1590.0,2480.0
01518700,06-22,56.0,62.0,97,165,255,1130.0,2010.0
01518700,06-23,53.0,59.0,85,164,287,703.0,1970.0
01518700,06-24,46.0,56.0,82,151,247,878.0,1290.0
01518700,06-25,45.0,50.0,83,129,221,566.0,1170.0
01518700,06-26,43.0,48.0,79,126,235,943.0,1370.0
01518700,06-27,42.0,48.0,78,111,356,675.0,790.0
01518700,06-28,44.0,48.0,76,111,256,1090.0,2590.0
01518700,06-29,45.0,53.0,71,106,257,683.0,1510.0
01518700,06-30,48.0,57.0,69,106,223,957.0,1260.0
01518700,07-01,50.0,54.0,66,114,246,1020.0,1830.0
01518700,07-02,47.0,56.0,78,117,247,666.0,1270.0
01518700,07-03,45.0,56.0,71,115,296,486.0,1030.0
01518700,07-04,41.0,48.0,68,111,260,473.0,555.0
01518700,07-05,42.0,48.0,67,105,194,413.0,842.0
01518700,07-06,39.0,48.0,61,93,209,370.0,894.0
01518700,07-07,39.0,47.0,63,80,189,371.0,1380.0
01518700,07-08,38.0,47.0,66,90,215,511.0,734.0
01518700,07-09,38.0,48.0,68,93,202,685.0,872.0
01518700,07-10,39.0,47.0,66,96,194,462.0,1040.0
01518700,07-11,38.0,43.0,63,93,190,438.0,604.0
01518700,07-12,38.0,43.0,62,88,186,508.0,1310.0
01518700,07-13,37.0,45.0,63,80,149,691.0,1690.0
01518700,07-14,38.0,44.0,60,91,159,530.0,1550.0
01518700,07-15,37.0,43.0,60,87,155,391.0,1170.0
01518700,07-16,37.0,41.0,55,88,159,573.0,1110.0
01518700,07-17,38.0,43.0,56,89,140,378.0,786.0
01518700,07-18,37.0,42.0,51,90,142,470.0,691.0
01518700,07-19,39.0,42.0,55,76,121,263.0,854.0
01518700,07-20,39.0,40.0,52,77,118,230.0,485.0
01518700,07-21,38.0,42.0,54,79,175,231.0,662.0
01518700,07-22,38.0,41.0,54,80,166,530.0,1130.0
01518700,07-23,38.0,39.0,57,82,183,674.0,1140.0
01518700,07-24,38.0,39.0,53,75,215,642.0,2090.0
01518700,07-25,38.0,43.0,52,73,175,465.0,1100.0
01518700,07-26,37.0,40.0,51,73,147,371.0,859.0
01518700,07-27,36.0,40.0,51,70,142,327.0,3150.0
01518700,07-28,37.0,39.0,51,73,125,499.0,2980.0
01518700,07-29,36.0,39.0,52,80,124,315.0,2670.0
01518700,07-30,35.0,41.0,48,80,140,412.0,1460.0
01518700,07-31,36.0,40.0,47,79,145,593.0,2050.0
01518700,08-01,36.0,39.0,46,76,163,580.0,1720.0
01518700,08-02,35.0,40.0,46,72,156,521.0,851.0
01518700,08-03,35.0,39.0,46,68,168,432.0,619.0
01518700,08-04,35.0,38.0,46,64,186,486.0,618.0
01518700,08-05,35.0,38.0,48,62,147,434.0,611.0
01518700,08-06,36.0,37.0,46,62,136,325.0,502.0
01518700,08-07,35.0,37.0,43,62,157,310.0,534.0
01518700,08-08,34.0,37.0,41,63,155,259.0,483.0
01518700,08-09,35.0,37.0,40,62,139,532.0,1860.0
01518700,08-10,34.0,37.0,41,60,101,520.0,2400.0
01518700,08-11,33.0,36.0,41,62,144,453.0,1280.0
01518700,08-12,33.0,36.0,41,70,169,434.0,1410.0
01518700,08-13,33.0,35.0,41,71,127,932.0,1460.0
01518700,08-14,33.0,35.0,41,67,116,777.0,2300.0
01518700,08-15,34.0,36.0,41,62,112,524.0,2170.0
01518700,08-16,35.0,37.0,44,64,119,429.0,827.0
01518700,08-17,34.0,37.0,43,61,136,377.0,784.0
01518700,08-18,35.0,35.0,43,60,159,463.0,927.0
01518700,08-19,36.0,38.0,45,59,181,510.0,1100.0
01518700,08-20,36.0,40.0,44,59,153,423.0,1020.0
01518700,08-21,36.0,39.0,45,59,123,608.0,3160.0
01518700,08-22,35.0,40.0,45,59,137,365.0,2060.0
01518700,08-23,34.0,39.0,43,59,149,349.0,838.0
01518700,08-24,30.0,37.0,42,58,146,391.0,574.0
01518700,08-25,30.0,37.0,44,60,130,254.0,536.0
01518700,08-26,30.0,38.0,44,58,114,217.0,373.0
01518700,08-27,29.0,36.0,44,58,99,197.0,323.0
01518700,08-28,28.0,36.0,44,58,133,275.0,649.0
01518700,08-29,31.0,36.0,44,58,177,431.0,1370.0
01518700,08-30,30.0,36.0,44,59,159,530.0,1090.0
01518700,08-31,29.0,35.0,44,65,133,372.0,922.0
01518700,09-01,29.0,35.0,44,65,146,393.0,765.0
01518700,09-02,29.0,35.0,44,64,123,349.0,1450.0
01518700,09-03,29.0,35.0,43,62,99,298.0,1010.0
01518700,09-04,31.0,35.0,44,58,89,274.0,992.0
01518700,09-05,33.0,34.0,44,58,95,243.0,910.0
01518700,09-06,31.0,34.0,44,58,104,310.0,739.0
01518700,09-07,31.0,34.0,44,61,119,316.0,679.0
01518700,09-08,32.0,34.0,44,60,110,388.0,513.0
01518700,09-09,33.0,35.0,48,61,107,327.0,461.0
01518700,09-10,31.0,34.0,47,62,108,360.0,1830.0
01518700,09-11,31.0,34.0,45,61,108,536.0,3820.0
01518700,09-12,32.0,34.0,46,63,158,493.0,4670.0
01518700,09-13,28.0,35.0,46,65,158,474.0,3010.0
01518700,09-14,29.0,34.0,46,65,157,701.0,1310.0
01518700,09-15,29.0,35.0,46,64,142,506.0,781.0
01518700,09-16,29.0,36.0,46,63,111,439.0,569.0
01518700,09-17,32.0,35.0,46,62,103,645.0,1300.0
01518700,09-18,31.0,35.0,47,62,141,423.0,2160.0
01518700,09-19,32.0,35.0,48,60,135,288.0,2210.0
01518700,09-20,30.0,34.0,48,59,120,201.0,2980.0
01518700,09-21,29.0,33.0,46,66,126,324.0,2530.0
01518700,09-22,29.0,33.0,47,62,169,301.0,2200.0
01518700,09-23,30.0,36.0,46,65,159,801.0,2690.0
01518700,09-24,30.0,34.0,47,67,203,632.0,2730.0
01518700,09-25,33.0,36.0,45,64,180,1090.0,3090.0
01518700,09-26,32.0,35.0,45,61,185,1230.0,1620.0
01518700,09-27,31.0,35.0,45,68,191,722.0,1090.0
01518700,09-28,32.0,37.0,46,73,261,621.0,2180.0
01518700,09-29,32.0,36.0,50,83,191,745.0,1400.0
01518700,09-30,32.0,40.0,50,93,246,462.0,844.0
01518700,10-01,33.0,41.0,50,84,190,503.0,1320.0
01518700,10-02,32.0,40.0,48,83,182,528.0,1960.0
01518700,10-03,32.0,39.0,50,72,169,498.0,2390.0
01518700,10-04,34.0,38.0,50,71,189,418.0,1620.0
01518700,10-05,33.0,38.0,49,73,192,543.0,1290.0
01518700,10-06,33.0,38.0,48,83,190,940.0,1440.0
01518700,10-07,32.0,38.0,54,93,176,765.0,1750.0
01518700,10-08,37.0,40.0,52,98,162,742.0,1220.0
01518700,10-09,37.0,40.0,51,94,179,573.0,578.0
01518700,10-10,37.0,40.0,51,86,164,397.0,515.0
01518700,10-11,37.0,41.0,52,78,148,377.0,876.0
01518700,10-12,38.0,44.0,52,92,155,457.0,1200.0
01518700,10-13,38.0,45.0,53,92,147,479.0,912.0
01518700,10-14,36.0,42.0,53,87,158,459.0,1380.0
01518700,10-15,38.0,41.0,57,79,207,616.0,869.0
01518700,10-16,38.0,40.0,57,95,245,572.0,773.0
01518700,10-17,36.0,41.0,54,98,256,595.0,1110.0
01518700,10-18,36.0,39.0,58,94,228,524.0,898.0
01518700,10-19,38.0,40.0,57,94,199,484.0,1710.0
01518700,10-20,39.0,44.0,57,95,210,915.0,2950.0
01518700,10-21,38.0,43.0,57,103,232,1400.0,2710.0
01518700,10-22,37.0,47.0,57,97,213,1540.0,2480.0
01518700,10-23,40.0,47.0,59,102,351,1140.0,2050.0
01518700,10-24,40.0,50.0,59,120,207,764.0,1270.0
01518700,10-25,44.0,50.0,63,108,282,868.0,1690.0
01518700,10-26,43.0,48.0,59,126,296,639.0,3200.0
01518700,10-27,44.0,47.0,60,124,345,1700.0,3250.0
01518700,10-28,44.0,49.0,62,137,640,1790.0,2850.0
01518700,10-29,47.0,51.0,62,142,524,1340.0,2400.0
01518700,10-30,47.0,51.0,65,146,607,1310.0,3270.0
01518700,10-31,44.0,51.0,60,132,471,990.0,3130.0
01518700,11-01,43.0,48.0,64,132,440,1380.0,3010.0
01518700,11-02,42.0,47.0,64,169,446,1070.0,2010.0
01518700,11-03,41.0,48.0,59,166,452,1340.0,1600.0
01518700,11-04,40.0,50.0,60,151,458,752.0,1130.0
01518700,11-05,40.0,51.0,62,142,394,606.0,889.0
01518700,11-06,40.0,50.0,69,140,346,575.0,918.0
01518700,11-07,40.0,50.0,64,149,360,575.0,1180.0
01518700,11-08,40.0,50.0,60,146,393,647.0,1270.0
01518700,11-09,40.0,46.0,61,150,402,686.0,1420.0
01518700,11-10,39.0,45.0,63,152,389,1180.0,1480.0
01518700,11-11,44.0,51.0,78,150,373,962.0,2300.0
01518700,11-12,45.0,56.0,79,171,461,1790.0,2550.0
01518700,11-13,46.0,56.0,73,201,455,1440.0,2510.0
01518700,11-14,43.0,57.0,74,199,393,1120.0,1250.0
01518700,11-15,51.0,61.0,76,198,446,923.0,1380.0
01518700,11-16,47.0,60.0,83,208,403,1000.0,1850.0
01518700,11-17,45.0,58.0,84,207,537,1080.0,1860.0
01518700,11-18,47.0,57.0,95,228,554,965.0,1410.0
01518700,11-19,54.0,59.0,89,243,523,778.0,1300.0
01518700,11-20,56.0,59.0,91,225,507,724.0,1180.0
01518700,11-21,55.0,59.0,87,250,484,730.0,1100.0
01518700,11-22,55.0,62.0,87,247,521,743.0,1010.0
01518700,11-23,54.0,60.0,81,254,471,744.0,1760.0
01518700,11-24,55.0,62.0,86,242,408,750.0,1430.0
01518700,11-25,53.0,62.0,95,234,405,947.0,1510.0
01518700,11-26,52.0,62.0,132,234,481,1310.0,2450.0
01518700,11-27,51.0,62.0,150,278,631,1630.0,4100.0
01518700,11-28,51.0,62.0,149,318,686,2320.0,3450.0
01518700,11-29,51.0,65.0,199,316,812,1690.0,2300.0
01518700,11-30,50.0,69.0,155,278,740,1380.0,2340.0
01518700,12-01,50.0,75.0,147,315,824,1330.0,2940.0
01518700,12-02,52.0,60.0,158,346,736,1920.0,4630.0
01518700,12-03,55.0,77.0,160,395,699,2010.0,4130.0
01518700,12-04,56.0,76.0,159,382,696,2160.0,3740.0
01518700,12-05,54.0,75.0,167,345,632,1160.0,1840.0
01518700,12-06,54.0,74.0,182,339,580,1010.0,1130.0
01518700,12-07,54.0,76.0,188,327,572,821.0,1110.0
01518700,12-08,55.0,75.0,182,319,481,816.0,927.0
01518700,12-09,55.0,82.0,180,318,472,757.0,775.0
01518700,12-10,54.0,71.0,177,290,545,807.0,1660.0
01518700,12-11,53.0,71.0,165,277,529,1220.0,3010.0
01518700,12-12,54.0,71.0,169,306,698,1110.0,1830.0
01518700,12-13,53.0,69.0,190,321,605,1540.0,2840.0
01518700,12-14,53.0,68.0,195,322,529,1170.0,2880.0
01518700,12-15,60.0,73.0,195,334,585,1490.0,2600.0
01518700,12-16,68.0,75.0,187,357,566,1120.0,1600.0
01518700,12-17,68.0,76.0,175,417,627,1070.0,1310.0
01518700,12-18,65.0,79.0,210,391,718,1710.0,2680.0
01518700,12-19,65.0,114.0,220,345,607,1260.0,1940.0
01518700,12-20,65.0,109.0,196,348,643,1080.0,1800.0
01518700,12-21,65.0,106.0,180,346,619,1330.0,2150.0
01518700,12-22,63.0,119.0,202,322,532,1150.0,2290.0
01518700,12-23,63.0,120.0,225,364,753,1690.0,2840.0
01518700,12-24,59.0,114.0,243,374,768,2590.0,3780.0
01518700,12-25,62.0,110.0,247,412,718,2600.0,3440.0
01518700,12-26,60.0,110.0,214,415,774,1900.0,3100.0
01518700,12-27,55.0,114.0,200,411,792,1530.0,2260.0
01518700,12-28,63.0,118.0,190,418,737,1350.0,2020.0
01518700,12-29,65.0,110.0,190,406,812,1110.0,2180.0
01518700,12-30,68.0,120.0,209,475,951,1620.0,2180.0
01518700,12-31,68.0,127.0,192,456,845,1280.0,3410.0
01520000,01-01,33.0,48.0,84,269,470,999.0,1550.0
01520000,01-02,31.0,45.0,83,221,476,897.0,1190.0
01520000,01-03,31.0,40.0,105,202,492,751.0,1050.0
01520000,01-04,28.0,42.0,92,238,621,1090.0,1260.0
01520000,01-05,32.0,42.0,87,253,564,1170.0,1490.0
01520000,01-06,29.0,42.0,93,260,491,759.0,1130.0
01520000,01-07,35.0,43.0,106,232,418,636.0,756.0
01520000,01-08,36.0,44.0,99,227,346,599.0,750.0
01520000,01-09,26.0,40.0,84,175,328,560.0,741.0
01520000,01-10,28.0,39.0,69,157,326,823.0,2900.0
01520000,01-11,26.0,46.0,73,174,356,698.0,2160.0
01520000,01-12,26.0,47.0,79,182,530,910.0,1040.0
01520000,01-13,26.0,45.0,95,182,509,2000.0,2870.0
01520000,01-14,22.0,46.0,80,167,570,1280.0,2090.0
01520000,01-15,25.0,47.0,82,172,472,1000.0,1700.0
01520000,01-16,25.0,43.0,73,171,469,710.0,1570.0
01520000,01-17,23.0,38.0,72,182,391,776.0,1030.0
01520000,01-18,23.0,38.0,62,194,387,678.0,790.0
01520000,01-19,24.0,40.0,69,192,384,618.0,948.0
01520000,01-20,23.0,38.0,70,163,306,655.0,1940.0
01520000,01-21,22.0,38.0,67,139,317,821.0,2800.0
01520000,01-22,23.0,44.0,64,129,295,636.0,2820.0
01520000,01-23,30.0,37.0,82,150,316,805.0,1940.0
01520000,01-24,27.0,37.0,75,139,402,957.0,1720.0
01520000,01-25,27.0,49.0,81,142,448,1710.0,3520.0
01520000,01-26,27.0,40.0,73,141,427,2810.0,3470.0
01520000,01-27,26.0,46.0,72,141,349,1290.0,2830.0
01520000,01-28,28.0,50.0,69,130,278,930.0,1400.0
01520000,01-29,31.0,47.0,62,128,320,680.0,710.0
01520000,01-30,42.0,51.0,68,119,360,593.0,1000.0
01520000,01-31,39.0,51.0,64,122,285,495.0,723.0
01520000,02-01,38.0,50.0,70,138,257,682.0,809.0
01520000,02-02,47.0,55.0,79,140,263,745.0,1250.0
01520000,02-03,53.0,59.0,72,150,318,615.0,1250.0
01520000,02-04,41.0,51.0,72,137,406,801.0,1080.0
01520000,02-05,36.0,50.0,70,133,403,745.0,1140.0
01520000,02-06,34.0,48.0,70,137,353,799.0,1520.0
01520000,02-07,33.0,51.0,75,132,297,694.0,1620.0
01520000,02-08,31.0,50.0,66,128,307,841.0,1940.0
01520000,02-09,26.0,46.0,66,132,277,955.0,1640.0
01520000,02-10,26.0,43.0,64,133,325,830.0,1410.0
01520000,02-11,27.0,43.0,73,150,383,755.0,1180.0
01520000,02-12,28.0,40.0,67,154,406,805.0,2080.0
01520000,02-13,28.0,35.0,68,126,365,702.0,1460.0
01520000,02-14,26.0,38.0,65,148,291,509.0,1280.0
01520000,02-15,26.0,38.0,70,126,277,630.0,957.0
01520000,02-16,36.0,50.0,88,167,391,886.0,1660.0
01520000,02-17,37.0,54.0,81,195,365,894.0,1710.0
01520000,02-18,39.0,61.0,84,192,468,1260.0,2550.0
01520000,02-19,38.0,56.0,81,182,488,1380.0,2800.0
01520000,02-20,38.0,53.0,82,192,432,1530.0,2060.0
01520000,02-21,46.0,59.0,102,194,727,2150.0,2580.0
01520000,02-22,52.0,79.0,104,192,683,1680.0,2320.0
01520000,02-23,56.0,78.0,126,298,574,1090.0,2050.0
01520000,02-24,64.0,80.0,135,262,646,1440.0,2360.0
01520000,02-25,59.0,62.0,114,268,514,1990.0,2650.0
01520000,02-26,50.0,60.0,118,245,542,1290.0,1520.0
01520000,02-27,48.0,68.0,107,222,490,914.0,1910.0
01520000,02-28,48.0,58.0,108,263,591,1340.0,1800.0
01520000,02-29,,72.0,136,272,714,1730.0,
01520000,03-01,46.0,71.0,138,284,559,1110.0,1950.0
01520000,03-02,43.0,67.0,146,306,578,1270.0,1730.0
01520000,03-03,48.0,66.0,177,297,605,1030.0,1250.0
01520000,03-04,39.0,60.0,161,279,604,1530.0,2380.0
01520000,03-05,39.0,59.0,148,273,604,1670.0,3470.0
01520000,03-06,40.0,83.0,145,277,578,2260.0,3530.0
01520000,03-07,60.0,92.0,136,300,674,1940.0,2590.0
01520000,03-08,59.0,84.0,143,371,800,1970.0,3250.0
01520000,03-09,57.0,89.0,144,438,836,1640.0,2660.0
01520000,03-10,81.0,106.0,238,396,589,1120.0,1740.0
01520000,03-11,85.0,136.0,278,466,734,1330.0,1450.0
01520000,03-12,101.0,135.0,271,483,866,1650.0,2180.0
01520000,03-13,103.0,112.0,286,468,774,1390.0,2230.0
01520000,03-14,83.0,179.0,277,501,855,1980.0,2630.0
01520000,03-15,85.0,131.0,282,501,893,1870.0,3130.0
01520000,03-16,104.0,136.0,263,465,828,2110.0,2750.0
01520000,03-17,123.0,159.0,273,446,929,2130.0,3370.0
01520000,03-18,123.0,181.0,280,406,977,2050.0,3430.0
01520000,03-19,117.0,188.0,275,424,776,1890.0,3100.0
01520000,03-20,122.0,182.0,273,455,758,1730.0,2670.0
01520000,03-21,100.0,197.0,259,449,753,1510.0,1940.0
01520000,03-22,117.0,150.0,231,514,795,1760.0,2380.0
01520000,03-23,110.0,172.0,257,483,723,1590.0,2760.0
01520000,03-24,167.0,190.0,273,452,793,1520.0,2920.0
01520000,03-25,170.0,193.0,286,491,791,1510.0,2170.0
01520000,03-26,169.0,196.0,281,562,819,1420.0,2000.0
01520000,03-27,169.0,196.0,258,532,968,1680.0,2730.0
01520000,03-28,157.0,180.0,279,495,840,2010.0,3240.0
01520000,03-29,143.0,162.0,281,517,745,1380.0,2490.0
01520000,03-30,105.0,148.0,272,562,869,2000.0,2040.0
01520000,03-31,122.0,159.0,297,547,975,1650.0,2160.0
01520000,04-01,126.0,153.0,336,556,1370,2040.0,2410.0
01520000,04-02,112.0,175.0,361,556,1080,2200.0,2530.0
01520000,04-03,106.0,157.0,309,509,924,1450.0,2500.0
01520000,04-04,129.0,194.0,324,600,1080,1960.0,2910.0
01520000,04-05,132.0,181.0,310,604,1230,2590.0,4220.0
01520000,04-06,135.0,229.0,320,539,921,2630.0,4300.0
01520000,04-07,148.0,215.0,322,484,909,2830.0,3990.0
01520000,04-08,131.0,185.0,339,500,821,2640.0,4430.0
01520000,04-09,110.0,174.0,295,491,748,2530.0,4130.0
01520000,04-10,114.0,171.0,294,480,1030,2720.0,2960.0
01520000,04-11,114.0,170.0,274,484,1030,1790.0,2660.0
01520000,04-12,117.0,151.0,302,506,977,2100.0,2310.0
01520000,04-13,100.0,178.0,278,460,900,1420.0,2300.0
01520000,04-14,94.0,172.0,294,454,750,1290.0,2320.0
01520000,04-15,100.0,176.0,299,460,831,1320.0,1720.0
01520000,04-16,113.0,176.0,329,510,819,1350.0,1690.0
01520000,04-17,129.0,153.0,260,428,816,1620.0,2810.0
01520000,04-18,108.0,130.0,265,430,688,1470.0,2410.0
01520000,04-19,107.0,131.0,254,398,621,1540.0,1870.0
01520000,04-20,93.0,123.0,227,360,596,1320.0,2260.0
01520000,04-21,83.0,107.0,226,305,672,1310.0,2280.0
01520000,04-22,95.0,114.0,202,344,642,1480.0,1940.0
01520000,04-23,90.0,109.0,208,366,672,1030.0,1510.0
01520000,04-24,100.0,144.0,200,340,658,951.0,1240.0
01520000,04-25,116.0,159.0,180,346,563,1500.0,1730.0
01520000,04-26,103.0,140.0,173,332,545,1130.0,1970.0
01520000,04-27,90.0,110.0,162,273,549,941.0,2160.0
01520000,04-28,89.0,100.0,170,280,479,703.0,1160.0
01520000,04-29,80.0,100.0,199,311,570,925.0,1280.0
01520000,04-30,86.0,101.0,190,293,495,1590.0,1950.0
01520000,05-01,80.0,101.0,169,270,602,926.0,2290.0
01520000,05-02,78.0,104.0,159,279,592,1120.0,2030.0
01520000,05-03,79.0,109.0,136,270,574,842.0,1360.0
01520000,05-04,80.0,96.0,125,310,491,761.0,1280.0
01520000,05-05,82.0,97.0,120,292,440,800.0,1250.0
01520000,05-06,76.0,94.0,119,241,436,654.0,1760.0
01520000,05-07,73.0,93.0,115,212,415,775.0,2260.0
01520000,05-08,72.0,86.0,115,232,356,535.0,1590.0
01520000,05-09,67.0,81.0,118,219,410,935.0,1350.0
01520000,05-10,64.0,74.0,108,210,418,1610.0,1940.0
01520000,05-11,53.0,68.0,122,190,366,1770.0,2470.0
01520000,05-12,42.0,67.0,119,215,539,1060.0,2970.0
01520000,05-13,42.0,58.0,116,200,503,1700.0,3320.0
01520000,05-14,43.0,53.0,106,214,480,1370.0,2600.0
01520000,05-15,39.0,46.0,106,209,434,1270.0,2130.0
01520000,05-16,39.0,54.0,102,212,564,942.0,2420.0
01520000,05-17,39.0,48.0,94,213,541,920.0,1990.0
01520000,05-18,36.0,48.0,84,189,424,788.0,1780.0
01520000,05-19,38.0,49.0,70,196,395,1220.0,1980.0
01520000,05-20,36.0,55.0,88,185,295,1040.0,2310.0
01520000,05-21,37.0,54.0,88,169,349,1540.0,2340.0
01520000,05-22,36.0,49.0,91,159,391,1220.0,1870.0
01520000,05-23,35.0,47.0,73,148,359,1040.0,1120.0
01520000,05-24,35.0,51.0,72,135,408,801.0,1240.0
01520000,05-25,34.0,45.0,81,137,340,717.0,1330.0
01520000,05-26,33.0,38.0,65,137,388,602.0,985.0
01520000,05-27,30.0,38.0,71,155,339,464.0,556.0
01520000,05-28,28.0,37.0,69,144,289,375.0,1110.0
01520000,05-29,28.0,38.0,66,125,284,509.0,937.0
01520000,05-30,27.0,34.0,60,125,237,514.0,1320.0
01520000,05-31,29.0,33.0,56,140,228,396.0,878.0
01520000,06-01,28.0,41.0,69,132,208,489.0,1460.0
01520000,06-02,30.0,40.0,62,118,194,576.0,843.0
01520000,06-03,33.0,38.0,57,105,182,374.0,1340.0
01520000,06-04,32.0,36.0,58,114,202,438.0,966.0
01520000,06-05,29.0,34.0,64,111,198,667.0,1350.0
01520000,06-06,28.0,30.0,63,106,222,779.0,1330.0
01520000,06-07,25.0,30.0,57,94,201,601.0,3070.0
01520000,06-08,22.0,32.0,51,88,134,437.0,2040.0
01520000,06-09,20.0,33.0,51,85,207,501.0,991.0
01520000,06-10,19.0,32.0,49,83,171,441.0,1080.0
01520000,06-11,20.0,33.0,49,80,138,322.0,1000.0
01520000,06-12,20.0,28.0,48,83,154,575.0,1080.0
01520000,06-13,21.0,33.0,43,77,203,652.0,775.0
01520000,06-14,21.0,25.0,38,74,242,478.0,2800.0
01520000,06-15,20.0,25.0,40,78,211,1170.0,2910.0
01520000,06-16,17.0,25.0,41,65,193,375.0,1410.0
01520000,06-17,15.0,24.0,40,60,147,643.0,2100.0
01520000,06-18,15.0,23.0,40,66,185,678.0,1040.0
01520000,06-19,15.0,22.0,40,69,229,598.0,654.0
01520000,06-20,15.0,21.0,39,68,198,590.0,1570.0
01520000,06-21,16.0,20.0,39,69,154,437.0,2480.0
01520000,06-22,15.0,22.0,40,71,178,576.0,1390.0
01520000,06-23,16.0,22.0,41,69,174,346.0,819.0
01520000,06-24,16.0,22.0,39,66,182,402.0,937.0
01520000,06-25,15.0,18.0,37,61,169,370.0,1090.0
01520000,06-26,15.0,18.0,31,52,152,461.0,1700.0
01520000,06-27,15.0,18.0,30,48,165,504.0,1270.0
01520000,06-28,15.0,18.0,31,44,153,463.0,1110.0
01520000,06-29,16.0,17.0,33,42,137,432.0,913.0
01520000,06-30,15.0,18.0,34,43,134,636.0,1680.0
01520000,07-01,15.0,19.0,34,58,139,471.0,720.0
01520000,07-02,16.0,18.0,31,60,143,441.0,636.0
01520000,07-03,16.0,18.0,30,67,149,326.0,440.0
01520000,07-04,15.0,18.0,28,55,128,239.0,294.0
01520000,07-05,15.0,19.0,27,48,116,210.0,399.0
01520000,07-06,15.0,19.0,28,44,117,212.0,265.0
01520000,07-07,16.0,20.0,27,38,104,177.0,904.0
01520000,07-08,13.0,18.0,27,39,92,324.0,461.0
01520000,07-09,15.0,18.0,25,43,110,197.0,468.0
01520000,07-10,15.0,17.0,24,38,96,226.0,297.0
01520000,07-11,15.0,17.0,24,35,81,148.0,228.0
01520000,07-12,15.0,16.0,24,38,89,151.0,447.0
01520000,07-13,14.0,16.0,25,38,90,246.0,659.0
01520000,07-14,11.0,15.0,24,40,105,255.0,518.0
01520000,07-15,11.0,15.0,23,39,108,200.0,364.0
01520000,07-16,12.0,15.0,24,38,75,141.0,320.0
01520000,07-17,12.0,15.0,25,42,65,151.0,358.0
01520000,07-18,12.0,15.0,26,41,76,226.0,944.0
01520000,07-19,11.0,14.0,25,38,62,129.0,517.0
01520000,07-20,12.0,15.0,23,39,66,195.0,587.0
01520000,07-21,11.0,15.0,25,41,99,381.0,861.0
01520000,07-22,11.0,15.0,23,38,98,314.0,1600.0
01520000,07-23,11.0,15.0,24,37,75,356.0,961.0
01520000,07-24,11.0,15.0,24,37,73,250.0,1540.0
01520000,07-25,14.0,15.0,24,32,71,143.0,1420.0
01520000,07-26,13.0,15.0,22,32,66,119.0,693.0
01520000,07-27,13.0,15.0,23,33,64,250.0,844.0
01520000,07-28,13.0,15.0,20,31,65,224.0,565.0
01520000,07-29,12.0,15.0,21,31,76,205.0,418.0
01520000,07-30,12.0,15.0,22,30,70,206.0,297.0
01520000,07-31,12.0,15.0,20,30,65,252.0,765.0
01520000,08-01,12.0,15.0,20,29,53,230.0,784.0
01520000,08-02,12.0,14.0,20,28,58,333.0,366.0
01520000,08-03,13.0,14.0,19,28,71,224.0,331.0
01520000,08-04,13.0,14.0,19,26,64,206.0,440.0
01520000,08-05,13.0,14.0,19,26,54,158.0,346.0
01520000,08-06,13.0,15.0,20,26,46,115.0,209.0
01520000,08-07,13.0,15.0,19,27,55,125.0,189.0
01520000,08-08,13.0,14.0,19,27,56,271.0,505.0
01520000,08-09,14.0,15.0,18,27,96,202.0,959.0
01520000,08-10,14.0,15.0,18,25,66,146.0,2480.0
01520000,08-11,13.0,14.0,18,25,51,116.0,952.0
01520000,08-12,13.0,13.0,18,25,54,178.0,813.0
01520000,08-13,12.0,13.0,18,26,50,266.0,594.0
01520000,08-14,12.0,14.0,18,26,54,319.0,1590.0
01520000,08-15,11.0,13.0,18,26,69,454.0,1160.0
01520000,08-16,11.0,15.0,18,26,71,349.0,748.0
01520000,08-17,12.0,15.0,18,26,50,269.0,347.0
01520000,08-18,9.6,14.0,18,26,44,425.0,1070.0
01520000,08-19,9.2,14.0,17,23,43,355.0,1190.0
01520000,08-20,8.8,13.0,17,23,40,224.0,2800.0
01520000,08-21,9.6,13.0,17,22,40,200.0,3090.0
01520000,08-22,10.0,11.0,16,22,40,217.0,2400.0
01520000,08-23,10.0,12.0,17,23,36,304.0,1160.0
01520000,08-24,10.0,11.0,16,23,67,260.0,512.0
01520000,08-25,9.7,11.0,16,23,51,174.0,323.0
01520000,08-26,9.8,11.0,16,24,47,115.0,264.0
01520000,08-27,9.4,12.0,17,26,47,137.0,249.0
01520000,08-28,10.0,13.0,17,26,59,289.0,449.0
01520000,08-29,9.6,14.0,17,25,61,323.0,840.0
01520000,08-30,9.5,13.0,17,25,94,353.0,467.0
01520000,08-31,11.0,13.0,17,25,85,216.0,381.0
01520000,09-01,10.0,14.0,17,24,69,199.0,289.0
01520000,09-02,12.0,15.0,17,24,57,145.0,1030.0
01520000,09-03,12.0,15.0,17,25,54,144.0,725.0
01520000,09-04,13.0,15.0,18,28,53,133.0,654.0
01520000,09-05,12.0,15.0,18,32,62,119.0,419.0
01520000,09-06,11.0,15.0,19,30,80,163.0,355.0
01520000,09-07,12.0,15.0,19,32,80,150.0,356.0
01520000,09-08,13.0,15.0,19,30,64,163.0,274.0
01520000,09-09,13.0,15.0,20,32,64,111.0,269.0
01520000,09-10,11.0,15.0,19,30,95,242.0,1390.0
01520000,09-11,11.0,13.0,19,29,77,259.0,2100.0
01520000,09-12,11.0,14.0,19,30,94,214.0,1170.0
01520000,09-13,10.0,13.0,20,31,91,371.0,625.0
01520000,09-14,12.0,14.0,20,30,82,240.0,637.0
01520000,09-15,11.0,14.0,18,28,91,321.0,545.0
01520000,09-16,11.0,14.0,19,27,86,277.0,419.0
01520000,09-17,11.0,15.0,18,27,78,336.0,438.0
01520000,09-18,11.0,15.0,17,27,67,338.0,532.0
01520000,09-19,11.0,14.0,19,25,65,285.0,1690.0
01520000,09-20,11.0,14.0,17,24,62,299.0,2170.0
01520000,09-21,12.0,15.0,17,24,73,270.0,1240.0
01520000,09-22,12.0,15.0,17,25,75,304.0,2450.0
01520000,09-23,11.0,15.0,17,25,60,836.0,2770.0
01520000,09-24,11.0,15.0,17,24,107,617.0,1300.0
01520000,09-25,11.0,15.0,17,24,79,363.0,982.0
01520000,09-26,11.0,15.0,17,24,69,428.0,1210.0
01520000,09-27,12.0,15.0,18,25,82,448.0,802.0
01520000,09-28,11.0,14.0,18,27,75,599.0,1540.0
01520000,09-29,12.0,14.0,18,30,87,418.0,1330.0
01520000,09-30,11.0,14.0,18,32,94,411.0,949.0
01520000,10-01,12.0,14.0,19,37,95,514.0,866.0
01520000,10-02,12.0,14.0,19,39,116,409.0,1070.0
01520000,10-03,12.0,14.0,18,32,110,225.0,1500.0
01520000,10-04,13.0,14.0,19,36,110,315.0,1070.0
01520000,10-05,14.0,15.0,19,36,142,508.0,860.0
01520000,10-06,13.0,14.0,20,34,97,568.0,984.0
01520000,10-07,13.0,14.0,19,40,114,429.0,874.0
01520000,10-08,10.0,14.0,19,38,99,447.0,486.0
01520000,10-09,11.0,14.0,19,38,96,263.0,313.0
01520000,10-10,10.0,14.0,18,40,89,195.0,282.0
01520000,10-11,10.0,14.0,19,31,81,235.0,513.0
01520000,10-12,11.0,13.0,17,31,90,241.0,643.0
01520000,10-13,11.0,13.0,17,33,81,222.0,522.0
01520000,10-14,10.0,13.0,19,35,96,222.0,659.0
01520000,10-15,10.0,14.0,20,36,116,408.0,964.0
01520000,10-16,10.0,14.0,22,38,111,389.0,571.0
01520000,10-17,11.0,14.0,22,44,96,363.0,420.0
01520000,10-18,11.0,13.0,22,40,119,275.0,553.0
01520000,10-19,11.0,14.0,22,38,111,344.0,805.0
01520000,10-20,11.0,14.0,22,36,110,592.0,1970.0
01520000,10-21,11.0,14.0,26,43,143,701.0,2320.0
01520000,10-22,12.0,14.0,26,59,143,933.0,1740.0
01520000,10-23,12.0,15.0,25,54,165,727.0,1000.0
01520000,10-24,11.0,15.0,26,55,157,516.0,1000.0
01520000,10-25,13.0,16.0,26,48,155,605.0,1440.0
01520000,10-26,14.0,17.0,26,47,155,435.0,2010.0
01520000,10-27,14.0,16.0,26,54,273,753.0,1810.0
01520000,10-28,15.0,19.0,26,62,268,1130.0,2020.0
01520000,10-29,16.0,19.0,28,75,265,858.0,1690.0
01520000,10-30,15.0,17.0,27,85,310,954.0,2140.0
01520000,10-31,14.0,20.0,28,68,319,995.0,1840.0
01520000,11-01,14.0,16.0,28,86,338,908.0,1720.0
01520000,11-02,15.0,18.0,29,100,313,811.0,1430.0
01520000,11-03,15.0,20.0,28,83,332,709.0,1260.0
01520000,11-04,15.0,20.0,29,86,283,426.0,746.0
01520000,11-05,15.0,20.0,29,90,235,431.0,531.0
01520000,11-06,15.0,24.0,31,96,240,474.0,723.0
01520000,11-07,15.0,24.0,28,101,231,403.0,694.0
01520000,11-08,15.0,20.0,32,100,209,447.0,594.0
01520000,11-09,15.0,21.0,33,93,183,364.0,663.0
01520000,11-10,15.0,18.0,30,102,221,522.0,1210.0
01520000,11-11,18.0,21.0,32,89,225,460.0,2130.0
01520000,11-12,18.0,20.0,32,103,241,1000.0,1510.0
01520000,11-13,15.0,18.0,31,94,230,720.0,1440.0
01520000,11-14,15.0,21.0,35,83,215,736.0,1130.0
01520000,11-15,16.0,22.0,39,91,294,662.0,735.0
01520000,11-16,17.0,23.0,44,107,400,597.0,1080.0
01520000,11-17,16.0,25.0,44,107,371,697.0,987.0
01520000,11-18,16.0,28.0,52,117,337,482.0,979.0
01520000,11-19,15.0,28.0,52,136,299,559.0,871.0
01520000,11-20,14.0,28.0,54,118,286,486.0,847.0
01520000,11-21,16.0,28.0,60,116,292,612.0,735.0
01520000,11-22,17.0,28.0,59,143,257,550.0,632.0
01520000,11-23,18.0,30.0,55,143,262,472.0,1060.0
01520000,11-24,16.0,22.0,57,140,235,598.0,919.0
01520000,11-25,16.0,24.0,60,139,231,629.0,773.0
01520000,11-26,16.0,25.0,70,142,285,949.0,1490.0
01520000,11-27,22.0,31.0,97,142,466,1250.0,2120.0
01520000,11-28,21.0,41.0,101,183,538,1320.0,1730.0
01520000,11-29,21.0,45.0,88,223,528,942.0,1310.0
01520000,11-30,25.0,50.0,95,208,510,826.0,1600.0
01520000,12-01,28.0,51.0,104,231,444,814.0,1910.0
01520000,12-02,28.0,51.0,114,219,438,1250.0,2970.0
01520000,12-03,34.0,51.0,120,281,474,1010.0,1540.0
01520000,12-04,34.0,48.0,111,266,408,945.0,1500.0
01520000,12-05,33.0,43.0,102,228,517,775.0,1090.0
01520000,12-06,29.0,46.0,87,231,382,582.0,811.0
01520000,12-07,28.0,45.0,89,211,369,597.0,671.0
01520000,12-08,27.0,43.0,89,206,354,483.0,596.0
01520000,12-09,29.0,56.0,125,223,320,438.0,524.0
01520000,12-10,29.0,48.0,119,224,343,559.0,1230.0
01520000,12-11,29.0,48.0,97,213,346,599.0,2090.0
01520000,12-12,29.0,48.0,73,233,398,712.0,1380.0
01520000,12-13,29.0,47.0,114,193,289,874.0,1730.0
01520000,12-14,28.0,51.0,122,170,303,803.0,1790.0
01520000,12-15,27.0,48.0,129,193,324,843.0,1190.0
01520000,12-16,27.0,44.0,139,224,381,722.0,1030.0
01520000,12-17,27.0,44.0,141,243,399,625.0,1080.0
01520000,12-18,30.0,44.0,131,231,449,873.0,1470.0
01520000,12-19,30.0,63.0,111,222,377,1000.0,1420.0
01520000,12-20,29.0,47.0,118,193,352,830.0,1020.0
01520000,12-21,34.0,52.0,107,186,329,987.0,1470.0
01520000,12-22,30.0,67.0,114,183,351,785.0,1590.0
01520000,12-23,28.0,67.0,115,189,462,1220.0,1710.0
01520000,12-24,24.0,41.0,110,203,477,1470.0,2790.0
01520000,12-25,24.0,61.0,130,283,490,1440.0,1910.0
01520000,12-26,24.0,53.0,111,280,633,1130.0,1900.0
01520000,12-27,29.0,42.0,82,247,591,964.0,1550.0
01520000,12-28,33.0,44.0,92,252,526,1160.0,1490.0
01520000,12-29,28.0,53.0,121,264,537,1230.0,1420.0
01520000,12-30,30.0,61.0,118,347,572,879.0,1460.0
01520000,12-31,33.0,59.0,87,305,481,886.0,2270.0
01520500,01-01,92.0,132.0,203,500,1260,2280.0,4530.0
01520500,01-02,89.0,141.0,205,433,1140,2390.0,2870.0
01520500,01-03,87.0,156.0,217,490,1020,1700.0,2340.0
01520500,01-04,87.0,147.0,217,490,1020,1630.0,2000.0
01520500,01-05,85.0,134.0,211,490,891,1650.0,2580.0
01520500,01-06,83.0,122.0,195,470,925,1800.0,2840.0
01520500,01-07,82.0,127.0,210,450,913,1620.0,2600.0
01520500,01-08,90.0,130.0,208,440,786,1180.0,2130.0
01520500,01-09,81.0,126.0,208,400,683,1360.0,2590.0
01520500,01-10,79.0,124.0,207,340,747,2060.0,3560.0
01520500,01-11,78.0,121.0,230,370,818,1480.0,2730.0
01520500,01-12,76.0,120.0,235,385,835,1610.0,2180.0
01520500,01-13,74.0,121.0,210,410,765,2230.0,4630.0
01520500,01-14,75.0,120.0,198,350,754,2180.0,3530.0
01520500,01-15,76.0,120.0,200,410,970,1840.0,2330.0
01520500,01-16,74.0,121.0,199,400,1040,1920.0,2480.0
01520500,01-17,75.0,112.0,190,355,813,1340.0,1790.0
01520500,01-18,71.0,105.0,198,321,748,1370.0,1960.0
01520500,01-19,68.0,101.0,190,345,780,1420.0,2230.0
01520500,01-20,66.0,105.0,190,355,668,1350.0,2720.0
01520500,01-21,67.0,113.0,195,360,701,2120.0,2790.0
01520500,01-22,74.0,110.0,205,404,796,1960.0,3530.0
01520500,01-23,75.0,110.0,198,375,852,2050.0,3790.0
01520500,01-24,74.0,102.0,205,388,885,2530.0,3550.0
01520500,01-25,72.0,104.0,198,401,1140,2990.0,6640.0
01520500,01-26,71.0,100.0,194,390,1150,2250.0,6390.0
01520500,01-27,77.0,108.0,200,427,1130,3100.0,7200.0
01520500,01-28,72.0,112.0,203,455,986,2810.0,3960.0
01520500,01-29,70.0,107.0,180,387,864,1960.0,3300.0
01520500,01-30,66.0,106.0,170,410,1050,1850.0,2910.0
01520500,01-31,70.0,106.0,188,350,978,1520.0,2300.0
01520500,02-01,68.0,106.0,178,422,876,1580.0,1980.0
01520500,02-02,64.0,112.0,173,395,760,2000.0,3290.0
01520500,02-03,60.0,106.0,170,370,763,1940.0,3610.0
01520500,02-04,55.0,100.0,160,370,789,1750.0,3170.0
01520500,02-05,53.0,97.0,164,363,683,1570.0,2550.0
01520500,02-06,64.0,95.0,164,391,705,1590.0,2010.0
01520500,02-07,83.0,100.0,164,352,655,1630.0,2510.0
01520500,02-08,85.0,101.0,176,350,614,1350.0,3090.0
01520500,02-09,83.0,101.0,159,345,621,1080.0,2310.0
01520500,02-10,89.0,103.0,159,350,640,1650.0,2330.0
01520500,02-11,97.0,113.0,170,388,641,2030.0,3530.0
01520500,02-12,92.0,103.0,169,340,723,2140.0,2950.0
01520500,02-13,94.0,104.0,170,330,704,2050.0,4780.0
01520500,02-14,91.0,116.0,190,300,618,1530.0,3840.0
01520500,02-15,86.0,130.0,190,354,704,1670.0,2270.0
01520500,02-16,98.0,130.0,229,399,945,2180.0,3370.0
01520500,02-17,98.0,130.0,240,384,966,2090.0,3810.0
01520500,02-18,101.0,121.0,220,420,958,1830.0,2970.0
01520500,02-19,110.0,123.0,199,413,1020,2130.0,4800.0
01520500,02-20,97.0,125.0,217,451,991,3550.0,5710.0
01520500,02-21,103.0,129.0,255,458,1210,3690.0,6030.0
01520500,02-22,107.0,137.0,239,550,1350,3570.0,5500.0
01520500,02-23,121.0,160.0,276,585,1500,2850.0,3940.0
01520500,02-24,121.0,163.0,286,650,1410,3090.0,6110.0
01520500,02-25,120.0,152.0,274,600,1430,3940.0,6580.0
01520500,02-26,118.0,163.0,318,618,1400,2890.0,4840.0
01520500,02-27,115.0,161.0,337,617,1460,3010.0,4860.0
01520500,02-28,110.0,155.0,307,667,1550,3150.0,3630.0
01520500,02-29,109.0,126.0,371,600,1630,2760.0,4460.0
01520500,03-01,106.0,162.0,308,698,1590,2680.0,5690.0
01520500,03-02,112.0,148.0,338,691,1540,3400.0,4620.0
01520500,03-03,116.0,161.0,342,708,1820,3180.0,4380.0
01520500,03-04,133.0,176.0,374,805,1810,3560.0,6620.0
01520500,03-05,133.0,200.0,391,739,2030,4780.0,7430.0
01520500,03-06,150.0,205.0,415,828,2320,5770.0,7280.0
01520500,03-07,184.0,232.0,389,899,1900,3240.0,5760.0
01520500,03-08,191.0,249.0,405,1060,1730,3900.0,7340.0
01520500,03-09,192.0,251.0,432,1020,1760,4350.0,5880.0
01520500,03-10,206.0,269.0,452,903,1600,3110.0,5240.0
01520500,03-11,206.0,263.0,470,1050,1860,3540.0,5610.0
01520500,03-12,220.0,272.0,488,1140,2410,4730.0,6030.0
01520500,03-13,223.0,320.0,521,1140,2440,4800.0,5740.0
01520500,03-14,178.0,309.0,712,1170,2350,4370.0,5200.0
01520500,03-15,226.0,302.0,714,1410,2820,4830.0,7020.0
01520500,03-16,262.0,346.0,694,1440,2750,4350.0,7800.0
01520500,03-17,269.0,334.0,682,1200,2630,6890.0,7860.0
01520500,03-18,290.0,331.0,732,1170,2440,4220.0,7230.0
01520500,03-19,314.0,368.0,694,1190,2170,3660.0,4810.0
01520500,03-20,287.0,386.0,728,1160,2340,4150.0,5890.0
01520500,03-21,297.0,381.0,759,1270,2450,3900.0,6390.0
01520500,03-22,325.0,457.0,726,1230,2230,5720.0,6350.0
01520500,03-23,304.0,525.0,753,1170,2080,4640.0,7060.0
01520500,03-24,395.0,553.0,865,1360,2270,4310.0,5800.0
01520500,03-25,458.0,583.0,836,1600,2350,4070.0,6130.0
01520500,03-26,439.0,599.0,909,1580,2480,3750.0,5350.0
01520500,03-27,529.0,625.0,958,1360,2340,4520.0,7360.0
01520500,03-28,507.0,638.0,907,1360,2120,4940.0,7810.0
01520500,03-29,546.0,613.0,943,1260,2240,4880.0,7590.0
01520500,03-30,540.0,607.0,876,1300,2770,4620.0,5810.0
01520500,03-31,478.0,596.0,897,1220,2500,5130.0,9140.0
01520500,04-01,499.0,623.0,918,1690,3030,5540.0,9530.0
01520500,04-02,501.0,670.0,1020,1720,3320,5590.0,6920.0
01520500,04-03,483.0,636.0,994,1770,3090,6230.0,7990.0
01520500,04-04,461.0,628.0,898,1650,2960,6390.0,9580.0
01520500,04-05,440.0,614.0,872,1540,3070,7200.0,10700.0
01520500,04-06,408.0,607.0,943,1680,2810,7070.0,12200.0
01520500,04-07,396.0,616.0,993,1700,2950,5820.0,7670.0
01520500,04-08,431.0,602.0,918,1700,2700,5320.0,8080.0
01520500,04-09,386.0,644.0,974,1470,2360,4390.0,7610.0
01520500,04-10,385.0,623.0,925,1520,2470,4270.0,5370.0
01520500,04-11,379.0,588.0,894,1470,2760,4990.0,6370.0
01520500,04-12,385.0,522.0,846,1520,2940,5080.0,6170.0
01520500,04-13,446.0,502.0,776,1560,2740,3920.0,5400.0
01520500,04-14,420.0,478.0,742,1360,2180,3540.0,5270.0
01520500,04-15,426.0,454.0,799,1230,2270,3990.0,6440.0
01520500,04-16,367.0,435.0,739,1190,2340,3920.0,5410.0
01520500,04-17,377.0,408.0,687,1250,2220,4060.0,7710.0
01520500,04-18,370.0,399.0,668,1160,1940,3810.0,5130.0
01520500,04-19,346.0,384.0,661,1240,1780,3740.0,4210.0
01520500,04-20,318.0,367.0,664,1230,1730,2920.0,5350.0
01520500,04-21,304.0,348.0,642,1000,1840,2870.0,5650.0
01520500,04-22,308.0,366.0,645,980,1670,4200.0,6230.0
01520500,04-23,291.0,379.0,634,912,1640,3550.0,4210.0
01520500,04-24,323.0,410.0,606,922,1640,2890.0,4300.0
01520500,04-25,379.0,420.0,578,925,1560,3670.0,6050.0
01520500,04-26,374.0,408.0,563,908,1490,2820.0,5070.0
01520500,04-27,350.0,389.0,580,856,1660,2980.0,4000.0
01520500,04-28,327.0,384.0,581,820,1510,3190.0,4690.0
01520500,04-29,315.0,345.0,553,841,1490,2750.0,3400.0
01520500,04-30,270.0,329.0,504,840,1410,2710.0,3750.0
01520500,05-01,275.0,304.0,488,794,1280,2320.0,3350.0
01520500,05-02,266.0,374.0,498,719,1410,2360.0,4440.0
01520500,05-03,255.0,334.0,468,782,1430,2010.0,3640.0
01520500,05-04,246.0,323.0,419,828,1280,2270.0,4020.0
01520500,05-05,236.0,284.0,428,796,1390,2510.0,4200.0
01520500,05-06,224.0,267.0,427,740,1210,2890.0,4490.0
01520500,05-07,231.0,280.0,407,673,1440,3130.0,6620.0
01520500,05-08,232.0,288.0,423,683,1670,2920.0,5720.0
01520500,05-09,228.0,272.0,410,690,1680,3150.0,4480.0
01520500,05-10,234.0,259.0,395,666,1540,3900.0,4810.0
01520500,05-11,225.0,244.0,405,612,1280,2770.0,5240.0
01520500,05-12,193.0,225.0,494,780,1420,2930.0,4270.0
01520500,05-13,180.0,209.0,426,703,1580,2790.0,4010.0
01520500,05-14,171.0,198.0,396,728,1420,3150.0,4070.0
01520500,05-15,166.0,198.0,377,747,1330,2690.0,3260.0
01520500,05-16,164.0,201.0,403,772,1520,2430.0,4250.0
01520500,05-17,165.0,232.0,347,740,1730,2430.0,3830.0
01520500,05-18,155.0,218.0,378,717,1450,2060.0,3400.0
01520500,05-19,147.0,220.0,350,724,1340,2530.0,3360.0
01520500,05-20,173.0,236.0,355,737,1200,2530.0,5540.0
01520500,05-21,174.0,228.0,344,720,1430,3310.0,3880.0
01520500,05-22,169.0,213.0,343,673,1360,3080.0,4960.0
01520500,05-23,159.0,201.0,314,647,1230,2960.0,4200.0
01520500,05-24,171.0,197.0,286,640,1140,2560.0,3780.0
01520500,05-25,151.0,188.0,264,579,1190,2180.0,3080.0
01520500,05-26,143.0,179.0,252,622,1110,2260.0,3570.0
01520500,05-27,129.0,159.0,238,517,969,1730.0,3300.0
01520500,05-28,129.0,160.0,251,494,936,1660.0,3530.0
01520500,05-29,120.0,147.0,276,512,886,1650.0,2390.0
01520500,05-30,126.0,155.0,242,523,1020,1870.0,3700.0
01520500,05-31,107.0,153.0,230,433,850,1400.0,3180.0
01520500,06-01,116.0,154.0,219,453,805,1480.0,2330.0
01520500,06-02,103.0,151.0,248,421,726,1360.0,2240.0
01520500,06-03,109.0,145.0,222,377,635,1690.0,2330.0
01520500,06-04,115.0,141.0,196,350,744,1630.0,2270.0
01520500,06-05,102.0,132.0,192,338,760,1410.0,1730.0
01520500,06-06,102.0,120.0,198,323,666,1170.0,2320.0
01520500,06-07,96.0,116.0,208,328,628,1530.0,3040.0
01520500,06-08,88.0,106.0,180,292,607,1310.0,1830.0
01520500,06-09,76.0,124.0,174,281,535,990.0,1640.0
01520500,06-10,79.0,117.0,183,278,584,1050.0,1390.0
01520500,06-11,87.0,118.0,196,291,512,858.0,1250.0
01520500,06-12,93.0,115.0,180,270,432,847.0,1440.0
01520500,06-13,93.0,124.0,166,255,464,962.0,1290.0
01520500,06-14,104.0,124.0,157,234,518,929.0,1470.0
01520500,06-15,95.0,116.0,160,255,549,998.0,4310.0
01520500,06-16,90.0,114.0,160,222,525,794.0,2300.0
01520500,06-17,81.0,103.0,143,220,404,1430.0,1710.0
01520500,06-18,81.0,95.0,141,198,351,1090.0,2180.0
01520500,06-19,84.0,93.0,134,223,500,1140.0,1910.0
01520500,06-20,84.0,97.0,124,212,504,856.0,2390.0
01520500,06-21,83.0,100.0,120,203,406,747.0,2250.0
01520500,06-22,82.0,88.0,119,192,404,865.0,2390.0
01520500,06-23,78.0,86.0,117,182,374,619.0,1430.0
01520500,06-24,69.0,76.0,113,188,341,696.0,3060.0
01520500,06-25,68.0,75.0,105,167,330,880.0,3020.0
01520500,06-26,62.0,71.0,97,163,307,1130.0,2630.0
01520500,06-27,57.0,70.0,97,153,300,1010.0,1610.0
01520500,06-28,51.0,66.0,95,149,334,1010.0,2880.0
01520500,06-29,49.0,64.0,94,138,333,1010.0,1530.0
01520500,06-30,48.0,66.0,91,143,332,870.0,1600.0
01520500,07-01,52.0,60.0,87,148,342,974.0,2080.0
01520500,07-02,58.0,65.0,92,153,397,1040.0,1560.0
01520500,07-03,53.0,61.0,88,149,440,820.0,1350.0
01520500,07-04,49.0,61.0,84,159,370,681.0,983.0
01520500,07-05,47.0,62.0,90,163,303,549.0,1260.0
01520500,07-06,43.0,58.0,91,150,294,488.0,984.0
01520500,07-07,46.0,55.0,93,128,281,628.0,1290.0
01520500,07-08,45.0,50.0,90,122,264,764.0,2020.0
01520500,07-09,43.0,48.0,83,122,225,819.0,1130.0
01520500,07-10,39.0,48.0,85,121,226,694.0,1090.0
01520500,07-11,40.0,51.0,82,124,228,586.0,768.0
01520500,07-12,41.0,54.0,74,126,214,500.0,1660.0
01520500,07-13,41.0,48.0,69,118,214,644.0,1720.0
01520500,07-14,36.0,46.0,69,127,254,633.0,1250.0
01520500,07-15,36.0,43.0,65,120,265,636.0,861.0
01520500,07-16,33.0,41.0,62,128,223,572.0,1130.0
01520500,07-17,31.0,43.0,65,123,227,470.0,725.0
01520500,07-18,33.0,45.0,63,116,231,385.0,1190.0
01520500,07-19,34.0,46.0,65,112,177,324.0,1140.0
01520500,07-20,31.0,46.0,69,109,230,316.0,805.0
01520500,07-21,27.0,44.0,65,120,220,579.0,775.0
01520500,07-22,29.0,41.0,63,116,236,477.0,1000.0
01520500,07-23,28.0,42.0,67,120,240,565.0,989.0
01520500,07-24,31.0,41.0,64,108,222,625.0,770.0
01520500,07-25,34.0,39.0,68,105,256,470.0,925.0
01520500,07-26,31.0,41.0,64,113,206,373.0,480.0
01520500,07-27,29.0,36.0,69,109,214,357.0,448.0
01520500,07-28,29.0,40.0,66,102,199,343.0,447.0
01520500,07-29,29.0,40.0,62,103,191,341.0,457.0
01520500,07-30,32.0,44.0,65,119,192,338.0,576.0
01520500,07-31,30.0,41.0,70,116,170,356.0,449.0
01520500,08-01,33.0,37.0,66,113,172,435.0,499.0
01520500,08-02,29.0,37.0,63,105,174,388.0,752.0
01520500,08-03,22.0,36.0,62,99,180,388.0,595.0
01520500,08-04,24.0,36.0,62,96,185,518.0,824.0
01520500,08-05,24.0,39.0,65,92,160,521.0,685.0
01520500,08-06,28.0,36.0,63,94,158,402.0,548.0
01520500,08-07,29.0,36.0,54,92,176,423.0,651.0
01520500,08-08,28.0,36.0,54,91,183,547.0,1190.0
01520500,08-09,25.0,36.0,56,91,186,528.0,1060.0
01520500,08-10,25.0,36.0,54,91,179,636.0,1040.0
01520500,08-11,24.0,34.0,56,97,185,442.0,715.0
01520500,08-12,24.0,32.0,53,97,185,378.0,1160.0
01520500,08-13,28.0,34.0,53,97,192,614.0,1280.0
01520500,08-14,26.0,32.0,55,93,179,641.0,2970.0
01520500,08-15,26.0,32.0,55,88,212,541.0,1120.0
01520500,08-16,25.0,29.0,56,86,167,556.0,1210.0
01520500,08-17,26.0,30.0,55,90,147,549.0,1030.0
01520500,08-18,24.0,30.0,54,90,189,679.0,1100.0
01520500,08-19,25.0,26.0,54,81,163,589.0,1530.0
01520500,08-20,21.0,29.0,55,79,170,700.0,1750.0
01520500,08-21,22.0,28.0,54,75,142,526.0,870.0
01520500,08-22,21.0,27.0,51,78,169,423.0,870.0
01520500,08-23,20.0,31.0,48,77,181,423.0,1010.0
01520500,08-24,20.0,31.0,45,79,171,423.0,864.0
01520500,08-25,19.0,31.0,47,75,171,351.0,615.0
01520500,08-26,17.0,28.0,45,74,141,348.0,1040.0
01520500,08-27,17.0,25.0,46,75,133,336.0,970.0
01520500,08-28,18.0,28.0,52,84,122,556.0,1570.0
01520500,08-29,23.0,26.0,51,90,155,473.0,1610.0
01520500,08-30,20.0,24.0,50,88,145,559.0,831.0
01520500,08-31,20.0,26.0,48,88,157,451.0,614.0
01520500,09-01,21.0,25.0,46,86,175,431.0,676.0
01520500,09-02,19.0,24.0,47,81,146,396.0,678.0
01520500,09-03,18.0,27.0,49,80,141,436.0,506.0
01520500,09-04,18.0,27.0,48,75,117,417.0,589.0
01520500,09-05,19.0,28.0,51,76,115,302.0,382.0
01520500,09-06,22.0,29.0,49,82,133,357.0,618.0
01520500,09-07,21.0,28.0,48,76,132,351.0,519.0
01520500,09-08,19.0,23.0,48,81,131,263.0,436.0
01520500,09-09,18.0,21.0,49,83,140,253.0,402.0
01520500,09-10,18.0,22.0,47,82,148,309.0,568.0
01520500,09-11,18.0,22.0,43,82,146,307.0,894.0
01520500,09-12,16.0,23.0,43,80,160,420.0,785.0
01520500,09-13,16.0,26.0,47,80,165,562.0,799.0
01520500,09-14,16.0,30.0,49,81,145,471.0,750.0
01520500,09-15,17.0,30.0,52,86,178,388.0,1160.0
01520500,09-16,17.0,32.0,53,88,189,345.0,522.0
01520500,09-17,17.0,33.0,55,86,164,456.0,1040.0
01520500,09-18,17.0,30.0,53,84,177,477.0,645.0
01520500,09-19,19.0,30.0,53,84,182,396.0,834.0
01520500,09-20,20.0,30.0,50,86,178,447.0,673.0
01520500,09-21,23.0,28.0,48,86,176,372.0,634.0
01520500,09-22,22.0,29.0,49,79,205,550.0,695.0
01520500,09-23,21.0,29.0,54,84,250,469.0,1430.0
01520500,09-24,22.0,29.0,52,84,242,532.0,805.0
01520500,09-25,22.0,30.0,52,81,188,483.0,3320.0
01520500,09-26,23.0,29.0,50,80,193,453.0,2310.0
01520500,09-27,26.0,30.0,52,82,180,495.0,1850.0
01520500,09-28,26.0,31.0,57,88,204,936.0,1970.0
01520500,09-29,23.0,32.0,55,100,207,688.0,960.0
01520500,09-30,25.0,34.0,55,98,235,650.0,1590.0
01520500,10-01,28.0,34.0,52,98,205,678.0,1370.0
01520500,10-02,29.0,34.0,54,100,217,723.0,1870.0
01520500,10-03,30.0,39.0,61,96,210,533.0,1310.0
01520500,10-04,30.0,36.0,61,98,212,597.0,905.0
01520500,10-05,28.0,33.0,58,98,195,620.0,1180.0
01520500,10-06,30.0,37.0,59,100,184,566.0,1800.0
01520500,10-07,29.0,35.0,63,100,211,734.0,1700.0
01520500,10-08,28.0,43.0,65,97,241,487.0,1390.0
01520500,10-09,27.0,43.0,66,103,234,824.0,1800.0
01520500,10-10,28.0,46.0,66,107,223,740.0,1150.0
01520500,10-11,28.0,44.0,64,95,203,599.0,1150.0
01520500,10-12,29.0,44.0,64,92,198,582.0,1310.0
01520500,10-13,29.0,42.0,62,95,187,603.0,1550.0
01520500,10-14,32.0,43.0,60,93,189,635.0,1280.0
01520500,10-15,29.0,44.0,59,96,261,667.0,1100.0
01520500,10-16,28.0,42.0,64,103,329,645.0,1420.0
01520500,10-17,30.0,42.0,65,108,340,856.0,2130.0
01520500,10-18,33.0,41.0,68,106,303,1060.0,2860.0
01520500,10-19,32.0,39.0,67,112,282,1100.0,2740.0
01520500,10-20,34.0,38.0,67,107,271,752.0,2000.0
01520500,10-21,34.0,38.0,66,112,273,1390.0,2080.0
01520500,10-22,32.0,41.0,69,112,261,1190.0,2290.0
01520500,10-23,30.0,46.0,69,110,271,1210.0,1760.0
01520500,10-24,34.0,43.0,70,119,404,1130.0,1600.0
01520500,10-25,32.0,45.0,74,120,425,1060.0,1620.0
01520500,10-26,31.0,46.0,74,121,391,1200.0,2700.0
01520500,10-27,29.0,45.0,75,133,657,1420.0,2630.0
01520500,10-28,29.0,47.0,76,148,662,1910.0,3580.0
01520500,10-29,31.0,45.0,76,143,630,1320.0,4870.0
01520500,10-30,31.0,44.0,73,194,593,2190.0,3370.0
01520500,10-31,28.0,42.0,74,174,639,1490.0,3550.0
01520500,11-01,35.0,41.0,75,206,636,1490.0,3110.0
01520500,11-02,38.0,45.0,75,220,633,1480.0,3060.0
01520500,11-03,40.0,48.0,81,217,722,1560.0,3080.0
01520500,11-04,40.0,52.0,78,223,728,1540.0,2450.0
01520500,11-05,40.0,48.0,86,230,628,1200.0,1910.0
01520500,11-06,40.0,47.0,94,222,614,1200.0,2340.0
01520500,11-07,42.0,58.0,122,250,640,1340.0,2450.0
01520500,11-08,43.0,58.0,114,292,662,1160.0,1760.0
01520500,11-09,43.0,71.0,120,335,582,1090.0,1900.0
01520500,11-10,46.0,76.0,118,299,565,1220.0,2590.0
01520500,11-11,48.0,86.0,118,259,583,1430.0,2740.0
01520500,11-12,48.0,82.0,117,279,563,1320.0,2790.0
01520500,11-13,48.0,83.0,136,297,694,2120.0,3380.0
01520500,11-14,48.0,84.0,131,280,683,1810.0,3110.0
01520500,11-15,56.0,84.0,148,271,624,1360.0,1720.0
01520500,11-16,58.0,85.0,160,303,733,1350.0,2310.0
01520500,11-17,54.0,83.0,180,310,746,1600.0,2910.0
01520500,11-18,47.0,85.0,172,339,744,1510.0,2150.0
01520500,11-19,47.0,86.0,177,317,676,1270.0,1670.0
01520500,11-20,56.0,81.0,174,315,841,1450.0,2150.0
01520500,11-21,70.0,81.0,186,338,827,1400.0,1800.0
01520500,11-22,67.0,87.0,181,395,817,1240.0,1550.0
01520500,11-23,67.0,88.0,197,441,828,1290.0,2290.0
01520500,11-24,67.0,103.0,204,393,822,1170.0,2260.0
01520500,11-25,66.0,115.0,200,406,693,1300.0,2330.0
01520500,11-26,65.0,114.0,193,410,635,1360.0,3550.0
01520500,11-27,76.0,105.0,208,387,650,1540.0,4230.0
01520500,11-28,76.0,109.0,211,388,836,1380.0,4500.0
01520500,11-29,76.0,132.0,233,386,846,2200.0,4010.0
01520500,11-30,81.0,136.0,222,356,868,2030.0,2510.0
01520500,12-01,86.0,138.0,213,358,831,1750.0,2360.0
01520500,12-02,77.0,135.0,203,368,797,1680.0,2630.0
01520500,12-03,74.0,132.0,215,422,785,1430.0,2740.0
01520500,12-04,72.0,120.0,206,464,1020,1820.0,4150.0
01520500,12-05,73.0,128.0,206,472,917,1880.0,3100.0
01520500,12-06,77.0,121.0,230,479,894,1830.0,2690.0
01520500,12-07,84.0,122.0,241,517,912,1650.0,2730.0
01520500,12-08,83.0,140.0,277,500,994,1510.0,3140.0
01520500,12-09,81.0,116.0,283,540,934,1790.0,2730.0
01520500,12-10,88.0,122.0,276,522,999,2050.0,2510.0
01520500,12-11,76.0,127.0,238,545,1110,1850.0,2270.0
01520500,12-12,76.0,131.0,228,520,1110,1800.0,2380.0
01520500,12-13,72.0,119.0,240,520,1010,1660.0,2530.0
01520500,12-14,88.0,130.0,235,556,900,1760.0,2520.0
01520500,12-15,67.0,132.0,255,540,862,1600.0,3710.0
01520500,12-16,72.0,130.0,260,525,903,1390.0,2800.0
01520500,12-17,77.0,132.0,270,450,900,1610.0,1900.0
01520500,12-18,75.0,131.0,257,472,858,1960.0,3900.0
01520500,12-19,73.0,142.0,237,395,879,1920.0,3500.0
01520500,12-20,76.0,124.0,237,430,787,1710.0,2330.0
01520500,12-21,78.0,135.0,243,432,906,2310.0,4100.0
01520500,12-22,82.0,140.0,246,440,743,2510.0,3790.0
01520500,12-23,84.0,150.0,240,460,823,2480.0,4210.0
01520500,12-24,98.0,158.0,265,438,872,1990.0,3570.0
01520500,12-25,98.0,145.0,290,528,924,2760.0,3470.0
01520500,12-26,100.0,143.0,270,520,1080,2120.0,3100.0
01520500,12-27,116.0,144.0,233,450,986,2140.0,3560.0
01520500,12-28,120.0,145.0,240,426,1090,2320.0,3280.0
01520500,12-29,112.0,146.0,245,470,1120,2750.0,3760.0
01520500,12-30,104.0,137.0,228,470,1190,3020.0,4540.0
01520500,12-31,102.0,139.0,210,438,1330,2450.0,3740.0
01525500,01-01,46.0,63.0,92,240,486,966.0,1940.0
01525500,01-02,44.0,57.0,98,240,410,932.0,1400.0
01525500,01-03,42.0,56.0,102,235,542,952.0,1250.0
01525500,01-04,43.0,60.0,114,248,440,862.0,1450.0
01525500,01-05,42.0,61.0,104,216,430,654.0,1170.0
01525500,01-06,44.0,61.0,95,232,459,987.0,1780.0
01525500,01-07,40.0,56.0,102,220,440,787.0,1260.0
01525500,01-08,39.0,53.0,93,210,392,456.0,638.0
01525500,01-09,37.0,50.0,100,201,338,445.0,1170.0
01525500,01-10,36.0,53.0,100,200,381,988.0,1570.0
01525500,01-11,36.0,50.0,100,195,383,845.0,1220.0
01525500,01-12,35.0,49.0,98,196,430,830.0,2170.0
01525500,01-13,35.0,50.0,91,190,397,1140.0,3270.0
01525500,01-14,34.0,53.0,81,179,389,1060.0,2410.0
01525500,01-15,34.0,51.0,101,170,408,1300.0,1350.0
01525500,01-16,33.0,53.0,102,177,474,1080.0,1390.0
01525500,01-17,32.0,50.0,92,165,425,647.0,665.0
01525500,01-18,34.0,48.0,91,162,391,548.0,1130.0
01525500,01-19,33.0,47.0,82,162,402,714.0,1220.0
01525500,01-20,32.0,48.0,83,167,357,510.0,1330.0
01525500,01-21,31.0,51.0,98,161,330,982.0,1500.0
01525500,01-22,31.0,58.0,98,160,314,663.0,948.0
01525500,01-23,32.0,57.0,97,161,312,655.0,2380.0
01525500,01-24,35.0,54.0,100,157,391,774.0,1620.0
01525500,01-25,37.0,52.0,95,165,691,1590.0,3220.0
01525500,01-26,51.0,61.0,101,149,562,1060.0,2850.0
01525500,01-27,48.0,65.0,102,202,506,1280.0,2190.0
01525500,01-28,46.0,62.0,106,193,475,823.0,1430.0
01525500,01-29,44.0,66.0,98,211,500,613.0,874.0
01525500,01-30,42.0,55.0,95,214,412,883.0,1570.0
01525500,01-31,39.0,52.0,87,192,407,1040.0,2710.0
01525500,02-01,38.0,52.0,84,217,402,855.0,1270.0
01525500,02-02,41.0,50.0,82,190,459,764.0,1160.0
01525500,02-03,41.0,49.0,88,160,388,608.0,941.0
01525500,02-04,40.0,46.0,83,178,388,582.0,1090.0
01525500,02-05,41.0,48.0,90,184,305,482.0,1210.0
01525500,02-06,43.0,49.0,95,180,326,468.0,738.0
01525500,02-07,39.0,55.0,95,165,274,490.0,959.0
01525500,02-08,42.0,54.0,83,170,310,440.0,2290.0
01525500,02-09,39.0,55.0,80,166,296,426.0,1230.0
01525500,02-10,37.0,52.0,81,170,309,765.0,1070.0
01525500,02-11,37.0,50.0,100,177,352,668.0,1540.0
01525500,02-12,38.0,47.0,101,176,346,707.0,1750.0
01525500,02-13,38.0,47.0,100,182,318,1560.0,2030.0
01525500,02-14,41.0,51.0,105,175,349,908.0,2640.0
01525500,02-15,42.0,52.0,113,185,413,1030.0,1870.0
01525500,02-16,40.0,55.0,97,213,469,1050.0,1540.0
01525500,02-17,36.0,53.0,113,224,405,769.0,1140.0
01525500,02-18,42.0,56.0,105,246,437,657.0,1050.0
01525500,02-19,42.0,76.0,116,233,422,1060.0,1280.0
01525500,02-20,45.0,77.0,105,201,461,1480.0,2790.0
01525500,02-21,45.0,68.0,110,218,625,2040.0,2570.0
01525500,02-22,46.0,64.0,99,221,614,1190.0,1720.0
01525500,02-23,62.0,80.0,113,244,710,1030.0,1620.0
01525500,02-24,69.0,80.0,94,234,539,1320.0,2410.0
01525500,02-25,70.0,76.0,103,261,650,1600.0,2260.0
01525500,02-26,69.0,79.0,100,255,621,1300.0,2730.0
01525500,02-27,69.0,75.0,126,254,748,2140.0,2660.0
01525500,02-28,67.0,73.0,140,338,694,1370.0,2410.0
01525500,02-29,,70.0,104,308,861,1460.0,
01525500,03-01,68.0,74.0,141,372,763,1450.0,2090.0
01525500,03-02,68.0,79.0,133,342,618,920.0,1990.0
01525500,03-03,66.0,90.0,131,349,562,1260.0,2300.0
01525500,03-04,67.0,85.0,142,308,639,1600.0,2840.0
01525500,03-05,72.0,84.0,160,277,861,1860.0,3110.0
01525500,03-06,73.0,89.0,160,361,1380,3400.0,4350.0
01525500,03-07,70.0,90.0,146,355,1210,2440.0,3770.0
01525500,03-08,73.0,99.0,171,353,726,2200.0,3150.0
01525500,03-09,78.0,112.0,161,382,742,1510.0,3220.0
01525500,03-10,75.0,95.0,206,376,621,1360.0,3070.0
01525500,03-11,80.0,111.0,233,403,971,1960.0,4060.0
01525500,03-12,82.0,142.0,243,448,987,2710.0,3480.0
01525500,03-13,105.0,149.0,244,534,1210,1860.0,2820.0
01525500,03-14,100.0,148.0,266,532,1070,1410.0,2630.0
01525500,03-15,101.0,156.0,280,512,962,2460.0,3350.0
01525500,03-16,100.0,171.0,288,584,1180,2530.0,3850.0
01525500,03-17,122.0,161.0,253,556,1430,2840.0,4010.0
01525500,03-18,123.0,167.0,267,484,1090,2670.0,3730.0
01525500,03-19,142.0,165.0,296,525,959,2110.0,2260.0
01525500,03-20,139.0,172.0,268,568,1180,1580.0,2120.0
01525500,03-21,163.0,231.0,337,554,900,1850.0,2710.0
01525500,03-22,154.0,222.0,317,504,873,2430.0,3610.0
01525500,03-23,184.0,240.0,334,461,874,2170.0,2660.0
01525500,03-24,160.0,243.0,319,558,1270,1990.0,2250.0
01525500,03-25,213.0,279.0,336,583,1200,1900.0,3020.0
01525500,03-26,204.0,265.0,358,612,1070,1750.0,2820.0
01525500,03-27,196.0,232.0,349,566,983,1970.0,3070.0
01525500,03-28,215.0,239.0,380,622,1010,1700.0,2600.0
01525500,03-29,217.0,297.0,393,550,1060,1930.0,3170.0
01525500,03-30,224.0,280.0,370,573,1220,2880.0,4540.0
01525500,03-31,227.0,260.0,375,558,1190,2040.0,7360.0
01525500,04-01,217.0,273.0,373,644,1210,2600.0,3640.0
01525500,04-02,268.0,313.0,437,788,1310,2420.0,3420.0
01525500,04-03,252.0,285.0,415,780,1820,3280.0,3530.0
01525500,04-04,225.0,273.0,367,610,1950,3330.0,6740.0
01525500,04-05,202.0,265.0,354,760,1750,4760.0,5950.0
01525500,04-06,189.0,245.0,409,817,2010,3580.0,5450.0
01525500,04-07,180.0,216.0,480,815,1550,2620.0,3090.0
01525500,04-08,178.0,252.0,469,767,1330,2260.0,3360.0
01525500,04-09,167.0,275.0,416,621,1220,1640.0,2540.0
01525500,04-10,156.0,245.0,419,615,1120,1790.0,2150.0
01525500,04-11,166.0,213.0,386,628,932,1510.0,1790.0
01525500,04-12,168.0,230.0,366,675,956,2510.0,3160.0
01525500,04-13,165.0,239.0,391,581,990,2060.0,2800.0
01525500,04-14,155.0,226.0,387,502,1080,1480.0,2230.0
01525500,04-15,148.0,210.0,348,491,888,2700.0,3060.0
01525500,04-16,149.0,192.0,320,534,917,1700.0,2620.0
01525500,04-17,145.0,187.0,314,585,888,1860.0,2180.0
01525500,04-18,130.0,187.0,318,520,827,1410.0,1470.0
01525500,04-19,124.0,168.0,323,500,942,1260.0,1960.0
01525500,04-20,124.0,164.0,310,476,863,1510.0,1990.0
01525500,04-21,123.0,159.0,303,460,867,1470.0,2450.0
01525500,04-22,132.0,189.0,318,418,848,1770.0,2760.0
01525500,04-23,143.0,193.0,300,420,730,1490.0,1960.0
01525500,04-24,131.0,188.0,275,430,740,1450.0,2090.0
01525500,04-25,149.0,185.0,273,405,740,1330.0,1480.0
01525500,04-26,151.0,199.0,268,455,680,1450.0,1950.0
01525500,04-27,164.0,203.0,280,448,699,1260.0,2670.0
01525500,04-28,170.0,182.0,247,443,681,1240.0,2570.0
01525500,04-29,150.0,198.0,249,431,653,1040.0,1370.0
01525500,04-30,143.0,190.0,235,367,596,1210.0,1920.0
01525500,05-01,150.0,174.0,218,381,612,936.0,2080.0
01525500,05-02,147.0,163.0,201,364,634,1100.0,1240.0
01525500,05-03,133.0,154.0,192,350,575,1140.0,1430.0
01525500,05-04,123.0,147.0,198,322,621,1000.0,2360.0
01525500,05-05,121.0,135.0,197,280,518,1000.0,1670.0
01525500,05-06,117.0,126.0,185,283,450,1210.0,2840.0
01525500,05-07,108.0,124.0,168,280,597,1500.0,2510.0
01525500,05-08,103.0,127.0,175,316,748,1180.0,2020.0
01525500,05-09,109.0,131.0,166,287,727,1010.0,1900.0
01525500,05-10,114.0,126.0,180,324,609,1000.0,1710.0
01525500,05-11,109.0,139.0,199,323,540,990.0,1410.0
01525500,05-12,97.0,136.0,200,323,508,1370.0,2300.0
01525500,05-13,90.0,129.0,189,347,740,1540.0,1920.0
01525500,05-14,86.0,131.0,175,291,609,1110.0,1560.0
01525500,05-15,85.0,126.0,175,306,650,988.0,1410.0
01525500,05-16,86.0,120.0,169,283,683,1070.0,2290.0
01525500,05-17,80.0,128.0,167,302,630,990.0,1300.0
01525500,05-18,76.0,117.0,158,331,596,1020.0,1410.0
01525500,05-19,72.0,106.0,168,300,740,1310.0,1490.0
01525500,05-20,80.0,109.0,176,270,591,1250.0,1860.0
01525500,05-21,80.0,118.0,155,302,576,1050.0,1710.0
01525500,05-22,96.0,125.0,144,290,502,1020.0,2090.0
01525500,05-23,93.0,110.0,139,273,580,1460.0,2630.0
01525500,05-24,92.0,104.0,133,246,521,1120.0,2720.0
01525500,05-25,87.0,99.0,121,238,448,985.0,1870.0
01525500,05-26,75.0,93.0,108,253,451,1370.0,1910.0
01525500,05-27,71.0,82.0,117,227,401,863.0,1920.0
01525500,05-28,68.0,77.0,113,202,330,704.0,1100.0
01525500,05-29,70.0,81.0,132,204,458,869.0,1180.0
01525500,05-30,67.0,78.0,118,195,339,672.0,1340.0
01525500,05-31,61.0,73.0,103,173,273,671.0,973.0
01525500,06-01,61.0,70.0,96,177,247,569.0,988.0
01525500,06-02,55.0,85.0,110,175,378,661.0,1460.0
01525500,06-03,53.0,76.0,108,172,308,668.0,1090.0
01525500,06-04,49.0,72.0,97,165,291,564.0,1130.0
01525500,06-05,46.0,74.0,100,158,258,458.0,648.0
01525500,06-06,45.0,69.0,100,143,242,410.0,761.0
01525500,06-07,44.0,64.0,98,132,269,550.0,650.0
01525500,06-08,42.0,57.0,92,134,233,516.0,1300.0
01525500,06-09,40.0,59.0,89,126,216,659.0,1160.0
01525500,06-10,39.0,59.0,85,130,304,720.0,1950.0
01525500,06-11,44.0,58.0,83,134,301,682.0,1090.0
01525500,06-12,55.0,62.0,78,136,225,545.0,690.0
01525500,06-13,56.0,63.0,84,124,235,545.0,827.0
01525500,06-14,48.0,60.0,85,125,281,384.0,1810.0
01525500,06-15,45.0,56.0,80,118,286,835.0,1060.0
01525500,06-16,42.0,57.0,78,116,256,539.0,924.0
01525500,06-17,40.0,54.0,74,121,230,382.0,601.0
01525500,06-18,41.0,56.0,69,111,205,311.0,744.0
01525500,06-19,42.0,52.0,65,106,177,533.0,602.0
01525500,06-20,45.0,50.0,66,105,164,392.0,546.0
01525500,06-21,42.0,48.0,60,99,200,386.0,1060.0
01525500,06-22,43.0,50.0,64,109,191,561.0,1210.0
01525500,06-23,45.0,48.0,60,99,167,353.0,550.0
01525500,06-24,44.0,47.0,58,97,177,530.0,955.0
01525500,06-25,42.0,45.0,54,85,165,374.0,535.0
01525500,06-26,38.0,43.0,56,85,172,395.0,748.0
01525500,06-27,37.0,39.0,55,81,165,248.0,382.0
01525500,06-28,35.0,38.0,49,91,158,256.0,677.0
01525500,06-29,34.0,36.0,49,114,170,341.0,543.0
01525500,06-30,32.0,36.0,49,90,139,224.0,536.0
01525500,07-01,32.0,36.0,44,79,134,305.0,382.0
01525500,07-02,32.0,37.0,47,74,132,290.0,592.0
01525500,07-03,33.0,36.0,52,97,132,241.0,505.0
01525500,07-04,33.0,35.0,51,92,130,215.0,374.0
01525500,07-05,32.0,35.0,49,76,106,191.0,292.0
01525500,07-06,32.0,34.0,48,81,102,174.0,251.0
01525500,07-07,32.0,34.0,47,75,90,157.0,374.0
01525500,07-08,31.0,33.0,47,70,106,218.0,303.0
01525500,07-09,30.0,34.0,46,68,97,184.0,230.0
01525500,07-10,30.0,37.0,43,70,97,156.0,212.0
01525500,07-11,30.0,34.0,43,73,96,171.0,212.0
01525500,07-12,30.0,31.0,43,70,111,164.0,377.0
01525500,07-13,29.0,31.0,42,66,91,196.0,279.0
01525500,07-14,27.0,30.0,42,69,111,266.0,307.0
01525500,07-15,25.0,28.0,43,66,91,216.0,465.0
01525500,07-16,24.0,27.0,41,64,88,254.0,351.0
01525500,07-17,24.0,27.0,42,59,99,218.0,425.0
01525500,07-18,26.0,29.0,41,60,95,188.0,964.0
01525500,07-19,26.0,31.0,42,60,91,217.0,633.0
01525500,07-20,26.0,30.0,41,58,97,239.0,422.0
01525500,07-21,25.0,28.0,44,64,111,305.0,538.0
01525500,07-22,24.0,26.0,44,70,169,293.0,379.0
01525500,07-23,23.0,26.0,42,72,140,328.0,470.0
01525500,07-24,24.0,27.0,42,72,130,224.0,313.0
01525500,07-25,28.0,30.0,46,74,109,187.0,335.0
01525500,07-26,25.0,29.0,50,67,87,147.0,272.0
01525500,07-27,24.0,29.0,46,61,86,113.0,128.0
01525500,07-28,27.0,33.0,47,62,84,109.0,134.0
01525500,07-29,26.0,29.0,44,59,83,153.0,189.0
01525500,07-30,26.0,31.0,41,59,79,137.0,194.0
01525500,07-31,26.0,31.0,39,62,88,110.0,182.0
01525500,08-01,25.0,30.0,39,57,83,196.0,256.0
01525500,08-02,27.0,28.0,40,56,76,169.0,209.0
01525500,08-03,24.0,28.0,36,53,79,159.0,582.0
01525500,08-04,24.0,26.0,34,53,74,124.0,555.0
01525500,08-05,23.0,26.0,34,52,71,120.0,293.0
01525500,08-06,23.0,26.0,38,50,70,124.0,411.0
01525500,08-07,22.0,25.0,35,49,78,199.0,291.0
01525500,08-08,20.0,24.0,35,49,74,172.0,180.0
01525500,08-09,20.0,24.0,33,47,97,198.0,693.0
01525500,08-10,22.0,24.0,32,49,108,212.0,564.0
01525500,08-11,23.0,25.0,31,51,101,173.0,336.0
01525500,08-12,22.0,25.0,32,47,87,150.0,397.0
01525500,08-13,21.0,25.0,34,49,85,208.0,296.0
01525500,08-14,22.0,25.0,36,51,86,195.0,447.0
01525500,08-15,23.0,27.0,34,48,117,191.0,290.0
01525500,08-16,21.0,28.0,33,49,97,128.0,436.0
01525500,08-17,21.0,27.0,32,54,87,135.0,162.0
01525500,08-18,21.0,26.0,32,54,83,171.0,343.0
01525500,08-19,21.0,25.0,32,50,86,164.0,384.0
01525500,08-20,22.0,25.0,32,46,82,156.0,350.0
01525500,08-21,20.0,24.0,32,46,77,177.0,309.0
01525500,08-22,20.0,23.0,32,52,77,160.0,602.0
01525500,08-23,21.0,23.0,30,52,76,134.0,445.0
01525500,08-24,21.0,23.0,29,47,73,111.0,327.0
01525500,08-25,21.0,23.0,28,44,68,115.0,219.0
01525500,08-26,21.0,23.0,29,47,68,142.0,204.0
01525500,08-27,20.0,25.0,28,46,64,85.0,177.0
01525500,08-28,21.0,24.0,29,45,66,128.0,262.0
01525500,08-29,22.0,24.0,28,45,63,108.0,311.0
01525500,08-30,21.0,23.0,29,44,60,127.0,395.0
01525500,08-31,20.0,22.0,29,44,58,185.0,259.0
01525500,09-01,20.0,22.0,29,43,59,181.0,358.0
01525500,09-02,20.0,22.0,30,43,53,151.0,464.0
01525500,09-03,20.0,22.0,30,41,51,140.0,236.0
01525500,09-04,20.0,23.0,33,40,52,117.0,158.0
01525500,09-05,23.0,24.0,30,41,56,118.0,145.0
01525500,09-06,23.0,25.0,30,44,65,106.0,140.0
01525500,09-07,21.0,23.0,27,41,67,101.0,128.0
01525500,09-08,20.0,22.0,27,41,64,133.0,193.0
01525500,09-09,20.0,21.0,27,41,65,100.0,131.0
01525500,09-10,19.0,20.0,26,42,65,112.0,316.0
01525500,09-11,18.0,21.0,27,41,69,102.0,208.0
01525500,09-12,18.0,20.0,27,41,72,125.0,343.0
01525500,09-13,18.0,22.0,32,41,74,150.0,202.0
01525500,09-14,18.0,21.0,33,44,77,128.0,214.0
01525500,09-15,19.0,22.0,33,43,74,225.0,447.0
01525500,09-16,19.0,23.0,33,41,76,203.0,347.0
01525500,09-17,19.0,22.0,32,42,77,126.0,247.0
01525500,09-18,20.0,22.0,31,44,72,280.0,553.0
01525500,09-19,20.0,22.0,30,42,67,197.0,314.0
01525500,09-20,20.0,22.0,30,45,72,188.0,262.0
01525500,09-21,18.0,23.0,32,45,70,178.0,235.0
01525500,09-22,18.0,23.0,32,45,71,151.0,326.0
01525500,09-23,19.0,23.0,31,43,60,195.0,600.0
01525500,09-24,19.0,23.0,31,42,64,232.0,319.0
01525500,09-25,20.0,24.0,31,41,69,215.0,1010.0
01525500,09-26,21.0,23.0,30,39,62,158.0,694.0
01525500,09-27,22.0,24.0,29,40,72,182.0,401.0
01525500,09-28,21.0,24.0,30,41,78,312.0,595.0
01525500,09-29,21.0,23.0,30,41,62,323.0,733.0
01525500,09-30,20.0,23.0,31,41,92,337.0,1430.0
01525500,10-01,20.0,23.0,32,44,90,344.0,1230.0
01525500,10-02,21.0,23.0,32,41,79,481.0,869.0
01525500,10-03,22.0,24.0,31,43,77,313.0,1090.0
01525500,10-04,24.0,24.0,30,42,81,290.0,867.0
01525500,10-05,22.0,24.0,30,42,72,429.0,933.0
01525500,10-06,20.0,25.0,30,40,80,399.0,659.0
01525500,10-07,21.0,24.0,30,46,125,389.0,1140.0
01525500,10-08,21.0,24.0,33,44,125,304.0,646.0
01525500,10-09,21.0,24.0,34,50,127,281.0,501.0
01525500,10-10,22.0,24.0,33,50,100,263.0,386.0
01525500,10-11,23.0,26.0,32,47,96,198.0,322.0
01525500,10-12,22.0,24.0,30,43,90,238.0,290.0
01525500,10-13,22.0,24.0,31,44,86,219.0,272.0
01525500,10-14,23.0,25.0,31,44,91,236.0,531.0
01525500,10-15,24.0,26.0,32,49,85,230.0,617.0
01525500,10-16,24.0,27.0,32,52,104,323.0,775.0
01525500,10-17,24.0,27.0,33,53,93,264.0,872.0
01525500,10-18,23.0,27.0,34,54,160,327.0,522.0
01525500,10-19,23.0,26.0,33,53,149,293.0,727.0
01525500,10-20,23.0,27.0,34,54,140,228.0,1300.0
01525500,10-21,23.0,29.0,36,51,123,331.0,987.0
01525500,10-22,24.0,29.0,36,56,113,339.0,893.0
01525500,10-23,25.0,28.0,36,56,105,260.0,604.0
01525500,10-24,25.0,29.0,37,60,143,439.0,1100.0
01525500,10-25,25.0,29.0,39,57,125,700.0,1010.0
01525500,10-26,25.0,30.0,39,55,160,451.0,1240.0
01525500,10-27,24.0,29.0,38,57,178,703.0,1030.0
01525500,10-28,25.0,30.0,38,61,271,620.0,1660.0
01525500,10-29,25.0,30.0,37,70,312,739.0,1480.0
01525500,10-30,26.0,29.0,35,88,278,675.0,2950.0
01525500,10-31,26.0,30.0,35,81,260,824.0,1410.0
01525500,11-01,27.0,30.0,36,90,297,861.0,1820.0
01525500,11-02,27.0,32.0,35,87,289,715.0,1020.0
01525500,11-03,26.0,32.0,36,94,282,563.0,870.0
01525500,11-04,25.0,32.0,36,92,271,665.0,800.0
01525500,11-05,26.0,31.0,38,89,234,457.0,625.0
01525500,11-06,26.0,32.0,39,86,208,436.0,919.0
01525500,11-07,28.0,35.0,45,110,206,495.0,783.0
01525500,11-08,28.0,36.0,50,122,231,507.0,563.0
01525500,11-09,28.0,35.0,49,116,188,459.0,543.0
01525500,11-10,27.0,35.0,49,119,179,335.0,572.0
01525500,11-11,30.0,35.0,45,112,242,436.0,711.0
01525500,11-12,29.0,36.0,46,113,243,435.0,642.0
01525500,11-13,30.0,36.0,45,126,252,490.0,714.0
01525500,11-14,30.0,35.0,52,115,228,415.0,596.0
01525500,11-15,30.0,36.0,56,121,255,436.0,542.0
01525500,11-16,29.0,37.0,60,126,274,519.0,783.0
01525500,11-17,29.0,37.0,62,123,291,550.0,721.0
01525500,11-18,33.0,39.0,70,119,308,724.0,1140.0
01525500,11-19,31.0,35.0,68,108,310,679.0,760.0
01525500,11-20,30.0,39.0,59,130,369,584.0,716.0
01525500,11-21,31.0,44.0,66,152,304,535.0,695.0
01525500,11-22,31.0,43.0,71,158,330,584.0,787.0
01525500,11-23,29.0,43.0,68,174,338,597.0,1310.0
01525500,11-24,29.0,42.0,66,166,300,545.0,1100.0
01525500,11-25,30.0,42.0,65,157,308,762.0,1020.0
01525500,11-26,33.0,42.0,76,151,300,596.0,1380.0
01525500,11-27,32.0,42.0,74,163,314,559.0,1420.0
01525500,11-28,32.0,41.0,85,170,313,621.0,1060.0
01525500,11-29,32.0,43.0,82,166,274,731.0,1190.0
01525500,11-30,34.0,49.0,76,145,248,659.0,964.0
01525500,12-01,33.0,49.0,84,152,270,572.0,702.0
01525500,12-02,33.0,47.0,84,142,254,538.0,858.0
01525500,12-03,34.0,46.0,86,138,290,896.0,2260.0
01525500,12-04,36.0,45.0,88,160,398,867.0,1410.0
01525500,12-05,36.0,44.0,94,160,397,804.0,1020.0
01525500,12-06,35.0,41.0,100,195,449,756.0,1090.0
01525500,12-07,34.0,42.0,96,225,438,818.0,1340.0
01525500,12-08,32.0,49.0,110,210,440,996.0,1380.0
01525500,12-09,30.0,49.0,108,226,397,790.0,1360.0
01525500,12-10,31.0,54.0,108,238,402,807.0,1180.0
01525500,12-11,30.0,54.0,100,226,587,953.0,2180.0
01525500,12-12,36.0,52.0,98,210,500,1020.0,1790.0
01525500,12-13,34.0,54.0,113,200,456,944.0,1970.0
01525500,12-14,32.0,53.0,100,186,371,692.0,962.0
01525500,12-15,31.0,55.0,100,173,363,583.0,851.0
01525500,12-16,31.0,53.0,110,165,349,588.0,774.0
01525500,12-17,33.0,56.0,96,170,374,577.0,827.0
01525500,12-18,34.0,57.0,102,205,383,783.0,1320.0
01525500,12-19,34.0,54.0,109,195,340,764.0,1170.0
01525500,12-20,36.0,57.0,100,176,300,532.0,605.0
01525500,12-21,29.0,62.0,110,197,360,535.0,1230.0
01525500,12-22,30.0,61.0,104,179,345,954.0,2140.0
01525500,12-23,33.0,55.0,114,195,333,1110.0,1730.0
01525500,12-24,39.0,71.0,120,190,296,882.0,1090.0
01525500,12-25,40.0,65.0,91,187,369,786.0,1190.0
01525500,12-26,44.0,69.0,92,181,349,614.0,896.0
01525500,12-27,53.0,69.0,100,183,334,596.0,1540.0
01525500,12-28,45.0,70.0,108,220,440,1180.0,1640.0
01525500,12-29,42.0,60.0,116,211,567,1500.0,2220.0
01525500,12-30,39.0,63.0,102,221,658,1490.0,1740.0
01525500,12-31,45.0,60.0,92,240,540,1260.0,1930.0
01529500,01-01,76.0,94.0,163,315,666,1130.0,2270.0
01529500,01-02,69.0,94.0,170,320,636,1100.0,1800.0
01529500,01-03,69.0,95.0,172,315,605,1130.0,1430.0
01529500,01-04,64.0,99.0,172,301,570,1210.0,1460.0
01529500,01-05,66.0,95.0,180,280,540,1060.0,1330.0
01529500,01-06,61.0,92.0,180,311,664,959.0,1520.0
01529500,01-07,60.0,89.0,180,305,626,924.0,1310.0
01529500,01-08,68.0,90.0,175,280,501,801.0,1190.0
01529500,01-09,72.0,108.0,171,280,479,864.0,1520.0
01529500,01-10,74.0,98.0,171,275,511,974.0,1470.0
01529500,01-11,63.0,104.0,163,266,547,963.0,1560.0
01529500,01-12,60.0,102.0,152,270,599,972.0,1640.0
01529500,01-13,60.0,99.0,151,244,537,1160.0,2010.0
01529500,01-14,60.0,99.0,156,235,487,1180.0,1650.0
01529500,01-15,61.0,95.0,156,240,568,1040.0,2360.0
01529500,01-16,61.0,93.0,142,240,499,1070.0,1770.0
01529500,01-17,57.0,79.0,140,250,496,839.0,1200.0
01529500,01-18,56.0,79.0,141,237,465,1010.0,1340.0
01529500,01-19,57.0,75.0,135,251,469,977.0,1390.0
01529500,01-20,60.0,85.0,150,255,452,914.0,1560.0
01529500,01-21,66.0,90.0,150,280,477,855.0,1500.0
01529500,01-22,70.0,94.0,146,270,471,1120.0,1860.0
01529500,01-23,75.0,94.0,142,275,460,1030.0,1760.0
01529500,01-24,75.0,92.0,137,274,494,1000.0,1600.0
01529500,01-25,77.0,88.0,163,280,699,1460.0,1770.0
01529500,01-26,78.0,92.0,164,280,623,1100.0,1940.0
01529500,01-27,82.0,95.0,161,270,608,1090.0,1780.0
01529500,01-28,84.0,94.0,161,263,564,979.0,1360.0
01529500,01-29,77.0,86.0,152,255,517,826.0,1030.0
01529500,01-30,73.0,89.0,150,247,548,840.0,979.0
01529500,01-31,78.0,84.0,143,253,500,859.0,1420.0
01529500,02-01,75.0,85.0,140,275,488,861.0,1240.0
01529500,02-02,70.0,82.0,135,290,456,910.0,1220.0
01529500,02-03,75.0,80.0,141,283,448,836.0,1330.0
01529500,02-04,72.0,82.0,140,272,404,952.0,1150.0
01529500,02-05,74.0,89.0,130,280,420,801.0,985.0
01529500,02-06,73.0,94.0,140,268,454,736.0,1110.0
01529500,02-07,76.0,95.0,150,260,415,715.0,1010.0
01529500,02-08,79.0,98.0,150,270,432,688.0,1060.0
01529500,02-09,77.0,94.0,141,255,427,811.0,1370.0
01529500,02-10,73.0,89.0,140,249,424,928.0,1390.0
01529500,02-11,71.0,85.0,146,250,459,870.0,1570.0
01529500,02-12,70.0,88.0,142,265,426,895.0,1950.0
01529500,02-13,70.0,84.0,152,250,493,1300.0,1800.0
01529500,02-14,69.0,86.0,151,270,416,1140.0,1990.0
01529500,02-15,65.0,90.0,172,266,450,1090.0,1750.0
01529500,02-16,64.0,90.0,176,280,557,1170.0,1920.0
01529500,02-17,62.0,95.0,170,280,600,1060.0,1750.0
01529500,02-18,63.0,96.0,172,290,584,999.0,1580.0
01529500,02-19,68.0,90.0,166,310,618,991.0,1740.0
01529500,02-20,70.0,104.0,170,310,595,1380.0,1980.0
01529500,02-21,70.0,110.0,180,297,642,1720.0,2500.0
01529500,02-22,72.0,110.0,176,331,749,1500.0,2100.0
01529500,02-23,87.0,119.0,172,355,790,1510.0,2150.0
01529500,02-24,91.0,120.0,170,373,882,1730.0,2420.0
01529500,02-25,94.0,120.0,193,376,746,1880.0,2550.0
01529500,02-26,120.0,130.0,211,440,778,1600.0,2170.0
01529500,02-27,120.0,130.0,222,401,1040,1620.0,2630.0
01529500,02-28,115.0,130.0,255,452,987,1760.0,2370.0
01529500,02-29,90.0,128.0,160,351,836,1640.0,2480.0
01529500,03-01,115.0,124.0,276,459,900,1420.0,2030.0
01529500,03-02,110.0,124.0,261,472,873,1400.0,1820.0
01529500,03-03,110.0,139.0,266,450,917,1490.0,2380.0
01529500,03-04,113.0,148.0,295,476,1050,2360.0,3780.0
01529500,03-05,124.0,178.0,322,480,1110,2750.0,3540.0
01529500,03-06,130.0,173.0,319,522,1500,2640.0,4430.0
01529500,03-07,139.0,188.0,302,565,1360,2310.0,3350.0
01529500,03-08,154.0,200.0,305,586,1250,2150.0,2920.0
01529500,03-09,161.0,218.0,327,637,1110,1910.0,2610.0
01529500,03-10,164.0,238.0,360,626,1020,1710.0,2600.0
01529500,03-11,180.0,237.0,340,685,1040,1950.0,3010.0
01529500,03-12,199.0,234.0,352,672,1150,2580.0,4250.0
01529500,03-13,203.0,239.0,386,655,1420,2300.0,3130.0
01529500,03-14,207.0,239.0,436,697,1500,2670.0,3190.0
01529500,03-15,209.0,249.0,439,796,1620,2720.0,3720.0
01529500,03-16,202.0,271.0,456,863,1450,2700.0,3960.0
01529500,03-17,222.0,277.0,480,812,1520,2880.0,4030.0
01529500,03-18,216.0,280.0,455,748,1440,2450.0,4070.0
01529500,03-19,257.0,280.0,479,808,1340,2030.0,3080.0
01529500,03-20,267.0,326.0,468,866,1380,2420.0,3290.0
01529500,03-21,278.0,351.0,516,862,1480,2450.0,3090.0
01529500,03-22,284.0,366.0,505,867,1540,2700.0,3730.0
01529500,03-23,286.0,379.0,502,761,1320,2680.0,3710.0
01529500,03-24,316.0,412.0,542,830,1510,2480.0,3490.0
01529500,03-25,345.0,426.0,532,855,1550,2670.0,3600.0
01529500,03-26,382.0,409.0,567,934,1530,2580.0,3400.0
01529500,03-27,363.0,400.0,574,985,1630,2680.0,3600.0
01529500,03-28,363.0,419.0,612,961,1460,2490.0,3290.0
01529500,03-29,365.0,411.0,588,894,1570,2280.0,3070.0
01529500,03-30,366.0,404.0,578,893,1500,2540.0,3060.0
01529500,03-31,356.0,414.0,591,875,1540,2710.0,4080.0
01529500,04-01,365.0,434.0,611,915,1540,3280.0,4050.0
01529500,04-02,364.0,455.0,631,1030,1720,3050.0,4640.0
01529500,04-03,391.0,444.0,647,1040,1880,3290.0,3950.0
01529500,04-04,380.0,430.0,660,1110,1920,3030.0,4770.0
01529500,04-05,364.0,395.0,643,1140,2030,4140.0,5540.0
01529500,04-06,338.0,425.0,642,1060,2320,3450.0,5130.0
01529500,04-07,323.0,474.0,642,1120,1990,3260.0,4830.0
01529500,04-08,309.0,447.0,639,1080,1770,2870.0,3590.0
01529500,04-09,320.0,454.0,620,974,1570,2330.0,3090.0
01529500,04-10,302.0,459.0,610,1020,1610,2380.0,3130.0
01529500,04-11,289.0,402.0,596,1020,1450,2250.0,2620.0
01529500,04-12,309.0,404.0,560,946,1460,2490.0,2810.0
01529500,04-13,290.0,411.0,578,913,1590,2370.0,2870.0
01529500,04-14,271.0,399.0,569,861,1480,2160.0,3020.0
01529500,04-15,275.0,369.0,534,810,1360,2470.0,2790.0
01529500,04-16,260.0,344.0,527,814,1280,1910.0,2490.0
01529500,04-17,272.0,330.0,510,897,1230,1860.0,2690.0
01529500,04-18,272.0,315.0,472,771,1120,1750.0,1990.0
01529500,04-19,255.0,319.0,458,721,1080,1650.0,1910.0
01529500,04-20,246.0,300.0,488,702,1050,1660.0,2280.0
01529500,04-21,250.0,290.0,448,647,1060,1820.0,2300.0
01529500,04-22,247.0,316.0,463,604,1020,2020.0,2860.0
01529500,04-23,258.0,322.0,455,624,975,1980.0,2670.0
01529500,04-24,260.0,320.0,435,614,1100,1700.0,2300.0
01529500,04-25,276.0,334.0,402,559,959,1820.0,2260.0
01529500,04-26,277.0,331.0,401,601,928,1510.0,2240.0
01529500,04-27,264.0,332.0,389,558,865,1290.0,1950.0
01529500,04-28,254.0,323.0,383,539,819,1410.0,1900.0
01529500,04-29,257.0,300.0,375,544,841,1310.0,1730.0
01529500,04-30,239.0,280.0,354,536,724,1680.0,2270.0
01529500,05-01,233.0,261.0,359,492,759,1380.0,1850.0
01529500,05-02,235.0,277.0,343,492,783,1320.0,1770.0
01529500,05-03,227.0,259.0,337,457,788,1520.0,1720.0
01529500,05-04,216.0,244.0,323,457,793,1340.0,1620.0
01529500,05-05,213.0,231.0,302,465,779,1310.0,1800.0
01529500,05-06,201.0,230.0,295,448,687,1530.0,2130.0
01529500,05-07,205.0,218.0,280,450,657,1540.0,2430.0
01529500,05-08,198.0,214.0,274,432,665,1420.0,2340.0
01529500,05-09,193.0,213.0,270,423,824,1350.0,1970.0
01529500,05-10,182.0,206.0,258,415,893,1560.0,2370.0
01529500,05-11,179.0,193.0,277,401,780,1340.0,3200.0
01529500,05-12,176.0,205.0,306,412,807,1770.0,3370.0
01529500,05-13,170.0,194.0,280,421,836,1980.0,2640.0
01529500,05-14,164.0,184.0,265,392,849,1750.0,2160.0
01529500,05-15,159.0,178.0,242,396,905,1560.0,1840.0
01529500,05-16,154.0,178.0,236,424,810,1360.0,1990.0
01529500,05-17,148.0,172.0,234,402,838,1360.0,1630.0
01529500,05-18,145.0,180.0,240,359,784,1220.0,1440.0
01529500,05-19,141.0,167.0,232,365,863,1280.0,1710.0
01529500,05-20,143.0,161.0,230,368,757,1360.0,1760.0
01529500,05-21,135.0,151.0,233,374,754,1370.0,1740.0
01529500,05-22,133.0,159.0,216,366,700,1160.0,1580.0
01529500,05-23,126.0,160.0,216,354,682,1220.0,1640.0
01529500,05-24,124.0,162.0,206,312,626,1190.0,2230.0
01529500,05-25,122.0,154.0,199,316,571,1090.0,2080.0
01529500,05-26,118.0,146.0,186,305,551,1150.0,2050.0
01529500,05-27,120.0,134.0,186,276,520,927.0,1590.0
01529500,05-28,120.0,141.0,182,290,461,976.0,1470.0
01529500,05-29,118.0,139.0,179,293,455,906.0,1360.0
01529500,05-30,106.0,129.0,175,255,463,866.0,1310.0
01529500,05-31,102.0,122.0,165,258,406,878.0,1060.0
01529500,06-01,99.0,112.0,159,267,457,957.0,1270.0
01529500,06-02,98.0,129.0,160,270,475,1040.0,1200.0
01529500,06-03,94.0,124.0,158,268,457,860.0,1690.0
01529500,06-04,90.0,120.0,160,266,449,781.0,1080.0
01529500,06-05,95.0,112.0,147,246,450,642.0,778.0
01529500,06-06,88.0,110.0,141,238,395,780.0,1160.0
01529500,06-07,87.0,104.0,139,229,400,725.0,922.0
01529500,06-08,84.0,99.0,146,229,378,693.0,1100.0
01529500,06-09,82.0,94.0,141,232,353,623.0,852.0
01529500,06-10,73.0,91.0,143,217,365,575.0,887.0
01529500,06-11,73.0,91.0,134,217,392,626.0,1080.0
01529500,06-12,79.0,100.0,131,206,341,657.0,1400.0
01529500,06-13,85.0,99.0,124,211,387,737.0,1010.0
01529500,06-14,83.0,93.0,132,220,383,601.0,1280.0
01529500,06-15,79.0,86.0,126,204,386,723.0,1400.0
01529500,06-16,74.0,85.0,123,199,364,736.0,1330.0
01529500,06-17,70.0,90.0,125,199,338,664.0,1090.0
01529500,06-18,66.0,91.0,122,193,345,737.0,975.0
01529500,06-19,68.0,89.0,117,184,329,578.0,864.0
01529500,06-20,67.0,82.0,117,180,311,605.0,866.0
01529500,06-21,68.0,80.0,112,171,314,650.0,1210.0
01529500,06-22,66.0,82.0,103,162,318,639.0,1490.0
01529500,06-23,68.0,80.0,99,183,284,541.0,1110.0
01529500,06-24,63.0,77.0,95,165,280,521.0,897.0
01529500,06-25,57.0,74.0,95,159,280,599.0,782.0
01529500,06-26,55.0,71.0,96,155,270,535.0,702.0
01529500,06-27,52.0,69.0,98,140,275,505.0,847.0
01529500,06-28,52.0,68.0,99,146,311,561.0,892.0
01529500,06-29,55.0,68.0,97,170,286,474.0,1020.0
01529500,06-30,53.0,66.0,90,159,246,506.0,786.0
01529500,07-01,54.0,66.0,88,159,233,501.0,909.0
01529500,07-02,58.0,65.0,85,160,246,475.0,697.0
01529500,07-03,55.0,64.0,92,146,244,421.0,527.0
01529500,07-04,52.0,62.0,88,141,220,383.0,463.0
01529500,07-05,51.0,60.0,90,136,211,325.0,418.0
01529500,07-06,50.0,56.0,87,131,185,310.0,444.0
01529500,07-07,48.0,56.0,85,124,178,281.0,372.0
01529500,07-08,46.0,60.0,84,120,169,276.0,637.0
01529500,07-09,46.0,59.0,82,121,181,314.0,484.0
01529500,07-10,46.0,54.0,78,116,182,303.0,401.0
01529500,07-11,46.0,52.0,77,122,185,263.0,386.0
01529500,07-12,44.0,50.0,74,124,182,302.0,369.0
01529500,07-13,45.0,50.0,78,123,174,262.0,435.0
01529500,07-14,45.0,52.0,70,130,179,336.0,533.0
01529500,07-15,43.0,52.0,75,118,189,341.0,491.0
01529500,07-16,40.0,49.0,70,113,168,306.0,386.0
01529500,07-17,39.0,51.0,66,107,160,233.0,390.0
01529500,07-18,40.0,49.0,70,102,153,272.0,596.0
01529500,07-19,40.0,47.0,69,102,145,243.0,585.0
01529500,07-20,39.0,49.0,69,102,151,338.0,500.0
01529500,07-21,38.0,48.0,70,111,180,386.0,477.0
01529500,07-22,35.0,45.0,70,111,200,371.0,535.0
01529500,07-23,36.0,47.0,72,114,206,416.0,477.0
01529500,07-24,34.0,46.0,71,115,191,392.0,619.0
01529500,07-25,38.0,44.0,75,107,190,338.0,477.0
01529500,07-26,36.0,46.0,72,102,161,286.0,440.0
01529500,07-27,36.0,45.0,67,97,166,283.0,364.0
01529500,07-28,38.0,44.0,66,96,167,241.0,463.0
01529500,07-29,39.0,45.0,65,96,155,267.0,526.0
01529500,07-30,38.0,44.0,64,94,141,286.0,540.0
01529500,07-31,43.0,47.0,69,96,134,237.0,525.0
01529500,08-01,39.0,46.0,67,98,144,415.0,533.0
01529500,08-02,37.0,42.0,63,90,137,321.0,450.0
01529500,08-03,36.0,42.0,63,90,135,300.0,441.0
01529500,08-04,37.0,40.0,60,85,138,238.0,452.0
01529500,08-05,35.0,44.0,56,85,130,261.0,488.0
01529500,08-06,35.0,42.0,55,84,153,245.0,380.0
01529500,08-07,34.0,40.0,57,83,145,243.0,316.0
01529500,08-08,33.0,37.0,53,83,154,251.0,404.0
01529500,08-09,32.0,40.0,53,84,179,321.0,609.0
01529500,08-10,32.0,38.0,56,90,168,340.0,458.0
01529500,08-11,31.0,40.0,57,90,178,254.0,356.0
01529500,08-12,32.0,39.0,54,91,158,272.0,441.0
01529500,08-13,35.0,39.0,55,80,149,300.0,340.0
01529500,08-14,36.0,39.0,54,82,135,293.0,400.0
01529500,08-15,35.0,39.0,53,80,149,225.0,350.0
01529500,08-16,36.0,41.0,50,80,139,233.0,342.0
01529500,08-17,36.0,40.0,54,82,140,238.0,352.0
01529500,08-18,35.0,40.0,50,80,134,260.0,524.0
01529500,08-19,33.0,39.0,50,81,140,257.0,390.0
01529500,08-20,33.0,40.0,51,76,133,219.0,383.0
01529500,08-21,34.0,37.0,51,71,121,232.0,431.0
01529500,08-22,33.0,38.0,48,73,129,281.0,510.0
01529500,08-23,32.0,37.0,51,73,117,241.0,406.0
01529500,08-24,31.0,36.0,50,71,117,229.0,669.0
01529500,08-25,31.0,35.0,46,66,120,238.0,477.0
01529500,08-26,31.0,35.0,45,66,109,234.0,487.0
01529500,08-27,30.0,36.0,44,67,107,208.0,411.0
01529500,08-28,28.0,36.0,44,67,103,207.0,374.0
01529500,08-29,30.0,34.0,47,68,111,197.0,459.0
01529500,08-30,29.0,33.0,45,72,103,216.0,625.0
01529500,08-31,27.0,34.0,43,69,102,261.0,511.0
01529500,09-01,28.0,33.0,44,67,103,232.0,555.0
01529500,09-02,27.0,31.0,43,67,103,224.0,495.0
01529500,09-03,26.0,31.0,44,68,102,229.0,399.0
01529500,09-04,26.0,34.0,46,68,95,246.0,424.0
01529500,09-05,27.0,33.0,45,66,93,221.0,352.0
01529500,09-06,26.0,31.0,46,62,92,207.0,348.0
01529500,09-07,27.0,31.0,44,65,91,196.0,295.0
01529500,09-08,25.0,30.0,43,61,85,191.0,279.0
01529500,09-09,25.0,30.0,42,64,87,210.0,274.0
01529500,09-10,25.0,30.0,41,62,111,228.0,403.0
01529500,09-11,26.0,30.0,39,61,100,198.0,410.0
01529500,09-12,27.0,30.0,39,62,98,177.0,424.0
01529500,09-13,25.0,29.0,41,65,118,223.0,695.0
01529500,09-14,25.0,29.0,42,70,124,362.0,675.0
01529500,09-15,26.0,28.0,41,80,129,382.0,736.0
01529500,09-16,25.0,28.0,42,74,143,300.0,577.0
01529500,09-17,24.0,28.0,44,72,134,323.0,468.0
01529500,09-18,24.0,29.0,43,74,126,282.0,798.0
01529500,09-19,26.0,29.0,43,71,122,247.0,578.0
01529500,09-20,26.0,30.0,45,70,125,245.0,637.0
01529500,09-21,25.0,28.0,49,68,109,207.0,554.0
01529500,09-22,25.0,28.0,46,66,110,251.0,693.0
01529500,09-23,26.0,30.0,48,64,104,331.0,784.0
01529500,09-24,27.0,33.0,43,61,116,298.0,625.0
01529500,09-25,26.0,33.0,47,60,113,542.0,658.0
01529500,09-26,27.0,31.0,45,60,109,374.0,855.0
01529500,09-27,28.0,33.0,44,61,115,359.0,625.0
01529500,09-28,26.0,33.0,44,69,150,441.0,663.0
01529500,09-29,27.0,33.0,42,69,143,442.0,869.0
01529500,09-30,29.0,35.0,44,74,153,465.0,808.0
01529500,10-01,30.0,35.0,44,77,179,442.0,586.0
01529500,10-02,30.0,33.0,44,68,184,433.0,1050.0
01529500,10-03,28.0,32.0,42,74,162,419.0,966.0
01529500,10-04,26.0,33.0,41,79,159,453.0,808.0
01529500,10-05,27.0,33.0,40,78,152,512.0,805.0
01529500,10-06,29.0,36.0,42,74,156,442.0,822.0
01529500,10-07,30.0,34.0,43,76,159,471.0,716.0
01529500,10-08,29.0,36.0,44,74,203,442.0,588.0
01529500,10-09,30.0,33.0,44,73,199,422.0,754.0
01529500,10-10,29.0,36.0,46,73,188,377.0,640.0
01529500,10-11,29.0,34.0,45,70,175,395.0,603.0
01529500,10-12,31.0,34.0,43,70,164,375.0,504.0
01529500,10-13,31.0,35.0,44,68,167,380.0,477.0
01529500,10-14,32.0,35.0,45,71,183,354.0,515.0
01529500,10-15,33.0,36.0,46,73,184,325.0,478.0
01529500,10-16,31.0,36.0,47,81,179,334.0,488.0
01529500,10-17,31.0,35.0,46,83,165,322.0,512.0
01529500,10-18,32.0,36.0,47,91,190,374.0,679.0
01529500,10-19,32.0,36.0,48,85,199,435.0,1400.0
01529500,10-20,32.0,36.0,50,90,181,529.0,1430.0
01529500,10-21,32.0,36.0,54,91,196,828.0,1620.0
01529500,10-22,33.0,36.0,59,92,185,837.0,1290.0
01529500,10-23,34.0,43.0,59,94,203,752.0,944.0
01529500,10-24,33.0,43.0,60,101,233,612.0,820.0
01529500,10-25,34.0,46.0,59,113,223,616.0,1000.0
01529500,10-26,36.0,46.0,60,107,258,637.0,963.0
01529500,10-27,35.0,46.0,58,110,304,721.0,873.0
01529500,10-28,35.0,44.0,60,108,294,680.0,1030.0
01529500,10-29,35.0,46.0,62,110,327,603.0,1130.0
01529500,10-30,34.0,47.0,62,120,317,829.0,1740.0
01529500,10-31,36.0,43.0,64,120,321,749.0,1240.0
01529500,11-01,36.0,43.0,62,119,365,791.0,1260.0
01529500,11-02,38.0,46.0,64,124,339,842.0,1070.0
01529500,11-03,41.0,47.0,63,133,371,777.0,1310.0
01529500,11-04,39.0,49.0,66,139,378,666.0,980.0
01529500,11-05,37.0,50.0,65,143,364,662.0,1060.0
01529500,11-06,37.0,49.0,68,141,360,550.0,1120.0
01529500,11-07,44.0,51.0,75,160,318,512.0,1100.0
01529500,11-08,45.0,52.0,75,168,294,507.0,886.0
01529500,11-09,43.0,52.0,77,168,295,672.0,798.0
01529500,11-10,45.0,54.0,76,162,321,734.0,1030.0
01529500,11-11,47.0,54.0,82,154,321,614.0,881.0
01529500,11-12,45.0,52.0,87,160,323,688.0,1000.0
01529500,11-13,46.0,56.0,81,176,330,715.0,1280.0
01529500,11-14,45.0,58.0,82,166,334,802.0,1160.0
01529500,11-15,44.0,55.0,81,169,325,852.0,1120.0
01529500,11-16,42.0,59.0,82,169,382,905.0,1630.0
01529500,11-17,42.0,60.0,86,168,388,858.0,1980.0
01529500,11-18,44.0,60.0,90,189,482,982.0,1580.0
01529500,11-19,44.0,58.0,88,194,461,981.0,1240.0
01529500,11-20,44.0,60.0,90,193,480,832.0,1300.0
01529500,11-21,47.0,60.0,97,217,468,802.0,1070.0
01529500,11-22,48.0,60.0,111,209,448,800.0,1010.0
01529500,11-23,50.0,64.0,111,208,450,854.0,1120.0
01529500,11-24,51.0,63.0,117,203,438,742.0,1040.0
01529500,11-25,50.0,63.0,129,207,439,787.0,1120.0
01529500,11-26,52.0,64.0,129,216,423,822.0,1300.0
01529500,11-27,55.0,62.0,131,229,431,1130.0,1530.0
01529500,11-28,53.0,66.0,132,256,534,1060.0,1660.0
01529500,11-29,58.0,69.0,124,255,539,1170.0,1650.0
01529500,11-30,57.0,73.0,124,239,534,952.0,1340.0
01529500,12-01,56.0,73.0,140,232,586,1130.0,1530.0
01529500,12-02,58.0,76.0,130,229,572,1260.0,1930.0
01529500,12-03,53.0,74.0,136,255,595,974.0,1740.0
01529500,12-04,55.0,70.0,140,240,656,977.0,1530.0
01529500,12-05,57.0,70.0,148,275,632,1080.0,1340.0
01529500,12-06,57.0,76.0,156,280,577,1040.0,1500.0
01529500,12-07,64.0,78.0,154,277,592,973.0,1360.0
01529500,12-08,68.0,84.0,150,295,538,851.0,1700.0
01529500,12-09,68.0,85.0,165,319,510,760.0,1370.0
01529500,12-10,64.0,82.0,160,369,506,840.0,1190.0
01529500,12-11,60.0,87.0,145,344,574,882.0,1630.0
01529500,12-12,65.0,87.0,169,321,501,1130.0,1870.0
01529500,12-13,66.0,85.0,181,308,503,1100.0,1630.0
01529500,12-14,68.0,80.0,175,315,568,939.0,1380.0
01529500,12-15,60.0,83.0,175,314,536,999.0,1560.0
01529500,12-16,60.0,74.0,161,300,595,926.0,1280.0
01529500,12-17,63.0,74.0,166,298,539,820.0,1130.0
01529500,12-18,66.0,76.0,180,287,551,849.0,1210.0
01529500,12-19,64.0,84.0,161,290,490,945.0,1180.0
01529500,12-20,65.0,94.0,170,279,452,741.0,994.0
01529500,12-21,68.0,107.0,160,324,457,888.0,1200.0
01529500,12-22,75.0,104.0,150,289,458,754.0,1360.0
01529500,12-23,78.0,98.0,156,288,520,1070.0,1580.0
01529500,12-24,84.0,107.0,170,300,526,964.0,1740.0
01529500,12-25,80.0,110.0,163,329,551,896.0,1780.0
01529500,12-26,87.0,110.0,161,304,534,1000.0,1780.0
01529500,12-27,98.0,110.0,150,285,568,1020.0,1400.0
01529500,12-28,91.0,110.0,156,300,582,1110.0,1380.0
01529500,12-29,85.0,106.0,161,323,656,1010.0,1400.0
01529500,12-30,78.0,97.0,159,306,647,1220.0,1620.0
01529500,12-31,73.0,94.0,150,302,608,1170.0,1560.0
01529950,01-01,481.0,578.0,975,2030,3140,5430.0,10300.0
01529950,01-02,480.0,554.0,948,1870,3290,5560.0,6940.0
01529950,01-03,442.0,527.0,935,1860,3430,4410.0,5180.0
01529950,01-04,405.0,509.0,915,1820,3660,6280.0,6700.0
01529950,01-05,360.0,487.0,875,1900,4050,6970.0,8100.0
01529950,01-06,344.0,471.0,830,1800,3280,6440.0,7130.0
01529950,01-07,341.0,474.0,762,1810,2940,4640.0,5840.0
01529950,01-08,360.0,460.0,739,1660,2220,4330.0,5970.0
01529950,01-09,390.0,498.0,715,1380,2120,4780.0,6640.0
01529950,01-10,382.0,487.0,698,1210,2160,4740.0,13600.0
01529950,01-11,368.0,512.0,690,1160,2420,3850.0,11200.0
01529950,01-12,368.0,511.0,695,1090,3480,6190.0,7200.0
01529950,01-13,368.0,488.0,700,1070,4230,10600.0,14800.0
01529950,01-14,375.0,468.0,735,1130,4490,8890.0,15500.0
01529950,01-15,378.0,471.0,685,1320,3690,6640.0,12700.0
01529950,01-16,380.0,491.0,640,1240,3000,4430.0,11300.0
01529950,01-17,374.0,471.0,655,1180,2600,5020.0,7380.0
01529950,01-18,368.0,457.0,670,1240,2510,4950.0,5820.0
01529950,01-19,358.0,447.0,675,1300,2820,4290.0,10600.0
01529950,01-20,342.0,465.0,695,1360,2600,10600.0,11600.0
01529950,01-21,336.0,458.0,680,1280,2250,6350.0,16800.0
01529950,01-22,332.0,462.0,748,1180,2050,4980.0,12500.0
01529950,01-23,322.0,456.0,800,1200,2320,5380.0,9450.0
01529950,01-24,319.0,427.0,797,1120,2340,5470.0,14700.0
01529950,01-25,314.0,444.0,775,1150,2980,6670.0,13800.0
01529950,01-26,318.0,434.0,757,1180,2860,6830.0,16900.0
01529950,01-27,323.0,428.0,775,1200,2390,6470.0,13900.0
01529950,01-28,385.0,486.0,725,1200,2320,6020.0,11700.0
01529950,01-29,389.0,479.0,688,1070,2160,4390.0,7340.0
01529950,01-30,403.0,501.0,693,1020,2250,3630.0,4870.0
01529950,01-31,411.0,485.0,730,1040,1720,3460.0,5370.0
01529950,02-01,420.0,444.0,760,1070,1750,3390.0,6590.0
01529950,02-02,431.0,542.0,750,996,1930,4810.0,6880.0
01529950,02-03,433.0,649.0,750,1140,2710,5140.0,7920.0
01529950,02-04,440.0,605.0,755,1080,2430,4660.0,5790.0
01529950,02-05,415.0,580.0,716,1260,2850,4810.0,5600.0
01529950,02-06,409.0,549.0,698,1310,2440,4920.0,8510.0
01529950,02-07,407.0,517.0,700,1100,2150,4240.0,9390.0
01529950,02-08,386.0,474.0,690,1120,2210,5430.0,12200.0
01529950,02-09,362.0,468.0,660,1100,2020,6220.0,9400.0
01529950,02-10,359.0,454.0,700,1130,2570,5580.0,8610.0
01529950,02-11,351.0,440.0,748,1200,3100,4610.0,7100.0
01529950,02-12,351.0,434.0,755,1200,2830,4760.0,8810.0
01529950,02-13,348.0,447.0,738,1130,2670,4950.0,9430.0
01529950,02-14,342.0,500.0,715,1110,2360,3480.0,7210.0
01529950,02-15,352.0,518.0,745,1110,2130,4220.0,5710.0
01529950,02-16,433.0,560.0,791,1400,2250,5560.0,11300.0
01529950,02-17,451.0,608.0,789,1510,2510,5870.0,12700.0
01529950,02-18,462.0,589.0,788,1350,2840,7960.0,12200.0
01529950,02-19,423.0,589.0,830,1500,2430,9050.0,14600.0
01529950,02-20,398.0,590.0,885,1430,4220,10700.0,13600.0
01529950,02-21,469.0,624.0,938,1490,4450,9000.0,13400.0
01529950,02-22,532.0,597.0,1020,1530,3960,8150.0,11700.0
01529950,02-23,570.0,676.0,1100,1790,3660,6510.0,9590.0
01529950,02-24,554.0,663.0,1100,1930,4000,7990.0,13700.0
01529950,02-25,528.0,767.0,1090,1830,3870,11600.0,15600.0
01529950,02-26,528.0,794.0,1090,1750,3380,8200.0,10900.0
01529950,02-27,508.0,775.0,1000,1760,3570,6660.0,11800.0
01529950,02-28,488.0,715.0,1010,1700,4090,7180.0,10100.0
01529950,02-29,,749.0,1040,1980,5010,10400.0,
01529950,03-01,489.0,654.0,1060,1770,3510,6410.0,12800.0
01529950,03-02,481.0,664.0,1120,1750,3560,6670.0,9800.0
01529950,03-03,474.0,657.0,1230,1520,3670,7150.0,7510.0
01529950,03-04,474.0,666.0,1210,1680,3890,8030.0,14200.0
01529950,03-05,512.0,704.0,1240,1680,3820,9410.0,14100.0
01529950,03-06,544.0,728.0,1200,1680,3650,11700.0,18700.0
01529950,03-07,661.0,721.0,1190,1930,4060,8760.0,14600.0
01529950,03-08,633.0,778.0,1180,2400,4640,9430.0,13400.0
01529950,03-09,604.0,764.0,1240,2600,4430,10200.0,12800.0
01529950,03-10,627.0,736.0,1410,2720,4150,7160.0,11500.0
01529950,03-11,700.0,916.0,1840,3060,4890,7570.0,11600.0
01529950,03-12,737.0,1130.0,2000,3240,4700,8310.0,13500.0
01529950,03-13,828.0,1100.0,2050,3110,4690,10200.0,13600.0
01529950,03-14,712.0,1170.0,2180,3050,5220,13800.0,16800.0
01529950,03-15,856.0,1070.0,2060,2940,6020,12400.0,21900.0
01529950,03-16,1110.0,1340.0,1900,2990,5900,12300.0,13700.0
01529950,03-17,1130.0,1490.0,2080,2860,5680,10400.0,14900.0
01529950,03-18,1100.0,1600.0,2020,2840,6140,10200.0,16100.0
01529950,03-19,1130.0,1680.0,2220,2830,5710,10600.0,14900.0
01529950,03-20,1060.0,1540.0,2220,3090,4850,10700.0,16400.0
01529950,03-21,979.0,1400.0,2290,2980,4530,11000.0,12700.0
01529950,03-22,949.0,1320.0,2060,3180,5560,12700.0,16100.0
01529950,03-23,991.0,1380.0,1920,3100,4900,9890.0,16100.0
01529950,03-24,1410.0,1510.0,1780,2780,4660,8930.0,15500.0
01529950,03-25,1540.0,1600.0,1840,3330,5160,9520.0,13000.0
01529950,03-26,1520.0,1650.0,2110,3520,6470,8950.0,12600.0
01529950,03-27,1460.0,1550.0,2170,3580,6040,11300.0,16200.0
01529950,03-28,1320.0,1460.0,2200,3540,5640,9560.0,18100.0
01529950,03-29,1280.0,1390.0,2030,3840,5840,9200.0,16800.0
01529950,03-30,1270.0,1440.0,2010,3740,5950,13300.0,15700.0
01529950,03-31,1270.0,1460.0,2030,3810,6500,12600.0,17000.0
01529950,04-01,1430.0,1450.0,2180,3870,7600,15000.0,16300.0
01529950,04-02,1300.0,1460.0,2260,3740,7840,13500.0,18100.0
01529950,04-03,1300.0,1560.0,2290,3870,7200,11000.0,21900.0
01529950,04-04,1320.0,1640.0,2410,4910,7650,14100.0,19300.0
01529950,04-05,1280.0,1660.0,2210,4130,9360,17500.0,20500.0
01529950,04-06,1330.0,1670.0,2420,3730,7080,15900.0,18000.0
01529950,04-07,1220.0,1560.0,2350,3310,6690,16000.0,19700.0
01529950,04-08,1150.0,1670.0,2550,3510,6610,14900.0,17100.0
01529950,04-09,1080.0,1720.0,2360,3360,5850,14300.0,16000.0
01529950,04-10,1010.0,1790.0,2250,3330,6770,13400.0,17400.0
01529950,04-11,1040.0,1660.0,2160,3470,6160,12700.0,16400.0
01529950,04-12,1070.0,1580.0,2140,3380,6060,10300.0,12600.0
01529950,04-13,1090.0,1530.0,2030,3890,5790,10200.0,13200.0
01529950,04-14,1200.0,1420.0,2190,3560,4880,9510.0,18900.0
01529950,04-15,1170.0,1540.0,2180,3320,5860,9430.0,11600.0
01529950,04-16,1100.0,1510.0,2280,3140,6530,9350.0,11100.0
01529950,04-17,1110.0,1420.0,2020,3030,5590,10600.0,20500.0
01529950,04-18,1090.0,1320.0,1970,2940,5020,8760.0,14100.0
01529950,04-19,1030.0,1230.0,1800,2800,4200,8460.0,9210.0
01529950,04-20,981.0,1290.0,1740,2790,4130,10300.0,13800.0
01529950,04-21,913.0,1170.0,1770,2590,4560,9020.0,12900.0
01529950,04-22,926.0,1080.0,1640,2510,4850,7700.0,11100.0
01529950,04-23,935.0,1200.0,1790,2540,4380,7980.0,10600.0
01529950,04-24,1040.0,1340.0,1730,2280,4390,6560.0,9830.0
01529950,04-25,1010.0,1230.0,1620,2290,3840,8530.0,12400.0
01529950,04-26,1070.0,1250.0,1580,2250,4090,8350.0,12600.0
01529950,04-27,965.0,1160.0,1470,2150,4100,7460.0,15900.0
01529950,04-28,897.0,1160.0,1390,2120,3450,6280.0,11100.0
01529950,04-29,860.0,1090.0,1590,2200,3960,6710.0,9310.0
01529950,04-30,788.0,995.0,1450,2310,4020,7950.0,14800.0
01529950,05-01,763.0,975.0,1350,2220,3750,8190.0,15000.0
01529950,05-02,776.0,1090.0,1300,2170,3980,8150.0,10600.0
01529950,05-03,757.0,1030.0,1250,2240,4000,6850.0,9460.0
01529950,05-04,720.0,1020.0,1120,2340,3770,6200.0,8740.0
01529950,05-05,694.0,924.0,1210,2080,3540,5680.0,8000.0
01529950,05-06,685.0,855.0,1200,1890,3300,4990.0,14900.0
01529950,05-07,708.0,801.0,1250,1730,3080,5570.0,13000.0
01529950,05-08,703.0,760.0,1130,1740,2750,4440.0,10900.0
01529950,05-09,694.0,767.0,1110,1780,2780,5420.0,8580.0
01529950,05-10,662.0,738.0,1140,1670,2670,7460.0,10100.0
01529950,05-11,673.0,736.0,1060,1600,3270,10300.0,21600.0
01529950,05-12,607.0,790.0,1130,1770,2670,7840.0,23400.0
01529950,05-13,588.0,714.0,1050,1550,3540,9080.0,15400.0
01529950,05-14,577.0,660.0,984,1690,2990,9150.0,15200.0
01529950,05-15,547.0,617.0,948,1610,3060,7840.0,9600.0
01529950,05-16,523.0,640.0,938,1580,4320,8410.0,14100.0
01529950,05-17,490.0,603.0,1030,1720,3610,5850.0,12000.0
01529950,05-18,481.0,562.0,960,1590,3130,5540.0,9320.0
01529950,05-19,540.0,596.0,934,1630,3110,7190.0,10300.0
01529950,05-20,537.0,652.0,943,1470,2520,6580.0,13500.0
01529950,05-21,513.0,621.0,926,1300,2920,6310.0,9940.0
01529950,05-22,489.0,591.0,815,1150,3170,5910.0,8390.0
01529950,05-23,452.0,585.0,765,1270,2540,6140.0,6560.0
01529950,05-24,419.0,568.0,710,1140,2780,5440.0,8140.0
01529950,05-25,455.0,526.0,694,1000,2510,4710.0,6770.0
01529950,05-26,454.0,495.0,662,1030,2310,4280.0,5390.0
01529950,05-27,409.0,457.0,660,1050,1900,3560.0,4060.0
01529950,05-28,377.0,458.0,639,1070,1830,2800.0,6540.0
01529950,05-29,421.0,442.0,641,1060,2070,3490.0,4720.0
01529950,05-30,402.0,425.0,605,1070,2060,3910.0,7720.0
01529950,05-31,394.0,427.0,575,990,1660,3380.0,6070.0
01529950,06-01,355.0,420.0,572,1100,1960,3960.0,6650.0
01529950,06-02,341.0,459.0,651,1050,2090,3720.0,5930.0
01529950,06-03,328.0,436.0,682,946,1700,3980.0,7410.0
01529950,06-04,318.0,444.0,590,1030,1850,3260.0,4600.0
01529950,06-05,300.0,448.0,589,982,1610,3430.0,5700.0
01529950,06-06,282.0,427.0,609,922,2120,3700.0,12400.0
01529950,06-07,275.0,399.0,606,833,1980,3910.0,12000.0
01529950,06-08,262.0,383.0,569,791,1610,2790.0,8560.0
01529950,06-09,258.0,365.0,592,821,1380,4150.0,9750.0
01529950,06-10,253.0,343.0,588,869,1350,3440.0,7350.0
01529950,06-11,261.0,332.0,557,791,1340,2260.0,3900.0
01529950,06-12,271.0,338.0,544,737,1560,2860.0,4240.0
01529950,06-13,274.0,378.0,530,776,1720,2610.0,3820.0
01529950,06-14,275.0,380.0,526,706,1660,3140.0,11600.0
01529950,06-15,267.0,364.0,473,866,1610,7420.0,10500.0
01529950,06-16,271.0,364.0,449,782,1300,5120.0,9110.0
01529950,06-17,261.0,360.0,462,767,1270,4170.0,9300.0
01529950,06-18,251.0,345.0,427,749,1760,4060.0,5400.0
01529950,06-19,238.0,322.0,422,772,1790,3760.0,6150.0
01529950,06-20,229.0,311.0,417,695,1480,4460.0,6840.0
01529950,06-21,220.0,329.0,406,677,1690,5200.0,10100.0
01529950,06-22,212.0,326.0,411,716,1360,4790.0,9720.0
01529950,06-23,209.0,308.0,449,771,1360,2940.0,5400.0
01529950,06-24,205.0,287.0,418,668,1230,3100.0,4690.0
01529950,06-25,196.0,269.0,405,617,1360,2080.0,3820.0
01529950,06-26,193.0,255.0,383,576,1210,2980.0,5110.0
01529950,06-27,186.0,247.0,375,585,1470,3130.0,5970.0
01529950,06-28,194.0,231.0,343,597,1210,4140.0,8530.0
01529950,06-29,207.0,246.0,331,590,1200,3730.0,6330.0
01529950,06-30,195.0,270.0,355,601,1240,3650.0,7800.0
01529950,07-01,193.0,258.0,350,607,1070,3890.0,6160.0
01529950,07-02,193.0,253.0,339,671,1230,3070.0,3980.0
01529950,07-03,187.0,250.0,344,663,1160,2440.0,2770.0
01529950,07-04,180.0,240.0,299,561,1130,1860.0,2160.0
01529950,07-05,173.0,221.0,324,510,1020,1640.0,4060.0
01529950,07-06,177.0,209.0,309,502,892,1790.0,2420.0
01529950,07-07,172.0,214.0,291,461,738,1650.0,3050.0
01529950,07-08,164.0,218.0,286,445,804,1710.0,3960.0
01529950,07-09,159.0,214.0,296,460,775,1890.0,2510.0
01529950,07-10,165.0,211.0,284,457,791,2120.0,2470.0
01529950,07-11,163.0,196.0,285,436,716,1620.0,1840.0
01529950,07-12,157.0,193.0,270,453,774,1580.0,2100.0
01529950,07-13,166.0,185.0,259,441,671,1720.0,4540.0
01529950,07-14,156.0,194.0,253,484,1020,1800.0,2330.0
01529950,07-15,147.0,196.0,260,453,920,1570.0,4390.0
01529950,07-16,141.0,181.0,233,439,830,1730.0,2710.0
01529950,07-17,155.0,185.0,243,446,810,1540.0,2090.0
01529950,07-18,154.0,180.0,247,444,745,1450.0,3530.0
01529950,07-19,154.0,173.0,264,382,656,1380.0,3310.0
01529950,07-20,153.0,172.0,250,384,610,1540.0,2370.0
01529950,07-21,146.0,181.0,251,386,843,1840.0,2300.0
01529950,07-22,146.0,177.0,253,398,938,2920.0,3900.0
01529950,07-23,140.0,171.0,243,417,990,2250.0,4560.0
01529950,07-24,135.0,173.0,232,418,1030,2030.0,6730.0
01529950,07-25,140.0,164.0,256,382,802,1480.0,7270.0
01529950,07-26,152.0,185.0,263,358,693,1210.0,3620.0
01529950,07-27,163.0,199.0,256,343,685,2020.0,5690.0
01529950,07-28,157.0,182.0,250,348,652,2320.0,4590.0
01529950,07-29,152.0,174.0,233,378,678,2300.0,4260.0
01529950,07-30,157.0,170.0,216,395,723,1580.0,3370.0
01529950,07-31,159.0,165.0,214,387,671,1460.0,4320.0
01529950,08-01,150.0,157.0,216,376,639,1690.0,5690.0
01529950,08-02,144.0,156.0,214,356,621,2010.0,4000.0
01529950,08-03,142.0,155.0,241,337,848,1550.0,2580.0
01529950,08-04,140.0,165.0,218,309,761,1700.0,2570.0
01529950,08-05,139.0,153.0,213,303,803,1400.0,1930.0
01529950,08-06,135.0,146.0,236,296,689,1490.0,1750.0
01529950,08-07,131.0,144.0,210,316,555,1150.0,1290.0
01529950,08-08,130.0,143.0,207,300,774,1080.0,1410.0
01529950,08-09,126.0,167.0,195,301,911,1900.0,5560.0
01529950,08-10,133.0,155.0,206,280,913,2480.0,11200.0
01529950,08-11,139.0,168.0,207,315,627,1360.0,6240.0
01529950,08-12,137.0,168.0,219,330,674,1440.0,4810.0
01529950,08-13,134.0,161.0,206,351,620,2150.0,5850.0
01529950,08-14,133.0,156.0,212,341,625,2970.0,7690.0
01529950,08-15,134.0,152.0,210,316,704,3060.0,7890.0
01529950,08-16,140.0,163.0,220,308,624,2130.0,5120.0
01529950,08-17,154.0,167.0,210,302,569,1520.0,3130.0
01529950,08-18,144.0,171.0,199,296,581,1960.0,4740.0
01529950,08-19,146.0,171.0,188,285,662,2220.0,7160.0
01529950,08-20,167.0,171.0,192,275,753,2000.0,6790.0
01529950,08-21,166.0,170.0,189,279,642,1810.0,9010.0
01529950,08-22,154.0,161.0,217,290,519,1990.0,8530.0
01529950,08-23,151.0,158.0,194,292,505,1930.0,5920.0
01529950,08-24,146.0,159.0,193,278,543,1650.0,3930.0
01529950,08-25,142.0,152.0,192,265,602,1330.0,2310.0
01529950,08-26,138.0,152.0,193,266,553,1090.0,1990.0
01529950,08-27,136.0,159.0,196,249,525,1050.0,2210.0
01529950,08-28,137.0,163.0,199,246,520,1360.0,2110.0
01529950,08-29,142.0,168.0,195,261,537,2250.0,5350.0
01529950,08-30,143.0,164.0,203,241,528,2140.0,4840.0
01529950,08-31,143.0,156.0,200,253,523,1840.0,3180.0
01529950,09-01,143.0,157.0,189,250,538,1440.0,2970.0
01529950,09-02,141.0,160.0,190,246,516,1440.0,6430.0
01529950,09-03,135.0,160.0,197,248,488,1330.0,3800.0
01529950,09-04,129.0,159.0,204,237,454,1430.0,3540.0
01529950,09-05,131.0,152.0,209,267,501,1040.0,2860.0
01529950,09-06,129.0,153.0,203,265,559,1020.0,2110.0
01529950,09-07,139.0,158.0,202,281,542,958.0,2350.0
01529950,09-08,144.0,156.0,204,277,543,1120.0,2520.0
01529950,09-09,146.0,156.0,195,277,542,1600.0,2160.0
01529950,09-10,143.0,154.0,194,269,532,1930.0,6190.0
01529950,09-11,138.0,149.0,190,256,524,1560.0,9580.0
01529950,09-12,134.0,136.0,180,261,582,1480.0,7840.0
01529950,09-13,132.0,136.0,179,278,744,2660.0,8030.0
01529950,09-14,137.0,141.0,175,309,792,3650.0,4540.0
01529950,09-15,137.0,145.0,175,349,723,2800.0,4000.0
01529950,09-16,136.0,144.0,183,326,776,2100.0,2940.0
01529950,09-17,133.0,149.0,200,304,741,1940.0,2220.0
01529950,09-18,135.0,153.0,222,288,754,1890.0,9510.0
01529950,09-19,129.0,153.0,214,289,755,1890.0,8180.0
01529950,09-20,127.0,147.0,201,272,579,1450.0,7170.0
01529950,09-21,126.0,130.0,200,268,588,1330.0,5710.0
01529950,09-22,125.0,136.0,195,262,695,1530.0,8850.0
01529950,09-23,124.0,144.0,195,261,651,3710.0,10400.0
01529950,09-24,122.0,139.0,193,291,734,2880.0,7100.0
01529950,09-25,120.0,148.0,184,292,773,2270.0,6670.0
01529950,09-26,121.0,146.0,185,284,619,2730.0,5490.0
01529950,09-27,131.0,152.0,185,291,719,2310.0,4870.0
01529950,09-28,128.0,146.0,195,395,758,2860.0,6320.0
01529950,09-29,140.0,148.0,206,381,734,3160.0,5840.0
01529950,09-30,139.0,159.0,220,414,975,2640.0,6670.0
01529950,10-01,146.0,162.0,252,391,1170,2700.0,6480.0
01529950,10-02,142.0,163.0,243,362,1070,2400.0,5110.0
01529950,10-03,134.0,156.0,232,349,1050,1850.0,7880.0
01529950,10-04,129.0,152.0,223,349,1020,1800.0,5310.0
01529950,10-05,136.0,152.0,233,350,881,2470.0,5700.0
01529950,10-06,140.0,163.0,232,361,857,3650.0,6020.0
01529950,10-07,136.0,161.0,231,350,892,2570.0,7210.0
01529950,10-08,135.0,167.0,228,350,1010,3350.0,4320.0
01529950,10-09,136.0,168.0,220,358,878,1880.0,2940.0
01529950,10-10,135.0,154.0,221,371,844,1520.0,2530.0
01529950,10-11,135.0,153.0,218,362,822,1590.0,3150.0
01529950,10-12,141.0,154.0,213,351,742,1540.0,3670.0
01529950,10-13,146.0,159.0,213,330,692,1570.0,2860.0
01529950,10-14,142.0,167.0,216,371,758,1590.0,3520.0
01529950,10-15,143.0,176.0,232,395,821,1510.0,5390.0
01529950,10-16,151.0,196.0,246,400,893,2300.0,3500.0
01529950,10-17,159.0,193.0,251,422,801,2200.0,3790.0
01529950,10-18,150.0,191.0,253,398,820,1970.0,3390.0
01529950,10-19,155.0,204.0,270,451,952,1880.0,6180.0
01529950,10-20,175.0,203.0,274,430,844,3110.0,12900.0
01529950,10-21,181.0,196.0,282,435,971,7090.0,13300.0
01529950,10-22,162.0,222.0,274,430,898,6050.0,11600.0
01529950,10-23,166.0,213.0,282,423,1370,4700.0,7050.0
01529950,10-24,171.0,204.0,295,448,1230,3400.0,4900.0
01529950,10-25,191.0,204.0,321,461,1040,3490.0,6390.0
01529950,10-26,186.0,199.0,330,504,1480,2860.0,12900.0
01529950,10-27,181.0,191.0,314,488,2060,5610.0,8730.0
01529950,10-28,178.0,194.0,299,532,2150,6790.0,13600.0
01529950,10-29,171.0,192.0,300,632,2260,5670.0,11400.0
01529950,10-30,169.0,193.0,302,665,2460,7550.0,12700.0
01529950,10-31,162.0,191.0,312,668,2310,4580.0,8670.0
01529950,11-01,159.0,199.0,295,619,2270,5440.0,11700.0
01529950,11-02,156.0,202.0,285,847,1980,5830.0,10200.0
01529950,11-03,158.0,201.0,283,732,2250,5730.0,7730.0
01529950,11-04,162.0,211.0,288,704,1990,3480.0,5720.0
01529950,11-05,173.0,222.0,277,700,1770,2430.0,4180.0
01529950,11-06,171.0,220.0,347,716,1780,2510.0,4060.0
01529950,11-07,175.0,229.0,340,758,1540,2380.0,4680.0
01529950,11-08,173.0,221.0,344,740,1510,2840.0,3810.0
01529950,11-09,171.0,218.0,342,707,1340,2540.0,4460.0
01529950,11-10,183.0,221.0,356,738,1360,3920.0,5880.0
01529950,11-11,207.0,233.0,380,757,1390,3510.0,8180.0
01529950,11-12,236.0,273.0,396,857,1620,4720.0,6320.0
01529950,11-13,246.0,285.0,392,839,1400,5030.0,6940.0
01529950,11-14,255.0,294.0,365,757,1520,3670.0,5390.0
01529950,11-15,246.0,293.0,436,746,1730,3540.0,4440.0
01529950,11-16,243.0,283.0,442,919,2450,3690.0,5920.0
01529950,11-17,244.0,289.0,445,904,2690,4170.0,8400.0
01529950,11-18,242.0,311.0,448,869,2530,3990.0,6160.0
01529950,11-19,241.0,310.0,461,1010,2520,3470.0,6060.0
01529950,11-20,244.0,286.0,470,871,2090,3460.0,5410.0
01529950,11-21,240.0,290.0,476,868,1740,3460.0,5400.0
01529950,11-22,241.0,315.0,460,1100,2000,3160.0,3940.0
01529950,11-23,246.0,300.0,602,975,1880,3050.0,7550.0
01529950,11-24,247.0,307.0,596,1010,1860,2770.0,6610.0
01529950,11-25,236.0,362.0,624,875,1760,3870.0,4910.0
01529950,11-26,321.0,475.0,625,998,1920,4570.0,8650.0
01529950,11-27,431.0,526.0,740,1140,2430,7010.0,13900.0
01529950,11-28,463.0,536.0,754,1270,3380,6320.0,10700.0
01529950,11-29,435.0,513.0,751,1610,4060,6070.0,8110.0
01529950,11-30,432.0,479.0,739,1550,3670,5120.0,7080.0
01529950,12-01,430.0,535.0,769,1560,3180,5280.0,12800.0
01529950,12-02,416.0,536.0,800,1410,3380,8320.0,16300.0
01529950,12-03,428.0,533.0,992,1630,3160,8070.0,11900.0
01529950,12-04,420.0,521.0,978,1750,2990,8290.0,9130.0
01529950,12-05,409.0,517.0,896,1610,3230,5160.0,5930.0
01529950,12-06,410.0,506.0,979,1640,2770,4160.0,4490.0
01529950,12-07,401.0,492.0,956,1640,2750,3770.0,4100.0
01529950,12-08,388.0,500.0,945,1550,2370,3160.0,3970.0
01529950,12-09,376.0,519.0,945,1490,2110,2770.0,3170.0
01529950,12-10,351.0,491.0,1010,1580,2080,3080.0,5180.0
01529950,12-11,345.0,460.0,991,1600,2540,3340.0,12700.0
01529950,12-12,329.0,455.0,847,1630,2730,4160.0,8180.0
01529950,12-13,279.0,436.0,778,1460,2610,6180.0,9380.0
01529950,12-14,249.0,444.0,780,1370,2140,4910.0,13200.0
01529950,12-15,241.0,427.0,860,1410,2400,5040.0,9160.0
01529950,12-16,271.0,384.0,815,1590,2700,4690.0,6390.0
01529950,12-17,229.0,404.0,940,1620,2580,4140.0,5010.0
01529950,12-18,270.0,448.0,907,1800,2940,5780.0,8630.0
01529950,12-19,300.0,434.0,915,1660,2610,5530.0,8160.0
01529950,12-20,309.0,432.0,874,1450,2370,4100.0,5490.0
01529950,12-21,325.0,446.0,907,1440,2610,4950.0,8250.0
01529950,12-22,338.0,454.0,1000,1320,2400,4500.0,11400.0
01529950,12-23,387.0,473.0,997,1530,3640,6840.0,8970.0
01529950,12-24,394.0,584.0,998,1640,3260,9380.0,15600.0
01529950,12-25,378.0,592.0,1070,1920,3400,9700.0,14300.0
01529950,12-26,387.0,575.0,975,2020,3120,6860.0,10600.0
01529950,12-27,373.0,518.0,882,2140,3860,5930.0,8980.0
01529950,12-28,363.0,507.0,910,2080,3810,7060.0,8350.0
01529950,12-29,370.0,595.0,922,1970,3390,5590.0,7940.0
01529950,12-30,397.0,591.0,956,2030,4100,6130.0,6970.0
01529950,12-31,437.0,589.0,965,2130,3580,5870.0,16200.0
01531000,01-01,340.0,490.0,789,1600,3700,6820.0,8450.0
01531000,01-02,320.0,470.0,740,1600,3700,6240.0,9550.0
01531000,01-03,310.0,500.0,793,1500,3500,5800.0,7840.0
01531000,01-04,300.0,480.0,787,1700,3860,6600.0,8670.0
01531000,01-05,380.0,460.0,700,1600,3120,6500.0,8410.0
01531000,01-06,380.0,480.0,840,1500,3430,5800.0,9230.0
01531000,01-07,370.0,502.0,865,1600,3460,6330.0,11500.0
01531000,01-08,350.0,493.0,820,1490,2830,5910.0,7700.0
01531000,01-09,323.0,541.0,796,1450,2450,5910.0,11000.0
01531000,01-10,304.0,510.0,815,1380,2610,5430.0,8710.0
01531000,01-11,291.0,473.0,805,1310,2590,4940.0,8980.0
01531000,01-12,281.0,473.0,780,1300,2890,5050.0,8020.0
01531000,01-13,281.0,491.0,700,1320,3170,6380.0,12000.0
01531000,01-14,310.0,484.0,680,1200,2640,6960.0,11400.0
01531000,01-15,333.0,491.0,685,1240,2870,5770.0,12200.0
01531000,01-16,330.0,500.0,680,1270,3070,5080.0,9990.0
01531000,01-17,320.0,500.0,680,1160,2760,5440.0,7000.0
01531000,01-18,310.0,440.0,680,1060,2510,5020.0,7450.0
01531000,01-19,300.0,440.0,680,1100,2600,5230.0,9500.0
01531000,01-20,350.0,470.0,680,1100,2710,6160.0,10400.0
01531000,01-21,380.0,490.0,704,1200,2320,6490.0,9290.0
01531000,01-22,342.0,453.0,745,1260,2400,6310.0,13900.0
01531000,01-23,352.0,437.0,745,1330,2440,6290.0,14900.0
01531000,01-24,324.0,453.0,798,1400,2790,7010.0,12400.0
01531000,01-25,340.0,432.0,785,1330,3720,7250.0,15400.0
01531000,01-26,362.0,433.0,728,1250,3690,6920.0,19200.0
01531000,01-27,380.0,424.0,743,1380,3200,6310.0,13200.0
01531000,01-28,391.0,480.0,710,1250,3040,6090.0,13100.0
01531000,01-29,370.0,460.0,747,1290,2430,5350.0,8610.0
01531000,01-30,331.0,424.0,665,1260,2410,4650.0,6430.0
01531000,01-31,340.0,413.0,660,1200,2500,4940.0,6320.0
01531000,02-01,320.0,440.0,640,1280,2400,4250.0,6750.0
01531000,02-02,300.0,440.0,700,1140,2400,4430.0,6110.0
01531000,02-03,300.0,420.0,710,1150,2360,4690.0,8560.0
01531000,02-04,290.0,410.0,660,1270,2240,5300.0,7000.0
01531000,02-05,260.0,400.0,650,1200,2200,4220.0,6830.0
01531000,02-06,280.0,414.0,677,1300,2110,4300.0,6510.0
01531000,02-07,318.0,412.0,663,1220,2100,4100.0,6530.0
01531000,02-08,338.0,420.0,674,1200,2000,4170.0,5690.0
01531000,02-09,340.0,438.0,660,1140,2030,3240.0,6720.0
01531000,02-10,338.0,416.0,628,1100,2080,3940.0,7810.0
01531000,02-11,359.0,436.0,610,1100,2090,5210.0,8790.0
01531000,02-12,340.0,436.0,616,1140,2250,5310.0,9410.0
01531000,02-13,358.0,448.0,646,1100,2500,5800.0,10800.0
01531000,02-14,357.0,458.0,655,1100,2330,5690.0,10300.0
01531000,02-15,359.0,456.0,790,1200,2450,5580.0,10300.0
01531000,02-16,358.0,460.0,785,1400,2730,7140.0,14200.0
01531000,02-17,360.0,456.0,805,1320,3050,6430.0,12800.0
01531000,02-18,369.0,472.0,845,1500,3010,6650.0,11200.0
01531000,02-19,379.0,480.0,845,1500,2990,6630.0,11800.0
01531000,02-20,380.0,496.0,840,1550,3400,8920.0,17300.0
01531000,02-21,389.0,496.0,894,1470,3380,8460.0,14000.0
01531000,02-22,414.0,495.0,876,1590,3800,8840.0,11900.0
01531000,02-23,434.0,596.0,874,1700,4270,9220.0,11200.0
01531000,02-24,456.0,590.0,843,1950,4690,10200.0,18700.0
01531000,02-25,474.0,600.0,874,1820,4740,11500.0,19200.0
01531000,02-26,498.0,597.0,1000,1970,4210,9900.0,17600.0
01531000,02-27,498.0,592.0,1020,2220,6200,10800.0,12400.0
01531000,02-28,479.0,598.0,1080,2460,5320,9270.0,14800.0
01531000,02-29,371.0,506.0,1180,1710,5550,7080.0,15800.0
01531000,03-01,490.0,582.0,1100,2430,4830,8980.0,16900.0
01531000,03-02,481.0,582.0,1270,2410,4640,8760.0,15900.0
01531000,03-03,510.0,587.0,1250,2250,4790,9550.0,14500.0
01531000,03-04,481.0,680.0,1250,2530,5040,14100.0,20600.0
01531000,03-05,521.0,807.0,1230,2330,5680,16200.0,22100.0
01531000,03-06,520.0,848.0,1390,2460,7680,16000.0,24300.0
01531000,03-07,591.0,800.0,1310,2690,7100,13300.0,20400.0
01531000,03-08,605.0,842.0,1400,2830,5810,16000.0,19000.0
01531000,03-09,700.0,864.0,1440,3000,6090,14400.0,17500.0
01531000,03-10,700.0,900.0,1570,3150,5950,10200.0,14200.0
01531000,03-11,800.0,917.0,1630,3360,5830,9470.0,15600.0
01531000,03-12,781.0,952.0,1790,3800,6540,14200.0,19600.0
01531000,03-13,787.0,1020.0,1720,3630,8240,14300.0,16600.0
01531000,03-14,782.0,998.0,2480,3630,7530,17000.0,21300.0
01531000,03-15,910.0,1100.0,2390,4400,8460,14900.0,22200.0
01531000,03-16,1000.0,1220.0,2240,4420,8510,15700.0,23600.0
01531000,03-17,1010.0,1290.0,2250,4120,8760,17600.0,21700.0
01531000,03-18,1070.0,1270.0,2340,4010,8540,14400.0,22100.0
01531000,03-19,1140.0,1540.0,2200,3740,7450,13400.0,18500.0
01531000,03-20,1220.0,1620.0,2410,3940,7650,11200.0,19800.0
01531000,03-21,1230.0,1680.0,2730,4080,7440,13800.0,17400.0
01531000,03-22,1230.0,1710.0,2670,4530,7020,16900.0,23000.0
01531000,03-23,1270.0,1780.0,2620,4360,7140,16700.0,21900.0
01531000,03-24,1110.0,1970.0,2720,4470,8080,15000.0,22000.0
01531000,03-25,1180.0,1990.0,2790,4840,8180,14800.0,21600.0
01531000,03-26,1250.0,2020.0,2980,5070,8570,15600.0,24600.0
01531000,03-27,1900.0,2040.0,3300,4900,8740,16100.0,22600.0
01531000,03-28,1860.0,2350.0,3310,5230,9280,18800.0,26800.0
01531000,03-29,1990.0,2270.0,3170,4900,8080,17100.0,26800.0
01531000,03-30,1800.0,2180.0,3260,4810,9090,17300.0,24400.0
01531000,03-31,1800.0,2000.0,3040,4370,9310,17200.0,24600.0
01531000,04-01,1660.0,2030.0,3210,4980,9100,18600.0,27900.0
01531000,04-02,1750.0,2010.0,3120,5060,9910,17400.0,24600.0
01531000,04-03,1720.0,2050.0,3320,5210,10500,18600.0,23700.0
01531000,04-04,1660.0,2070.0,3200,5300,8950,15300.0,26000.0
01531000,04-05,1690.0,2270.0,2950,5140,10100,20100.0,24300.0
01531000,04-06,1820.0,2190.0,3070,4920,9750,20900.0,27300.0
01531000,04-07,1480.0,2000.0,3410,5400,10100,18600.0,25500.0
01531000,04-08,1620.0,1920.0,3280,5570,8030,17200.0,21900.0
01531000,04-09,1540.0,2250.0,3260,5310,7700,14000.0,19100.0
01531000,04-10,1480.0,2200.0,3120,5040,7870,13500.0,17900.0
01531000,04-11,1550.0,2060.0,3010,4860,8570,12900.0,13900.0
01531000,04-12,1460.0,1950.0,2880,4880,8280,12300.0,16500.0
01531000,04-13,1470.0,1970.0,2760,4970,8010,13100.0,16300.0
01531000,04-14,1500.0,1850.0,2690,4300,6860,12300.0,17900.0
01531000,04-15,1370.0,1820.0,2620,4240,6890,11600.0,18800.0
01531000,04-16,1320.0,1700.0,2670,4060,6510,11800.0,16200.0
01531000,04-17,1320.0,1610.0,2360,3970,6480,11600.0,19900.0
01531000,04-18,1260.0,1570.0,2330,3730,6000,9710.0,13900.0
01531000,04-19,1210.0,1500.0,2220,3680,5450,10300.0,12600.0
01531000,04-20,1240.0,1460.0,2290,3710,5260,9000.0,13700.0
01531000,04-21,1190.0,1360.0,2210,3360,5520,10200.0,14700.0
01531000,04-22,1170.0,1300.0,2220,3280,5560,10100.0,16500.0
01531000,04-23,1220.0,1280.0,2230,3170,5170,11000.0,14800.0
01531000,04-24,1180.0,1490.0,2190,3140,5360,10200.0,14000.0
01531000,04-25,1160.0,1580.0,2080,2900,5080,10200.0,12800.0
01531000,04-26,1200.0,1540.0,2000,3000,4780,8830.0,14800.0
01531000,04-27,1140.0,1570.0,2000,2930,4780,8540.0,16200.0
01531000,04-28,1150.0,1540.0,1990,2620,5050,9650.0,12800.0
01531000,04-29,1210.0,1430.0,1910,2610,4860,8540.0,10600.0
01531000,04-30,1120.0,1330.0,1950,2560,4950,9630.0,15100.0
01531000,05-01,1120.0,1250.0,1830,2600,5050,9750.0,12100.0
01531000,05-02,1070.0,1260.0,1780,2780,4700,7650.0,11500.0
01531000,05-03,986.0,1290.0,1660,2660,4690,8430.0,9920.0
01531000,05-04,1010.0,1220.0,1560,2740,4070,6950.0,10300.0
01531000,05-05,932.0,1180.0,1550,2630,4490,6800.0,8650.0
01531000,05-06,952.0,1120.0,1480,2490,4330,6870.0,10500.0
01531000,05-07,899.0,1070.0,1360,2410,4220,8040.0,14400.0
01531000,05-08,926.0,1010.0,1450,2250,4270,8130.0,12300.0
01531000,05-09,894.0,984.0,1410,2340,4620,8050.0,12800.0
01531000,05-10,879.0,1040.0,1420,2250,4740,10300.0,13600.0
01531000,05-11,830.0,958.0,1410,2260,4310,9140.0,17100.0
01531000,05-12,820.0,975.0,1490,2360,4010,10100.0,19400.0
01531000,05-13,744.0,915.0,1390,2240,4590,11000.0,19600.0
01531000,05-14,724.0,882.0,1320,2190,4450,9350.0,14800.0
01531000,05-15,694.0,839.0,1300,2310,4130,8340.0,13000.0
01531000,05-16,651.0,820.0,1220,2160,4540,8660.0,9960.0
01531000,05-17,694.0,770.0,1250,2310,5220,7260.0,10100.0
01531000,05-18,667.0,780.0,1220,2230,4700,6490.0,9590.0
01531000,05-19,657.0,760.0,1210,2140,4260,7380.0,8690.0
01531000,05-20,690.0,827.0,1200,2170,4300,8380.0,11700.0
01531000,05-21,647.0,851.0,1260,2220,4510,7500.0,11600.0
01531000,05-22,645.0,780.0,1190,2110,4410,7420.0,10600.0
01531000,05-23,598.0,779.0,1160,1950,3530,6320.0,9720.0
01531000,05-24,550.0,814.0,1050,1930,3540,6930.0,12300.0
01531000,05-25,559.0,793.0,1020,1840,3580,6430.0,10200.0
01531000,05-26,551.0,772.0,973,1730,3220,6000.0,10000.0
01531000,05-27,526.0,737.0,995,1770,3110,6440.0,8970.0
01531000,05-28,495.0,684.0,975,1710,3100,5700.0,8500.0
01531000,05-29,524.0,656.0,916,1760,3100,5430.0,8330.0
01531000,05-30,490.0,702.0,905,1660,2810,4940.0,9660.0
01531000,05-31,468.0,650.0,833,1590,2600,4440.0,6340.0
01531000,06-01,495.0,625.0,795,1490,2600,4480.0,7350.0
01531000,06-02,472.0,631.0,776,1400,2570,3980.0,7000.0
01531000,06-03,445.0,617.0,830,1320,2460,4970.0,8200.0
01531000,06-04,455.0,591.0,799,1370,2370,4440.0,7750.0
01531000,06-05,430.0,563.0,731,1320,2080,4480.0,6460.0
01531000,06-06,442.0,544.0,710,1270,2330,4670.0,6650.0
01531000,06-07,427.0,522.0,728,1210,2410,4430.0,7490.0
01531000,06-08,434.0,531.0,702,1100,2220,4130.0,8650.0
01531000,06-09,393.0,493.0,738,1100,1890,4560.0,6310.0
01531000,06-10,380.0,466.0,698,1100,1750,3940.0,7830.0
01531000,06-11,368.0,440.0,678,1040,1820,3170.0,5800.0
01531000,06-12,386.0,431.0,689,1020,1970,3410.0,4770.0
01531000,06-13,374.0,436.0,659,1000,2110,3620.0,5080.0
01531000,06-14,371.0,444.0,619,942,2010,3770.0,6130.0
01531000,06-15,361.0,442.0,613,948,1710,3800.0,6550.0
01531000,06-16,338.0,437.0,625,1010,1810,3420.0,8330.0
01531000,06-17,318.0,445.0,585,946,1700,3490.0,7910.0
01531000,06-18,310.0,441.0,566,917,1760,3550.0,8610.0
01531000,06-19,324.0,412.0,542,849,1930,4240.0,7110.0
01531000,06-20,335.0,388.0,517,784,1810,3870.0,6860.0
01531000,06-21,322.0,373.0,499,778,1790,3760.0,6910.0
01531000,06-22,299.0,359.0,499,765,1790,4630.0,12400.0
01531000,06-23,295.0,340.0,468,788,1700,4030.0,6910.0
01531000,06-24,281.0,348.0,455,765,1580,3680.0,4900.0
01531000,06-25,276.0,333.0,428,730,1480,3330.0,4330.0
01531000,06-26,281.0,311.0,421,688,1420,2810.0,4720.0
01531000,06-27,256.0,294.0,412,698,1510,2950.0,5890.0
01531000,06-28,240.0,279.0,412,699,1410,3210.0,7970.0
01531000,06-29,233.0,262.0,400,676,1470,3040.0,6550.0
01531000,06-30,227.0,278.0,409,695,1380,3130.0,5300.0
01531000,07-01,227.0,279.0,397,658,1380,3150.0,5370.0
01531000,07-02,222.0,274.0,387,662,1290,3700.0,6720.0
01531000,07-03,216.0,269.0,371,695,1450,3390.0,4700.0
01531000,07-04,206.0,272.0,387,649,1310,2620.0,3600.0
01531000,07-05,214.0,262.0,380,612,1260,1990.0,3980.0
01531000,07-06,220.0,252.0,366,623,1080,1820.0,3100.0
01531000,07-07,216.0,236.0,373,603,1020,1710.0,2430.0
01531000,07-08,202.0,235.0,350,568,1060,2230.0,4460.0
01531000,07-09,210.0,225.0,339,545,955,2740.0,3830.0
01531000,07-10,202.0,231.0,331,525,943,2100.0,3250.0
01531000,07-11,201.0,223.0,315,514,857,1840.0,2380.0
01531000,07-12,193.0,220.0,320,565,894,1740.0,2910.0
01531000,07-13,181.0,219.0,313,548,857,2200.0,4580.0
01531000,07-14,177.0,215.0,294,523,878,1770.0,3400.0
01531000,07-15,173.0,212.0,308,520,880,1880.0,3820.0
01531000,07-16,166.0,201.0,299,519,831,1620.0,2850.0
01531000,07-17,162.0,196.0,282,494,851,1260.0,2760.0
01531000,07-18,165.0,186.0,289,492,841,1290.0,2560.0
01531000,07-19,171.0,194.0,283,479,771,1430.0,2870.0
01531000,07-20,175.0,193.0,287,441,706,1600.0,2680.0
01531000,07-21,170.0,190.0,283,463,818,1730.0,2570.0
01531000,07-22,160.0,179.0,281,469,856,1740.0,2800.0
01531000,07-23,150.0,181.0,285,513,978,2020.0,3400.0
01531000,07-24,166.0,183.0,266,495,1060,1980.0,2760.0
01531000,07-25,155.0,185.0,275,469,1050,2000.0,2490.0
01531000,07-26,154.0,179.0,283,467,953,1590.0,2010.0
01531000,07-27,146.0,177.0,301,441,833,1450.0,2600.0
01531000,07-28,143.0,186.0,297,451,787,1470.0,3190.0
01531000,07-29,151.0,192.0,285,416,789,1450.0,2800.0
01531000,07-30,151.0,176.0,260,413,769,1440.0,2410.0
01531000,07-31,146.0,170.0,260,435,711,1300.0,2500.0
01531000,08-01,140.0,174.0,260,442,701,1350.0,2490.0
01531000,08-02,146.0,176.0,246,433,702,1570.0,4050.0
01531000,08-03,148.0,172.0,254,420,760,1550.0,2860.0
01531000,08-04,160.0,172.0,239,412,770,1460.0,2500.0
01531000,08-05,150.0,170.0,245,403,723,1390.0,2580.0
01531000,08-06,150.0,164.0,241,398,649,1440.0,2280.0
01531000,08-07,147.0,162.0,229,379,714,1480.0,2920.0
01531000,08-08,139.0,155.0,224,387,701,1460.0,3630.0
01531000,08-09,134.0,156.0,230,369,754,1830.0,3750.0
01531000,08-10,127.0,157.0,245,357,800,1530.0,3270.0
01531000,08-11,119.0,151.0,239,375,897,2070.0,3200.0
01531000,08-12,140.0,150.0,233,360,753,1620.0,2550.0
01531000,08-13,139.0,157.0,239,361,710,2020.0,2790.0
01531000,08-14,135.0,150.0,238,389,770,2110.0,5300.0
01531000,08-15,133.0,151.0,238,365,761,1780.0,3630.0
01531000,08-16,134.0,151.0,243,356,717,1460.0,3030.0
01531000,08-17,140.0,150.0,241,351,649,1390.0,2630.0
01531000,08-18,138.0,151.0,230,347,600,1670.0,3420.0
01531000,08-19,127.0,140.0,226,339,668,1840.0,2860.0
01531000,08-20,121.0,137.0,225,327,680,1780.0,2410.0
01531000,08-21,122.0,144.0,215,310,641,1390.0,2800.0
01531000,08-22,117.0,140.0,207,329,718,1400.0,6030.0
01531000,08-23,120.0,143.0,220,333,750,1450.0,4300.0
01531000,08-24,119.0,143.0,214,333,710,1590.0,3620.0
01531000,08-25,109.0,140.0,215,314,682,1580.0,3100.0
01531000,08-26,109.0,132.0,199,315,659,1370.0,2390.0
01531000,08-27,110.0,130.0,198,305,579,1450.0,2280.0
01531000,08-28,111.0,133.0,198,321,588,1350.0,3400.0
01531000,08-29,113.0,140.0,204,325,588,1370.0,3490.0
01531000,08-30,113.0,133.0,206,324,582,1910.0,3020.0
01531000,08-31,116.0,135.0,202,323,560,1770.0,2890.0
01531000,09-01,114.0,135.0,201,311,573,1650.0,2990.0
01531000,09-02,113.0,130.0,197,299,578,1650.0,2870.0
01531000,09-03,112.0,133.0,196,317,504,1730.0,3090.0
01531000,09-04,120.0,134.0,193,310,503,1760.0,2890.0
01531000,09-05,120.0,130.0,192,305,531,1570.0,2440.0
01531000,09-06,117.0,135.0,193,299,538,1380.0,2070.0
01531000,09-07,114.0,135.0,206,305,523,1310.0,1960.0
01531000,09-08,114.0,137.0,216,312,514,1180.0,1510.0
01531000,09-09,114.0,141.0,207,305,532,1190.0,2270.0
01531000,09-10,119.0,135.0,206,310,551,1100.0,2440.0
01531000,09-11,110.0,138.0,199,311,561,1440.0,2150.0
01531000,09-12,108.0,141.0,195,305,620,1090.0,2130.0
01531000,09-13,107.0,138.0,189,309,658,1470.0,2230.0
01531000,09-14,104.0,143.0,190,313,730,1340.0,2620.0
01531000,09-15,104.0,145.0,181,338,660,1370.0,4070.0
01531000,09-16,108.0,150.0,185,351,710,1550.0,2840.0
01531000,09-17,104.0,157.0,190,366,684,1440.0,2650.0
01531000,09-18,102.0,144.0,190,344,648,1540.0,2300.0
01531000,09-19,103.0,150.0,191,345,652,1390.0,3770.0
01531000,09-20,93.0,128.0,206,330,652,1140.0,2450.0
01531000,09-21,103.0,134.0,197,325,597,1190.0,2210.0
01531000,09-22,108.0,142.0,190,315,627,1250.0,2100.0
01531000,09-23,115.0,139.0,220,320,690,1460.0,3700.0
01531000,09-24,110.0,142.0,208,318,690,1440.0,4150.0
01531000,09-25,110.0,145.0,208,305,690,1650.0,6770.0
01531000,09-26,121.0,150.0,205,326,620,1920.0,5050.0
01531000,09-27,129.0,149.0,204,314,623,1670.0,4000.0
01531000,09-28,131.0,149.0,208,340,620,2000.0,3990.0
01531000,09-29,134.0,150.0,212,356,638,2070.0,3960.0
01531000,09-30,125.0,147.0,204,411,686,2700.0,4420.0
01531000,10-01,133.0,155.0,212,430,823,2500.0,4930.0
01531000,10-02,139.0,160.0,216,421,773,2260.0,4540.0
01531000,10-03,132.0,162.0,221,397,862,2240.0,4460.0
01531000,10-04,140.0,158.0,227,368,744,1860.0,3160.0
01531000,10-05,131.0,152.0,220,380,790,1920.0,3100.0
01531000,10-06,138.0,159.0,227,374,917,2360.0,4750.0
01531000,10-07,129.0,162.0,212,384,925,2090.0,3550.0
01531000,10-08,120.0,164.0,220,394,960,2210.0,4610.0
01531000,10-09,131.0,168.0,220,411,976,2370.0,4620.0
01531000,10-10,127.0,168.0,220,406,942,1920.0,4270.0
01531000,10-11,132.0,164.0,236,391,840,1860.0,3290.0
01531000,10-12,140.0,171.0,232,382,790,1760.0,2590.0
01531000,10-13,127.0,165.0,218,391,827,1740.0,3040.0
01531000,10-14,127.0,162.0,235,384,808,2100.0,3150.0
01531000,10-15,139.0,168.0,236,384,839,1950.0,2900.0
01531000,10-16,129.0,162.0,245,380,799,1670.0,2910.0
01531000,10-17,131.0,165.0,250,389,860,1850.0,3450.0
01531000,10-18,125.0,164.0,254,419,850,1750.0,5000.0
01531000,10-19,121.0,167.0,265,386,867,2650.0,7150.0
01531000,10-20,125.0,169.0,290,404,923,4670.0,9600.0
01531000,10-21,116.0,162.0,300,420,1020,4750.0,8760.0
01531000,10-22,110.0,175.0,292,428,1040,4160.0,7730.0
01531000,10-23,116.0,181.0,295,456,1150,4180.0,6820.0
01531000,10-24,130.0,172.0,296,479,1170,3630.0,4680.0
01531000,10-25,146.0,190.0,296,480,1440,3740.0,5090.0
01531000,10-26,132.0,190.0,300,486,1460,3740.0,8380.0
01531000,10-27,150.0,192.0,292,537,1960,3670.0,7350.0
01531000,10-28,152.0,189.0,292,550,1750,4940.0,7280.0
01531000,10-29,152.0,191.0,295,604,2170,4550.0,10500.0
01531000,10-30,150.0,187.0,307,649,2000,3900.0,10800.0
01531000,10-31,152.0,185.0,320,696,1820,4220.0,6560.0
01531000,11-01,152.0,182.0,300,683,1750,3980.0,7130.0
01531000,11-02,152.0,195.0,293,711,1650,4340.0,5860.0
01531000,11-03,152.0,202.0,295,686,2220,4770.0,7180.0
01531000,11-04,155.0,199.0,310,725,2150,3890.0,5260.0
01531000,11-05,153.0,189.0,307,710,1990,3500.0,5790.0
01531000,11-06,150.0,186.0,339,808,1970,2740.0,5720.0
01531000,11-07,156.0,210.0,363,830,1760,2550.0,6100.0
01531000,11-08,163.0,206.0,360,920,1980,3960.0,5210.0
01531000,11-09,169.0,239.0,360,1000,1800,3840.0,5550.0
01531000,11-10,170.0,239.0,374,926,1750,3840.0,6100.0
01531000,11-11,191.0,267.0,401,860,1800,3740.0,7500.0
01531000,11-12,187.0,263.0,410,904,1850,3740.0,6250.0
01531000,11-13,203.0,263.0,411,895,2000,4500.0,8030.0
01531000,11-14,193.0,265.0,399,889,2020,4270.0,7600.0
01531000,11-15,191.0,267.0,420,869,1780,4100.0,5930.0
01531000,11-16,204.0,276.0,415,856,2040,4440.0,7210.0
01531000,11-17,203.0,286.0,440,960,2130,5160.0,10000.0
01531000,11-18,193.0,293.0,450,1050,2350,6010.0,9830.0
01531000,11-19,188.0,292.0,502,1050,2920,5600.0,7180.0
01531000,11-20,204.0,276.0,500,1090,3120,4980.0,7310.0
01531000,11-21,234.0,278.0,506,1020,2890,4880.0,6010.0
01531000,11-22,244.0,270.0,496,1180,2580,4140.0,5210.0
01531000,11-23,232.0,271.0,507,1230,2490,4070.0,5220.0
01531000,11-24,243.0,284.0,532,1300,2200,3460.0,5550.0
01531000,11-25,242.0,285.0,601,1140,2140,3800.0,5500.0
01531000,11-26,232.0,306.0,650,1190,2210,3990.0,7550.0
01531000,11-27,242.0,302.0,677,1150,2230,5360.0,8730.0
01531000,11-28,236.0,292.0,677,1150,2310,5860.0,11500.0
01531000,11-29,251.0,299.0,668,1260,2920,6490.0,13900.0
01531000,11-30,241.0,297.0,740,1180,2730,6050.0,8500.0
01531000,12-01,227.0,298.0,812,1230,3100,6030.0,7520.0
01531000,12-02,226.0,320.0,760,1210,2740,5790.0,11600.0
01531000,12-03,204.0,355.0,720,1250,2890,5640.0,9620.0
01531000,12-04,208.0,374.0,682,1200,3170,5920.0,8700.0
01531000,12-05,223.0,368.0,700,1150,3190,5550.0,7600.0
01531000,12-06,223.0,348.0,700,1430,2870,5850.0,7500.0
01531000,12-07,245.0,317.0,685,1450,2960,5130.0,7180.0
01531000,12-08,251.0,346.0,692,1360,2910,4230.0,9010.0
01531000,12-09,252.0,412.0,719,1560,2510,3960.0,8030.0
01531000,12-10,256.0,419.0,700,1640,2650,4940.0,7220.0
01531000,12-11,254.0,374.0,696,1660,2840,5410.0,9630.0
01531000,12-12,251.0,386.0,670,1590,3220,5070.0,6420.0
01531000,12-13,241.0,345.0,707,1540,2960,5890.0,8470.0
01531000,12-14,244.0,352.0,745,1600,2630,6240.0,7290.0
01531000,12-15,238.0,328.0,775,1600,2870,5380.0,9690.0
01531000,12-16,227.0,348.0,795,1480,3100,5400.0,8360.0
01531000,12-17,221.0,338.0,760,1530,2910,4930.0,6550.0
01531000,12-18,236.0,341.0,800,1570,2660,5400.0,9140.0
01531000,12-19,240.0,386.0,836,1550,2800,4880.0,8320.0
01531000,12-20,221.0,430.0,795,1430,2540,4040.0,7070.0
01531000,12-21,230.0,452.0,811,1430,2510,4540.0,8060.0
01531000,12-22,231.0,460.0,785,1340,2350,5610.0,9220.0
01531000,12-23,233.0,432.0,814,1450,2590,4740.0,7420.0
01531000,12-24,285.0,484.0,861,1500,2490,6040.0,13300.0
01531000,12-25,282.0,448.0,854,1570,2850,7010.0,10900.0
01531000,12-26,322.0,482.0,830,1610,3100,5730.0,8170.0
01531000,12-27,380.0,484.0,760,1550,2940,5260.0,8110.0
01531000,12-28,306.0,500.0,739,1440,3150,6360.0,8360.0
01531000,12-29,322.0,499.0,767,1450,3010,5950.0,11100.0
01531000,12-30,311.0,500.0,765,1520,3120,7100.0,8930.0
01531000,12-31,311.0,482.0,720,1350,3800,6810.0,9740.0
01530332,01-01,,859.0,1510,2290,5050,6770.0,
01530332,01-02,,855.0,1580,2180,4570,5680.0,
01530332,01-03,,828.0,1170,2240,4090,4980.0,
01530332,01-04,,822.0,1120,2200,3910,6070.0,
01530332,01-05,,877.0,1370,2060,3620,5800.0,
01530332,01-06,,912.0,1180,1900,3320,4840.0,
01530332,01-07,,868.0,1030,1870,3040,4130.0,
01530332,01-08,,797.0,1040,1770,2080,3150.0,
01530332,01-09,,777.0,1010,1600,2030,3410.0,
01530332,01-10,,773.0,980,1710,2850,8770.0,
01530332,01-11,,751.0,940,1690,3560,12800.0,
01530332,01-12,,781.0,1060,2890,3880,7100.0,
01530332,01-13,,747.0,1050,3300,8930,13600.0,
01530332,01-14,,714.0,1050,2840,6840,11900.0,
01530332,01-15,,696.0,1020,2680,4630,7360.0,
01530332,01-16,,703.0,961,2450,3400,4790.0,
01530332,01-17,,690.0,980,2300,3250,4210.0,
01530332,01-18,,685.0,1200,1900,2680,4900.0,
01530332,01-19,,638.0,1150,1810,3730,4380.0,
01530332,01-20,,592.0,948,1700,2940,5580.0,
01530332,01-21,,547.0,868,1500,2390,5650.0,
01530332,01-22,,529.0,849,1320,1970,5060.0,
01530332,01-23,,527.0,841,1300,2200,5550.0,
01530332,01-24,,510.0,823,1200,2810,7060.0,
01530332,01-25,,506.0,742,1200,5480,9120.0,
01530332,01-26,,478.0,702,1200,3740,21200.0,
01530332,01-27,,462.0,673,1300,4720,15900.0,
01530332,01-28,,462.0,650,1240,4300,11000.0,
01530332,01-29,,464.0,684,1180,3320,7470.0,
01530332,01-30,,468.0,720,1600,3380,5820.0,
01530332,01-31,,490.0,736,1300,3180,9410.0,
01530332,02-01,,492.0,723,1260,2680,7280.0,
01530332,02-02,,516.0,730,1210,2360,6320.0,
01530332,02-03,,534.0,727,1100,2030,5630.0,
01530332,02-04,,532.0,719,1130,3130,5080.0,
01530332,02-05,,562.0,726,1330,3340,4400.0,
01530332,02-06,,592.0,728,1400,2820,4910.0,
01530332,02-07,,624.0,699,1200,2590,4880.0,
01530332,02-08,,603.0,692,1150,2490,8600.0,
01530332,02-09,,562.0,678,1080,2340,9870.0,
01530332,02-10,,534.0,675,1070,2990,5470.0,
01530332,02-11,,506.0,677,1060,3170,4630.0,
01530332,02-12,,499.0,673,1150,2730,5190.0,
01530332,02-13,,534.0,678,1470,2330,6150.0,
01530332,02-14,,532.0,673,1560,2100,4710.0,
01530332,02-15,,559.0,682,1450,2170,3930.0,
01530332,02-16,,554.0,760,1440,2770,7180.0,
01530332,02-17,,559.0,825,1580,3550,8460.0,
01530332,02-18,,604.0,859,1800,3750,8770.0,
01530332,02-19,,622.0,1090,1930,3880,14600.0,
01530332,02-20,,619.0,1040,1610,4050,8230.0,
01530332,02-21,,633.0,960,1450,5780,7930.0,
01530332,02-22,,629.0,1020,1520,4560,6610.0,
01530332,02-23,,605.0,1050,2080,3840,8100.0,
01530332,02-24,,626.0,1070,2190,4700,9330.0,
01530332,02-25,,738.0,1160,2240,4270,13700.0,
01530332,02-26,,730.0,1370,2300,5660,11500.0,
01530332,02-27,,746.0,1370,1950,5830,9420.0,
01530332,02-28,,778.0,1520,2160,5440,10700.0,
01530332,02-29,,,2410,5500,6260,,
01530332,03-01,,740.0,1790,3510,5090,8350.0,
01530332,03-02,,734.0,1700,3550,4610,9180.0,
01530332,03-03,,750.0,1580,3560,5350,7600.0,
01530332,03-04,,758.0,1450,2940,4660,7950.0,
01530332,03-05,,750.0,1350,2760,4310,6150.0,
01530332,03-06,,712.0,1280,2990,6010,17600.0,
01530332,03-07,,688.0,1220,2680,8760,16900.0,
01530332,03-08,,660.0,1230,3830,6140,16900.0,
01530332,03-09,,644.0,1440,3630,4540,13000.0,
01530332,03-10,,684.0,2010,3290,6020,11000.0,
01530332,03-11,,1090.0,2490,3510,6520,13100.0,
01530332,03-12,,2160.0,2850,5210,8850,15500.0,
01530332,03-13,,2130.0,2670,4200,10500,15600.0,
01530332,03-14,,1970.0,2660,4110,6160,16700.0,
01530332,03-15,,1850.0,2680,4460,6620,14400.0,
01530332,03-16,,1850.0,2360,3730,8080,14100.0,
01530332,03-17,,1820.0,2610,4400,7670,11600.0,
01530332,03-18,,1930.0,2280,3480,7350,12100.0,
01530332,03-19,,1830.0,2470,3990,6630,12200.0,
01530332,03-20,,1780.0,2630,3450,5030,12300.0,
01530332,03-21,,1820.0,2410,3250,4490,9540.0,
01530332,03-22,,1770.0,2340,3130,4600,8450.0,
01530332,03-23,,1740.0,2050,2950,5290,8480.0,
01530332,03-24,,1640.0,1850,2900,4960,8450.0,
01530332,03-25,,1650.0,1770,3330,4970,6490.0,
01530332,03-26,,1690.0,1750,3130,4970,7420.0,
01530332,03-27,,1560.0,1680,3270,5140,8090.0,
01530332,03-28,,1410.0,1810,2760,4540,7130.0,
01530332,03-29,,1360.0,2060,2860,4970,6810.0,
01530332,03-30,,1500.0,2030,3570,5630,15300.0,
01530332,03-31,,1460.0,2040,3150,5750,9290.0,
01530332,04-01,,1470.0,2260,3970,7200,13000.0,
01530332,04-02,,1760.0,2320,3500,6220,14400.0,
01530332,04-03,,1730.0,2370,3560,8320,12400.0,
01530332,04-04,,1710.0,2040,3230,8490,15500.0,
01530332,04-05,,1720.0,1960,2860,10200,17000.0,
01530332,04-06,,1670.0,1950,3950,7420,14000.0,
01530332,04-07,,1520.0,2120,3840,8370,14000.0,
01530332,04-08,,1440.0,2290,4440,9500,12900.0,
01530332,04-09,,1350.0,2570,3660,6670,12700.0,
01530332,04-10,,1280.0,2410,3630,5240,9170.0,
01530332,04-11,,1330.0,2390,3280,5590,13100.0,
01530332,04-12,,1440.0,2380,3600,6490,10700.0,
01530332,04-13,,1320.0,2250,3410,6630,11600.0,
01530332,04-14,,1230.0,2450,3000,6060,9160.0,
01530332,04-15,,1170.0,2410,2810,6380,7560.0,
01530332,04-16,,1150.0,2300,3270,5500,9100.0,
01530332,04-17,,1160.0,2320,3540,5880,16600.0,
01530332,04-18,,1130.0,2220,3640,4920,12000.0,
01530332,04-19,,1070.0,2040,2970,5060,9380.0,
01530332,04-20,,1000.0,1930,3010,5720,12800.0,
01530332,04-21,,950.0,1790,3190,5980,12900.0,
01530332,04-22,,1010.0,1930,2850,5290,10600.0,
01530332,04-23,,1480.0,2170,2760,4290,9480.0,
01530332,04-24,,1480.0,2180,2500,3850,7590.0,
01530332,04-25,,1330.0,1930,2330,4460,6270.0,
01530332,04-26,,1430.0,1970,2340,3890,12000.0,
01530332,04-27,,1590.0,1840,2600,4710,15900.0,
01530332,04-28,,1420.0,1720,2530,4230,14200.0,
01530332,04-29,,1570.0,1730,2490,3510,8970.0,
01530332,04-30,,1460.0,1650,2360,4860,16700.0,
01530332,05-01,,1400.0,1690,2250,7500,13700.0,
01530332,05-02,,1400.0,1570,2420,6250,10900.0,
01530332,05-03,,1290.0,1400,3240,5420,9830.0,
01530332,05-04,,1170.0,1480,3720,4690,11000.0,
01530332,05-05,,1060.0,1410,3950,4810,10100.0,
01530332,05-06,,992.0,1450,3180,4300,18700.0,
01530332,05-07,,981.0,1690,2530,5310,19200.0,
01530332,05-08,,940.0,1730,2750,4550,14000.0,
01530332,05-09,,957.0,1370,2570,4330,9920.0,
01530332,05-10,,1140.0,1410,2150,4440,8540.0,
01530332,05-11,,1040.0,1490,2150,4210,6580.0,
01530332,05-12,,1430.0,1610,2070,3760,4430.0,
01530332,05-13,,1340.0,1500,2390,3930,7350.0,
01530332,05-14,,1150.0,1320,2290,3530,6980.0,
01530332,05-15,,996.0,1290,2460,3110,4960.0,
01530332,05-16,,1050.0,1360,2630,5070,11400.0,
01530332,05-17,,997.0,1370,2140,4180,10200.0,
01530332,05-18,,930.0,1210,1740,3540,7320.0,
01530332,05-19,,885.0,1150,1700,3100,7700.0,
01530332,05-20,,847.0,1090,1610,2730,11600.0,
01530332,05-21,,840.0,1030,1330,2280,7710.0,
01530332,05-22,,862.0,983,1280,3000,7830.0,
01530332,05-23,,795.0,966,1150,3500,7500.0,
01530332,05-24,,783.0,857,1100,3710,6180.0,
01530332,05-25,,761.0,825,1020,2800,8590.0,
01530332,05-26,,708.0,761,1130,2950,6620.0,
01530332,05-27,,646.0,733,1080,2370,5490.0,
01530332,05-28,,597.0,712,1030,2320,4370.0,
01530332,05-29,,606.0,730,1460,2240,4290.0,
01530332,05-30,,570.0,873,1410,3390,5940.0,
01530332,05-31,,587.0,808,1320,2470,4770.0,
01530332,06-01,,625.0,752,1070,2210,3640.0,
01530332,06-02,,608.0,778,1040,1950,3040.0,
01530332,06-03,,584.0,835,990,1470,2870.0,
01530332,06-04,,545.0,755,1030,1540,2590.0,
01530332,06-05,,537.0,683,959,1300,2700.0,
01530332,06-06,,494.0,723,1020,2040,2370.0,
01530332,06-07,,453.0,776,963,1840,5960.0,
01530332,06-08,,447.0,731,927,1570,3520.0,
01530332,06-09,,491.0,819,964,1570,7950.0,
01530332,06-10,,483.0,777,1090,1980,9490.0,
01530332,06-11,,477.0,732,934,1760,5130.0,
01530332,06-12,,453.0,725,804,1540,4210.0,
01530332,06-13,,512.0,706,1020,1750,2560.0,
01530332,06-14,,499.0,656,1050,1850,2580.0,
01530332,06-15,,467.0,602,972,1520,2560.0,
01530332,06-16,,443.0,555,872,1350,2850.0,
01530332,06-17,,429.0,535,965,1220,2630.0,
01530332,06-18,,424.0,509,819,1120,2000.0,
01530332,06-19,,412.0,507,773,1210,3390.0,
01530332,06-20,,431.0,481,672,1230,4880.0,
01530332,06-21,,432.0,514,649,1390,4670.0,
01530332,06-22,,427.0,486,689,1090,3770.0,
01530332,06-23,,453.0,502,655,1230,2460.0,
01530332,06-24,,422.0,512,604,1080,1970.0,
01530332,06-25,,420.0,501,629,1040,1660.0,
01530332,06-26,,391.0,462,635,947,4200.0,
01530332,06-27,,386.0,491,619,923,2290.0,
01530332,06-28,,365.0,449,681,996,3930.0,
01530332,06-29,,352.0,426,678,1160,3240.0,
01530332,06-30,,332.0,455,715,1040,2190.0,
01530332,07-01,,312.0,443,634,1090,3240.0,
01530332,07-02,,296.0,443,694,1070,4070.0,
01530332,07-03,,270.0,406,696,1140,2650.0,
01530332,07-04,,262.0,406,632,1640,2030.0,
01530332,07-05,,244.0,375,555,1180,2370.0,
01530332,07-06,,232.0,358,662,908,1860.0,
01530332,07-07,,218.0,326,573,749,1960.0,
01530332,07-08,,230.0,314,499,727,1800.0,
01530332,07-09,,229.0,305,496,758,1630.0,
01530332,07-10,,221.0,335,528,967,2190.0,
01530332,07-11,,212.0,324,540,881,1630.0,
01530332,07-12,,199.0,324,556,718,2220.0,
01530332,07-13,,208.0,299,537,748,2750.0,
01530332,07-14,,208.0,372,535,810,3100.0,
01530332,07-15,,203.0,366,537,1170,5390.0,
01530332,07-16,,192.0,332,472,916,3160.0,
01530332,07-17,,183.0,328,464,833,2010.0,
01530332,07-18,,203.0,324,462,1090,7640.0,
01530332,07-19,,200.0,320,474,726,4870.0,
01530332,07-20,,207.0,307,397,625,2970.0,
01530332,07-21,,212.0,306,370,793,3090.0,
01530332,07-22,,195.0,286,413,863,2430.0,
01530332,07-23,,183.0,293,529,1560,3380.0,
01530332,07-24,,189.0,311,500,1710,3960.0,
01530332,07-25,,212.0,320,565,1190,6020.0,
01530332,07-26,,247.0,293,483,1040,4470.0,
01530332,07-27,,248.0,291,431,799,3020.0,
01530332,07-28,,242.0,266,403,688,2610.0,
01530332,07-29,,214.0,279,429,735,2290.0,
01530332,07-30,,198.0,280,478,713,2360.0,
01530332,07-31,,196.0,266,466,672,1870.0,
01530332,08-01,,188.0,298,433,567,1570.0,
01530332,08-02,,215.0,285,416,539,2090.0,
01530332,08-03,,175.0,276,392,648,1580.0,
01530332,08-04,,195.0,268,368,1000,1640.0,
01530332,08-05,,207.0,250,338,998,1330.0,
01530332,08-06,,198.0,240,309,844,1230.0,
01530332,08-07,,188.0,255,320,723,978.0,
01530332,08-08,,180.0,242,326,820,1280.0,
01530332,08-09,,178.0,238,418,1440,4630.0,
01530332,08-10,,179.0,228,382,1110,8650.0,
01530332,08-11,,180.0,247,373,1150,4450.0,
01530332,08-12,,198.0,247,444,757,3170.0,
01530332,08-13,,187.0,250,452,835,3230.0,
01530332,08-14,,179.0,230,442,779,5770.0,
01530332,08-15,,175.0,238,416,734,5350.0,
01530332,08-16,,176.0,234,485,1070,5730.0,
01530332,08-17,,188.0,229,443,1020,3030.0,
01530332,08-18,,193.0,241,399,1210,3050.0,
01530332,08-19,,185.0,235,365,1300,12300.0,
01530332,08-20,,182.0,234,361,1090,7520.0,
01530332,08-21,,173.0,226,344,901,5290.0,
01530332,08-22,,184.0,286,344,847,4730.0,
01530332,08-23,,185.0,308,442,842,5250.0,
01530332,08-24,,189.0,281,437,774,3700.0,
01530332,08-25,,173.0,289,384,775,2320.0,
01530332,08-26,,168.0,261,350,772,1750.0,
01530332,08-27,,180.0,240,355,673,1640.0,
01530332,08-28,,210.0,233,328,584,2760.0,
01530332,08-29,,206.0,234,309,889,2820.0,
01530332,08-30,,190.0,256,296,773,2040.0,
01530332,08-31,,174.0,215,295,614,1720.0,
01530332,09-01,,173.0,209,326,730,1380.0,
01530332,09-02,,161.0,202,306,712,1280.0,
01530332,09-03,,158.0,193,304,536,1510.0,
01530332,09-04,,163.0,197,297,465,1110.0,
01530332,09-05,,161.0,227,374,415,1050.0,
01530332,09-06,,158.0,215,396,659,1060.0,
01530332,09-07,,154.0,224,339,923,1450.0,
01530332,09-08,,160.0,209,334,649,3690.0,
01530332,09-09,,154.0,201,328,623,1420.0,
01530332,09-10,,156.0,202,317,637,3140.0,
01530332,09-11,,153.0,207,302,807,6780.0,
01530332,09-12,,138.0,217,302,802,6510.0,
01530332,09-13,,139.0,234,365,1170,5780.0,
01530332,09-14,,141.0,225,414,1070,4460.0,
01530332,09-15,,137.0,220,413,783,3850.0,
01530332,09-16,,134.0,182,356,683,2910.0,
01530332,09-17,,133.0,212,326,570,2220.0,
01530332,09-18,,130.0,231,396,500,5140.0,
01530332,09-19,,133.0,246,438,701,3910.0,
01530332,09-20,,129.0,251,390,608,3610.0,
01530332,09-21,,127.0,229,316,488,3000.0,
01530332,09-22,,127.0,222,336,620,4370.0,
01530332,09-23,,163.0,200,344,647,8450.0,
01530332,09-24,,161.0,199,351,650,9560.0,
01530332,09-25,,146.0,197,326,891,7510.0,
01530332,09-26,,135.0,193,307,736,5830.0,
01530332,09-27,,130.0,191,288,683,4590.0,
01530332,09-28,,124.0,189,284,640,5290.0,
01530332,09-29,,142.0,184,288,571,7470.0,
01530332,09-30,,157.0,204,368,1570,8090.0,
01530332,10-01,,166.0,212,420,2410,7750.0,
01530332,10-02,,193.0,232,406,2270,6470.0,
01530332,10-03,,178.0,224,382,1540,11000.0,
01530332,10-04,,160.0,220,410,1410,7840.0,
01530332,10-05,,152.0,218,381,1580,7230.0,
01530332,10-06,,145.0,217,366,2330,5470.0,
01530332,10-07,,145.0,222,421,1750,6970.0,
01530332,10-08,,169.0,234,425,2230,5090.0,
01530332,10-09,,181.0,248,413,1720,3150.0,
01530332,10-10,,175.0,237,402,1250,2310.0,
01530332,10-11,,160.0,234,392,1090,2060.0,
01530332,10-12,,146.0,226,397,1020,2520.0,
01530332,10-13,,142.0,221,364,1020,2730.0,
01530332,10-14,,137.0,218,407,941,3190.0,
01530332,10-15,,129.0,232,463,892,3900.0,
01530332,10-16,,140.0,257,408,1130,3210.0,
01530332,10-17,,137.0,287,417,1100,4750.0,
01530332,10-18,,129.0,281,503,1300,3580.0,
01530332,10-19,,137.0,303,543,1130,2520.0,
01530332,10-20,,168.0,301,495,927,3760.0,
01530332,10-21,,249.0,304,593,1460,5740.0,
01530332,10-22,,256.0,321,559,1910,6480.0,
01530332,10-23,,269.0,323,493,1710,4530.0,
01530332,10-24,,242.0,327,593,1690,3560.0,
01530332,10-25,,226.0,351,580,1510,3580.0,
01530332,10-26,,212.0,335,566,1500,4500.0,
01530332,10-27,,202.0,321,516,1910,8340.0,
01530332,10-28,,204.0,317,512,4160,14700.0,
01530332,10-29,,246.0,323,772,3910,9770.0,
01530332,10-30,,307.0,450,1390,6090,17700.0,
01530332,10-31,,307.0,502,1530,4810,12900.0,
01530332,11-01,,304.0,435,1180,5940,16200.0,
01530332,11-02,,292.0,488,1100,4240,9960.0,
01530332,11-03,,279.0,388,996,2970,8820.0,
01530332,11-04,,269.0,358,931,2650,6340.0,
01530332,11-05,,275.0,335,860,2090,4920.0,
01530332,11-06,,274.0,341,826,1810,4200.0,
01530332,11-07,,269.0,384,809,1570,5470.0,
01530332,11-08,,256.0,425,848,1550,3580.0,
01530332,11-09,,243.0,407,892,1400,2950.0,
01530332,11-10,,245.0,421,776,1240,2980.0,
01530332,11-11,,298.0,417,766,1400,5630.0,
01530332,11-12,,381.0,443,833,2680,4780.0,
01530332,11-13,,372.0,526,792,2650,6170.0,
01530332,11-14,,360.0,481,839,1980,4020.0,
01530332,11-15,,348.0,410,889,2070,3700.0,
01530332,11-16,,336.0,432,808,1700,3710.0,
01530332,11-17,,357.0,487,709,2090,3430.0,
01530332,11-18,,388.0,482,712,1930,4220.0,
01530332,11-19,,352.0,535,859,1710,3210.0,
01530332,11-20,,388.0,554,850,1720,3110.0,
01530332,11-21,,359.0,536,799,1550,2930.0,
01530332,11-22,,396.0,509,786,1420,2740.0,
01530332,11-23,,416.0,543,757,1750,4340.0,
01530332,11-24,,418.0,582,803,1470,4230.0,
01530332,11-25,,411.0,584,808,1290,5000.0,
01530332,11-26,,441.0,631,859,1340,4860.0,
01530332,11-27,,538.0,675,862,1950,6300.0,
01530332,11-28,,566.0,710,894,1850,4910.0,
01530332,11-29,,542.0,673,953,1770,4250.0,
01530332,11-30,,509.0,651,916,1490,5910.0,
01530332,12-01,,503.0,703,870,1550,7130.0,
01530332,12-02,,529.0,701,1000,1870,9800.0,
01530332,12-03,,534.0,664,1170,2920,11500.0,
01530332,12-04,,552.0,644,1240,3000,9340.0,
01530332,12-05,,538.0,665,1370,2400,6460.0,
01530332,12-06,,496.0,852,1390,2670,4980.0,
01530332,12-07,,476.0,912,1480,3040,4100.0,
01530332,12-08,,466.0,860,1420,2690,3460.0,
01530332,12-09,,484.0,872,1340,2100,2980.0,
01530332,12-10,,488.0,1140,1570,2580,3310.0,
01530332,12-11,,463.0,1070,2100,2570,4650.0,
01530332,12-12,,441.0,938,1710,3140,4400.0,
01530332,12-13,,367.0,831,1620,2610,3400.0,
01530332,12-14,,304.0,804,1420,1980,3420.0,
01530332,12-15,,293.0,787,1310,2220,3640.0,
01530332,12-16,,360.0,754,1300,2440,3950.0,
01530332,12-17,,331.0,847,1470,2400,4120.0,
01530332,12-18,,428.0,985,1960,2790,7190.0,
01530332,12-19,,526.0,955,1760,2960,9630.0,
01530332,12-20,,612.0,1170,1660,3070,6190.0,
01530332,12-21,,724.0,1210,1870,2660,8450.0,
01530332,12-22,,719.0,984,1500,3760,15100.0,
01530332,12-23,,698.0,1080,2110,4600,11100.0,
01530332,12-24,,869.0,1140,1980,5100,9510.0,
01530332,12-25,,1010.0,1320,2180,3900,11400.0,
01530332,12-26,,949.0,1340,1990,3230,8290.0,
01530332,12-27,,750.0,1180,2300,4220,9840.0,
01530332,12-28,,824.0,1090,2450,6180,8460.0,
01530332,12-29,,966.0,1280,2540,5280,8550.0,
01530332,12-30,,1020.0,1890,2960,4610,7600.0,
01530332,12-31,,1000.0,1890,3460,4440,7760.0,
