SiteCode,MonthDay,p05,p10,p25,p50,p75,p90,p95
02011800,01-01,81.0,113,156,170,442,958,1540.0
02011800,01-02,81.0,113,156,170,510,938,2020.0
02011800,01-03,81.0,113,154,170,466,1140,1730.0
02011800,01-04,81.0,105,154,170,459,1140,2140.0
02011800,01-05,91.0,106,153,170,393,1130,1900.0
02011800,01-06,102.0,113,153,170,393,1110,1280.0
02011800,01-07,104.0,113,153,172,329,792,1020.0
02011800,01-08,103.0,113,153,172,292,738,1030.0
02011800,01-09,103.0,113,152,170,292,611,1120.0
02011800,01-10,104.0,114,151,170,292,608,1070.0
02011800,01-11,104.0,114,151,170,364,627,737.0
02011800,01-12,105.0,114,151,167,336,597,618.0
02011800,01-13,103.0,114,152,172,315,597,782.0
02011800,01-14,101.0,114,151,172,296,711,1070.0
02011800,01-15,101.0,114,152,172,296,812,1420.0
02011800,01-16,101.0,114,154,172,286,805,1420.0
02011800,01-17,101.0,114,154,182,290,988,1100.0
02011800,01-18,101.0,114,153,174,343,969,1140.0
02011800,01-19,101.0,114,153,184,329,964,1190.0
02011800,01-20,101.0,114,153,198,516,1210,1730.0
02011800,01-21,101.0,114,156,212,505,1600,3030.0
02011800,01-22,82.0,108,154,186,400,1340,3160.0
02011800,01-23,81.0,102,153,187,400,1130,1500.0
02011800,01-24,80.0,102,159,187,400,962,1160.0
02011800,01-25,80.0,109,159,204,447,962,2030.0
02011800,01-26,80.0,109,153,205,543,1070,2650.0
02011800,01-27,82.0,107,154,209,484,1110,1680.0
02011800,01-28,82.0,112,155,210,458,1160,1880.0
02011800,01-29,82.0,112,155,211,412,1190,2860.0
02011800,01-30,82.0,104,155,211,456,1070,2770.0
02011800,01-31,83.0,113,157,211,493,1080,1550.0
02011800,02-01,103.0,115,160,211,438,1060,1220.0
02011800,02-02,104.0,114,162,231,413,1040,1090.0
02011800,02-03,105.0,114,161,217,413,977,1450.0
02011800,02-04,105.0,115,159,211,413,1060,1840.0
02011800,02-05,106.0,115,158,211,489,1330,2630.0
02011800,02-06,103.0,117,158,191,451,1290,2740.0
02011800,02-07,104.0,117,158,210,492,1840,2310.0
02011800,02-08,104.0,122,167,292,487,1450,2490.0
02011800,02-09,103.0,122,169,295,494,1120,2270.0
02011800,02-10,102.0,122,170,290,513,1080,2370.0
02011800,02-11,110.0,139,170,260,513,1620,2260.0
02011800,02-12,103.0,122,171,314,513,1590,2240.0
02011800,02-13,104.0,122,170,298,545,1190,1930.0
02011800,02-14,105.0,122,170,298,513,1280,2000.0
02011800,02-15,105.0,122,168,278,561,1250,1770.0
02011800,02-16,107.0,122,168,298,612,976,1180.0
02011800,02-17,107.0,122,165,295,612,1220,2040.0
02011800,02-18,108.0,122,170,359,715,1900,2900.0
02011800,02-19,108.0,122,170,376,693,1920,3750.0
02011800,02-20,108.0,122,170,389,813,1630,3840.0
02011800,02-21,108.0,122,170,361,799,1170,2710.0
02011800,02-22,108.0,123,170,437,882,1360,2070.0
02011800,02-23,107.0,122,170,449,852,1130,1590.0
02011800,02-24,104.0,122,167,538,907,1300,2100.0
02011800,02-25,102.0,122,172,502,826,2430,3540.0
02011800,02-26,102.0,122,171,468,814,2340,4610.0
02011800,02-27,102.0,122,234,507,797,2360,4010.0
02011800,02-28,102.0,122,217,440,819,1630,2490.0
02011800,02-29,,110,266,423,924,1620,
02011800,03-01,103.0,122,184,374,814,1160,1700.0
02011800,03-02,103.0,122,184,404,828,1230,2030.0
02011800,03-03,103.0,122,187,404,730,1450,4010.0
02011800,03-04,103.0,122,176,407,615,2980,4670.0
02011800,03-05,106.0,136,217,403,1020,3330,3670.0
02011800,03-06,109.0,146,222,429,970,2970,3440.0
02011800,03-07,110.0,151,258,496,1060,2310,3060.0
02011800,03-08,109.0,146,224,430,982,1580,2440.0
02011800,03-09,110.0,143,262,538,876,1470,1760.0
02011800,03-10,111.0,142,263,499,902,1380,1860.0
02011800,03-11,110.0,171,285,557,938,1370,2270.0
02011800,03-12,110.0,171,293,543,946,1560,3330.0
02011800,03-13,110.0,171,293,544,958,1360,2910.0
02011800,03-14,110.0,174,290,544,960,1880,2320.0
02011800,03-15,110.0,173,264,540,938,1620,3170.0
02011800,03-16,110.0,169,287,541,762,1500,3950.0
02011800,03-17,112.0,169,293,461,720,1780,2990.0
02011800,03-18,110.0,170,303,503,773,1790,2920.0
02011800,03-19,109.0,175,350,576,816,1270,2050.0
02011800,03-20,109.0,175,297,602,942,1590,2060.0
02011800,03-21,109.0,174,295,627,1140,1970,2460.0
02011800,03-22,109.0,181,368,693,1160,2400,3580.0
02011800,03-23,109.0,219,415,708,1100,2350,4140.0
02011800,03-24,109.0,212,401,595,1150,1940,2420.0
02011800,03-25,109.0,212,372,603,1080,1890,3600.0
02011800,03-26,109.0,212,303,548,995,1940,3880.0
02011800,03-27,110.0,204,307,506,800,1250,2400.0
02011800,03-28,110.0,176,299,439,713,1100,1600.0
02011800,03-29,110.0,196,296,508,731,1410,2310.0
02011800,03-30,110.0,195,286,447,869,2630,3710.0
02011800,03-31,111.0,189,278,443,1060,1830,3310.0
02011800,04-01,111.0,189,265,402,1080,1930,2550.0
02011800,04-02,146.0,201,310,469,1060,1810,2730.0
02011800,04-03,147.0,197,307,509,1060,1430,1480.0
02011800,04-04,151.0,197,307,592,933,1230,1540.0
02011800,04-05,149.0,196,291,552,901,1530,2050.0
02011800,04-06,150.0,196,291,502,954,1360,2360.0
02011800,04-07,148.0,197,299,558,831,1210,1730.0
02011800,04-08,147.0,192,299,587,808,1080,1560.0
02011800,04-09,148.0,196,313,517,779,1100,1620.0
02011800,04-10,142.0,192,308,445,719,1220,2350.0
02011800,04-11,148.0,203,294,433,913,1450,2300.0
02011800,04-12,148.0,203,270,421,704,1470,3090.0
02011800,04-13,148.0,211,301,425,916,1440,3850.0
02011800,04-14,149.0,197,288,442,899,2530,3030.0
02011800,04-15,149.0,197,263,427,1130,2200,4250.0
02011800,04-16,137.0,194,224,437,1060,3240,3800.0
02011800,04-17,148.0,197,226,464,1150,3040,3980.0
02011800,04-18,146.0,195,218,457,830,4180,4950.0
02011800,04-19,146.0,188,217,466,810,2580,4100.0
02011800,04-20,178.0,192,243,474,1040,2020,2850.0
02011800,04-21,182.0,196,255,420,836,2350,3670.0
02011800,04-22,187.0,199,271,463,835,1370,2700.0
02011800,04-23,186.0,196,251,438,731,1780,3300.0
02011800,04-24,188.0,199,251,397,720,1370,2700.0
02011800,04-25,188.0,199,251,403,644,1550,2640.0
02011800,04-26,197.0,211,290,463,760,1300,2390.0
02011800,04-27,199.0,214,299,463,941,1310,2460.0
02011800,04-28,199.0,212,295,453,776,1290,2360.0
02011800,04-29,193.0,210,293,510,877,1390,2650.0
02011800,04-30,199.0,212,293,492,885,1280,3710.0
02011800,05-01,218.0,231,289,436,1020,1680,2640.0
02011800,05-02,220.0,229,270,432,942,1230,2410.0
02011800,05-03,215.0,227,290,438,869,1280,3000.0
02011800,05-04,227.0,232,267,484,884,1480,2410.0
02011800,05-05,223.0,235,303,425,928,1210,2040.0
02011800,05-06,223.0,231,277,598,859,1080,1770.0
02011800,05-07,213.0,229,267,451,821,1710,3000.0
02011800,05-08,217.0,229,257,453,1140,2740,3140.0
02011800,05-09,161.0,225,249,431,1140,2840,3560.0
02011800,05-10,140.0,225,249,414,1070,2430,2890.0
02011800,05-11,136.0,214,242,420,833,1740,2870.0
02011800,05-12,171.0,224,237,421,786,1840,2170.0
02011800,05-13,214.0,225,242,402,678,1110,1720.0
02011800,05-14,219.0,226,247,406,617,1130,1610.0
02011800,05-15,214.0,225,249,407,671,1110,1760.0
02011800,05-16,224.0,229,250,416,645,1140,1740.0
02011800,05-17,225.0,229,249,469,822,1080,2750.0
02011800,05-18,226.0,229,248,401,933,2140,2850.0
02011800,05-19,221.0,228,244,359,881,1880,2880.0
02011800,05-20,221.0,228,237,345,959,1970,2640.0
02011800,05-21,227.0,230,253,407,993,1800,2530.0
02011800,05-22,221.0,229,253,406,960,1260,1840.0
02011800,05-23,218.0,226,235,404,608,1810,2690.0
02011800,05-24,222.0,227,249,383,534,1560,2690.0
02011800,05-25,222.0,227,250,319,505,1150,1620.0
02011800,05-26,222.0,228,247,303,462,880,1870.0
02011800,05-27,226.0,228,247,303,508,891,1860.0
02011800,05-28,226.0,230,250,303,540,1180,2240.0
02011800,05-29,226.0,230,250,303,614,1370,2030.0
02011800,05-30,229.0,233,250,320,668,1270,1920.0
02011800,05-31,232.0,236,252,303,569,1140,1980.0
02011800,06-01,237.0,240,259,287,517,1080,2020.0
02011800,06-02,240.0,242,263,282,453,860,2030.0
02011800,06-03,239.0,241,257,280,448,700,1260.0
02011800,06-04,232.0,240,257,278,398,667,1490.0
02011800,06-05,240.0,241,257,285,398,672,1640.0
02011800,06-06,239.0,240,253,274,373,999,1600.0
02011800,06-07,231.0,240,249,273,357,689,1120.0
02011800,06-08,231.0,240,247,275,371,698,1530.0
02011800,06-09,238.0,240,245,271,334,592,1050.0
02011800,06-10,230.0,238,247,271,371,942,1130.0
02011800,06-11,230.0,240,249,271,347,779,1370.0
02011800,06-12,237.0,240,247,272,328,1040,1210.0
02011800,06-13,237.0,240,247,272,346,1040,1480.0
02011800,06-14,237.0,240,247,274,395,1080,1180.0
02011800,06-15,235.0,240,250,275,358,900,1150.0
02011800,06-16,149.0,238,248,271,292,882,1780.0
02011800,06-17,124.0,240,248,271,289,940,1540.0
02011800,06-18,123.0,236,250,270,292,678,1220.0
02011800,06-19,178.0,240,254,270,292,840,1410.0
02011800,06-20,195.0,239,250,269,293,925,2370.0
02011800,06-21,195.0,240,254,269,288,947,2920.0
02011800,06-22,190.0,239,245,265,285,625,2500.0
02011800,06-23,189.0,230,246,266,286,531,1420.0
02011800,06-24,172.0,235,254,269,293,726,819.0
02011800,06-25,154.0,235,254,269,289,621,2200.0
02011800,06-26,149.0,236,252,269,288,677,2180.0
02011800,06-27,134.0,233,246,265,285,410,1120.0
02011800,06-28,146.0,236,249,268,287,666,810.0
02011800,06-29,127.0,236,249,267,283,350,1810.0
02011800,06-30,157.0,241,252,274,292,311,1650.0
02011800,07-01,158.0,243,257,281,297,323,895.0
02011800,07-02,166.0,244,252,281,298,341,568.0
02011800,07-03,196.0,244,257,281,298,355,450.0
02011800,07-04,186.0,244,253,281,297,317,412.0
02011800,07-05,214.0,244,253,282,294,340,436.0
02011800,07-06,234.0,244,254,279,295,307,495.0
02011800,07-07,227.0,244,251,277,292,302,493.0
02011800,07-08,232.0,245,251,279,292,301,493.0
02011800,07-09,232.0,246,252,279,292,301,411.0
02011800,07-10,232.0,245,251,282,293,304,346.0
02011800,07-11,231.0,245,251,283,296,302,376.0
02011800,07-12,232.0,245,251,282,296,303,376.0
02011800,07-13,201.0,244,251,282,296,304,376.0
02011800,07-14,167.0,245,251,282,296,304,376.0
02011800,07-15,167.0,245,251,278,294,303,375.0
02011800,07-16,167.0,245,251,281,294,306,378.0
02011800,07-17,164.0,245,251,278,296,306,376.0
02011800,07-18,165.0,245,250,276,294,302,306.0
02011800,07-19,167.0,246,253,281,296,306,389.0
02011800,07-20,167.0,245,257,283,296,339,747.0
02011800,07-21,166.0,244,252,281,296,305,671.0
02011800,07-22,166.0,244,251,280,296,304,647.0
02011800,07-23,167.0,245,257,282,297,314,678.0
02011800,07-24,165.0,244,257,281,296,304,418.0
02011800,07-25,165.0,243,257,281,294,302,450.0
02011800,07-26,165.0,243,256,281,294,301,316.0
02011800,07-27,165.0,242,248,278,292,298,301.0
02011800,07-28,165.0,241,249,277,292,299,302.0
02011800,07-29,165.0,240,248,273,292,299,302.0
02011800,07-30,160.0,240,246,271,292,297,301.0
02011800,07-31,165.0,241,246,271,292,297,301.0
02011800,08-01,157.0,240,244,270,291,296,301.0
02011800,08-02,148.0,237,244,269,290,296,298.0
02011800,08-03,148.0,237,244,269,291,296,297.0
02011800,08-04,145.0,237,244,269,290,296,297.0
02011800,08-05,140.0,237,244,268,291,296,297.0
02011800,08-06,138.0,237,245,266,290,296,298.0
02011800,08-07,138.0,237,245,268,292,295,300.0
02011800,08-08,138.0,237,244,268,289,295,299.0
02011800,08-09,137.0,236,244,270,290,297,302.0
02011800,08-10,137.0,235,246,271,291,301,585.0
02011800,08-11,134.0,231,243,269,290,298,302.0
02011800,08-12,138.0,235,243,268,292,300,613.0
02011800,08-13,131.0,231,242,268,292,301,475.0
02011800,08-14,133.0,235,243,269,292,300,618.0
02011800,08-15,120.0,235,244,269,292,300,617.0
02011800,08-16,125.0,234,244,272,292,299,613.0
02011800,08-17,118.0,235,243,270,291,298,562.0
02011800,08-18,118.0,235,243,270,290,297,303.0
02011800,08-19,137.0,235,243,270,290,297,301.0
02011800,08-20,150.0,236,244,273,290,298,388.0
02011800,08-21,149.0,234,243,270,290,295,305.0
02011800,08-22,151.0,235,243,270,288,293,298.0
02011800,08-23,149.0,235,243,268,288,294,299.0
02011800,08-24,149.0,235,244,270,288,295,305.0
02011800,08-25,149.0,235,244,269,288,295,305.0
02011800,08-26,149.0,235,244,269,288,295,305.0
02011800,08-27,149.0,237,244,271,289,298,439.0
02011800,08-28,149.0,235,244,270,289,298,349.0
02011800,08-29,141.0,234,240,270,288,295,304.0
02011800,08-30,134.0,230,240,272,288,298,388.0
02011800,08-31,134.0,227,239,271,288,303,698.0
02011800,09-01,131.0,198,234,248,270,279,286.0
02011800,09-02,130.0,208,234,248,259,268,610.0
02011800,09-03,127.0,208,233,246,259,268,616.0
02011800,09-04,124.0,208,235,246,258,267,584.0
02011800,09-05,125.0,208,230,242,256,265,597.0
02011800,09-06,109.0,198,232,242,256,265,550.0
02011800,09-07,126.0,208,233,242,257,265,418.0
02011800,09-08,114.0,177,233,242,256,263,318.0
02011800,09-09,126.0,214,232,242,256,263,271.0
02011800,09-10,122.0,214,233,246,256,264,599.0
02011800,09-11,120.0,214,227,241,256,262,267.0
02011800,09-12,116.0,214,225,240,255,261,270.0
02011800,09-13,114.0,214,224,240,256,260,273.0
02011800,09-14,114.0,214,223,240,255,260,273.0
02011800,09-15,114.0,214,222,241,256,260,273.0
02011800,09-16,110.0,207,220,236,255,260,261.0
02011800,09-17,104.0,207,220,242,256,266,716.0
02011800,09-18,118.0,212,220,243,256,416,986.0
02011800,09-19,120.0,214,220,245,257,267,1110.0
02011800,09-20,120.0,214,220,249,258,413,960.0
02011800,09-21,120.0,212,223,249,260,431,762.0
02011800,09-22,107.0,207,222,238,256,266,454.0
02011800,09-23,131.0,212,222,249,258,446,919.0
02011800,09-24,138.0,212,223,249,258,771,1170.0
02011800,09-25,144.0,215,221,248,256,417,1150.0
02011800,09-26,148.0,215,220,247,256,345,753.0
02011800,09-27,148.0,215,220,247,257,511,703.0
02011800,09-28,138.0,207,220,238,256,324,701.0
02011800,09-29,148.0,200,219,237,255,264,456.0
02011800,09-30,140.0,190,211,229,256,263,412.0
02011800,10-01,122.0,166,207,215,222,259,374.0
02011800,10-02,114.0,151,186,202,207,227,738.0
02011800,10-03,106.0,151,184,200,207,332,947.0
02011800,10-04,105.0,151,178,198,206,218,758.0
02011800,10-05,106.0,150,179,198,204,218,664.0
02011800,10-06,103.0,150,179,200,206,218,717.0
02011800,10-07,102.0,150,179,200,207,217,580.0
02011800,10-08,102.0,150,179,200,207,241,570.0
02011800,10-09,115.0,150,179,200,207,220,338.0
02011800,10-10,149.0,151,181,200,207,229,308.0
02011800,10-11,149.0,151,179,200,207,223,414.0
02011800,10-12,149.0,151,179,200,207,354,884.0
02011800,10-13,149.0,151,179,200,207,230,1320.0
02011800,10-14,149.0,151,179,198,207,370,1270.0
02011800,10-15,150.0,155,184,198,205,296,972.0
02011800,10-16,150.0,155,184,196,204,262,699.0
02011800,10-17,150.0,155,181,194,201,218,382.0
02011800,10-18,150.0,155,181,194,201,228,481.0
02011800,10-19,139.0,153,181,193,201,231,417.0
02011800,10-20,99.0,151,179,193,201,247,397.0
02011800,10-21,96.0,152,178,192,200,242,415.0
02011800,10-22,99.0,152,178,194,201,241,400.0
02011800,10-23,99.0,153,178,194,201,265,417.0
02011800,10-24,99.0,153,178,193,201,295,431.0
02011800,10-25,100.0,153,178,193,201,320,424.0
02011800,10-26,102.0,153,178,193,200,314,372.0
02011800,10-27,97.0,149,178,192,198,266,321.0
02011800,10-28,93.0,149,178,193,199,307,336.0
02011800,10-29,93.0,150,177,193,199,272,412.0
02011800,10-30,94.0,150,175,191,199,255,425.0
02011800,10-31,93.0,150,166,191,198,256,364.0
02011800,11-01,92.0,138,159,174,183,253,323.0
02011800,11-02,92.0,134,153,161,170,256,482.0
02011800,11-03,90.0,133,152,161,170,238,482.0
02011800,11-04,87.0,133,153,161,170,222,432.0
02011800,11-05,86.0,133,153,161,171,340,834.0
02011800,11-06,87.0,143,153,161,171,344,965.0
02011800,11-07,87.0,135,152,161,170,477,724.0
02011800,11-08,86.0,140,153,161,170,461,785.0
02011800,11-09,86.0,140,151,161,171,373,1090.0
02011800,11-10,86.0,141,153,161,170,350,1010.0
02011800,11-11,86.0,140,153,161,170,351,706.0
02011800,11-12,85.0,140,153,161,170,436,821.0
02011800,11-13,85.0,140,153,161,175,753,1230.0
02011800,11-14,85.0,139,152,161,175,874,1210.0
02011800,11-15,85.0,123,150,161,170,636,1170.0
02011800,11-16,85.0,132,151,161,170,435,1110.0
02011800,11-17,85.0,129,151,161,178,685,1290.0
02011800,11-18,98.0,125,153,161,178,510,2040.0
02011800,11-19,105.0,126,153,161,178,426,2060.0
02011800,11-20,105.0,125,153,161,178,645,1620.0
02011800,11-21,105.0,125,153,161,178,649,1170.0
02011800,11-22,105.0,123,153,161,178,531,972.0
02011800,11-23,105.0,123,153,161,178,493,919.0
02011800,11-24,105.0,125,153,161,184,455,1300.0
02011800,11-25,105.0,125,153,159,184,726,992.0
02011800,11-26,105.0,125,153,161,184,732,1430.0
02011800,11-27,105.0,125,153,161,192,1050,2010.0
02011800,11-28,105.0,124,153,162,184,1070,1210.0
02011800,11-29,105.0,120,153,161,178,916,1480.0
02011800,11-30,105.0,120,153,161,184,702,1010.0
02011800,12-01,94.0,115,153,159,182,617,1010.0
02011800,12-02,82.0,115,153,159,199,602,1580.0
02011800,12-03,82.0,115,153,159,189,758,2130.0
02011800,12-04,82.0,115,153,159,202,758,2080.0
02011800,12-05,82.0,115,153,159,178,758,1160.0
02011800,12-06,82.0,115,153,159,178,615,813.0
02011800,12-07,81.0,115,153,160,178,484,671.0
02011800,12-08,81.0,115,153,161,178,363,558.0
02011800,12-09,81.0,113,153,162,211,399,574.0
02011800,12-10,81.0,113,153,162,239,498,790.0
02011800,12-11,81.0,113,153,162,258,497,1990.0
02011800,12-12,81.0,113,151,161,292,688,2500.0
02011800,12-13,81.0,113,151,161,292,1160,1550.0
02011800,12-14,81.0,106,153,161,292,1050,1390.0
02011800,12-15,73.0,103,153,161,280,896,1470.0
02011800,12-16,71.0,103,153,161,292,1090,1540.0
02011800,12-17,72.0,103,153,161,295,769,1850.0
02011800,12-18,72.0,103,153,161,295,770,1220.0
02011800,12-19,73.0,103,153,162,382,640,1220.0
02011800,12-20,73.0,103,153,161,325,705,888.0
02011800,12-21,81.0,110,153,162,292,532,1020.0
02011800,12-22,81.0,111,153,164,356,598,1870.0
02011800,12-23,81.0,110,153,164,357,781,1450.0
02011800,12-24,81.0,111,155,165,380,1020,1130.0
02011800,12-25,81.0,113,156,165,504,1030,1160.0
02011800,12-26,81.0,113,155,165,504,1020,1850.0
02011800,12-27,80.0,113,156,165,455,1120,2460.0
02011800,12-28,80.0,113,156,166,455,820,1890.0
02011800,12-29,80.0,113,156,164,413,949,1250.0
02011800,12-30,80.0,113,156,164,413,815,1770.0
02011800,12-31,80.0,113,156,167,453,601,1500.0
02013100,01-01,154.0,184,235,356,855,1380,3090.0
02013100,01-02,153.0,185,238,349,852,1740,3000.0
02013100,01-03,154.0,194,256,350,989,1740,2460.0
02013100,01-04,145.0,184,251,425,938,2330,2890.0
02013100,01-05,140.0,174,247,470,796,2120,2700.0
02013100,01-06,156.0,186,246,436,688,1570,2240.0
02013100,01-07,174.0,200,291,410,707,1440,1610.0
02013100,01-08,180.0,198,279,384,844,1430,2330.0
02013100,01-09,187.0,202,276,361,724,1640,1770.0
02013100,01-10,186.0,205,279,364,688,1100,2530.0
02013100,01-11,192.0,210,283,392,636,860,2560.0
02013100,01-12,188.0,214,293,478,660,1080,1980.0
02013100,01-13,180.0,213,294,443,613,1030,1640.0
02013100,01-14,173.0,210,289,416,597,1300,2510.0
02013100,01-15,165.0,211,288,444,845,1940,4040.0
02013100,01-16,159.0,209,280,413,860,2160,2780.0
02013100,01-17,169.0,203,271,399,743,1510,1780.0
02013100,01-18,172.0,210,259,374,852,2080,2580.0
02013100,01-19,175.0,221,259,414,889,1910,3300.0
02013100,01-20,176.0,223,302,416,1080,2510,3540.0
02013100,01-21,169.0,211,250,401,1030,2260,3730.0
02013100,01-22,169.0,198,244,407,825,2430,4120.0
02013100,01-23,188.0,194,259,418,964,1670,3910.0
02013100,01-24,189.0,201,306,446,895,1900,3120.0
02013100,01-25,176.0,204,284,489,920,2190,3840.0
02013100,01-26,168.0,204,276,590,927,3020,3710.0
02013100,01-27,165.0,202,270,519,1010,2190,2820.0
02013100,01-28,165.0,215,264,461,914,2800,3520.0
02013100,01-29,182.0,213,266,434,877,2120,4050.0
02013100,01-30,203.0,217,279,417,839,1880,3850.0
02013100,01-31,194.0,242,283,427,810,2430,2930.0
02013100,02-01,191.0,247,299,459,878,1790,2380.0
02013100,02-02,185.0,256,325,505,818,1530,2720.0
02013100,02-03,188.0,249,364,504,866,2330,4040.0
02013100,02-04,182.0,254,349,497,808,2830,3680.0
02013100,02-05,177.0,234,325,498,878,2710,3830.0
02013100,02-06,177.0,227,327,499,937,3190,3770.0
02013100,02-07,186.0,246,322,516,936,3030,3550.0
02013100,02-08,190.0,239,337,513,801,2590,3700.0
02013100,02-09,190.0,242,325,549,951,2750,4300.0
02013100,02-10,188.0,242,318,506,1040,2240,3900.0
02013100,02-11,202.0,252,322,478,905,2920,3930.0
02013100,02-12,208.0,242,315,612,1170,2570,3150.0
02013100,02-13,214.0,251,305,535,1180,2580,3500.0
02013100,02-14,215.0,241,317,623,1110,2630,3770.0
02013100,02-15,193.0,243,327,650,1020,2570,3770.0
02013100,02-16,191.0,220,304,696,1220,1920,4680.0
02013100,02-17,186.0,242,349,727,1280,2610,4880.0
02013100,02-18,193.0,251,401,655,1340,3630,4750.0
02013100,02-19,210.0,227,388,698,1440,3410,4530.0
02013100,02-20,211.0,256,400,665,1440,2560,4720.0
02013100,02-21,195.0,247,426,714,1400,3480,4070.0
02013100,02-22,217.0,266,428,781,1580,3780,4480.0
02013100,02-23,213.0,265,390,941,1530,3690,5340.0
02013100,02-24,213.0,261,486,985,1540,2950,5720.0
02013100,02-25,217.0,272,403,906,1390,3270,5640.0
02013100,02-26,220.0,266,401,886,1350,4060,6130.0
02013100,02-27,221.0,263,387,840,1280,3240,5320.0
02013100,02-28,212.0,255,431,789,1310,2670,3680.0
02013100,02-29,,330,459,966,1500,2520,
02013100,03-01,212.0,283,385,730,1360,2320,4680.0
02013100,03-02,208.0,289,391,734,1270,3050,4350.0
02013100,03-03,211.0,283,397,788,1160,4110,5310.0
02013100,03-04,220.0,283,430,779,1250,5650,5790.0
02013100,03-05,245.0,295,522,768,2340,4680,5340.0
02013100,03-06,247.0,318,564,888,2280,4070,4560.0
02013100,03-07,249.0,317,542,992,1840,2760,3950.0
02013100,03-08,257.0,308,560,853,1670,2530,3400.0
02013100,03-09,247.0,303,527,921,1520,2350,2460.0
02013100,03-10,232.0,307,501,996,1670,2480,3080.0
02013100,03-11,221.0,304,511,925,1460,2790,3980.0
02013100,03-12,209.0,301,495,871,1590,3140,4930.0
02013100,03-13,227.0,297,502,859,1470,3130,4520.0
02013100,03-14,259.0,310,585,961,1410,2570,3260.0
02013100,03-15,296.0,310,605,951,1320,2330,5270.0
02013100,03-16,282.0,330,533,871,1310,3190,5260.0
02013100,03-17,318.0,409,656,933,1230,3250,4610.0
02013100,03-18,329.0,430,649,914,1250,2940,4360.0
02013100,03-19,344.0,485,687,888,1770,3030,3750.0
02013100,03-20,349.0,442,664,998,1500,2710,3460.0
02013100,03-21,369.0,392,653,1190,1740,3730,4790.0
02013100,03-22,325.0,364,637,1170,1960,3570,4510.0
02013100,03-23,302.0,351,689,1090,1930,3370,4940.0
02013100,03-24,277.0,317,674,1060,2010,2920,4920.0
02013100,03-25,260.0,315,589,976,1710,3260,4780.0
02013100,03-26,268.0,316,553,905,1640,2880,4690.0
02013100,03-27,299.0,350,541,800,1510,2660,3780.0
02013100,03-28,290.0,350,525,748,1330,2340,3530.0
02013100,03-29,287.0,336,509,781,1390,3050,5390.0
02013100,03-30,283.0,326,449,777,1690,4110,5140.0
02013100,03-31,308.0,316,436,734,1890,3250,4680.0
02013100,04-01,305.0,363,496,747,1770,2820,3500.0
02013100,04-02,299.0,365,508,731,1660,2490,3860.0
02013100,04-03,291.0,353,525,758,1620,2230,2570.0
02013100,04-04,300.0,338,595,853,1540,2320,2860.0
02013100,04-05,294.0,352,573,903,1530,2440,2960.0
02013100,04-06,284.0,313,536,977,1470,2370,3360.0
02013100,04-07,270.0,368,487,892,1540,2130,2510.0
02013100,04-08,256.0,355,545,873,1500,1910,2770.0
02013100,04-09,260.0,374,495,867,1330,2160,3830.0
02013100,04-10,289.0,377,498,795,1220,2780,3960.0
02013100,04-11,284.0,375,473,738,1210,3020,4190.0
02013100,04-12,271.0,374,501,820,1220,2560,3890.0
02013100,04-13,277.0,388,504,747,1460,4410,5730.0
02013100,04-14,288.0,359,491,712,1530,3820,5010.0
02013100,04-15,276.0,342,487,843,1840,4900,6090.0
02013100,04-16,269.0,340,448,789,2040,4950,7220.0
02013100,04-17,301.0,338,440,714,1980,4700,5970.0
02013100,04-18,291.0,363,428,769,1640,5290,6260.0
02013100,04-19,293.0,329,407,800,1530,3370,5230.0
02013100,04-20,278.0,328,419,796,1590,4130,5550.0
02013100,04-21,283.0,339,467,741,1470,3270,5030.0
02013100,04-22,291.0,368,491,777,1370,3410,4690.0
02013100,04-23,308.0,360,441,739,1210,3080,4270.0
02013100,04-24,329.0,354,448,673,1310,3130,4080.0
02013100,04-25,319.0,354,435,672,1380,2710,4460.0
02013100,04-26,331.0,366,453,781,1430,2730,3450.0
02013100,04-27,328.0,362,477,779,1640,2380,3210.0
02013100,04-28,326.0,361,544,871,1540,2850,4040.0
02013100,04-29,321.0,359,490,833,1640,2590,3960.0
02013100,04-30,319.0,368,466,830,1480,2980,5470.0
02013100,05-01,331.0,371,464,792,1430,2530,4350.0
02013100,05-02,337.0,344,438,827,1310,3070,4160.0
02013100,05-03,316.0,360,426,802,1380,2240,4010.0
02013100,05-04,301.0,341,457,932,1420,2300,3670.0
02013100,05-05,315.0,359,454,766,1530,2530,3700.0
02013100,05-06,320.0,337,485,788,1450,2480,4930.0
02013100,05-07,308.0,332,443,746,1820,3940,4990.0
02013100,05-08,303.0,340,448,748,1850,3930,4790.0
02013100,05-09,294.0,345,435,677,1640,3790,4380.0
02013100,05-10,287.0,323,410,652,1480,3420,4140.0
02013100,05-11,287.0,316,376,679,1370,2460,3620.0
02013100,05-12,281.0,318,365,668,1340,2320,3350.0
02013100,05-13,291.0,330,387,672,1120,2390,3740.0
02013100,05-14,295.0,332,435,677,949,1790,2950.0
02013100,05-15,300.0,334,430,637,1060,1410,2510.0
02013100,05-16,320.0,361,431,667,1120,1820,4000.0
02013100,05-17,319.0,344,422,646,1320,2060,4240.0
02013100,05-18,310.0,342,458,676,1590,3210,4290.0
02013100,05-19,314.0,328,429,709,1280,3000,4670.0
02013100,05-20,317.0,325,446,600,1390,3300,4550.0
02013100,05-21,318.0,326,423,641,1220,3270,4020.0
02013100,05-22,315.0,353,418,660,1360,2510,3800.0
02013100,05-23,311.0,329,412,628,1190,2160,4080.0
02013100,05-24,309.0,323,413,624,991,2430,3630.0
02013100,05-25,313.0,322,406,597,827,2140,3940.0
02013100,05-26,317.0,326,382,515,794,1320,3370.0
02013100,05-27,315.0,332,361,487,888,1460,3240.0
02013100,05-28,310.0,327,368,508,1010,2020,3430.0
02013100,05-29,301.0,315,352,516,1040,2150,2480.0
02013100,05-30,307.0,311,356,531,967,1670,2530.0
02013100,05-31,302.0,306,341,500,984,1580,3060.0
02013100,06-01,303.0,319,357,495,1040,1790,2650.0
02013100,06-02,308.0,321,359,487,801,1370,2710.0
02013100,06-03,309.0,326,358,437,719,1120,2540.0
02013100,06-04,312.0,322,356,420,634,956,2350.0
02013100,06-05,308.0,319,358,453,666,1640,2840.0
02013100,06-06,303.0,319,360,412,630,1670,2550.0
02013100,06-07,309.0,325,362,398,513,1160,1870.0
02013100,06-08,307.0,327,354,386,565,953,1700.0
02013100,06-09,317.0,327,346,368,586,807,1550.0
02013100,06-10,314.0,326,340,365,595,1500,2130.0
02013100,06-11,302.0,314,337,365,667,1680,2430.0
02013100,06-12,293.0,312,338,363,542,1700,1830.0
02013100,06-13,287.0,311,340,363,557,1730,2040.0
02013100,06-14,284.0,309,336,364,610,1530,2070.0
02013100,06-15,280.0,307,332,353,641,1470,1670.0
02013100,06-16,284.0,307,332,359,576,1590,3410.0
02013100,06-17,238.0,303,329,362,569,1660,2940.0
02013100,06-18,230.0,302,326,357,549,1260,2320.0
02013100,06-19,231.0,302,319,359,565,1940,2480.0
02013100,06-20,277.0,302,321,357,469,1480,3200.0
02013100,06-21,270.0,298,322,357,450,1310,3610.0
02013100,06-22,269.0,300,317,352,434,908,3400.0
02013100,06-23,260.0,299,322,356,498,1130,3120.0
02013100,06-24,249.0,299,320,346,476,1170,2340.0
02013100,06-25,217.0,301,320,349,454,939,2570.0
02013100,06-26,216.0,297,319,348,441,901,2530.0
02013100,06-27,211.0,296,318,336,405,910,2920.0
02013100,06-28,209.0,296,316,339,417,715,2020.0
02013100,06-29,206.0,292,313,338,397,608,1910.0
02013100,06-30,209.0,285,310,344,388,579,2300.0
02013100,07-01,216.0,288,325,358,401,542,1240.0
02013100,07-02,211.0,284,330,351,414,607,759.0
02013100,07-03,228.0,292,333,348,416,559,1160.0
02013100,07-04,268.0,300,328,351,402,561,1180.0
02013100,07-05,253.0,306,331,354,402,769,1050.0
02013100,07-06,304.0,305,329,360,422,736,1050.0
02013100,07-07,300.0,304,323,349,414,584,984.0
02013100,07-08,294.0,297,320,342,396,531,864.0
02013100,07-09,282.0,295,316,349,400,496,836.0
02013100,07-10,285.0,301,327,345,393,492,680.0
02013100,07-11,282.0,303,327,349,387,500,678.0
02013100,07-12,278.0,287,325,347,380,475,630.0
02013100,07-13,249.0,281,321,346,376,479,622.0
02013100,07-14,221.0,287,325,342,374,483,767.0
02013100,07-15,212.0,293,320,338,367,543,804.0
02013100,07-16,209.0,288,319,337,370,550,829.0
02013100,07-17,222.0,294,319,338,376,545,750.0
02013100,07-18,223.0,286,315,335,371,440,549.0
02013100,07-19,209.0,282,311,336,363,421,700.0
02013100,07-20,206.0,277,312,337,378,467,815.0
02013100,07-21,207.0,272,311,337,369,463,736.0
02013100,07-22,210.0,265,311,338,372,438,742.0
02013100,07-23,234.0,281,315,344,380,453,767.0
02013100,07-24,217.0,288,321,338,376,430,494.0
02013100,07-25,214.0,282,320,337,373,423,650.0
02013100,07-26,212.0,290,322,346,368,404,479.0
02013100,07-27,214.0,289,319,338,380,421,574.0
02013100,07-28,223.0,290,321,338,389,442,528.0
02013100,07-29,230.0,295,321,337,372,475,776.0
02013100,07-30,221.0,289,320,337,363,436,529.0
02013100,07-31,216.0,285,319,334,366,416,570.0
02013100,08-01,211.0,284,312,331,364,397,461.0
02013100,08-02,210.0,291,311,328,368,394,534.0
02013100,08-03,204.0,288,310,323,359,407,605.0
02013100,08-04,204.0,287,310,323,358,400,571.0
02013100,08-05,197.0,286,310,324,360,396,487.0
02013100,08-06,196.0,284,308,333,369,389,409.0
02013100,08-07,197.0,290,310,330,356,385,405.0
02013100,08-08,189.0,288,309,329,360,378,385.0
02013100,08-09,187.0,285,304,329,354,448,745.0
02013100,08-10,186.0,284,302,326,354,519,817.0
02013100,08-11,185.0,276,303,326,358,401,665.0
02013100,08-12,184.0,273,305,325,356,445,856.0
02013100,08-13,181.0,277,303,318,354,513,802.0
02013100,08-14,179.0,282,302,315,351,455,694.0
02013100,08-15,181.0,276,301,317,344,409,734.0
02013100,08-16,184.0,283,301,326,361,393,650.0
02013100,08-17,179.0,280,296,320,346,464,1080.0
02013100,08-18,185.0,276,298,321,353,483,937.0
02013100,08-19,212.0,276,301,326,360,465,767.0
02013100,08-20,226.0,275,300,333,363,504,731.0
02013100,08-21,230.0,271,305,330,358,416,556.0
02013100,08-22,254.0,274,304,331,348,406,443.0
02013100,08-23,245.0,276,303,330,353,394,450.0
02013100,08-24,229.0,272,298,327,351,387,432.0
02013100,08-25,220.0,270,299,329,349,390,424.0
02013100,08-26,209.0,267,295,326,344,384,424.0
02013100,08-27,209.0,268,299,324,343,410,623.0
02013100,08-28,201.0,272,300,321,343,417,526.0
02013100,08-29,196.0,271,297,318,343,396,413.0
02013100,08-30,195.0,266,295,321,353,397,470.0
02013100,08-31,188.0,263,291,321,370,523,933.0
02013100,09-01,181.0,246,279,303,332,381,1080.0
02013100,09-02,167.0,251,271,302,326,519,847.0
02013100,09-03,170.0,248,269,296,327,496,743.0
02013100,09-04,167.0,251,271,301,322,484,874.0
02013100,09-05,163.0,250,271,297,333,484,916.0
02013100,09-06,171.0,242,276,302,335,596,825.0
02013100,09-07,182.0,242,273,300,329,451,618.0
02013100,09-08,171.0,225,268,306,331,472,1170.0
02013100,09-09,165.0,235,271,298,325,421,940.0
02013100,09-10,170.0,240,272,298,334,483,704.0
02013100,09-11,162.0,241,277,293,323,395,571.0
02013100,09-12,162.0,238,268,288,319,403,580.0
02013100,09-13,156.0,238,272,286,318,375,553.0
02013100,09-14,152.0,241,268,290,316,361,422.0
02013100,09-15,155.0,239,268,289,314,347,386.0
02013100,09-16,155.0,238,266,287,314,343,520.0
02013100,09-17,165.0,239,270,296,310,790,1350.0
02013100,09-18,197.0,238,267,296,319,964,1660.0
02013100,09-19,182.0,239,262,287,312,1090,1540.0
02013100,09-20,166.0,238,266,284,319,857,1250.0
02013100,09-21,170.0,240,266,298,348,680,897.0
02013100,09-22,177.0,242,267,288,322,615,966.0
02013100,09-23,180.0,244,262,290,323,829,2220.0
02013100,09-24,191.0,243,267,288,326,776,1860.0
02013100,09-25,208.0,242,270,292,325,522,1580.0
02013100,09-26,213.0,247,271,296,345,750,1360.0
02013100,09-27,206.0,256,285,306,343,890,2150.0
02013100,09-28,206.0,251,273,302,342,918,4870.0
02013100,09-29,201.0,250,271,301,347,741,2880.0
02013100,09-30,194.0,241,267,297,369,825,2000.0
02013100,10-01,184.0,214,250,285,372,794,1210.0
02013100,10-02,169.0,209,226,252,336,600,1700.0
02013100,10-03,159.0,204,224,245,303,612,1190.0
02013100,10-04,151.0,203,223,242,275,468,1030.0
02013100,10-05,151.0,204,223,248,280,404,896.0
02013100,10-06,149.0,203,217,248,276,503,967.0
02013100,10-07,146.0,202,217,247,282,373,949.0
02013100,10-08,143.0,198,216,248,289,516,760.0
02013100,10-09,142.0,198,220,251,286,393,611.0
02013100,10-10,189.0,202,220,249,280,373,500.0
02013100,10-11,194.0,204,223,252,284,358,2730.0
02013100,10-12,192.0,208,230,250,285,459,2290.0
02013100,10-13,189.0,209,228,247,281,395,1740.0
02013100,10-14,187.0,205,228,249,283,459,1760.0
02013100,10-15,188.0,206,228,250,285,565,1590.0
02013100,10-16,192.0,213,229,249,282,484,1020.0
02013100,10-17,187.0,212,226,245,283,427,1110.0
02013100,10-18,189.0,204,227,246,289,527,886.0
02013100,10-19,180.0,202,227,243,273,420,737.0
02013100,10-20,171.0,201,222,241,275,365,662.0
02013100,10-21,131.0,204,224,243,274,372,603.0
02013100,10-22,129.0,202,224,244,271,454,559.0
02013100,10-23,132.0,201,230,245,272,545,1600.0
02013100,10-24,132.0,201,223,245,298,799,1060.0
02013100,10-25,151.0,203,229,245,331,470,678.0
02013100,10-26,149.0,202,227,244,326,472,662.0
02013100,10-27,183.0,206,232,245,299,474,532.0
02013100,10-28,161.0,206,233,251,293,468,767.0
02013100,10-29,161.0,198,231,247,324,628,1050.0
02013100,10-30,145.0,200,233,242,361,637,972.0
02013100,10-31,139.0,188,230,245,330,508,622.0
02013100,11-01,133.0,191,226,239,314,444,498.0
02013100,11-02,130.0,191,207,222,312,401,847.0
02013100,11-03,127.0,189,204,223,289,396,728.0
02013100,11-04,128.0,186,205,221,273,440,1650.0
02013100,11-05,127.0,193,207,222,284,474,1450.0
02013100,11-06,123.0,193,204,221,275,729,1490.0
02013100,11-07,125.0,190,205,227,276,930,1250.0
02013100,11-08,124.0,190,201,223,295,918,1560.0
02013100,11-09,121.0,190,200,229,308,721,1520.0
02013100,11-10,122.0,191,198,239,304,621,1400.0
02013100,11-11,121.0,191,201,242,360,713,1200.0
02013100,11-12,120.0,189,198,229,419,1690,2070.0
02013100,11-13,132.0,188,197,228,416,1530,2520.0
02013100,11-14,135.0,187,197,227,373,1620,2100.0
02013100,11-15,132.0,187,198,230,363,1320,2180.0
02013100,11-16,137.0,184,197,223,464,1530,3220.0
02013100,11-17,139.0,182,203,227,463,1080,2320.0
02013100,11-18,150.0,181,202,227,445,921,2880.0
02013100,11-19,145.0,180,206,226,433,1690,3060.0
02013100,11-20,142.0,179,202,222,431,1310,2250.0
02013100,11-21,141.0,178,203,226,450,840,1560.0
02013100,11-22,141.0,179,199,237,403,931,1350.0
02013100,11-23,138.0,180,199,238,397,785,1510.0
02013100,11-24,139.0,179,204,240,381,742,1870.0
02013100,11-25,144.0,178,204,235,401,1250,2160.0
02013100,11-26,145.0,184,201,242,507,1370,2610.0
02013100,11-27,144.0,184,205,240,513,1520,2730.0
02013100,11-28,144.0,185,206,257,524,1550,2060.0
02013100,11-29,145.0,181,204,288,599,1670,2350.0
02013100,11-30,149.0,182,207,284,663,1210,1520.0
02013100,12-01,150.0,182,204,339,600,1760,2930.0
02013100,12-02,140.0,172,199,319,817,1750,2700.0
02013100,12-03,142.0,177,200,302,673,1710,3230.0
02013100,12-04,140.0,174,198,295,626,1320,2980.0
02013100,12-05,136.0,181,199,307,562,1500,2450.0
02013100,12-06,134.0,179,198,280,534,1050,1510.0
02013100,12-07,133.0,168,197,293,544,914,1460.0
02013100,12-08,132.0,165,199,274,497,790,1320.0
02013100,12-09,129.0,157,196,275,484,957,1090.0
02013100,12-10,130.0,168,202,306,485,910,2370.0
02013100,12-11,157.0,195,222,295,494,857,3320.0
02013100,12-12,152.0,189,222,298,593,1560,3640.0
02013100,12-13,151.0,190,224,276,530,2100,2460.0
02013100,12-14,157.0,191,220,273,594,1590,2500.0
02013100,12-15,181.0,190,211,278,732,1670,2670.0
02013100,12-16,177.0,190,217,320,662,1730,2530.0
02013100,12-17,185.0,194,212,321,726,1390,3220.0
02013100,12-18,182.0,192,215,338,660,1290,1970.0
02013100,12-19,171.0,190,215,332,602,1160,1770.0
02013100,12-20,160.0,185,208,288,559,1390,1660.0
02013100,12-21,150.0,187,211,282,513,980,2260.0
02013100,12-22,177.0,188,218,294,552,1030,2800.0
02013100,12-23,182.0,188,213,289,713,1880,2470.0
02013100,12-24,180.0,184,228,345,974,1680,2060.0
02013100,12-25,173.0,182,237,335,1190,2020,2870.0
02013100,12-26,164.0,183,237,346,1140,1580,2950.0
02013100,12-27,158.0,180,234,352,817,1500,3640.0
02013100,12-28,163.0,181,236,342,791,1370,2890.0
02013100,12-29,164.0,181,241,375,910,1680,2300.0
02013100,12-30,161.0,184,244,353,799,1440,3050.0
02013100,12-31,158.0,181,246,349,707,1700,3540.0
02016000,01-01,91.0,120,206,381,748,1720,2240.0
02016000,01-02,90.0,121,219,410,696,1860,3270.0
02016000,01-03,94.0,132,224,414,767,1460,2010.0
02016000,01-04,94.0,143,240,390,760,1730,2130.0
02016000,01-05,101.0,161,237,400,740,1280,1700.0
02016000,01-06,100.0,159,223,379,796,1160,1560.0
02016000,01-07,101.0,163,268,390,736,1150,1930.0
02016000,01-08,101.0,155,251,383,700,1390,2630.0
02016000,01-09,101.0,151,252,377,678,1540,2510.0
02016000,01-10,100.0,156,222,383,685,1570,2790.0
02016000,01-11,111.0,160,224,375,646,1310,2000.0
02016000,01-12,117.0,159,225,373,724,1190,1600.0
02016000,01-13,131.0,160,246,378,700,1050,2050.0
02016000,01-14,130.0,150,245,385,692,1170,2020.0
02016000,01-15,137.0,151,230,403,734,1220,1890.0
02016000,01-16,135.0,158,240,380,703,1370,2240.0
02016000,01-17,102.0,142,234,363,654,1220,1560.0
02016000,01-18,111.0,142,231,357,625,1350,2200.0
02016000,01-19,130.0,145,250,375,581,1350,3230.0
02016000,01-20,135.0,145,248,382,601,1950,3640.0
02016000,01-21,123.0,148,235,393,632,1620,3200.0
02016000,01-22,128.0,150,232,411,880,1650,2150.0
02016000,01-23,122.0,140,234,411,944,1490,2200.0
02016000,01-24,121.0,141,250,432,903,1690,2940.0
02016000,01-25,111.0,150,261,475,1000,2000,3350.0
02016000,01-26,102.0,146,260,470,1170,2060,3810.0
02016000,01-27,100.0,141,259,482,928,1730,2300.0
02016000,01-28,102.0,131,256,435,954,1690,2660.0
02016000,01-29,100.0,130,244,437,800,1430,2200.0
02016000,01-30,100.0,140,252,455,772,1370,1680.0
02016000,01-31,100.0,160,255,454,762,1380,1930.0
02016000,02-01,105.0,150,248,441,865,1270,2450.0
02016000,02-02,111.0,154,257,420,776,1860,2840.0
02016000,02-03,116.0,168,266,480,891,1800,3840.0
02016000,02-04,116.0,180,267,460,917,2800,4820.0
02016000,02-05,121.0,172,270,440,894,2350,3030.0
02016000,02-06,111.0,161,274,452,1010,1790,2220.0
02016000,02-07,130.0,178,285,471,1170,1880,3420.0
02016000,02-08,149.0,173,290,452,1020,1700,2820.0
02016000,02-09,143.0,174,273,454,894,1510,1870.0
02016000,02-10,149.0,172,267,479,895,1390,1920.0
02016000,02-11,152.0,195,277,451,894,1710,2460.0
02016000,02-12,157.0,205,279,464,912,1670,2360.0
02016000,02-13,163.0,209,303,502,981,1950,2370.0
02016000,02-14,161.0,208,309,489,1070,1790,2740.0
02016000,02-15,190.0,221,314,571,1030,1650,2920.0
02016000,02-16,173.0,219,290,584,1040,1580,2460.0
02016000,02-17,201.0,250,320,582,973,1760,2380.0
02016000,02-18,195.0,241,370,579,1020,1900,2540.0
02016000,02-19,186.0,231,336,642,966,2040,2410.0
02016000,02-20,179.0,224,344,624,1030,2060,3070.0
02016000,02-21,173.0,235,361,603,994,2030,2690.0
02016000,02-22,185.0,224,380,578,933,2230,3200.0
02016000,02-23,184.0,233,358,644,1020,2240,3700.0
02016000,02-24,185.0,231,331,621,1030,1840,4270.0
02016000,02-25,184.0,225,363,629,1040,1980,3140.0
02016000,02-26,184.0,224,374,647,944,2130,2840.0
02016000,02-27,179.0,229,371,604,999,1760,3910.0
02016000,02-28,174.0,216,358,574,926,1680,2860.0
02016000,02-29,204.0,265,349,520,1030,1780,1990.0
02016000,03-01,174.0,211,342,533,929,2340,4580.0
02016000,03-02,172.0,225,333,520,906,1920,3550.0
02016000,03-03,171.0,235,330,518,995,2060,2810.0
02016000,03-04,179.0,248,374,536,1130,1980,5320.0
02016000,03-05,181.0,234,350,558,1400,3150,4930.0
02016000,03-06,207.0,255,350,580,1300,2960,4190.0
02016000,03-07,215.0,267,363,638,1370,2450,3410.0
02016000,03-08,225.0,259,413,658,1280,2000,2670.0
02016000,03-09,219.0,254,452,675,1170,1870,2620.0
02016000,03-10,217.0,250,438,658,1030,1550,3130.0
02016000,03-11,212.0,253,416,629,990,1700,2610.0
02016000,03-12,205.0,260,440,611,985,2180,3040.0
02016000,03-13,203.0,270,434,644,953,2560,5300.0
02016000,03-14,210.0,283,432,667,1160,2550,3840.0
02016000,03-15,257.0,303,418,622,1110,2480,4020.0
02016000,03-16,261.0,309,424,610,1050,1840,2650.0
02016000,03-17,270.0,332,440,667,1010,2150,4180.0
02016000,03-18,271.0,339,438,700,1020,2390,3320.0
02016000,03-19,285.0,339,447,701,1220,2030,2940.0
02016000,03-20,285.0,335,450,658,1360,2710,3730.0
02016000,03-21,285.0,346,465,737,1310,2550,4650.0
02016000,03-22,272.0,351,473,685,1370,2510,3400.0
02016000,03-23,268.0,344,465,680,1320,2000,2590.0
02016000,03-24,262.0,326,474,760,1210,2170,2950.0
02016000,03-25,246.0,313,449,703,1120,1680,2940.0
02016000,03-26,250.0,299,434,700,1170,1690,2880.0
02016000,03-27,278.0,315,434,690,990,1650,2560.0
02016000,03-28,265.0,321,434,642,975,2000,3560.0
02016000,03-29,252.0,328,410,602,1040,2640,3840.0
02016000,03-30,245.0,308,380,601,1030,2310,2980.0
02016000,03-31,253.0,301,385,566,1080,2020,2910.0
02016000,04-01,275.0,301,404,580,1100,2070,3490.0
02016000,04-02,269.0,302,434,582,1110,1820,2760.0
02016000,04-03,258.0,282,402,565,999,1770,2480.0
02016000,04-04,254.0,275,391,560,1000,1690,2050.0
02016000,04-05,251.0,277,370,541,1010,1720,2500.0
02016000,04-06,248.0,292,354,533,1060,1630,2740.0
02016000,04-07,269.0,298,350,586,1040,1750,2380.0
02016000,04-08,274.0,299,356,558,1080,1830,2520.0
02016000,04-09,259.0,289,354,547,1100,2090,2730.0
02016000,04-10,254.0,282,350,531,941,1910,3190.0
02016000,04-11,246.0,287,335,506,836,1740,2380.0
02016000,04-12,235.0,273,341,539,1010,2050,3520.0
02016000,04-13,225.0,261,330,537,1080,2920,3680.0
02016000,04-14,220.0,262,318,535,1230,2080,3210.0
02016000,04-15,211.0,257,317,582,1250,2400,3570.0
02016000,04-16,215.0,249,330,546,1340,2620,4050.0
02016000,04-17,219.0,244,321,562,1140,2360,6020.0
02016000,04-18,232.0,242,305,555,1010,1710,2420.0
02016000,04-19,228.0,240,296,580,878,1290,1590.0
02016000,04-20,217.0,234,293,532,775,1230,3220.0
02016000,04-21,213.0,232,290,509,730,1410,2790.0
02016000,04-22,212.0,231,287,495,692,1550,2090.0
02016000,04-23,205.0,222,281,475,860,1460,2530.0
02016000,04-24,210.0,229,277,457,935,1630,2090.0
02016000,04-25,206.0,232,302,459,857,1350,1690.0
02016000,04-26,208.0,239,307,480,826,1360,2310.0
02016000,04-27,197.0,226,309,477,886,1490,1960.0
02016000,04-28,192.0,226,311,464,907,1450,2920.0
02016000,04-29,200.0,232,292,482,862,1700,2730.0
02016000,04-30,215.0,230,290,478,767,1640,2330.0
02016000,05-01,203.0,219,290,485,764,1340,2340.0
02016000,05-02,197.0,212,274,476,789,1600,2280.0
02016000,05-03,189.0,207,281,465,797,1480,2180.0
02016000,05-04,179.0,204,282,445,847,1350,2600.0
02016000,05-05,166.0,204,288,458,825,1680,2990.0
02016000,05-06,161.0,200,272,472,875,1730,2400.0
02016000,05-07,160.0,197,270,459,828,2220,3140.0
02016000,05-08,156.0,185,269,466,886,2370,3200.0
02016000,05-09,151.0,181,267,460,850,1690,2110.0
02016000,05-10,145.0,179,249,445,801,1320,1830.0
02016000,05-11,150.0,171,253,451,814,1150,1610.0
02016000,05-12,159.0,171,247,426,763,1170,2130.0
02016000,05-13,157.0,171,263,418,759,1340,1740.0
02016000,05-14,159.0,173,254,450,729,1390,1880.0
02016000,05-15,156.0,172,257,426,779,1240,1960.0
02016000,05-16,156.0,188,252,431,874,1310,1990.0
02016000,05-17,151.0,188,255,459,769,1620,3940.0
02016000,05-18,167.0,191,276,420,725,1750,2280.0
02016000,05-19,173.0,201,272,395,704,1290,2010.0
02016000,05-20,175.0,194,287,425,760,1570,2150.0
02016000,05-21,166.0,190,274,449,793,1330,2130.0
02016000,05-22,155.0,187,261,441,678,1490,2850.0
02016000,05-23,160.0,184,277,400,649,1260,1780.0
02016000,05-24,162.0,180,269,384,621,1120,1360.0
02016000,05-25,156.0,171,258,377,596,1030,1650.0
02016000,05-26,151.0,167,248,348,574,1000,1800.0
02016000,05-27,140.0,161,244,337,650,1060,1440.0
02016000,05-28,144.0,163,239,350,668,1260,1750.0
02016000,05-29,140.0,166,234,348,664,1140,2070.0
02016000,05-30,134.0,163,232,340,663,1000,1580.0
02016000,05-31,131.0,157,219,317,619,1030,1610.0
02016000,06-01,131.0,149,211,313,531,923,1170.0
02016000,06-02,136.0,143,196,287,536,958,1750.0
02016000,06-03,136.0,149,201,281,475,817,1500.0
02016000,06-04,134.0,140,198,282,470,982,1790.0
02016000,06-05,129.0,144,190,277,485,972,1450.0
02016000,06-06,127.0,143,194,261,502,899,1260.0
02016000,06-07,132.0,139,185,253,436,719,1180.0
02016000,06-08,121.0,138,177,233,422,695,975.0
02016000,06-09,122.0,138,178,225,391,653,1100.0
02016000,06-10,115.0,131,172,214,354,773,1830.0
02016000,06-11,116.0,133,167,210,341,858,1250.0
02016000,06-12,113.0,130,162,211,316,835,1680.0
02016000,06-13,109.0,124,150,209,312,692,1460.0
02016000,06-14,110.0,124,152,217,329,671,1440.0
02016000,06-15,105.0,122,152,209,316,765,1540.0
02016000,06-16,102.0,117,148,197,335,707,1310.0
02016000,06-17,102.0,115,145,198,374,810,1200.0
02016000,06-18,99.0,113,149,188,358,908,2430.0
02016000,06-19,98.0,108,147,183,337,764,1440.0
02016000,06-20,98.0,107,150,197,314,806,1520.0
02016000,06-21,95.0,110,144,189,284,968,1410.0
02016000,06-22,94.0,103,140,184,287,708,1350.0
02016000,06-23,93.0,105,137,173,301,816,1210.0
02016000,06-24,93.0,104,133,172,317,635,1080.0
02016000,06-25,90.0,98,130,173,299,646,902.0
02016000,06-26,87.0,95,122,158,267,539,765.0
02016000,06-27,87.0,93,121,155,261,539,751.0
02016000,06-28,88.0,91,117,150,263,464,1080.0
02016000,06-29,87.0,92,117,143,280,477,1280.0
02016000,06-30,86.0,91,110,142,278,494,1200.0
02016000,07-01,84.0,89,111,147,248,369,855.0
02016000,07-02,82.0,88,112,147,227,437,593.0
02016000,07-03,77.0,85,111,160,214,386,521.0
02016000,07-04,80.0,85,111,161,227,394,621.0
02016000,07-05,78.0,85,111,154,233,514,669.0
02016000,07-06,76.0,83,113,152,217,426,581.0
02016000,07-07,74.0,82,112,159,214,437,893.0
02016000,07-08,73.0,81,111,148,213,528,759.0
02016000,07-09,72.0,83,108,144,203,441,633.0
02016000,07-10,73.0,84,113,149,217,425,912.0
02016000,07-11,76.0,94,118,149,225,447,659.0
02016000,07-12,83.0,95,115,145,223,461,509.0
02016000,07-13,78.0,92,114,146,212,404,613.0
02016000,07-14,77.0,91,112,139,212,499,886.0
02016000,07-15,75.0,95,112,135,208,675,953.0
02016000,07-16,72.0,92,107,133,183,517,698.0
02016000,07-17,68.0,86,103,126,174,365,553.0
02016000,07-18,73.0,86,103,125,183,281,449.0
02016000,07-19,75.0,86,103,124,161,269,379.0
02016000,07-20,72.0,86,103,123,173,297,348.0
02016000,07-21,73.0,87,103,128,197,318,688.0
02016000,07-22,71.0,87,100,121,180,320,667.0
02016000,07-23,72.0,87,105,125,187,463,663.0
02016000,07-24,77.0,86,105,134,206,358,526.0
02016000,07-25,77.0,88,107,126,190,293,545.0
02016000,07-26,75.0,90,104,126,194,279,345.0
02016000,07-27,73.0,83,102,133,189,283,382.0
02016000,07-28,77.0,87,100,129,186,299,438.0
02016000,07-29,80.0,86,101,129,194,322,1010.0
02016000,07-30,79.0,84,100,123,194,330,670.0
02016000,07-31,80.0,84,97,124,193,356,578.0
02016000,08-01,81.0,84,97,120,189,335,467.0
02016000,08-02,75.0,83,97,123,191,329,418.0
02016000,08-03,71.0,81,95,121,197,367,730.0
02016000,08-04,71.0,79,95,120,180,433,699.0
02016000,08-05,71.0,79,93,126,201,431,818.0
02016000,08-06,75.0,81,93,128,215,347,673.0
02016000,08-07,74.0,82,92,125,192,313,481.0
02016000,08-08,72.0,79,96,128,185,291,422.0
02016000,08-09,73.0,76,97,122,185,357,607.0
02016000,08-10,70.0,75,92,123,202,306,779.0
02016000,08-11,67.0,76,95,118,179,404,944.0
02016000,08-12,67.0,74,92,122,194,369,916.0
02016000,08-13,67.0,73,89,124,196,431,704.0
02016000,08-14,69.0,74,90,117,179,427,803.0
02016000,08-15,68.0,76,89,110,166,357,854.0
02016000,08-16,68.0,74,85,117,160,292,696.0
02016000,08-17,67.0,70,89,112,168,385,1280.0
02016000,08-18,64.0,69,86,115,164,577,1410.0
02016000,08-19,68.0,72,83,116,179,660,1490.0
02016000,08-20,67.0,75,85,116,185,597,816.0
02016000,08-21,66.0,76,86,117,186,449,581.0
02016000,08-22,64.0,73,85,116,173,398,577.0
02016000,08-23,62.0,75,85,115,181,349,787.0
02016000,08-24,57.0,73,85,116,170,333,629.0
02016000,08-25,60.0,74,84,116,160,386,668.0
02016000,08-26,60.0,73,85,111,170,327,749.0
02016000,08-27,58.0,70,84,106,160,358,638.0
02016000,08-28,59.0,68,83,108,162,297,527.0
02016000,08-29,59.0,69,83,107,158,316,610.0
02016000,08-30,60.0,67,83,102,170,403,531.0
02016000,08-31,61.0,65,81,103,162,314,698.0
02016000,09-01,62.0,65,78,105,161,320,691.0
02016000,09-02,59.0,67,81,103,149,284,874.0
02016000,09-03,60.0,70,82,103,171,366,626.0
02016000,09-04,59.0,67,83,102,163,334,601.0
02016000,09-05,63.0,69,82,102,168,382,710.0
02016000,09-06,61.0,69,81,107,178,514,809.0
02016000,09-07,60.0,67,80,107,164,488,1090.0
02016000,09-08,61.0,68,78,104,188,417,927.0
02016000,09-09,61.0,67,77,98,176,315,618.0
02016000,09-10,59.0,67,77,99,156,356,605.0
02016000,09-11,61.0,65,77,99,151,327,713.0
02016000,09-12,61.0,65,78,96,145,305,554.0
02016000,09-13,60.0,67,79,95,143,276,579.0
02016000,09-14,60.0,68,77,96,138,277,515.0
02016000,09-15,60.0,66,77,96,157,232,408.0
02016000,09-16,61.0,65,76,95,149,269,469.0
02016000,09-17,62.0,65,77,95,139,269,1280.0
02016000,09-18,62.0,66,77,98,146,337,1510.0
02016000,09-19,61.0,66,77,97,134,527,1480.0
02016000,09-20,62.0,66,79,97,150,443,945.0
02016000,09-21,63.0,67,79,97,158,521,786.0
02016000,09-22,61.0,66,79,95,151,510,913.0
02016000,09-23,62.0,67,77,96,139,514,1770.0
02016000,09-24,62.0,66,78,98,135,386,1140.0
02016000,09-25,62.0,66,78,96,153,330,899.0
02016000,09-26,58.0,66,76,97,147,296,819.0
02016000,09-27,58.0,66,82,101,148,609,842.0
02016000,09-28,58.0,66,85,105,150,455,1870.0
02016000,09-29,62.0,68,86,103,173,452,776.0
02016000,09-30,60.0,72,87,105,251,707,1920.0
02016000,10-01,61.0,73,85,110,230,599,1250.0
02016000,10-02,62.0,72,85,107,221,492,1280.0
02016000,10-03,65.0,72,84,107,227,572,848.0
02016000,10-04,61.0,72,84,105,201,487,634.0
02016000,10-05,66.0,72,84,100,188,419,910.0
02016000,10-06,65.0,70,83,104,193,423,776.0
02016000,10-07,65.0,69,85,114,191,334,800.0
02016000,10-08,62.0,69,86,124,194,471,676.0
02016000,10-09,61.0,69,86,121,184,393,760.0
02016000,10-10,63.0,70,86,116,170,365,540.0
02016000,10-11,65.0,72,83,111,183,333,673.0
02016000,10-12,65.0,71,83,108,170,331,525.0
02016000,10-13,65.0,71,83,105,151,273,580.0
02016000,10-14,65.0,73,84,103,151,268,464.0
02016000,10-15,68.0,72,86,106,149,342,816.0
02016000,10-16,67.0,74,85,108,172,352,691.0
02016000,10-17,66.0,75,84,113,162,446,1400.0
02016000,10-18,65.0,75,85,110,168,557,1170.0
02016000,10-19,65.0,75,83,105,196,675,1680.0
02016000,10-20,68.0,76,83,110,207,634,1260.0
02016000,10-21,66.0,76,87,108,189,531,1580.0
02016000,10-22,65.0,77,87,110,185,448,1150.0
02016000,10-23,67.0,77,86,114,191,442,925.0
02016000,10-24,66.0,76,88,112,192,430,749.0
02016000,10-25,66.0,78,93,119,229,434,758.0
02016000,10-26,66.0,77,92,118,242,541,1030.0
02016000,10-27,70.0,77,92,126,267,671,1530.0
02016000,10-28,69.0,79,91,123,254,524,1040.0
02016000,10-29,74.0,82,91,124,255,618,791.0
02016000,10-30,76.0,81,92,125,276,549,1140.0
02016000,10-31,70.0,81,93,120,299,523,1010.0
02016000,11-01,70.0,81,94,122,245,562,886.0
02016000,11-02,71.0,80,97,128,265,604,851.0
02016000,11-03,72.0,80,97,137,259,611,1150.0
02016000,11-04,71.0,80,94,140,236,538,1250.0
02016000,11-05,71.0,80,94,147,293,539,1020.0
02016000,11-06,71.0,81,93,141,305,688,1090.0
02016000,11-07,70.0,81,98,143,303,589,1090.0
02016000,11-08,70.0,81,96,144,287,725,1300.0
02016000,11-09,70.0,81,99,150,264,614,1150.0
02016000,11-10,70.0,81,102,151,295,718,805.0
02016000,11-11,70.0,80,102,152,312,668,939.0
02016000,11-12,71.0,79,104,153,307,726,1870.0
02016000,11-13,72.0,81,102,159,397,1120,2370.0
02016000,11-14,72.0,80,100,158,343,1090,1460.0
02016000,11-15,73.0,80,103,145,338,702,1010.0
02016000,11-16,72.0,79,102,150,343,738,1690.0
02016000,11-17,73.0,77,107,148,342,764,1390.0
02016000,11-18,72.0,78,105,169,327,671,1890.0
02016000,11-19,75.0,82,105,166,312,1050,1610.0
02016000,11-20,77.0,84,105,164,344,1160,1570.0
02016000,11-21,77.0,84,105,164,324,934,1370.0
02016000,11-22,74.0,88,107,178,409,751,1030.0
02016000,11-23,77.0,93,111,174,390,739,1210.0
02016000,11-24,77.0,91,112,188,439,810,1210.0
02016000,11-25,81.0,94,115,183,450,899,1470.0
02016000,11-26,83.0,94,116,181,419,888,1450.0
02016000,11-27,85.0,95,114,200,445,820,1370.0
02016000,11-28,86.0,91,116,205,452,996,1420.0
02016000,11-29,84.0,93,117,238,499,1210,2130.0
02016000,11-30,86.0,90,122,226,680,1510,2590.0
02016000,12-01,87.0,93,127,262,610,1610,2890.0
02016000,12-02,84.0,93,126,281,544,1460,2500.0
02016000,12-03,82.0,90,131,261,544,1310,2420.0
02016000,12-04,86.0,92,137,251,480,1300,2180.0
02016000,12-05,85.0,96,141,267,527,984,1750.0
02016000,12-06,82.0,94,143,248,533,865,1350.0
02016000,12-07,85.0,94,143,260,539,1170,1990.0
02016000,12-08,86.0,94,138,251,526,1190,2910.0
02016000,12-09,85.0,94,134,245,498,1430,2550.0
02016000,12-10,88.0,95,141,270,498,1160,1760.0
02016000,12-11,90.0,101,167,320,531,1080,3040.0
02016000,12-12,91.0,100,162,325,619,1410,2080.0
02016000,12-13,90.0,97,181,314,584,1260,1770.0
02016000,12-14,87.0,100,166,297,581,1270,1640.0
02016000,12-15,87.0,101,167,316,587,1220,1740.0
02016000,12-16,90.0,100,179,361,601,1210,2300.0
02016000,12-17,91.0,100,182,359,622,1340,1900.0
02016000,12-18,88.0,101,170,328,617,1110,1560.0
02016000,12-19,88.0,107,180,316,614,1050,1300.0
02016000,12-20,95.0,107,177,338,593,984,1370.0
02016000,12-21,93.0,111,163,324,519,977,1300.0
02016000,12-22,90.0,113,175,304,519,1100,2250.0
02016000,12-23,91.0,114,200,316,604,1690,2870.0
02016000,12-24,92.0,110,199,311,766,1560,2070.0
02016000,12-25,89.0,112,199,316,824,1420,2090.0
02016000,12-26,87.0,114,208,348,819,1420,2360.0
02016000,12-27,94.0,113,219,389,758,1350,2420.0
02016000,12-28,98.0,110,209,360,675,1270,1880.0
02016000,12-29,100.0,110,220,383,756,1520,2440.0
02016000,12-30,94.0,111,218,375,760,1700,2830.0
02016000,12-31,92.0,110,205,348,702,1410,2990.0
02016500,01-01,322.0,413,565,1080,1700,3600,7280.0
02016500,01-02,343.0,407,602,1070,1700,4670,6940.0
02016500,01-03,332.0,417,638,1030,2040,4250,5500.0
02016500,01-04,339.0,419,640,1160,2210,5360,6010.0
02016500,01-05,352.0,409,634,1210,2190,5050,5760.0
02016500,01-06,342.0,426,618,1160,1940,3340,5050.0
02016500,01-07,341.0,462,702,1120,1980,3060,4100.0
02016500,01-08,348.0,456,689,1120,2150,3670,7230.0
02016500,01-09,369.0,455,669,1020,2010,4030,6810.0
02016500,01-10,364.0,461,642,1020,1700,3640,6550.0
02016500,01-11,385.0,487,708,1050,1700,3170,5360.0
02016500,01-12,421.0,552,724,1190,2010,2800,4100.0
02016500,01-13,420.0,521,776,1280,1990,2750,6050.0
02016500,01-14,412.0,483,781,1240,2010,4370,7100.0
02016500,01-15,413.0,478,771,1250,1820,5120,8250.0
02016500,01-16,400.0,469,765,1180,2190,5700,7640.0
02016500,01-17,397.0,495,694,1150,1800,3910,6000.0
02016500,01-18,400.0,492,730,1080,2240,4930,6600.0
02016500,01-19,405.0,539,732,1130,2350,4510,10100.0
02016500,01-20,399.0,521,765,1110,2460,6000,8340.0
02016500,01-21,383.0,524,670,1060,3000,5250,7870.0
02016500,01-22,378.0,494,632,1150,2220,5070,6950.0
02016500,01-23,408.0,498,635,1050,2130,3580,6630.0
02016500,01-24,393.0,515,753,1130,2270,5850,7190.0
02016500,01-25,403.0,471,827,1160,2360,6280,8180.0
02016500,01-26,369.0,465,770,1420,2430,6230,7660.0
02016500,01-27,371.0,490,729,1260,2210,5470,6710.0
02016500,01-28,363.0,481,714,1140,2160,6120,9550.0
02016500,01-29,367.0,466,693,1120,2030,5930,9780.0
02016500,01-30,375.0,487,692,1140,1930,4590,7010.0
02016500,01-31,374.0,569,685,1070,1920,4910,5680.0
02016500,02-01,368.0,527,777,1210,2230,3920,6760.0
02016500,02-02,416.0,560,790,1250,2130,4920,6300.0
02016500,02-03,436.0,588,872,1410,2560,6660,8220.0
02016500,02-04,443.0,606,880,1410,2140,8930,11800.0
02016500,02-05,430.0,514,920,1330,2190,7510,8790.0
02016500,02-06,426.0,479,884,1400,2700,6810,7210.0
02016500,02-07,446.0,538,861,1270,2410,6410,11400.0
02016500,02-08,441.0,537,796,1260,2140,6330,8240.0
02016500,02-09,427.0,542,734,1300,2540,5650,8350.0
02016500,02-10,438.0,555,686,1240,2510,5320,7760.0
02016500,02-11,521.0,614,763,1210,2100,6180,7840.0
02016500,02-12,531.0,624,860,1330,2660,5440,7290.0
02016500,02-13,555.0,655,795,1320,2540,5800,6280.0
02016500,02-14,553.0,658,829,1260,3120,5390,7980.0
02016500,02-15,560.0,694,846,1430,2780,4800,7430.0
02016500,02-16,537.0,664,899,1620,2920,4340,9300.0
02016500,02-17,548.0,637,1050,1840,2870,7340,11900.0
02016500,02-18,535.0,636,1120,1650,3050,7810,11600.0
02016500,02-19,541.0,638,1110,1780,3470,7350,9280.0
02016500,02-20,512.0,638,1080,1590,3780,7360,8120.0
02016500,02-21,482.0,610,1190,1570,3600,6840,8090.0
02016500,02-22,505.0,588,1130,1950,3580,7650,12500.0
02016500,02-23,531.0,625,1120,2150,3460,7950,13500.0
02016500,02-24,546.0,590,1160,2210,3540,8300,14700.0
02016500,02-25,546.0,732,1040,2180,3150,9500,11600.0
02016500,02-26,551.0,672,1140,1890,3420,8300,10300.0
02016500,02-27,550.0,695,1150,1910,2790,6900,8770.0
02016500,02-28,547.0,756,1150,1730,2820,5700,6690.0
02016500,02-29,,819,1180,1840,3490,4670,
02016500,03-01,581.0,726,1060,1720,2710,4120,13300.0
02016500,03-02,626.0,776,996,1720,2800,6630,14100.0
02016500,03-03,614.0,795,1010,1910,2550,7540,11900.0
02016500,03-04,641.0,824,1040,1770,2560,10900,16400.0
02016500,03-05,684.0,813,1220,1760,4620,8890,14200.0
02016500,03-06,684.0,765,1190,1830,4800,7840,10100.0
02016500,03-07,670.0,788,1140,2050,4050,6850,8320.0
02016500,03-08,643.0,754,1210,2300,3710,5970,6740.0
02016500,03-09,663.0,752,1330,2230,4060,5360,6030.0
02016500,03-10,655.0,731,1240,2210,3680,7100,8420.0
02016500,03-11,629.0,701,1190,2110,3300,6520,11700.0
02016500,03-12,601.0,669,1300,1880,3260,6760,9900.0
02016500,03-13,578.0,659,1300,1840,2830,6580,9110.0
02016500,03-14,629.0,693,1310,2060,2780,4880,6390.0
02016500,03-15,681.0,762,1380,2040,2760,4100,9200.0
02016500,03-16,691.0,728,1290,1920,2810,5770,9110.0
02016500,03-17,659.0,922,1510,1880,2900,6670,9650.0
02016500,03-18,758.0,970,1460,1950,2820,7350,8320.0
02016500,03-19,773.0,1120,1420,2070,4230,6600,10900.0
02016500,03-20,725.0,1150,1420,2190,3860,7070,9320.0
02016500,03-21,725.0,1000,1380,2500,4150,7870,12900.0
02016500,03-22,697.0,957,1450,2590,4790,8820,11800.0
02016500,03-23,670.0,1020,1420,2340,3660,7420,9050.0
02016500,03-24,626.0,960,1430,2280,4090,6160,11000.0
02016500,03-25,618.0,997,1290,2100,3550,7450,9440.0
02016500,03-26,686.0,977,1240,1950,3270,5460,8430.0
02016500,03-27,758.0,984,1180,1900,3030,5290,7250.0
02016500,03-28,759.0,960,1210,1760,2860,4890,10500.0
02016500,03-29,801.0,924,1150,1730,3460,8220,13500.0
02016500,03-30,832.0,904,1060,1760,4260,9480,12700.0
02016500,03-31,806.0,892,1070,1760,4650,8120,10400.0
02016500,04-01,804.0,857,1220,1700,3850,6100,8460.0
02016500,04-02,790.0,845,1250,1650,3730,5570,8270.0
02016500,04-03,755.0,809,1250,1740,3390,5090,7520.0
02016500,04-04,740.0,771,1320,1900,3360,5410,6530.0
02016500,04-05,741.0,771,1300,1900,3520,5250,5970.0
02016500,04-06,734.0,799,1190,2040,3380,4470,5480.0
02016500,04-07,739.0,884,1200,2010,3260,4540,5670.0
02016500,04-08,728.0,882,1220,1890,3190,4160,6720.0
02016500,04-09,714.0,868,1120,1860,3160,4450,8670.0
02016500,04-10,699.0,879,1170,1730,2840,6450,10600.0
02016500,04-11,689.0,813,1150,1570,2800,6310,11900.0
02016500,04-12,681.0,786,1160,1700,2890,7270,10800.0
02016500,04-13,701.0,862,1170,1790,3290,9250,12400.0
02016500,04-14,693.0,788,1130,1650,3540,8360,11800.0
02016500,04-15,673.0,750,1150,1780,4510,9420,13700.0
02016500,04-16,677.0,735,1140,1840,5270,11000,21800.0
02016500,04-17,713.0,733,1120,1670,4560,11600,17200.0
02016500,04-18,714.0,747,1080,1690,3760,8890,11200.0
02016500,04-19,680.0,849,1040,1830,3280,5990,8420.0
02016500,04-20,660.0,830,1020,1870,3220,7660,13900.0
02016500,04-21,688.0,816,1150,1860,3220,9660,11100.0
02016500,04-22,713.0,801,1100,1790,2950,7450,11100.0
02016500,04-23,737.0,842,1070,1740,2760,6570,9930.0
02016500,04-24,737.0,806,1040,1570,2990,6620,9450.0
02016500,04-25,692.0,872,1090,1510,3040,6180,11300.0
02016500,04-26,688.0,915,1080,1730,3560,5160,10300.0
02016500,04-27,675.0,885,1070,1920,3580,5390,8050.0
02016500,04-28,693.0,907,1190,2050,3660,6790,9500.0
02016500,04-29,716.0,875,1110,1890,3410,6540,11300.0
02016500,04-30,737.0,831,1180,1870,3320,7560,9900.0
02016500,05-01,725.0,827,1130,1880,2680,5580,10500.0
02016500,05-02,707.0,799,1100,1820,2930,5210,8560.0
02016500,05-03,690.0,740,1080,1790,2740,4810,7110.0
02016500,05-04,657.0,708,1120,2140,2870,4800,8400.0
02016500,05-05,619.0,756,1080,1780,2940,4930,10100.0
02016500,05-06,659.0,829,1160,1900,3110,5900,8620.0
02016500,05-07,639.0,716,1160,1820,3890,8540,11900.0
02016500,05-08,617.0,748,1160,1630,3730,8080,9680.0
02016500,05-09,601.0,716,1120,1670,3330,7520,9550.0
02016500,05-10,582.0,675,1050,1580,3110,5580,9690.0
02016500,05-11,573.0,657,957,1530,2630,4830,6790.0
02016500,05-12,607.0,709,919,1570,2760,4020,6100.0
02016500,05-13,619.0,773,997,1450,2690,4540,7410.0
02016500,05-14,651.0,757,947,1610,2330,3760,5890.0
02016500,05-15,672.0,753,985,1530,2350,3260,5120.0
02016500,05-16,716.0,756,1000,1550,2600,4150,7540.0
02016500,05-17,719.0,767,1090,1510,2640,7800,10200.0
02016500,05-18,695.0,762,1080,1540,3440,7290,9720.0
02016500,05-19,682.0,799,1090,1550,3260,6790,8720.0
02016500,05-20,676.0,748,1050,1640,3240,7140,8320.0
02016500,05-21,673.0,741,1090,1700,2530,6550,7770.0
02016500,05-22,660.0,742,1030,1580,2870,5860,10000.0
02016500,05-23,651.0,751,1020,1490,2580,4360,8550.0
02016500,05-24,624.0,718,990,1420,2360,4930,7470.0
02016500,05-25,608.0,732,944,1410,1890,4840,7220.0
02016500,05-26,613.0,725,905,1240,1870,3220,9220.0
02016500,05-27,599.0,723,885,1130,2160,3160,6920.0
02016500,05-28,583.0,706,888,1110,2850,4510,6840.0
02016500,05-29,607.0,688,855,1100,2720,4470,7440.0
02016500,05-30,650.0,685,789,1310,2680,3420,6010.0
02016500,05-31,639.0,657,747,1290,2140,2950,6100.0
02016500,06-01,617.0,662,749,1170,2110,2740,5000.0
02016500,06-02,597.0,665,737,1040,1870,2800,6490.0
02016500,06-03,588.0,658,724,1100,1670,2600,5300.0
02016500,06-04,608.0,630,731,1020,1540,2540,5050.0
02016500,06-05,591.0,614,711,1000,1800,3720,6830.0
02016500,06-06,574.0,599,731,974,1660,3330,5840.0
02016500,06-07,579.0,588,705,985,1410,3050,3700.0
02016500,06-08,579.0,603,721,928,1380,2370,3680.0
02016500,06-09,568.0,598,690,974,1400,2420,3220.0
02016500,06-10,540.0,588,665,895,1300,3390,5410.0
02016500,06-11,523.0,578,642,824,1500,3850,6670.0
02016500,06-12,509.0,547,671,784,1590,4540,5240.0
02016500,06-13,490.0,540,642,780,1400,3700,4980.0
02016500,06-14,474.0,533,624,792,1410,3490,5850.0
02016500,06-15,466.0,521,597,769,1280,3170,4330.0
02016500,06-16,463.0,509,599,721,1330,3130,6350.0
02016500,06-17,456.0,502,591,712,1710,3990,6010.0
02016500,06-18,450.0,495,578,695,1270,3510,7010.0
02016500,06-19,446.0,493,556,680,1390,4010,6020.0
02016500,06-20,458.0,517,577,691,1190,3280,5900.0
02016500,06-21,448.0,515,577,677,1140,2820,6580.0
02016500,06-22,441.0,505,574,654,992,1920,6220.0
02016500,06-23,434.0,497,569,711,1160,4160,6380.0
02016500,06-24,431.0,485,567,722,1080,2870,7300.0
02016500,06-25,423.0,482,554,742,954,2350,5120.0
02016500,06-26,448.0,478,543,677,1030,2140,6380.0
02016500,06-27,428.0,486,558,653,1000,2240,5320.0
02016500,06-28,413.0,468,538,634,961,2410,5370.0
02016500,06-29,405.0,464,524,653,957,2250,5110.0
02016500,06-30,412.0,467,532,628,1000,1920,4440.0
02016500,07-01,431.0,469,534,623,1020,1510,2740.0
02016500,07-02,426.0,470,539,689,938,1330,2540.0
02016500,07-03,429.0,484,537,675,873,1420,2860.0
02016500,07-04,429.0,490,555,665,795,1490,3970.0
02016500,07-05,451.0,493,555,655,1020,1630,2770.0
02016500,07-06,455.0,483,544,647,1110,1940,2360.0
02016500,07-07,434.0,470,532,650,999,1850,2080.0
02016500,07-08,431.0,464,539,637,892,1760,1900.0
02016500,07-09,448.0,468,529,611,834,1450,1670.0
02016500,07-10,452.0,479,542,626,783,1470,1930.0
02016500,07-11,446.0,491,544,620,910,1370,1580.0
02016500,07-12,471.0,496,550,616,883,1180,1560.0
02016500,07-13,470.0,498,544,596,845,1270,2160.0
02016500,07-14,452.0,481,512,608,825,1760,2060.0
02016500,07-15,419.0,475,504,604,836,1560,2310.0
02016500,07-16,403.0,451,510,582,781,1530,1660.0
02016500,07-17,425.0,459,517,568,804,1250,1580.0
02016500,07-18,440.0,467,515,575,708,1180,1340.0
02016500,07-19,434.0,467,507,564,727,1090,1240.0
02016500,07-20,405.0,454,501,578,810,1050,1130.0
02016500,07-21,395.0,463,499,573,835,1210,1600.0
02016500,07-22,406.0,467,489,582,721,1380,1770.0
02016500,07-23,457.0,469,509,611,788,1200,1540.0
02016500,07-24,455.0,472,519,646,809,1040,1440.0
02016500,07-25,447.0,460,513,610,741,961,1060.0
02016500,07-26,416.0,469,529,634,708,797,890.0
02016500,07-27,404.0,458,544,616,730,862,925.0
02016500,07-28,430.0,460,519,604,745,942,956.0
02016500,07-29,447.0,460,519,610,737,1160,1790.0
02016500,07-30,442.0,465,500,601,697,945,1790.0
02016500,07-31,427.0,466,497,588,674,904,1400.0
02016500,08-01,397.0,455,491,580,725,841,1150.0
02016500,08-02,378.0,452,467,558,743,896,1120.0
02016500,08-03,370.0,443,463,559,700,960,1170.0
02016500,08-04,398.0,437,479,547,642,929,1120.0
02016500,08-05,363.0,439,465,548,632,857,1460.0
02016500,08-06,377.0,432,463,554,697,869,1080.0
02016500,08-07,360.0,428,462,546,717,884,1030.0
02016500,08-08,370.0,433,468,548,669,865,942.0
02016500,08-09,375.0,434,456,565,678,951,1200.0
02016500,08-10,374.0,425,454,556,757,1010,1520.0
02016500,08-11,369.0,424,477,543,702,991,1290.0
02016500,08-12,359.0,424,471,556,670,1040,1760.0
02016500,08-13,333.0,420,447,541,672,1240,3220.0
02016500,08-14,332.0,418,466,537,662,1430,1930.0
02016500,08-15,325.0,415,481,533,603,1300,1780.0
02016500,08-16,325.0,409,474,530,624,962,4250.0
02016500,08-17,307.0,415,457,528,609,1130,3030.0
02016500,08-18,393.0,414,460,529,668,1190,2690.0
02016500,08-19,398.0,417,462,540,728,1130,2110.0
02016500,08-20,398.0,413,468,550,763,1470,1610.0
02016500,08-21,392.0,407,463,547,706,1220,1410.0
02016500,08-22,390.0,410,466,544,685,1170,1540.0
02016500,08-23,386.0,410,469,549,651,974,1480.0
02016500,08-24,364.0,400,469,522,635,882,1240.0
02016500,08-25,351.0,412,460,512,584,809,1160.0
02016500,08-26,349.0,410,463,509,565,759,1070.0
02016500,08-27,352.0,386,455,508,609,812,1050.0
02016500,08-28,348.0,391,466,502,644,930,951.0
02016500,08-29,346.0,420,455,493,710,848,992.0
02016500,08-30,329.0,410,446,484,659,945,1050.0
02016500,08-31,343.0,394,444,499,703,882,1960.0
02016500,09-01,332.0,398,443,481,664,903,2810.0
02016500,09-02,314.0,378,425,479,622,1190,3320.0
02016500,09-03,312.0,377,418,475,618,1020,1750.0
02016500,09-04,334.0,376,412,472,651,1060,1940.0
02016500,09-05,330.0,382,425,469,616,1060,2150.0
02016500,09-06,319.0,379,424,490,735,1630,2020.0
02016500,09-07,326.0,374,409,475,656,1500,2270.0
02016500,09-08,319.0,373,413,460,726,1300,5430.0
02016500,09-09,295.0,356,406,455,641,1190,4800.0
02016500,09-10,276.0,378,412,474,598,1050,2700.0
02016500,09-11,264.0,373,406,474,577,1050,2220.0
02016500,09-12,249.0,373,402,458,552,1060,1890.0
02016500,09-13,249.0,375,402,454,529,1200,1830.0
02016500,09-14,246.0,374,399,447,517,1020,1280.0
02016500,09-15,260.0,370,385,442,517,891,1010.0
02016500,09-16,274.0,369,389,438,508,782,1550.0
02016500,09-17,285.0,368,401,435,499,838,4820.0
02016500,09-18,314.0,367,398,454,549,1960,6010.0
02016500,09-19,313.0,368,396,445,511,3520,4200.0
02016500,09-20,304.0,365,396,443,513,2390,2780.0
02016500,09-21,301.0,364,399,453,589,1780,2220.0
02016500,09-22,313.0,363,405,449,573,1610,2770.0
02016500,09-23,334.0,366,397,447,537,2180,7880.0
02016500,09-24,339.0,364,409,449,553,1930,4680.0
02016500,09-25,346.0,385,413,447,629,1280,3550.0
02016500,09-26,347.0,376,419,470,566,1860,2880.0
02016500,09-27,367.0,373,431,489,730,2570,4790.0
02016500,09-28,365.0,368,436,507,777,3150,13000.0
02016500,09-29,339.0,365,429,506,764,2220,8100.0
02016500,09-30,330.0,365,412,473,998,3330,7570.0
02016500,10-01,317.0,360,409,478,1130,2980,4690.0
02016500,10-02,303.0,347,375,425,1000,2420,4450.0
02016500,10-03,298.0,338,355,415,798,1720,2860.0
02016500,10-04,291.0,329,354,408,676,1640,2540.0
02016500,10-05,286.0,320,353,396,590,1420,2190.0
02016500,10-06,285.0,314,350,400,595,1320,2970.0
02016500,10-07,282.0,312,354,412,661,1100,2600.0
02016500,10-08,273.0,310,348,448,691,1220,2000.0
02016500,10-09,268.0,311,355,449,711,1100,1830.0
02016500,10-10,267.0,311,354,456,583,1140,1430.0
02016500,10-11,326.0,334,355,429,640,1200,4700.0
02016500,10-12,330.0,335,363,447,709,1080,5460.0
02016500,10-13,325.0,338,365,437,656,957,3820.0
02016500,10-14,327.0,337,375,430,654,1020,3270.0
02016500,10-15,316.0,339,373,437,713,998,3240.0
02016500,10-16,335.0,351,373,449,672,941,2520.0
02016500,10-17,338.0,350,368,433,623,1430,2420.0
02016500,10-18,336.0,345,371,430,618,1380,2100.0
02016500,10-19,338.0,344,370,422,588,1480,2610.0
02016500,10-20,322.0,345,373,420,576,1300,1760.0
02016500,10-21,272.0,340,372,425,569,1140,1380.0
02016500,10-22,264.0,341,366,418,575,1080,1380.0
02016500,10-23,256.0,342,376,428,635,1120,3580.0
02016500,10-24,256.0,343,378,418,617,2090,3830.0
02016500,10-25,331.0,353,378,419,679,1510,1900.0
02016500,10-26,339.0,346,382,454,803,1440,1720.0
02016500,10-27,346.0,371,386,441,755,1340,2250.0
02016500,10-28,335.0,358,386,451,759,1430,2960.0
02016500,10-29,317.0,358,386,452,1020,2200,2900.0
02016500,10-30,306.0,355,382,451,875,1990,3940.0
02016500,10-31,300.0,353,387,441,868,1440,2270.0
02016500,11-01,298.0,347,391,458,924,1370,1900.0
02016500,11-02,290.0,351,385,442,915,1290,1920.0
02016500,11-03,282.0,337,379,436,935,1170,2080.0
02016500,11-04,289.0,337,365,438,770,1150,4280.0
02016500,11-05,297.0,339,364,465,806,1170,3340.0
02016500,11-06,291.0,332,363,510,816,2530,3000.0
02016500,11-07,287.0,328,359,483,791,2540,2970.0
02016500,11-08,284.0,321,359,485,772,2200,2920.0
02016500,11-09,287.0,314,360,473,772,1950,3390.0
02016500,11-10,285.0,326,371,527,771,1690,2890.0
02016500,11-11,280.0,326,367,524,1140,1840,2640.0
02016500,11-12,274.0,331,367,528,1490,4090,7160.0
02016500,11-13,292.0,332,368,559,1500,5380,7600.0
02016500,11-14,289.0,328,373,566,1380,3840,5170.0
02016500,11-15,287.0,329,374,533,1260,3100,4560.0
02016500,11-16,298.0,335,371,525,1110,3440,10500.0
02016500,11-17,307.0,340,375,548,1110,2690,8360.0
02016500,11-18,303.0,339,386,531,1070,2380,6130.0
02016500,11-19,293.0,339,379,523,1150,4100,5720.0
02016500,11-20,296.0,339,371,504,1200,4110,4560.0
02016500,11-21,294.0,356,376,504,1110,2500,3170.0
02016500,11-22,292.0,352,406,550,1220,2150,2610.0
02016500,11-23,289.0,352,405,589,1170,2440,5270.0
02016500,11-24,310.0,350,401,604,1130,2270,3970.0
02016500,11-25,331.0,351,401,607,1280,2670,4290.0
02016500,11-26,333.0,353,408,606,1360,3370,4850.0
02016500,11-27,330.0,357,399,614,1580,3190,5540.0
02016500,11-28,336.0,353,394,633,1540,2800,4640.0
02016500,11-29,346.0,359,387,736,1920,4710,6960.0
02016500,11-30,342.0,352,389,857,1750,4100,8810.0
02016500,12-01,344.0,347,422,911,2420,6390,10200.0
02016500,12-02,339.0,358,451,982,2230,5480,6660.0
02016500,12-03,341.0,358,464,930,1900,6130,8300.0
02016500,12-04,333.0,358,516,842,1760,4600,6040.0
02016500,12-05,328.0,366,503,835,1600,4760,6180.0
02016500,12-06,323.0,365,497,771,1380,2850,4670.0
02016500,12-07,324.0,355,453,887,1850,2680,3310.0
02016500,12-08,326.0,355,465,805,1710,2290,3140.0
02016500,12-09,337.0,355,453,721,1310,2440,4630.0
02016500,12-10,331.0,356,463,782,1300,2550,6660.0
02016500,12-11,365.0,396,581,910,1240,2550,8570.0
02016500,12-12,352.0,394,577,914,1540,3460,6560.0
02016500,12-13,348.0,378,562,860,1430,4210,5170.0
02016500,12-14,349.0,390,545,838,1410,4020,6000.0
02016500,12-15,346.0,424,545,774,1470,5130,5660.0
02016500,12-16,352.0,391,610,894,1930,4130,6540.0
02016500,12-17,349.0,415,597,970,1930,3380,8100.0
02016500,12-18,362.0,399,568,1080,1760,3650,5980.0
02016500,12-19,357.0,403,571,1060,1760,3070,3800.0
02016500,12-20,361.0,399,538,970,1450,3120,4390.0
02016500,12-21,368.0,412,541,942,1360,2350,6580.0
02016500,12-22,367.0,437,544,878,1440,2410,5230.0
02016500,12-23,365.0,432,554,801,1760,5110,8080.0
02016500,12-24,378.0,430,620,872,2700,4950,6860.0
02016500,12-25,377.0,419,600,1100,2950,5750,7550.0
02016500,12-26,380.0,410,570,1140,2800,4590,6410.0
02016500,12-27,371.0,408,566,1130,2120,3420,6760.0
02016500,12-28,365.0,391,540,1130,2180,3080,5270.0
02016500,12-29,350.0,393,613,1150,2190,4100,6040.0
02016500,12-30,354.0,391,580,1100,2110,3190,7150.0
02016500,12-31,337.0,385,563,1210,1880,3210,6460.0
02019500,01-01,469.0,595,841,1820,2560,5310,11100.0
02019500,01-02,448.0,584,892,1810,2350,6750,9030.0
02019500,01-03,433.0,593,883,1730,2600,6130,8370.0
02019500,01-04,438.0,610,1010,1690,3880,6910,9460.0
02019500,01-05,477.0,591,973,1740,2990,7430,9760.0
02019500,01-06,462.0,607,856,1760,3390,5890,6930.0
02019500,01-07,433.0,645,1040,1640,3170,4450,5500.0
02019500,01-08,448.0,615,1050,1720,3240,5370,9900.0
02019500,01-09,475.0,592,999,1720,3140,5450,11100.0
02019500,01-10,489.0,629,993,1760,2680,5900,10200.0
02019500,01-11,510.0,658,1020,1690,2670,5540,8840.0
02019500,01-12,559.0,696,1270,1790,2640,4880,5880.0
02019500,01-13,573.0,759,1320,1950,3230,4630,10600.0
02019500,01-14,560.0,671,1290,1910,3590,6190,10400.0
02019500,01-15,533.0,676,1360,1800,3270,8050,13100.0
02019500,01-16,560.0,708,1250,1790,3640,8320,9990.0
02019500,01-17,550.0,688,1060,1830,3020,6340,12300.0
02019500,01-18,544.0,676,1010,1830,3100,6190,7720.0
02019500,01-19,572.0,755,1110,1770,3240,7280,15000.0
02019500,01-20,573.0,782,1160,1810,3870,8580,13900.0
02019500,01-21,560.0,736,1060,1810,3410,8460,13500.0
02019500,01-22,552.0,726,1000,1750,3700,7060,9940.0
02019500,01-23,572.0,717,1120,1750,3890,6460,7840.0
02019500,01-24,608.0,779,1200,1740,3880,6160,9690.0
02019500,01-25,552.0,711,1320,1860,3660,8810,13900.0
02019500,01-26,501.0,675,1420,1950,3620,8810,10700.0
02019500,01-27,506.0,707,1310,2050,3530,8160,12500.0
02019500,01-28,494.0,753,1190,1920,3330,9180,10500.0
02019500,01-29,505.0,728,1140,1840,3030,11200,16300.0
02019500,01-30,517.0,722,1100,1740,2750,8000,11100.0
02019500,01-31,516.0,760,1100,1710,3130,7180,9610.0
02019500,02-01,501.0,758,1220,1890,3620,5740,13800.0
02019500,02-02,494.0,782,1200,1950,3500,6690,10300.0
02019500,02-03,651.0,820,1380,2010,4300,7090,12500.0
02019500,02-04,647.0,886,1470,2190,3540,11100,19000.0
02019500,02-05,638.0,865,1590,2040,3740,11300,14500.0
02019500,02-06,649.0,731,1460,2100,4400,8890,9800.0
02019500,02-07,659.0,756,1350,2000,3740,9730,17300.0
02019500,02-08,642.0,810,1230,2070,3540,10200,12700.0
02019500,02-09,611.0,786,1190,2060,4040,9310,11800.0
02019500,02-10,596.0,790,1130,2020,3800,8250,12300.0
02019500,02-11,709.0,804,1080,1880,3450,8820,10900.0
02019500,02-12,755.0,918,1360,1860,4000,8230,11700.0
02019500,02-13,791.0,891,1270,2140,4280,9280,10000.0
02019500,02-14,818.0,937,1240,2020,5180,10800,13300.0
02019500,02-15,840.0,981,1330,2020,4460,7560,11800.0
02019500,02-16,829.0,940,1450,2610,4500,6800,14700.0
02019500,02-17,772.0,951,1540,2930,4620,11200,12900.0
02019500,02-18,783.0,1020,1680,2610,4630,11400,17600.0
02019500,02-19,783.0,995,1690,2620,5240,10000,12300.0
02019500,02-20,781.0,972,1750,2530,6600,9660,12200.0
02019500,02-21,714.0,973,1670,2380,6280,9210,12600.0
02019500,02-22,734.0,956,1630,2830,5240,11400,20500.0
02019500,02-23,794.0,1050,1590,3370,4660,11900,20800.0
02019500,02-24,798.0,1030,1710,3300,4780,14600,27200.0
02019500,02-25,862.0,1120,1590,3180,5530,15700,17700.0
02019500,02-26,829.0,1180,1980,2980,4840,12900,15900.0
02019500,02-27,818.0,1180,1760,2870,4650,9800,13200.0
02019500,02-28,819.0,1090,1710,2780,3980,8670,10400.0
02019500,02-29,,1210,1710,2610,5500,7020,
02019500,03-01,844.0,1090,1620,2690,3650,6890,18200.0
02019500,03-02,960.0,1090,1470,2650,4300,10600,17900.0
02019500,03-03,948.0,1140,1790,2760,4060,10600,18200.0
02019500,03-04,967.0,1140,1630,2700,4770,15300,20300.0
02019500,03-05,988.0,1140,1930,2470,6410,14300,18800.0
02019500,03-06,1030.0,1140,1860,2730,7700,10800,19200.0
02019500,03-07,1040.0,1120,1840,3000,6300,10700,12500.0
02019500,03-08,1020.0,1200,1760,3320,5410,9400,10800.0
02019500,03-09,999.0,1140,1740,3420,5660,6780,9340.0
02019500,03-10,1020.0,1080,1600,3550,5000,8790,12100.0
02019500,03-11,997.0,1070,1610,3020,5050,8280,14300.0
02019500,03-12,955.0,1060,1710,3050,4830,8200,13900.0
02019500,03-13,912.0,1050,2030,2660,4440,9700,12200.0
02019500,03-14,882.0,1070,1950,2960,4310,7240,9170.0
02019500,03-15,952.0,1110,2070,2860,4290,5780,13100.0
02019500,03-16,1010.0,1120,2030,2880,4460,6560,11300.0
02019500,03-17,1010.0,1090,2030,2820,4270,8020,11900.0
02019500,03-18,1030.0,1340,2230,2950,4110,9150,11900.0
02019500,03-19,1090.0,1470,2010,3040,4750,10600,15300.0
02019500,03-20,1060.0,1760,2080,3120,4950,10600,15400.0
02019500,03-21,1020.0,1630,2350,3580,5350,11300,12900.0
02019500,03-22,1040.0,1500,2110,3410,5580,12900,17000.0
02019500,03-23,993.0,1560,2170,3270,5830,10900,13400.0
02019500,03-24,974.0,1580,2230,3110,5750,8610,15700.0
02019500,03-25,915.0,1460,2110,3090,5330,10700,12200.0
02019500,03-26,1060.0,1450,1970,2900,4430,8620,11800.0
02019500,03-27,1110.0,1400,1900,2830,4070,6860,10300.0
02019500,03-28,1120.0,1400,1800,2790,4570,7540,15800.0
02019500,03-29,1130.0,1360,1720,2650,4700,12800,21000.0
02019500,03-30,1160.0,1290,1670,2620,5740,15500,20700.0
02019500,03-31,1180.0,1250,1650,2500,5830,13700,15300.0
02019500,04-01,1180.0,1240,1690,2610,5960,9130,12300.0
02019500,04-02,1170.0,1300,1750,2730,5180,9050,11500.0
02019500,04-03,1130.0,1290,1720,2970,5110,7570,12600.0
02019500,04-04,1140.0,1250,1950,2900,5120,8910,10500.0
02019500,04-05,1110.0,1230,1900,2820,5930,7180,8400.0
02019500,04-06,1090.0,1250,1790,3190,5100,6260,6650.0
02019500,04-07,1130.0,1330,1760,2940,5190,6920,7900.0
02019500,04-08,1090.0,1280,1790,2880,4740,6570,8560.0
02019500,04-09,1050.0,1250,1810,2980,4790,6280,13600.0
02019500,04-10,1010.0,1210,1670,2710,4350,8440,20000.0
02019500,04-11,976.0,1260,1720,2410,4630,9060,20000.0
02019500,04-12,950.0,1230,1650,2480,4830,9180,15600.0
02019500,04-13,953.0,1200,1740,2490,4590,12700,16100.0
02019500,04-14,944.0,1170,1660,2590,5190,11300,21700.0
02019500,04-15,954.0,1140,1670,2390,6660,11900,16000.0
02019500,04-16,936.0,1130,1630,2450,6930,16900,26100.0
02019500,04-17,946.0,1120,1600,2350,8060,17000,25800.0
02019500,04-18,959.0,1160,1600,2370,5830,13100,15700.0
02019500,04-19,947.0,1240,1550,2210,4880,10600,12800.0
02019500,04-20,932.0,1190,1530,2020,5050,10500,20300.0
02019500,04-21,934.0,1190,1550,2610,5100,12800,17100.0
02019500,04-22,950.0,1210,1550,2820,4590,11700,12900.0
02019500,04-23,982.0,1190,1610,2620,4080,9540,13500.0
02019500,04-24,1040.0,1170,1490,2440,4200,8990,13700.0
02019500,04-25,1010.0,1200,1490,2460,4370,10900,19800.0
02019500,04-26,977.0,1210,1760,2620,4670,9450,13400.0
02019500,04-27,984.0,1170,1630,2610,5140,8260,11500.0
02019500,04-28,972.0,1180,1630,2630,4740,8280,10400.0
02019500,04-29,971.0,1210,1510,3000,4800,8960,16600.0
02019500,04-30,938.0,1170,1690,2990,4620,9590,12700.0
02019500,05-01,1010.0,1130,1660,2980,4080,7850,14600.0
02019500,05-02,951.0,1100,1560,2690,4350,6920,11100.0
02019500,05-03,929.0,1060,1450,2590,3820,6090,11300.0
02019500,05-04,914.0,1060,1540,2950,4260,7190,8250.0
02019500,05-05,878.0,1060,1700,2720,4910,7040,12100.0
02019500,05-06,848.0,1090,1690,2500,4260,7640,14100.0
02019500,05-07,835.0,1070,1760,2620,5030,9550,21600.0
02019500,05-08,803.0,981,1620,2630,5180,9030,14600.0
02019500,05-09,799.0,947,1580,2260,5450,11100,12800.0
02019500,05-10,782.0,919,1570,2290,4560,8510,14500.0
02019500,05-11,762.0,913,1380,2140,4050,6890,10200.0
02019500,05-12,825.0,985,1280,2200,3780,5880,8290.0
02019500,05-13,870.0,984,1470,2360,3580,6670,8890.0
02019500,05-14,938.0,1030,1440,2230,3390,5910,8570.0
02019500,05-15,895.0,1030,1430,2100,3500,5110,7070.0
02019500,05-16,907.0,1070,1470,2100,3440,5940,10100.0
02019500,05-17,971.0,1100,1410,2240,3660,8530,10800.0
02019500,05-18,945.0,1060,1530,2120,4540,9760,14300.0
02019500,05-19,930.0,1080,1430,2160,4360,8230,14100.0
02019500,05-20,934.0,1110,1550,2380,4180,7450,15200.0
02019500,05-21,952.0,1040,1480,2540,3760,8080,12600.0
02019500,05-22,926.0,1050,1450,2460,4740,7790,14000.0
02019500,05-23,959.0,1040,1370,2200,3620,8230,18600.0
02019500,05-24,954.0,1110,1460,2120,3630,7010,11900.0
02019500,05-25,920.0,1080,1380,2000,2930,7420,13300.0
02019500,05-26,905.0,1050,1340,1910,2700,5650,14300.0
02019500,05-27,912.0,1040,1300,1800,2800,4830,9800.0
02019500,05-28,899.0,997,1310,1750,3920,6990,10500.0
02019500,05-29,921.0,1000,1250,1720,4720,7170,10000.0
02019500,05-30,889.0,974,1210,2070,3660,5610,9160.0
02019500,05-31,843.0,948,1110,1840,3170,5110,6870.0
02019500,06-01,791.0,947,1140,1710,3060,4860,7010.0
02019500,06-02,841.0,932,1170,1530,2920,4500,7530.0
02019500,06-03,813.0,918,1140,1530,2660,4280,9600.0
02019500,06-04,789.0,924,1060,1530,2400,4280,8000.0
02019500,06-05,771.0,834,1060,1410,2390,5720,9670.0
02019500,06-06,736.0,814,1130,1500,2680,5510,8340.0
02019500,06-07,725.0,857,1060,1400,2350,4850,6050.0
02019500,06-08,690.0,826,1080,1340,2160,3730,6130.0
02019500,06-09,663.0,787,1030,1330,2250,3590,5800.0
02019500,06-10,644.0,750,993,1320,2190,4060,8190.0
02019500,06-11,656.0,779,942,1240,2300,6180,11600.0
02019500,06-12,680.0,800,902,1170,2520,5840,9120.0
02019500,06-13,658.0,785,899,1140,2180,7280,9250.0
02019500,06-14,617.0,753,891,1150,1920,5140,9280.0
02019500,06-15,618.0,726,849,1120,2090,4340,7160.0
02019500,06-16,601.0,703,820,1090,2150,4450,8170.0
02019500,06-17,597.0,694,815,1100,2060,4820,11500.0
02019500,06-18,581.0,676,794,1110,2080,5970,12300.0
02019500,06-19,571.0,662,783,1070,1980,4820,15300.0
02019500,06-20,569.0,640,829,978,1450,4540,11000.0
02019500,06-21,562.0,623,807,1030,1550,4250,8610.0
02019500,06-22,548.0,608,778,987,1410,3210,8330.0
02019500,06-23,552.0,593,766,1010,1910,3100,8340.0
02019500,06-24,553.0,586,757,991,1550,4510,14000.0
02019500,06-25,541.0,597,761,1030,1370,3750,8030.0
02019500,06-26,539.0,586,715,971,1360,3640,7950.0
02019500,06-27,559.0,610,710,921,1610,2930,7230.0
02019500,06-28,579.0,612,681,899,1530,3320,7820.0
02019500,06-29,560.0,594,673,913,1360,2850,10500.0
02019500,06-30,553.0,591,675,907,1440,3000,7410.0
02019500,07-01,552.0,579,695,939,1390,2790,4600.0
02019500,07-02,535.0,581,703,963,1240,2140,3600.0
02019500,07-03,526.0,589,708,967,1320,2230,4810.0
02019500,07-04,550.0,597,716,951,1360,2440,9410.0
02019500,07-05,564.0,604,705,930,1300,2890,5170.0
02019500,07-06,597.0,642,719,923,1630,2770,5300.0
02019500,07-07,572.0,624,697,924,1420,3640,4180.0
02019500,07-08,548.0,614,698,891,1370,3210,4090.0
02019500,07-09,559.0,619,729,862,1190,2510,2840.0
02019500,07-10,548.0,640,744,863,1240,2360,2700.0
02019500,07-11,558.0,634,733,872,1250,2110,2750.0
02019500,07-12,568.0,663,714,872,1230,1840,2590.0
02019500,07-13,589.0,642,699,876,1240,1820,3230.0
02019500,07-14,591.0,636,692,835,1300,2140,3710.0
02019500,07-15,578.0,614,697,835,1240,2910,3410.0
02019500,07-16,550.0,603,683,838,1170,2480,3350.0
02019500,07-17,527.0,593,667,779,1120,2210,2490.0
02019500,07-18,583.0,602,682,790,1120,1850,2280.0
02019500,07-19,581.0,595,665,775,1070,1610,2040.0
02019500,07-20,559.0,592,640,792,1050,1720,1910.0
02019500,07-21,546.0,577,626,842,1090,1600,2090.0
02019500,07-22,563.0,587,641,838,1120,2260,2560.0
02019500,07-23,556.0,591,693,840,1160,1730,2340.0
02019500,07-24,554.0,596,696,875,1170,1500,2420.0
02019500,07-25,568.0,605,727,859,1120,1300,1990.0
02019500,07-26,572.0,613,693,837,1130,1290,1810.0
02019500,07-27,545.0,631,718,854,1080,1300,1600.0
02019500,07-28,532.0,598,718,874,1050,1280,1500.0
02019500,07-29,549.0,614,699,896,1080,1350,1760.0
02019500,07-30,566.0,597,678,880,1000,1400,2710.0
02019500,07-31,559.0,591,660,854,993,1650,2370.0
02019500,08-01,557.0,603,675,841,1050,1490,2120.0
02019500,08-02,549.0,586,631,808,1040,1480,2520.0
02019500,08-03,530.0,558,609,776,1160,1550,2030.0
02019500,08-04,511.0,560,624,755,1180,1430,2300.0
02019500,08-05,504.0,565,619,736,1050,1710,1810.0
02019500,08-06,488.0,547,624,756,1070,1400,1640.0
02019500,08-07,488.0,536,658,817,1060,1380,1550.0
02019500,08-08,472.0,522,646,775,964,1270,1450.0
02019500,08-09,475.0,522,630,811,1010,1410,1550.0
02019500,08-10,474.0,506,624,798,986,1380,2150.0
02019500,08-11,466.0,502,633,787,1030,1450,2490.0
02019500,08-12,458.0,512,622,829,1010,1160,2050.0
02019500,08-13,453.0,506,615,787,987,1520,6130.0
02019500,08-14,442.0,504,612,757,911,1660,3870.0
02019500,08-15,429.0,510,615,774,971,1560,2770.0
02019500,08-16,424.0,504,635,717,877,1600,4510.0
02019500,08-17,419.0,473,624,714,917,1840,4800.0
02019500,08-18,435.0,500,623,713,955,2130,3990.0
02019500,08-19,470.0,509,621,743,917,1840,4880.0
02019500,08-20,480.0,513,644,751,1040,1580,3020.0
02019500,08-21,459.0,511,613,749,1050,1930,2410.0
02019500,08-22,453.0,503,598,787,1050,1590,1980.0
02019500,08-23,448.0,500,611,749,1040,1760,1930.0
02019500,08-24,448.0,497,615,733,993,1490,1800.0
02019500,08-25,428.0,498,603,720,948,1290,1720.0
02019500,08-26,420.0,519,603,706,871,1150,1680.0
02019500,08-27,420.0,515,608,697,840,1070,1760.0
02019500,08-28,430.0,513,621,700,890,1280,1740.0
02019500,08-29,439.0,532,618,697,964,1260,1380.0
02019500,08-30,434.0,517,603,674,982,1250,1430.0
02019500,08-31,434.0,522,593,672,970,1280,1690.0
02019500,09-01,439.0,547,596,676,1020,1380,4370.0
02019500,09-02,431.0,533,599,652,927,1760,4720.0
02019500,09-03,422.0,497,567,635,880,1530,3160.0
02019500,09-04,475.0,495,563,625,875,1730,2730.0
02019500,09-05,475.0,501,572,628,861,1790,2650.0
02019500,09-06,461.0,494,588,659,1210,2070,3550.0
02019500,09-07,444.0,493,578,677,1160,2900,4650.0
02019500,09-08,444.0,477,563,665,1120,2110,8170.0
02019500,09-09,434.0,461,560,658,1000,1770,7900.0
02019500,09-10,404.0,436,566,641,873,1600,4700.0
02019500,09-11,379.0,467,565,657,896,1490,3170.0
02019500,09-12,365.0,464,567,638,811,1460,2740.0
02019500,09-13,349.0,453,552,628,748,1700,2840.0
02019500,09-14,345.0,454,546,615,738,1460,2650.0
02019500,09-15,364.0,452,537,615,728,1270,1940.0
02019500,09-16,376.0,448,529,611,710,1160,2070.0
02019500,09-17,386.0,448,522,614,708,1390,6280.0
02019500,09-18,400.0,483,540,604,753,2880,9470.0
02019500,09-19,402.0,476,557,597,729,4800,7620.0
02019500,09-20,403.0,478,546,591,691,3840,4370.0
02019500,09-21,403.0,490,552,595,753,3040,3390.0
02019500,09-22,400.0,502,548,600,883,2640,3010.0
02019500,09-23,434.0,492,533,597,761,2910,11800.0
02019500,09-24,464.0,487,545,607,744,3380,8190.0
02019500,09-25,465.0,485,551,614,851,2110,5710.0
02019500,09-26,470.0,500,563,618,887,2590,4400.0
02019500,09-27,473.0,511,559,637,1060,2940,6180.0
02019500,09-28,486.0,520,563,706,1210,5990,19000.0
02019500,09-29,480.0,513,558,702,1350,4270,14400.0
02019500,09-30,459.0,495,546,648,1460,6540,12500.0
02019500,10-01,459.0,509,544,659,1730,4590,7590.0
02019500,10-02,451.0,485,537,637,1510,4790,7300.0
02019500,10-03,440.0,460,489,578,1250,3590,4640.0
02019500,10-04,432.0,447,479,563,1150,2940,4510.0
02019500,10-05,420.0,444,473,560,960,2480,4040.0
02019500,10-06,406.0,445,478,557,1000,2320,4510.0
02019500,10-07,396.0,437,473,597,1020,1960,4100.0
02019500,10-08,388.0,427,467,596,1090,2550,3600.0
02019500,10-09,382.0,424,471,669,1140,2120,2910.0
02019500,10-10,381.0,425,467,658,1030,1560,3140.0
02019500,10-11,389.0,432,465,634,1080,2230,5840.0
02019500,10-12,425.0,450,492,605,1120,1910,9140.0
02019500,10-13,424.0,455,501,603,1090,1810,7650.0
02019500,10-14,425.0,459,513,649,1030,1500,6030.0
02019500,10-15,426.0,459,519,626,978,1800,4570.0
02019500,10-16,430.0,458,514,594,1020,1550,4730.0
02019500,10-17,439.0,460,510,634,972,1800,3770.0
02019500,10-18,437.0,460,498,616,944,2040,3140.0
02019500,10-19,441.0,445,496,600,945,2480,4900.0
02019500,10-20,443.0,459,491,586,898,2070,3740.0
02019500,10-21,446.0,468,516,596,859,1820,2450.0
02019500,10-22,396.0,463,512,618,855,1640,2420.0
02019500,10-23,384.0,456,501,597,890,1690,4680.0
02019500,10-24,373.0,463,509,606,956,2720,5510.0
02019500,10-25,429.0,458,518,618,938,2830,3770.0
02019500,10-26,447.0,478,550,620,1070,2140,2720.0
02019500,10-27,459.0,477,553,644,1060,1820,2810.0
02019500,10-28,448.0,485,547,633,1270,2290,3430.0
02019500,10-29,443.0,485,545,679,1480,2580,4210.0
02019500,10-30,443.0,471,545,659,1450,3820,5940.0
02019500,10-31,435.0,466,548,660,1400,2680,4250.0
02019500,11-01,426.0,458,546,660,1290,2180,3090.0
02019500,11-02,420.0,470,567,669,1280,2100,3110.0
02019500,11-03,410.0,450,556,646,1290,2130,3860.0
02019500,11-04,407.0,438,532,652,1230,1850,6690.0
02019500,11-05,411.0,439,524,640,1260,1860,4580.0
02019500,11-06,413.0,441,518,764,1340,2800,4370.0
02019500,11-07,414.0,433,522,768,1280,3550,5860.0
02019500,11-08,412.0,434,511,766,1310,3040,4230.0
02019500,11-09,411.0,430,504,746,1320,2870,5130.0
02019500,11-10,421.0,432,511,718,1320,2840,4350.0
02019500,11-11,414.0,438,505,790,1550,2540,4930.0
02019500,11-12,407.0,438,504,902,2160,6470,14200.0
02019500,11-13,401.0,443,506,846,2320,8240,13400.0
02019500,11-14,417.0,450,519,817,2120,6830,8550.0
02019500,11-15,417.0,450,507,780,1940,5280,7150.0
02019500,11-16,421.0,448,532,770,1830,5700,13500.0
02019500,11-17,419.0,463,560,778,1630,4910,16600.0
02019500,11-18,425.0,450,603,791,1520,4010,9290.0
02019500,11-19,421.0,437,587,788,1750,6350,8350.0
02019500,11-20,411.0,437,554,739,1770,6050,9520.0
02019500,11-21,408.0,456,548,749,1870,4670,5260.0
02019500,11-22,402.0,482,559,797,1750,3670,4090.0
02019500,11-23,400.0,471,558,877,1930,3710,6200.0
02019500,11-24,418.0,460,545,905,1880,3770,6160.0
02019500,11-25,438.0,464,547,965,1930,3840,5870.0
02019500,11-26,446.0,499,591,899,2400,3990,5390.0
02019500,11-27,448.0,501,580,895,2640,4060,8330.0
02019500,11-28,446.0,499,545,982,2600,4020,6740.0
02019500,11-29,448.0,489,579,1470,2880,6280,7820.0
02019500,11-30,451.0,486,587,1560,2970,7260,13300.0
02019500,12-01,465.0,493,617,1430,3820,7080,14200.0
02019500,12-02,464.0,497,611,1630,3330,8590,12100.0
02019500,12-03,460.0,488,614,1500,2940,8200,11200.0
02019500,12-04,456.0,480,652,1410,2770,7110,9330.0
02019500,12-05,449.0,478,694,1470,2660,6820,9960.0
02019500,12-06,444.0,472,726,1370,2310,5380,7820.0
02019500,12-07,437.0,468,677,1580,2810,4620,5310.0
02019500,12-08,437.0,460,639,1290,2610,4190,5310.0
02019500,12-09,454.0,480,614,1110,2300,3730,8750.0
02019500,12-10,485.0,493,659,1090,2040,4560,7960.0
02019500,12-11,487.0,537,716,1290,2010,4490,12400.0
02019500,12-12,503.0,537,806,1450,2810,4300,9590.0
02019500,12-13,487.0,544,889,1380,2430,5530,8540.0
02019500,12-14,495.0,580,850,1400,2290,6710,9280.0
02019500,12-15,497.0,627,801,1300,2370,7540,8800.0
02019500,12-16,506.0,593,790,1430,3520,6180,8200.0
02019500,12-17,513.0,589,896,1580,3120,5550,12900.0
02019500,12-18,510.0,592,899,1680,2730,5670,9990.0
02019500,12-19,508.0,615,874,1580,2490,5230,5870.0
02019500,12-20,499.0,615,831,1480,2310,4300,5900.0
02019500,12-21,495.0,601,807,1430,2030,3770,10600.0
02019500,12-22,488.0,633,826,1340,2300,3340,7290.0
02019500,12-23,486.0,624,877,1290,2790,7740,9940.0
02019500,12-24,508.0,617,970,1210,3400,7390,11300.0
02019500,12-25,505.0,594,967,1570,4530,7880,11200.0
02019500,12-26,501.0,586,939,1690,3810,7910,10900.0
02019500,12-27,501.0,597,900,1870,3470,5610,8830.0
02019500,12-28,492.0,599,917,1760,3610,4990,7500.0
02019500,12-29,478.0,582,950,1760,3330,6140,7710.0
02019500,12-30,495.0,569,921,1940,3010,5730,10300.0
02019500,12-31,489.0,568,869,1970,2810,4870,9810.0
02024000,01-01,98.0,157,248,461,923,2450,2990.0
02024000,01-02,103.0,147,266,518,928,2330,3340.0
02024000,01-03,105.0,149,290,536,1050,1880,2430.0
02024000,01-04,102.0,141,285,517,1140,1600,2360.0
02024000,01-05,102.0,134,282,514,1100,1790,2240.0
02024000,01-06,110.0,138,275,505,1030,1690,1970.0
02024000,01-07,107.0,172,284,511,1050,1520,2010.0
02024000,01-08,100.0,169,271,485,999,1510,3110.0
02024000,01-09,102.0,160,264,468,1000,2130,3040.0
02024000,01-10,102.0,159,271,489,872,2010,2990.0
02024000,01-11,109.0,155,285,486,879,1810,2780.0
02024000,01-12,121.0,169,283,499,981,1750,2790.0
02024000,01-13,120.0,166,311,501,913,2070,2510.0
02024000,01-14,126.0,163,342,560,927,1880,2490.0
02024000,01-15,126.0,163,309,575,958,1600,2960.0
02024000,01-16,123.0,161,309,518,983,1820,2810.0
02024000,01-17,120.0,167,310,570,833,1400,2570.0
02024000,01-18,116.0,160,316,541,759,1570,2590.0
02024000,01-19,129.0,182,329,549,748,1410,2250.0
02024000,01-20,132.0,184,320,516,747,1930,3150.0
02024000,01-21,128.0,187,309,518,854,1950,3390.0
02024000,01-22,123.0,196,311,523,1000,1710,2630.0
02024000,01-23,123.0,198,321,536,1230,1900,2560.0
02024000,01-24,133.0,189,366,571,1130,2010,3710.0
02024000,01-25,138.0,186,360,622,1320,2680,4650.0
02024000,01-26,139.0,186,339,623,1250,2350,3780.0
02024000,01-27,143.0,187,323,619,1220,2080,2940.0
02024000,01-28,135.0,179,311,592,1280,2880,4470.0
02024000,01-29,129.0,179,338,612,1090,2230,3910.0
02024000,01-30,144.0,177,331,588,1020,1840,2880.0
02024000,01-31,145.0,179,323,613,980,1870,2800.0
02024000,02-01,134.0,184,329,581,1270,1810,2960.0
02024000,02-02,142.0,209,319,573,1280,2390,3290.0
02024000,02-03,123.0,211,353,630,1230,2570,4230.0
02024000,02-04,132.0,208,352,644,1350,2940,6570.0
02024000,02-05,140.0,196,360,631,1200,2710,3600.0
02024000,02-06,137.0,192,379,652,1330,2560,3070.0
02024000,02-07,140.0,209,399,684,1410,2620,5480.0
02024000,02-08,149.0,218,364,684,1400,2530,3480.0
02024000,02-09,145.0,206,356,640,1280,2070,2580.0
02024000,02-10,154.0,214,337,587,1180,1800,2350.0
02024000,02-11,177.0,225,345,565,1210,2110,2500.0
02024000,02-12,205.0,260,369,576,1320,2250,3010.0
02024000,02-13,207.0,279,401,612,1290,2340,3770.0
02024000,02-14,213.0,273,398,621,1510,2660,4960.0
02024000,02-15,240.0,288,407,667,1350,2100,2730.0
02024000,02-16,231.0,290,431,753,1210,1840,3340.0
02024000,02-17,221.0,299,454,747,1260,2030,4440.0
02024000,02-18,226.0,286,446,740,1230,1990,3970.0
02024000,02-19,218.0,290,428,799,1240,2430,2720.0
02024000,02-20,211.0,285,452,808,1300,2250,2540.0
02024000,02-21,207.0,284,475,797,1400,1980,3260.0
02024000,02-22,243.0,303,497,809,1320,2420,4400.0
02024000,02-23,243.0,304,463,803,1330,2510,3470.0
02024000,02-24,234.0,294,448,812,1340,2460,4850.0
02024000,02-25,255.0,310,479,793,1410,2340,4570.0
02024000,02-26,247.0,303,537,810,1300,2590,4100.0
02024000,02-27,232.0,301,512,770,1270,2510,3160.0
02024000,02-28,227.0,290,485,758,1140,2100,3100.0
02024000,02-29,271.0,301,522,623,1220,1870,2150.0
02024000,03-01,217.0,280,479,732,1220,2530,5310.0
02024000,03-02,224.0,276,456,732,1150,2330,4940.0
02024000,03-03,219.0,272,453,749,1440,2390,3430.0
02024000,03-04,209.0,282,459,733,1320,2650,5580.0
02024000,03-05,226.0,303,460,703,1500,3320,4910.0
02024000,03-06,233.0,326,558,864,1680,3000,4200.0
02024000,03-07,263.0,324,530,870,1680,3070,3720.0
02024000,03-08,269.0,314,542,837,1600,2320,3660.0
02024000,03-09,267.0,298,546,872,1500,2290,2970.0
02024000,03-10,266.0,299,548,916,1500,2010,3380.0
02024000,03-11,257.0,327,523,844,1360,2090,3900.0
02024000,03-12,249.0,356,542,838,1310,2970,4420.0
02024000,03-13,262.0,358,569,878,1290,3040,5120.0
02024000,03-14,266.0,344,551,901,1450,3220,5360.0
02024000,03-15,264.0,357,534,854,1550,2990,5280.0
02024000,03-16,273.0,365,538,852,1370,2410,3670.0
02024000,03-17,279.0,361,558,927,1480,3170,4080.0
02024000,03-18,309.0,369,554,892,1440,3330,3820.0
02024000,03-19,303.0,421,534,917,1540,2590,3600.0
02024000,03-20,292.0,420,558,910,1700,2890,3960.0
02024000,03-21,293.0,399,609,967,1680,3000,4870.0
02024000,03-22,297.0,397,606,952,1700,3290,4690.0
02024000,03-23,283.0,386,585,1000,1700,2460,3230.0
02024000,03-24,270.0,371,618,1040,1650,2570,3670.0
02024000,03-25,273.0,355,602,1050,1420,2240,3400.0
02024000,03-26,306.0,377,576,1020,1480,1990,3290.0
02024000,03-27,308.0,367,560,921,1300,2390,2770.0
02024000,03-28,294.0,401,541,879,1320,2130,3390.0
02024000,03-29,293.0,376,527,857,1240,2490,4540.0
02024000,03-30,301.0,342,520,812,1340,2720,3970.0
02024000,03-31,306.0,382,522,756,1290,2870,3570.0
02024000,04-01,312.0,376,519,742,1430,2560,3590.0
02024000,04-02,303.0,398,547,728,1410,2350,3670.0
02024000,04-03,294.0,399,519,716,1450,2390,3210.0
02024000,04-04,292.0,403,525,723,1500,2300,2590.0
02024000,04-05,287.0,371,506,755,1400,2240,4840.0
02024000,04-06,295.0,361,466,752,1320,1890,3960.0
02024000,04-07,312.0,370,492,739,1370,1910,2610.0
02024000,04-08,311.0,355,495,797,1470,2390,2700.0
02024000,04-09,300.0,339,473,714,1360,2230,3080.0
02024000,04-10,313.0,368,462,666,1240,2120,3310.0
02024000,04-11,289.0,363,443,631,1200,2160,2760.0
02024000,04-12,271.0,364,454,664,1220,2140,3440.0
02024000,04-13,274.0,347,428,676,1390,3030,4370.0
02024000,04-14,260.0,332,409,733,1340,2820,4800.0
02024000,04-15,269.0,335,397,714,1630,3200,4090.0
02024000,04-16,271.0,329,398,747,1530,3160,6180.0
02024000,04-17,258.0,326,391,708,1590,2890,4070.0
02024000,04-18,266.0,329,369,678,1390,2160,2980.0
02024000,04-19,256.0,308,374,663,1180,1870,2410.0
02024000,04-20,256.0,294,381,651,1080,1840,3830.0
02024000,04-21,252.0,287,383,628,1010,2100,3450.0
02024000,04-22,255.0,281,382,681,988,1860,2550.0
02024000,04-23,265.0,283,381,644,1030,1850,3080.0
02024000,04-24,266.0,290,369,671,1160,1930,2920.0
02024000,04-25,262.0,293,399,651,1140,1820,2820.0
02024000,04-26,257.0,295,419,698,1040,2020,2700.0
02024000,04-27,251.0,285,410,672,1110,1930,2870.0
02024000,04-28,247.0,282,397,721,1100,1990,3230.0
02024000,04-29,236.0,276,379,690,1180,1930,2990.0
02024000,04-30,228.0,273,379,710,1010,1820,2610.0
02024000,05-01,233.0,266,381,701,1040,1540,1820.0
02024000,05-02,224.0,263,391,673,1010,1450,2660.0
02024000,05-03,213.0,263,422,623,1010,1940,2360.0
02024000,05-04,203.0,255,402,599,994,1910,2460.0
02024000,05-05,204.0,246,406,620,1150,2000,3080.0
02024000,05-06,205.0,254,391,578,1140,2130,3240.0
02024000,05-07,199.0,260,383,563,1120,2440,3920.0
02024000,05-08,194.0,281,404,621,1060,2880,3540.0
02024000,05-09,209.0,264,384,580,1050,2180,2700.0
02024000,05-10,203.0,261,354,558,1100,1780,2870.0
02024000,05-11,197.0,245,331,552,950,1600,2160.0
02024000,05-12,199.0,239,331,556,955,1530,2060.0
02024000,05-13,204.0,229,338,554,999,1740,2240.0
02024000,05-14,198.0,237,346,561,991,1660,2500.0
02024000,05-15,203.0,248,327,584,1020,1680,2510.0
02024000,05-16,202.0,237,337,628,1070,1620,2940.0
02024000,05-17,207.0,234,331,591,1020,2140,4440.0
02024000,05-18,200.0,246,357,606,984,2230,3030.0
02024000,05-19,215.0,249,362,607,960,1940,2340.0
02024000,05-20,215.0,260,359,608,1020,1770,2680.0
02024000,05-21,208.0,252,347,581,1090,1750,2380.0
02024000,05-22,197.0,240,345,539,962,1470,2660.0
02024000,05-23,202.0,229,371,528,855,1350,2830.0
02024000,05-24,192.0,244,344,508,784,1200,2080.0
02024000,05-25,185.0,235,322,469,756,1360,2240.0
02024000,05-26,175.0,233,318,468,734,1310,1900.0
02024000,05-27,172.0,237,320,482,739,1270,1740.0
02024000,05-28,170.0,216,306,488,913,1520,2100.0
02024000,05-29,177.0,207,296,498,797,1520,2920.0
02024000,05-30,174.0,191,294,500,856,1700,2330.0
02024000,05-31,162.0,191,275,433,702,1320,1960.0
02024000,06-01,156.0,172,262,430,707,1260,2100.0
02024000,06-02,156.0,185,244,396,854,1380,2480.0
02024000,06-03,162.0,194,255,369,674,1600,2440.0
02024000,06-04,159.0,181,253,365,673,1620,2090.0
02024000,06-05,150.0,170,241,351,739,1390,2900.0
02024000,06-06,138.0,177,235,345,707,1200,1870.0
02024000,06-07,134.0,174,220,341,628,1030,1710.0
02024000,06-08,126.0,163,205,333,558,888,1330.0
02024000,06-09,135.0,160,208,338,517,886,1290.0
02024000,06-10,131.0,145,207,329,475,1250,2540.0
02024000,06-11,122.0,140,207,314,465,1170,2140.0
02024000,06-12,121.0,138,198,298,454,1150,2150.0
02024000,06-13,116.0,140,184,290,436,959,2280.0
02024000,06-14,116.0,142,189,303,459,1220,2180.0
02024000,06-15,113.0,137,187,280,435,1190,2130.0
02024000,06-16,109.0,130,195,284,490,1030,1650.0
02024000,06-17,110.0,127,203,270,593,1160,1770.0
02024000,06-18,105.0,125,187,260,540,1040,1600.0
02024000,06-19,105.0,114,180,257,532,876,2670.0
02024000,06-20,102.0,112,185,273,460,975,1690.0
02024000,06-21,96.0,109,186,245,399,861,1270.0
02024000,06-22,91.0,109,182,266,427,845,1530.0
02024000,06-23,88.0,112,178,269,448,753,1450.0
02024000,06-24,86.0,108,178,245,426,801,1550.0
02024000,06-25,84.0,106,171,238,412,739,1160.0
02024000,06-26,82.0,106,163,227,380,741,1120.0
02024000,06-27,90.0,102,155,225,353,713,1160.0
02024000,06-28,87.0,97,144,215,350,553,1330.0
02024000,06-29,83.0,98,147,203,343,702,1450.0
02024000,06-30,87.0,93,146,197,353,833,1240.0
02024000,07-01,82.0,95,146,191,332,549,775.0
02024000,07-02,79.0,94,139,207,311,590,872.0
02024000,07-03,80.0,94,148,221,290,519,984.0
02024000,07-04,76.0,90,147,210,303,485,980.0
02024000,07-05,87.0,99,146,212,312,738,1210.0
02024000,07-06,76.0,100,146,216,300,653,852.0
02024000,07-07,70.0,96,146,212,342,539,944.0
02024000,07-08,70.0,94,144,205,341,497,902.0
02024000,07-09,83.0,96,152,209,338,484,985.0
02024000,07-10,84.0,100,149,210,318,497,789.0
02024000,07-11,88.0,95,140,197,299,561,714.0
02024000,07-12,88.0,103,142,184,300,538,792.0
02024000,07-13,85.0,102,138,188,319,576,1160.0
02024000,07-14,82.0,108,137,183,313,822,1370.0
02024000,07-15,83.0,107,137,176,347,761,901.0
02024000,07-16,81.0,99,127,178,315,579,783.0
02024000,07-17,85.0,97,123,168,281,437,674.0
02024000,07-18,86.0,96,120,167,275,467,632.0
02024000,07-19,85.0,96,121,165,256,429,532.0
02024000,07-20,86.0,97,127,172,257,442,489.0
02024000,07-21,86.0,96,120,164,265,396,652.0
02024000,07-22,88.0,103,125,151,277,451,830.0
02024000,07-23,86.0,97,123,172,288,509,674.0
02024000,07-24,84.0,102,126,187,281,460,635.0
02024000,07-25,92.0,100,126,176,261,421,663.0
02024000,07-26,88.0,95,126,166,269,423,516.0
02024000,07-27,86.0,95,128,161,239,378,510.0
02024000,07-28,86.0,97,124,162,250,393,558.0
02024000,07-29,87.0,93,124,169,260,410,841.0
02024000,07-30,86.0,93,122,159,248,407,730.0
02024000,07-31,80.0,92,118,162,240,376,576.0
02024000,08-01,74.0,92,120,164,237,350,620.0
02024000,08-02,73.0,91,113,158,256,332,552.0
02024000,08-03,74.0,88,111,161,240,319,699.0
02024000,08-04,75.0,89,115,154,240,386,762.0
02024000,08-05,74.0,87,114,154,248,363,837.0
02024000,08-06,72.0,85,113,152,246,377,758.0
02024000,08-07,71.0,89,119,154,246,467,624.0
02024000,08-08,69.0,85,114,157,237,514,778.0
02024000,08-09,69.0,85,112,154,224,579,1080.0
02024000,08-10,73.0,89,108,158,225,555,1050.0
02024000,08-11,69.0,86,108,161,231,471,979.0
02024000,08-12,68.0,85,107,156,232,391,772.0
02024000,08-13,68.0,84,103,144,217,540,1310.0
02024000,08-14,74.0,84,101,143,215,501,1030.0
02024000,08-15,72.0,85,108,149,224,477,1160.0
02024000,08-16,72.0,86,104,146,203,439,966.0
02024000,08-17,71.0,84,105,134,237,466,1680.0
02024000,08-18,68.0,83,106,135,240,965,2610.0
02024000,08-19,68.0,81,103,136,220,1090,2540.0
02024000,08-20,69.0,79,102,143,210,972,1420.0
02024000,08-21,68.0,81,101,143,213,801,1110.0
02024000,08-22,69.0,81,107,140,200,718,961.0
02024000,08-23,70.0,81,104,131,201,556,855.0
02024000,08-24,66.0,78,102,133,236,514,964.0
02024000,08-25,62.0,76,100,126,240,473,819.0
02024000,08-26,58.0,79,99,130,227,540,764.0
02024000,08-27,64.0,80,98,130,221,424,673.0
02024000,08-28,63.0,80,96,131,230,382,669.0
02024000,08-29,61.0,80,94,141,244,445,649.0
02024000,08-30,61.0,76,94,131,191,486,581.0
02024000,08-31,67.0,75,97,129,223,449,664.0
02024000,09-01,68.0,77,98,129,241,532,763.0
02024000,09-02,67.0,75,95,131,240,451,1310.0
02024000,09-03,65.0,75,96,135,228,520,898.0
02024000,09-04,65.0,72,89,134,248,492,1000.0
02024000,09-05,64.0,70,95,133,264,626,952.0
02024000,09-06,62.0,68,97,130,269,627,959.0
02024000,09-07,60.0,66,93,145,256,579,1190.0
02024000,09-08,59.0,69,91,134,250,598,1160.0
02024000,09-09,61.0,68,91,131,243,466,865.0
02024000,09-10,60.0,70,91,130,233,436,1390.0
02024000,09-11,59.0,68,95,133,242,473,1400.0
02024000,09-12,57.0,70,94,131,253,404,1080.0
02024000,09-13,58.0,70,95,131,240,415,666.0
02024000,09-14,61.0,70,95,133,238,440,615.0
02024000,09-15,61.0,68,95,130,228,363,544.0
02024000,09-16,62.0,67,96,129,217,428,735.0
02024000,09-17,61.0,70,93,129,215,379,754.0
02024000,09-18,60.0,71,92,129,206,642,1680.0
02024000,09-19,61.0,71,90,134,209,766,2590.0
02024000,09-20,62.0,70,92,133,238,718,1090.0
02024000,09-21,60.0,74,95,133,237,679,1130.0
02024000,09-22,59.0,71,92,140,234,764,1230.0
02024000,09-23,60.0,74,88,140,230,652,3190.0
02024000,09-24,60.0,75,88,131,215,548,1960.0
02024000,09-25,62.0,75,90,140,197,508,1430.0
02024000,09-26,64.0,73,90,138,208,702,1360.0
02024000,09-27,70.0,75,95,144,221,623,1430.0
02024000,09-28,68.0,75,108,151,216,709,2290.0
02024000,09-29,71.0,78,105,143,237,794,1370.0
02024000,09-30,68.0,78,103,152,362,1070,1870.0
02024000,10-01,69.0,78,102,145,308,1040,1890.0
02024000,10-02,69.0,79,99,159,322,807,1530.0
02024000,10-03,70.0,76,99,153,323,819,1080.0
02024000,10-04,70.0,75,96,149,288,561,911.0
02024000,10-05,70.0,74,99,160,274,646,1090.0
02024000,10-06,68.0,72,96,155,272,574,1630.0
02024000,10-07,68.0,74,98,158,268,497,964.0
02024000,10-08,68.0,72,109,168,263,535,1280.0
02024000,10-09,65.0,73,110,170,257,512,1560.0
02024000,10-10,66.0,76,110,173,250,464,1060.0
02024000,10-11,65.0,77,107,168,255,649,1460.0
02024000,10-12,68.0,77,105,161,236,582,1050.0
02024000,10-13,69.0,76,103,157,219,525,778.0
02024000,10-14,68.0,75,103,153,231,529,632.0
02024000,10-15,72.0,91,105,154,217,563,1280.0
02024000,10-16,72.0,90,103,150,211,544,1180.0
02024000,10-17,72.0,85,103,150,215,590,1170.0
02024000,10-18,70.0,90,103,151,232,560,1640.0
02024000,10-19,71.0,86,105,149,275,756,1600.0
02024000,10-20,73.0,87,109,151,281,749,1390.0
02024000,10-21,77.0,85,109,152,292,860,1540.0
02024000,10-22,76.0,91,110,151,267,745,1270.0
02024000,10-23,74.0,89,110,148,270,634,1000.0
02024000,10-24,73.0,91,107,148,295,808,1080.0
02024000,10-25,74.0,93,111,160,288,783,945.0
02024000,10-26,75.0,94,114,161,288,640,1760.0
02024000,10-27,75.0,93,116,163,284,797,1350.0
02024000,10-28,79.0,95,118,164,304,841,1250.0
02024000,10-29,83.0,94,120,171,318,733,1200.0
02024000,10-30,85.0,93,120,182,377,660,981.0
02024000,10-31,82.0,93,117,172,381,727,1060.0
02024000,11-01,82.0,98,120,168,394,591,1180.0
02024000,11-02,88.0,102,120,180,422,708,1120.0
02024000,11-03,87.0,99,122,179,432,750,1220.0
02024000,11-04,85.0,99,119,203,372,746,1270.0
02024000,11-05,86.0,92,120,211,412,701,1040.0
02024000,11-06,85.0,96,120,221,402,801,1250.0
02024000,11-07,86.0,97,115,222,424,766,2110.0
02024000,11-08,85.0,93,117,203,423,962,1920.0
02024000,11-09,86.0,94,120,201,373,1170,1560.0
02024000,11-10,81.0,97,122,195,356,1050,1270.0
02024000,11-11,84.0,95,124,196,426,974,1120.0
02024000,11-12,83.0,93,122,193,502,1150,2690.0
02024000,11-13,84.0,94,121,198,516,1520,3180.0
02024000,11-14,84.0,94,121,190,457,1290,2390.0
02024000,11-15,84.0,95,121,186,438,1060,1870.0
02024000,11-16,82.0,95,125,195,424,1190,2410.0
02024000,11-17,83.0,95,133,187,407,1110,1820.0
02024000,11-18,83.0,97,135,198,389,978,1780.0
02024000,11-19,84.0,99,137,194,460,1150,1880.0
02024000,11-20,84.0,100,134,208,483,1570,3190.0
02024000,11-21,89.0,98,132,217,471,1390,2290.0
02024000,11-22,87.0,97,126,240,531,1040,1790.0
02024000,11-23,92.0,99,131,236,504,1140,1890.0
02024000,11-24,93.0,102,131,228,618,1360,1870.0
02024000,11-25,98.0,103,135,264,530,1370,1740.0
02024000,11-26,98.0,101,128,254,581,1410,2070.0
02024000,11-27,97.0,106,129,267,576,1150,2080.0
02024000,11-28,96.0,103,134,275,597,1360,1830.0
02024000,11-29,95.0,102,148,308,700,1790,3000.0
02024000,11-30,92.0,103,156,301,760,1520,3310.0
02024000,12-01,95.0,102,160,323,827,1970,3350.0
02024000,12-02,95.0,108,160,331,721,1780,2720.0
02024000,12-03,96.0,107,180,312,800,1550,2490.0
02024000,12-04,95.0,110,174,309,831,1650,2160.0
02024000,12-05,96.0,111,173,313,769,1430,2550.0
02024000,12-06,97.0,111,171,329,736,1200,1830.0
02024000,12-07,99.0,114,187,352,804,1480,2780.0
02024000,12-08,95.0,114,172,344,777,1850,2970.0
02024000,12-09,96.0,113,170,312,684,1700,3170.0
02024000,12-10,96.0,113,176,384,697,1480,3170.0
02024000,12-11,94.0,114,195,439,722,1920,3580.0
02024000,12-12,96.0,114,198,430,807,2060,2790.0
02024000,12-13,99.0,117,215,431,715,1790,2980.0
02024000,12-14,99.0,117,203,411,751,1520,2320.0
02024000,12-15,96.0,111,225,410,767,1950,2440.0
02024000,12-16,90.0,117,207,434,807,1700,2530.0
02024000,12-17,96.0,117,220,453,823,1700,2140.0
02024000,12-18,103.0,120,221,443,826,1780,2130.0
02024000,12-19,102.0,117,230,422,826,1530,2000.0
02024000,12-20,102.0,122,214,397,717,1430,1880.0
02024000,12-21,98.0,117,218,398,639,1370,2700.0
02024000,12-22,97.0,112,227,371,779,1280,3030.0
02024000,12-23,100.0,119,218,366,787,2030,3840.0
02024000,12-24,97.0,127,221,390,915,2190,2730.0
02024000,12-25,99.0,139,220,459,996,1890,2580.0
02024000,12-26,104.0,140,255,541,933,1840,2520.0
02024000,12-27,105.0,132,248,521,1000,1600,2340.0
02024000,12-28,105.0,129,247,462,1000,1600,2020.0
02024000,12-29,108.0,139,255,482,1080,1730,2760.0
02024000,12-30,108.0,138,248,478,1030,1800,4550.0
02024000,12-31,103.0,145,243,453,1010,2070,4510.0
02025500,01-01,769.0,886,1380,3120,4140,8050,16100.0
02025500,01-02,754.0,890,1420,2600,3790,9680,12600.0
02025500,01-03,771.0,938,1460,2580,3890,9670,12400.0
02025500,01-04,753.0,942,1570,2780,5130,10300,10900.0
02025500,01-05,711.0,959,1550,2860,4850,9800,14400.0
02025500,01-06,637.0,938,1450,2760,5140,8310,10000.0
02025500,01-07,632.0,932,1650,2620,4710,6490,8030.0
02025500,01-08,662.0,954,1610,2680,4450,7030,13200.0
02025500,01-09,697.0,976,1580,2600,4690,7760,16600.0
02025500,01-10,724.0,1010,1580,2600,4290,8210,16300.0
02025500,01-11,749.0,1100,1650,2540,3860,8130,12200.0
02025500,01-12,787.0,1090,1690,2440,4760,7550,10400.0
02025500,01-13,775.0,1200,1900,2650,5230,8200,14000.0
02025500,01-14,787.0,1280,1840,2800,5040,9010,13400.0
02025500,01-15,792.0,1310,1850,2750,5380,13100,19100.0
02025500,01-16,789.0,1290,1720,2770,5630,10100,14200.0
02025500,01-17,775.0,1230,1580,2710,4780,9700,16100.0
02025500,01-18,753.0,1250,1530,2770,5190,8390,11600.0
02025500,01-19,855.0,1240,1540,2720,4650,10200,20300.0
02025500,01-20,889.0,1170,1750,2820,5370,11600,18300.0
02025500,01-21,890.0,1240,1740,2620,5200,13100,18800.0
02025500,01-22,825.0,1160,1560,2750,5200,9920,13000.0
02025500,01-23,891.0,1130,1640,2650,6010,8690,10500.0
02025500,01-24,960.0,1050,1850,2600,5280,9460,13100.0
02025500,01-25,968.0,1080,1850,2730,4930,13000,19600.0
02025500,01-26,949.0,1060,1780,3330,5610,11500,16400.0
02025500,01-27,878.0,1170,1630,3210,5570,10600,19700.0
02025500,01-28,751.0,1050,1570,2950,5760,11700,15300.0
02025500,01-29,898.0,1140,1600,2650,5330,15500,23200.0
02025500,01-30,988.0,1110,1690,2450,4790,12300,15700.0
02025500,01-31,975.0,1090,1770,2660,4300,10500,13900.0
02025500,02-01,905.0,1110,1840,2780,5220,9160,16800.0
02025500,02-02,832.0,1180,1850,2840,5320,9390,16300.0
02025500,02-03,964.0,1290,2060,3110,5700,11300,15100.0
02025500,02-04,942.0,1270,2160,3550,5250,15800,26400.0
02025500,02-05,957.0,1250,2320,3420,5210,16300,23000.0
02025500,02-06,968.0,1170,2220,3480,5420,13100,14300.0
02025500,02-07,954.0,1180,2130,3360,5420,14000,23200.0
02025500,02-08,893.0,1130,2030,3200,5530,12500,17900.0
02025500,02-09,951.0,1160,1820,3000,5860,11400,15700.0
02025500,02-10,1000.0,1130,1810,3070,5290,12300,14100.0
02025500,02-11,993.0,1210,1950,2870,5310,12000,14500.0
02025500,02-12,1150.0,1310,1960,3050,5160,12500,14300.0
02025500,02-13,1110.0,1370,1870,3140,6730,12800,15100.0
02025500,02-14,1160.0,1400,1940,2940,7470,13500,18100.0
02025500,02-15,1260.0,1380,1990,3200,6760,11100,16100.0
02025500,02-16,1340.0,1520,2220,3300,6110,10400,21300.0
02025500,02-17,1310.0,1460,2470,3790,6080,16500,21400.0
02025500,02-18,1290.0,1560,2460,3640,6820,17000,25600.0
02025500,02-19,1180.0,1550,2640,3670,6610,14500,17500.0
02025500,02-20,1080.0,1490,2540,3660,7360,13000,15900.0
02025500,02-21,1110.0,1390,2570,3460,8130,12700,16500.0
02025500,02-22,1120.0,1430,2630,4080,7520,15400,21100.0
02025500,02-23,1140.0,1530,2500,4590,6970,16000,27900.0
02025500,02-24,1130.0,1490,2550,4810,6460,19100,39700.0
02025500,02-25,1220.0,1620,2590,4630,7390,22600,23300.0
02025500,02-26,1180.0,1820,2380,4510,7120,17200,19800.0
02025500,02-27,1170.0,1790,2720,4290,6910,13800,17000.0
02025500,02-28,1150.0,1750,2460,4260,6310,12200,14900.0
02025500,02-29,,1750,2580,3620,7710,10600,
02025500,03-01,1180.0,1710,2370,4010,5760,9800,22800.0
02025500,03-02,1200.0,1610,2170,3750,6130,14900,25300.0
02025500,03-03,1290.0,1690,2070,4110,5360,14800,24200.0
02025500,03-04,1430.0,1690,2210,4190,7000,20300,26900.0
02025500,03-05,1500.0,1660,2760,3710,9540,18700,25800.0
02025500,03-06,1500.0,1760,2930,3950,9750,16000,23000.0
02025500,03-07,1420.0,1660,2820,4290,9560,14600,16800.0
02025500,03-08,1350.0,1630,2700,4930,7790,12100,15700.0
02025500,03-09,1240.0,1610,2610,5150,8170,11500,13000.0
02025500,03-10,1200.0,1550,2520,5130,7290,12000,16900.0
02025500,03-11,1210.0,1530,2500,4700,7140,11300,19100.0
02025500,03-12,1190.0,1520,2520,4380,7240,11700,19200.0
02025500,03-13,1150.0,1400,2560,4380,6470,14000,17000.0
02025500,03-14,1080.0,1480,2510,4010,5820,11100,13800.0
02025500,03-15,1340.0,1530,2990,4310,6350,9530,18300.0
02025500,03-16,1340.0,1530,2900,4200,6740,7830,15400.0
02025500,03-17,1400.0,1550,2970,4070,6480,12000,15900.0
02025500,03-18,1490.0,1820,3410,4150,6430,12100,17400.0
02025500,03-19,1550.0,1900,3110,4800,7080,13500,21000.0
02025500,03-20,1580.0,2190,3050,4600,7700,14600,21400.0
02025500,03-21,1530.0,2370,3450,5080,8710,15100,20400.0
02025500,03-22,1530.0,2370,3250,5410,7920,18200,28500.0
02025500,03-23,1540.0,2390,2950,5400,8480,15200,18800.0
02025500,03-24,1460.0,2340,3450,5040,7140,13100,19300.0
02025500,03-25,1490.0,2180,3270,5050,7620,12700,15200.0
02025500,03-26,1660.0,2040,2930,4680,6300,12200,16600.0
02025500,03-27,1710.0,2050,2950,4590,5900,9740,13600.0
02025500,03-28,1720.0,2030,2760,4300,6600,9590,21200.0
02025500,03-29,1780.0,2050,2800,3910,7090,18900,26100.0
02025500,03-30,1760.0,1950,2690,4240,7860,20900,28000.0
02025500,03-31,1820.0,1920,2690,3950,8670,18200,20300.0
02025500,04-01,1820.0,1860,2640,3740,8830,13700,17000.0
02025500,04-02,1800.0,1840,2780,3600,8760,12200,14600.0
02025500,04-03,1780.0,1810,2770,4160,7780,10800,19300.0
02025500,04-04,1810.0,1950,2680,3920,7940,12300,16200.0
02025500,04-05,1710.0,1890,2630,3920,7260,12200,12900.0
02025500,04-06,1800.0,1970,2580,4230,7620,9430,10600.0
02025500,04-07,1740.0,1890,2440,4800,7560,8700,9120.0
02025500,04-08,1680.0,1870,2520,4390,7530,9050,10800.0
02025500,04-09,1510.0,1870,2590,4220,6770,9890,16000.0
02025500,04-10,1590.0,1800,2420,4130,6670,10300,29600.0
02025500,04-11,1540.0,1880,2370,3950,6700,12200,23200.0
02025500,04-12,1480.0,1990,2370,3560,6470,13700,22900.0
02025500,04-13,1620.0,1960,2290,3610,7020,16000,21200.0
02025500,04-14,1530.0,1890,2280,3650,7290,15100,29500.0
02025500,04-15,1420.0,1880,2290,3480,9630,17100,24500.0
02025500,04-16,1440.0,1860,2270,3550,10000,23200,36400.0
02025500,04-17,1420.0,1830,2260,3180,11900,22500,41800.0
02025500,04-18,1540.0,1760,2190,3560,9580,16200,22500.0
02025500,04-19,1590.0,1810,2140,3600,7620,14300,18000.0
02025500,04-20,1550.0,1740,2190,3630,7740,14900,25300.0
02025500,04-21,1540.0,1790,2310,3870,7810,17300,23700.0
02025500,04-22,1540.0,1790,2330,4370,6930,16000,17900.0
02025500,04-23,1520.0,1770,2370,4070,6780,13700,17200.0
02025500,04-24,1600.0,1780,2270,3900,6410,12600,18000.0
02025500,04-25,1650.0,1750,2220,3580,6300,15500,28900.0
02025500,04-26,1660.0,1760,2460,3570,6850,12300,19800.0
02025500,04-27,1650.0,1730,2360,4170,6780,11900,16600.0
02025500,04-28,1600.0,1710,2350,3670,7150,9820,13400.0
02025500,04-29,1550.0,1810,2300,3950,7070,13500,22500.0
02025500,04-30,1540.0,1860,2080,3670,6650,13200,16200.0
02025500,05-01,1410.0,1760,2220,4000,6180,10400,20900.0
02025500,05-02,1420.0,1720,2140,3850,6420,8650,15900.0
02025500,05-03,1420.0,1600,2160,3550,5940,8540,16300.0
02025500,05-04,1340.0,1610,2220,3960,6430,8770,12600.0
02025500,05-05,1310.0,1620,2410,4170,6660,10100,17100.0
02025500,05-06,1230.0,1600,2330,3870,6990,11200,22800.0
02025500,05-07,1260.0,1610,2570,3740,6740,12500,22700.0
02025500,05-08,1340.0,1610,2350,3530,7160,12600,20400.0
02025500,05-09,1170.0,1410,2330,3330,6870,14900,16300.0
02025500,05-10,1170.0,1490,2130,3790,7030,12300,18200.0
02025500,05-11,1130.0,1430,2060,3410,6100,9300,13600.0
02025500,05-12,1190.0,1490,1890,3240,5270,8440,11200.0
02025500,05-13,1220.0,1460,2230,3360,5390,9100,11700.0
02025500,05-14,1350.0,1560,2180,3170,5270,7850,12200.0
02025500,05-15,1250.0,1490,2110,3170,5900,6920,16200.0
02025500,05-16,1180.0,1550,2070,2990,5280,7520,14100.0
02025500,05-17,1380.0,1610,1990,3510,5290,11200,14400.0
02025500,05-18,1350.0,1770,2330,3320,6250,12700,14900.0
02025500,05-19,1310.0,1550,2290,3560,7420,11700,16800.0
02025500,05-20,1330.0,1540,2510,3400,6320,11500,20100.0
02025500,05-21,1340.0,1490,2180,3570,5490,10500,16200.0
02025500,05-22,1410.0,1490,2050,3600,6140,9580,17200.0
02025500,05-23,1350.0,1500,1990,3340,5910,11600,22100.0
02025500,05-24,1380.0,1650,2280,3080,4570,8980,16100.0
02025500,05-25,1320.0,1520,2100,3000,5190,10400,16200.0
02025500,05-26,1300.0,1460,1900,2890,4540,9140,14900.0
02025500,05-27,1270.0,1380,1970,2720,4150,7860,13500.0
02025500,05-28,1220.0,1450,1880,2720,5540,8560,12100.0
02025500,05-29,1170.0,1390,1810,2600,5560,11300,15000.0
02025500,05-30,1150.0,1440,1770,2660,5780,8980,12700.0
02025500,05-31,1180.0,1330,1620,2920,4460,7200,8820.0
02025500,06-01,1120.0,1400,1680,2740,3880,6790,9320.0
02025500,06-02,1100.0,1330,1570,2330,4190,6540,8250.0
02025500,06-03,1200.0,1300,1630,2210,3790,6580,12100.0
02025500,06-04,1150.0,1260,1640,2120,3350,6120,10800.0
02025500,06-05,1150.0,1190,1580,2100,3310,9780,14600.0
02025500,06-06,968.0,1260,1530,2080,3600,8180,12000.0
02025500,06-07,926.0,1210,1570,2090,3180,7040,11300.0
02025500,06-08,939.0,1150,1570,2000,3140,5890,9850.0
02025500,06-09,899.0,1080,1530,1850,3200,5070,8030.0
02025500,06-10,889.0,1070,1460,1950,3100,6930,12000.0
02025500,06-11,840.0,1020,1380,1930,3180,8150,15100.0
02025500,06-12,862.0,1050,1380,1840,3600,8200,11700.0
02025500,06-13,835.0,1050,1340,1780,3160,9990,12000.0
02025500,06-14,814.0,1010,1280,1760,3100,7360,12700.0
02025500,06-15,759.0,963,1250,1770,3020,6260,10700.0
02025500,06-16,829.0,978,1180,1760,2810,5960,10100.0
02025500,06-17,823.0,974,1170,1590,3320,6830,11700.0
02025500,06-18,806.0,943,1220,1520,3510,7700,16000.0
02025500,06-19,790.0,902,1190,1690,3030,6830,18100.0
02025500,06-20,763.0,876,1230,1580,2280,5650,15300.0
02025500,06-21,684.0,828,1130,1460,2310,5480,11300.0
02025500,06-22,741.0,850,1160,1490,2330,5190,10200.0
02025500,06-23,796.0,900,1140,1470,2630,4670,11500.0
02025500,06-24,729.0,837,1150,1420,2390,6100,21500.0
02025500,06-25,682.0,818,1140,1430,2160,5250,12700.0
02025500,06-26,753.0,802,1110,1450,2060,5130,11800.0
02025500,06-27,742.0,834,1060,1410,2070,4240,11800.0
02025500,06-28,776.0,843,1140,1380,2240,4640,30800.0
02025500,06-29,758.0,830,1020,1310,2120,4020,17100.0
02025500,06-30,796.0,852,1050,1320,2300,4390,9990.0
02025500,07-01,700.0,792,1040,1360,2050,3550,7430.0
02025500,07-02,786.0,829,1020,1370,1870,3240,5220.0
02025500,07-03,741.0,818,1100,1410,2010,5080,7390.0
02025500,07-04,722.0,820,1100,1440,1800,3810,13800.0
02025500,07-05,765.0,834,1080,1360,1980,3140,8490.0
02025500,07-06,728.0,828,1100,1340,2250,5000,6370.0
02025500,07-07,720.0,893,1070,1330,2140,4340,6180.0
02025500,07-08,774.0,794,1030,1330,1950,4680,6100.0
02025500,07-09,665.0,924,1060,1250,1880,3590,5050.0
02025500,07-10,685.0,812,1080,1190,1680,3190,4410.0
02025500,07-11,758.0,866,1060,1200,1830,3100,3820.0
02025500,07-12,789.0,906,1060,1210,1800,2820,3590.0
02025500,07-13,772.0,908,1030,1180,1870,3060,3430.0
02025500,07-14,748.0,872,1010,1220,1950,3710,5130.0
02025500,07-15,754.0,910,1010,1110,1900,3960,5220.0
02025500,07-16,751.0,872,984,1130,1840,4120,5310.0
02025500,07-17,697.0,817,968,1090,1690,3090,4140.0
02025500,07-18,742.0,809,960,1120,1670,3020,3470.0
02025500,07-19,811.0,834,973,1070,1690,2650,2890.0
02025500,07-20,776.0,805,952,1150,1640,2480,2990.0
02025500,07-21,751.0,771,946,1090,1610,2280,2900.0
02025500,07-22,726.0,774,942,1070,1700,2400,3430.0
02025500,07-23,719.0,745,969,1160,1670,2780,3770.0
02025500,07-24,738.0,820,928,1230,1670,2280,2820.0
02025500,07-25,756.0,851,992,1320,1770,2030,2930.0
02025500,07-26,784.0,870,1020,1220,1670,1880,2220.0
02025500,07-27,792.0,846,1010,1260,1540,1770,2420.0
02025500,07-28,839.0,885,1020,1230,1520,1910,2310.0
02025500,07-29,822.0,859,971,1180,1530,2020,2250.0
02025500,07-30,724.0,825,978,1190,1510,2190,2390.0
02025500,07-31,776.0,854,961,1140,1540,1930,3020.0
02025500,08-01,660.0,759,976,1200,1520,2140,2600.0
02025500,08-02,756.0,806,903,1160,1630,2030,3010.0
02025500,08-03,673.0,735,888,1100,1510,1960,2650.0
02025500,08-04,661.0,715,905,1100,1540,2080,2940.0
02025500,08-05,655.0,699,865,1060,1470,1920,3740.0
02025500,08-06,645.0,704,884,1100,1520,1830,2830.0
02025500,08-07,665.0,796,865,1110,1590,1790,2380.0
02025500,08-08,721.0,779,885,1170,1490,1780,2480.0
02025500,08-09,646.0,774,874,1080,1420,2160,2880.0
02025500,08-10,640.0,759,862,1120,1440,2110,4030.0
02025500,08-11,620.0,767,851,1060,1490,2050,4310.0
02025500,08-12,597.0,768,876,1110,1420,1800,3780.0
02025500,08-13,552.0,679,883,1100,1340,1860,5810.0
02025500,08-14,574.0,674,864,1100,1320,2170,6580.0
02025500,08-15,559.0,662,863,1130,1410,2290,3820.0
02025500,08-16,572.0,675,824,1090,1310,2190,7370.0
02025500,08-17,581.0,700,854,1100,1330,2530,7350.0
02025500,08-18,589.0,666,875,1030,1380,3260,5500.0
02025500,08-19,581.0,670,863,1030,1410,2960,8560.0
02025500,08-20,598.0,695,879,1090,1340,2680,4950.0
02025500,08-21,581.0,709,908,1110,1500,2980,3770.0
02025500,08-22,576.0,718,881,1070,1510,2770,3450.0
02025500,08-23,581.0,687,837,1030,1350,2900,3110.0
02025500,08-24,571.0,676,836,1050,1490,2500,2770.0
02025500,08-25,513.0,704,865,1020,1420,2090,3400.0
02025500,08-26,568.0,705,836,997,1330,1900,3140.0
02025500,08-27,536.0,713,824,989,1190,1790,2960.0
02025500,08-28,538.0,721,839,996,1290,1790,2500.0
02025500,08-29,541.0,741,831,974,1350,2000,2290.0
02025500,08-30,550.0,750,835,982,1320,1950,2150.0
02025500,08-31,580.0,720,821,968,1310,1930,3140.0
02025500,09-01,628.0,715,826,975,1500,2100,6170.0
02025500,09-02,681.0,733,842,945,1460,4140,7770.0
02025500,09-03,589.0,715,843,928,1280,2740,5910.0
02025500,09-04,641.0,703,813,928,1310,2240,4470.0
02025500,09-05,676.0,704,791,927,1540,2280,3970.0
02025500,09-06,659.0,702,772,1030,1490,3460,5580.0
02025500,09-07,629.0,677,753,1050,1550,3230,6060.0
02025500,09-08,651.0,688,757,1060,1580,4150,15500.0
02025500,09-09,637.0,667,735,960,1490,3120,12900.0
02025500,09-10,618.0,666,715,963,1420,2500,7600.0
02025500,09-11,602.0,676,737,992,1350,2370,5640.0
02025500,09-12,609.0,651,752,928,1330,2330,4400.0
02025500,09-13,589.0,653,722,901,1160,2580,3830.0
02025500,09-14,557.0,634,734,888,1280,2380,3610.0
02025500,09-15,569.0,622,713,880,1220,2070,2720.0
02025500,09-16,515.0,635,744,894,1160,2160,3110.0
02025500,09-17,617.0,651,711,875,1200,2090,11000.0
02025500,09-18,558.0,647,703,868,1050,3510,11300.0
02025500,09-19,602.0,646,735,900,1100,7030,11900.0
02025500,09-20,544.0,639,704,878,1140,5790,7130.0
02025500,09-21,503.0,665,709,865,1030,4310,5550.0
02025500,09-22,595.0,675,771,928,1210,4140,5820.0
02025500,09-23,585.0,657,754,905,1270,6160,14800.0
02025500,09-24,541.0,614,729,895,1160,5560,14900.0
02025500,09-25,624.0,665,771,903,1270,3720,8870.0
02025500,09-26,582.0,656,799,920,1450,4580,7790.0
02025500,09-27,634.0,691,823,959,1440,4700,8660.0
02025500,09-28,596.0,689,816,1020,1520,7740,21600.0
02025500,09-29,654.0,708,833,1050,1870,6010,23900.0
02025500,09-30,615.0,681,811,1010,2230,9160,14200.0
02025500,10-01,627.0,731,810,987,2420,9070,11500.0
02025500,10-02,601.0,703,787,930,2450,7790,13500.0
02025500,10-03,592.0,641,814,912,2220,6140,11000.0
02025500,10-04,503.0,630,752,874,1770,4710,8760.0
02025500,10-05,573.0,591,728,926,1560,4140,8030.0
02025500,10-06,578.0,630,720,918,1640,4260,6760.0
02025500,10-07,557.0,614,725,925,1690,3780,7050.0
02025500,10-08,536.0,612,735,939,1770,3750,7640.0
02025500,10-09,528.0,608,736,972,1560,3860,6590.0
02025500,10-10,513.0,602,720,1050,1370,2980,5210.0
02025500,10-11,519.0,585,747,1000,1850,3470,6850.0
02025500,10-12,583.0,639,777,1010,1910,2890,15200.0
02025500,10-13,596.0,655,762,994,1850,2580,14100.0
02025500,10-14,589.0,654,751,1050,1770,2370,10000.0
02025500,10-15,558.0,686,747,1020,1790,2970,7240.0
02025500,10-16,591.0,664,778,1010,1710,3050,7560.0
02025500,10-17,653.0,683,779,980,1550,2570,5720.0
02025500,10-18,625.0,650,773,1010,1460,3500,5170.0
02025500,10-19,614.0,657,757,893,1470,4050,8940.0
02025500,10-20,636.0,652,772,998,1310,3580,7100.0
02025500,10-21,602.0,673,767,978,1400,3180,4790.0
02025500,10-22,618.0,687,753,978,1420,2760,4310.0
02025500,10-23,630.0,662,738,924,1440,2750,5990.0
02025500,10-24,591.0,647,739,950,1600,2680,6630.0
02025500,10-25,590.0,645,778,931,1420,4070,6320.0
02025500,10-26,642.0,661,860,958,1650,3060,3770.0
02025500,10-27,647.0,725,880,1070,2130,2910,4330.0
02025500,10-28,645.0,715,849,1010,1940,3380,4540.0
02025500,10-29,651.0,689,823,1060,2120,3900,7500.0
02025500,10-30,632.0,758,827,1040,2320,4520,6920.0
02025500,10-31,622.0,749,840,1050,2370,4810,6420.0
02025500,11-01,618.0,733,859,1050,2260,3680,5590.0
02025500,11-02,608.0,735,892,1070,2230,3550,4890.0
02025500,11-03,610.0,760,880,1030,2020,3870,8600.0
02025500,11-04,608.0,728,845,1070,1980,3140,10600.0
02025500,11-05,602.0,736,850,1100,1950,2600,7220.0
02025500,11-06,589.0,683,850,1170,1920,3780,6510.0
02025500,11-07,604.0,677,833,1220,1780,4640,9640.0
02025500,11-08,603.0,669,819,1150,1890,4350,7400.0
02025500,11-09,604.0,615,804,1140,1940,4560,9720.0
02025500,11-10,610.0,708,828,1220,1950,4870,6580.0
02025500,11-11,626.0,750,843,1200,2630,4880,7140.0
02025500,11-12,624.0,746,832,1330,3650,9100,15600.0
02025500,11-13,626.0,741,827,1300,4240,11000,21400.0
02025500,11-14,618.0,660,852,1250,3790,10600,14200.0
02025500,11-15,641.0,739,860,1240,3430,8230,11300.0
02025500,11-16,650.0,725,874,1150,3100,8460,13900.0
02025500,11-17,625.0,696,927,1180,2630,7080,23100.0
02025500,11-18,630.0,666,924,1130,2460,6540,12800.0
02025500,11-19,632.0,699,930,1190,2630,8180,11500.0
02025500,11-20,628.0,710,896,1230,2480,8330,13400.0
02025500,11-21,681.0,728,902,1210,2840,6540,8960.0
02025500,11-22,645.0,748,892,1340,2750,4970,6810.0
02025500,11-23,653.0,765,887,1380,2860,5870,10400.0
02025500,11-24,654.0,746,888,1400,2670,7080,9700.0
02025500,11-25,701.0,772,877,1380,3160,6900,8440.0
02025500,11-26,692.0,770,889,1430,2910,6500,9540.0
02025500,11-27,746.0,774,876,1440,3900,6300,10800.0
02025500,11-28,743.0,768,853,1590,3870,6440,9120.0
02025500,11-29,705.0,763,924,2250,4010,8450,10800.0
02025500,11-30,717.0,734,924,2270,5010,12400,17300.0
02025500,12-01,694.0,762,895,2120,6080,10400,18500.0
02025500,12-02,730.0,766,969,2100,5290,11900,19200.0
02025500,12-03,758.0,806,1010,2360,5010,10100,14200.0
02025500,12-04,692.0,774,1080,2420,4760,10200,13300.0
02025500,12-05,753.0,782,1230,2280,4250,10300,13600.0
02025500,12-06,733.0,755,1100,2110,3790,8430,12300.0
02025500,12-07,732.0,763,1090,2120,4160,6760,8980.0
02025500,12-08,677.0,759,1010,1960,4470,6330,8100.0
02025500,12-09,701.0,771,1060,1900,3930,5770,15500.0
02025500,12-10,717.0,791,1030,1870,3470,7330,10500.0
02025500,12-11,770.0,929,1090,2060,3140,8390,18300.0
02025500,12-12,805.0,886,1210,2300,3530,6450,13700.0
02025500,12-13,805.0,898,1280,2260,3720,7900,13300.0
02025500,12-14,820.0,925,1270,2140,3430,10300,13500.0
02025500,12-15,813.0,935,1220,2050,4050,10800,11900.0
02025500,12-16,779.0,893,1270,1940,5290,9130,10900.0
02025500,12-17,767.0,915,1400,2420,4460,8500,18000.0
02025500,12-18,775.0,926,1480,2400,4180,8740,14000.0
02025500,12-19,799.0,902,1470,2400,4330,8250,9490.0
02025500,12-20,751.0,920,1430,2280,4000,6580,8410.0
02025500,12-21,830.0,867,1340,2310,3670,6120,13200.0
02025500,12-22,807.0,906,1280,2130,3460,5740,9990.0
02025500,12-23,791.0,897,1200,1970,4470,10100,13400.0
02025500,12-24,783.0,883,1240,1920,6160,12200,16400.0
02025500,12-25,784.0,881,1310,2040,6740,12700,15900.0
02025500,12-26,781.0,887,1350,2430,7150,11800,18000.0
02025500,12-27,769.0,870,1380,2340,5860,8690,12400.0
02025500,12-28,752.0,868,1450,2570,5360,7740,11200.0
02025500,12-29,755.0,880,1460,2430,5060,8880,11700.0
02025500,12-30,790.0,898,1500,2870,4760,9250,15300.0
02025500,12-31,767.0,899,1410,3090,4540,7850,14900.0
02026000,01-01,863.0,1130,1750,3510,5070,9220,18200.0
02026000,01-02,872.0,1130,1790,3460,4590,11100,13900.0
02026000,01-03,938.0,1250,1820,3250,5130,10700,14100.0
02026000,01-04,799.0,1050,1700,3430,5670,10100,11800.0
02026000,01-05,858.0,1060,1810,3320,6200,10700,14100.0
02026000,01-06,964.0,1050,1820,3310,6080,9820,11500.0
02026000,01-07,886.0,1290,1840,3300,5280,8300,9770.0
02026000,01-08,852.0,1130,1820,3140,5790,7830,12000.0
02026000,01-09,886.0,1050,1780,3210,5300,9860,16300.0
02026000,01-10,927.0,1190,1850,3110,4680,9900,19700.0
02026000,01-11,933.0,1210,2000,3120,4840,9690,12600.0
02026000,01-12,1030.0,1150,2150,3020,5140,8770,12700.0
02026000,01-13,1100.0,1410,2190,3080,6550,9010,13700.0
02026000,01-14,1170.0,1360,2420,3130,5700,9940,14500.0
02026000,01-15,1020.0,1510,2300,3390,5920,13600,16000.0
02026000,01-16,1150.0,1510,2150,3450,6240,10800,15500.0
02026000,01-17,957.0,1410,2090,3630,5790,10900,18000.0
02026000,01-18,1100.0,1360,1980,3450,6000,9790,15400.0
02026000,01-19,1100.0,1360,1880,3320,5630,11400,18400.0
02026000,01-20,1100.0,1350,2010,3400,6190,10300,18500.0
02026000,01-21,1100.0,1330,2140,3370,6250,14700,21000.0
02026000,01-22,1080.0,1300,2000,3200,6180,11500,15500.0
02026000,01-23,1090.0,1280,1940,3190,6930,10700,12800.0
02026000,01-24,1150.0,1320,2040,3250,6250,10500,14300.0
02026000,01-25,1110.0,1440,2140,3450,6240,14000,21900.0
02026000,01-26,1080.0,1450,2000,3630,6060,12100,19300.0
02026000,01-27,1280.0,1350,2210,3710,6210,13200,19600.0
02026000,01-28,1150.0,1410,2030,3800,6110,12900,18800.0
02026000,01-29,1010.0,1300,1970,3480,5730,16000,23800.0
02026000,01-30,1020.0,1310,2020,2930,5290,14000,17500.0
02026000,01-31,1150.0,1290,2040,3010,5060,11600,15400.0
02026000,02-01,1230.0,1350,2260,3540,5650,9980,14400.0
02026000,02-02,1250.0,1440,2320,3470,6440,9840,16400.0
02026000,02-03,1020.0,1400,2440,3470,6760,12700,15200.0
02026000,02-04,1180.0,1600,2440,3940,6440,15400,26900.0
02026000,02-05,1160.0,1490,2860,3850,5910,20900,27600.0
02026000,02-06,1070.0,1420,2890,3870,6050,15200,17500.0
02026000,02-07,1180.0,1410,2720,3860,6820,15300,22300.0
02026000,02-08,1260.0,1350,2550,3560,7180,13700,20500.0
02026000,02-09,1080.0,1400,2270,3540,6870,14100,16500.0
02026000,02-10,1130.0,1340,2230,3460,6490,11900,16200.0
02026000,02-11,1280.0,1380,2280,3750,6250,13900,16400.0
02026000,02-12,1180.0,1440,2340,3550,6110,12900,16100.0
02026000,02-13,1260.0,1580,2390,3780,6850,14300,14900.0
02026000,02-14,1330.0,1610,2360,3850,9470,14300,20500.0
02026000,02-15,1430.0,1630,2550,3550,7850,13200,20400.0
02026000,02-16,1490.0,1720,2770,3980,7160,12200,26400.0
02026000,02-17,1490.0,1720,2880,4710,6860,17600,22300.0
02026000,02-18,1390.0,1590,2890,4900,7420,16700,30800.0
02026000,02-19,1440.0,1720,2930,4370,7150,16800,20700.0
02026000,02-20,1340.0,1690,3190,4560,8770,14500,16600.0
02026000,02-21,1260.0,1650,3140,4920,8810,14800,17500.0
02026000,02-22,1380.0,1650,3210,4880,8840,15400,22700.0
02026000,02-23,1380.0,1840,2920,5420,8180,16900,33400.0
02026000,02-24,1360.0,1790,2940,5620,7350,19400,42900.0
02026000,02-25,1360.0,1840,3110,5370,8620,24700,25900.0
02026000,02-26,1400.0,2100,2900,5280,8550,19200,21100.0
02026000,02-27,1330.0,1990,3190,5190,8130,15700,19800.0
02026000,02-28,1320.0,2030,2940,4980,7270,13700,16900.0
02026000,02-29,,2170,2750,4200,8870,12200,
02026000,03-01,1410.0,1900,2890,4650,6570,10600,24100.0
02026000,03-02,1490.0,1800,2670,4790,7150,11800,29800.0
02026000,03-03,1390.0,1720,2580,4840,6540,17000,27700.0
02026000,03-04,1670.0,1930,2470,4770,7130,22000,24800.0
02026000,03-05,1720.0,2100,2970,4600,10900,19000,31300.0
02026000,03-06,1780.0,2050,3390,4770,9620,18600,28600.0
02026000,03-07,1800.0,2060,3320,5130,10800,16300,21000.0
02026000,03-08,1730.0,2010,3140,5150,9170,13700,16600.0
02026000,03-09,1890.0,1940,3130,5680,9430,12900,13600.0
02026000,03-10,1820.0,1960,2980,5840,8600,12600,17000.0
02026000,03-11,1680.0,1860,2900,5780,7710,12600,18600.0
02026000,03-12,1690.0,1810,2750,5450,8290,12600,20600.0
02026000,03-13,1630.0,1830,2810,5260,7720,15300,18300.0
02026000,03-14,1480.0,1770,3300,4980,7070,12100,16500.0
02026000,03-15,1430.0,1870,3270,5190,7000,10900,16600.0
02026000,03-16,1560.0,1920,3540,5050,7220,9390,15700.0
02026000,03-17,1710.0,1860,3730,4940,7760,12100,18000.0
02026000,03-18,1820.0,1980,3580,5060,7280,13500,19700.0
02026000,03-19,1550.0,2260,3590,5760,7700,13200,17600.0
02026000,03-20,1730.0,2570,3830,5730,8860,14800,22300.0
02026000,03-21,1980.0,2720,4310,5780,8960,16500,19700.0
02026000,03-22,1850.0,2630,4010,5820,9810,18000,26700.0
02026000,03-23,1710.0,2660,3830,6270,9450,16500,21400.0
02026000,03-24,1760.0,2650,3880,5900,9250,14800,17700.0
02026000,03-25,1760.0,2510,3940,5610,8570,14300,18200.0
02026000,03-26,1830.0,2450,3640,5690,7710,13100,18100.0
02026000,03-27,2010.0,2400,3650,5320,7450,11000,15000.0
02026000,03-28,1920.0,2320,3160,5000,7670,11800,22700.0
02026000,03-29,1970.0,2320,3400,4640,7760,16200,26600.0
02026000,03-30,1900.0,2290,3190,4970,8730,22200,29900.0
02026000,03-31,2060.0,2290,3160,4740,9550,19000,22400.0
02026000,04-01,2180.0,2350,3120,4580,10600,15800,18200.0
02026000,04-02,1960.0,2130,2950,4340,10200,12800,16300.0
02026000,04-03,1990.0,2240,3480,4460,9570,12300,19400.0
02026000,04-04,2010.0,2350,3280,4600,8990,10900,15900.0
02026000,04-05,2020.0,2170,3280,4540,8670,12300,14000.0
02026000,04-06,1930.0,2360,3240,5010,7950,9920,12100.0
02026000,04-07,2240.0,2320,3210,5490,8090,9300,9800.0
02026000,04-08,1880.0,2260,3230,5140,8010,9880,11500.0
02026000,04-09,1970.0,2120,3200,5070,7490,10900,16300.0
02026000,04-10,1670.0,2150,3130,4550,8000,11900,29200.0
02026000,04-11,1720.0,2130,2990,4580,7700,11700,23800.0
02026000,04-12,1650.0,2320,2980,4550,7950,11100,26000.0
02026000,04-13,1790.0,2250,2860,4390,7690,17600,22500.0
02026000,04-14,1890.0,2360,2750,4220,7930,15600,26800.0
02026000,04-15,1700.0,2290,2680,4070,10500,17600,27500.0
02026000,04-16,1600.0,2400,2710,4330,12400,21200,34800.0
02026000,04-17,1550.0,2330,2680,4130,13200,25500,48000.0
02026000,04-18,1570.0,2160,2770,4350,10900,17600,27100.0
02026000,04-19,1780.0,2230,2570,4760,9430,16400,19300.0
02026000,04-20,1750.0,2120,2630,4500,9220,15300,24400.0
02026000,04-21,1810.0,2310,2740,4500,8030,14000,28400.0
02026000,04-22,1660.0,2120,2930,4380,7690,17600,20300.0
02026000,04-23,1710.0,2210,3030,4880,7200,14000,16900.0
02026000,04-24,1820.0,2190,2600,4640,7520,12800,16200.0
02026000,04-25,1930.0,2140,2540,4600,7500,17100,28800.0
02026000,04-26,1850.0,2000,2800,4230,6960,14000,22900.0
02026000,04-27,1900.0,2040,2800,4610,7890,14000,18100.0
02026000,04-28,1910.0,2160,2970,4480,8250,11700,15200.0
02026000,04-29,1830.0,1970,2990,4640,7780,15000,19800.0
02026000,04-30,1770.0,1960,2560,4770,7900,14600,17400.0
02026000,05-01,1820.0,2020,2750,4860,7570,11300,19500.0
02026000,05-02,1490.0,1900,2650,4820,6940,9240,18900.0
02026000,05-03,1460.0,1940,2620,4450,6730,9620,18400.0
02026000,05-04,1600.0,1780,2640,4460,6680,9410,15000.0
02026000,05-05,1540.0,1870,2890,4950,7120,11600,16500.0
02026000,05-06,1420.0,1890,3000,4840,7310,13000,28400.0
02026000,05-07,1240.0,1840,3070,4590,7580,13100,21600.0
02026000,05-08,1400.0,1850,2980,4420,7470,13600,23700.0
02026000,05-09,1320.0,1870,2860,4360,7560,14000,17900.0
02026000,05-10,1230.0,1730,2840,4520,7410,13700,18200.0
02026000,05-11,1390.0,1790,2740,4420,7320,10700,16900.0
02026000,05-12,1310.0,1740,2540,4410,6250,9240,13500.0
02026000,05-13,1390.0,1610,2580,4180,6540,8360,11300.0
02026000,05-14,1360.0,1790,2590,3910,6210,9000,13700.0
02026000,05-15,1440.0,1690,2800,3730,6170,8920,14900.0
02026000,05-16,1290.0,1720,2690,3550,6260,8560,17200.0
02026000,05-17,1360.0,1680,2650,3870,6110,11200,13900.0
02026000,05-18,1630.0,1840,2780,4030,6480,13600,17200.0
02026000,05-19,1470.0,1990,2830,3750,7860,12900,19800.0
02026000,05-20,1390.0,1770,2870,3790,7230,12400,21600.0
02026000,05-21,1490.0,1810,2880,4330,6580,10500,19100.0
02026000,05-22,1630.0,1780,2600,4400,6230,9570,17600.0
02026000,05-23,1530.0,1740,2480,4070,6660,12500,23300.0
02026000,05-24,1530.0,1800,2490,4120,5900,10500,18500.0
02026000,05-25,1510.0,1950,2470,3760,6030,12000,15700.0
02026000,05-26,1440.0,1830,2440,3510,5190,11800,15000.0
02026000,05-27,1420.0,1800,2490,3430,4880,8820,14800.0
02026000,05-28,1480.0,1790,2490,3540,4790,10200,13700.0
02026000,05-29,1430.0,1790,2370,3330,6990,11500,16600.0
02026000,05-30,1450.0,1750,2470,3250,6520,10400,15600.0
02026000,05-31,1430.0,1710,2270,3280,5310,8520,10600.0
02026000,06-01,1390.0,1720,2150,3170,4870,8510,9290.0
02026000,06-02,1340.0,1570,1990,2930,4790,8040,9360.0
02026000,06-03,1430.0,1530,1930,2940,4290,7650,11900.0
02026000,06-04,1340.0,1430,1960,2840,4150,7850,12100.0
02026000,06-05,1310.0,1360,2010,2880,3930,10600,14300.0
02026000,06-06,1300.0,1360,1980,2900,4210,10000,13300.0
02026000,06-07,1090.0,1290,1970,2840,4980,8830,16600.0
02026000,06-08,1060.0,1260,1790,2480,4240,6950,12300.0
02026000,06-09,1140.0,1200,1810,2340,3900,6690,9720.0
02026000,06-10,1030.0,1240,1780,2340,4040,7110,11000.0
02026000,06-11,1070.0,1180,1810,2380,3950,9260,16600.0
02026000,06-12,1000.0,1070,1700,2220,4260,9370,12800.0
02026000,06-13,1050.0,1280,1650,2070,3740,10800,14100.0
02026000,06-14,889.0,1120,1570,2240,3400,8550,13800.0
02026000,06-15,921.0,1090,1520,2040,3700,7080,12400.0
02026000,06-16,823.0,1080,1400,2170,3980,6010,10200.0
02026000,06-17,893.0,1040,1390,2090,3710,7360,11500.0
02026000,06-18,869.0,1100,1450,1940,4450,7760,18400.0
02026000,06-19,916.0,1050,1340,2000,3940,8190,18100.0
02026000,06-20,882.0,969,1360,1890,3270,6740,17900.0
02026000,06-21,824.0,989,1320,1800,3180,6120,12800.0
02026000,06-22,712.0,914,1290,1950,2920,6080,10700.0
02026000,06-23,705.0,978,1270,2020,3510,5730,13100.0
02026000,06-24,830.0,1070,1370,1850,3080,7200,17600.0
02026000,06-25,833.0,940,1310,1750,2720,6480,14100.0
02026000,06-26,738.0,974,1450,1810,2920,6050,10200.0
02026000,06-27,764.0,915,1360,1810,2630,5390,12300.0
02026000,06-28,813.0,919,1170,1770,2640,5290,25500.0
02026000,06-29,837.0,925,1180,1700,2490,5690,21400.0
02026000,06-30,774.0,925,1190,1690,2690,4920,10500.0
02026000,07-01,799.0,989,1120,1720,2680,4850,8330.0
02026000,07-02,734.0,853,1220,1750,2450,4260,6060.0
02026000,07-03,782.0,930,1190,1670,2600,5160,8890.0
02026000,07-04,739.0,918,1320,1750,2320,4880,10700.0
02026000,07-05,829.0,897,1160,1780,2500,4150,10500.0
02026000,07-06,874.0,960,1260,1640,2840,5480,8840.0
02026000,07-07,889.0,991,1230,1660,2860,5940,8220.0
02026000,07-08,894.0,946,1160,1640,2440,5720,6830.0
02026000,07-09,879.0,1020,1200,1590,2350,4750,5750.0
02026000,07-10,686.0,968,1210,1550,2200,3790,5250.0
02026000,07-11,800.0,908,1220,1540,2170,3560,5060.0
02026000,07-12,769.0,903,1190,1580,2020,3680,4900.0
02026000,07-13,882.0,1000,1180,1580,2290,3650,4750.0
02026000,07-14,923.0,943,1190,1490,2490,4170,7100.0
02026000,07-15,855.0,956,1150,1460,2490,5150,6070.0
02026000,07-16,888.0,931,1130,1510,2200,5330,6630.0
02026000,07-17,835.0,964,1110,1400,2250,4690,5790.0
02026000,07-18,851.0,895,1110,1350,2070,4030,4670.0
02026000,07-19,866.0,929,1030,1320,2060,3330,3950.0
02026000,07-20,809.0,871,1040,1360,2040,2930,3700.0
02026000,07-21,793.0,873,1080,1360,1910,3380,3900.0
02026000,07-22,750.0,967,1030,1390,2080,2770,4250.0
02026000,07-23,777.0,896,1120,1380,2040,3790,4440.0
02026000,07-24,811.0,910,1160,1410,2430,3230,4200.0
02026000,07-25,890.0,1010,1230,1510,2030,2610,4160.0
02026000,07-26,970.0,1040,1270,1610,2110,2660,3200.0
02026000,07-27,935.0,985,1240,1470,2070,2610,3360.0
02026000,07-28,979.0,1010,1270,1490,1860,2410,3290.0
02026000,07-29,904.0,992,1290,1500,1920,2590,3500.0
02026000,07-30,908.0,947,1150,1400,2080,2490,3050.0
02026000,07-31,782.0,998,1130,1350,1890,2580,3920.0
02026000,08-01,858.0,978,1160,1410,1790,3100,4200.0
02026000,08-02,740.0,931,1120,1370,1950,3250,3730.0
02026000,08-03,790.0,818,1060,1410,2040,2940,4290.0
02026000,08-04,657.0,767,1080,1360,1900,3030,3930.0
02026000,08-05,682.0,846,1040,1370,1900,2490,3860.0
02026000,08-06,619.0,699,1070,1340,1940,2570,3840.0
02026000,08-07,670.0,770,1030,1420,1960,2430,3570.0
02026000,08-08,670.0,888,1050,1470,1970,2430,2830.0
02026000,08-09,689.0,846,1060,1400,1830,2740,3620.0
02026000,08-10,604.0,841,1020,1360,1720,2890,3910.0
02026000,08-11,638.0,729,1050,1460,1680,2970,4950.0
02026000,08-12,616.0,871,1060,1310,1920,2780,5050.0
02026000,08-13,567.0,757,1050,1430,1760,2680,4530.0
02026000,08-14,556.0,683,1080,1340,1610,2710,7880.0
02026000,08-15,595.0,681,1000,1330,1670,2870,5220.0
02026000,08-16,624.0,701,1040,1330,1830,2690,5620.0
02026000,08-17,638.0,686,981,1340,1680,3420,7630.0
02026000,08-18,586.0,762,1040,1350,1760,4280,7200.0
02026000,08-19,633.0,752,985,1320,1630,3700,11000.0
02026000,08-20,632.0,717,937,1290,1710,3440,6760.0
02026000,08-21,611.0,834,1010,1330,1990,2890,4950.0
02026000,08-22,630.0,786,987,1270,1960,3130,4700.0
02026000,08-23,651.0,785,1010,1350,1840,3640,4230.0
02026000,08-24,640.0,773,912,1310,1900,3180,3810.0
02026000,08-25,638.0,833,940,1220,2050,3280,4100.0
02026000,08-26,605.0,865,1020,1240,1710,2610,4980.0
02026000,08-27,655.0,759,1000,1230,1440,2500,3940.0
02026000,08-28,671.0,753,936,1200,1570,2490,3540.0
02026000,08-29,709.0,795,991,1200,1420,2520,2880.0
02026000,08-30,669.0,813,1010,1220,1810,2390,2820.0
02026000,08-31,742.0,809,996,1170,1630,2410,3740.0
02026000,09-01,582.0,751,963,1110,1700,2380,7630.0
02026000,09-02,623.0,790,953,1170,1720,5750,6720.0
02026000,09-03,708.0,783,954,1190,1750,3620,8630.0
02026000,09-04,734.0,765,913,1160,1730,3700,6020.0
02026000,09-05,664.0,774,914,1140,1790,3520,5080.0
02026000,09-06,761.0,836,992,1280,2280,4050,6400.0
02026000,09-07,780.0,808,947,1220,2080,4120,7670.0
02026000,09-08,701.0,744,926,1180,2020,4580,25100.0
02026000,09-09,711.0,783,871,1150,2130,3860,21200.0
02026000,09-10,568.0,746,904,1170,2040,3420,11800.0
02026000,09-11,701.0,754,900,1100,1800,3280,7830.0
02026000,09-12,715.0,761,895,1090,1680,2940,6170.0
02026000,09-13,719.0,760,875,1000,1660,3440,6050.0
02026000,09-14,644.0,705,876,1000,1670,3010,5280.0
02026000,09-15,709.0,763,861,1020,1560,2570,4850.0
02026000,09-16,608.0,706,863,1030,1480,2540,5000.0
02026000,09-17,731.0,762,863,1030,1500,3190,9610.0
02026000,09-18,703.0,718,844,1080,1480,4370,14100.0
02026000,09-19,621.0,695,841,978,1440,8630,14700.0
02026000,09-20,605.0,645,831,1030,1360,7080,8980.0
02026000,09-21,619.0,668,827,1020,1420,5730,6820.0
02026000,09-22,562.0,682,832,1030,1420,4730,6030.0
02026000,09-23,600.0,688,850,1140,1370,5840,13100.0
02026000,09-24,621.0,748,828,1120,1390,7510,17000.0
02026000,09-25,629.0,671,840,1080,1390,4710,10900.0
02026000,09-26,677.0,733,816,1110,1500,5700,9360.0
02026000,09-27,661.0,773,960,1190,1830,5370,9090.0
02026000,09-28,707.0,748,888,1210,1840,5910,20000.0
02026000,09-29,754.0,782,901,1280,2480,8320,32900.0
02026000,09-30,665.0,787,941,1210,2870,11400,18100.0
02026000,10-01,699.0,737,853,1270,3200,11700,13700.0
02026000,10-02,664.0,735,881,1120,3590,9350,13700.0
02026000,10-03,639.0,697,879,1130,2770,7620,14900.0
02026000,10-04,656.0,684,864,1050,2230,5820,10800.0
02026000,10-05,547.0,654,849,1080,2080,4600,9720.0
02026000,10-06,525.0,611,836,1120,2300,3940,7600.0
02026000,10-07,609.0,661,817,1000,2060,3950,8990.0
02026000,10-08,560.0,651,869,1170,2190,4190,9320.0
02026000,10-09,594.0,653,832,1140,2210,5410,7570.0
02026000,10-10,593.0,624,894,1180,1830,3920,6600.0
02026000,10-11,551.0,620,878,1160,1900,4310,5780.0
02026000,10-12,621.0,680,907,1170,2110,3790,17400.0
02026000,10-13,637.0,659,898,1180,2170,3400,15800.0
02026000,10-14,614.0,732,911,1250,1990,3160,12200.0
02026000,10-15,628.0,753,859,1210,2130,3130,8810.0
02026000,10-16,634.0,717,912,1140,2020,3390,8290.0
02026000,10-17,636.0,746,899,1150,1800,3160,6810.0
02026000,10-18,756.0,780,858,1110,1740,3800,6610.0
02026000,10-19,692.0,793,863,1100,1620,3950,9460.0
02026000,10-20,720.0,763,902,1090,1560,4410,8830.0
02026000,10-21,709.0,774,879,1150,1780,4120,8070.0
02026000,10-22,669.0,781,880,1150,1840,3510,4890.0
02026000,10-23,697.0,778,860,1140,2310,2980,7370.0
02026000,10-24,681.0,768,876,1090,1670,3200,7530.0
02026000,10-25,685.0,727,854,1090,2130,4900,7800.0
02026000,10-26,748.0,831,926,1110,2160,4190,5440.0
02026000,10-27,670.0,756,988,1200,2390,4080,4840.0
02026000,10-28,757.0,795,1010,1220,2450,4190,6000.0
02026000,10-29,729.0,797,1030,1240,2610,4920,8380.0
02026000,10-30,711.0,773,1000,1180,2880,4070,8460.0
02026000,10-31,680.0,742,1040,1280,2950,5670,7260.0
02026000,11-01,656.0,734,977,1310,2870,4520,6390.0
02026000,11-02,686.0,732,1090,1360,2800,4220,6450.0
02026000,11-03,648.0,721,1030,1280,2590,5190,6510.0
02026000,11-04,670.0,746,1010,1300,2470,3950,12200.0
02026000,11-05,704.0,803,964,1320,2430,3260,9400.0
02026000,11-06,651.0,807,1010,1500,2250,3610,7850.0
02026000,11-07,705.0,753,1000,1450,2370,5270,10900.0
02026000,11-08,593.0,705,977,1520,2720,6110,8790.0
02026000,11-09,708.0,729,942,1390,2390,5880,9980.0
02026000,11-10,662.0,704,938,1430,2550,5820,8120.0
02026000,11-11,691.0,774,999,1430,3010,6300,9510.0
02026000,11-12,716.0,786,942,1440,4080,9830,14600.0
02026000,11-13,703.0,741,935,1450,4500,13800,23700.0
02026000,11-14,712.0,870,989,1460,4660,13000,15800.0
02026000,11-15,717.0,793,967,1420,4160,9790,12700.0
02026000,11-16,724.0,749,1000,1560,3750,7740,10200.0
02026000,11-17,720.0,749,1050,1490,3510,8440,25100.0
02026000,11-18,757.0,804,1080,1500,3060,7760,15600.0
02026000,11-19,767.0,816,1030,1480,3170,6840,11800.0
02026000,11-20,712.0,759,1030,1510,3090,9930,14500.0
02026000,11-21,771.0,799,1020,1490,2920,8200,11100.0
02026000,11-22,768.0,876,1040,1570,3450,6380,8080.0
02026000,11-23,800.0,876,1110,1730,3550,6200,8570.0
02026000,11-24,756.0,884,989,1700,3290,7590,10600.0
02026000,11-25,807.0,871,1110,1670,3680,7270,9170.0
02026000,11-26,782.0,875,1090,1510,3690,7030,11200.0
02026000,11-27,831.0,900,1090,1850,4420,7610,10600.0
02026000,11-28,859.0,895,1070,2270,4640,8010,10000.0
02026000,11-29,759.0,853,1190,2540,4270,8260,9420.0
02026000,11-30,828.0,878,1220,2660,6670,14100,15500.0
02026000,12-01,853.0,894,1200,2730,6760,10200,17600.0
02026000,12-02,785.0,886,1190,2770,6760,11400,23000.0
02026000,12-03,801.0,913,1130,3100,6050,12400,15500.0
02026000,12-04,848.0,961,1260,2930,6050,11200,14900.0
02026000,12-05,813.0,933,1270,2830,5850,11700,13700.0
02026000,12-06,813.0,898,1340,2570,5050,9980,14400.0
02026000,12-07,790.0,888,1230,2760,4680,8340,11400.0
02026000,12-08,845.0,905,1170,2650,5060,7490,9670.0
02026000,12-09,786.0,933,1240,2410,4760,7720,13000.0
02026000,12-10,793.0,899,1290,2360,4340,7950,12200.0
02026000,12-11,899.0,1030,1420,2740,4120,9840,15900.0
02026000,12-12,868.0,971,1720,2780,3950,7400,14200.0
02026000,12-13,916.0,970,1840,2890,4700,8530,15400.0
02026000,12-14,969.0,1030,1730,2740,4420,10100,13900.0
02026000,12-15,840.0,1050,1540,2710,4630,11800,13000.0
02026000,12-16,848.0,1010,1520,2770,5070,10200,12200.0
02026000,12-17,853.0,1110,1660,2690,5230,9450,17900.0
02026000,12-18,886.0,1030,1750,3010,4900,9180,15000.0
02026000,12-19,810.0,1090,1740,3020,4860,9310,11900.0
02026000,12-20,906.0,1250,1780,3020,4420,7910,8740.0
02026000,12-21,922.0,1050,1620,2740,3800,7160,11500.0
02026000,12-22,980.0,1110,1470,2690,4300,6340,11400.0
02026000,12-23,883.0,1170,1450,2590,4710,7380,14200.0
02026000,12-24,962.0,1220,1600,2490,5590,13000,19600.0
02026000,12-25,1030.0,1250,1720,2620,7080,13800,17100.0
02026000,12-26,1030.0,1160,1660,2940,7800,13800,18000.0
02026000,12-27,974.0,1230,1610,2790,6420,10700,13800.0
02026000,12-28,970.0,1130,1780,3270,6180,9120,13200.0
02026000,12-29,954.0,1210,1870,3080,6360,10200,12400.0
02026000,12-30,954.0,1080,1960,2970,5590,10200,16700.0
02026000,12-31,985.0,1170,1820,3730,5190,8400,18300.0
02029000,01-01,1090.0,1380,2330,4490,6960,11500,20000.0
02029000,01-02,1020.0,1540,2310,4320,6120,13200,18000.0
02029000,01-03,1090.0,1550,2240,4230,5860,13700,16300.0
02029000,01-04,1450.0,1540,2440,4430,6870,12200,14800.0
02029000,01-05,950.0,1530,2410,4530,7760,13400,15500.0
02029000,01-06,1070.0,1530,2410,4460,7670,12200,15500.0
02029000,01-07,1310.0,1590,2370,4260,6870,11000,12500.0
02029000,01-08,1240.0,1650,2450,4230,7370,10200,14400.0
02029000,01-09,1200.0,1450,2450,4270,6810,11700,19400.0
02029000,01-10,1230.0,1450,2540,4120,6670,12300,33100.0
02029000,01-11,1180.0,1560,2610,4300,6350,11700,17900.0
02029000,01-12,1200.0,1520,2520,4000,7110,12600,19000.0
02029000,01-13,1340.0,1650,2750,4010,7870,12000,15100.0
02029000,01-14,1440.0,1720,3000,4150,7520,12500,19500.0
02029000,01-15,1470.0,2030,3030,4050,8110,14300,20100.0
02029000,01-16,1330.0,1960,2910,4320,7970,15000,21300.0
02029000,01-17,1310.0,1940,2710,4420,7330,15000,19100.0
02029000,01-18,1250.0,1940,2640,4990,6880,13100,20900.0
02029000,01-19,1460.0,1990,2580,4750,7050,14000,21400.0
02029000,01-20,1410.0,1800,2660,4660,6620,12700,23200.0
02029000,01-21,1330.0,1630,2660,4520,7580,14400,22200.0
02029000,01-22,1320.0,1780,2470,4310,6800,14500,20100.0
02029000,01-23,1370.0,1680,2540,4240,8310,13200,15500.0
02029000,01-24,1310.0,1510,2790,4310,8620,12800,18100.0
02029000,01-25,1380.0,1680,2800,4550,8090,17900,26000.0
02029000,01-26,1530.0,1810,2730,4710,7490,15900,23400.0
02029000,01-27,1560.0,1810,2670,5000,8300,16600,21900.0
02029000,01-28,1480.0,1920,2560,5170,7720,16700,31500.0
02029000,01-29,1530.0,1870,2430,4760,7260,19800,30400.0
02029000,01-30,1440.0,1740,2570,4230,6800,19500,25900.0
02029000,01-31,1490.0,1720,2590,4010,6370,16400,20900.0
02029000,02-01,1460.0,1670,2780,4360,6750,13100,16600.0
02029000,02-02,1540.0,1790,2820,4480,8200,12400,20400.0
02029000,02-03,1560.0,1980,2760,4900,8160,13800,19800.0
02029000,02-04,1390.0,1910,3180,5070,7970,19000,24300.0
02029000,02-05,1480.0,2030,3670,5230,7500,26000,33600.0
02029000,02-06,1480.0,1960,3880,5090,7660,17500,23400.0
02029000,02-07,1560.0,1900,3520,4800,8420,16100,22800.0
02029000,02-08,1520.0,1940,3160,5380,7640,16000,28000.0
02029000,02-09,1490.0,1820,3210,4780,8690,15900,21500.0
02029000,02-10,1560.0,1850,3000,4470,8530,16200,19900.0
02029000,02-11,1570.0,1970,2950,4280,7730,16900,20600.0
02029000,02-12,1550.0,1860,3040,4530,7750,16100,20400.0
02029000,02-13,1720.0,1950,3050,4990,7820,17100,19000.0
02029000,02-14,1740.0,2140,3280,4730,11200,18100,23200.0
02029000,02-15,1990.0,2110,3230,4530,10700,17300,23900.0
02029000,02-16,1880.0,2340,3210,5150,9330,15500,37500.0
02029000,02-17,1890.0,2370,3830,5290,8630,22000,25700.0
02029000,02-18,1890.0,2440,3480,5740,8300,21400,39600.0
02029000,02-19,1850.0,2320,3570,5950,8830,19500,27300.0
02029000,02-20,1850.0,2370,4130,5540,10100,17800,21400.0
02029000,02-21,1710.0,2210,4100,5430,10200,17900,20800.0
02029000,02-22,1680.0,2200,4090,6110,11300,17900,23100.0
02029000,02-23,1820.0,2460,3970,7240,10200,19500,37200.0
02029000,02-24,1780.0,2400,3900,6520,9870,19800,49200.0
02029000,02-25,1800.0,2350,3940,6620,8850,30600,36600.0
02029000,02-26,1900.0,2290,3920,6830,10800,24600,26600.0
02029000,02-27,1870.0,2560,3990,6400,9440,20100,25000.0
02029000,02-28,1820.0,2390,4010,6290,8670,17100,20900.0
02029000,02-29,,2330,3770,5230,11600,15700,
02029000,03-01,1860.0,2520,4330,5970,8660,13600,24900.0
02029000,03-02,2070.0,2330,3720,5780,9240,14900,32100.0
02029000,03-03,1950.0,2420,3610,5920,8110,21300,32000.0
02029000,03-04,2030.0,2300,3420,5870,9290,24100,27700.0
02029000,03-05,2230.0,2780,3840,5900,11000,23500,39500.0
02029000,03-06,2080.0,2690,4210,5660,12200,23600,31800.0
02029000,03-07,2260.0,2570,4080,6300,13000,21200,25900.0
02029000,03-08,2160.0,2540,3810,7100,12400,17500,21100.0
02029000,03-09,2380.0,2540,3670,7760,11400,16700,17900.0
02029000,03-10,2390.0,2440,3850,8010,11100,15200,21100.0
02029000,03-11,2260.0,2470,3660,7320,9860,14400,22700.0
02029000,03-12,2070.0,2330,3520,6850,9360,15500,23300.0
02029000,03-13,2110.0,2320,3750,6480,9850,19300,23400.0
02029000,03-14,2090.0,2320,4180,6750,9360,16900,19500.0
02029000,03-15,2020.0,2550,4310,6990,8710,13700,15300.0
02029000,03-16,1930.0,2520,4430,6560,8420,11700,19900.0
02029000,03-17,2010.0,2370,4510,6360,9210,12800,22600.0
02029000,03-18,2150.0,2470,4260,6220,9320,15500,21800.0
02029000,03-19,2430.0,2740,4630,7120,9480,15000,22300.0
02029000,03-20,1860.0,3180,4520,6830,11900,17000,24500.0
02029000,03-21,2310.0,3290,5320,6570,10900,22300,24500.0
02029000,03-22,2540.0,3490,5010,7560,14700,22400,27700.0
02029000,03-23,2320.0,3430,4770,7050,11400,20700,28200.0
02029000,03-24,2160.0,3420,4900,7070,13400,16900,22800.0
02029000,03-25,2340.0,3420,5080,6910,11100,18100,22200.0
02029000,03-26,2510.0,3280,4290,6810,9010,17300,21200.0
02029000,03-27,2900.0,3220,4660,6750,8760,14300,18100.0
02029000,03-28,2810.0,3170,4400,6280,9610,15400,29700.0
02029000,03-29,2730.0,3180,4260,5850,8710,18800,37800.0
02029000,03-30,2780.0,2970,4160,6260,10400,27600,36000.0
02029000,03-31,2740.0,2990,4000,6050,9950,22700,31600.0
02029000,04-01,2760.0,3080,4210,5770,14200,22100,23700.0
02029000,04-02,2850.0,2980,4180,5350,12400,16900,21700.0
02029000,04-03,2730.0,2890,4440,5250,10900,16900,24100.0
02029000,04-04,2720.0,2980,4150,5460,11200,14100,22300.0
02029000,04-05,2750.0,3090,4210,5230,10900,16800,19400.0
02029000,04-06,2590.0,2890,3930,5390,10500,13500,16500.0
02029000,04-07,2740.0,3130,4030,6710,9400,12100,13100.0
02029000,04-08,2700.0,3000,4330,6460,10000,12000,13200.0
02029000,04-09,2430.0,2830,4110,6470,10000,13600,16200.0
02029000,04-10,2470.0,2780,3980,5800,9530,14600,33800.0
02029000,04-11,2190.0,2700,3930,5690,9620,15100,31200.0
02029000,04-12,2170.0,2740,4170,5640,9300,15100,31900.0
02029000,04-13,2330.0,3050,3870,5910,9950,22400,25800.0
02029000,04-14,2490.0,2850,3630,5620,11100,21100,27300.0
02029000,04-15,2410.0,3060,3400,5560,11000,20600,36900.0
02029000,04-16,2150.0,3050,3540,5760,15000,29100,44400.0
02029000,04-17,2160.0,2980,3610,5460,17400,33200,45900.0
02029000,04-18,2090.0,2880,3520,5520,14600,25100,39500.0
02029000,04-19,2130.0,2800,3570,5800,13000,19500,24400.0
02029000,04-20,2350.0,2810,3440,5730,11200,18900,24400.0
02029000,04-21,2370.0,2810,3480,5360,11000,16700,34300.0
02029000,04-22,2300.0,2850,3460,5410,9800,22500,26600.0
02029000,04-23,2160.0,2780,3680,6110,9390,18200,20200.0
02029000,04-24,2340.0,2990,3570,6250,8180,16600,21000.0
02029000,04-25,2540.0,2800,3250,6170,9930,17500,30400.0
02029000,04-26,2470.0,2680,3680,5740,8940,18400,29800.0
02029000,04-27,2460.0,2720,3760,5710,9710,16100,22700.0
02029000,04-28,2400.0,2770,3940,6010,9880,13400,20100.0
02029000,04-29,2390.0,2780,3380,5770,9400,19400,20700.0
02029000,04-30,2160.0,2670,3540,6180,9180,16800,23300.0
02029000,05-01,2350.0,2690,3550,6420,8850,15600,25100.0
02029000,05-02,2090.0,2560,3460,6010,8600,12000,25800.0
02029000,05-03,1890.0,2430,3290,5610,8340,11600,20400.0
02029000,05-04,1910.0,2400,3630,5500,7870,12400,19000.0
02029000,05-05,2050.0,2360,3830,6300,8200,13800,18500.0
02029000,05-06,1980.0,2270,4130,6280,9190,16400,35000.0
02029000,05-07,1750.0,2390,4270,5830,9010,16600,26200.0
02029000,05-08,1650.0,2390,4040,5670,9160,17000,32900.0
02029000,05-09,1810.0,2430,3700,5580,9360,18100,24100.0
02029000,05-10,1660.0,2260,3800,5290,8500,17200,24000.0
02029000,05-11,1660.0,2070,3730,5320,8520,15300,20100.0
02029000,05-12,1900.0,2230,3480,5350,8200,12000,15800.0
02029000,05-13,1660.0,2350,3540,5280,7460,9780,13800.0
02029000,05-14,1700.0,2380,3680,4720,7790,11100,15200.0
02029000,05-15,1690.0,2720,3550,4850,7910,10100,14000.0
02029000,05-16,1780.0,2420,3510,5000,7750,11700,24400.0
02029000,05-17,1570.0,2270,3430,4790,7530,10100,17800.0
02029000,05-18,1940.0,2250,3750,5610,8560,15000,21800.0
02029000,05-19,2180.0,2240,3700,5630,8550,16900,24500.0
02029000,05-20,2050.0,2530,3640,5150,8320,14300,25400.0
02029000,05-21,2100.0,2400,3560,5520,8100,12700,24000.0
02029000,05-22,2000.0,2270,3440,5810,8140,11900,20000.0
02029000,05-23,1960.0,2670,3400,5440,7690,12800,25400.0
02029000,05-24,1920.0,2470,3460,5010,6720,14500,23700.0
02029000,05-25,2050.0,2540,3310,4920,7390,15400,19300.0
02029000,05-26,1890.0,2570,3400,4510,6410,13900,19200.0
02029000,05-27,1780.0,2430,3180,4200,5980,13000,18000.0
02029000,05-28,2070.0,2490,3130,4560,6230,13000,17300.0
02029000,05-29,1960.0,2420,3210,4430,7330,12800,19800.0
02029000,05-30,1750.0,2370,3140,4110,7380,13500,20600.0
02029000,05-31,1670.0,2340,3050,4190,7070,11300,13500.0
02029000,06-01,1620.0,2210,3010,4160,5760,10100,11500.0
02029000,06-02,1520.0,2170,2810,4220,5830,9750,10800.0
02029000,06-03,1540.0,2140,2840,3870,5490,10100,11900.0
02029000,06-04,1630.0,2030,2540,3590,5270,9780,14400.0
02029000,06-05,1460.0,1910,2500,3590,5260,13300,16900.0
02029000,06-06,1500.0,1800,2580,3590,5490,11600,17800.0
02029000,06-07,1440.0,1820,2620,3370,6350,10500,20700.0
02029000,06-08,1110.0,1610,2450,3240,5750,8810,17500.0
02029000,06-09,1150.0,1630,2190,3150,4980,8220,13000.0
02029000,06-10,1160.0,1560,2260,3080,6100,10200,11500.0
02029000,06-11,1080.0,1520,2280,3080,5180,11200,18300.0
02029000,06-12,1170.0,1400,2110,3060,5330,10800,17600.0
02029000,06-13,1080.0,1380,2140,2900,4980,14800,18800.0
02029000,06-14,1330.0,1600,2090,2830,5110,12100,16800.0
02029000,06-15,1010.0,1400,1950,2710,4490,9390,15900.0
02029000,06-16,1040.0,1390,1880,2720,4750,7900,13000.0
02029000,06-17,979.0,1320,1890,2600,4680,7830,13600.0
02029000,06-18,954.0,1270,1870,2550,4980,9800,21400.0
02029000,06-19,1000.0,1330,1820,2420,5210,10500,19800.0
02029000,06-20,989.0,1260,1720,2550,4300,8610,22000.0
02029000,06-21,947.0,1280,1690,2440,3670,7760,16100.0
02029000,06-22,846.0,1170,1720,2510,3810,7290,12900.0
02029000,06-23,786.0,1060,1790,2840,4490,7380,16200.0
02029000,06-24,822.0,1270,1690,2620,4380,8400,13000.0
02029000,06-25,1000.0,1230,1720,2560,3870,8120,20900.0
02029000,06-26,960.0,1040,1660,2340,3210,7970,12100.0
02029000,06-27,841.0,1070,1610,2400,3660,7140,15100.0
02029000,06-28,904.0,1060,1400,2330,3250,6220,21800.0
02029000,06-29,883.0,1050,1480,2160,3450,6750,36100.0
02029000,06-30,969.0,1070,1580,2110,3240,5700,14400.0
02029000,07-01,829.0,1030,1580,2070,3550,5660,9330.0
02029000,07-02,999.0,1120,1520,1980,3330,5690,6700.0
02029000,07-03,945.0,1070,1550,2170,3330,5590,13500.0
02029000,07-04,951.0,1010,1510,2180,3260,6740,12000.0
02029000,07-05,871.0,1060,1640,2270,3440,5010,15300.0
02029000,07-06,962.0,1040,1570,2200,3840,7040,11200.0
02029000,07-07,919.0,1070,1600,2220,3530,7140,10700.0
02029000,07-08,955.0,1040,1540,2220,3660,5960,8470.0
02029000,07-09,975.0,1110,1520,2200,3190,6090,7500.0
02029000,07-10,985.0,1160,1620,1960,2960,5120,7040.0
02029000,07-11,765.0,1150,1610,1800,3120,4460,6300.0
02029000,07-12,851.0,1120,1570,1930,2770,4700,5640.0
02029000,07-13,870.0,1060,1460,1960,2980,4700,5340.0
02029000,07-14,975.0,1180,1460,2020,2970,4790,6780.0
02029000,07-15,1060.0,1080,1460,1820,3130,6710,7940.0
02029000,07-16,943.0,1180,1350,1820,2910,6790,9400.0
02029000,07-17,946.0,1060,1410,1810,2570,6150,9810.0
02029000,07-18,1020.0,1120,1340,1730,2580,4830,6540.0
02029000,07-19,964.0,1160,1310,1610,2530,4760,5590.0
02029000,07-20,939.0,1050,1290,1660,2350,3980,4760.0
02029000,07-21,930.0,972,1220,1650,2460,3670,4880.0
02029000,07-22,840.0,965,1250,1640,2300,3920,5140.0
02029000,07-23,901.0,1080,1340,1720,2740,3740,5020.0
02029000,07-24,922.0,999,1300,1810,2940,4780,5150.0
02029000,07-25,914.0,1030,1470,1760,2930,4150,5680.0
02029000,07-26,994.0,1200,1440,1880,2820,3210,4540.0
02029000,07-27,1030.0,1170,1400,1930,2390,3320,4080.0
02029000,07-28,1000.0,1060,1470,1910,2430,3440,4570.0
02029000,07-29,1050.0,1150,1580,1900,2340,3160,4300.0
02029000,07-30,947.0,1130,1450,1860,2710,3100,4130.0
02029000,07-31,1000.0,1150,1410,1770,2660,3230,3800.0
02029000,08-01,839.0,1100,1370,1850,2660,3960,4800.0
02029000,08-02,911.0,1060,1390,1730,2370,4080,4630.0
02029000,08-03,781.0,1050,1310,1590,2400,4640,5640.0
02029000,08-04,824.0,895,1210,1640,2500,3990,4850.0
02029000,08-05,766.0,863,1230,1620,2290,3410,4840.0
02029000,08-06,778.0,871,1170,1630,2470,3080,5390.0
02029000,08-07,706.0,968,1140,1680,2530,3460,5310.0
02029000,08-08,723.0,954,1120,1830,2420,3610,4360.0
02029000,08-09,770.0,925,1260,2000,2410,3790,4360.0
02029000,08-10,746.0,924,1240,1820,2280,3630,6990.0
02029000,08-11,724.0,890,1150,1750,2230,4060,8070.0
02029000,08-12,675.0,838,1240,1650,2500,4010,8010.0
02029000,08-13,649.0,875,1210,1710,2500,3430,6040.0
02029000,08-14,616.0,870,1250,1760,2270,3960,7980.0
02029000,08-15,613.0,726,1320,1660,2250,4030,8360.0
02029000,08-16,622.0,759,1170,1710,2410,3520,6050.0
02029000,08-17,706.0,771,1170,1650,2190,3730,11100.0
02029000,08-18,720.0,890,1170,1640,2370,5850,11100.0
02029000,08-19,734.0,789,1210,1580,2110,5620,16300.0
02029000,08-20,741.0,788,1210,1510,2300,4730,9940.0
02029000,08-21,717.0,810,1220,1680,2280,4060,6980.0
02029000,08-22,725.0,879,1150,1600,2340,4640,6180.0
02029000,08-23,735.0,864,1160,1520,2410,4440,5510.0
02029000,08-24,731.0,868,1120,1620,2160,4400,5530.0
02029000,08-25,766.0,839,1070,1420,2660,4040,5770.0
02029000,08-26,678.0,860,1110,1490,2400,3440,6000.0
02029000,08-27,675.0,868,1100,1510,2090,3100,5890.0
02029000,08-28,709.0,845,1160,1450,1950,2980,4560.0
02029000,08-29,845.0,911,1150,1410,1940,3320,4720.0
02029000,08-30,773.0,895,1140,1470,1950,3150,4330.0
02029000,08-31,745.0,913,1200,1480,2100,3270,5960.0
02029000,09-01,776.0,985,1130,1340,1990,3270,8580.0
02029000,09-02,807.0,949,1100,1340,2090,5190,9710.0
02029000,09-03,744.0,905,1130,1400,1870,5830,11800.0
02029000,09-04,804.0,990,1170,1370,2120,4260,8690.0
02029000,09-05,804.0,890,1140,1390,2140,4600,7570.0
02029000,09-06,768.0,900,1160,1350,2500,5920,9630.0
02029000,09-07,826.0,982,1110,1730,2770,8040,13200.0
02029000,09-08,784.0,897,1070,1570,2470,6950,36100.0
02029000,09-09,683.0,879,1040,1540,2700,5820,19100.0
02029000,09-10,708.0,858,1050,1400,2670,5180,14500.0
02029000,09-11,650.0,804,1040,1460,2310,4260,10600.0
02029000,09-12,725.0,784,1020,1360,2340,4010,8250.0
02029000,09-13,721.0,801,1040,1380,2130,4920,8990.0
02029000,09-14,790.0,816,955,1280,2200,4130,6850.0
02029000,09-15,785.0,817,964,1280,2050,4180,6150.0
02029000,09-16,794.0,847,957,1190,1940,3700,5540.0
02029000,09-17,733.0,833,969,1230,1860,3700,13300.0
02029000,09-18,714.0,861,1010,1350,1990,5940,20200.0
02029000,09-19,672.0,851,981,1270,1980,10500,20100.0
02029000,09-20,678.0,791,967,1190,1670,8710,13300.0
02029000,09-21,699.0,762,942,1270,1620,7430,9620.0
02029000,09-22,652.0,739,996,1200,1640,6470,8250.0
02029000,09-23,722.0,831,942,1220,2150,6720,15900.0
02029000,09-24,641.0,859,958,1340,2090,8350,23300.0
02029000,09-25,710.0,795,950,1340,1850,6620,16000.0
02029000,09-26,762.0,776,949,1370,1890,9200,14700.0
02029000,09-27,733.0,831,1110,1410,2120,7130,13500.0
02029000,09-28,743.0,867,1210,1430,2360,7050,17900.0
02029000,09-29,714.0,834,1090,1540,2590,11100,35600.0
02029000,09-30,743.0,821,1110,1580,3340,20700,44600.0
02029000,10-01,785.0,906,1140,1490,3770,16300,19500.0
02029000,10-02,770.0,892,1100,1430,4150,13800,17900.0
02029000,10-03,703.0,899,1090,1420,3720,11000,23200.0
02029000,10-04,698.0,791,1060,1350,3560,9030,17000.0
02029000,10-05,633.0,728,1050,1320,3010,7230,14000.0
02029000,10-06,658.0,758,1010,1270,2990,6070,10900.0
02029000,10-07,638.0,654,1030,1300,2880,6050,12600.0
02029000,10-08,632.0,673,952,1280,2940,6390,11800.0
02029000,10-09,633.0,691,1030,1430,2610,6190,13400.0
02029000,10-10,576.0,687,1020,1310,2300,6520,9400.0
02029000,10-11,594.0,684,1040,1540,3180,5280,6600.0
02029000,10-12,644.0,731,1060,1440,3170,5760,22300.0
02029000,10-13,719.0,760,1060,1500,3000,7840,19300.0
02029000,10-14,706.0,789,1040,1540,2960,5310,17000.0
02029000,10-15,679.0,913,1120,1560,2970,4660,11600.0
02029000,10-16,721.0,906,1070,1450,2740,4600,9240.0
02029000,10-17,749.0,892,1110,1420,2740,4220,9400.0
02029000,10-18,658.0,923,1060,1420,2270,4490,6920.0
02029000,10-19,871.0,952,1040,1400,2510,4680,11200.0
02029000,10-20,872.0,931,1080,1320,2010,5580,11700.0
02029000,10-21,854.0,950,1070,1530,2510,5550,12000.0
02029000,10-22,783.0,921,1130,1450,2650,4880,8210.0
02029000,10-23,772.0,910,1070,1400,2660,4480,9120.0
02029000,10-24,713.0,923,1050,1400,2820,4450,10200.0
02029000,10-25,862.0,927,1130,1370,2470,4190,9230.0
02029000,10-26,913.0,956,1130,1520,2890,6040,7550.0
02029000,10-27,921.0,997,1220,1580,2890,5300,5640.0
02029000,10-28,920.0,950,1170,1630,3340,6310,7180.0
02029000,10-29,922.0,980,1160,1760,3710,5990,9660.0
02029000,10-30,961.0,1030,1210,1720,3560,5410,12300.0
02029000,10-31,904.0,1000,1210,1640,4070,6730,8360.0
02029000,11-01,873.0,966,1290,1870,3720,6320,9920.0
02029000,11-02,827.0,897,1260,1800,3860,6100,10500.0
02029000,11-03,901.0,917,1280,1850,3420,6350,8800.0
02029000,11-04,804.0,915,1250,1800,3250,5710,13200.0
02029000,11-05,814.0,919,1230,2000,3210,4650,12200.0
02029000,11-06,873.0,1020,1250,1920,3090,5350,10600.0
02029000,11-07,848.0,944,1220,1890,2980,6170,14000.0
02029000,11-08,855.0,887,1180,2030,2980,8050,13400.0
02029000,11-09,759.0,870,1190,2020,3060,7400,11000.0
02029000,11-10,847.0,939,1210,1980,3950,7760,12100.0
02029000,11-11,841.0,915,1200,2040,3840,7730,11400.0
02029000,11-12,836.0,928,1250,1950,6140,11800,15700.0
02029000,11-13,854.0,942,1220,2070,6980,16900,28100.0
02029000,11-14,841.0,897,1190,1980,7000,15000,21900.0
02029000,11-15,874.0,1100,1290,1820,5980,12700,17600.0
02029000,11-16,905.0,959,1270,1910,4730,9730,13900.0
02029000,11-17,895.0,946,1230,2180,5310,11700,24500.0
02029000,11-18,890.0,952,1320,1780,4380,10800,21600.0
02029000,11-19,880.0,1010,1410,1860,4570,9300,14500.0
02029000,11-20,936.0,1080,1310,1630,4520,11300,14800.0
02029000,11-21,902.0,979,1270,2020,4300,9700,14600.0
02029000,11-22,1010.0,1110,1330,2110,4280,7910,10500.0
02029000,11-23,933.0,1030,1370,2060,4990,8220,12300.0
02029000,11-24,881.0,1090,1410,2280,5130,9140,13500.0
02029000,11-25,905.0,1060,1330,2230,4830,9880,13900.0
02029000,11-26,988.0,1070,1420,2020,4630,9980,13200.0
02029000,11-27,943.0,1140,1450,2430,5050,9530,13300.0
02029000,11-28,977.0,1040,1320,2700,5730,11400,14200.0
02029000,11-29,994.0,1110,1280,3540,6350,8500,11600.0
02029000,11-30,888.0,1030,1560,3590,8230,13300,17500.0
02029000,12-01,1010.0,1080,1590,3690,8130,16800,24700.0
02029000,12-02,997.0,1150,1610,3410,8220,14100,27000.0
02029000,12-03,972.0,1130,1480,3750,7480,16800,18800.0
02029000,12-04,945.0,1070,1530,3930,7370,14000,17600.0
02029000,12-05,959.0,1130,1630,3870,7680,13300,19200.0
02029000,12-06,958.0,1140,1640,3470,6360,13900,19000.0
02029000,12-07,933.0,1030,1580,3560,5740,11800,16300.0
02029000,12-08,944.0,1050,1510,3400,5660,9470,14300.0
02029000,12-09,948.0,1130,1470,3230,6270,9960,17000.0
02029000,12-10,921.0,1120,1640,3270,5690,9780,16200.0
02029000,12-11,1030.0,1290,1670,3340,5820,13200,17500.0
02029000,12-12,1050.0,1430,2420,3680,6290,10200,19400.0
02029000,12-13,1030.0,1260,2530,3670,5600,11000,19700.0
02029000,12-14,1070.0,1280,2040,3780,6610,12200,20400.0
02029000,12-15,1110.0,1440,2030,3450,5990,14700,17700.0
02029000,12-16,997.0,1360,1980,3720,6270,13100,15400.0
02029000,12-17,1130.0,1300,2290,3690,7110,12700,20100.0
02029000,12-18,1040.0,1390,2250,3730,6530,11900,20300.0
02029000,12-19,1090.0,1380,2250,4230,5730,12700,15900.0
02029000,12-20,985.0,1250,2340,3670,6240,10400,12200.0
02029000,12-21,1240.0,1370,2120,3750,5070,9410,12300.0
02029000,12-22,1210.0,1370,1940,3620,5420,8820,15200.0
02029000,12-23,1130.0,1370,1840,3480,5980,9860,18400.0
02029000,12-24,1110.0,1330,1910,3290,6270,13900,21100.0
02029000,12-25,1240.0,1350,2250,3580,10200,17400,23900.0
02029000,12-26,1260.0,1370,2240,3760,9680,18100,21800.0
02029000,12-27,1220.0,1290,2460,3840,8760,14300,19300.0
02029000,12-28,1200.0,1340,2480,3660,8320,12300,17100.0
02029000,12-29,1170.0,1280,2470,3870,7390,13100,17100.0
02029000,12-30,1080.0,1330,2690,3790,7360,12700,18500.0
02029000,12-31,1110.0,1340,2560,4020,6570,11400,20900.0
02011400,01-01,28.0,33,52,132,219,496,992.0
02011400,01-02,28.0,38,56,131,202,627,820.0
02011400,01-03,32.0,39,69,121,230,456,602.0
02011400,01-04,29.0,36,72,115,276,427,556.0
02011400,01-05,30.0,37,70,117,251,396,592.0
02011400,01-06,30.0,39,67,109,219,348,425.0
02011400,01-07,32.0,39,80,105,236,334,485.0
02011400,01-08,32.0,38,75,118,207,413,1100.0
02011400,01-09,31.0,35,76,126,221,459,849.0
02011400,01-10,31.0,43,77,119,199,360,632.0
02011400,01-11,39.0,49,79,132,197,382,454.0
02011400,01-12,42.0,53,84,140,231,319,498.0
02011400,01-13,38.0,55,83,138,213,312,578.0
02011400,01-14,33.0,48,85,148,240,381,550.0
02011400,01-15,38.0,47,81,142,222,460,546.0
02011400,01-16,37.0,49,82,134,210,404,830.0
02011400,01-17,34.0,40,80,126,187,349,655.0
02011400,01-18,32.0,44,82,120,180,507,675.0
02011400,01-19,34.0,50,84,129,232,563,776.0
02011400,01-20,38.0,52,85,120,251,582,1230.0
02011400,01-21,35.0,54,75,122,273,534,779.0
02011400,01-22,32.0,51,74,122,232,409,541.0
02011400,01-23,30.0,47,79,106,273,408,495.0
02011400,01-24,33.0,51,79,121,249,585,911.0
02011400,01-25,32.0,54,78,135,285,620,1120.0
02011400,01-26,32.0,51,79,142,310,652,1180.0
02011400,01-27,32.0,51,73,144,273,519,1030.0
02011400,01-28,29.0,46,70,133,275,644,1170.0
02011400,01-29,29.0,43,71,122,241,448,764.0
02011400,01-30,28.0,44,67,117,239,424,515.0
02011400,01-31,30.0,43,76,122,238,391,563.0
02011400,02-01,32.0,42,77,157,240,327,844.0
02011400,02-02,41.0,57,85,151,254,443,490.0
02011400,02-03,40.0,55,87,152,245,391,1110.0
02011400,02-04,39.0,53,93,145,240,747,1060.0
02011400,02-05,38.0,50,96,134,238,608,725.0
02011400,02-06,38.0,49,92,131,269,545,581.0
02011400,02-07,37.0,47,91,139,273,434,1070.0
02011400,02-08,36.0,45,85,139,271,380,598.0
02011400,02-09,38.0,42,83,128,258,479,708.0
02011400,02-10,41.0,46,79,124,216,443,637.0
02011400,02-11,47.0,54,77,129,202,626,796.0
02011400,02-12,52.0,63,87,129,210,609,919.0
02011400,02-13,49.0,67,89,122,236,585,733.0
02011400,02-14,49.0,67,91,130,250,507,631.0
02011400,02-15,58.0,76,88,137,261,441,593.0
02011400,02-16,59.0,72,95,136,318,434,797.0
02011400,02-17,57.0,74,103,148,285,627,1260.0
02011400,02-18,57.0,78,97,165,282,536,1100.0
02011400,02-19,64.0,80,94,155,333,518,870.0
02011400,02-20,60.0,78,95,168,325,476,834.0
02011400,02-21,59.0,76,104,181,335,568,766.0
02011400,02-22,60.0,70,112,217,334,564,1050.0
02011400,02-23,61.0,68,112,214,326,593,1380.0
02011400,02-24,57.0,69,122,216,322,977,1510.0
02011400,02-25,63.0,69,120,203,312,910,1080.0
02011400,02-26,61.0,73,138,170,321,671,1130.0
02011400,02-27,59.0,78,130,170,290,516,746.0
02011400,02-28,61.0,80,123,169,276,460,580.0
02011400,02-29,,85,134,197,344,470,
02011400,03-01,68.0,78,109,170,292,478,1550.0
02011400,03-02,66.0,76,110,171,288,654,1580.0
02011400,03-03,72.0,81,105,170,284,863,1250.0
02011400,03-04,68.0,75,113,169,293,805,1780.0
02011400,03-05,65.0,78,123,169,429,968,1560.0
02011400,03-06,65.0,72,119,197,431,742,1020.0
02011400,03-07,64.0,72,127,192,393,625,894.0
02011400,03-08,64.0,70,118,202,412,582,704.0
02011400,03-09,62.0,69,112,226,369,548,781.0
02011400,03-10,59.0,66,122,215,378,613,1190.0
02011400,03-11,57.0,64,125,217,341,686,1440.0
02011400,03-12,56.0,62,122,227,344,752,1030.0
02011400,03-13,58.0,66,134,227,340,610,1170.0
02011400,03-14,64.0,82,139,205,328,888,1090.0
02011400,03-15,66.0,80,147,204,304,566,1320.0
02011400,03-16,63.0,89,142,204,309,506,1130.0
02011400,03-17,66.0,110,142,213,298,605,841.0
02011400,03-18,82.0,117,153,212,302,578,645.0
02011400,03-19,86.0,111,159,231,405,644,965.0
02011400,03-20,82.0,104,151,254,407,667,1510.0
02011400,03-21,79.0,99,163,271,467,944,2010.0
02011400,03-22,73.0,89,160,259,434,712,1200.0
02011400,03-23,67.0,98,155,239,408,722,966.0
02011400,03-24,64.0,99,146,236,403,580,1390.0
02011400,03-25,63.0,107,143,224,369,701,1040.0
02011400,03-26,75.0,104,132,210,320,561,914.0
02011400,03-27,77.0,106,132,202,319,477,1060.0
02011400,03-28,83.0,103,133,193,352,531,1240.0
02011400,03-29,86.0,101,128,194,377,1090,1390.0
02011400,03-30,85.0,94,127,197,492,759,866.0
02011400,03-31,87.0,97,127,198,443,582,694.0
02011400,04-01,87.0,103,131,208,412,508,671.0
02011400,04-02,77.0,103,124,196,368,458,576.0
02011400,04-03,74.0,98,129,205,328,487,713.0
02011400,04-04,75.0,94,145,241,338,566,804.0
02011400,04-05,75.0,91,141,217,327,476,723.0
02011400,04-06,76.0,87,129,208,316,449,598.0
02011400,04-07,77.0,105,122,202,312,463,675.0
02011400,04-08,72.0,106,131,194,295,433,668.0
02011400,04-09,70.0,102,120,190,285,572,735.0
02011400,04-10,69.0,98,126,178,285,484,936.0
02011400,04-11,65.0,94,118,165,266,495,982.0
02011400,04-12,63.0,90,118,170,291,597,1080.0
02011400,04-13,65.0,86,113,186,287,675,1380.0
02011400,04-14,61.0,81,108,173,295,781,1210.0
02011400,04-15,60.0,77,111,199,374,887,1660.0
02011400,04-16,58.0,73,104,174,353,1520,3340.0
02011400,04-17,62.0,69,108,165,308,841,1920.0
02011400,04-18,65.0,80,101,164,312,590,963.0
02011400,04-19,68.0,80,99,151,306,619,945.0
02011400,04-20,65.0,76,101,166,289,555,1420.0
02011400,04-21,61.0,78,102,161,298,512,883.0
02011400,04-22,63.0,78,97,171,299,551,1040.0
02011400,04-23,64.0,74,97,158,263,496,875.0
02011400,04-24,62.0,74,96,162,324,588,638.0
02011400,04-25,62.0,74,97,164,310,475,888.0
02011400,04-26,61.0,79,104,189,334,548,815.0
02011400,04-27,59.0,77,99,184,303,554,712.0
02011400,04-28,69.0,75,98,209,339,493,901.0
02011400,04-29,65.0,75,111,186,325,507,967.0
02011400,04-30,60.0,73,119,182,306,644,783.0
02011400,05-01,60.0,69,108,178,327,564,632.0
02011400,05-02,57.0,69,106,177,296,482,733.0
02011400,05-03,56.0,62,106,176,304,473,712.0
02011400,05-04,52.0,59,111,191,325,574,774.0
02011400,05-05,49.0,63,115,189,296,532,880.0
02011400,05-06,48.0,64,116,200,302,774,874.0
02011400,05-07,49.0,57,108,194,395,725,1030.0
02011400,05-08,48.0,56,115,172,356,762,1290.0
02011400,05-09,46.0,54,114,173,310,610,889.0
02011400,05-10,42.0,53,102,169,281,575,731.0
02011400,05-11,43.0,60,93,165,289,525,798.0
02011400,05-12,46.0,63,96,160,285,501,609.0
02011400,05-13,42.0,59,101,166,314,506,686.0
02011400,05-14,46.0,59,99,188,257,423,688.0
02011400,05-15,47.0,63,101,169,292,412,491.0
02011400,05-16,53.0,61,110,182,325,539,850.0
02011400,05-17,53.0,59,103,185,306,831,987.0
02011400,05-18,55.0,60,102,168,305,692,973.0
02011400,05-19,56.0,72,117,171,336,696,895.0
02011400,05-20,58.0,72,124,166,292,576,916.0
02011400,05-21,53.0,65,113,166,305,588,746.0
02011400,05-22,56.0,77,108,175,305,588,838.0
02011400,05-23,55.0,72,112,158,250,502,669.0
02011400,05-24,57.0,68,109,159,238,453,566.0
02011400,05-25,58.0,66,102,146,215,449,596.0
02011400,05-26,53.0,68,99,145,249,417,676.0
02011400,05-27,50.0,65,98,137,249,411,545.0
02011400,05-28,47.0,64,97,139,245,492,719.0
02011400,05-29,44.0,59,91,136,263,438,747.0
02011400,05-30,44.0,57,89,143,242,367,488.0
02011400,05-31,41.0,54,86,128,212,292,411.0
02011400,06-01,42.0,50,82,117,192,264,378.0
02011400,06-02,44.0,52,83,119,191,279,369.0
02011400,06-03,42.0,57,77,120,170,322,380.0
02011400,06-04,42.0,51,71,111,174,287,614.0
02011400,06-05,41.0,47,66,112,202,349,780.0
02011400,06-06,41.0,45,68,106,184,326,499.0
02011400,06-07,39.0,44,72,102,169,284,470.0
02011400,06-08,37.0,41,69,95,146,223,402.0
02011400,06-09,39.0,42,65,92,141,292,344.0
02011400,06-10,37.0,41,62,84,138,308,498.0
02011400,06-11,36.0,38,59,82,141,301,434.0
02011400,06-12,36.0,39,57,78,148,315,510.0
02011400,06-13,35.0,38,56,80,151,268,501.0
02011400,06-14,33.0,37,54,77,148,269,690.0
02011400,06-15,32.0,36,52,74,140,235,535.0
02011400,06-16,30.0,36,50,70,143,296,448.0
02011400,06-17,31.0,36,53,73,144,285,878.0
02011400,06-18,30.0,35,54,69,126,304,833.0
02011400,06-19,29.0,33,52,68,121,327,605.0
02011400,06-20,28.0,34,50,76,126,359,497.0
02011400,06-21,26.0,34,53,74,114,283,450.0
02011400,06-22,26.0,33,53,73,118,221,379.0
02011400,06-23,26.0,32,51,71,114,317,663.0
02011400,06-24,26.0,31,52,64,116,278,648.0
02011400,06-25,26.0,36,50,62,109,244,473.0
02011400,06-26,27.0,35,47,60,98,221,348.0
02011400,06-27,31.0,37,45,62,104,215,663.0
02011400,06-28,28.0,34,44,68,99,190,547.0
02011400,06-29,25.0,33,44,62,103,166,386.0
02011400,06-30,26.0,31,42,57,89,165,300.0
02011400,07-01,26.0,32,43,61,89,129,259.0
02011400,07-02,24.0,31,43,64,91,182,260.0
02011400,07-03,23.0,30,42,61,88,168,218.0
02011400,07-04,24.0,29,41,61,92,142,174.0
02011400,07-05,24.0,30,42,57,82,139,153.0
02011400,07-06,23.0,29,41,58,75,122,181.0
02011400,07-07,22.0,28,40,55,73,122,191.0
02011400,07-08,22.0,27,39,52,70,111,212.0
02011400,07-09,22.0,27,40,51,82,124,166.0
02011400,07-10,24.0,28,40,53,80,113,185.0
02011400,07-11,23.0,33,40,54,81,117,159.0
02011400,07-12,22.0,31,38,53,81,123,191.0
02011400,07-13,22.0,30,39,51,71,119,261.0
02011400,07-14,23.0,30,38,50,70,213,368.0
02011400,07-15,24.0,29,38,47,68,203,395.0
02011400,07-16,23.0,28,37,44,72,158,204.0
02011400,07-17,21.0,27,35,42,67,138,204.0
02011400,07-18,25.0,28,33,42,74,128,177.0
02011400,07-19,25.0,30,34,41,63,113,148.0
02011400,07-20,25.0,28,34,41,71,121,143.0
02011400,07-21,24.0,28,33,39,69,108,155.0
02011400,07-22,24.0,26,33,39,75,138,253.0
02011400,07-23,26.0,28,33,42,78,134,153.0
02011400,07-24,25.0,28,35,45,73,99,110.0
02011400,07-25,24.0,26,35,47,67,81,92.0
02011400,07-26,24.0,28,36,46,68,90,97.0
02011400,07-27,24.0,26,35,46,71,86,123.0
02011400,07-28,23.0,26,35,43,65,91,109.0
02011400,07-29,25.0,28,33,43,65,101,151.0
02011400,07-30,24.0,25,33,41,63,97,180.0
02011400,07-31,22.0,24,32,45,64,91,127.0
02011400,08-01,21.0,22,32,47,70,86,127.0
02011400,08-02,20.0,22,31,44,66,103,114.0
02011400,08-03,20.0,24,30,40,60,107,136.0
02011400,08-04,20.0,24,29,44,63,95,124.0
02011400,08-05,19.0,22,30,42,55,86,94.0
02011400,08-06,21.0,23,31,41,61,79,88.0
02011400,08-07,20.0,25,31,45,60,72,133.0
02011400,08-08,22.0,24,30,40,55,91,114.0
02011400,08-09,20.0,24,30,40,63,101,163.0
02011400,08-10,20.0,23,30,38,52,79,105.0
02011400,08-11,18.0,22,30,38,50,78,96.0
02011400,08-12,18.0,22,30,38,53,85,208.0
02011400,08-13,18.0,21,29,36,50,90,298.0
02011400,08-14,20.0,23,29,35,47,114,211.0
02011400,08-15,20.0,22,28,37,46,82,356.0
02011400,08-16,19.0,22,28,35,43,68,246.0
02011400,08-17,19.0,21,28,35,45,86,282.0
02011400,08-18,18.0,20,28,36,55,139,240.0
02011400,08-19,17.0,19,28,35,53,133,204.0
02011400,08-20,19.0,20,29,34,52,100,166.0
02011400,08-21,19.0,21,29,35,51,112,133.0
02011400,08-22,18.0,20,27,34,47,103,205.0
02011400,08-23,17.0,19,26,34,43,88,165.0
02011400,08-24,17.0,20,27,34,45,90,123.0
02011400,08-25,18.0,23,26,34,40,81,103.0
02011400,08-26,19.0,22,26,31,40,82,95.0
02011400,08-27,18.0,22,26,32,38,71,89.0
02011400,08-28,17.0,22,26,32,42,68,86.0
02011400,08-29,20.0,22,26,31,52,68,131.0
02011400,08-30,20.0,22,25,31,48,76,126.0
02011400,08-31,20.0,21,25,31,49,69,123.0
02011400,09-01,19.0,20,25,30,49,89,148.0
02011400,09-02,17.0,20,25,31,51,87,218.0
02011400,09-03,17.0,19,24,32,48,83,232.0
02011400,09-04,17.0,19,24,31,46,72,211.0
02011400,09-05,18.0,20,26,32,47,74,305.0
02011400,09-06,18.0,20,27,31,53,178,695.0
02011400,09-07,17.0,20,26,30,58,137,494.0
02011400,09-08,17.0,20,25,31,54,197,489.0
02011400,09-09,18.0,20,26,30,49,132,301.0
02011400,09-10,18.0,20,25,30,48,126,225.0
02011400,09-11,17.0,19,25,30,48,130,175.0
02011400,09-12,16.0,20,24,29,41,129,151.0
02011400,09-13,16.0,18,24,29,41,106,131.0
02011400,09-14,16.0,18,23,29,39,87,142.0
02011400,09-15,16.0,18,23,28,40,79,125.0
02011400,09-16,17.0,18,23,29,36,73,217.0
02011400,09-17,17.0,18,23,28,37,122,541.0
02011400,09-18,17.0,19,24,28,41,263,589.0
02011400,09-19,17.0,18,24,28,41,240,494.0
02011400,09-20,16.0,18,22,28,37,175,306.0
02011400,09-21,17.0,19,24,29,38,165,259.0
02011400,09-22,17.0,19,24,29,47,212,535.0
02011400,09-23,17.0,19,24,29,42,401,948.0
02011400,09-24,18.0,19,24,30,37,300,495.0
02011400,09-25,18.0,20,24,29,53,234,370.0
02011400,09-26,19.0,21,24,30,69,244,342.0
02011400,09-27,20.0,21,24,32,82,228,264.0
02011400,09-28,19.0,21,25,32,59,211,755.0
02011400,09-29,19.0,21,25,30,83,170,517.0
02011400,09-30,19.0,21,25,30,96,233,580.0
02011400,10-01,19.0,21,24,32,104,214,384.0
02011400,10-02,20.0,21,25,30,78,219,366.0
02011400,10-03,19.0,21,23,29,68,185,360.0
02011400,10-04,19.0,21,23,29,65,158,278.0
02011400,10-05,19.0,21,23,29,60,124,231.0
02011400,10-06,19.0,20,23,29,59,117,196.0
02011400,10-07,18.0,20,23,29,56,103,208.0
02011400,10-08,18.0,20,22,31,58,155,217.0
02011400,10-09,18.0,20,23,30,57,123,289.0
02011400,10-10,19.0,20,23,31,56,130,445.0
02011400,10-11,18.0,19,23,31,62,144,380.0
02011400,10-12,18.0,19,23,32,55,122,369.0
02011400,10-13,18.0,19,24,32,55,116,265.0
02011400,10-14,18.0,20,25,32,57,126,211.0
02011400,10-15,18.0,20,25,30,54,115,218.0
02011400,10-16,18.0,21,26,30,58,126,187.0
02011400,10-17,18.0,21,24,31,69,170,245.0
02011400,10-18,19.0,20,24,30,63,158,351.0
02011400,10-19,18.0,21,23,30,60,174,380.0
02011400,10-20,19.0,20,23,30,55,149,277.0
02011400,10-21,20.0,20,23,32,57,137,323.0
02011400,10-22,19.0,20,23,32,63,140,240.0
02011400,10-23,18.0,21,22,31,65,187,291.0
02011400,10-24,18.0,20,23,32,63,209,322.0
02011400,10-25,20.0,21,25,38,74,157,236.0
02011400,10-26,19.0,21,26,39,77,137,192.0
02011400,10-27,18.0,20,25,38,77,155,247.0
02011400,10-28,19.0,20,26,42,76,151,362.0
02011400,10-29,18.0,20,25,39,104,219,285.0
02011400,10-30,18.0,19,25,36,107,190,286.0
02011400,10-31,17.0,19,26,37,100,152,222.0
02011400,11-01,17.0,20,27,40,94,150,241.0
02011400,11-02,18.0,20,27,40,87,153,219.0
02011400,11-03,18.0,20,27,41,88,140,220.0
02011400,11-04,18.0,20,27,41,86,146,318.0
02011400,11-05,18.0,21,27,48,84,150,342.0
02011400,11-06,18.0,21,27,49,83,213,350.0
02011400,11-07,18.0,21,27,47,78,228,310.0
02011400,11-08,18.0,22,27,44,91,235,481.0
02011400,11-09,18.0,22,27,41,89,218,323.0
02011400,11-10,18.0,21,27,45,116,181,303.0
02011400,11-11,17.0,21,27,51,114,228,318.0
02011400,11-12,18.0,21,27,44,136,467,555.0
02011400,11-13,18.0,22,27,51,169,340,574.0
02011400,11-14,19.0,22,28,48,132,289,407.0
02011400,11-15,19.0,22,27,54,133,234,341.0
02011400,11-16,20.0,23,26,48,129,238,947.0
02011400,11-17,20.0,23,31,47,121,258,648.0
02011400,11-18,20.0,22,33,54,107,217,487.0
02011400,11-19,19.0,21,32,48,114,330,457.0
02011400,11-20,19.0,22,32,48,122,286,378.0
02011400,11-21,21.0,22,31,49,115,228,305.0
02011400,11-22,20.0,22,33,58,124,227,329.0
02011400,11-23,20.0,23,32,56,121,256,395.0
02011400,11-24,21.0,23,33,55,130,241,349.0
02011400,11-25,21.0,24,32,53,140,236,440.0
02011400,11-26,23.0,24,33,54,140,272,525.0
02011400,11-27,23.0,24,35,55,150,326,462.0
02011400,11-28,21.0,23,39,67,138,399,476.0
02011400,11-29,21.0,22,38,79,225,512,881.0
02011400,11-30,21.0,23,37,80,211,429,620.0
02011400,12-01,21.0,24,44,83,233,514,1020.0
02011400,12-02,21.0,24,42,94,215,539,647.0
02011400,12-03,20.0,26,45,90,195,470,795.0
02011400,12-04,22.0,29,46,88,185,379,513.0
02011400,12-05,22.0,27,44,94,179,305,450.0
02011400,12-06,22.0,31,43,85,164,262,376.0
02011400,12-07,21.0,28,41,85,207,360,716.0
02011400,12-08,22.0,30,39,89,183,319,430.0
02011400,12-09,22.0,26,40,87,165,406,609.0
02011400,12-10,23.0,28,41,93,158,333,756.0
02011400,12-11,29.0,33,57,108,155,310,671.0
02011400,12-12,28.0,33,57,97,169,336,600.0
02011400,12-13,29.0,32,55,95,165,365,516.0
02011400,12-14,30.0,32,51,93,173,422,518.0
02011400,12-15,29.0,32,59,92,186,392,464.0
02011400,12-16,26.0,31,66,106,223,343,612.0
02011400,12-17,25.0,30,66,131,229,309,738.0
02011400,12-18,28.0,32,62,119,206,301,484.0
02011400,12-19,29.0,32,59,113,176,271,402.0
02011400,12-20,30.0,31,57,120,157,264,474.0
02011400,12-21,28.0,33,54,108,147,236,526.0
02011400,12-22,27.0,32,58,113,172,364,576.0
02011400,12-23,28.0,32,54,96,201,445,664.0
02011400,12-24,29.0,34,57,103,295,561,742.0
02011400,12-25,28.0,32,60,134,247,507,923.0
02011400,12-26,28.0,35,61,136,273,406,652.0
02011400,12-27,28.0,34,66,123,235,338,507.0
02011400,12-28,26.0,32,63,121,212,344,437.0
02011400,12-29,26.0,33,61,119,233,391,582.0
02011400,12-30,26.0,32,59,117,210,331,699.0
02011400,12-31,28.0,36,62,128,203,469,786.0
