SiteCode,MonthDay,p05,p10,p25,p50,p75,p90,p95
02034000,01-01,143.0,180,354,550,1060,1880,2800.0
02034000,01-02,142.0,184,358,592,1210,1940,2550.0
02034000,01-03,146.0,219,394,597,1150,1970,2710.0
02034000,01-04,136.0,200,370,624,1060,1720,2610.0
02034000,01-05,126.0,194,346,599,953,1580,1900.0
02034000,01-06,141.0,185,338,554,892,1480,2200.0
02034000,01-07,146.0,208,342,574,912,1290,1740.0
02034000,01-08,138.0,204,347,561,1020,1600,1950.0
02034000,01-09,146.0,181,330,550,1060,1570,2760.0
02034000,01-10,143.0,186,325,550,943,1710,3240.0
02034000,01-11,150.0,195,332,552,985,1690,2390.0
02034000,01-12,155.0,210,323,547,958,1770,2540.0
02034000,01-13,146.0,188,352,591,921,1800,2180.0
02034000,01-14,160.0,192,362,584,1040,1710,2130.0
02034000,01-15,159.0,198,399,602,966,1470,2950.0
02034000,01-16,156.0,223,366,610,985,1710,2170.0
02034000,01-17,161.0,220,340,593,920,1290,1970.0
02034000,01-18,158.0,194,363,590,878,1400,2040.0
02034000,01-19,172.0,244,353,614,865,1300,2310.0
02034000,01-20,175.0,236,357,587,893,1490,3430.0
02034000,01-21,174.0,230,335,558,920,2290,2890.0
02034000,01-22,160.0,220,370,606,974,2000,3140.0
02034000,01-23,158.0,223,400,612,1010,1830,2730.0
02034000,01-24,154.0,231,403,659,1060,2390,3270.0
02034000,01-25,149.0,219,403,641,1240,2870,3700.0
02034000,01-26,145.0,203,380,624,1140,2090,3260.0
02034000,01-27,142.0,212,367,620,1100,1740,2680.0
02034000,01-28,158.0,211,385,640,1160,2200,3270.0
02034000,01-29,160.0,205,371,600,951,2130,3250.0
02034000,01-30,168.0,215,340,581,874,1750,2230.0
02034000,01-31,170.0,199,359,593,942,1460,1800.0
02034000,02-01,164.0,236,369,620,992,1480,1910.0
02034000,02-02,167.0,226,386,625,941,1690,2390.0
02034000,02-03,164.0,282,394,658,1070,2190,3110.0
02034000,02-04,185.0,267,376,661,1020,2510,4690.0
02034000,02-05,181.0,264,421,642,1120,2070,2720.0
02034000,02-06,179.0,256,400,698,1080,1970,2280.0
02034000,02-07,170.0,240,415,710,1110,2160,3350.0
02034000,02-08,173.0,268,404,715,1130,1800,2790.0
02034000,02-09,188.0,260,403,680,1000,1600,2010.0
02034000,02-10,192.0,247,404,651,935,1500,1900.0
02034000,02-11,207.0,264,400,601,1020,1540,1960.0
02034000,02-12,198.0,268,403,650,1090,1560,2270.0
02034000,02-13,224.0,279,442,700,1090,1870,2650.0
02034000,02-14,237.0,279,433,713,1150,1710,6470.0
02034000,02-15,220.0,313,452,722,1080,1860,3000.0
02034000,02-16,227.0,284,447,747,1040,2040,3810.0
02034000,02-17,225.0,308,448,723,1220,1710,3060.0
02034000,02-18,256.0,323,459,684,1190,2130,2820.0
02034000,02-19,252.0,309,468,681,1110,1930,3680.0
02034000,02-20,239.0,298,478,700,1100,2410,2960.0
02034000,02-21,204.0,285,452,705,1220,1960,2270.0
02034000,02-22,237.0,291,475,724,1180,1810,3360.0
02034000,02-23,227.0,282,463,769,1210,2230,3600.0
02034000,02-24,254.0,290,510,700,1130,2490,4310.0
02034000,02-25,249.0,286,527,670,1150,2160,3440.0
02034000,02-26,257.0,300,491,656,1290,2200,3300.0
02034000,02-27,241.0,306,467,661,1400,2040,2910.0
02034000,02-28,217.0,283,477,667,1160,1770,2750.0
02034000,02-29,220.0,269,516,648,1110,1820,2060.0
02034000,03-01,217.0,330,462,673,1050,2310,3690.0
02034000,03-02,223.0,313,440,698,1030,1960,3010.0
02034000,03-03,279.0,326,464,671,1110,2080,2210.0
02034000,03-04,256.0,305,495,682,1220,1760,3400.0
02034000,03-05,265.0,315,494,694,1170,2040,3240.0
02034000,03-06,260.0,352,509,772,1340,2230,3880.0
02034000,03-07,275.0,350,526,795,1330,2420,4190.0
02034000,03-08,266.0,349,514,786,1330,2010,2750.0
02034000,03-09,266.0,345,508,854,1280,1840,2710.0
02034000,03-10,248.0,337,506,809,1160,1800,2610.0
02034000,03-11,254.0,347,482,782,1090,1590,2990.0
02034000,03-12,243.0,374,504,756,1100,2360,3650.0
02034000,03-13,226.0,375,551,730,1090,2700,6340.0
02034000,03-14,256.0,379,540,747,1350,2720,3900.0
02034000,03-15,325.0,375,535,783,1240,2670,4000.0
02034000,03-16,296.0,357,526,779,1180,2120,2850.0
02034000,03-17,272.0,347,548,791,1150,2390,2990.0
02034000,03-18,285.0,343,525,802,1170,1810,3010.0
02034000,03-19,295.0,361,523,761,1170,2220,3430.0
02034000,03-20,303.0,356,538,800,1280,2930,3890.0
02034000,03-21,321.0,407,525,780,1320,2460,4460.0
02034000,03-22,324.0,388,506,794,1440,2880,3750.0
02034000,03-23,320.0,369,532,785,1300,2540,2910.0
02034000,03-24,287.0,352,568,859,1230,2220,3030.0
02034000,03-25,301.0,334,553,805,1220,2200,3430.0
02034000,03-26,273.0,326,539,740,1230,2060,2670.0
02034000,03-27,257.0,380,518,754,1280,1780,2940.0
02034000,03-28,307.0,382,513,720,1120,2340,3760.0
02034000,03-29,279.0,376,503,752,1110,2290,3730.0
02034000,03-30,276.0,370,469,734,1240,2390,3760.0
02034000,03-31,301.0,392,478,710,1280,2040,2870.0
02034000,04-01,285.0,383,476,668,1290,2370,2990.0
02034000,04-02,297.0,402,496,668,1300,2370,2980.0
02034000,04-03,280.0,370,456,671,1290,2080,3130.0
02034000,04-04,302.0,356,455,738,1210,1990,2260.0
02034000,04-05,284.0,362,458,746,1200,1970,3160.0
02034000,04-06,272.0,351,458,712,1120,1990,4470.0
02034000,04-07,273.0,349,489,706,1280,2110,2710.0
02034000,04-08,302.0,342,476,743,1210,1880,2740.0
02034000,04-09,296.0,342,480,680,1200,1860,3260.0
02034000,04-10,284.0,337,481,629,1100,2570,3160.0
02034000,04-11,289.0,318,455,618,988,2200,2700.0
02034000,04-12,265.0,317,440,676,1010,1810,2410.0
02034000,04-13,270.0,322,425,685,1170,2220,3720.0
02034000,04-14,277.0,312,440,659,1260,1930,2990.0
02034000,04-15,290.0,316,402,679,1390,2210,3240.0
02034000,04-16,286.0,336,444,728,1350,2340,4260.0
02034000,04-17,270.0,323,430,674,1200,2350,2740.0
02034000,04-18,262.0,332,428,692,1060,1620,2070.0
02034000,04-19,254.0,305,452,626,966,1410,1720.0
02034000,04-20,253.0,303,428,665,965,1450,3350.0
02034000,04-21,269.0,294,428,630,885,1270,2280.0
02034000,04-22,276.0,327,416,642,941,1580,1950.0
02034000,04-23,281.0,315,428,614,936,1460,1790.0
02034000,04-24,275.0,327,452,619,865,1340,1860.0
02034000,04-25,290.0,322,444,627,890,1400,3020.0
02034000,04-26,276.0,346,458,637,930,1950,2510.0
02034000,04-27,282.0,334,452,624,1030,1590,3180.0
02034000,04-28,276.0,331,452,648,985,1870,2370.0
02034000,04-29,266.0,298,432,604,940,1540,2770.0
02034000,04-30,264.0,305,431,606,860,1400,2220.0
02034000,05-01,258.0,278,422,595,930,1430,1760.0
02034000,05-02,249.0,273,422,592,913,1340,2460.0
02034000,05-03,237.0,294,407,580,899,1550,2350.0
02034000,05-04,244.0,302,398,568,900,1730,1990.0
02034000,05-05,228.0,295,391,585,1020,1680,2450.0
02034000,05-06,241.0,281,376,594,970,1570,2600.0
02034000,05-07,225.0,267,364,600,938,2100,2770.0
02034000,05-08,211.0,275,362,574,859,1810,2760.0
02034000,05-09,224.0,273,349,569,865,1660,3070.0
02034000,05-10,213.0,256,362,531,900,1670,2180.0
02034000,05-11,212.0,251,323,511,800,1520,2070.0
02034000,05-12,220.0,244,320,489,822,1260,1920.0
02034000,05-13,218.0,239,315,497,900,1520,2530.0
02034000,05-14,216.0,246,334,525,919,1650,2610.0
02034000,05-15,206.0,245,362,562,935,1360,2030.0
02034000,05-16,197.0,257,354,560,963,1560,2480.0
02034000,05-17,191.0,262,338,560,885,1890,2630.0
02034000,05-18,191.0,249,325,580,983,1540,2780.0
02034000,05-19,233.0,258,380,654,889,2050,2790.0
02034000,05-20,233.0,259,380,625,861,1660,2620.0
02034000,05-21,220.0,265,392,576,880,1730,2330.0
02034000,05-22,194.0,261,356,532,806,1390,1840.0
02034000,05-23,193.0,262,358,529,786,1280,1940.0
02034000,05-24,191.0,239,343,537,760,1070,1310.0
02034000,05-25,184.0,229,327,502,729,977,1600.0
02034000,05-26,199.0,225,333,474,681,1050,1730.0
02034000,05-27,184.0,226,336,471,721,985,1850.0
02034000,05-28,178.0,214,318,476,730,1600,2370.0
02034000,05-29,161.0,238,324,437,780,1530,2470.0
02034000,05-30,181.0,232,320,442,707,1330,2000.0
02034000,05-31,186.0,218,298,442,790,1360,1880.0
02034000,06-01,176.0,206,278,403,717,1360,1960.0
02034000,06-02,161.0,202,262,485,698,1200,2080.0
02034000,06-03,189.0,210,301,464,702,1190,2390.0
02034000,06-04,162.0,198,297,452,674,1350,2730.0
02034000,06-05,154.0,193,279,449,745,1540,3230.0
02034000,06-06,155.0,180,281,445,651,1280,2000.0
02034000,06-07,140.0,174,273,428,609,1250,1990.0
02034000,06-08,129.0,181,265,414,624,1160,2700.0
02034000,06-09,120.0,171,250,383,565,994,1600.0
02034000,06-10,116.0,164,229,384,536,1090,1970.0
02034000,06-11,113.0,159,222,376,545,1350,1660.0
02034000,06-12,106.0,139,236,353,580,1240,1900.0
02034000,06-13,103.0,139,227,344,542,1180,1810.0
02034000,06-14,95.0,142,222,354,624,1310,1770.0
02034000,06-15,94.0,166,204,353,569,1020,1710.0
02034000,06-16,86.0,157,209,320,532,911,1600.0
02034000,06-17,115.0,141,201,336,565,1140,1480.0
02034000,06-18,96.0,133,216,326,568,1130,1810.0
02034000,06-19,102.0,133,206,357,600,1040,1820.0
02034000,06-20,107.0,140,198,333,565,822,1170.0
02034000,06-21,101.0,114,176,304,565,1000,1550.0
02034000,06-22,90.0,118,178,314,566,919,2050.0
02034000,06-23,81.0,117,177,335,581,915,1910.0
02034000,06-24,82.0,130,192,302,501,867,1320.0
02034000,06-25,75.0,122,177,283,452,715,901.0
02034000,06-26,66.0,108,164,265,447,564,857.0
02034000,06-27,65.0,101,157,270,452,951,1330.0
02034000,06-28,60.0,95,146,271,438,922,1600.0
02034000,06-29,81.0,96,140,261,413,893,1630.0
02034000,06-30,74.0,87,125,257,438,721,891.0
02034000,07-01,62.0,85,138,250,422,603,773.0
02034000,07-02,62.0,84,135,261,405,662,1110.0
02034000,07-03,50.0,83,140,296,439,605,1470.0
02034000,07-04,56.0,80,154,276,398,866,1480.0
02034000,07-05,73.0,79,127,240,428,930,1340.0
02034000,07-06,68.0,82,157,259,452,886,1480.0
02034000,07-07,63.0,74,126,259,416,896,1110.0
02034000,07-08,61.0,72,127,239,379,626,1030.0
02034000,07-09,60.0,73,134,244,414,853,1050.0
02034000,07-10,63.0,72,141,272,428,645,790.0
02034000,07-11,62.0,71,136,281,405,680,870.0
02034000,07-12,58.0,73,133,236,368,831,1490.0
02034000,07-13,56.0,68,132,235,452,1060,1840.0
02034000,07-14,56.0,67,141,226,419,778,1240.0
02034000,07-15,52.0,78,147,244,425,690,1110.0
02034000,07-16,49.0,81,133,227,383,825,2540.0
02034000,07-17,50.0,75,119,195,360,703,1420.0
02034000,07-18,55.0,67,115,185,397,683,1170.0
02034000,07-19,53.0,66,110,197,330,622,922.0
02034000,07-20,45.0,64,108,204,335,561,1120.0
02034000,07-21,39.0,63,106,226,380,636,1380.0
02034000,07-22,56.0,67,121,200,405,825,1270.0
02034000,07-23,59.0,70,108,221,356,696,1110.0
02034000,07-24,60.0,75,128,255,460,832,1400.0
02034000,07-25,55.0,76,132,232,428,892,1820.0
02034000,07-26,51.0,71,123,215,387,793,1020.0
02034000,07-27,48.0,66,116,213,350,635,1020.0
02034000,07-28,42.0,61,110,201,376,699,941.0
02034000,07-29,48.0,60,118,210,428,794,1470.0
02034000,07-30,52.0,60,118,224,384,861,1920.0
02034000,07-31,50.0,61,116,215,409,788,1290.0
02034000,08-01,52.0,59,111,203,442,698,964.0
02034000,08-02,51.0,65,108,207,403,788,1270.0
02034000,08-03,44.0,54,100,214,384,621,1010.0
02034000,08-04,42.0,57,102,203,328,667,1870.0
02034000,08-05,39.0,52,96,200,334,1120,2220.0
02034000,08-06,37.0,51,96,218,360,839,1160.0
02034000,08-07,34.0,48,94,225,390,741,1020.0
02034000,08-08,36.0,48,104,211,352,797,962.0
02034000,08-09,34.0,58,128,194,395,753,1180.0
02034000,08-10,30.0,54,108,199,396,845,2470.0
02034000,08-11,28.0,53,101,196,382,989,1980.0
02034000,08-12,26.0,49,95,213,369,774,1390.0
02034000,08-13,24.0,46,85,198,364,899,1450.0
02034000,08-14,24.0,45,92,186,315,773,1140.0
02034000,08-15,30.0,44,84,172,311,830,2520.0
02034000,08-16,32.0,41,98,179,334,688,2320.0
02034000,08-17,31.0,39,93,179,358,818,1630.0
02034000,08-18,31.0,40,90,191,348,1210,3260.0
02034000,08-19,37.0,47,89,190,387,1210,2360.0
02034000,08-20,34.0,47,86,182,381,1110,1390.0
02034000,08-21,34.0,50,85,174,332,775,1490.0
02034000,08-22,32.0,46,88,168,352,891,1300.0
02034000,08-23,32.0,45,83,179,416,894,1010.0
02034000,08-24,35.0,46,91,171,403,737,1120.0
02034000,08-25,33.0,44,90,159,403,743,979.0
02034000,08-26,35.0,52,77,159,403,663,1370.0
02034000,08-27,32.0,49,93,150,333,563,1220.0
02034000,08-28,33.0,46,86,170,354,597,776.0
02034000,08-29,41.0,51,92,159,336,528,952.0
02034000,08-30,39.0,51,93,150,336,500,583.0
02034000,08-31,38.0,52,95,159,322,448,752.0
02034000,09-01,39.0,49,94,156,314,933,1510.0
02034000,09-02,36.0,47,90,148,304,779,1310.0
02034000,09-03,31.0,40,91,150,296,744,1040.0
02034000,09-04,27.0,43,94,141,345,575,918.0
02034000,09-05,32.0,47,94,141,326,730,1730.0
02034000,09-06,31.0,49,91,162,372,773,3090.0
02034000,09-07,30.0,47,87,154,320,1220,4420.0
02034000,09-08,32.0,53,83,159,359,774,2250.0
02034000,09-09,33.0,50,78,147,336,789,1740.0
02034000,09-10,37.0,50,80,150,336,1030,1400.0
02034000,09-11,37.0,50,78,155,336,947,1450.0
02034000,09-12,34.0,48,75,145,319,776,1120.0
02034000,09-13,33.0,51,81,136,314,709,1370.0
02034000,09-14,39.0,52,86,139,320,688,1150.0
02034000,09-15,36.0,54,84,135,310,601,920.0
02034000,09-16,37.0,50,79,143,300,556,865.0
02034000,09-17,37.0,52,78,150,257,578,856.0
02034000,09-18,38.0,47,88,156,362,856,2310.0
02034000,09-19,32.0,43,83,151,344,719,2430.0
02034000,09-20,35.0,48,83,146,316,858,1860.0
02034000,09-21,33.0,55,80,144,356,735,1830.0
02034000,09-22,31.0,51,82,157,336,712,1600.0
02034000,09-23,29.0,50,84,152,326,966,1790.0
02034000,09-24,34.0,50,81,129,320,643,1590.0
02034000,09-25,33.0,56,79,160,290,551,1810.0
02034000,09-26,32.0,50,91,151,308,706,2170.0
02034000,09-27,46.0,56,97,168,350,1050,1810.0
02034000,09-28,44.0,63,90,185,341,1130,2930.0
02034000,09-29,45.0,61,86,201,375,1020,1710.0
02034000,09-30,46.0,59,84,192,478,975,2560.0
02034000,10-01,37.0,57,85,195,504,1530,3340.0
02034000,10-02,39.0,50,86,200,468,1280,2920.0
02034000,10-03,39.0,49,88,188,428,1030,3670.0
02034000,10-04,39.0,44,89,190,355,849,2070.0
02034000,10-05,37.0,48,94,174,414,783,2040.0
02034000,10-06,40.0,46,90,183,428,980,2210.0
02034000,10-07,38.0,44,91,160,393,932,1980.0
02034000,10-08,33.0,44,96,187,443,963,1680.0
02034000,10-09,27.0,48,93,182,439,1160,1960.0
02034000,10-10,37.0,53,90,184,399,1090,1480.0
02034000,10-11,37.0,51,97,190,417,873,1310.0
02034000,10-12,37.0,55,101,184,465,850,1700.0
02034000,10-13,40.0,53,90,180,445,662,1770.0
02034000,10-14,46.0,53,93,177,439,724,1600.0
02034000,10-15,48.0,59,100,200,428,764,1240.0
02034000,10-16,51.0,64,99,202,410,719,1140.0
02034000,10-17,51.0,69,110,203,379,633,831.0
02034000,10-18,50.0,66,110,200,347,664,1160.0
02034000,10-19,48.0,62,107,196,348,878,2940.0
02034000,10-20,49.0,63,110,197,432,872,2710.0
02034000,10-21,51.0,64,110,200,436,1010,5500.0
02034000,10-22,51.0,60,126,204,438,987,2040.0
02034000,10-23,50.0,58,118,203,465,1230,1530.0
02034000,10-24,48.0,58,110,201,452,1110,2160.0
02034000,10-25,51.0,68,121,214,439,900,1880.0
02034000,10-26,59.0,93,128,212,460,864,1500.0
02034000,10-27,59.0,92,145,219,504,1440,1700.0
02034000,10-28,64.0,97,137,234,535,1350,1940.0
02034000,10-29,74.0,105,141,255,527,1240,2540.0
02034000,10-30,73.0,90,149,264,579,1160,2090.0
02034000,10-31,66.0,95,151,237,578,1150,1430.0
02034000,11-01,65.0,98,150,250,563,995,1450.0
02034000,11-02,73.0,92,161,252,551,1270,1620.0
02034000,11-03,75.0,102,159,287,606,1130,1480.0
02034000,11-04,75.0,103,152,265,525,1140,1710.0
02034000,11-05,83.0,104,162,271,605,988,1290.0
02034000,11-06,84.0,116,172,300,530,902,2350.0
02034000,11-07,87.0,123,185,289,517,931,3400.0
02034000,11-08,93.0,122,178,292,538,941,2060.0
02034000,11-09,91.0,117,175,273,517,1350,1790.0
02034000,11-10,94.0,116,177,264,517,1170,1560.0
02034000,11-11,96.0,118,192,278,563,1170,1880.0
02034000,11-12,89.0,118,182,300,743,1270,3400.0
02034000,11-13,95.0,114,181,278,682,2240,2730.0
02034000,11-14,95.0,113,172,302,630,1610,2420.0
02034000,11-15,92.0,115,166,300,564,1280,2050.0
02034000,11-16,91.0,116,167,314,596,1260,1890.0
02034000,11-17,89.0,114,174,328,636,1280,1740.0
02034000,11-18,87.0,105,185,348,564,1040,1790.0
02034000,11-19,85.0,109,194,329,615,998,1490.0
02034000,11-20,86.0,111,202,330,618,1010,3780.0
02034000,11-21,89.0,114,199,336,599,1090,1910.0
02034000,11-22,99.0,119,203,338,600,1040,1500.0
02034000,11-23,102.0,120,191,325,666,1090,1730.0
02034000,11-24,108.0,126,190,344,602,1140,1450.0
02034000,11-25,110.0,136,194,334,584,1160,1780.0
02034000,11-26,99.0,129,194,320,681,1310,2640.0
02034000,11-27,105.0,122,201,342,691,1300,1920.0
02034000,11-28,100.0,122,206,358,650,1470,1850.0
02034000,11-29,100.0,120,221,430,1090,1680,2980.0
02034000,11-30,98.0,142,238,393,1020,1760,5740.0
02034000,12-01,95.0,142,229,413,914,1800,3160.0
02034000,12-02,93.0,146,231,420,812,1610,3050.0
02034000,12-03,94.0,158,230,421,863,1340,2580.0
02034000,12-04,95.0,153,240,400,751,1600,1970.0
02034000,12-05,99.0,163,247,415,789,1460,4230.0
02034000,12-06,108.0,159,241,434,744,1640,2670.0
02034000,12-07,114.0,176,233,454,931,1730,1990.0
02034000,12-08,109.0,156,213,502,832,1500,2290.0
02034000,12-09,108.0,162,229,471,772,1870,2610.0
02034000,12-10,107.0,166,250,481,875,1870,2590.0
02034000,12-11,112.0,173,277,497,900,2150,3020.0
02034000,12-12,111.0,169,285,491,1100,1860,3190.0
02034000,12-13,123.0,162,294,470,930,1720,2340.0
02034000,12-14,123.0,175,320,531,936,2000,2280.0
02034000,12-15,122.0,172,339,500,832,1620,2440.0
02034000,12-16,141.0,163,313,547,824,1870,2250.0
02034000,12-17,139.0,153,308,542,876,1520,2310.0
02034000,12-18,138.0,162,295,542,832,1430,2610.0
02034000,12-19,134.0,166,256,506,754,1330,1870.0
02034000,12-20,124.0,152,290,498,750,1350,1790.0
02034000,12-21,115.0,159,275,480,707,1330,1750.0
02034000,12-22,108.0,150,262,485,735,1220,3200.0
02034000,12-23,107.0,151,298,498,847,1170,3000.0
02034000,12-24,111.0,167,286,502,865,1960,2660.0
02034000,12-25,135.0,177,298,489,816,1490,1990.0
02034000,12-26,138.0,154,294,468,929,1740,2230.0
02034000,12-27,145.0,175,317,517,830,1520,2460.0
02034000,12-28,143.0,183,300,490,855,1470,2630.0
02034000,12-29,151.0,187,318,546,1010,2070,3060.0
02034000,12-30,136.0,188,315,567,941,2090,3510.0
02034000,12-31,154.0,188,317,550,906,2150,2760.0
02035000,01-01,1590.0,2000,3300,5990,10100,21300,36000.0
02035000,01-02,1660.0,2040,3500,6230,11400,18900,25900.0
02035000,01-03,1560.0,2180,3740,6460,10900,20600,30900.0
02035000,01-04,1540.0,2200,3580,6310,11200,19100,39200.0
02035000,01-05,1500.0,2240,3620,6270,10800,18900,29500.0
02035000,01-06,1450.0,2210,3780,6130,10600,18800,24000.0
02035000,01-07,1540.0,2490,4000,6410,10900,16300,24300.0
02035000,01-08,1510.0,2220,4040,6640,10800,14000,24500.0
02035000,01-09,1610.0,2220,3700,6110,10100,16600,30800.0
02035000,01-10,1520.0,2310,3770,5930,9770,19700,28100.0
02035000,01-11,1820.0,2300,3970,6060,9610,17600,23100.0
02035000,01-12,1860.0,2300,4070,6190,9760,17400,28100.0
02035000,01-13,1850.0,2310,4130,6170,10700,17500,25000.0
02035000,01-14,1750.0,2420,4320,6270,10400,17900,24500.0
02035000,01-15,1980.0,2320,4340,6450,10400,15500,26100.0
02035000,01-16,1900.0,2630,4320,6430,10500,14700,21500.0
02035000,01-17,1840.0,2750,4210,6360,9720,14500,20800.0
02035000,01-18,1890.0,2660,3960,6070,9160,15400,20100.0
02035000,01-19,1870.0,2550,3930,6210,8800,17300,29200.0
02035000,01-20,2020.0,2380,4070,5970,8660,16500,35300.0
02035000,01-21,1940.0,2610,4080,5940,9870,17900,29500.0
02035000,01-22,1920.0,2710,3840,5930,11100,20700,29600.0
02035000,01-23,1880.0,2640,4230,6240,11900,20400,23400.0
02035000,01-24,1810.0,2750,4300,6620,11300,17700,27100.0
02035000,01-25,1920.0,2520,4400,7290,12300,22000,30000.0
02035000,01-26,1960.0,2340,4520,7480,13000,22900,31700.0
02035000,01-27,1930.0,2370,4600,7260,12500,21100,24900.0
02035000,01-28,1910.0,2640,4500,7050,13000,21000,27300.0
02035000,01-29,1830.0,2690,4530,6660,11500,20400,31200.0
02035000,01-30,1790.0,2630,4130,6530,10500,19500,24000.0
02035000,01-31,1710.0,2680,4260,6630,10400,17000,21500.0
02035000,02-01,1800.0,2710,4220,6590,10800,17200,23300.0
02035000,02-02,1910.0,2840,4160,6620,11400,17900,26500.0
02035000,02-03,2290.0,2860,4140,6630,12000,19200,29100.0
02035000,02-04,2170.0,2870,4430,6860,13000,24000,34600.0
02035000,02-05,2100.0,3090,4730,7110,12000,23900,40000.0
02035000,02-06,2350.0,3220,4790,7000,12300,25900,31200.0
02035000,02-07,2150.0,3140,4980,7000,12300,21700,25700.0
02035000,02-08,2000.0,2960,5070,7280,13000,19200,30400.0
02035000,02-09,2040.0,2960,4890,7180,12600,18300,26200.0
02035000,02-10,1900.0,2880,4650,7770,12100,17200,21100.0
02035000,02-11,2380.0,3050,4410,7330,12300,16800,22400.0
02035000,02-12,2590.0,3070,4730,6990,11600,18700,27400.0
02035000,02-13,2560.0,3060,4600,7840,12900,20100,26000.0
02035000,02-14,2500.0,3380,4600,7480,13200,23400,28400.0
02035000,02-15,2630.0,3400,4990,7230,13400,24000,37900.0
02035000,02-16,2700.0,3610,4920,7540,13000,20600,37500.0
02035000,02-17,2720.0,3620,4780,7840,11900,22000,38000.0
02035000,02-18,2880.0,3570,5100,7750,12700,20100,29100.0
02035000,02-19,2730.0,3560,5070,7750,12200,23700,33900.0
02035000,02-20,2900.0,3430,5030,7950,12700,22300,27000.0
02035000,02-21,2820.0,3720,5420,8490,13600,20900,27400.0
02035000,02-22,2860.0,3620,5540,8940,14500,21500,28500.0
02035000,02-23,3160.0,3710,5510,9170,13500,25800,34700.0
02035000,02-24,3070.0,3450,5370,8820,12500,28400,31800.0
02035000,02-25,2980.0,3400,5370,8950,12500,23900,40800.0
02035000,02-26,2870.0,3230,5810,8350,13700,20800,36300.0
02035000,02-27,2920.0,3480,5900,8440,13800,25500,33400.0
02035000,02-28,3000.0,3500,5770,7850,12600,22900,31400.0
02035000,02-29,3150.0,3800,5890,6810,11900,21600,27700.0
02035000,03-01,2850.0,3570,5690,7800,13400,24000,33400.0
02035000,03-02,2820.0,3710,5570,7830,12400,25300,40500.0
02035000,03-03,2940.0,3530,5300,8370,11600,28400,35200.0
02035000,03-04,2860.0,3590,5410,8430,13900,26200,29900.0
02035000,03-05,3150.0,3680,5390,8330,13900,26100,38800.0
02035000,03-06,3410.0,3690,5780,8430,13900,30100,38500.0
02035000,03-07,3260.0,3670,5910,9980,16300,31200,43600.0
02035000,03-08,3270.0,3560,6110,10000,16500,27400,33600.0
02035000,03-09,3210.0,3990,6230,9910,16200,22500,27300.0
02035000,03-10,3340.0,3950,6610,9620,14900,20900,25700.0
02035000,03-11,3380.0,3900,6670,9600,13700,19900,25500.0
02035000,03-12,3290.0,4580,6530,9110,13500,19000,30800.0
02035000,03-13,3280.0,4550,6320,9090,13500,25300,33700.0
02035000,03-14,3140.0,4530,6180,9400,14900,21900,31000.0
02035000,03-15,3240.0,4350,6390,9230,14300,29400,40500.0
02035000,03-16,3390.0,4230,6330,8990,15000,26800,36800.0
02035000,03-17,3270.0,4440,6240,8800,13900,25600,42200.0
02035000,03-18,3060.0,4880,6640,8940,14100,26300,36800.0
02035000,03-19,3270.0,4780,6350,9300,15000,25600,36300.0
02035000,03-20,3600.0,4640,6230,9150,16200,24100,31500.0
02035000,03-21,3650.0,4750,6520,9240,15000,26100,35500.0
02035000,03-22,3880.0,4620,6540,9200,15700,28400,38900.0
02035000,03-23,4100.0,4960,6470,9600,15600,25900,35400.0
02035000,03-24,3920.0,4960,6610,9970,15900,22000,32600.0
02035000,03-25,3730.0,4650,6230,9820,15200,23900,27600.0
02035000,03-26,3670.0,4410,6210,9870,13800,22600,32000.0
02035000,03-27,3770.0,4190,6150,9350,12600,21700,29600.0
02035000,03-28,3530.0,4180,6030,9380,13900,23100,29200.0
02035000,03-29,3520.0,4260,6680,8940,13800,24100,37500.0
02035000,03-30,3540.0,3970,6450,8570,13400,27000,36200.0
02035000,03-31,3480.0,4030,6160,8520,13900,24900,33000.0
02035000,04-01,3760.0,4460,6030,8740,15200,23500,32300.0
02035000,04-02,3780.0,4630,6000,8100,14100,23500,28400.0
02035000,04-03,3490.0,4350,5790,8260,14900,23200,32700.0
02035000,04-04,3610.0,4470,5700,7830,14000,20900,27900.0
02035000,04-05,3510.0,4610,5580,7730,13100,19700,25700.0
02035000,04-06,3650.0,4610,5500,7970,13000,21400,35000.0
02035000,04-07,3570.0,4400,5440,8190,13300,18800,28700.0
02035000,04-08,3510.0,4490,5770,8290,14000,22100,26600.0
02035000,04-09,3560.0,4410,5760,8340,14100,21400,27700.0
02035000,04-10,3430.0,4240,5710,8780,14300,22700,32000.0
02035000,04-11,3420.0,4140,5520,7820,12400,22600,32700.0
02035000,04-12,3340.0,4000,5760,8020,13000,20700,25100.0
02035000,04-13,3410.0,3940,5490,8350,14100,20900,30100.0
02035000,04-14,3470.0,3910,5260,8410,14500,26100,31500.0
02035000,04-15,3530.0,3910,5080,8290,14000,24600,36200.0
02035000,04-16,3470.0,4100,5150,8600,15700,25900,36800.0
02035000,04-17,3440.0,4100,5000,8560,16400,24500,41100.0
02035000,04-18,3700.0,4020,5350,8340,15200,24900,36100.0
02035000,04-19,3760.0,3990,5210,8030,13100,21300,25200.0
02035000,04-20,3630.0,3790,5020,7990,11900,18700,24600.0
02035000,04-21,3550.0,3820,4990,7520,11600,17200,36300.0
02035000,04-22,3440.0,3840,4780,7340,11100,17600,34500.0
02035000,04-23,3470.0,3880,4900,7170,10000,18500,25700.0
02035000,04-24,3280.0,3640,5040,7240,9970,17900,25400.0
02035000,04-25,3460.0,3710,5060,7270,10400,16600,22400.0
02035000,04-26,3460.0,3690,5260,7130,10500,18100,25300.0
02035000,04-27,3310.0,3620,5240,6960,10100,16200,26200.0
02035000,04-28,3330.0,3650,5260,6940,10400,15800,31100.0
02035000,04-29,3280.0,3910,5150,6870,10600,18600,30700.0
02035000,04-30,3260.0,3620,5000,6810,9730,17600,25100.0
02035000,05-01,3170.0,3640,4890,7060,9530,16700,21100.0
02035000,05-02,3220.0,3530,4940,7080,9960,14600,16800.0
02035000,05-03,3060.0,3410,4810,6830,9680,14100,22700.0
02035000,05-04,3050.0,3430,4920,6600,9440,15300,21200.0
02035000,05-05,2910.0,3560,4880,6530,9560,17600,23000.0
02035000,05-06,2890.0,3250,4590,6450,9220,16400,21800.0
02035000,05-07,2830.0,3370,4520,6620,8940,15000,23600.0
02035000,05-08,2830.0,3280,4610,6670,9260,15800,24600.0
02035000,05-09,2730.0,3420,4480,6410,10200,17400,28300.0
02035000,05-10,2880.0,3130,4180,6370,10300,17800,23400.0
02035000,05-11,2710.0,3070,4050,6160,9600,14500,22000.0
02035000,05-12,2680.0,3160,3960,6050,9970,16500,21700.0
02035000,05-13,2710.0,3060,3720,6000,10100,15400,22900.0
02035000,05-14,2640.0,3060,4000,6100,10000,16500,26800.0
02035000,05-15,2660.0,3020,3940,5800,10000,16500,20000.0
02035000,05-16,2480.0,3160,3990,5810,10300,15300,26900.0
02035000,05-17,2620.0,3100,3900,5940,9670,14200,25500.0
02035000,05-18,2510.0,3070,4110,5960,9360,16900,22900.0
02035000,05-19,2650.0,2850,4140,5820,9690,17200,25100.0
02035000,05-20,2490.0,3240,3980,5960,9190,13300,19600.0
02035000,05-21,2450.0,3140,3890,6110,9670,15700,19300.0
02035000,05-22,2350.0,3040,4000,6180,9230,15100,20600.0
02035000,05-23,2280.0,2900,4070,6060,8970,13700,22700.0
02035000,05-24,2350.0,2910,3960,5650,8300,15900,25800.0
02035000,05-25,2330.0,2750,3900,5560,8050,14100,21000.0
02035000,05-26,2310.0,2880,3810,5280,7590,12200,18600.0
02035000,05-27,2030.0,2990,3680,5120,7390,12300,20000.0
02035000,05-28,2190.0,2840,3780,5450,8290,13300,23300.0
02035000,05-29,2120.0,2660,3760,5310,8230,14300,20600.0
02035000,05-30,2150.0,2770,3710,5350,8120,15400,24100.0
02035000,05-31,2140.0,2710,3520,5410,7520,14100,18800.0
02035000,06-01,2180.0,2420,3420,4830,8120,13800,19200.0
02035000,06-02,2080.0,2470,3080,4820,7450,13300,17100.0
02035000,06-03,2240.0,2520,3080,4650,7880,13400,23900.0
02035000,06-04,1960.0,2360,3320,4590,7310,13800,22500.0
02035000,06-05,2050.0,2310,2920,4530,6890,15500,20400.0
02035000,06-06,1900.0,2140,2970,4490,8000,13100,19900.0
02035000,06-07,1870.0,2060,3000,4180,7800,12900,15100.0
02035000,06-08,1840.0,2130,2850,4030,7160,11400,17300.0
02035000,06-09,1780.0,2160,3150,4060,6840,9550,11700.0
02035000,06-10,1740.0,2090,2800,4060,6850,9810,15600.0
02035000,06-11,1730.0,2060,2740,4030,6310,11700,15300.0
02035000,06-12,1700.0,1870,2770,3960,6340,12700,17600.0
02035000,06-13,1640.0,2000,2540,3780,6500,13000,19200.0
02035000,06-14,1660.0,2000,2530,3890,6520,10900,19900.0
02035000,06-15,1640.0,1790,2580,3840,6190,11300,16000.0
02035000,06-16,1530.0,1850,2470,3710,6320,11600,24300.0
02035000,06-17,1590.0,1820,2460,3840,6400,10900,22100.0
02035000,06-18,1540.0,1690,2600,3670,6390,11700,17400.0
02035000,06-19,1490.0,1720,2490,3690,6200,13100,20800.0
02035000,06-20,1480.0,1690,2440,3770,5710,11100,17700.0
02035000,06-21,1410.0,1690,2420,3560,5680,10800,15300.0
02035000,06-22,1340.0,1670,2510,3440,5860,10800,16900.0
02035000,06-23,1340.0,1570,2290,3570,5520,9070,15700.0
02035000,06-24,1270.0,1550,2360,3570,5900,9890,15900.0
02035000,06-25,1360.0,1640,2240,3390,5670,9480,13500.0
02035000,06-26,1270.0,1530,2320,3230,5460,8690,11500.0
02035000,06-27,1190.0,1440,2130,3100,5020,8760,11800.0
02035000,06-28,1170.0,1360,2010,3060,5330,8690,13600.0
02035000,06-29,1180.0,1340,2010,3130,5310,8540,12200.0
02035000,06-30,1170.0,1340,1950,3040,4740,7500,11000.0
02035000,07-01,1230.0,1330,2050,2870,4670,6390,11800.0
02035000,07-02,1120.0,1330,1920,3020,4550,6360,9860.0
02035000,07-03,1220.0,1370,1970,3080,4320,6670,9600.0
02035000,07-04,1090.0,1310,2000,3020,4200,6340,8290.0
02035000,07-05,1090.0,1250,1920,2910,4240,6910,12800.0
02035000,07-06,1110.0,1270,1920,2950,4090,7840,11500.0
02035000,07-07,1130.0,1260,1960,2920,4190,6640,15200.0
02035000,07-08,1050.0,1270,2040,3130,4250,6960,12000.0
02035000,07-09,1020.0,1250,1930,3020,4300,7890,9720.0
02035000,07-10,1110.0,1280,1950,2880,4340,6520,8690.0
02035000,07-11,1110.0,1460,1970,2830,4180,6580,9220.0
02035000,07-12,1090.0,1400,2010,2700,3940,7710,8450.0
02035000,07-13,1170.0,1420,1900,2710,4220,7350,10500.0
02035000,07-14,1110.0,1320,1880,2670,4190,8100,12400.0
02035000,07-15,1170.0,1360,1780,2650,3830,7910,11700.0
02035000,07-16,1150.0,1440,1780,2420,4100,7870,11100.0
02035000,07-17,1120.0,1370,1720,2310,4020,7320,14300.0
02035000,07-18,1090.0,1280,1640,2430,4190,7150,12800.0
02035000,07-19,1120.0,1220,1580,2380,4020,6410,10000.0
02035000,07-20,1040.0,1180,1550,2420,4040,6280,9510.0
02035000,07-21,1040.0,1180,1560,2480,3740,5670,10400.0
02035000,07-22,956.0,1140,1560,2500,3720,6140,9240.0
02035000,07-23,910.0,1170,1580,2450,3700,6150,8660.0
02035000,07-24,1060.0,1180,1530,2480,4040,5950,10700.0
02035000,07-25,1040.0,1160,1590,2740,3910,6060,9270.0
02035000,07-26,957.0,1130,1730,2580,3810,5480,7990.0
02035000,07-27,925.0,1140,1730,2430,3940,6020,7950.0
02035000,07-28,1000.0,1150,1640,2420,3960,6040,9380.0
02035000,07-29,951.0,1200,1660,2370,3760,5530,7770.0
02035000,07-30,898.0,1150,1670,2400,3420,6990,9150.0
02035000,07-31,900.0,1100,1700,2380,3510,5340,8580.0
02035000,08-01,933.0,1210,1660,2440,3560,5710,9360.0
02035000,08-02,965.0,1200,1670,2390,3500,5590,8770.0
02035000,08-03,965.0,1160,1620,2450,3500,5140,6890.0
02035000,08-04,996.0,1170,1540,2440,3620,5160,6660.0
02035000,08-05,1010.0,1160,1600,2250,3790,5830,7750.0
02035000,08-06,901.0,1140,1530,2290,3620,6430,8330.0
02035000,08-07,859.0,1180,1570,2300,3480,6160,8960.0
02035000,08-08,822.0,1190,1570,2390,3760,6220,8640.0
02035000,08-09,774.0,1100,1590,2430,3280,6130,9020.0
02035000,08-10,762.0,1090,1470,2270,3400,6000,9220.0
02035000,08-11,770.0,976,1520,2260,3800,7210,11900.0
02035000,08-12,768.0,953,1460,2280,3440,6750,10600.0
02035000,08-13,746.0,1010,1460,2190,3850,7890,12900.0
02035000,08-14,802.0,1010,1470,2190,3990,6530,9940.0
02035000,08-15,739.0,959,1480,2270,3790,7400,15400.0
02035000,08-16,724.0,864,1500,2170,3880,7590,15100.0
02035000,08-17,662.0,887,1450,2190,3620,6750,13200.0
02035000,08-18,729.0,854,1490,2270,3480,7850,20500.0
02035000,08-19,729.0,869,1410,2150,3750,8790,25600.0
02035000,08-20,771.0,922,1400,2140,3560,8670,19100.0
02035000,08-21,743.0,946,1390,2200,3900,7400,15000.0
02035000,08-22,720.0,959,1320,2040,3600,7580,11000.0
02035000,08-23,710.0,983,1350,2100,3780,7450,10400.0
02035000,08-24,724.0,959,1340,2040,4060,6970,11700.0
02035000,08-25,734.0,916,1320,2200,3500,6930,10100.0
02035000,08-26,764.0,893,1280,1980,3720,7460,13400.0
02035000,08-27,709.0,911,1320,2060,3600,7440,13700.0
02035000,08-28,737.0,911,1290,1960,3250,7660,15200.0
02035000,08-29,707.0,897,1380,2120,3480,7020,10300.0
02035000,08-30,766.0,887,1360,2000,3350,6210,9850.0
02035000,08-31,748.0,904,1400,1960,3220,5080,9010.0
02035000,09-01,799.0,932,1370,1930,3400,6140,14100.0
02035000,09-02,777.0,930,1390,1840,3130,8390,12800.0
02035000,09-03,774.0,920,1390,1760,3070,9340,12800.0
02035000,09-04,737.0,898,1370,1710,3070,7620,10400.0
02035000,09-05,684.0,885,1320,1800,3040,6800,9450.0
02035000,09-06,714.0,863,1300,1810,3530,7080,14300.0
02035000,09-07,757.0,945,1280,1960,3590,8430,22500.0
02035000,09-08,717.0,885,1310,2040,3200,8280,23800.0
02035000,09-09,675.0,900,1340,1830,3180,5940,14700.0
02035000,09-10,657.0,866,1300,1880,3350,6010,10100.0
02035000,09-11,707.0,880,1330,1820,3040,6360,9500.0
02035000,09-12,641.0,845,1320,1880,3130,6230,8530.0
02035000,09-13,670.0,872,1320,1670,3220,5360,7540.0
02035000,09-14,722.0,905,1210,1640,2910,5460,6470.0
02035000,09-15,820.0,933,1200,1690,2910,5210,7260.0
02035000,09-16,801.0,932,1170,1700,2820,4750,6760.0
02035000,09-17,758.0,897,1210,1750,2620,4500,7430.0
02035000,09-18,696.0,890,1270,1600,2580,7180,12800.0
02035000,09-19,672.0,903,1250,1660,2690,6570,17700.0
02035000,09-20,662.0,866,1200,1710,3210,6970,16300.0
02035000,09-21,652.0,848,1210,1690,3150,8640,13300.0
02035000,09-22,673.0,835,1210,1690,3410,7680,11500.0
02035000,09-23,662.0,803,1220,1620,3480,7220,10600.0
02035000,09-24,628.0,873,1220,1690,3130,6700,27800.0
02035000,09-25,705.0,885,1220,1740,2900,5380,21900.0
02035000,09-26,719.0,882,1190,1690,3300,6810,14500.0
02035000,09-27,815.0,885,1210,1740,3000,6990,11600.0
02035000,09-28,714.0,897,1310,1840,3250,6150,11700.0
02035000,09-29,671.0,887,1270,1850,3440,7820,14200.0
02035000,09-30,700.0,923,1240,1890,3430,8590,24000.0
02035000,10-01,683.0,924,1310,2020,4020,10200,26300.0
02035000,10-02,732.0,847,1310,1950,4320,14800,22800.0
02035000,10-03,800.0,935,1290,1950,4160,12900,22500.0
02035000,10-04,796.0,917,1280,1870,3990,10900,24300.0
02035000,10-05,758.0,880,1230,1850,3950,9210,19000.0
02035000,10-06,701.0,876,1280,1830,3590,7630,16700.0
02035000,10-07,726.0,849,1250,1760,3590,6810,13500.0
02035000,10-08,686.0,807,1260,1790,3580,7110,11600.0
02035000,10-09,726.0,796,1230,1920,3850,7870,13100.0
02035000,10-10,696.0,861,1250,1920,3620,7180,11700.0
02035000,10-11,700.0,782,1250,1880,3360,7320,9860.0
02035000,10-12,692.0,833,1310,1880,3550,6970,9450.0
02035000,10-13,719.0,891,1300,1940,3480,6610,13000.0
02035000,10-14,715.0,853,1280,1980,3490,5850,8190.0
02035000,10-15,733.0,878,1350,1960,3350,5420,8250.0
02035000,10-16,686.0,1020,1310,1900,3240,5210,9630.0
02035000,10-17,698.0,1060,1380,1910,3240,5220,11700.0
02035000,10-18,737.0,1050,1320,1910,3180,6000,10200.0
02035000,10-19,750.0,1060,1320,1960,3050,8580,16700.0
02035000,10-20,811.0,1100,1420,1990,3440,8560,22800.0
02035000,10-21,752.0,1120,1370,1960,3940,11100,20700.0
02035000,10-22,844.0,1140,1400,1960,3680,9520,18300.0
02035000,10-23,860.0,1080,1420,1990,3670,8110,15600.0
02035000,10-24,824.0,1060,1450,2110,3740,7450,16400.0
02035000,10-25,848.0,1130,1400,2140,3480,8090,17800.0
02035000,10-26,872.0,1180,1560,2100,3830,8890,14600.0
02035000,10-27,861.0,1160,1600,2210,3790,8230,12200.0
02035000,10-28,1000.0,1210,1620,2220,4400,9840,12400.0
02035000,10-29,1040.0,1180,1640,2240,5040,9220,12100.0
02035000,10-30,1050.0,1270,1620,2310,4740,9240,11900.0
02035000,10-31,1100.0,1270,1620,2530,4770,7620,11300.0
02035000,11-01,1130.0,1270,1700,2370,4520,8610,12100.0
02035000,11-02,1130.0,1360,1710,2480,4870,10500,14400.0
02035000,11-03,1080.0,1280,1700,2370,4590,8480,12100.0
02035000,11-04,1120.0,1290,1730,2310,4930,9320,10600.0
02035000,11-05,1100.0,1300,1740,2590,4620,7510,11500.0
02035000,11-06,1160.0,1270,1670,2650,4380,7680,11800.0
02035000,11-07,1150.0,1340,1750,2650,4490,7630,11000.0
02035000,11-08,1150.0,1300,1720,2540,4500,8650,15000.0
02035000,11-09,1060.0,1340,1700,2490,4380,12200,14300.0
02035000,11-10,1130.0,1280,1710,2550,4800,9800,18200.0
02035000,11-11,1090.0,1380,1800,2550,4580,9840,13800.0
02035000,11-12,1120.0,1330,1790,2470,4960,11500,16100.0
02035000,11-13,1090.0,1320,1760,2540,5270,13200,19900.0
02035000,11-14,1100.0,1370,1760,2650,5310,13200,18600.0
02035000,11-15,1100.0,1330,1790,2520,5000,13300,17100.0
02035000,11-16,1170.0,1360,1790,2550,4910,10400,14000.0
02035000,11-17,1130.0,1340,1760,2650,4810,10700,16400.0
02035000,11-18,1130.0,1350,1820,2640,5320,11700,19200.0
02035000,11-19,1140.0,1320,1790,2680,5460,9990,20400.0
02035000,11-20,1120.0,1380,1850,2890,6030,13600,20000.0
02035000,11-21,1100.0,1330,1790,2680,5700,14100,21100.0
02035000,11-22,1200.0,1390,1820,2860,5550,11600,18100.0
02035000,11-23,1150.0,1420,1790,2890,5690,10100,15800.0
02035000,11-24,1160.0,1440,1860,3070,5310,9920,14000.0
02035000,11-25,1280.0,1450,1890,2950,6190,10100,14600.0
02035000,11-26,1240.0,1470,1940,3120,6260,12500,18000.0
02035000,11-27,1220.0,1480,1930,2970,6280,11800,16400.0
02035000,11-28,1240.0,1480,1920,3370,5980,11600,16400.0
02035000,11-29,1230.0,1380,1900,3370,7040,11100,18200.0
02035000,11-30,1270.0,1450,1990,3590,7070,14800,17600.0
02035000,12-01,1230.0,1460,2030,3500,7000,17000,30600.0
02035000,12-02,1180.0,1440,2080,3910,7280,14100,25600.0
02035000,12-03,1240.0,1470,2090,3980,7240,13900,23500.0
02035000,12-04,1230.0,1480,2140,4220,7810,15500,21300.0
02035000,12-05,1250.0,1490,2230,4100,7530,17800,27900.0
02035000,12-06,1340.0,1550,2290,4160,8030,15800,25700.0
02035000,12-07,1340.0,1540,2230,4320,7280,14200,21800.0
02035000,12-08,1360.0,1610,2290,4410,7120,12600,21000.0
02035000,12-09,1450.0,1610,2230,4340,8030,13900,19600.0
02035000,12-10,1390.0,1570,2300,4180,7580,15500,20200.0
02035000,12-11,1450.0,1650,2250,4350,7520,18600,22900.0
02035000,12-12,1520.0,1660,2310,4600,8540,15000,21700.0
02035000,12-13,1470.0,1680,2710,4740,8200,14200,23200.0
02035000,12-14,1430.0,1620,2800,4830,8710,13500,20000.0
02035000,12-15,1460.0,1680,2700,5060,8300,18200,22100.0
02035000,12-16,1440.0,1690,2600,5150,8280,17700,20700.0
02035000,12-17,1380.0,1670,2890,5120,7840,16900,22300.0
02035000,12-18,1480.0,1640,3020,5020,7480,14800,22700.0
02035000,12-19,1430.0,1570,3000,4930,7510,14600,19300.0
02035000,12-20,1450.0,1730,2930,4770,7510,13300,16500.0
02035000,12-21,1430.0,1600,3000,4750,7840,12800,16700.0
02035000,12-22,1500.0,1700,3000,4730,7320,13300,20600.0
02035000,12-23,1410.0,1710,3010,4700,7870,14400,28500.0
02035000,12-24,1430.0,1870,2960,4790,8270,19100,24700.0
02035000,12-25,1440.0,1930,3020,4810,7790,18100,27200.0
02035000,12-26,1490.0,1930,2920,5260,9120,18000,24400.0
02035000,12-27,1530.0,2000,3300,5180,8910,16100,20900.0
02035000,12-28,1520.0,1940,3480,5620,9460,14800,21000.0
02035000,12-29,1620.0,1990,3480,5580,9890,16300,24500.0
02035000,12-30,1660.0,1980,3280,5730,10200,18900,26900.0
02035000,12-31,1570.0,1890,3320,5670,9880,18900,31800.0
02037500,01-01,1270.0,1890,3570,5550,10000,22000,37800.0
02037500,01-02,1210.0,1810,3710,5800,9940,23100,30400.0
02037500,01-03,1200.0,2100,3700,5860,10400,20000,30800.0
02037500,01-04,1180.0,2350,3770,6160,11000,19600,25200.0
02037500,01-05,1200.0,2210,3920,6160,11200,16700,20800.0
02037500,01-06,1230.0,2160,3760,6070,10600,17300,20300.0
02037500,01-07,1060.0,2140,3890,6600,9540,17000,18000.0
02037500,01-08,993.0,2140,3930,6630,9820,14400,17900.0
02037500,01-09,1270.0,2250,3700,6450,10200,14700,26900.0
02037500,01-10,1050.0,1850,3630,5870,9560,18400,35100.0
02037500,01-11,1170.0,1690,3700,5850,10300,17400,25900.0
02037500,01-12,1310.0,1760,3740,5850,10100,20000,21800.0
02037500,01-13,1380.0,1960,4010,6010,10100,16400,23900.0
02037500,01-14,1330.0,2200,3900,5890,11000,15000,21800.0
02037500,01-15,1300.0,1950,4300,6320,10900,17400,29000.0
02037500,01-16,1410.0,2080,4360,6210,10600,16300,22800.0
02037500,01-17,1410.0,2500,4300,6700,10400,14600,23200.0
02037500,01-18,1360.0,2550,4120,6310,9700,15900,22100.0
02037500,01-19,1600.0,2090,3840,6400,9120,16400,24700.0
02037500,01-20,1420.0,2680,3680,6500,8420,15400,20500.0
02037500,01-21,1870.0,2790,3850,6290,8170,16200,23000.0
02037500,01-22,1950.0,2630,3790,6090,9720,18800,29700.0
02037500,01-23,1930.0,2520,4000,6340,10600,20400,27500.0
02037500,01-24,1830.0,2420,4250,6390,10900,20200,24500.0
02037500,01-25,1620.0,2380,4360,6690,11000,22600,27300.0
02037500,01-26,1700.0,2180,4420,7170,13900,24300,33100.0
02037500,01-27,1570.0,2190,3980,6980,13700,21100,31500.0
02037500,01-28,1710.0,2100,3980,7150,14200,22400,34300.0
02037500,01-29,1760.0,2080,4080,6950,13500,20400,40600.0
02037500,01-30,1610.0,2200,4200,6640,11400,22900,35100.0
02037500,01-31,1640.0,2120,4180,6450,10500,17900,25500.0
02037500,02-01,1660.0,2360,4230,6370,10800,18100,24900.0
02037500,02-02,1480.0,2970,4130,6450,13000,17500,24400.0
02037500,02-03,1610.0,2680,4060,6410,12100,18900,28100.0
02037500,02-04,1900.0,2710,3940,6980,12700,20800,29400.0
02037500,02-05,1830.0,2940,4180,6980,13000,20400,43500.0
02037500,02-06,1770.0,3150,4540,7070,11300,26600,35900.0
02037500,02-07,2090.0,2960,4340,7110,13100,22300,24900.0
02037500,02-08,1860.0,2890,4540,7300,14000,21000,33200.0
02037500,02-09,1880.0,2900,4520,7720,13000,26000,35600.0
02037500,02-10,2010.0,2860,4360,7530,12900,21300,27200.0
02037500,02-11,2060.0,2810,4090,7410,11900,20400,23200.0
02037500,02-12,2290.0,2940,4210,7000,12400,20400,23800.0
02037500,02-13,2660.0,3100,4120,7840,13200,21100,25800.0
02037500,02-14,2610.0,3150,4790,7840,14200,23800,30300.0
02037500,02-15,2650.0,3270,4690,7500,14200,22500,46000.0
02037500,02-16,2810.0,3320,5080,7490,13100,21100,47000.0
02037500,02-17,3000.0,3270,4730,8000,12300,22000,36700.0
02037500,02-18,2880.0,3450,5010,8060,12900,19000,30300.0
02037500,02-19,2900.0,3620,5010,8040,13100,23400,30500.0
02037500,02-20,2780.0,3580,5470,7990,13300,24500,29400.0
02037500,02-21,2760.0,3450,5620,8690,13300,21000,25900.0
02037500,02-22,2850.0,3470,5660,8790,12800,19500,23900.0
02037500,02-23,2990.0,3370,5590,8940,13700,26000,32700.0
02037500,02-24,2840.0,3360,5540,8790,12700,28700,42000.0
02037500,02-25,2810.0,3330,5700,8760,11800,25400,48300.0
02037500,02-26,2870.0,3090,5570,8240,12000,21700,42100.0
02037500,02-27,2660.0,3130,5430,8060,13200,25900,33000.0
02037500,02-28,2600.0,3060,5380,8300,12000,24800,31100.0
02037500,02-29,2930.0,3540,5730,7000,11300,24200,43100.0
02037500,03-01,2490.0,2910,5500,7780,11800,23100,27800.0
02037500,03-02,2670.0,3100,5660,8040,12300,24700,30000.0
02037500,03-03,2730.0,3320,5370,7530,11800,27200,42900.0
02037500,03-04,2640.0,3740,5150,7990,13300,23100,39100.0
02037500,03-05,2770.0,3800,5120,7850,13900,28000,34300.0
02037500,03-06,3040.0,3720,5550,7750,13800,27500,36600.0
02037500,03-07,3330.0,3700,5600,9490,16100,27200,37600.0
02037500,03-08,3100.0,3740,5770,10100,16300,29100,37900.0
02037500,03-09,3540.0,3700,5790,10100,16300,22400,27000.0
02037500,03-10,3450.0,3940,6130,9740,14300,19500,25500.0
02037500,03-11,3300.0,4260,6030,9130,14000,18500,26500.0
02037500,03-12,3420.0,4200,5810,8940,13500,18200,29400.0
02037500,03-13,3340.0,4420,6020,8600,12900,21500,39300.0
02037500,03-14,3190.0,4350,6190,8760,13100,22800,37600.0
02037500,03-15,3390.0,4340,6410,9100,14500,26000,40700.0
02037500,03-16,3470.0,4230,6170,8960,14700,26100,35300.0
02037500,03-17,3440.0,4150,6190,9110,13400,22000,41000.0
02037500,03-18,3220.0,4100,5960,9690,13700,22500,33400.0
02037500,03-19,3390.0,4520,6210,9490,15200,21600,35100.0
02037500,03-20,3440.0,4440,6270,9680,15700,22600,35600.0
02037500,03-21,3700.0,4450,6520,9360,14700,25100,35000.0
02037500,03-22,3660.0,4300,6760,9520,14400,27800,40000.0
02037500,03-23,3630.0,4300,6780,9560,17200,27200,32900.0
02037500,03-24,3510.0,4270,6650,9670,16400,24800,31100.0
02037500,03-25,3280.0,4100,6260,10500,17100,25400,32600.0
02037500,03-26,3230.0,4170,6320,10300,14500,24700,34300.0
02037500,03-27,3250.0,4280,6100,9830,14800,26000,30700.0
02037500,03-28,3440.0,4520,6100,9240,14100,25300,30200.0
02037500,03-29,3390.0,4300,6340,8890,13200,26000,42200.0
02037500,03-30,3260.0,4240,6840,9110,12700,23800,39500.0
02037500,03-31,3360.0,4090,6390,8330,13700,23100,38600.0
02037500,04-01,3650.0,4140,6030,8280,13600,26100,37400.0
02037500,04-02,3710.0,4320,5830,7990,14700,25900,31800.0
02037500,04-03,3720.0,4580,5650,7730,15200,23700,31700.0
02037500,04-04,3660.0,4660,5690,7340,15100,24800,30900.0
02037500,04-05,3590.0,4320,5550,7430,14100,21500,28100.0
02037500,04-06,3770.0,4580,5540,7690,13500,21200,29700.0
02037500,04-07,3980.0,4420,5460,8520,13000,19900,31900.0
02037500,04-08,3660.0,4450,5530,8560,13300,18400,25300.0
02037500,04-09,3550.0,4240,5580,9100,13800,19700,27600.0
02037500,04-10,3490.0,4080,5490,8480,14200,19400,30700.0
02037500,04-11,3400.0,3840,5310,8020,12800,21500,32700.0
02037500,04-12,3400.0,3820,5180,7520,11900,18400,27800.0
02037500,04-13,3120.0,4080,5280,7910,11900,19900,24900.0
02037500,04-14,3410.0,3840,5150,7530,14100,24300,30900.0
02037500,04-15,3490.0,3950,4990,7340,13800,27000,34200.0
02037500,04-16,3370.0,3820,4890,7800,15900,26000,40300.0
02037500,04-17,3410.0,3820,4840,7840,15400,28800,41700.0
02037500,04-18,3410.0,3890,5230,7570,14700,26200,41600.0
02037500,04-19,3320.0,3950,4920,7190,12600,21000,29200.0
02037500,04-20,3280.0,3880,4920,7150,11900,19400,25200.0
02037500,04-21,3180.0,3780,4680,7400,11300,17500,37100.0
02037500,04-22,3070.0,3780,4750,7070,10700,16800,36400.0
02037500,04-23,2960.0,3680,4710,6760,10100,18100,27000.0
02037500,04-24,3000.0,3450,4720,6450,10100,18000,22600.0
02037500,04-25,3130.0,3490,4640,6890,10200,18000,23400.0
02037500,04-26,3160.0,3570,4930,6960,10700,21000,27600.0
02037500,04-27,3300.0,3500,4890,7000,10400,21600,35400.0
02037500,04-28,3190.0,3500,4800,7170,9990,19100,41000.0
02037500,04-29,3230.0,3370,4840,7310,12000,20100,35100.0
02037500,04-30,3150.0,3290,4710,6810,11100,23100,28500.0
02037500,05-01,3000.0,3410,4440,6890,10300,21000,24600.0
02037500,05-02,3020.0,3320,4290,7150,10200,16500,19000.0
02037500,05-03,2990.0,3400,4200,7160,10800,14300,18800.0
02037500,05-04,2980.0,3220,4280,7020,10400,15000,25800.0
02037500,05-05,2860.0,3320,4250,6870,10200,20200,26700.0
02037500,05-06,2740.0,3100,4410,7050,10000,17900,27200.0
02037500,05-07,2680.0,2950,4260,6970,10600,18400,26000.0
02037500,05-08,2770.0,2960,4270,6960,9980,22000,28200.0
02037500,05-09,2660.0,2920,4280,6830,10500,22000,33300.0
02037500,05-10,2600.0,3000,3980,6470,10800,20700,30200.0
02037500,05-11,2450.0,2900,3980,6300,10600,16400,24100.0
02037500,05-12,2320.0,2520,3640,6160,9990,17400,18900.0
02037500,05-13,2230.0,2520,3630,6010,9820,14500,19400.0
02037500,05-14,2170.0,2580,3490,6010,9890,17000,21500.0
02037500,05-15,2170.0,2550,3640,5740,10400,16300,19400.0
02037500,05-16,2090.0,2580,3810,5730,10900,17200,22500.0
02037500,05-17,2040.0,2860,3830,6200,11000,15000,27400.0
02037500,05-18,2100.0,2750,4040,6160,10200,21000,23800.0
02037500,05-19,2320.0,2800,3960,6600,10200,20400,28900.0
02037500,05-20,2330.0,2900,4220,6570,10200,15000,20000.0
02037500,05-21,2330.0,2720,4280,6500,10200,16000,18000.0
02037500,05-22,2200.0,2680,3990,6810,9630,14000,21300.0
02037500,05-23,2040.0,2620,4250,6500,8800,13700,23200.0
02037500,05-24,1950.0,2680,4040,6320,8520,15400,23800.0
02037500,05-25,1940.0,2450,4000,5650,8290,13500,23900.0
02037500,05-26,1940.0,2140,3770,5690,7990,13200,18600.0
02037500,05-27,1900.0,2480,3640,5270,7550,13500,17900.0
02037500,05-28,1910.0,2620,3580,5470,7890,16900,21600.0
02037500,05-29,1870.0,2430,3510,5820,8320,16600,24100.0
02037500,05-30,1930.0,2310,3550,5120,8110,15000,27900.0
02037500,05-31,1810.0,2320,3600,5450,8480,15500,20600.0
02037500,06-01,1570.0,2220,3330,4770,7990,13900,23400.0
02037500,06-02,1720.0,1980,3280,4670,7160,13300,20200.0
02037500,06-03,1670.0,2140,3250,4770,7250,13100,19100.0
02037500,06-04,1730.0,2040,3190,4770,7490,13500,24400.0
02037500,06-05,1600.0,2000,3040,4620,6720,16000,22700.0
02037500,06-06,1620.0,1800,2880,4530,7420,14000,24100.0
02037500,06-07,1420.0,1560,2840,4440,6920,11600,17000.0
02037500,06-08,1430.0,1580,2820,4020,6840,10800,17300.0
02037500,06-09,1400.0,1820,2720,3770,6290,9220,12000.0
02037500,06-10,1390.0,1800,2710,4200,6120,8950,13000.0
02037500,06-11,1280.0,1860,2540,4030,5420,10900,14800.0
02037500,06-12,1260.0,1480,2530,3940,6010,10900,16900.0
02037500,06-13,1280.0,1580,2230,3740,5690,12800,19300.0
02037500,06-14,1170.0,1430,2350,3520,5700,15700,19600.0
02037500,06-15,1140.0,1450,2590,3560,6240,11000,16500.0
02037500,06-16,1120.0,1400,2520,3500,5420,9270,13700.0
02037500,06-17,1220.0,1370,2260,3410,5540,8890,15300.0
02037500,06-18,1210.0,1520,2270,3400,5740,9540,12400.0
02037500,06-19,1130.0,1310,2290,3320,5450,11000,17100.0
02037500,06-20,1130.0,1380,2220,3260,5820,9860,16300.0
02037500,06-21,1100.0,1380,2120,3290,5730,11200,16600.0
02037500,06-22,1010.0,1300,2050,3130,5620,9600,20600.0
02037500,06-23,961.0,1220,1890,2970,5350,10500,25200.0
02037500,06-24,847.0,1160,1940,3120,5620,10600,19000.0
02037500,06-25,724.0,1030,1940,3020,5200,9510,15400.0
02037500,06-26,847.0,1260,1840,2980,4920,8190,11900.0
02037500,06-27,754.0,952,1630,2850,4640,8580,9750.0
02037500,06-28,736.0,890,1700,2700,4640,8760,12800.0
02037500,06-29,533.0,813,1520,2670,4400,6690,13700.0
02037500,06-30,678.0,765,1540,2570,4200,7870,11600.0
02037500,07-01,550.0,775,1670,2730,3800,6830,9740.0
02037500,07-02,580.0,670,1500,2650,4130,6430,11000.0
02037500,07-03,509.0,850,1480,2650,4260,6020,10400.0
02037500,07-04,510.0,850,1600,2590,3750,5520,9130.0
02037500,07-05,580.0,778,1620,2450,3620,6240,13100.0
02037500,07-06,570.0,880,1380,2580,3730,6310,11900.0
02037500,07-07,530.0,880,1410,2600,3560,6350,14500.0
02037500,07-08,507.0,817,1420,2680,3610,6850,14100.0
02037500,07-09,415.0,796,1430,2660,3870,6810,10600.0
02037500,07-10,346.0,770,1410,2710,3850,7620,9420.0
02037500,07-11,480.0,790,1360,2700,3560,7130,10800.0
02037500,07-12,586.0,850,1490,2410,3500,6310,9660.0
02037500,07-13,663.0,850,1570,2500,3690,6620,9800.0
02037500,07-14,645.0,830,1500,2350,3750,7130,9850.0
02037500,07-15,560.0,750,1430,2250,3780,6690,10700.0
02037500,07-16,560.0,990,1370,2250,3410,7500,10900.0
02037500,07-17,550.0,970,1400,2070,3370,7690,17800.0
02037500,07-18,630.0,880,1340,2020,3360,7320,13500.0
02037500,07-19,550.0,814,1240,1980,3390,6960,8920.0
02037500,07-20,540.0,730,1170,1880,3280,6110,7670.0
02037500,07-21,490.0,830,1260,1930,3240,5400,8010.0
02037500,07-22,540.0,790,1230,2130,3210,5550,8450.0
02037500,07-23,421.0,842,1310,2180,3550,6280,9680.0
02037500,07-24,520.0,850,1230,2180,3470,5770,7350.0
02037500,07-25,663.0,790,1220,2070,3520,5570,8690.0
02037500,07-26,721.0,775,1290,2220,3680,5270,7430.0
02037500,07-27,512.0,865,1330,2270,3600,5400,6880.0
02037500,07-28,389.0,754,1340,2280,3620,5330,5890.0
02037500,07-29,453.0,730,1410,2310,3580,5060,5980.0
02037500,07-30,371.0,730,1440,2180,3370,5250,8520.0
02037500,07-31,311.0,650,1410,2150,3200,4530,11600.0
02037500,08-01,451.0,861,1310,2140,3320,4600,9030.0
02037500,08-02,490.0,754,1230,2160,3250,5310,9180.0
02037500,08-03,530.0,570,1390,1980,3060,5240,8350.0
02037500,08-04,432.0,740,1230,1970,3000,4820,10800.0
02037500,08-05,413.0,764,1160,1900,3350,4940,11500.0
02037500,08-06,448.0,590,1240,1850,3570,5570,11000.0
02037500,08-07,435.0,675,1160,1950,3400,6340,9630.0
02037500,08-08,248.0,650,1190,2050,3290,6480,7830.0
02037500,08-09,214.0,715,1180,2260,3350,6320,7790.0
02037500,08-10,181.0,609,1170,2060,3020,6330,11400.0
02037500,08-11,266.0,540,1170,2020,3490,5850,14800.0
02037500,08-12,188.0,530,1220,2020,3040,5560,11900.0
02037500,08-13,174.0,589,1170,2040,3050,6500,11600.0
02037500,08-14,188.0,526,1110,1920,3180,6000,9530.0
02037500,08-15,220.0,522,1080,2000,3230,7250,11900.0
02037500,08-16,173.0,417,1100,1970,3160,6000,21700.0
02037500,08-17,131.0,352,1030,1830,3400,6270,15100.0
02037500,08-18,108.0,380,1060,1910,3250,5500,14900.0
02037500,08-19,136.0,314,970,1860,3360,8120,23800.0
02037500,08-20,139.0,431,1060,1700,3030,8610,30900.0
02037500,08-21,153.0,372,1010,1800,3160,6940,20900.0
02037500,08-22,198.0,449,980,1750,2990,6360,13100.0
02037500,08-23,192.0,392,1010,1720,3310,5840,10100.0
02037500,08-24,282.0,470,1000,1700,3520,6340,7900.0
02037500,08-25,246.0,448,1070,1700,3210,5380,8430.0
02037500,08-26,237.0,415,920,1720,2660,5920,9210.0
02037500,08-27,180.0,334,890,1730,3200,5620,7690.0
02037500,08-28,136.0,290,873,1680,3160,5850,7170.0
02037500,08-29,132.0,275,1030,1730,3050,4600,6970.0
02037500,08-30,79.0,262,978,1770,3180,5460,7390.0
02037500,08-31,60.0,234,1060,1630,2880,4950,5870.0
02037500,09-01,56.0,167,1060,1600,3070,4800,9870.0
02037500,09-02,136.0,217,1050,1580,2890,7030,17400.0
02037500,09-03,97.0,314,953,1590,3000,6610,15100.0
02037500,09-04,94.0,208,900,1510,2650,8040,11200.0
02037500,09-05,89.0,248,953,1490,2780,6370,9440.0
02037500,09-06,66.0,154,1020,1500,2720,6150,11300.0
02037500,09-07,54.0,113,1000,1480,2870,7200,19700.0
02037500,09-08,46.0,180,1060,1440,3060,6450,21900.0
02037500,09-09,48.0,275,1020,1520,2810,6590,17400.0
02037500,09-10,57.0,314,1010,1450,2940,5560,11800.0
02037500,09-11,58.0,275,956,1440,2690,6810,13900.0
02037500,09-12,66.0,275,926,1430,2640,6720,13100.0
02037500,09-13,122.0,372,978,1440,2650,5550,11800.0
02037500,09-14,181.0,392,865,1370,2630,5700,9690.0
02037500,09-15,124.0,364,954,1340,2340,5230,7920.0
02037500,09-16,211.0,470,954,1420,2380,5230,6600.0
02037500,09-17,138.0,392,958,1340,2590,3980,8170.0
02037500,09-18,126.0,248,1020,1340,2240,6160,9820.0
02037500,09-19,91.0,180,1010,1480,2180,6960,30300.0
02037500,09-20,58.0,246,1020,1530,2350,6480,24900.0
02037500,09-21,117.0,353,1020,1470,2410,8830,17300.0
02037500,09-22,103.0,345,944,1400,2570,9960,14200.0
02037500,09-23,59.0,262,900,1430,2740,8410,10600.0
02037500,09-24,68.0,412,896,1510,3110,7930,23100.0
02037500,09-25,62.0,412,867,1480,2540,6070,25900.0
02037500,09-26,84.0,398,1000,1490,2480,5080,19200.0
02037500,09-27,72.0,392,1040,1560,2610,6340,16800.0
02037500,09-28,154.0,392,984,1560,2690,6660,15800.0
02037500,09-29,144.0,362,998,1590,3360,9900,14400.0
02037500,09-30,93.0,234,968,1660,3770,11300,21000.0
02037500,10-01,84.0,344,1120,1670,3870,10100,34700.0
02037500,10-02,97.0,300,1080,1800,4070,17400,26100.0
02037500,10-03,80.0,564,1040,1770,4030,15100,22100.0
02037500,10-04,78.0,488,1100,1840,3940,12000,17700.0
02037500,10-05,139.0,627,1060,1640,3420,8250,18300.0
02037500,10-06,95.0,456,1080,1600,3460,7940,16200.0
02037500,10-07,48.0,574,1010,1500,3490,7660,16400.0
02037500,10-08,70.0,577,983,1670,3330,7620,13100.0
02037500,10-09,129.0,647,943,1700,3320,8710,13500.0
02037500,10-10,139.0,665,952,1670,3440,8420,16300.0
02037500,10-11,143.0,444,1040,1600,3110,8470,12100.0
02037500,10-12,69.0,576,1010,1810,3590,8140,10100.0
02037500,10-13,66.0,567,1020,1680,3530,7730,13600.0
02037500,10-14,80.0,541,1050,1650,3290,6540,17000.0
02037500,10-15,132.0,481,1100,1670,3390,6410,15700.0
02037500,10-16,199.0,439,1010,1760,3290,5810,9930.0
02037500,10-17,112.0,534,1090,1730,3090,6320,12300.0
02037500,10-18,144.0,559,1050,1660,2950,5690,11900.0
02037500,10-19,312.0,590,1100,1710,3040,6790,12200.0
02037500,10-20,291.0,610,1140,1790,3420,9740,17200.0
02037500,10-21,331.0,600,1080,1950,4120,11000,27500.0
02037500,10-22,329.0,675,1200,1860,4020,12200,22700.0
02037500,10-23,460.0,762,1160,1820,3870,9320,15000.0
02037500,10-24,427.0,765,1180,1810,3930,7520,17900.0
02037500,10-25,451.0,700,1320,1820,3960,8400,15300.0
02037500,10-26,500.0,720,1260,1880,4030,7230,15200.0
02037500,10-27,520.0,754,1290,1870,4090,8470,13700.0
02037500,10-28,460.0,775,1240,2140,4740,7890,12000.0
02037500,10-29,560.0,775,1360,2110,4810,9860,14700.0
02037500,10-30,550.0,807,1350,2200,5380,9490,14700.0
02037500,10-31,692.0,830,1370,2280,5050,8760,12600.0
02037500,11-01,632.0,870,1450,2140,5350,7840,14400.0
02037500,11-02,623.0,845,1460,2210,4770,9950,15900.0
02037500,11-03,592.0,880,1430,2280,4530,9900,13500.0
02037500,11-04,570.0,880,1360,2270,4550,9890,10900.0
02037500,11-05,640.0,922,1490,2530,4930,9320,15000.0
02037500,11-06,744.0,940,1490,2430,5010,8380,15200.0
02037500,11-07,630.0,908,1500,2270,4600,8600,18300.0
02037500,11-08,664.0,908,1550,2670,4590,8760,19300.0
02037500,11-09,670.0,1100,1600,2780,5010,11000,21000.0
02037500,11-10,780.0,1050,1620,2700,4990,10600,17100.0
02037500,11-11,747.0,1120,1540,2620,4730,12400,15700.0
02037500,11-12,717.0,1100,1620,2480,4980,12200,15600.0
02037500,11-13,726.0,1000,1570,2560,5850,17200,22100.0
02037500,11-14,700.0,908,1540,2460,6240,16700,21900.0
02037500,11-15,750.0,1000,1450,2470,5750,14000,25600.0
02037500,11-16,710.0,908,1490,2450,5080,15000,19400.0
02037500,11-17,658.0,1000,1490,2550,5390,12500,18100.0
02037500,11-18,550.0,960,1500,2560,5900,11800,21200.0
02037500,11-19,540.0,1010,1570,2560,5560,11000,18300.0
02037500,11-20,560.0,1050,1600,2600,5510,9740,18300.0
02037500,11-21,610.0,1120,1720,2500,5180,13100,20100.0
02037500,11-22,611.0,1070,1730,2800,5310,13100,22800.0
02037500,11-23,680.0,1160,1810,3180,5450,11100,20700.0
02037500,11-24,671.0,1060,1760,3020,6100,10800,17200.0
02037500,11-25,701.0,1050,1490,2950,6430,11000,17100.0
02037500,11-26,774.0,1140,1700,3310,6710,13600,18200.0
02037500,11-27,825.0,1160,1720,3310,6280,13900,17400.0
02037500,11-28,911.0,1120,1820,3450,6910,13100,19500.0
02037500,11-29,864.0,1050,1750,3580,7270,12400,23000.0
02037500,11-30,849.0,1160,1760,3450,7200,13700,19200.0
02037500,12-01,818.0,1180,1900,3630,7750,18300,26300.0
02037500,12-02,766.0,1190,2030,3630,8200,15400,30200.0
02037500,12-03,724.0,1190,1990,3840,7330,17000,22300.0
02037500,12-04,785.0,1300,2010,3970,7990,14900,22000.0
02037500,12-05,986.0,1210,2010,3660,8220,15600,23100.0
02037500,12-06,1070.0,1310,2150,3700,8600,16100,34700.0
02037500,12-07,1020.0,1400,2180,4030,7920,15200,27000.0
02037500,12-08,1010.0,1440,2120,4140,7470,14500,21900.0
02037500,12-09,998.0,1300,2140,4660,8920,13100,23100.0
02037500,12-10,976.0,1210,2160,4300,8320,18900,22000.0
02037500,12-11,880.0,1300,2270,4900,7900,18800,24600.0
02037500,12-12,966.0,1300,2510,5290,10500,16800,29900.0
02037500,12-13,1060.0,1460,2310,5030,10200,18000,26700.0
02037500,12-14,976.0,1540,2530,4880,8860,17000,27800.0
02037500,12-15,849.0,1540,2840,5680,9240,18900,23700.0
02037500,12-16,987.0,1620,3180,5530,8960,17400,20900.0
02037500,12-17,1180.0,1590,3110,5270,8330,16500,23800.0
02037500,12-18,1070.0,1380,3130,5200,8000,15300,26000.0
02037500,12-19,1020.0,1410,2990,4980,7820,15900,23000.0
02037500,12-20,1040.0,1280,3010,4910,7750,16100,18600.0
02037500,12-21,1020.0,1320,2810,4980,7940,15000,19400.0
02037500,12-22,940.0,1370,2800,4750,7600,14900,19400.0
02037500,12-23,960.0,1490,2630,4710,7950,13500,29500.0
02037500,12-24,874.0,1500,2660,4880,8330,15400,28400.0
02037500,12-25,910.0,1460,2570,4610,8230,21400,29600.0
02037500,12-26,1050.0,1640,2840,4980,8880,19500,24600.0
02037500,12-27,1220.0,1690,3040,5290,9450,17000,23200.0
02037500,12-28,1090.0,1900,3390,5650,9690,16000,19900.0
02037500,12-29,1430.0,1910,3460,5550,10400,16900,22400.0
02037500,12-30,1420.0,1850,3440,5500,11600,19200,28200.0
02037500,12-31,1290.0,1920,3630,5720,9900,19100,26900.0
02039500,01-01,77.0,107,139,212,379,711,1130.0
02039500,01-02,71.0,107,153,219,364,672,1750.0
02039500,01-03,80.0,106,151,223,412,778,1120.0
02039500,01-04,88.0,105,150,217,408,764,1440.0
02039500,01-05,82.0,101,152,235,380,691,1020.0
02039500,01-06,92.0,104,157,224,342,595,1030.0
02039500,01-07,94.0,114,151,227,364,563,718.0
02039500,01-08,91.0,108,155,214,417,638,871.0
02039500,01-09,97.0,106,148,216,418,776,1450.0
02039500,01-10,97.0,109,151,232,385,787,2130.0
02039500,01-11,99.0,114,151,227,406,790,1110.0
02039500,01-12,95.0,114,152,239,366,568,1070.0
02039500,01-13,92.0,113,156,216,349,648,1090.0
02039500,01-14,89.0,114,157,245,367,786,1220.0
02039500,01-15,90.0,106,161,247,392,834,1640.0
02039500,01-16,90.0,110,149,234,480,813,1020.0
02039500,01-17,87.0,103,144,222,388,695,948.0
02039500,01-18,80.0,109,145,230,366,555,925.0
02039500,01-19,91.0,105,160,246,347,619,1620.0
02039500,01-20,99.0,118,156,249,365,898,1580.0
02039500,01-21,103.0,116,156,265,377,706,1510.0
02039500,01-22,107.0,119,151,252,435,778,1200.0
02039500,01-23,110.0,116,166,244,355,958,1220.0
02039500,01-24,110.0,118,174,246,348,787,1400.0
02039500,01-25,109.0,119,156,249,492,1190,1430.0
02039500,01-26,100.0,114,157,255,500,1040,1830.0
02039500,01-27,102.0,111,158,249,441,876,1320.0
02039500,01-28,89.0,111,162,245,375,812,1500.0
02039500,01-29,102.0,110,159,228,359,771,1460.0
02039500,01-30,99.0,114,161,226,341,670,781.0
02039500,01-31,93.0,109,159,237,370,605,957.0
02039500,02-01,95.0,110,155,231,400,715,1070.0
02039500,02-02,95.0,105,166,239,379,766,1080.0
02039500,02-03,82.0,113,177,263,426,694,822.0
02039500,02-04,90.0,109,171,265,399,776,1460.0
02039500,02-05,102.0,122,176,260,419,806,1380.0
02039500,02-06,105.0,132,181,264,416,705,1290.0
02039500,02-07,105.0,140,182,299,476,916,1690.0
02039500,02-08,110.0,143,194,281,467,999,1350.0
02039500,02-09,115.0,136,180,278,403,753,1140.0
02039500,02-10,127.0,138,171,268,490,707,1110.0
02039500,02-11,122.0,137,187,272,479,760,1430.0
02039500,02-12,114.0,133,185,284,517,946,1280.0
02039500,02-13,115.0,129,189,280,531,937,1130.0
02039500,02-14,112.0,127,196,278,504,923,1710.0
02039500,02-15,117.0,129,211,280,481,1120,1420.0
02039500,02-16,115.0,130,190,292,476,1010,1670.0
02039500,02-17,125.0,144,190,315,514,913,1380.0
02039500,02-18,128.0,159,190,309,502,1050,1210.0
02039500,02-19,124.0,149,197,292,468,973,1250.0
02039500,02-20,124.0,142,196,294,501,886,1320.0
02039500,02-21,118.0,140,195,283,508,842,1170.0
02039500,02-22,118.0,144,190,272,479,881,1080.0
02039500,02-23,126.0,143,183,267,557,920,1350.0
02039500,02-24,122.0,136,183,281,460,1110,2530.0
02039500,02-25,119.0,131,197,269,400,788,1460.0
02039500,02-26,119.0,129,196,272,414,708,968.0
02039500,02-27,114.0,125,194,264,432,704,995.0
02039500,02-28,114.0,126,192,260,438,600,973.0
02039500,02-29,114.0,128,201,234,415,864,1240.0
02039500,03-01,118.0,139,198,270,415,953,1210.0
02039500,03-02,116.0,142,188,258,445,954,1600.0
02039500,03-03,124.0,142,196,278,413,730,933.0
02039500,03-04,122.0,143,201,295,449,820,1130.0
02039500,03-05,130.0,150,199,294,443,798,1370.0
02039500,03-06,127.0,137,215,306,497,1160,1660.0
02039500,03-07,121.0,138,200,300,547,1140,2070.0
02039500,03-08,115.0,140,221,317,520,893,1380.0
02039500,03-09,112.0,138,224,316,468,670,860.0
02039500,03-10,111.0,157,210,289,403,642,952.0
02039500,03-11,107.0,135,200,264,379,602,1020.0
02039500,03-12,104.0,160,188,263,377,602,852.0
02039500,03-13,120.0,153,187,264,403,822,1500.0
02039500,03-14,128.0,150,189,277,405,1010,1620.0
02039500,03-15,127.0,151,185,283,423,757,1210.0
02039500,03-16,131.0,143,212,291,390,736,1110.0
02039500,03-17,124.0,140,207,306,467,998,1250.0
02039500,03-18,122.0,143,199,308,458,1110,2280.0
02039500,03-19,126.0,138,199,310,415,1120,1900.0
02039500,03-20,132.0,137,215,321,459,995,1640.0
02039500,03-21,126.0,139,220,307,538,912,1230.0
02039500,03-22,127.0,151,219,306,508,1010,1740.0
02039500,03-23,121.0,144,222,307,461,823,1010.0
02039500,03-24,129.0,146,202,283,487,1120,1420.0
02039500,03-25,129.0,142,211,273,451,1050,1430.0
02039500,03-26,120.0,144,193,285,415,961,1480.0
02039500,03-27,123.0,148,190,280,432,863,1390.0
02039500,03-28,128.0,150,192,288,411,1320,1980.0
02039500,03-29,122.0,156,193,272,416,1090,2400.0
02039500,03-30,120.0,142,187,280,413,753,2490.0
02039500,03-31,130.0,151,190,271,441,772,1280.0
02039500,04-01,145.0,163,201,278,485,997,1580.0
02039500,04-02,139.0,161,192,270,482,858,1280.0
02039500,04-03,140.0,153,183,254,441,689,1170.0
02039500,04-04,130.0,146,180,244,391,737,1190.0
02039500,04-05,134.0,147,174,248,378,784,1440.0
02039500,04-06,132.0,148,176,246,397,788,1510.0
02039500,04-07,127.0,146,176,285,501,984,1130.0
02039500,04-08,122.0,145,177,303,508,1060,1330.0
02039500,04-09,117.0,137,181,286,492,933,2110.0
02039500,04-10,116.0,135,175,250,447,1150,1290.0
02039500,04-11,120.0,135,178,250,391,663,1170.0
02039500,04-12,116.0,136,184,275,391,742,922.0
02039500,04-13,118.0,129,178,275,455,874,1020.0
02039500,04-14,118.0,132,175,260,418,762,1180.0
02039500,04-15,122.0,134,177,260,409,588,998.0
02039500,04-16,117.0,142,178,264,429,972,1550.0
02039500,04-17,113.0,139,181,250,414,965,2220.0
02039500,04-18,117.0,136,180,246,356,784,1630.0
02039500,04-19,110.0,128,180,236,337,532,748.0
02039500,04-20,104.0,124,169,240,324,512,1070.0
02039500,04-21,99.0,125,170,232,304,538,825.0
02039500,04-22,107.0,130,168,220,296,448,586.0
02039500,04-23,108.0,125,169,224,316,486,600.0
02039500,04-24,112.0,124,171,220,296,431,561.0
02039500,04-25,107.0,125,158,222,314,484,1130.0
02039500,04-26,100.0,126,160,229,333,836,1100.0
02039500,04-27,111.0,129,161,230,335,574,1250.0
02039500,04-28,113.0,127,157,227,320,713,1360.0
02039500,04-29,111.0,127,153,215,316,797,1570.0
02039500,04-30,110.0,117,149,216,279,640,864.0
02039500,05-01,102.0,117,144,216,306,506,719.0
02039500,05-02,101.0,114,139,215,304,512,670.0
02039500,05-03,98.0,113,141,211,284,532,711.0
02039500,05-04,95.0,110,150,221,294,517,843.0
02039500,05-05,93.0,108,155,221,312,496,851.0
02039500,05-06,89.0,104,143,208,316,560,1130.0
02039500,05-07,96.0,109,145,207,296,474,938.0
02039500,05-08,93.0,107,139,204,308,497,893.0
02039500,05-09,92.0,101,136,190,266,456,755.0
02039500,05-10,91.0,95,124,182,261,490,669.0
02039500,05-11,84.0,95,122,176,256,430,742.0
02039500,05-12,81.0,93,120,175,265,458,644.0
02039500,05-13,86.0,96,119,180,270,514,746.0
02039500,05-14,79.0,96,133,189,287,540,1280.0
02039500,05-15,79.0,94,134,196,281,466,1080.0
02039500,05-16,85.0,96,136,194,273,531,855.0
02039500,05-17,79.0,90,137,183,283,427,873.0
02039500,05-18,78.0,91,130,196,279,571,864.0
02039500,05-19,82.0,103,126,188,269,655,1070.0
02039500,05-20,87.0,97,138,181,269,432,680.0
02039500,05-21,79.0,91,122,183,270,501,1010.0
02039500,05-22,85.0,92,120,174,267,594,1030.0
02039500,05-23,82.0,90,132,173,264,497,858.0
02039500,05-24,79.0,91,119,167,267,450,623.0
02039500,05-25,75.0,88,117,160,236,391,704.0
02039500,05-26,72.0,84,117,173,248,341,461.0
02039500,05-27,69.0,84,113,167,251,368,648.0
02039500,05-28,66.0,83,113,166,261,512,1140.0
02039500,05-29,76.0,91,117,172,269,597,1170.0
02039500,05-30,73.0,88,116,172,255,551,759.0
02039500,05-31,61.0,85,106,165,242,392,644.0
02039500,06-01,61.0,79,106,159,218,336,535.0
02039500,06-02,65.0,80,102,152,223,358,488.0
02039500,06-03,70.0,80,104,156,210,328,392.0
02039500,06-04,65.0,76,105,150,211,372,630.0
02039500,06-05,62.0,70,106,146,210,289,1220.0
02039500,06-06,60.0,68,107,145,196,304,603.0
02039500,06-07,60.0,65,101,141,197,319,557.0
02039500,06-08,58.0,65,97,141,198,372,433.0
02039500,06-09,56.0,62,91,133,194,278,525.0
02039500,06-10,53.0,65,92,139,206,582,722.0
02039500,06-11,49.0,62,91,143,218,476,828.0
02039500,06-12,55.0,65,88,141,197,325,494.0
02039500,06-13,56.0,62,89,139,190,371,711.0
02039500,06-14,56.0,68,88,129,190,345,585.0
02039500,06-15,56.0,67,86,128,193,327,461.0
02039500,06-16,57.0,64,83,128,198,340,541.0
02039500,06-17,55.0,59,81,130,194,312,374.0
02039500,06-18,52.0,57,80,125,203,334,559.0
02039500,06-19,49.0,57,82,128,193,328,457.0
02039500,06-20,49.0,57,81,122,181,265,332.0
02039500,06-21,47.0,54,74,119,179,229,271.0
02039500,06-22,43.0,50,72,117,179,301,385.0
02039500,06-23,45.0,53,73,110,201,343,533.0
02039500,06-24,43.0,53,78,108,196,360,548.0
02039500,06-25,43.0,54,73,110,174,249,310.0
02039500,06-26,41.0,50,73,109,169,230,320.0
02039500,06-27,40.0,50,73,113,176,362,593.0
02039500,06-28,38.0,48,74,113,161,349,504.0
02039500,06-29,35.0,47,71,104,166,272,433.0
02039500,06-30,30.0,48,70,100,155,225,303.0
02039500,07-01,29.0,51,67,100,144,223,317.0
02039500,07-02,39.0,42,66,94,169,280,370.0
02039500,07-03,35.0,46,68,94,155,232,623.0
02039500,07-04,32.0,45,67,95,155,255,442.0
02039500,07-05,36.0,50,62,99,159,271,693.0
02039500,07-06,37.0,50,59,106,165,352,577.0
02039500,07-07,30.0,48,61,116,166,338,484.0
02039500,07-08,34.0,45,68,106,151,353,421.0
02039500,07-09,35.0,45,67,101,152,263,376.0
02039500,07-10,39.0,45,64,99,159,253,355.0
02039500,07-11,38.0,46,64,101,157,343,539.0
02039500,07-12,39.0,45,65,99,151,330,717.0
02039500,07-13,34.0,47,67,102,147,319,583.0
02039500,07-14,31.0,44,66,98,153,332,703.0
02039500,07-15,34.0,44,65,95,153,277,749.0
02039500,07-16,34.0,43,62,92,155,235,836.0
02039500,07-17,32.0,42,60,89,149,226,678.0
02039500,07-18,29.0,38,58,96,150,299,562.0
02039500,07-19,26.0,40,59,89,151,271,355.0
02039500,07-20,25.0,38,59,93,160,275,421.0
02039500,07-21,24.0,39,58,97,151,317,540.0
02039500,07-22,26.0,38,56,90,146,240,381.0
02039500,07-23,23.0,34,57,93,154,254,476.0
02039500,07-24,28.0,37,59,101,175,267,439.0
02039500,07-25,25.0,40,58,110,175,277,489.0
02039500,07-26,20.0,36,61,104,153,230,555.0
02039500,07-27,24.0,35,61,97,153,298,493.0
02039500,07-28,33.0,42,59,97,155,299,447.0
02039500,07-29,34.0,40,65,97,156,294,384.0
02039500,07-30,32.0,40,59,99,148,302,482.0
02039500,07-31,31.0,45,61,101,152,280,428.0
02039500,08-01,29.0,39,63,97,159,248,340.0
02039500,08-02,32.0,37,67,93,155,228,339.0
02039500,08-03,32.0,34,60,91,136,238,329.0
02039500,08-04,30.0,35,58,86,139,302,458.0
02039500,08-05,27.0,33,57,86,156,234,391.0
02039500,08-06,27.0,36,57,96,167,267,359.0
02039500,08-07,25.0,37,59,99,199,386,599.0
02039500,08-08,24.0,38,65,101,186,380,656.0
02039500,08-09,24.0,38,56,102,152,240,571.0
02039500,08-10,26.0,33,61,95,143,263,391.0
02039500,08-11,26.0,34,62,101,133,212,514.0
02039500,08-12,25.0,32,60,101,144,196,426.0
02039500,08-13,25.0,30,58,90,139,240,856.0
02039500,08-14,22.0,30,54,96,136,325,639.0
02039500,08-15,20.0,31,53,92,141,240,394.0
02039500,08-16,20.0,32,50,88,139,239,283.0
02039500,08-17,18.0,33,52,84,138,350,625.0
02039500,08-18,17.0,33,52,84,149,289,1290.0
02039500,08-19,18.0,31,56,91,140,242,994.0
02039500,08-20,21.0,34,53,95,142,290,515.0
02039500,08-21,16.0,36,51,93,140,299,471.0
02039500,08-22,18.0,32,51,86,155,259,332.0
02039500,08-23,18.0,32,48,84,147,276,472.0
02039500,08-24,18.0,30,51,85,146,254,529.0
02039500,08-25,22.0,31,52,90,140,215,409.0
02039500,08-26,19.0,33,53,87,140,194,633.0
02039500,08-27,19.0,30,55,86,132,257,370.0
02039500,08-28,23.0,34,56,85,131,203,275.0
02039500,08-29,21.0,34,54,91,140,329,416.0
02039500,08-30,20.0,32,51,83,127,245,418.0
02039500,08-31,21.0,32,52,79,128,213,246.0
02039500,09-01,22.0,31,47,80,136,189,295.0
02039500,09-02,21.0,30,48,75,127,202,387.0
02039500,09-03,25.0,28,51,83,132,231,320.0
02039500,09-04,23.0,28,53,83,134,217,299.0
02039500,09-05,24.0,32,52,83,121,222,306.0
02039500,09-06,23.0,36,56,86,129,286,1370.0
02039500,09-07,24.0,29,55,83,138,362,2950.0
02039500,09-08,22.0,36,57,81,142,518,1160.0
02039500,09-09,19.0,37,51,81,138,353,662.0
02039500,09-10,21.0,36,51,81,134,256,666.0
02039500,09-11,25.0,35,53,81,135,232,405.0
02039500,09-12,20.0,35,51,78,127,203,419.0
02039500,09-13,20.0,32,50,76,119,267,586.0
02039500,09-14,22.0,32,53,69,123,217,443.0
02039500,09-15,21.0,33,51,77,123,245,386.0
02039500,09-16,20.0,32,48,75,119,248,334.0
02039500,09-17,20.0,29,45,83,135,227,628.0
02039500,09-18,21.0,29,47,84,137,309,949.0
02039500,09-19,18.0,29,51,82,130,428,1520.0
02039500,09-20,28.0,32,52,84,149,315,663.0
02039500,09-21,26.0,30,55,82,135,274,827.0
02039500,09-22,28.0,32,53,79,130,236,487.0
02039500,09-23,28.0,33,54,81,143,226,476.0
02039500,09-24,26.0,32,49,76,126,275,426.0
02039500,09-25,23.0,30,51,79,130,249,707.0
02039500,09-26,22.0,31,51,82,134,248,965.0
02039500,09-27,21.0,31,54,88,143,396,639.0
02039500,09-28,27.0,37,51,94,155,372,590.0
02039500,09-29,27.0,36,53,97,149,331,436.0
02039500,09-30,22.0,34,57,98,140,347,473.0
02039500,10-01,18.0,32,59,99,186,339,785.0
02039500,10-02,21.0,38,60,97,177,331,931.0
02039500,10-03,20.0,40,60,98,165,278,878.0
02039500,10-04,19.0,37,58,92,149,280,784.0
02039500,10-05,19.0,37,55,97,143,278,583.0
02039500,10-06,19.0,37,55,101,141,281,593.0
02039500,10-07,20.0,34,55,98,130,251,591.0
02039500,10-08,19.0,32,57,94,128,299,690.0
02039500,10-09,23.0,34,55,94,155,338,702.0
02039500,10-10,21.0,38,56,91,160,390,736.0
02039500,10-11,27.0,39,54,93,157,309,611.0
02039500,10-12,29.0,39,53,93,145,284,485.0
02039500,10-13,27.0,39,53,93,165,273,690.0
02039500,10-14,33.0,40,56,98,158,249,721.0
02039500,10-15,36.0,41,59,99,162,247,403.0
02039500,10-16,37.0,46,65,92,146,253,371.0
02039500,10-17,34.0,45,65,97,148,277,425.0
02039500,10-18,32.0,46,67,97,148,261,398.0
02039500,10-19,35.0,47,68,95,146,288,494.0
02039500,10-20,33.0,46,66,94,158,278,542.0
02039500,10-21,34.0,46,67,92,159,273,1380.0
02039500,10-22,34.0,48,66,105,157,253,823.0
02039500,10-23,35.0,43,63,99,161,265,594.0
02039500,10-24,37.0,50,67,99,166,297,462.0
02039500,10-25,38.0,51,67,106,173,331,437.0
02039500,10-26,38.0,56,71,107,179,286,581.0
02039500,10-27,39.0,53,74,112,174,360,912.0
02039500,10-28,42.0,54,74,113,181,609,892.0
02039500,10-29,44.0,60,77,124,200,408,798.0
02039500,10-30,55.0,62,81,117,179,401,527.0
02039500,10-31,54.0,60,81,122,177,282,428.0
02039500,11-01,53.0,58,79,126,186,319,849.0
02039500,11-02,50.0,58,81,124,192,279,914.0
02039500,11-03,47.0,59,82,120,191,332,675.0
02039500,11-04,47.0,62,87,123,192,328,644.0
02039500,11-05,48.0,60,88,122,220,367,494.0
02039500,11-06,57.0,62,89,128,189,332,741.0
02039500,11-07,58.0,62,82,127,218,377,964.0
02039500,11-08,58.0,62,84,128,232,557,822.0
02039500,11-09,59.0,62,88,130,215,442,722.0
02039500,11-10,59.0,63,90,131,210,401,583.0
02039500,11-11,59.0,63,95,143,224,471,685.0
02039500,11-12,58.0,64,91,144,215,454,1640.0
02039500,11-13,60.0,65,90,140,224,701,2370.0
02039500,11-14,62.0,72,87,133,223,669,1260.0
02039500,11-15,60.0,72,89,131,255,499,1050.0
02039500,11-16,58.0,69,95,146,260,528,804.0
02039500,11-17,59.0,72,97,151,266,507,817.0
02039500,11-18,61.0,71,98,144,254,495,859.0
02039500,11-19,60.0,70,100,140,245,442,689.0
02039500,11-20,60.0,73,94,147,262,441,1160.0
02039500,11-21,60.0,74,93,158,234,400,705.0
02039500,11-22,59.0,72,97,153,234,354,804.0
02039500,11-23,63.0,69,97,148,255,418,628.0
02039500,11-24,61.0,71,98,153,258,441,607.0
02039500,11-25,59.0,74,96,146,260,530,976.0
02039500,11-26,60.0,72,100,145,241,545,1030.0
02039500,11-27,61.0,75,108,156,255,637,785.0
02039500,11-28,59.0,75,107,157,263,461,828.0
02039500,11-29,56.0,71,108,166,287,523,984.0
02039500,11-30,59.0,75,105,161,287,630,1160.0
02039500,12-01,59.0,76,110,174,272,504,972.0
02039500,12-02,57.0,74,109,169,262,386,820.0
02039500,12-03,59.0,74,113,169,253,495,784.0
02039500,12-04,60.0,78,113,168,259,509,888.0
02039500,12-05,60.0,78,118,164,264,518,1540.0
02039500,12-06,61.0,83,121,160,254,818,1580.0
02039500,12-07,58.0,82,122,167,247,583,970.0
02039500,12-08,62.0,87,115,165,275,523,731.0
02039500,12-09,73.0,88,113,153,314,593,959.0
02039500,12-10,72.0,86,121,173,335,592,972.0
02039500,12-11,74.0,85,123,196,367,790,1230.0
02039500,12-12,77.0,87,122,195,322,756,1350.0
02039500,12-13,76.0,86,126,209,311,573,875.0
02039500,12-14,78.0,85,132,200,346,868,1190.0
02039500,12-15,77.0,88,139,208,332,678,1500.0
02039500,12-16,74.0,86,133,207,355,771,1120.0
02039500,12-17,65.0,86,131,209,324,519,914.0
02039500,12-18,72.0,91,123,202,296,501,888.0
02039500,12-19,75.0,91,127,200,284,480,723.0
02039500,12-20,75.0,88,129,187,278,505,609.0
02039500,12-21,71.0,85,129,179,315,434,536.0
02039500,12-22,74.0,94,133,197,287,439,1030.0
02039500,12-23,79.0,94,130,205,281,599,1270.0
02039500,12-24,78.0,93,139,197,303,724,971.0
02039500,12-25,77.0,92,132,189,320,598,1170.0
02039500,12-26,84.0,94,134,190,337,786,1650.0
02039500,12-27,84.0,104,142,206,334,849,1060.0
02039500,12-28,81.0,99,139,202,376,704,910.0
02039500,12-29,83.0,104,141,207,345,762,1860.0
02039500,12-30,76.0,102,147,214,361,904,1390.0
02039500,12-31,70.0,98,146,213,361,554,842.0
02040000,01-01,197.0,248,354,546,882,2500,3370.0
02040000,01-02,200.0,251,351,556,1070,2250,3950.0
02040000,01-03,190.0,250,368,560,1020,2580,3480.0
02040000,01-04,175.0,257,355,564,1130,2250,3340.0
02040000,01-05,185.0,241,342,552,1060,2040,3120.0
02040000,01-06,195.0,243,349,578,920,2290,3170.0
02040000,01-07,202.0,267,360,528,896,1630,3540.0
02040000,01-08,210.0,254,380,565,1000,2070,2700.0
02040000,01-09,215.0,247,370,530,997,2130,3120.0
02040000,01-10,195.0,230,336,570,1010,2240,3620.0
02040000,01-11,181.0,250,350,561,978,2320,3770.0
02040000,01-12,185.0,244,343,535,914,2300,3560.0
02040000,01-13,199.0,270,397,539,882,2350,3570.0
02040000,01-14,200.0,243,396,532,874,2670,3310.0
02040000,01-15,230.0,268,390,573,984,2800,3800.0
02040000,01-16,215.0,277,397,610,1200,2480,3610.0
02040000,01-17,210.0,243,393,560,1140,2360,2940.0
02040000,01-18,200.0,264,372,596,990,1980,3010.0
02040000,01-19,190.0,264,380,601,936,1730,3390.0
02040000,01-20,214.0,276,370,597,970,1770,3760.0
02040000,01-21,250.0,286,368,654,993,2620,4070.0
02040000,01-22,262.0,286,390,633,1050,2680,4000.0
02040000,01-23,260.0,275,416,616,1130,2430,3700.0
02040000,01-24,259.0,279,428,596,1150,2300,3400.0
02040000,01-25,259.0,277,410,626,954,2330,3260.0
02040000,01-26,244.0,289,381,656,1270,2680,3720.0
02040000,01-27,250.0,260,360,600,1180,2870,3700.0
02040000,01-28,239.0,260,377,600,1120,2580,3480.0
02040000,01-29,243.0,260,376,605,978,2520,3650.0
02040000,01-30,240.0,273,392,572,877,2330,3650.0
02040000,01-31,225.0,291,384,560,928,1780,3320.0
02040000,02-01,232.0,280,370,560,1080,2000,2600.0
02040000,02-02,230.0,282,408,576,945,2500,2830.0
02040000,02-03,222.0,270,408,640,1010,2250,2750.0
02040000,02-04,220.0,263,413,659,1170,2140,2960.0
02040000,02-05,238.0,281,413,642,1140,2550,3300.0
02040000,02-06,269.0,300,434,668,1160,2200,3410.0
02040000,02-07,259.0,343,454,742,1160,2620,3610.0
02040000,02-08,256.0,349,454,751,1440,2740,3320.0
02040000,02-09,244.0,325,443,721,1440,2630,3340.0
02040000,02-10,259.0,327,424,750,1320,2620,3420.0
02040000,02-11,294.0,322,410,755,1170,2480,3150.0
02040000,02-12,276.0,304,469,736,1240,2210,3130.0
02040000,02-13,275.0,303,430,730,1460,2410,3150.0
02040000,02-14,276.0,296,485,710,1410,2780,3400.0
02040000,02-15,259.0,299,486,752,1350,2810,3500.0
02040000,02-16,270.0,300,503,779,1390,2880,3690.0
02040000,02-17,261.0,320,491,811,1250,2850,3970.0
02040000,02-18,250.0,311,464,864,1490,2760,3820.0
02040000,02-19,268.0,348,462,792,1310,2820,3990.0
02040000,02-20,259.0,344,485,744,1290,2660,3800.0
02040000,02-21,266.0,291,445,719,1360,2500,3160.0
02040000,02-22,263.0,322,471,705,1360,2700,3260.0
02040000,02-23,269.0,341,488,667,1530,2700,3150.0
02040000,02-24,273.0,333,491,684,1480,3000,3430.0
02040000,02-25,265.0,305,494,658,1170,3040,3650.0
02040000,02-26,259.0,293,510,694,1140,2510,3940.0
02040000,02-27,255.0,289,492,680,1040,2750,4300.0
02040000,02-28,258.0,296,456,639,1090,2420,3610.0
02040000,02-29,247.0,284,492,630,1380,1740,1810.0
02040000,03-01,262.0,352,462,676,1010,2440,3160.0
02040000,03-02,277.0,365,458,659,1050,2530,3310.0
02040000,03-03,299.0,355,471,657,1040,2760,3540.0
02040000,03-04,303.0,345,455,706,1290,2570,3760.0
02040000,03-05,333.0,358,475,756,1500,2450,3260.0
02040000,03-06,324.0,358,473,710,1420,2390,3260.0
02040000,03-07,281.0,358,515,829,1700,2820,3570.0
02040000,03-08,285.0,347,494,777,1750,3310,3810.0
02040000,03-09,295.0,352,571,757,1530,3100,3450.0
02040000,03-10,275.0,346,546,774,1370,2430,3650.0
02040000,03-11,275.0,334,528,739,1190,2250,3120.0
02040000,03-12,264.0,336,508,681,966,1750,3160.0
02040000,03-13,257.0,341,500,633,1120,2310,2780.0
02040000,03-14,275.0,343,476,671,1110,2660,3140.0
02040000,03-15,289.0,355,470,731,1130,2640,3380.0
02040000,03-16,298.0,344,500,735,1090,2710,3570.0
02040000,03-17,323.0,334,532,731,1220,2300,2780.0
02040000,03-18,290.0,335,536,763,1490,2660,3340.0
02040000,03-19,286.0,325,510,788,1480,2660,3590.0
02040000,03-20,312.0,331,522,814,1380,2710,3900.0
02040000,03-21,296.0,350,583,845,1410,2620,4260.0
02040000,03-22,298.0,363,552,816,1470,2540,4860.0
02040000,03-23,290.0,372,583,813,1300,2700,4180.0
02040000,03-24,301.0,408,529,793,1400,2700,3420.0
02040000,03-25,299.0,374,555,730,1320,2830,3500.0
02040000,03-26,296.0,398,497,710,1360,3080,3600.0
02040000,03-27,290.0,378,478,671,1180,2500,3230.0
02040000,03-28,287.0,360,494,702,1150,2740,3420.0
02040000,03-29,284.0,347,500,708,1270,3090,3320.0
02040000,03-30,304.0,344,476,752,1220,3230,3590.0
02040000,03-31,321.0,353,484,736,1290,3500,4010.0
02040000,04-01,322.0,364,515,685,1560,3150,4100.0
02040000,04-02,337.0,384,498,665,1470,2660,4640.0
02040000,04-03,326.0,373,472,641,1410,2750,4490.0
02040000,04-04,316.0,368,444,619,1190,2090,2810.0
02040000,04-05,304.0,350,431,589,1080,2370,2970.0
02040000,04-06,301.0,345,434,632,1060,2530,3040.0
02040000,04-07,307.0,348,425,651,1240,2250,3070.0
02040000,04-08,285.0,333,455,686,1430,2960,3380.0
02040000,04-09,278.0,316,471,697,1470,2860,3370.0
02040000,04-10,274.0,336,451,710,1410,2800,3330.0
02040000,04-11,268.0,318,429,660,1160,2810,3320.0
02040000,04-12,267.0,308,444,682,1010,2800,3360.0
02040000,04-13,267.0,341,421,708,1160,2320,3000.0
02040000,04-14,271.0,309,445,673,1180,2400,2870.0
02040000,04-15,277.0,317,443,647,1100,2170,2830.0
02040000,04-16,277.0,338,446,642,1210,2000,2790.0
02040000,04-17,275.0,327,423,610,1150,2620,3500.0
02040000,04-18,266.0,317,433,592,1130,2930,3620.0
02040000,04-19,275.0,298,436,598,927,2790,3800.0
02040000,04-20,264.0,319,443,579,874,2500,4410.0
02040000,04-21,250.0,308,418,582,818,1540,2900.0
02040000,04-22,245.0,306,415,576,763,1620,2450.0
02040000,04-23,239.0,306,407,579,736,1400,2090.0
02040000,04-24,238.0,335,399,544,763,1300,1830.0
02040000,04-25,266.0,305,406,543,765,1200,1660.0
02040000,04-26,239.0,313,395,552,870,1660,2340.0
02040000,04-27,267.0,294,379,543,846,1790,3290.0
02040000,04-28,266.0,303,372,561,875,1710,4200.0
02040000,04-29,255.0,301,359,542,819,1920,3690.0
02040000,04-30,250.0,277,351,518,726,2300,3420.0
02040000,05-01,237.0,271,358,500,731,1890,2800.0
02040000,05-02,223.0,266,340,502,770,1500,2520.0
02040000,05-03,222.0,253,319,489,794,1600,2130.0
02040000,05-04,229.0,253,327,503,770,1400,2420.0
02040000,05-05,215.0,245,358,519,702,1280,2190.0
02040000,05-06,215.0,235,351,553,718,1640,2460.0
02040000,05-07,209.0,237,336,499,723,1500,3060.0
02040000,05-08,208.0,236,337,489,724,1430,2890.0
02040000,05-09,202.0,235,348,477,666,1470,2500.0
02040000,05-10,192.0,229,317,477,690,1820,2900.0
02040000,05-11,190.0,209,306,439,615,1070,2760.0
02040000,05-12,173.0,213,284,401,568,1090,1880.0
02040000,05-13,174.0,214,284,397,600,1130,1480.0
02040000,05-14,189.0,222,291,416,654,1210,1840.0
02040000,05-15,195.0,225,301,420,702,1370,2100.0
02040000,05-16,195.0,233,296,422,619,1770,2300.0
02040000,05-17,198.0,243,316,434,633,1350,2040.0
02040000,05-18,189.0,225,314,443,710,1240,1650.0
02040000,05-19,211.0,220,298,422,635,1300,3470.0
02040000,05-20,201.0,221,307,419,592,1660,3620.0
02040000,05-21,184.0,224,308,438,645,1700,2930.0
02040000,05-22,186.0,209,294,404,674,1270,2670.0
02040000,05-23,186.0,211,290,389,590,1850,3120.0
02040000,05-24,176.0,211,286,376,608,1380,3140.0
02040000,05-25,168.0,194,276,362,639,1110,1680.0
02040000,05-26,164.0,192,265,370,563,933,1640.0
02040000,05-27,161.0,195,253,385,560,853,2190.0
02040000,05-28,161.0,184,251,370,557,883,2250.0
02040000,05-29,150.0,177,247,377,597,1510,2370.0
02040000,05-30,148.0,181,245,361,597,1640,2760.0
02040000,05-31,150.0,179,231,356,615,1650,2850.0
02040000,06-01,143.0,176,222,350,561,995,2230.0
02040000,06-02,154.0,176,231,356,539,937,1310.0
02040000,06-03,149.0,171,236,359,519,1020,1550.0
02040000,06-04,139.0,165,234,338,519,866,1710.0
02040000,06-05,135.0,160,243,332,478,831,1490.0
02040000,06-06,140.0,153,229,339,459,781,1370.0
02040000,06-07,128.0,142,228,310,439,651,1840.0
02040000,06-08,121.0,139,212,294,436,861,1290.0
02040000,06-09,125.0,139,215,303,451,773,1340.0
02040000,06-10,125.0,136,204,295,478,812,1220.0
02040000,06-11,118.0,129,204,301,502,851,1390.0
02040000,06-12,109.0,137,195,300,477,1150,1500.0
02040000,06-13,109.0,131,195,289,444,921,1600.0
02040000,06-14,99.0,133,200,297,411,872,1340.0
02040000,06-15,100.0,135,198,280,407,612,1720.0
02040000,06-16,100.0,131,184,280,385,778,999.0
02040000,06-17,101.0,131,182,271,405,734,1240.0
02040000,06-18,100.0,125,188,285,379,683,924.0
02040000,06-19,96.0,125,178,266,424,684,1120.0
02040000,06-20,100.0,124,181,275,386,596,901.0
02040000,06-21,93.0,120,173,262,390,590,786.0
02040000,06-22,99.0,118,161,251,383,631,1190.0
02040000,06-23,96.0,115,142,249,351,657,1020.0
02040000,06-24,98.0,112,152,233,352,713,1290.0
02040000,06-25,93.0,108,150,233,364,803,1260.0
02040000,06-26,90.0,104,159,220,359,561,870.0
02040000,06-27,85.0,104,158,225,376,570,866.0
02040000,06-28,85.0,100,146,227,375,1070,1610.0
02040000,06-29,82.0,94,146,224,387,868,1380.0
02040000,06-30,78.0,93,139,220,346,615,947.0
02040000,07-01,74.0,91,134,204,315,553,1100.0
02040000,07-02,68.0,88,129,195,314,511,810.0
02040000,07-03,70.0,90,124,204,303,696,776.0
02040000,07-04,80.0,95,122,202,350,525,1620.0
02040000,07-05,73.0,96,130,207,308,691,1210.0
02040000,07-06,76.0,91,129,204,340,635,1200.0
02040000,07-07,74.0,89,133,211,373,824,1210.0
02040000,07-08,70.0,88,137,214,372,726,1130.0
02040000,07-09,68.0,88,131,209,364,729,1400.0
02040000,07-10,73.0,90,130,196,308,822,964.0
02040000,07-11,72.0,92,128,186,347,612,1050.0
02040000,07-12,67.0,87,132,201,382,628,1100.0
02040000,07-13,64.0,92,136,190,371,978,1820.0
02040000,07-14,64.0,88,130,195,332,934,1770.0
02040000,07-15,65.0,86,131,197,361,736,1230.0
02040000,07-16,64.0,85,120,190,359,800,1430.0
02040000,07-17,64.0,78,124,172,350,585,2250.0
02040000,07-18,61.0,81,117,158,319,685,1770.0
02040000,07-19,57.0,73,105,164,303,699,1350.0
02040000,07-20,56.0,66,103,181,350,661,813.0
02040000,07-21,55.0,76,105,169,341,621,1240.0
02040000,07-22,49.0,69,103,165,344,637,1030.0
02040000,07-23,59.0,67,102,180,346,682,1210.0
02040000,07-24,44.0,70,99,171,361,713,1380.0
02040000,07-25,43.0,74,106,188,436,701,1280.0
02040000,07-26,38.0,72,116,234,421,608,816.0
02040000,07-27,39.0,72,106,210,366,650,1220.0
02040000,07-28,59.0,68,118,193,384,821,1440.0
02040000,07-29,41.0,70,113,191,343,631,1340.0
02040000,07-30,40.0,70,117,197,327,999,1190.0
02040000,07-31,42.0,69,115,194,347,676,1330.0
02040000,08-01,47.0,67,112,182,334,625,882.0
02040000,08-02,51.0,66,113,185,357,499,942.0
02040000,08-03,44.0,69,112,202,326,579,896.0
02040000,08-04,47.0,66,116,180,306,592,879.0
02040000,08-05,44.0,64,111,181,296,702,1300.0
02040000,08-06,40.0,62,109,181,350,499,855.0
02040000,08-07,42.0,64,117,196,334,649,1180.0
02040000,08-08,38.0,71,113,204,372,810,1120.0
02040000,08-09,35.0,58,116,203,397,679,1150.0
02040000,08-10,37.0,59,116,195,326,557,1130.0
02040000,08-11,40.0,62,113,181,318,514,720.0
02040000,08-12,36.0,57,106,195,337,743,1190.0
02040000,08-13,32.0,60,105,199,349,702,1510.0
02040000,08-14,33.0,59,102,181,328,940,2130.0
02040000,08-15,31.0,66,106,172,291,1280,2340.0
02040000,08-16,34.0,63,101,165,295,709,2690.0
02040000,08-17,35.0,59,96,167,303,728,2420.0
02040000,08-18,35.0,59,105,166,309,722,1900.0
02040000,08-19,33.0,62,103,157,326,833,2380.0
02040000,08-20,32.0,61,112,182,330,1010,1810.0
02040000,08-21,31.0,56,110,185,331,1030,1430.0
02040000,08-22,29.0,62,106,172,359,843,1660.0
02040000,08-23,31.0,60,102,176,342,572,969.0
02040000,08-24,30.0,56,101,185,325,612,1020.0
02040000,08-25,30.0,62,100,173,315,654,1390.0
02040000,08-26,33.0,60,98,163,292,578,1240.0
02040000,08-27,33.0,61,96,165,289,480,1460.0
02040000,08-28,40.0,57,94,160,276,411,1360.0
02040000,08-29,44.0,58,99,164,249,842,1150.0
02040000,08-30,44.0,61,92,153,268,641,1310.0
02040000,08-31,47.0,68,89,166,286,550,852.0
02040000,09-01,45.0,62,87,169,286,483,774.0
02040000,09-02,48.0,59,88,150,278,459,1200.0
02040000,09-03,44.0,62,95,160,252,531,1000.0
02040000,09-04,37.0,59,85,159,262,487,859.0
02040000,09-05,47.0,59,88,153,282,499,729.0
02040000,09-06,50.0,61,92,158,247,667,1300.0
02040000,09-07,41.0,64,94,149,274,637,3220.0
02040000,09-08,38.0,64,101,152,272,636,3370.0
02040000,09-09,38.0,62,98,148,267,1400,3650.0
02040000,09-10,33.0,62,97,158,268,1150,3730.0
02040000,09-11,40.0,61,99,152,263,749,2250.0
02040000,09-12,39.0,64,94,156,243,560,2150.0
02040000,09-13,42.0,62,92,147,250,447,1010.0
02040000,09-14,41.0,57,87,147,256,575,996.0
02040000,09-15,42.0,59,89,135,265,529,1220.0
02040000,09-16,36.0,57,86,143,245,519,1160.0
02040000,09-17,39.0,59,90,150,281,539,1090.0
02040000,09-18,37.0,61,86,153,301,796,2180.0
02040000,09-19,38.0,59,85,153,291,1420,2580.0
02040000,09-20,37.0,58,86,147,306,777,2790.0
02040000,09-21,36.0,58,86,149,310,958,3240.0
02040000,09-22,44.0,64,91,149,293,712,3610.0
02040000,09-23,47.0,60,99,147,291,814,2990.0
02040000,09-24,41.0,62,91,143,287,733,2510.0
02040000,09-25,44.0,59,89,157,279,604,2040.0
02040000,09-26,43.0,58,85,154,265,614,2500.0
02040000,09-27,39.0,56,87,167,280,812,2490.0
02040000,09-28,34.0,52,87,172,280,777,1540.0
02040000,09-29,32.0,55,90,169,312,801,1390.0
02040000,09-30,30.0,55,89,183,329,909,1460.0
02040000,10-01,31.0,56,89,206,343,883,1700.0
02040000,10-02,36.0,59,94,199,510,1110,1500.0
02040000,10-03,35.0,64,99,200,454,988,1870.0
02040000,10-04,31.0,61,96,195,391,808,1640.0
02040000,10-05,26.0,67,100,198,347,705,2350.0
02040000,10-06,32.0,69,94,192,354,705,1990.0
02040000,10-07,33.0,63,93,194,336,576,1500.0
02040000,10-08,33.0,58,95,197,322,569,1370.0
02040000,10-09,34.0,53,93,194,313,788,1640.0
02040000,10-10,33.0,58,95,187,350,670,2230.0
02040000,10-11,44.0,59,93,185,323,950,2470.0
02040000,10-12,46.0,65,91,182,300,939,2550.0
02040000,10-13,45.0,64,99,182,290,698,1100.0
02040000,10-14,46.0,64,101,185,325,781,1300.0
02040000,10-15,50.0,72,100,198,314,701,1830.0
02040000,10-16,50.0,76,100,200,352,708,994.0
02040000,10-17,60.0,76,114,199,316,663,809.0
02040000,10-18,59.0,78,123,190,300,675,1230.0
02040000,10-19,56.0,78,130,192,316,653,1450.0
02040000,10-20,61.0,79,138,194,300,816,1660.0
02040000,10-21,58.0,82,131,195,334,953,2380.0
02040000,10-22,62.0,84,128,195,331,766,2980.0
02040000,10-23,67.0,87,120,192,333,656,3480.0
02040000,10-24,72.0,91,126,191,341,644,3920.0
02040000,10-25,77.0,91,129,200,327,715,2300.0
02040000,10-26,74.0,91,136,206,393,956,1300.0
02040000,10-27,75.0,91,135,214,352,804,1730.0
02040000,10-28,74.0,97,145,222,385,963,2120.0
02040000,10-29,76.0,96,151,223,392,1400,2060.0
02040000,10-30,80.0,100,153,221,416,1070,1990.0
02040000,10-31,92.0,106,146,212,403,958,1670.0
02040000,11-01,94.0,106,162,240,412,711,1260.0
02040000,11-02,95.0,111,162,251,403,791,1870.0
02040000,11-03,102.0,113,151,248,440,859,2220.0
02040000,11-04,97.0,116,162,247,417,1030,2440.0
02040000,11-05,97.0,116,158,260,400,988,1530.0
02040000,11-06,95.0,122,164,259,498,971,1460.0
02040000,11-07,97.0,119,172,259,470,794,1700.0
02040000,11-08,100.0,114,163,260,520,956,2050.0
02040000,11-09,102.0,116,172,270,500,1240,2670.0
02040000,11-10,104.0,118,171,274,466,1590,2830.0
02040000,11-11,105.0,123,176,282,503,1270,1750.0
02040000,11-12,110.0,124,172,282,474,1960,2610.0
02040000,11-13,110.0,125,180,277,560,1980,3320.0
02040000,11-14,117.0,132,176,270,534,1880,3460.0
02040000,11-15,117.0,130,172,270,496,1710,3470.0
02040000,11-16,116.0,130,171,280,633,1580,3090.0
02040000,11-17,115.0,130,175,301,608,1390,3360.0
02040000,11-18,113.0,130,183,306,605,1720,3020.0
02040000,11-19,115.0,131,181,312,598,1310,2020.0
02040000,11-20,119.0,134,181,314,632,1510,2220.0
02040000,11-21,117.0,140,181,308,607,1450,2300.0
02040000,11-22,110.0,139,186,317,595,1100,1940.0
02040000,11-23,120.0,142,187,346,620,931,2140.0
02040000,11-24,120.0,142,194,350,530,1250,1550.0
02040000,11-25,121.0,144,192,326,623,1850,2070.0
02040000,11-26,102.0,146,202,317,556,2110,2590.0
02040000,11-27,105.0,143,218,324,590,1890,2630.0
02040000,11-28,110.0,149,218,360,655,1670,2730.0
02040000,11-29,105.0,146,225,370,633,1360,2010.0
02040000,11-30,110.0,140,225,360,680,1520,2460.0
02040000,12-01,124.0,144,229,370,778,1480,2510.0
02040000,12-02,124.0,140,232,376,699,1400,2740.0
02040000,12-03,124.0,143,242,370,667,1370,2870.0
02040000,12-04,110.0,146,244,360,637,1410,2710.0
02040000,12-05,110.0,149,246,356,622,1220,2810.0
02040000,12-06,116.0,148,244,343,655,2260,3210.0
02040000,12-07,120.0,151,250,358,647,2030,3610.0
02040000,12-08,138.0,168,252,353,631,1560,3850.0
02040000,12-09,134.0,174,246,357,689,2100,2890.0
02040000,12-10,139.0,169,245,363,769,1970,2990.0
02040000,12-11,140.0,162,266,408,978,1840,2700.0
02040000,12-12,141.0,152,277,436,945,2180,3250.0
02040000,12-13,142.0,165,266,433,795,1970,3430.0
02040000,12-14,141.0,174,266,495,841,1810,3580.0
02040000,12-15,141.0,173,294,512,818,1940,3180.0
02040000,12-16,140.0,169,314,522,988,2280,2870.0
02040000,12-17,138.0,180,311,496,884,2150,3400.0
02040000,12-18,134.0,165,282,490,863,1760,3400.0
02040000,12-19,130.0,175,273,495,705,1390,3100.0
02040000,12-20,130.0,187,275,485,741,1360,2960.0
02040000,12-21,140.0,181,301,436,684,1660,2240.0
02040000,12-22,157.0,189,286,425,795,1290,2040.0
02040000,12-23,154.0,195,270,462,796,1180,2400.0
02040000,12-24,144.0,201,305,500,710,2120,2770.0
02040000,12-25,142.0,217,300,462,768,1920,3410.0
02040000,12-26,152.0,215,290,434,922,2540,3130.0
02040000,12-27,167.0,220,317,490,788,2390,3230.0
02040000,12-28,194.0,215,300,497,873,2010,3420.0
02040000,12-29,188.0,241,340,532,905,2210,3850.0
02040000,12-30,181.0,230,339,509,954,2440,3820.0
02040000,12-31,181.0,220,332,526,912,1750,3300.0
02041650,01-01,121.0,346,579,980,1750,3090,4810.0
02041650,01-02,239.0,376,583,992,1990,3500,5540.0
02041650,01-03,243.0,421,580,1070,1820,3990,6360.0
02041650,01-04,234.0,441,610,983,2000,4740,5770.0
02041650,01-05,231.0,354,566,1010,2460,4590,6470.0
02041650,01-06,262.0,404,622,1030,2330,3700,6620.0
02041650,01-07,279.0,452,676,1010,1960,3900,5250.0
02041650,01-08,318.0,403,656,1130,1810,3230,4790.0
02041650,01-09,339.0,446,662,1030,1760,3450,5590.0
02041650,01-10,283.0,351,633,1080,1690,3820,7390.0
02041650,01-11,225.0,341,651,1040,1730,4200,7570.0
02041650,01-12,252.0,394,741,1070,1800,4550,7090.0
02041650,01-13,339.0,453,716,1020,1750,6210,6680.0
02041650,01-14,323.0,401,701,1090,1690,6210,6640.0
02041650,01-15,301.0,455,697,1060,1840,5810,7300.0
02041650,01-16,269.0,390,657,1110,2350,5460,7620.0
02041650,01-17,334.0,416,639,1120,2170,5200,6820.0
02041650,01-18,312.0,443,609,1050,1830,4060,6730.0
02041650,01-19,262.0,374,650,1160,1850,4210,7090.0
02041650,01-20,340.0,486,714,1130,1730,4260,8270.0
02041650,01-21,308.0,403,640,1060,1810,5880,8140.0
02041650,01-22,356.0,431,601,1110,1730,6470,7450.0
02041650,01-23,444.0,458,576,1050,1980,5290,7310.0
02041650,01-24,424.0,460,648,1040,1860,4220,6850.0
02041650,01-25,352.0,461,683,1070,1870,4600,7090.0
02041650,01-26,431.0,491,696,1150,1820,5020,7110.0
02041650,01-27,452.0,477,701,1150,2610,5090,6720.0
02041650,01-28,402.0,441,676,1130,2820,5130,7990.0
02041650,01-29,392.0,497,717,1160,2170,4460,8530.0
02041650,01-30,419.0,519,729,1140,2590,3900,8410.0
02041650,01-31,371.0,499,723,1020,1780,3560,7510.0
02041650,02-01,407.0,477,737,1140,1820,2810,6740.0
02041650,02-02,399.0,529,755,1130,1900,4500,6640.0
02041650,02-03,394.0,480,739,1190,1740,3910,8080.0
02041650,02-04,407.0,483,730,1320,2060,4340,7720.0
02041650,02-05,401.0,600,806,1230,2280,4930,7020.0
02041650,02-06,490.0,531,674,1220,2450,5310,6190.0
02041650,02-07,481.0,549,809,1360,2250,4910,7380.0
02041650,02-08,528.0,585,775,1310,2240,5200,7270.0
02041650,02-09,474.0,529,700,1290,2050,5970,6840.0
02041650,02-10,423.0,539,758,1230,2060,5060,6580.0
02041650,02-11,391.0,475,784,1180,1960,5350,5920.0
02041650,02-12,353.0,454,765,1270,1820,4170,5410.0
02041650,02-13,408.0,481,804,1360,2300,4010,5220.0
02041650,02-14,383.0,447,804,1390,2750,4340,5350.0
02041650,02-15,397.0,464,798,1360,2770,4500,5650.0
02041650,02-16,348.0,439,749,1310,2420,4420,7580.0
02041650,02-17,407.0,488,738,1370,2410,4610,7720.0
02041650,02-18,416.0,502,713,1520,2450,5260,8050.0
02041650,02-19,442.0,548,728,1410,2500,5110,7520.0
02041650,02-20,417.0,584,772,1280,2350,4660,7340.0
02041650,02-21,401.0,508,881,1300,2660,4090,6860.0
02041650,02-22,403.0,520,870,1230,2220,5050,6590.0
02041650,02-23,410.0,477,836,1280,2440,5320,6680.0
02041650,02-24,382.0,441,793,1160,2900,5900,7380.0
02041650,02-25,355.0,464,810,1220,2950,6690,7590.0
02041650,02-26,357.0,495,795,1280,2680,6880,7370.0
02041650,02-27,367.0,474,808,1230,1960,6110,6750.0
02041650,02-28,407.0,478,794,1150,1810,4790,6250.0
02041650,02-29,,516,846,1280,2740,4180,
02041650,03-01,486.0,526,832,1240,2100,4290,5820.0
02041650,03-02,467.0,539,816,1160,1690,4300,5150.0
02041650,03-03,454.0,555,811,1140,1760,4390,8040.0
02041650,03-04,430.0,507,704,1190,1960,4990,7790.0
02041650,03-05,451.0,509,770,1170,2260,5590,7110.0
02041650,03-06,465.0,574,827,1320,3040,4380,7110.0
02041650,03-07,482.0,588,791,1280,3050,4730,6030.0
02041650,03-08,399.0,503,806,1320,3040,5360,8900.0
02041650,03-09,459.0,509,855,1300,2820,5210,8270.0
02041650,03-10,430.0,485,871,1310,2440,5310,6700.0
02041650,03-11,436.0,487,854,1250,2540,4810,7820.0
02041650,03-12,417.0,481,803,1240,1990,4200,5470.0
02041650,03-13,361.0,440,713,1220,1940,2960,5120.0
02041650,03-14,444.0,527,754,1150,1760,4120,5470.0
02041650,03-15,406.0,508,760,1210,1740,4380,7350.0
02041650,03-16,471.0,516,784,1200,1800,4680,6770.0
02041650,03-17,454.0,530,875,1290,2010,4660,5850.0
02041650,03-18,444.0,558,892,1360,2500,4800,5130.0
02041650,03-19,465.0,562,866,1400,2620,4370,6050.0
02041650,03-20,477.0,584,832,1550,2680,4910,6820.0
02041650,03-21,425.0,512,926,1580,2990,5170,9370.0
02041650,03-22,402.0,603,882,1520,3160,6090,9680.0
02041650,03-23,421.0,576,950,1550,2570,6690,8740.0
02041650,03-24,422.0,603,877,1510,2630,6310,8440.0
02041650,03-25,393.0,572,905,1350,2780,6140,8290.0
02041650,03-26,385.0,627,876,1270,2870,6490,8020.0
02041650,03-27,426.0,627,844,1300,2700,5090,8400.0
02041650,03-28,445.0,580,896,1310,2530,4460,5810.0
02041650,03-29,437.0,553,892,1410,2410,5860,7260.0
02041650,03-30,495.0,621,848,1440,2760,6520,9340.0
02041650,03-31,394.0,551,824,1310,3570,8130,9590.0
02041650,04-01,511.0,637,927,1390,3570,8380,9560.0
02041650,04-02,532.0,681,821,1260,3420,7100,8600.0
02041650,04-03,493.0,651,785,1210,3090,6350,7730.0
02041650,04-04,545.0,594,782,1160,2830,6100,7090.0
02041650,04-05,462.0,573,726,1100,2830,4370,5600.0
02041650,04-06,493.0,605,727,1220,2430,4210,5570.0
02041650,04-07,508.0,589,770,1300,2180,4080,5340.0
02041650,04-08,474.0,558,722,1370,2620,4830,5280.0
02041650,04-09,388.0,534,807,1350,2910,4700,5570.0
02041650,04-10,438.0,486,764,1210,3060,4860,5770.0
02041650,04-11,365.0,480,746,1150,2050,5310,6130.0
02041650,04-12,411.0,488,740,1070,1680,5180,5840.0
02041650,04-13,386.0,496,772,1190,1580,3970,5250.0
02041650,04-14,370.0,496,736,1140,1600,3300,4890.0
02041650,04-15,374.0,520,728,1130,1700,3760,4960.0
02041650,04-16,349.0,527,734,1190,2200,4710,6150.0
02041650,04-17,364.0,501,684,1170,2570,4550,6470.0
02041650,04-18,468.0,537,699,1110,2240,5010,6580.0
02041650,04-19,439.0,482,626,975,1740,4950,8290.0
02041650,04-20,427.0,473,613,1010,1570,4010,8190.0
02041650,04-21,381.0,482,643,1040,1460,3460,7830.0
02041650,04-22,436.0,505,659,1030,1370,3830,5470.0
02041650,04-23,425.0,516,671,943,1390,3370,6270.0
02041650,04-24,515.0,552,680,925,1340,3090,3500.0
02041650,04-25,452.0,551,622,852,1290,2360,3950.0
02041650,04-26,431.0,497,636,966,1480,2350,5910.0
02041650,04-27,380.0,471,569,995,1500,3540,5880.0
02041650,04-28,426.0,479,553,952,1840,3640,6000.0
02041650,04-29,431.0,450,582,904,1800,4370,5730.0
02041650,04-30,354.0,427,531,896,1580,4060,5650.0
02041650,05-01,349.0,421,557,795,1430,3960,7320.0
02041650,05-02,375.0,400,546,804,1320,3550,7070.0
02041650,05-03,369.0,409,506,851,1380,3990,7990.0
02041650,05-04,351.0,375,512,857,1410,3820,6020.0
02041650,05-05,326.0,377,498,922,1360,3700,5760.0
02041650,05-06,333.0,401,541,995,1490,3240,7720.0
02041650,05-07,351.0,393,608,928,1620,3080,6630.0
02041650,05-08,329.0,370,599,930,1480,3270,6550.0
02041650,05-09,320.0,372,568,863,1310,3270,6200.0
02041650,05-10,306.0,382,573,825,1280,3850,5900.0
02041650,05-11,254.0,340,494,739,1230,3830,5470.0
02041650,05-12,253.0,309,452,703,1170,2550,5970.0
02041650,05-13,307.0,348,416,708,940,1800,4190.0
02041650,05-14,244.0,352,455,704,1070,1850,2480.0
02041650,05-15,257.0,351,524,700,1530,2370,4260.0
02041650,05-16,274.0,340,462,783,1530,3030,4420.0
02041650,05-17,300.0,344,421,805,1350,3260,5770.0
02041650,05-18,300.0,324,520,816,1300,3080,5900.0
02041650,05-19,264.0,301,509,832,1190,3670,7310.0
02041650,05-20,259.0,304,521,781,1130,3240,7310.0
02041650,05-21,243.0,316,484,758,1290,3350,8240.0
02041650,05-22,299.0,324,466,726,1220,4310,8040.0
02041650,05-23,216.0,300,450,693,1140,3390,6430.0
02041650,05-24,199.0,311,481,642,1040,3370,5090.0
02041650,05-25,181.0,277,437,649,1150,3270,5220.0
02041650,05-26,260.0,304,404,658,1110,3170,5600.0
02041650,05-27,232.0,298,394,648,1130,2120,4190.0
02041650,05-28,168.0,277,359,640,946,1800,4070.0
02041650,05-29,165.0,245,396,557,875,1480,3680.0
02041650,05-30,177.0,245,380,596,907,2750,4820.0
02041650,05-31,204.0,247,354,538,1110,2290,7600.0
02041650,06-01,184.0,222,372,633,1070,3600,7830.0
02041650,06-02,120.0,198,332,586,942,2840,7190.0
02041650,06-03,129.0,183,347,513,1070,1720,5650.0
02041650,06-04,127.0,174,335,521,996,1980,2650.0
02041650,06-05,123.0,186,306,598,932,2160,3060.0
02041650,06-06,122.0,173,361,589,995,2520,4440.0
02041650,06-07,121.0,175,321,535,897,1800,4530.0
02041650,06-08,119.0,162,329,553,794,2370,3680.0
02041650,06-09,115.0,156,323,469,737,1800,3550.0
02041650,06-10,114.0,149,312,480,660,2070,2720.0
02041650,06-11,113.0,148,301,443,686,1460,1890.0
02041650,06-12,120.0,139,293,458,761,1290,1870.0
02041650,06-13,98.0,122,263,465,688,1640,2060.0
02041650,06-14,116.0,134,262,431,677,1990,2620.0
02041650,06-15,116.0,158,270,419,625,1570,2700.0
02041650,06-16,103.0,168,263,404,677,1670,2530.0
02041650,06-17,104.0,130,236,406,552,1720,2120.0
02041650,06-18,95.0,148,227,396,917,1530,2240.0
02041650,06-19,93.0,145,200,389,667,1290,1780.0
02041650,06-20,89.0,124,196,373,664,1130,1420.0
02041650,06-21,103.0,126,214,354,634,1190,1810.0
02041650,06-22,106.0,114,202,369,588,1370,2660.0
02041650,06-23,101.0,124,200,371,588,1660,2980.0
02041650,06-24,95.0,120,201,344,581,1720,2850.0
02041650,06-25,94.0,125,208,344,581,1210,2510.0
02041650,06-26,89.0,129,178,346,578,1360,1820.0
02041650,06-27,83.0,118,182,327,557,1010,2190.0
02041650,06-28,83.0,104,179,316,530,940,2780.0
02041650,06-29,78.0,107,170,316,529,1050,2710.0
02041650,06-30,66.0,102,169,300,477,1320,2050.0
02041650,07-01,69.0,124,165,271,469,1080,1500.0
02041650,07-02,76.0,122,175,259,504,964,2050.0
02041650,07-03,95.0,119,162,245,456,922,2380.0
02041650,07-04,91.0,127,153,279,482,1230,2610.0
02041650,07-05,93.0,119,139,292,447,1010,2860.0
02041650,07-06,88.0,102,154,261,435,1180,2900.0
02041650,07-07,92.0,106,161,281,537,1310,2590.0
02041650,07-08,87.0,113,162,337,495,1430,2300.0
02041650,07-09,91.0,106,162,325,481,1540,2000.0
02041650,07-10,88.0,100,154,282,478,1850,2660.0
02041650,07-11,80.0,104,150,253,470,1550,1980.0
02041650,07-12,89.0,97,158,234,425,1270,3190.0
02041650,07-13,85.0,97,154,241,458,1130,3940.0
02041650,07-14,89.0,111,150,254,414,1180,5410.0
02041650,07-15,88.0,107,155,224,409,1970,5420.0
02041650,07-16,80.0,109,148,226,461,1290,4150.0
02041650,07-17,74.0,103,141,212,460,1490,3770.0
02041650,07-18,70.0,90,140,206,440,1630,3570.0
02041650,07-19,68.0,83,139,191,415,1460,3630.0
02041650,07-20,68.0,90,131,193,400,1130,2770.0
02041650,07-21,67.0,89,131,191,389,898,2910.0
02041650,07-22,70.0,90,122,186,390,1110,1800.0
02041650,07-23,65.0,85,124,186,581,963,1310.0
02041650,07-24,64.0,88,120,204,565,1120,1730.0
02041650,07-25,65.0,83,121,234,587,1170,1850.0
02041650,07-26,62.0,96,125,259,583,1010,1430.0
02041650,07-27,68.0,88,113,339,621,1010,1310.0
02041650,07-28,76.0,91,133,297,501,1070,1510.0
02041650,07-29,81.0,90,159,289,536,1090,2030.0
02041650,07-30,71.0,89,133,244,510,1210,1720.0
02041650,07-31,65.0,92,122,211,486,1610,2020.0
02041650,08-01,59.0,88,126,299,569,1090,1680.0
02041650,08-02,56.0,87,135,263,624,1150,2040.0
02041650,08-03,57.0,90,134,212,597,1040,2270.0
02041650,08-04,57.0,87,128,233,541,1180,1690.0
02041650,08-05,51.0,84,141,226,499,1400,4050.0
02041650,08-06,55.0,76,121,210,438,1020,4180.0
02041650,08-07,57.0,83,128,225,490,1510,2480.0
02041650,08-08,35.0,86,153,250,479,1510,2160.0
02041650,08-09,33.0,84,129,240,549,1180,2380.0
02041650,08-10,31.0,85,137,261,550,973,1940.0
02041650,08-11,31.0,85,150,234,469,803,1380.0
02041650,08-12,33.0,84,148,247,429,867,2120.0
02041650,08-13,39.0,76,147,246,464,1490,2520.0
02041650,08-14,57.0,76,138,237,542,1790,2970.0
02041650,08-15,58.0,81,129,212,604,2310,3820.0
02041650,08-16,60.0,76,141,206,683,2080,3650.0
02041650,08-17,48.0,67,140,205,536,1650,2710.0
02041650,08-18,49.0,69,144,218,535,1010,2690.0
02041650,08-19,50.0,68,138,214,542,1290,2370.0
02041650,08-20,44.0,71,127,196,594,1320,1790.0
02041650,08-21,28.0,66,119,200,506,1150,1870.0
02041650,08-22,24.0,65,115,221,452,1050,1490.0
02041650,08-23,25.0,65,105,196,445,798,1400.0
02041650,08-24,30.0,66,106,175,363,622,1130.0
02041650,08-25,46.0,64,96,169,361,582,804.0
02041650,08-26,48.0,64,91,169,372,509,648.0
02041650,08-27,45.0,70,106,173,365,492,750.0
02041650,08-28,50.0,60,123,185,363,506,718.0
02041650,08-29,48.0,61,114,187,372,449,733.0
02041650,08-30,43.0,61,102,168,355,956,2030.0
02041650,08-31,32.0,56,107,177,318,949,1720.0
02041650,09-01,54.0,62,111,199,359,1040,1220.0
02041650,09-02,53.0,69,110,194,403,651,4680.0
02041650,09-03,54.0,63,102,189,358,779,3760.0
02041650,09-04,54.0,69,107,166,323,1250,2100.0
02041650,09-05,54.0,67,113,173,350,1110,2870.0
02041650,09-06,55.0,66,109,160,322,1200,2170.0
02041650,09-07,57.0,70,100,163,317,1600,4720.0
02041650,09-08,57.0,67,96,172,335,1700,6680.0
02041650,09-09,56.0,71,104,162,316,2310,7390.0
02041650,09-10,50.0,68,113,176,356,2170,6980.0
02041650,09-11,46.0,68,114,177,328,3100,6340.0
02041650,09-12,45.0,69,108,169,346,1770,3930.0
02041650,09-13,45.0,73,108,164,289,1150,3450.0
02041650,09-14,45.0,80,110,152,308,1090,2280.0
02041650,09-15,47.0,72,105,170,319,891,1800.0
02041650,09-16,57.0,72,102,159,354,1020,2440.0
02041650,09-17,55.0,70,97,148,433,1330,2270.0
02041650,09-18,59.0,68,106,141,443,1770,3780.0
02041650,09-19,55.0,78,107,151,367,2480,7690.0
02041650,09-20,52.0,75,99,162,336,1890,7700.0
02041650,09-21,57.0,82,105,161,339,1540,5770.0
02041650,09-22,57.0,81,110,191,367,1820,7250.0
02041650,09-23,53.0,74,102,188,444,1140,7060.0
02041650,09-24,46.0,69,100,173,425,1630,4640.0
02041650,09-25,44.0,68,100,178,460,1660,5390.0
02041650,09-26,49.0,68,99,208,469,1780,9370.0
02041650,09-27,48.0,73,101,213,497,1970,9480.0
02041650,09-28,47.0,67,104,206,602,2530,8710.0
02041650,09-29,47.0,65,102,224,659,1980,4760.0
02041650,09-30,44.0,69,123,244,639,2010,5560.0
02041650,10-01,41.0,61,112,248,506,1880,7310.0
02041650,10-02,36.0,69,116,214,480,1590,7790.0
02041650,10-03,36.0,57,108,233,574,1960,3030.0
02041650,10-04,35.0,57,110,234,591,1400,4030.0
02041650,10-05,35.0,58,121,206,560,1170,4550.0
02041650,10-06,34.0,65,115,200,567,1170,5250.0
02041650,10-07,36.0,59,119,201,556,1560,7210.0
02041650,10-08,36.0,63,123,220,611,1460,6650.0
02041650,10-09,44.0,53,124,223,566,1690,7720.0
02041650,10-10,39.0,52,122,217,461,2760,8470.0
02041650,10-11,46.0,57,122,197,482,4780,7650.0
02041650,10-12,46.0,55,106,197,448,5460,6560.0
02041650,10-13,45.0,61,124,196,420,3430,7030.0
02041650,10-14,43.0,67,133,237,553,2120,3870.0
02041650,10-15,47.0,74,126,247,524,1310,1920.0
02041650,10-16,51.0,77,120,229,610,1080,1830.0
02041650,10-17,50.0,73,116,242,555,1160,1720.0
02041650,10-18,49.0,79,114,236,614,1170,1880.0
02041650,10-19,47.0,78,131,229,444,1200,2710.0
02041650,10-20,46.0,74,144,232,503,1240,2510.0
02041650,10-21,51.0,69,140,248,603,1510,2460.0
02041650,10-22,71.0,98,142,240,543,1330,1730.0
02041650,10-23,71.0,101,146,233,590,1250,3110.0
02041650,10-24,81.0,106,149,235,665,1090,3900.0
02041650,10-25,91.0,110,152,255,566,1290,4090.0
02041650,10-26,92.0,121,177,296,676,1450,2670.0
02041650,10-27,90.0,125,181,255,693,1850,3660.0
02041650,10-28,91.0,123,177,282,674,2840,3740.0
02041650,10-29,99.0,122,175,330,638,2680,3990.0
02041650,10-30,99.0,131,181,330,759,2460,3720.0
02041650,10-31,103.0,128,184,334,772,2210,3860.0
02041650,11-01,98.0,132,205,360,612,1750,3600.0
02041650,11-02,78.0,126,206,366,673,1380,2380.0
02041650,11-03,71.0,120,199,378,701,1420,2040.0
02041650,11-04,70.0,130,196,389,857,1420,3510.0
02041650,11-05,99.0,124,197,381,787,1560,2890.0
02041650,11-06,105.0,139,197,390,813,1490,2160.0
02041650,11-07,105.0,139,190,374,847,1410,4740.0
02041650,11-08,105.0,136,194,392,902,2070,5130.0
02041650,11-09,105.0,134,193,386,848,3560,5800.0
02041650,11-10,110.0,136,201,404,943,4200,5370.0
02041650,11-11,110.0,141,198,433,1010,3700,4140.0
02041650,11-12,111.0,140,201,431,1040,2550,4320.0
02041650,11-13,119.0,141,201,435,1410,3880,6620.0
02041650,11-14,122.0,139,220,435,1160,5300,6910.0
02041650,11-15,103.0,151,240,424,1150,5420,6450.0
02041650,11-16,113.0,154,238,492,1170,4810,7560.0
02041650,11-17,113.0,155,268,567,1160,3930,8310.0
02041650,11-18,113.0,160,281,614,1110,4210,7720.0
02041650,11-19,113.0,171,298,549,974,4950,7330.0
02041650,11-20,96.0,169,288,544,974,3310,6090.0
02041650,11-21,81.0,171,264,534,977,2840,4120.0
02041650,11-22,94.0,164,266,517,1060,2970,4420.0
02041650,11-23,110.0,162,264,512,1130,2610,5940.0
02041650,11-24,130.0,162,270,533,1120,2000,6340.0
02041650,11-25,125.0,161,265,541,1250,2210,5510.0
02041650,11-26,125.0,154,288,539,1220,3240,5230.0
02041650,11-27,124.0,172,291,534,1060,3740,5040.0
02041650,11-28,119.0,169,329,541,1080,4010,4310.0
02041650,11-29,125.0,164,318,700,1530,3650,4060.0
02041650,11-30,119.0,187,341,680,1660,2910,4050.0
02041650,12-01,118.0,210,342,695,1570,3320,4960.0
02041650,12-02,119.0,193,334,705,1470,3290,4790.0
02041650,12-03,120.0,193,374,754,1240,3390,5040.0
02041650,12-04,116.0,199,371,815,1230,2990,6090.0
02041650,12-05,118.0,174,372,677,1130,2220,6290.0
02041650,12-06,126.0,180,424,616,1240,2710,5270.0
02041650,12-07,126.0,179,381,667,1210,3330,5750.0
02041650,12-08,126.0,166,379,676,1370,2860,6030.0
02041650,12-09,128.0,199,402,720,1490,3040,5930.0
02041650,12-10,130.0,190,414,690,1520,3860,6050.0
02041650,12-11,138.0,186,479,916,1910,4600,5510.0
02041650,12-12,149.0,233,451,989,1980,4790,6370.0
02041650,12-13,153.0,238,485,1030,1720,5030,6720.0
02041650,12-14,192.0,298,488,1010,1830,4830,7600.0
02041650,12-15,196.0,307,511,1000,2030,4260,7390.0
02041650,12-16,195.0,303,460,1050,2290,4430,6250.0
02041650,12-17,193.0,343,471,1050,2340,5130,6500.0
02041650,12-18,181.0,357,469,1060,2090,5060,6620.0
02041650,12-19,174.0,344,472,980,1950,5160,6510.0
02041650,12-20,166.0,304,461,850,1450,4430,6110.0
02041650,12-21,166.0,318,450,789,1580,3990,4720.0
02041650,12-22,164.0,318,551,725,1500,3210,4330.0
02041650,12-23,162.0,278,470,833,1570,2480,5190.0
02041650,12-24,200.0,307,494,878,1520,3260,5780.0
02041650,12-25,186.0,307,481,895,1710,3550,6340.0
02041650,12-26,218.0,305,466,1020,1910,3720,6590.0
02041650,12-27,256.0,310,443,1030,1830,5210,6740.0
02041650,12-28,279.0,345,531,943,1680,4120,6570.0
02041650,12-29,302.0,378,570,992,1670,3930,6210.0
02041650,12-30,288.0,371,560,968,1470,3690,6150.0
02041650,12-31,172.0,344,539,977,1580,3610,5650.0
