SiteCode,MonthDay,p05,p10,p25,p50,p75,p90,p95
01556000,01-01,62.0,84.0,160.0,337,499.0,1190.0,1600.0
01556000,01-02,66.0,89.0,155.0,325,512.0,1170.0,1450.0
01556000,01-03,73.0,92.0,174.0,309,587.0,1010.0,1530.0
01556000,01-04,73.0,100.0,181.0,311,596.0,943.0,1520.0
01556000,01-05,70.0,98.0,167.0,296,629.0,1050.0,1530.0
01556000,01-06,77.0,109.0,166.0,289,521.0,989.0,1300.0
01556000,01-07,86.0,111.0,165.0,289,510.0,884.0,1550.0
01556000,01-08,70.0,109.0,163.0,282,485.0,877.0,1330.0
01556000,01-09,75.0,99.0,160.0,282,453.0,906.0,1470.0
01556000,01-10,85.0,101.0,154.0,283,493.0,842.0,1420.0
01556000,01-11,80.0,100.0,152.0,288,479.0,866.0,1240.0
01556000,01-12,78.0,108.0,156.0,285,543.0,818.0,1180.0
01556000,01-13,79.0,100.0,149.0,271,540.0,984.0,1160.0
01556000,01-14,79.0,97.0,156.0,254,512.0,717.0,1030.0
01556000,01-15,85.0,100.0,160.0,263,502.0,807.0,1050.0
01556000,01-16,92.0,102.0,159.0,254,474.0,1000.0,1150.0
01556000,01-17,92.0,100.0,151.0,223,435.0,842.0,1020.0
01556000,01-18,83.0,105.0,150.0,240,418.0,796.0,1330.0
01556000,01-19,80.0,101.0,162.0,242,438.0,961.0,1270.0
01556000,01-20,88.0,96.0,154.0,255,525.0,1070.0,1500.0
01556000,01-21,90.0,103.0,151.0,251,425.0,989.0,1510.0
01556000,01-22,91.0,101.0,160.0,288,497.0,1120.0,1490.0
01556000,01-23,88.0,114.0,173.0,302,496.0,855.0,1510.0
01556000,01-24,86.0,110.0,166.0,293,564.0,1180.0,1520.0
01556000,01-25,85.0,121.0,171.0,302,559.0,1160.0,2170.0
01556000,01-26,88.0,128.0,174.0,302,573.0,1100.0,1780.0
01556000,01-27,100.0,131.0,174.0,295,555.0,996.0,1690.0
01556000,01-28,94.0,126.0,175.0,264,511.0,982.0,1680.0
01556000,01-29,98.0,118.0,172.0,263,533.0,1070.0,1360.0
01556000,01-30,103.0,120.0,175.0,283,593.0,946.0,1100.0
01556000,01-31,105.0,116.0,173.0,277,587.0,841.0,1130.0
01556000,02-01,99.0,115.0,179.0,282,520.0,738.0,963.0
01556000,02-02,103.0,121.0,185.0,288,505.0,811.0,1160.0
01556000,02-03,98.0,119.0,186.0,314,520.0,986.0,1540.0
01556000,02-04,94.0,115.0,171.0,300,547.0,875.0,1540.0
01556000,02-05,100.0,113.0,176.0,288,581.0,1120.0,1410.0
01556000,02-06,99.0,113.0,173.0,297,553.0,919.0,1190.0
01556000,02-07,98.0,115.0,170.0,305,564.0,940.0,1430.0
01556000,02-08,92.0,115.0,169.0,325,535.0,849.0,1020.0
01556000,02-09,89.0,106.0,162.0,301,553.0,813.0,1140.0
01556000,02-10,96.0,114.0,155.0,294,614.0,941.0,1280.0
01556000,02-11,101.0,126.0,169.0,292,566.0,941.0,1210.0
01556000,02-12,99.0,126.0,180.0,330,583.0,963.0,1060.0
01556000,02-13,100.0,125.0,188.0,322,591.0,1030.0,1650.0
01556000,02-14,106.0,130.0,216.0,371,608.0,1050.0,2330.0
01556000,02-15,105.0,128.0,227.0,376,648.0,1220.0,1730.0
01556000,02-16,109.0,147.0,227.0,352,671.0,1090.0,1590.0
01556000,02-17,120.0,150.0,218.0,351,674.0,1040.0,1450.0
01556000,02-18,121.0,157.0,225.0,371,641.0,1000.0,1480.0
01556000,02-19,123.0,153.0,227.0,390,620.0,1190.0,1570.0
01556000,02-20,128.0,152.0,231.0,394,640.0,1470.0,1910.0
01556000,02-21,136.0,160.0,222.0,388,710.0,1390.0,2350.0
01556000,02-22,132.0,182.0,259.0,383,762.0,1660.0,2240.0
01556000,02-23,143.0,180.0,253.0,433,715.0,1720.0,1950.0
01556000,02-24,143.0,164.0,264.0,444,898.0,1490.0,2220.0
01556000,02-25,135.0,171.0,280.0,427,954.0,1690.0,2660.0
01556000,02-26,135.0,171.0,272.0,475,920.0,1720.0,3060.0
01556000,02-27,139.0,161.0,269.0,448,868.0,1520.0,2300.0
01556000,02-28,135.0,169.0,279.0,467,911.0,1610.0,2600.0
01556000,02-29,121.0,183.0,260.0,453,802.0,2100.0,2120.0
01556000,03-01,133.0,162.0,292.0,526,937.0,1940.0,2540.0
01556000,03-02,133.0,169.0,291.0,463,932.0,1720.0,2410.0
01556000,03-03,164.0,210.0,290.0,457,830.0,1430.0,2180.0
01556000,03-04,190.0,235.0,321.0,582,933.0,1720.0,2540.0
01556000,03-05,200.0,256.0,350.0,549,1140.0,2360.0,2890.0
01556000,03-06,194.0,252.0,370.0,571,1170.0,2520.0,3450.0
01556000,03-07,215.0,237.0,361.0,579,1090.0,1900.0,2520.0
01556000,03-08,201.0,260.0,374.0,612,1020.0,1560.0,2290.0
01556000,03-09,188.0,271.0,373.0,595,962.0,1730.0,2170.0
01556000,03-10,204.0,293.0,338.0,542,912.0,1540.0,1970.0
01556000,03-11,214.0,288.0,357.0,600,953.0,1540.0,2490.0
01556000,03-12,229.0,278.0,402.0,611,960.0,2310.0,3440.0
01556000,03-13,221.0,290.0,422.0,693,1080.0,1740.0,3110.0
01556000,03-14,222.0,303.0,408.0,660,1170.0,1810.0,2490.0
01556000,03-15,233.0,318.0,380.0,683,1080.0,2010.0,2740.0
01556000,03-16,225.0,283.0,377.0,668,1010.0,2120.0,2340.0
01556000,03-17,231.0,294.0,399.0,663,949.0,1590.0,2310.0
01556000,03-18,257.0,313.0,401.0,638,933.0,1440.0,2220.0
01556000,03-19,259.0,302.0,413.0,681,967.0,1660.0,2080.0
01556000,03-20,279.0,295.0,454.0,669,1010.0,1580.0,2260.0
01556000,03-21,279.0,304.0,425.0,682,1020.0,1800.0,2660.0
01556000,03-22,268.0,283.0,433.0,679,1070.0,1890.0,2350.0
01556000,03-23,258.0,287.0,425.0,703,1150.0,1500.0,1830.0
01556000,03-24,253.0,283.0,424.0,748,1170.0,1740.0,2530.0
01556000,03-25,246.0,287.0,418.0,703,1040.0,1640.0,1940.0
01556000,03-26,236.0,282.0,415.0,679,988.0,1420.0,1750.0
01556000,03-27,253.0,328.0,420.0,658,970.0,1540.0,2000.0
01556000,03-28,247.0,316.0,447.0,632,946.0,1390.0,2120.0
01556000,03-29,240.0,281.0,426.0,605,938.0,2050.0,3390.0
01556000,03-30,235.0,297.0,413.0,599,901.0,1890.0,2880.0
01556000,03-31,230.0,285.0,417.0,578,1080.0,1980.0,3160.0
01556000,04-01,227.0,284.0,413.0,601,1040.0,1820.0,3440.0
01556000,04-02,221.0,272.0,434.0,618,1150.0,2010.0,2370.0
01556000,04-03,230.0,272.0,415.0,641,1120.0,1640.0,2420.0
01556000,04-04,235.0,260.0,412.0,629,1150.0,1880.0,2740.0
01556000,04-05,222.0,299.0,422.0,626,1170.0,2090.0,2620.0
01556000,04-06,216.0,265.0,410.0,666,1100.0,1770.0,2600.0
01556000,04-07,213.0,278.0,401.0,654,1040.0,1700.0,2300.0
01556000,04-08,227.0,280.0,400.0,613,1040.0,1510.0,1860.0
01556000,04-09,242.0,281.0,390.0,641,921.0,1460.0,1890.0
01556000,04-10,233.0,265.0,396.0,641,920.0,1450.0,1870.0
01556000,04-11,232.0,247.0,366.0,601,869.0,1300.0,1490.0
01556000,04-12,230.0,258.0,375.0,600,895.0,1270.0,1560.0
01556000,04-13,227.0,277.0,376.0,571,894.0,1300.0,2280.0
01556000,04-14,222.0,269.0,365.0,569,811.0,1480.0,2120.0
01556000,04-15,234.0,260.0,351.0,562,816.0,1650.0,2470.0
01556000,04-16,244.0,259.0,358.0,575,858.0,1670.0,3020.0
01556000,04-17,230.0,266.0,361.0,528,861.0,1580.0,2890.0
01556000,04-18,230.0,254.0,337.0,509,765.0,1420.0,2000.0
01556000,04-19,223.0,246.0,333.0,486,764.0,1190.0,1560.0
01556000,04-20,213.0,238.0,339.0,481,719.0,1160.0,1620.0
01556000,04-21,199.0,229.0,305.0,484,663.0,1500.0,1850.0
01556000,04-22,214.0,226.0,306.0,480,762.0,1360.0,2150.0
01556000,04-23,208.0,226.0,312.0,478,784.0,1250.0,1490.0
01556000,04-24,216.0,236.0,316.0,469,698.0,1060.0,1400.0
01556000,04-25,204.0,235.0,309.0,464,676.0,1070.0,1340.0
01556000,04-26,197.0,237.0,310.0,446,691.0,1200.0,1820.0
01556000,04-27,192.0,207.0,288.0,450,681.0,1260.0,1530.0
01556000,04-28,189.0,221.0,277.0,425,718.0,1220.0,2060.0
01556000,04-29,197.0,215.0,270.0,413,727.0,1150.0,1570.0
01556000,04-30,189.0,213.0,280.0,425,702.0,1120.0,1580.0
01556000,05-01,191.0,208.0,287.0,409,661.0,1010.0,1470.0
01556000,05-02,190.0,212.0,281.0,427,623.0,927.0,1300.0
01556000,05-03,179.0,212.0,265.0,419,653.0,1010.0,1740.0
01556000,05-04,182.0,205.0,270.0,443,703.0,1080.0,1360.0
01556000,05-05,181.0,205.0,280.0,423,676.0,936.0,1520.0
01556000,05-06,171.0,201.0,274.0,419,630.0,1040.0,1730.0
01556000,05-07,161.0,195.0,270.0,396,606.0,1120.0,1970.0
01556000,05-08,161.0,190.0,284.0,414,641.0,1270.0,2210.0
01556000,05-09,166.0,189.0,290.0,415,638.0,1130.0,1980.0
01556000,05-10,172.0,190.0,274.0,390,659.0,1350.0,2040.0
01556000,05-11,165.0,188.0,271.0,373,589.0,1360.0,1970.0
01556000,05-12,161.0,177.0,256.0,413,770.0,1560.0,2500.0
01556000,05-13,151.0,178.0,257.0,405,778.0,1440.0,1930.0
01556000,05-14,148.0,185.0,256.0,406,717.0,1460.0,2000.0
01556000,05-15,143.0,177.0,252.0,413,698.0,1170.0,1410.0
01556000,05-16,152.0,174.0,237.0,417,623.0,1120.0,1520.0
01556000,05-17,146.0,171.0,232.0,383,603.0,998.0,1470.0
01556000,05-18,146.0,169.0,234.0,399,629.0,1230.0,1860.0
01556000,05-19,157.0,172.0,231.0,384,632.0,1100.0,1550.0
01556000,05-20,160.0,182.0,250.0,388,665.0,987.0,1260.0
01556000,05-21,146.0,171.0,249.0,382,653.0,997.0,1180.0
01556000,05-22,136.0,166.0,226.0,356,610.0,964.0,1370.0
01556000,05-23,140.0,165.0,246.0,351,537.0,984.0,2100.0
01556000,05-24,136.0,161.0,222.0,331,539.0,1010.0,1430.0
01556000,05-25,136.0,152.0,204.0,324,563.0,1010.0,1300.0
01556000,05-26,128.0,145.0,202.0,293,516.0,851.0,1050.0
01556000,05-27,128.0,141.0,192.0,289,480.0,778.0,945.0
01556000,05-28,123.0,140.0,195.0,292,442.0,930.0,1280.0
01556000,05-29,122.0,136.0,203.0,301,546.0,929.0,1290.0
01556000,05-30,118.0,129.0,184.0,297,481.0,809.0,1250.0
01556000,05-31,118.0,126.0,188.0,271,459.0,827.0,1120.0
01556000,06-01,120.0,124.0,184.0,250,431.0,636.0,817.0
01556000,06-02,119.0,134.0,173.0,241,420.0,639.0,1090.0
01556000,06-03,114.0,128.0,174.0,246,422.0,596.0,940.0
01556000,06-04,109.0,126.0,170.0,242,377.0,745.0,992.0
01556000,06-05,104.0,119.0,155.0,228,366.0,618.0,985.0
01556000,06-06,111.0,127.0,165.0,232,375.0,665.0,1100.0
01556000,06-07,111.0,120.0,162.0,226,341.0,588.0,1180.0
01556000,06-08,106.0,118.0,159.0,214,345.0,533.0,780.0
01556000,06-09,105.0,117.0,155.0,221,354.0,598.0,863.0
01556000,06-10,100.0,109.0,150.0,212,327.0,548.0,762.0
01556000,06-11,100.0,112.0,142.0,208,293.0,489.0,880.0
01556000,06-12,98.0,110.0,140.0,203,312.0,611.0,778.0
01556000,06-13,108.0,120.0,147.0,193,337.0,690.0,922.0
01556000,06-14,103.0,115.0,144.0,198,322.0,592.0,892.0
01556000,06-15,99.0,107.0,136.0,184,301.0,538.0,906.0
01556000,06-16,98.0,108.0,135.0,191,336.0,587.0,791.0
01556000,06-17,101.0,110.0,135.0,194,323.0,457.0,850.0
01556000,06-18,100.0,111.0,133.0,185,295.0,519.0,798.0
01556000,06-19,103.0,114.0,130.0,184,328.0,731.0,976.0
01556000,06-20,99.0,106.0,126.0,177,311.0,566.0,780.0
01556000,06-21,96.0,102.0,125.0,172,273.0,786.0,1440.0
01556000,06-22,88.0,100.0,126.0,172,282.0,733.0,1090.0
01556000,06-23,85.0,97.0,127.0,172,284.0,636.0,1110.0
01556000,06-24,85.0,94.0,127.0,166,286.0,497.0,920.0
01556000,06-25,83.0,90.0,119.0,153,272.0,476.0,859.0
01556000,06-26,80.0,92.0,114.0,162,252.0,498.0,666.0
01556000,06-27,80.0,91.0,115.0,156,276.0,559.0,779.0
01556000,06-28,83.0,90.0,109.0,147,251.0,521.0,690.0
01556000,06-29,78.0,93.0,109.0,153,245.0,433.0,899.0
01556000,06-30,77.0,88.0,110.0,147,227.0,373.0,789.0
01556000,07-01,75.0,80.0,105.0,144,242.0,515.0,876.0
01556000,07-02,74.0,83.0,104.0,148,250.0,502.0,619.0
01556000,07-03,72.0,81.0,104.0,144,253.0,424.0,591.0
01556000,07-04,69.0,80.0,103.0,141,218.0,377.0,647.0
01556000,07-05,73.0,82.0,104.0,136,220.0,382.0,802.0
01556000,07-06,72.0,77.0,102.0,142,215.0,477.0,637.0
01556000,07-07,69.0,78.0,100.0,133,205.0,344.0,832.0
01556000,07-08,71.0,76.0,101.0,132,213.0,390.0,669.0
01556000,07-09,69.0,81.0,98.0,141,203.0,346.0,505.0
01556000,07-10,66.0,74.0,96.0,135,199.0,354.0,619.0
01556000,07-11,66.0,74.0,100.0,138,200.0,372.0,663.0
01556000,07-12,63.0,75.0,98.0,128,182.0,432.0,564.0
01556000,07-13,61.0,74.0,97.0,130,184.0,310.0,969.0
01556000,07-14,63.0,73.0,94.0,123,199.0,352.0,566.0
01556000,07-15,64.0,73.0,93.0,126,204.0,351.0,556.0
01556000,07-16,63.0,72.0,89.0,125,197.0,320.0,651.0
01556000,07-17,57.0,69.0,88.0,120,185.0,419.0,613.0
01556000,07-18,56.0,69.0,89.0,115,198.0,378.0,489.0
01556000,07-19,60.0,68.0,86.0,113,175.0,302.0,524.0
01556000,07-20,59.0,73.0,87.0,122,176.0,311.0,508.0
01556000,07-21,62.0,72.0,88.0,118,176.0,296.0,481.0
01556000,07-22,61.0,69.0,89.0,119,183.0,312.0,574.0
01556000,07-23,58.0,68.0,93.0,120,210.0,375.0,743.0
01556000,07-24,61.0,71.0,91.0,123,181.0,258.0,472.0
01556000,07-25,58.0,73.0,94.0,118,150.0,303.0,427.0
01556000,07-26,58.0,72.0,90.0,112,149.0,252.0,448.0
01556000,07-27,58.0,71.0,89.0,110,167.0,273.0,354.0
01556000,07-28,66.0,70.0,86.0,114,176.0,275.0,515.0
01556000,07-29,68.0,73.0,90.0,117,181.0,329.0,509.0
01556000,07-30,67.0,70.0,88.0,121,180.0,295.0,350.0
01556000,07-31,63.0,68.0,86.0,116,161.0,304.0,536.0
01556000,08-01,62.0,68.0,87.0,108,161.0,231.0,418.0
01556000,08-02,60.0,67.0,85.0,105,161.0,242.0,390.0
01556000,08-03,63.0,71.0,85.0,104,169.0,250.0,566.0
01556000,08-04,63.0,71.0,87.0,107,170.0,265.0,578.0
01556000,08-05,63.0,70.0,83.0,112,159.0,269.0,590.0
01556000,08-06,63.0,70.0,86.0,114,156.0,254.0,452.0
01556000,08-07,61.0,69.0,84.0,103,159.0,285.0,423.0
01556000,08-08,61.0,68.0,80.0,105,172.0,284.0,469.0
01556000,08-09,60.0,68.0,80.0,102,182.0,252.0,461.0
01556000,08-10,59.0,67.0,82.0,116,166.0,292.0,466.0
01556000,08-11,57.0,68.0,81.0,108,160.0,272.0,532.0
01556000,08-12,58.0,66.0,79.0,107,143.0,293.0,512.0
01556000,08-13,59.0,67.0,77.0,106,149.0,376.0,453.0
01556000,08-14,63.0,68.0,78.0,104,167.0,256.0,494.0
01556000,08-15,62.0,68.0,76.0,99,159.0,267.0,405.0
01556000,08-16,56.0,65.0,79.0,101,142.0,259.0,413.0
01556000,08-17,57.0,64.0,77.0,100,150.0,239.0,361.0
01556000,08-18,58.0,63.0,76.0,96,161.0,273.0,478.0
01556000,08-19,58.0,63.0,74.0,99,147.0,234.0,361.0
01556000,08-20,58.0,63.0,74.0,97,150.0,241.0,298.0
01556000,08-21,60.0,63.0,73.0,95,161.0,300.0,423.0
01556000,08-22,60.0,64.0,73.0,100,153.0,282.0,491.0
01556000,08-23,58.0,63.0,73.0,96,157.0,261.0,403.0
01556000,08-24,57.0,62.0,72.0,100,153.0,225.0,324.0
01556000,08-25,56.0,63.0,74.0,99,144.0,236.0,315.0
01556000,08-26,54.0,59.0,72.0,97,140.0,226.0,333.0
01556000,08-27,55.0,61.0,71.0,92,131.0,208.0,394.0
01556000,08-28,56.0,61.0,71.0,98,140.0,208.0,259.0
01556000,08-29,56.0,60.0,73.0,100,147.0,242.0,332.0
01556000,08-30,54.0,59.0,72.0,100,137.0,204.0,385.0
01556000,08-31,53.0,57.0,73.0,97,138.0,243.0,324.0
01556000,09-01,52.0,56.0,72.0,94,122.0,190.0,402.0
01556000,09-02,54.0,58.0,72.0,90,124.0,179.0,278.0
01556000,09-03,54.0,59.0,70.0,93,130.0,207.0,347.0
01556000,09-04,52.0,57.0,71.0,95,131.0,229.0,276.0
01556000,09-05,52.0,58.0,69.0,93,131.0,223.0,304.0
01556000,09-06,49.0,58.0,69.0,92,128.0,264.0,538.0
01556000,09-07,50.0,56.0,72.0,90,117.0,269.0,675.0
01556000,09-08,49.0,56.0,71.0,89,125.0,266.0,785.0
01556000,09-09,49.0,54.0,70.0,91,127.0,287.0,613.0
01556000,09-10,48.0,56.0,69.0,88,124.0,300.0,646.0
01556000,09-11,47.0,56.0,73.0,84,132.0,237.0,499.0
01556000,09-12,46.0,57.0,70.0,85,129.0,324.0,624.0
01556000,09-13,46.0,58.0,71.0,87,117.0,307.0,643.0
01556000,09-14,52.0,60.0,71.0,88,121.0,255.0,508.0
01556000,09-15,51.0,61.0,69.0,89,131.0,269.0,504.0
01556000,09-16,49.0,58.0,69.0,88,117.0,293.0,445.0
01556000,09-17,54.0,59.0,69.0,88,118.0,253.0,655.0
01556000,09-18,49.0,58.0,70.0,86,144.0,255.0,899.0
01556000,09-19,49.0,55.0,71.0,86,135.0,275.0,999.0
01556000,09-20,48.0,63.0,71.0,86,124.0,212.0,1030.0
01556000,09-21,51.0,62.0,72.0,88,123.0,204.0,694.0
01556000,09-22,54.0,61.0,72.0,89,123.0,237.0,584.0
01556000,09-23,49.0,58.0,71.0,88,127.0,214.0,678.0
01556000,09-24,51.0,58.0,71.0,86,123.0,275.0,575.0
01556000,09-25,49.0,56.0,69.0,84,117.0,241.0,551.0
01556000,09-26,51.0,57.0,69.0,84,119.0,240.0,578.0
01556000,09-27,49.0,56.0,69.0,83,135.0,345.0,654.0
01556000,09-28,52.0,60.0,71.0,91,136.0,492.0,930.0
01556000,09-29,52.0,59.0,70.0,93,136.0,578.0,917.0
01556000,09-30,52.0,59.0,70.0,90,204.0,541.0,855.0
01556000,10-01,56.0,60.0,71.0,91,159.0,444.0,769.0
01556000,10-02,57.0,62.0,73.0,93,158.0,397.0,566.0
01556000,10-03,57.0,63.0,72.0,90,144.0,359.0,674.0
01556000,10-04,56.0,62.0,72.0,89,143.0,313.0,540.0
01556000,10-05,54.0,60.0,72.0,91,136.0,280.0,423.0
01556000,10-06,55.0,62.0,74.0,91,146.0,278.0,375.0
01556000,10-07,57.0,62.0,73.0,92,137.0,226.0,362.0
01556000,10-08,55.0,63.0,71.0,96,159.0,232.0,395.0
01556000,10-09,55.0,62.0,73.0,91,144.0,257.0,508.0
01556000,10-10,55.0,58.0,69.0,87,141.0,253.0,466.0
01556000,10-11,55.0,60.0,69.0,87,138.0,267.0,733.0
01556000,10-12,54.0,57.0,70.0,89,130.0,256.0,536.0
01556000,10-13,53.0,58.0,71.0,87,120.0,233.0,599.0
01556000,10-14,54.0,58.0,70.0,90,135.0,247.0,470.0
01556000,10-15,52.0,60.0,72.0,94,142.0,377.0,603.0
01556000,10-16,51.0,63.0,73.0,95,137.0,337.0,500.0
01556000,10-17,54.0,59.0,72.0,93,141.0,383.0,596.0
01556000,10-18,55.0,61.0,75.0,93,146.0,499.0,772.0
01556000,10-19,56.0,62.0,76.0,95,172.0,475.0,689.0
01556000,10-20,58.0,63.0,74.0,94,158.0,371.0,781.0
01556000,10-21,59.0,64.0,73.0,94,158.0,417.0,895.0
01556000,10-22,59.0,63.0,70.0,96,159.0,427.0,641.0
01556000,10-23,56.0,63.0,72.0,98,182.0,317.0,663.0
01556000,10-24,53.0,62.0,75.0,101,201.0,441.0,1040.0
01556000,10-25,55.0,62.0,74.0,102,185.0,450.0,865.0
01556000,10-26,56.0,63.0,74.0,101,187.0,426.0,686.0
01556000,10-27,55.0,63.0,77.0,105,202.0,490.0,763.0
01556000,10-28,55.0,63.0,79.0,106,213.0,555.0,740.0
01556000,10-29,56.0,63.0,77.0,107,248.0,549.0,612.0
01556000,10-30,59.0,63.0,78.0,104,265.0,479.0,986.0
01556000,10-31,56.0,63.0,78.0,107,267.0,462.0,759.0
01556000,11-01,54.0,62.0,77.0,123,268.0,526.0,680.0
01556000,11-02,59.0,64.0,77.0,127,277.0,556.0,745.0
01556000,11-03,61.0,66.0,81.0,115,272.0,520.0,731.0
01556000,11-04,58.0,65.0,81.0,122,261.0,499.0,600.0
01556000,11-05,57.0,65.0,82.0,134,248.0,499.0,825.0
01556000,11-06,57.0,67.0,90.0,126,246.0,465.0,749.0
01556000,11-07,60.0,70.0,91.0,133,242.0,436.0,679.0
01556000,11-08,61.0,70.0,87.0,133,241.0,439.0,644.0
01556000,11-09,65.0,71.0,87.0,130,241.0,405.0,852.0
01556000,11-10,66.0,67.0,85.0,142,250.0,486.0,899.0
01556000,11-11,60.0,66.0,88.0,144,265.0,449.0,713.0
01556000,11-12,60.0,66.0,87.0,141,318.0,569.0,779.0
01556000,11-13,62.0,70.0,87.0,146,308.0,548.0,977.0
01556000,11-14,63.0,72.0,87.0,142,280.0,555.0,790.0
01556000,11-15,60.0,70.0,87.0,145,264.0,472.0,850.0
01556000,11-16,60.0,68.0,89.0,146,282.0,599.0,924.0
01556000,11-17,60.0,70.0,91.0,157,329.0,683.0,1020.0
01556000,11-18,61.0,72.0,93.0,159,310.0,556.0,997.0
01556000,11-19,60.0,72.0,92.0,151,330.0,681.0,1140.0
01556000,11-20,60.0,72.0,95.0,159,346.0,763.0,1110.0
01556000,11-21,60.0,72.0,97.0,166,329.0,701.0,1100.0
01556000,11-22,59.0,71.0,99.0,163,358.0,645.0,899.0
01556000,11-23,60.0,74.0,100.0,164,322.0,642.0,885.0
01556000,11-24,62.0,80.0,104.0,195,326.0,563.0,762.0
01556000,11-25,62.0,78.0,106.0,187,342.0,573.0,957.0
01556000,11-26,57.0,79.0,110.0,199,344.0,810.0,1120.0
01556000,11-27,62.0,78.0,108.0,195,327.0,803.0,1390.0
01556000,11-28,63.0,77.0,113.0,207,397.0,1000.0,1800.0
01556000,11-29,71.0,82.0,117.0,203,410.0,995.0,1350.0
01556000,11-30,76.0,94.0,114.0,188,532.0,831.0,1150.0
01556000,12-01,73.0,86.0,120.0,188,466.0,781.0,1360.0
01556000,12-02,74.0,85.0,117.0,184,440.0,788.0,1510.0
01556000,12-03,76.0,83.0,118.0,197,416.0,824.0,1350.0
01556000,12-04,75.0,82.0,119.0,188,435.0,832.0,1130.0
01556000,12-05,75.0,88.0,127.0,213,407.0,891.0,1030.0
01556000,12-06,76.0,83.0,124.0,209,477.0,834.0,1160.0
01556000,12-07,76.0,84.0,126.0,202,479.0,834.0,1270.0
01556000,12-08,74.0,79.0,140.0,204,412.0,660.0,1280.0
01556000,12-09,75.0,81.0,134.0,237,439.0,720.0,1170.0
01556000,12-10,71.0,78.0,127.0,236,439.0,756.0,1290.0
01556000,12-11,70.0,80.0,134.0,262,481.0,874.0,1490.0
01556000,12-12,71.0,81.0,142.0,257,501.0,1010.0,1260.0
01556000,12-13,70.0,83.0,141.0,254,492.0,991.0,1320.0
01556000,12-14,69.0,86.0,130.0,237,589.0,1020.0,1210.0
01556000,12-15,66.0,75.0,133.0,256,574.0,945.0,1100.0
01556000,12-16,63.0,80.0,132.0,280,525.0,808.0,1100.0
01556000,12-17,67.0,77.0,141.0,276,524.0,766.0,879.0
01556000,12-18,67.0,75.0,143.0,290,507.0,896.0,1140.0
01556000,12-19,64.0,74.0,140.0,287,447.0,764.0,1100.0
01556000,12-20,61.0,76.0,140.0,278,481.0,775.0,968.0
01556000,12-21,65.0,76.0,150.0,271,461.0,873.0,1090.0
01556000,12-22,66.0,80.0,142.0,266,445.0,829.0,1300.0
01556000,12-23,61.0,83.0,158.0,260,451.0,861.0,1450.0
01556000,12-24,62.0,81.0,171.0,277,485.0,873.0,1690.0
01556000,12-25,64.0,71.0,171.0,284,506.0,995.0,1420.0
01556000,12-26,65.0,80.0,148.0,296,533.0,880.0,1180.0
01556000,12-27,66.0,88.0,147.0,293,506.0,807.0,1120.0
01556000,12-28,69.0,89.0,162.0,322,524.0,880.0,1160.0
01556000,12-29,70.0,96.0,160.0,330,528.0,837.0,1190.0
01556000,12-30,67.0,82.0,157.0,296,498.0,872.0,1170.0
01556000,12-31,65.0,80.0,160.0,288,521.0,869.0,1730.0
01558000,01-01,74.0,96.0,179.0,336,507.0,970.0,1480.0
01558000,01-02,79.0,105.0,181.0,320,541.0,1100.0,1340.0
01558000,01-03,88.0,109.0,187.0,304,571.0,963.0,1230.0
01558000,01-04,92.0,116.0,186.0,304,637.0,895.0,1130.0
01558000,01-05,91.0,116.0,173.0,306,557.0,930.0,1170.0
01558000,01-06,92.0,121.0,163.0,281,528.0,827.0,987.0
01558000,01-07,100.0,124.0,177.0,282,517.0,761.0,1160.0
01558000,01-08,96.0,116.0,171.0,287,468.0,766.0,1150.0
01558000,01-09,94.0,111.0,160.0,281,442.0,834.0,1120.0
01558000,01-10,98.0,113.0,165.0,276,446.0,869.0,1270.0
01558000,01-11,90.0,114.0,162.0,279,438.0,784.0,1010.0
01558000,01-12,89.0,112.0,170.0,271,510.0,788.0,938.0
01558000,01-13,87.0,109.0,158.0,260,509.0,764.0,980.0
01558000,01-14,92.0,111.0,157.0,264,449.0,746.0,907.0
01558000,01-15,107.0,111.0,171.0,308,523.0,690.0,900.0
01558000,01-16,104.0,111.0,167.0,287,505.0,763.0,903.0
01558000,01-17,101.0,113.0,157.0,262,469.0,698.0,977.0
01558000,01-18,99.0,109.0,155.0,250,441.0,775.0,884.0
01558000,01-19,94.0,108.0,169.0,258,453.0,742.0,1120.0
01558000,01-20,97.0,103.0,159.0,273,433.0,900.0,1340.0
01558000,01-21,94.0,110.0,156.0,250,423.0,890.0,1400.0
01558000,01-22,95.0,116.0,184.0,264,424.0,751.0,1210.0
01558000,01-23,95.0,111.0,180.0,268,476.0,809.0,1010.0
01558000,01-24,101.0,116.0,172.0,267,504.0,906.0,1130.0
01558000,01-25,99.0,112.0,178.0,273,536.0,914.0,1400.0
01558000,01-26,100.0,119.0,174.0,275,548.0,874.0,1290.0
01558000,01-27,99.0,117.0,173.0,297,567.0,893.0,1710.0
01558000,01-28,96.0,116.0,169.0,274,501.0,904.0,1740.0
01558000,01-29,99.0,116.0,165.0,281,495.0,889.0,1190.0
01558000,01-30,110.0,141.0,164.0,308,524.0,796.0,1010.0
01558000,01-31,106.0,132.0,169.0,278,507.0,727.0,1180.0
01558000,02-01,111.0,132.0,168.0,315,453.0,643.0,880.0
01558000,02-02,114.0,148.0,181.0,302,467.0,745.0,1050.0
01558000,02-03,112.0,145.0,179.0,293,468.0,858.0,1490.0
01558000,02-04,116.0,144.0,170.0,299,524.0,1090.0,1340.0
01558000,02-05,112.0,139.0,169.0,277,516.0,922.0,1210.0
01558000,02-06,109.0,135.0,174.0,282,508.0,787.0,1090.0
01558000,02-07,113.0,143.0,170.0,301,527.0,809.0,1170.0
01558000,02-08,107.0,131.0,164.0,288,517.0,761.0,1110.0
01558000,02-09,104.0,121.0,156.0,281,476.0,713.0,901.0
01558000,02-10,112.0,129.0,160.0,271,496.0,816.0,1120.0
01558000,02-11,123.0,133.0,163.0,284,544.0,756.0,1070.0
01558000,02-12,120.0,134.0,178.0,298,552.0,738.0,949.0
01558000,02-13,115.0,130.0,177.0,310,539.0,862.0,1250.0
01558000,02-14,124.0,134.0,205.0,319,516.0,886.0,1770.0
01558000,02-15,129.0,140.0,198.0,304,550.0,997.0,1350.0
01558000,02-16,129.0,154.0,207.0,324,555.0,857.0,1340.0
01558000,02-17,127.0,153.0,215.0,321,588.0,840.0,1150.0
01558000,02-18,138.0,164.0,202.0,329,607.0,914.0,1410.0
01558000,02-19,142.0,154.0,196.0,339,576.0,1100.0,1390.0
01558000,02-20,140.0,157.0,211.0,362,538.0,1280.0,1440.0
01558000,02-21,143.0,152.0,229.0,369,648.0,1260.0,1720.0
01558000,02-22,136.0,169.0,253.0,378,675.0,1320.0,1990.0
01558000,02-23,150.0,174.0,260.0,387,680.0,1270.0,1540.0
01558000,02-24,159.0,177.0,255.0,419,762.0,1260.0,1870.0
01558000,02-25,148.0,177.0,258.0,404,835.0,1330.0,2430.0
01558000,02-26,141.0,180.0,249.0,383,778.0,1200.0,1830.0
01558000,02-27,140.0,170.0,264.0,374,747.0,1240.0,1560.0
01558000,02-28,138.0,163.0,271.0,398,861.0,1290.0,1950.0
01558000,02-29,134.0,147.0,246.0,483,730.0,1220.0,1740.0
01558000,03-01,130.0,161.0,275.0,438,839.0,1380.0,2180.0
01558000,03-02,141.0,166.0,279.0,420,831.0,1430.0,1690.0
01558000,03-03,139.0,199.0,287.0,431,754.0,1220.0,1510.0
01558000,03-04,173.0,229.0,294.0,509,881.0,1680.0,2270.0
01558000,03-05,160.0,235.0,323.0,498,934.0,1750.0,2510.0
01558000,03-06,176.0,241.0,339.0,500,977.0,1780.0,3020.0
01558000,03-07,175.0,236.0,345.0,476,930.0,1560.0,2260.0
01558000,03-08,211.0,242.0,330.0,497,835.0,1340.0,2040.0
01558000,03-09,206.0,241.0,330.0,551,808.0,1400.0,1950.0
01558000,03-10,220.0,252.0,327.0,524,757.0,1260.0,1820.0
01558000,03-11,214.0,265.0,358.0,523,768.0,1190.0,1810.0
01558000,03-12,235.0,278.0,424.0,565,846.0,1440.0,2120.0
01558000,03-13,234.0,289.0,402.0,603,879.0,1520.0,1900.0
01558000,03-14,230.0,291.0,394.0,582,953.0,1380.0,1700.0
01558000,03-15,238.0,298.0,388.0,592,938.0,1520.0,2230.0
01558000,03-16,263.0,304.0,387.0,591,982.0,1660.0,2090.0
01558000,03-17,252.0,315.0,400.0,572,885.0,1610.0,1820.0
01558000,03-18,261.0,313.0,381.0,559,871.0,1260.0,1950.0
01558000,03-19,271.0,306.0,376.0,598,969.0,1280.0,1710.0
01558000,03-20,279.0,311.0,388.0,612,912.0,1430.0,1900.0
01558000,03-21,281.0,309.0,418.0,655,982.0,1490.0,1950.0
01558000,03-22,276.0,296.0,399.0,612,991.0,1550.0,2520.0
01558000,03-23,266.0,296.0,418.0,626,936.0,1650.0,1850.0
01558000,03-24,269.0,303.0,416.0,653,1010.0,1540.0,1810.0
01558000,03-25,263.0,303.0,439.0,640,933.0,1450.0,1850.0
01558000,03-26,266.0,284.0,445.0,646,914.0,1350.0,2120.0
01558000,03-27,267.0,290.0,444.0,619,861.0,1440.0,1920.0
01558000,03-28,259.0,309.0,430.0,607,939.0,1350.0,2160.0
01558000,03-29,252.0,308.0,418.0,589,919.0,1650.0,2670.0
01558000,03-30,250.0,322.0,432.0,615,940.0,1820.0,2300.0
01558000,03-31,246.0,312.0,421.0,587,985.0,1680.0,2570.0
01558000,04-01,242.0,297.0,441.0,620,985.0,1630.0,2850.0
01558000,04-02,231.0,338.0,436.0,654,1100.0,1900.0,2470.0
01558000,04-03,255.0,323.0,455.0,675,1090.0,1660.0,2570.0
01558000,04-04,255.0,336.0,444.0,674,1110.0,1930.0,2490.0
01558000,04-05,247.0,309.0,444.0,648,1110.0,2020.0,2430.0
01558000,04-06,238.0,304.0,434.0,677,970.0,1630.0,2030.0
01558000,04-07,246.0,303.0,415.0,665,956.0,1450.0,1980.0
01558000,04-08,263.0,297.0,397.0,615,920.0,1320.0,1840.0
01558000,04-09,255.0,276.0,386.0,578,874.0,1460.0,1820.0
01558000,04-10,247.0,257.0,387.0,562,849.0,1470.0,1880.0
01558000,04-11,237.0,266.0,380.0,566,897.0,1240.0,1410.0
01558000,04-12,237.0,274.0,374.0,553,826.0,1170.0,1500.0
01558000,04-13,251.0,270.0,366.0,572,805.0,1210.0,1650.0
01558000,04-14,237.0,257.0,356.0,542,783.0,1350.0,1700.0
01558000,04-15,243.0,246.0,347.0,542,756.0,1410.0,1560.0
01558000,04-16,233.0,245.0,350.0,520,740.0,1370.0,2120.0
01558000,04-17,220.0,253.0,379.0,532,734.0,1270.0,2000.0
01558000,04-18,215.0,255.0,348.0,485,744.0,1170.0,1640.0
01558000,04-19,205.0,238.0,340.0,468,765.0,1120.0,1420.0
01558000,04-20,197.0,231.0,333.0,462,720.0,1010.0,1400.0
01558000,04-21,194.0,222.0,330.0,467,680.0,979.0,1830.0
01558000,04-22,206.0,220.0,325.0,466,621.0,1320.0,1990.0
01558000,04-23,206.0,220.0,311.0,460,644.0,1170.0,1450.0
01558000,04-24,207.0,255.0,308.0,479,654.0,1040.0,1240.0
01558000,04-25,201.0,236.0,310.0,469,648.0,1030.0,1220.0
01558000,04-26,197.0,224.0,313.0,450,672.0,1210.0,1400.0
01558000,04-27,188.0,212.0,305.0,462,676.0,1030.0,1270.0
01558000,04-28,184.0,223.0,298.0,444,639.0,1050.0,1450.0
01558000,04-29,195.0,219.0,296.0,442,603.0,1080.0,1280.0
01558000,04-30,190.0,222.0,299.0,428,613.0,1030.0,1510.0
01558000,05-01,192.0,223.0,291.0,422,618.0,885.0,1470.0
01558000,05-02,189.0,222.0,297.0,416,625.0,950.0,1180.0
01558000,05-03,182.0,227.0,290.0,395,606.0,972.0,1200.0
01558000,05-04,205.0,216.0,287.0,427,668.0,884.0,1090.0
01558000,05-05,185.0,222.0,287.0,421,602.0,791.0,1330.0
01558000,05-06,179.0,219.0,292.0,410,584.0,894.0,1280.0
01558000,05-07,189.0,213.0,272.0,409,580.0,1090.0,1500.0
01558000,05-08,185.0,228.0,298.0,409,588.0,1230.0,1520.0
01558000,05-09,186.0,219.0,302.0,405,578.0,1040.0,1390.0
01558000,05-10,188.0,219.0,277.0,381,654.0,1110.0,1410.0
01558000,05-11,186.0,217.0,296.0,385,584.0,1060.0,1430.0
01558000,05-12,183.0,208.0,285.0,438,782.0,1390.0,1750.0
01558000,05-13,178.0,199.0,295.0,411,722.0,1340.0,1920.0
01558000,05-14,187.0,200.0,278.0,413,718.0,1410.0,1910.0
01558000,05-15,173.0,204.0,279.0,392,681.0,1120.0,1340.0
01558000,05-16,168.0,193.0,274.0,406,686.0,1070.0,1290.0
01558000,05-17,161.0,193.0,254.0,401,660.0,964.0,1310.0
01558000,05-18,159.0,184.0,246.0,393,716.0,990.0,1840.0
01558000,05-19,168.0,187.0,250.0,381,664.0,1060.0,1610.0
01558000,05-20,163.0,191.0,263.0,399,654.0,938.0,1310.0
01558000,05-21,162.0,193.0,244.0,427,670.0,937.0,1160.0
01558000,05-22,153.0,186.0,237.0,396,634.0,1110.0,1190.0
01558000,05-23,164.0,190.0,235.0,389,570.0,859.0,1620.0
01558000,05-24,156.0,182.0,253.0,380,588.0,1050.0,1430.0
01558000,05-25,146.0,173.0,245.0,366,526.0,970.0,1520.0
01558000,05-26,150.0,167.0,215.0,351,501.0,907.0,1330.0
01558000,05-27,142.0,160.0,217.0,357,495.0,946.0,1120.0
01558000,05-28,139.0,154.0,217.0,349,463.0,862.0,1080.0
01558000,05-29,132.0,153.0,218.0,323,528.0,823.0,1560.0
01558000,05-30,136.0,148.0,202.0,317,432.0,739.0,1270.0
01558000,05-31,138.0,146.0,196.0,290,446.0,729.0,1230.0
01558000,06-01,135.0,154.0,196.0,289,470.0,691.0,938.0
01558000,06-02,131.0,158.0,193.0,275,454.0,678.0,1260.0
01558000,06-03,128.0,149.0,187.0,279,453.0,644.0,878.0
01558000,06-04,123.0,140.0,200.0,257,442.0,624.0,900.0
01558000,06-05,118.0,130.0,178.0,261,400.0,669.0,893.0
01558000,06-06,120.0,138.0,186.0,277,413.0,624.0,1030.0
01558000,06-07,118.0,134.0,187.0,265,373.0,542.0,1050.0
01558000,06-08,118.0,129.0,181.0,248,382.0,607.0,1100.0
01558000,06-09,116.0,138.0,179.0,242,366.0,524.0,1000.0
01558000,06-10,112.0,131.0,173.0,230,333.0,751.0,886.0
01558000,06-11,110.0,122.0,175.0,232,349.0,687.0,806.0
01558000,06-12,112.0,128.0,167.0,222,345.0,694.0,754.0
01558000,06-13,114.0,134.0,166.0,214,409.0,619.0,1140.0
01558000,06-14,111.0,135.0,162.0,226,404.0,619.0,918.0
01558000,06-15,111.0,124.0,159.0,213,404.0,659.0,960.0
01558000,06-16,107.0,115.0,151.0,211,352.0,594.0,861.0
01558000,06-17,111.0,130.0,149.0,214,323.0,578.0,944.0
01558000,06-18,116.0,124.0,148.0,225,314.0,532.0,756.0
01558000,06-19,108.0,119.0,147.0,218,339.0,615.0,707.0
01558000,06-20,103.0,118.0,150.0,214,333.0,554.0,1060.0
01558000,06-21,101.0,114.0,140.0,202,297.0,856.0,1650.0
01558000,06-22,102.0,114.0,139.0,206,323.0,695.0,1150.0
01558000,06-23,103.0,111.0,140.0,197,316.0,597.0,1160.0
01558000,06-24,98.0,112.0,138.0,182,306.0,504.0,913.0
01558000,06-25,96.0,111.0,128.0,173,323.0,474.0,708.0
01558000,06-26,99.0,105.0,125.0,169,270.0,513.0,617.0
01558000,06-27,97.0,106.0,127.0,174,295.0,469.0,689.0
01558000,06-28,94.0,107.0,120.0,167,300.0,503.0,791.0
01558000,06-29,94.0,105.0,118.0,155,274.0,443.0,587.0
01558000,06-30,93.0,104.0,114.0,153,256.0,425.0,486.0
01558000,07-01,89.0,99.0,109.0,162,254.0,413.0,595.0
01558000,07-02,87.0,97.0,111.0,158,265.0,429.0,638.0
01558000,07-03,87.0,94.0,110.0,160,251.0,412.0,493.0
01558000,07-04,86.0,93.0,107.0,144,233.0,352.0,526.0
01558000,07-05,85.0,91.0,116.0,161,234.0,368.0,741.0
01558000,07-06,83.0,94.0,116.0,156,214.0,326.0,626.0
01558000,07-07,84.0,90.0,111.0,142,205.0,319.0,552.0
01558000,07-08,83.0,87.0,110.0,165,213.0,305.0,581.0
01558000,07-09,81.0,89.0,108.0,146,202.0,256.0,475.0
01558000,07-10,83.0,89.0,106.0,152,188.0,303.0,426.0
01558000,07-11,84.0,87.0,106.0,149,206.0,381.0,483.0
01558000,07-12,85.0,87.0,104.0,139,203.0,344.0,442.0
01558000,07-13,81.0,89.0,104.0,136,193.0,316.0,387.0
01558000,07-14,80.0,85.0,101.0,138,192.0,272.0,547.0
01558000,07-15,79.0,82.0,101.0,144,184.0,301.0,459.0
01558000,07-16,77.0,79.0,99.0,131,188.0,273.0,474.0
01558000,07-17,75.0,81.0,99.0,123,187.0,322.0,403.0
01558000,07-18,78.0,82.0,96.0,123,181.0,256.0,399.0
01558000,07-19,76.0,83.0,97.0,122,163.0,243.0,534.0
01558000,07-20,74.0,85.0,99.0,123,160.0,283.0,1070.0
01558000,07-21,76.0,83.0,99.0,128,165.0,336.0,806.0
01558000,07-22,79.0,82.0,94.0,125,166.0,406.0,622.0
01558000,07-23,78.0,84.0,92.0,125,189.0,444.0,578.0
01558000,07-24,76.0,82.0,94.0,128,166.0,317.0,447.0
01558000,07-25,77.0,83.0,90.0,118,164.0,324.0,485.0
01558000,07-26,76.0,80.0,94.0,113,152.0,344.0,404.0
01558000,07-27,73.0,78.0,88.0,111,155.0,305.0,363.0
01558000,07-28,71.0,79.0,91.0,112,180.0,310.0,692.0
01558000,07-29,72.0,82.0,100.0,120,173.0,311.0,743.0
01558000,07-30,71.0,81.0,97.0,116,164.0,307.0,528.0
01558000,07-31,72.0,78.0,93.0,111,178.0,312.0,383.0
01558000,08-01,73.0,78.0,90.0,110,157.0,278.0,417.0
01558000,08-02,73.0,78.0,86.0,109,155.0,277.0,329.0
01558000,08-03,70.0,77.0,91.0,115,154.0,261.0,564.0
01558000,08-04,70.0,76.0,91.0,115,172.0,280.0,473.0
01558000,08-05,71.0,76.0,94.0,115,164.0,265.0,480.0
01558000,08-06,72.0,76.0,91.0,115,161.0,239.0,377.0
01558000,08-07,71.0,74.0,88.0,112,174.0,302.0,466.0
01558000,08-08,70.0,77.0,87.0,110,162.0,266.0,382.0
01558000,08-09,71.0,75.0,86.0,110,160.0,252.0,621.0
01558000,08-10,67.0,75.0,86.0,110,156.0,271.0,469.0
01558000,08-11,67.0,76.0,84.0,109,165.0,266.0,491.0
01558000,08-12,67.0,75.0,88.0,106,156.0,258.0,502.0
01558000,08-13,66.0,74.0,87.0,102,148.0,342.0,466.0
01558000,08-14,67.0,78.0,91.0,106,146.0,291.0,444.0
01558000,08-15,73.0,75.0,89.0,103,164.0,259.0,399.0
01558000,08-16,67.0,74.0,85.0,105,136.0,249.0,384.0
01558000,08-17,66.0,74.0,85.0,105,136.0,279.0,393.0
01558000,08-18,68.0,75.0,86.0,101,149.0,308.0,383.0
01558000,08-19,67.0,74.0,86.0,102,137.0,269.0,434.0
01558000,08-20,68.0,73.0,84.0,102,178.0,263.0,348.0
01558000,08-21,67.0,73.0,85.0,102,168.0,307.0,422.0
01558000,08-22,70.0,74.0,85.0,103,165.0,245.0,384.0
01558000,08-23,71.0,75.0,84.0,99,153.0,256.0,329.0
01558000,08-24,70.0,76.0,84.0,99,143.0,211.0,278.0
01558000,08-25,68.0,75.0,83.0,96,137.0,201.0,297.0
01558000,08-26,68.0,71.0,80.0,96,133.0,203.0,267.0
01558000,08-27,68.0,71.0,78.0,95,140.0,200.0,284.0
01558000,08-28,69.0,73.0,83.0,98,122.0,212.0,275.0
01558000,08-29,68.0,71.0,83.0,100,149.0,222.0,335.0
01558000,08-30,67.0,70.0,81.0,99,137.0,241.0,290.0
01558000,08-31,66.0,68.0,80.0,98,138.0,231.0,370.0
01558000,09-01,66.0,68.0,78.0,97,133.0,237.0,543.0
01558000,09-02,65.0,68.0,79.0,96,128.0,239.0,436.0
01558000,09-03,67.0,68.0,79.0,97,132.0,245.0,455.0
01558000,09-04,66.0,70.0,79.0,96,144.0,216.0,365.0
01558000,09-05,66.0,70.0,79.0,97,138.0,221.0,291.0
01558000,09-06,64.0,68.0,78.0,97,136.0,222.0,543.0
01558000,09-07,63.0,67.0,77.0,97,123.0,203.0,573.0
01558000,09-08,64.0,66.0,77.0,93,150.0,208.0,508.0
01558000,09-09,64.0,66.0,77.0,97,143.0,258.0,817.0
01558000,09-10,64.0,65.0,77.0,95,123.0,229.0,788.0
01558000,09-11,63.0,65.0,78.0,93,127.0,220.0,498.0
01558000,09-12,63.0,67.0,77.0,92,127.0,262.0,461.0
01558000,09-13,64.0,67.0,77.0,94,133.0,305.0,414.0
01558000,09-14,65.0,71.0,75.0,93,121.0,274.0,432.0
01558000,09-15,64.0,69.0,75.0,94,139.0,229.0,537.0
01558000,09-16,65.0,68.0,74.0,90,122.0,229.0,493.0
01558000,09-17,63.0,66.0,74.0,90,130.0,266.0,569.0
01558000,09-18,62.0,65.0,75.0,87,130.0,356.0,1080.0
01558000,09-19,61.0,65.0,75.0,91,138.0,263.0,1090.0
01558000,09-20,62.0,67.0,75.0,91,125.0,301.0,872.0
01558000,09-21,65.0,68.0,77.0,91,129.0,256.0,722.0
01558000,09-22,64.0,69.0,76.0,92,127.0,301.0,590.0
01558000,09-23,64.0,69.0,75.0,94,128.0,269.0,574.0
01558000,09-24,65.0,70.0,76.0,92,136.0,341.0,548.0
01558000,09-25,64.0,67.0,75.0,91,128.0,289.0,757.0
01558000,09-26,61.0,67.0,73.0,92,121.0,355.0,737.0
01558000,09-27,62.0,66.0,76.0,95,143.0,406.0,551.0
01558000,09-28,61.0,68.0,75.0,103,146.0,654.0,1120.0
01558000,09-29,64.0,70.0,81.0,101,144.0,645.0,975.0
01558000,09-30,67.0,69.0,81.0,100,200.0,553.0,745.0
01558000,10-01,68.0,71.0,81.0,99,142.0,473.0,563.0
01558000,10-02,66.0,71.0,78.0,97,146.0,443.0,554.0
01558000,10-03,67.0,70.0,78.0,95,142.0,378.0,557.0
01558000,10-04,67.0,68.0,79.0,97,132.0,333.0,609.0
01558000,10-05,65.0,69.0,78.0,92,125.0,305.0,524.0
01558000,10-06,65.0,68.0,78.0,94,135.0,299.0,417.0
01558000,10-07,65.0,69.0,82.0,96,145.0,281.0,407.0
01558000,10-08,64.0,68.0,85.0,101,151.0,271.0,394.0
01558000,10-09,65.0,67.0,80.0,94,147.0,310.0,687.0
01558000,10-10,64.0,69.0,79.0,95,136.0,304.0,613.0
01558000,10-11,65.0,69.0,79.0,95,143.0,285.0,610.0
01558000,10-12,65.0,69.0,82.0,94,133.0,288.0,581.0
01558000,10-13,65.0,68.0,81.0,92,120.0,330.0,534.0
01558000,10-14,65.0,68.0,83.0,95,137.0,373.0,567.0
01558000,10-15,65.0,71.0,83.0,97,164.0,491.0,677.0
01558000,10-16,66.0,71.0,81.0,94,165.0,393.0,524.0
01558000,10-17,65.0,71.0,81.0,97,173.0,411.0,587.0
01558000,10-18,65.0,70.0,81.0,97,183.0,414.0,710.0
01558000,10-19,66.0,71.0,82.0,96,180.0,408.0,646.0
01558000,10-20,65.0,72.0,82.0,96,153.0,423.0,913.0
01558000,10-21,66.0,71.0,82.0,96,168.0,594.0,951.0
01558000,10-22,67.0,71.0,79.0,98,194.0,436.0,626.0
01558000,10-23,68.0,71.0,81.0,101,214.0,344.0,640.0
01558000,10-24,67.0,70.0,82.0,106,222.0,450.0,643.0
01558000,10-25,66.0,71.0,84.0,102,230.0,465.0,647.0
01558000,10-26,66.0,75.0,85.0,101,233.0,449.0,895.0
01558000,10-27,67.0,74.0,84.0,102,255.0,597.0,760.0
01558000,10-28,66.0,74.0,84.0,106,242.0,521.0,642.0
01558000,10-29,66.0,73.0,84.0,110,285.0,476.0,658.0
01558000,10-30,65.0,75.0,82.0,115,308.0,508.0,788.0
01558000,10-31,66.0,74.0,82.0,114,283.0,443.0,576.0
01558000,11-01,67.0,74.0,85.0,118,283.0,439.0,605.0
01558000,11-02,68.0,74.0,87.0,127,276.0,481.0,548.0
01558000,11-03,70.0,75.0,87.0,125,293.0,493.0,544.0
01558000,11-04,69.0,75.0,85.0,133,264.0,434.0,497.0
01558000,11-05,67.0,74.0,84.0,131,274.0,435.0,531.0
01558000,11-06,68.0,77.0,89.0,130,277.0,425.0,563.0
01558000,11-07,70.0,77.0,91.0,132,277.0,406.0,529.0
01558000,11-08,71.0,74.0,91.0,143,286.0,426.0,634.0
01558000,11-09,72.0,79.0,91.0,143,261.0,377.0,1090.0
01558000,11-10,71.0,77.0,90.0,155,259.0,359.0,995.0
01558000,11-11,69.0,77.0,91.0,174,274.0,456.0,901.0
01558000,11-12,69.0,80.0,94.0,158,290.0,628.0,922.0
01558000,11-13,68.0,79.0,89.0,157,276.0,538.0,747.0
01558000,11-14,69.0,79.0,93.0,144,267.0,557.0,657.0
01558000,11-15,69.0,79.0,98.0,168,280.0,498.0,600.0
01558000,11-16,68.0,78.0,100.0,176,310.0,494.0,845.0
01558000,11-17,70.0,80.0,107.0,175,337.0,531.0,822.0
01558000,11-18,67.0,78.0,103.0,180,282.0,562.0,755.0
01558000,11-19,71.0,79.0,101.0,172,299.0,623.0,923.0
01558000,11-20,73.0,80.0,101.0,189,340.0,619.0,751.0
01558000,11-21,74.0,78.0,99.0,178,369.0,614.0,879.0
01558000,11-22,68.0,78.0,100.0,189,356.0,592.0,1110.0
01558000,11-23,70.0,82.0,102.0,180,371.0,573.0,895.0
01558000,11-24,70.0,83.0,107.0,205,375.0,559.0,817.0
01558000,11-25,74.0,78.0,110.0,202,369.0,596.0,918.0
01558000,11-26,74.0,87.0,124.0,221,390.0,782.0,1160.0
01558000,11-27,75.0,85.0,128.0,236,369.0,658.0,1470.0
01558000,11-28,77.0,89.0,128.0,229,389.0,1260.0,1570.0
01558000,11-29,80.0,90.0,133.0,254,441.0,1020.0,1370.0
01558000,11-30,79.0,90.0,131.0,241,436.0,853.0,1170.0
01558000,12-01,78.0,86.0,139.0,227,442.0,803.0,1280.0
01558000,12-02,77.0,85.0,133.0,220,475.0,824.0,1360.0
01558000,12-03,77.0,89.0,132.0,252,447.0,786.0,1320.0
01558000,12-04,79.0,89.0,126.0,240,444.0,881.0,1100.0
01558000,12-05,81.0,102.0,132.0,238,421.0,819.0,946.0
01558000,12-06,80.0,101.0,131.0,233,484.0,741.0,1240.0
01558000,12-07,84.0,95.0,145.0,224,506.0,708.0,1330.0
01558000,12-08,82.0,89.0,166.0,238,434.0,633.0,1180.0
01558000,12-09,81.0,90.0,151.0,242,426.0,671.0,888.0
01558000,12-10,77.0,102.0,151.0,256,428.0,804.0,1040.0
01558000,12-11,78.0,102.0,161.0,263,446.0,1050.0,1320.0
01558000,12-12,78.0,100.0,161.0,271,447.0,1010.0,1120.0
01558000,12-13,82.0,100.0,153.0,274,453.0,917.0,1170.0
01558000,12-14,81.0,94.0,151.0,263,554.0,832.0,950.0
01558000,12-15,75.0,85.0,153.0,252,513.0,808.0,1000.0
01558000,12-16,76.0,85.0,142.0,264,511.0,766.0,905.0
01558000,12-17,78.0,92.0,151.0,276,470.0,686.0,859.0
01558000,12-18,77.0,98.0,156.0,267,535.0,741.0,897.0
01558000,12-19,78.0,100.0,167.0,273,470.0,642.0,947.0
01558000,12-20,78.0,110.0,158.0,270,421.0,657.0,726.0
01558000,12-21,78.0,114.0,156.0,279,451.0,741.0,1010.0
01558000,12-22,80.0,110.0,162.0,253,404.0,762.0,1040.0
01558000,12-23,77.0,110.0,167.0,263,416.0,891.0,1050.0
01558000,12-24,78.0,100.0,189.0,290,448.0,910.0,1340.0
01558000,12-25,78.0,101.0,164.0,285,476.0,935.0,1170.0
01558000,12-26,79.0,105.0,159.0,281,517.0,862.0,969.0
01558000,12-27,83.0,108.0,172.0,290,517.0,774.0,1000.0
01558000,12-28,81.0,103.0,174.0,279,545.0,715.0,999.0
01558000,12-29,82.0,110.0,163.0,303,530.0,795.0,1040.0
01558000,12-30,81.0,106.0,171.0,300,544.0,755.0,1150.0
01558000,12-31,78.0,95.0,175.0,295,529.0,729.0,1390.0
01559000,01-01,250.0,295.0,500.0,919,1460.0,2780.0,4420.0
01559000,01-02,257.0,305.0,499.0,955,1380.0,3470.0,3970.0
01559000,01-03,255.0,290.0,559.0,980,1670.0,2780.0,4160.0
01559000,01-04,262.0,317.0,568.0,949,1780.0,2520.0,3430.0
01559000,01-05,260.0,310.0,524.0,885,1750.0,2690.0,3700.0
01559000,01-06,280.0,314.0,485.0,864,1500.0,2490.0,3220.0
01559000,01-07,247.0,286.0,489.0,873,1380.0,2280.0,3910.0
01559000,01-08,279.0,330.0,502.0,801,1490.0,2280.0,3060.0
01559000,01-09,264.0,340.0,484.0,837,1270.0,2620.0,3490.0
01559000,01-10,258.0,329.0,457.0,840,1420.0,2360.0,3500.0
01559000,01-11,285.0,344.0,468.0,860,1360.0,2250.0,3140.0
01559000,01-12,282.0,350.0,475.0,860,1460.0,2080.0,2780.0
01559000,01-13,272.0,346.0,450.0,821,1520.0,2290.0,3320.0
01559000,01-14,265.0,336.0,490.0,840,1470.0,2160.0,2820.0
01559000,01-15,283.0,388.0,506.0,830,1450.0,2060.0,2610.0
01559000,01-16,318.0,355.0,507.0,863,1420.0,2310.0,2800.0
01559000,01-17,302.0,332.0,493.0,840,1340.0,2200.0,2630.0
01559000,01-18,238.0,361.0,450.0,750,1320.0,2510.0,3280.0
01559000,01-19,253.0,363.0,498.0,779,1260.0,2540.0,3150.0
01559000,01-20,260.0,338.0,464.0,827,1380.0,2730.0,4010.0
01559000,01-21,280.0,318.0,476.0,785,1340.0,2750.0,3750.0
01559000,01-22,301.0,335.0,469.0,883,1290.0,2300.0,3380.0
01559000,01-23,313.0,377.0,465.0,832,1420.0,2500.0,2820.0
01559000,01-24,303.0,356.0,459.0,866,1570.0,2730.0,3310.0
01559000,01-25,301.0,360.0,541.0,900,1580.0,3030.0,4540.0
01559000,01-26,316.0,373.0,516.0,910,1640.0,2680.0,4330.0
01559000,01-27,344.0,374.0,549.0,894,1620.0,2660.0,5440.0
01559000,01-28,327.0,375.0,524.0,870,1550.0,2840.0,5780.0
01559000,01-29,323.0,368.0,521.0,816,1460.0,3010.0,4000.0
01559000,01-30,361.0,390.0,521.0,875,1580.0,2360.0,3120.0
01559000,01-31,326.0,360.0,560.0,824,1700.0,2320.0,3280.0
01559000,02-01,310.0,353.0,570.0,820,1420.0,1970.0,2610.0
01559000,02-02,370.0,437.0,583.0,840,1480.0,2160.0,2710.0
01559000,02-03,370.0,428.0,565.0,891,1460.0,2400.0,3770.0
01559000,02-04,326.0,426.0,542.0,899,1480.0,2530.0,4200.0
01559000,02-05,307.0,397.0,549.0,872,1600.0,3090.0,3990.0
01559000,02-06,309.0,404.0,536.0,818,1500.0,2600.0,3320.0
01559000,02-07,291.0,382.0,511.0,913,1530.0,2620.0,3480.0
01559000,02-08,289.0,418.0,528.0,980,1700.0,2310.0,3570.0
01559000,02-09,287.0,356.0,509.0,927,1510.0,2160.0,2910.0
01559000,02-10,294.0,366.0,484.0,864,1530.0,2540.0,3240.0
01559000,02-11,330.0,364.0,514.0,880,1550.0,2230.0,2940.0
01559000,02-12,361.0,393.0,530.0,937,1550.0,2260.0,2580.0
01559000,02-13,363.0,400.0,512.0,929,1650.0,2460.0,3130.0
01559000,02-14,350.0,398.0,515.0,943,1530.0,2600.0,6130.0
01559000,02-15,353.0,410.0,577.0,940,1600.0,2870.0,4010.0
01559000,02-16,363.0,455.0,625.0,1000,1560.0,2470.0,3750.0
01559000,02-17,359.0,472.0,666.0,1010,1670.0,2540.0,3800.0
01559000,02-18,424.0,469.0,630.0,986,1640.0,2740.0,4050.0
01559000,02-19,406.0,472.0,647.0,1010,1730.0,3100.0,4060.0
01559000,02-20,421.0,494.0,642.0,1010,1690.0,4060.0,4640.0
01559000,02-21,429.0,472.0,658.0,1020,1900.0,3860.0,5390.0
01559000,02-22,443.0,493.0,734.0,1040,2060.0,3680.0,6080.0
01559000,02-23,445.0,486.0,775.0,1260,2340.0,4040.0,4890.0
01559000,02-24,445.0,540.0,814.0,1230,2390.0,4070.0,5810.0
01559000,02-25,398.0,511.0,813.0,1170,2590.0,4140.0,6380.0
01559000,02-26,414.0,503.0,845.0,1160,2420.0,4230.0,5450.0
01559000,02-27,415.0,477.0,774.0,1170,2180.0,3480.0,5450.0
01559000,02-28,410.0,476.0,755.0,1350,2380.0,3610.0,5950.0
01559000,02-29,270.0,494.0,821.0,1310,2300.0,2990.0,5040.0
01559000,03-01,379.0,447.0,828.0,1390,2330.0,4130.0,6470.0
01559000,03-02,373.0,458.0,806.0,1290,2390.0,4640.0,5680.0
01559000,03-03,427.0,580.0,758.0,1220,2290.0,4060.0,4710.0
01559000,03-04,487.0,658.0,847.0,1390,2550.0,4460.0,5940.0
01559000,03-05,519.0,690.0,933.0,1470,2610.0,5210.0,6750.0
01559000,03-06,554.0,709.0,1010.0,1520,2790.0,5450.0,8030.0
01559000,03-07,566.0,644.0,1060.0,1410,2760.0,4960.0,7030.0
01559000,03-08,569.0,686.0,974.0,1480,2550.0,4050.0,6580.0
01559000,03-09,556.0,749.0,1050.0,1640,2500.0,4290.0,5470.0
01559000,03-10,591.0,760.0,1020.0,1510,2560.0,4130.0,4910.0
01559000,03-11,628.0,781.0,1000.0,1620,2560.0,3830.0,5090.0
01559000,03-12,740.0,844.0,1170.0,1690,2480.0,4390.0,5620.0
01559000,03-13,716.0,854.0,1160.0,1760,2890.0,4490.0,5550.0
01559000,03-14,682.0,872.0,1210.0,1730,2880.0,4420.0,5110.0
01559000,03-15,692.0,844.0,1140.0,1710,2960.0,4890.0,6880.0
01559000,03-16,687.0,856.0,1140.0,1640,2650.0,5190.0,5700.0
01559000,03-17,730.0,897.0,1120.0,1690,2630.0,4370.0,5030.0
01559000,03-18,718.0,861.0,1130.0,1690,2580.0,3850.0,5330.0
01559000,03-19,745.0,876.0,1110.0,1790,2660.0,3600.0,4650.0
01559000,03-20,786.0,892.0,1110.0,1800,2640.0,3740.0,5540.0
01559000,03-21,780.0,898.0,1150.0,1850,2600.0,4480.0,5400.0
01559000,03-22,789.0,862.0,1130.0,1850,3320.0,4890.0,7300.0
01559000,03-23,725.0,842.0,1190.0,1780,2860.0,4570.0,5670.0
01559000,03-24,743.0,846.0,1190.0,1960,3030.0,5020.0,5670.0
01559000,03-25,705.0,825.0,1240.0,2010,2840.0,4710.0,6000.0
01559000,03-26,724.0,817.0,1240.0,1920,2710.0,3710.0,4970.0
01559000,03-27,716.0,829.0,1300.0,1830,2490.0,4120.0,5350.0
01559000,03-28,704.0,850.0,1230.0,1770,2600.0,3920.0,5400.0
01559000,03-29,697.0,871.0,1210.0,1670,2770.0,5490.0,8320.0
01559000,03-30,695.0,837.0,1200.0,1700,2610.0,4450.0,6640.0
01559000,03-31,660.0,860.0,1170.0,1700,2720.0,4540.0,7070.0
01559000,04-01,656.0,813.0,1230.0,1690,2680.0,4410.0,7470.0
01559000,04-02,640.0,837.0,1240.0,1720,2950.0,5100.0,6900.0
01559000,04-03,658.0,849.0,1290.0,1790,2960.0,4570.0,7300.0
01559000,04-04,711.0,886.0,1270.0,1750,3140.0,5130.0,6640.0
01559000,04-05,720.0,869.0,1230.0,1790,3300.0,4980.0,6480.0
01559000,04-06,716.0,867.0,1280.0,1750,2810.0,4670.0,5190.0
01559000,04-07,654.0,870.0,1190.0,1820,2690.0,4160.0,4850.0
01559000,04-08,742.0,841.0,1160.0,1680,2870.0,3630.0,5170.0
01559000,04-09,698.0,786.0,1130.0,1590,2550.0,4000.0,4410.0
01559000,04-10,697.0,788.0,1060.0,1680,2380.0,3930.0,6160.0
01559000,04-11,694.0,738.0,1010.0,1630,2420.0,3720.0,4300.0
01559000,04-12,664.0,765.0,1040.0,1580,2320.0,3410.0,4310.0
01559000,04-13,686.0,721.0,1020.0,1650,2460.0,3810.0,5420.0
01559000,04-14,681.0,793.0,973.0,1530,2210.0,3960.0,5520.0
01559000,04-15,668.0,723.0,974.0,1600,2140.0,4410.0,4580.0
01559000,04-16,713.0,763.0,992.0,1620,2240.0,4340.0,5870.0
01559000,04-17,653.0,771.0,972.0,1540,2230.0,3810.0,6990.0
01559000,04-18,638.0,771.0,1010.0,1450,2210.0,3430.0,4700.0
01559000,04-19,650.0,771.0,984.0,1370,2080.0,3050.0,3960.0
01559000,04-20,593.0,740.0,914.0,1340,1940.0,2740.0,4450.0
01559000,04-21,593.0,719.0,936.0,1300,1920.0,2960.0,4660.0
01559000,04-22,592.0,708.0,943.0,1400,1840.0,3310.0,4850.0
01559000,04-23,613.0,696.0,886.0,1350,1790.0,3220.0,4080.0
01559000,04-24,680.0,722.0,894.0,1320,1840.0,2800.0,3330.0
01559000,04-25,653.0,692.0,942.0,1370,1860.0,2760.0,3830.0
01559000,04-26,643.0,696.0,980.0,1280,1920.0,3380.0,4060.0
01559000,04-27,624.0,655.0,946.0,1300,1930.0,3060.0,3810.0
01559000,04-28,604.0,657.0,909.0,1310,1990.0,3350.0,4610.0
01559000,04-29,593.0,688.0,899.0,1190,1920.0,3290.0,3810.0
01559000,04-30,578.0,692.0,910.0,1270,2030.0,2910.0,3800.0
01559000,05-01,637.0,698.0,872.0,1240,1930.0,2780.0,4120.0
01559000,05-02,624.0,674.0,890.0,1270,1840.0,2630.0,3430.0
01559000,05-03,621.0,670.0,850.0,1230,1850.0,2780.0,3850.0
01559000,05-04,601.0,642.0,845.0,1280,1820.0,2940.0,3390.0
01559000,05-05,573.0,624.0,854.0,1210,1930.0,2400.0,3840.0
01559000,05-06,568.0,606.0,913.0,1230,1750.0,2740.0,3860.0
01559000,05-07,540.0,597.0,883.0,1250,1660.0,3060.0,4430.0
01559000,05-08,520.0,655.0,904.0,1220,1670.0,3050.0,4300.0
01559000,05-09,533.0,630.0,876.0,1190,1680.0,2950.0,4330.0
01559000,05-10,516.0,597.0,865.0,1150,1890.0,3160.0,4110.0
01559000,05-11,546.0,644.0,832.0,1140,1710.0,2930.0,3800.0
01559000,05-12,544.0,606.0,811.0,1250,2030.0,4260.0,5170.0
01559000,05-13,553.0,607.0,851.0,1220,2100.0,4080.0,5180.0
01559000,05-14,521.0,603.0,851.0,1230,2050.0,4170.0,5300.0
01559000,05-15,524.0,601.0,790.0,1220,2040.0,3420.0,3940.0
01559000,05-16,512.0,555.0,817.0,1270,1950.0,2960.0,3590.0
01559000,05-17,496.0,588.0,769.0,1220,1900.0,2620.0,3720.0
01559000,05-18,500.0,569.0,784.0,1250,2050.0,3000.0,4610.0
01559000,05-19,529.0,597.0,717.0,1210,1890.0,3070.0,4590.0
01559000,05-20,528.0,581.0,740.0,1300,1830.0,2770.0,3420.0
01559000,05-21,536.0,578.0,739.0,1270,1890.0,2620.0,2850.0
01559000,05-22,500.0,546.0,684.0,1170,1950.0,2760.0,3600.0
01559000,05-23,513.0,528.0,757.0,1130,1760.0,2460.0,5180.0
01559000,05-24,508.0,534.0,719.0,1130,1720.0,2810.0,4210.0
01559000,05-25,465.0,490.0,682.0,1020,1580.0,2950.0,3940.0
01559000,05-26,469.0,491.0,682.0,1020,1550.0,2480.0,3440.0
01559000,05-27,457.0,470.0,648.0,990,1500.0,2350.0,3410.0
01559000,05-28,441.0,455.0,692.0,973,1370.0,2670.0,3190.0
01559000,05-29,423.0,455.0,693.0,966,1570.0,2490.0,3910.0
01559000,05-30,421.0,445.0,639.0,900,1330.0,2450.0,3560.0
01559000,05-31,417.0,439.0,614.0,858,1300.0,2270.0,3350.0
01559000,06-01,396.0,458.0,613.0,859,1330.0,1980.0,2450.0
01559000,06-02,403.0,478.0,613.0,821,1250.0,1920.0,3130.0
01559000,06-03,427.0,461.0,634.0,808,1310.0,1830.0,2640.0
01559000,06-04,396.0,424.0,620.0,752,1320.0,2090.0,2550.0
01559000,06-05,389.0,407.0,576.0,760,1220.0,1780.0,2100.0
01559000,06-06,369.0,441.0,550.0,780,1170.0,1610.0,2260.0
01559000,06-07,389.0,448.0,579.0,732,1070.0,1720.0,3000.0
01559000,06-08,386.0,450.0,569.0,688,1030.0,1550.0,3100.0
01559000,06-09,371.0,440.0,547.0,707,1060.0,1550.0,2430.0
01559000,06-10,356.0,424.0,541.0,714,985.0,1580.0,2250.0
01559000,06-11,350.0,417.0,508.0,694,979.0,1570.0,2720.0
01559000,06-12,357.0,417.0,506.0,676,951.0,1980.0,2200.0
01559000,06-13,384.0,412.0,510.0,657,1110.0,1810.0,2920.0
01559000,06-14,352.0,407.0,504.0,664,1060.0,1790.0,2660.0
01559000,06-15,355.0,394.0,498.0,676,969.0,1960.0,2820.0
01559000,06-16,370.0,403.0,476.0,635,1020.0,1990.0,2410.0
01559000,06-17,377.0,390.0,498.0,628,982.0,1830.0,2730.0
01559000,06-18,380.0,404.0,470.0,666,938.0,1780.0,2220.0
01559000,06-19,373.0,391.0,456.0,614,984.0,1800.0,2080.0
01559000,06-20,330.0,417.0,461.0,635,906.0,1900.0,3070.0
01559000,06-21,337.0,384.0,456.0,609,862.0,2730.0,4040.0
01559000,06-22,329.0,373.0,445.0,607,962.0,2060.0,3660.0
01559000,06-23,316.0,349.0,442.0,593,888.0,1870.0,2740.0
01559000,06-24,294.0,372.0,459.0,589,873.0,1490.0,2900.0
01559000,06-25,304.0,353.0,430.0,545,917.0,1680.0,2210.0
01559000,06-26,302.0,333.0,409.0,548,932.0,1500.0,2010.0
01559000,06-27,276.0,326.0,387.0,557,906.0,1410.0,1880.0
01559000,06-28,295.0,329.0,398.0,540,872.0,1690.0,3560.0
01559000,06-29,294.0,317.0,398.0,495,858.0,1400.0,1720.0
01559000,06-30,266.0,321.0,393.0,508,750.0,1180.0,1350.0
01559000,07-01,254.0,289.0,375.0,504,778.0,1270.0,2430.0
01559000,07-02,286.0,305.0,384.0,520,759.0,1510.0,1950.0
01559000,07-03,252.0,310.0,375.0,495,732.0,1300.0,1710.0
01559000,07-04,246.0,284.0,364.0,455,700.0,1130.0,1720.0
01559000,07-05,271.0,296.0,374.0,488,752.0,1130.0,1570.0
01559000,07-06,281.0,293.0,369.0,484,696.0,1160.0,1500.0
01559000,07-07,269.0,294.0,357.0,466,665.0,986.0,1680.0
01559000,07-08,258.0,285.0,344.0,477,651.0,1040.0,1740.0
01559000,07-09,254.0,278.0,352.0,489,649.0,937.0,1410.0
01559000,07-10,232.0,270.0,343.0,469,652.0,832.0,1260.0
01559000,07-11,275.0,295.0,355.0,460,664.0,963.0,1280.0
01559000,07-12,238.0,279.0,342.0,460,625.0,1000.0,1420.0
01559000,07-13,248.0,281.0,343.0,448,590.0,917.0,1490.0
01559000,07-14,247.0,281.0,342.0,441,642.0,870.0,1360.0
01559000,07-15,268.0,285.0,328.0,433,577.0,901.0,1490.0
01559000,07-16,235.0,270.0,334.0,417,582.0,851.0,1620.0
01559000,07-17,218.0,256.0,319.0,401,604.0,876.0,1960.0
01559000,07-18,227.0,254.0,321.0,404,548.0,1070.0,1640.0
01559000,07-19,205.0,249.0,326.0,404,532.0,955.0,1500.0
01559000,07-20,240.0,260.0,324.0,419,516.0,895.0,3130.0
01559000,07-21,222.0,260.0,315.0,419,551.0,1050.0,2310.0
01559000,07-22,223.0,246.0,320.0,405,537.0,968.0,1880.0
01559000,07-23,217.0,237.0,317.0,445,599.0,1080.0,2280.0
01559000,07-24,217.0,259.0,335.0,438,539.0,1010.0,1660.0
01559000,07-25,228.0,258.0,304.0,425,529.0,909.0,1150.0
01559000,07-26,199.0,253.0,336.0,391,517.0,934.0,1120.0
01559000,07-27,182.0,253.0,318.0,389,508.0,834.0,1010.0
01559000,07-28,189.0,234.0,309.0,393,546.0,850.0,1130.0
01559000,07-29,221.0,244.0,319.0,385,547.0,1060.0,1550.0
01559000,07-30,222.0,246.0,321.0,413,630.0,851.0,1440.0
01559000,07-31,223.0,265.0,315.0,406,529.0,830.0,1170.0
01559000,08-01,218.0,249.0,306.0,363,516.0,811.0,1190.0
01559000,08-02,204.0,239.0,301.0,375,527.0,729.0,988.0
01559000,08-03,206.0,247.0,294.0,389,519.0,749.0,1450.0
01559000,08-04,212.0,235.0,305.0,392,598.0,821.0,1410.0
01559000,08-05,234.0,251.0,315.0,412,505.0,855.0,1440.0
01559000,08-06,220.0,251.0,290.0,396,521.0,738.0,1050.0
01559000,08-07,217.0,244.0,298.0,367,523.0,899.0,1250.0
01559000,08-08,222.0,243.0,298.0,378,529.0,724.0,1120.0
01559000,08-09,216.0,237.0,297.0,382,499.0,686.0,1900.0
01559000,08-10,220.0,240.0,300.0,381,488.0,845.0,1600.0
01559000,08-11,201.0,254.0,301.0,375,513.0,758.0,1460.0
01559000,08-12,193.0,252.0,280.0,364,484.0,910.0,1910.0
01559000,08-13,191.0,241.0,288.0,356,457.0,986.0,1410.0
01559000,08-14,218.0,249.0,284.0,358,514.0,960.0,1420.0
01559000,08-15,195.0,219.0,280.0,352,515.0,736.0,1160.0
01559000,08-16,197.0,255.0,280.0,354,501.0,849.0,1030.0
01559000,08-17,175.0,242.0,287.0,344,518.0,708.0,935.0
01559000,08-18,190.0,231.0,283.0,345,504.0,840.0,1310.0
01559000,08-19,209.0,244.0,286.0,346,501.0,886.0,1220.0
01559000,08-20,170.0,227.0,280.0,364,504.0,832.0,983.0
01559000,08-21,192.0,224.0,283.0,355,509.0,859.0,1080.0
01559000,08-22,214.0,243.0,278.0,357,492.0,839.0,1380.0
01559000,08-23,204.0,236.0,277.0,356,512.0,741.0,1020.0
01559000,08-24,229.0,238.0,275.0,333,485.0,764.0,1020.0
01559000,08-25,202.0,228.0,270.0,336,494.0,712.0,985.0
01559000,08-26,215.0,228.0,267.0,332,473.0,658.0,885.0
01559000,08-27,176.0,215.0,269.0,328,434.0,713.0,1140.0
01559000,08-28,206.0,230.0,269.0,312,444.0,639.0,819.0
01559000,08-29,188.0,221.0,281.0,370,491.0,678.0,912.0
01559000,08-30,195.0,227.0,273.0,346,486.0,795.0,1050.0
01559000,08-31,196.0,225.0,261.0,345,445.0,692.0,1060.0
01559000,09-01,192.0,226.0,262.0,332,450.0,729.0,1330.0
01559000,09-02,200.0,222.0,269.0,330,429.0,907.0,1170.0
01559000,09-03,166.0,204.0,265.0,336,423.0,642.0,1030.0
01559000,09-04,196.0,218.0,266.0,335,433.0,781.0,1110.0
01559000,09-05,184.0,211.0,265.0,335,439.0,689.0,753.0
01559000,09-06,182.0,216.0,275.0,336,428.0,801.0,1560.0
01559000,09-07,187.0,203.0,261.0,310,427.0,701.0,1650.0
01559000,09-08,195.0,204.0,265.0,316,450.0,684.0,1370.0
01559000,09-09,175.0,211.0,268.0,314,449.0,857.0,2800.0
01559000,09-10,170.0,203.0,265.0,323,449.0,967.0,2600.0
01559000,09-11,187.0,203.0,260.0,316,432.0,787.0,1800.0
01559000,09-12,147.0,208.0,263.0,318,455.0,842.0,1510.0
01559000,09-13,166.0,209.0,262.0,324,420.0,920.0,1870.0
01559000,09-14,190.0,204.0,254.0,319,420.0,924.0,1570.0
01559000,09-15,171.0,200.0,262.0,314,422.0,884.0,1500.0
01559000,09-16,164.0,204.0,253.0,304,424.0,791.0,1420.0
01559000,09-17,175.0,203.0,253.0,305,432.0,879.0,1180.0
01559000,09-18,178.0,195.0,247.0,304,411.0,909.0,5000.0
01559000,09-19,185.0,214.0,253.0,307,472.0,858.0,3660.0
01559000,09-20,180.0,211.0,245.0,295,419.0,774.0,3040.0
01559000,09-21,197.0,212.0,250.0,307,415.0,757.0,2310.0
01559000,09-22,184.0,210.0,252.0,302,397.0,822.0,1690.0
01559000,09-23,188.0,205.0,258.0,312,418.0,906.0,1990.0
01559000,09-24,173.0,205.0,257.0,296,438.0,946.0,1760.0
01559000,09-25,199.0,213.0,257.0,300,445.0,843.0,2370.0
01559000,09-26,177.0,200.0,248.0,296,427.0,1070.0,2020.0
01559000,09-27,179.0,198.0,246.0,304,404.0,1360.0,1650.0
01559000,09-28,173.0,197.0,248.0,320,548.0,1480.0,2810.0
01559000,09-29,196.0,225.0,259.0,319,508.0,2180.0,3300.0
01559000,09-30,203.0,218.0,257.0,331,553.0,1520.0,2010.0
01559000,10-01,193.0,220.0,262.0,325,523.0,1300.0,1620.0
01559000,10-02,199.0,217.0,243.0,310,479.0,1290.0,2010.0
01559000,10-03,192.0,214.0,249.0,303,494.0,1270.0,1750.0
01559000,10-04,206.0,220.0,248.0,306,449.0,1050.0,1870.0
01559000,10-05,201.0,214.0,252.0,304,440.0,997.0,1550.0
01559000,10-06,179.0,204.0,262.0,298,437.0,920.0,1230.0
01559000,10-07,194.0,202.0,263.0,306,445.0,830.0,1140.0
01559000,10-08,188.0,223.0,269.0,321,447.0,888.0,1360.0
01559000,10-09,182.0,209.0,269.0,323,454.0,1150.0,1990.0
01559000,10-10,194.0,207.0,266.0,296,441.0,1000.0,2100.0
01559000,10-11,177.0,208.0,252.0,293,435.0,920.0,1930.0
01559000,10-12,186.0,204.0,261.0,293,415.0,1010.0,2030.0
01559000,10-13,168.0,196.0,248.0,300,414.0,824.0,1710.0
01559000,10-14,178.0,210.0,249.0,287,413.0,839.0,1550.0
01559000,10-15,185.0,217.0,264.0,322,501.0,1300.0,1850.0
01559000,10-16,183.0,210.0,255.0,333,486.0,1280.0,1860.0
01559000,10-17,203.0,222.0,259.0,317,477.0,1090.0,1680.0
01559000,10-18,176.0,213.0,249.0,303,572.0,1320.0,1840.0
01559000,10-19,203.0,223.0,257.0,323,570.0,1270.0,2010.0
01559000,10-20,188.0,215.0,253.0,308,478.0,1270.0,2260.0
01559000,10-21,179.0,204.0,264.0,323,536.0,1700.0,2210.0
01559000,10-22,165.0,210.0,262.0,326,550.0,1380.0,1780.0
01559000,10-23,200.0,216.0,257.0,336,658.0,1020.0,1670.0
01559000,10-24,184.0,216.0,260.0,321,664.0,1250.0,2260.0
01559000,10-25,183.0,211.0,267.0,323,643.0,1120.0,2050.0
01559000,10-26,178.0,232.0,276.0,320,648.0,1480.0,2690.0
01559000,10-27,183.0,221.0,270.0,339,747.0,1480.0,2350.0
01559000,10-28,179.0,212.0,264.0,351,689.0,1540.0,1980.0
01559000,10-29,165.0,218.0,268.0,376,750.0,1540.0,1750.0
01559000,10-30,191.0,220.0,260.0,355,882.0,1550.0,3040.0
01559000,10-31,184.0,204.0,266.0,358,834.0,1240.0,1910.0
01559000,11-01,166.0,209.0,266.0,403,798.0,1270.0,1850.0
01559000,11-02,198.0,220.0,275.0,374,815.0,1440.0,1650.0
01559000,11-03,208.0,227.0,280.0,366,855.0,1430.0,1790.0
01559000,11-04,209.0,225.0,285.0,397,783.0,1180.0,1490.0
01559000,11-05,200.0,216.0,297.0,412,757.0,1160.0,1790.0
01559000,11-06,200.0,243.0,281.0,409,812.0,1340.0,1830.0
01559000,11-07,218.0,233.0,295.0,410,815.0,1240.0,1770.0
01559000,11-08,195.0,245.0,307.0,441,761.0,1300.0,1850.0
01559000,11-09,199.0,239.0,296.0,388,694.0,1330.0,2730.0
01559000,11-10,194.0,246.0,294.0,418,754.0,1200.0,2380.0
01559000,11-11,212.0,243.0,292.0,477,731.0,1260.0,2740.0
01559000,11-12,200.0,253.0,294.0,480,896.0,1740.0,2610.0
01559000,11-13,185.0,238.0,306.0,478,898.0,1710.0,2270.0
01559000,11-14,194.0,239.0,296.0,488,799.0,1410.0,2090.0
01559000,11-15,202.0,238.0,304.0,475,727.0,1430.0,2270.0
01559000,11-16,208.0,249.0,329.0,496,915.0,1540.0,2530.0
01559000,11-17,194.0,248.0,321.0,477,970.0,1800.0,2730.0
01559000,11-18,223.0,259.0,330.0,492,901.0,1450.0,2350.0
01559000,11-19,218.0,232.0,305.0,519,864.0,1760.0,2890.0
01559000,11-20,221.0,248.0,310.0,485,1010.0,1790.0,2100.0
01559000,11-21,220.0,246.0,320.0,508,1100.0,1720.0,3010.0
01559000,11-22,203.0,258.0,323.0,548,1070.0,1820.0,3470.0
01559000,11-23,234.0,258.0,328.0,527,994.0,1990.0,2760.0
01559000,11-24,207.0,252.0,383.0,582,979.0,1510.0,2320.0
01559000,11-25,238.0,258.0,354.0,614,995.0,1830.0,3020.0
01559000,11-26,248.0,270.0,391.0,610,1070.0,2020.0,3120.0
01559000,11-27,237.0,260.0,399.0,624,1010.0,2210.0,4730.0
01559000,11-28,261.0,291.0,399.0,630,1020.0,3330.0,4490.0
01559000,11-29,265.0,324.0,415.0,677,1270.0,2990.0,3970.0
01559000,11-30,260.0,321.0,406.0,655,1580.0,2460.0,3290.0
01559000,12-01,253.0,322.0,416.0,631,1480.0,2260.0,3200.0
01559000,12-02,269.0,309.0,410.0,639,1300.0,2390.0,4400.0
01559000,12-03,275.0,292.0,395.0,677,1370.0,2220.0,4180.0
01559000,12-04,255.0,287.0,392.0,673,1360.0,2340.0,3600.0
01559000,12-05,245.0,305.0,417.0,638,1300.0,2470.0,3210.0
01559000,12-06,262.0,311.0,442.0,662,1340.0,2500.0,3290.0
01559000,12-07,265.0,294.0,432.0,625,1480.0,2290.0,3320.0
01559000,12-08,254.0,297.0,452.0,629,1310.0,2010.0,3890.0
01559000,12-09,267.0,320.0,470.0,670,1170.0,1940.0,3150.0
01559000,12-10,268.0,319.0,446.0,740,1280.0,2190.0,3630.0
01559000,12-11,284.0,306.0,451.0,770,1400.0,2840.0,4120.0
01559000,12-12,248.0,301.0,481.0,771,1450.0,2540.0,3480.0
01559000,12-13,265.0,295.0,487.0,766,1380.0,2700.0,3580.0
01559000,12-14,263.0,323.0,473.0,759,1540.0,2280.0,2820.0
01559000,12-15,273.0,322.0,456.0,742,1580.0,2510.0,3190.0
01559000,12-16,253.0,321.0,451.0,750,1470.0,2430.0,2960.0
01559000,12-17,281.0,295.0,428.0,830,1390.0,2140.0,2380.0
01559000,12-18,240.0,302.0,467.0,820,1550.0,2150.0,2530.0
01559000,12-19,252.0,342.0,462.0,820,1450.0,1940.0,2600.0
01559000,12-20,283.0,315.0,459.0,774,1270.0,1880.0,2210.0
01559000,12-21,243.0,326.0,467.0,825,1330.0,2220.0,3090.0
01559000,12-22,300.0,346.0,477.0,813,1250.0,2360.0,3750.0
01559000,12-23,293.0,340.0,457.0,786,1190.0,2460.0,3370.0
01559000,12-24,276.0,344.0,523.0,788,1410.0,2390.0,4130.0
01559000,12-25,263.0,315.0,453.0,823,1530.0,2830.0,4370.0
01559000,12-26,252.0,294.0,473.0,807,1510.0,2730.0,3210.0
01559000,12-27,266.0,300.0,491.0,784,1480.0,2420.0,3160.0
01559000,12-28,262.0,297.0,521.0,831,1500.0,2250.0,3150.0
01559000,12-29,271.0,309.0,516.0,871,1490.0,2230.0,2760.0
01559000,12-30,254.0,310.0,538.0,856,1500.0,2310.0,3860.0
01559000,12-31,260.0,300.0,522.0,822,1500.0,2180.0,4450.0
01562000,01-01,122.0,166.0,330.0,620,1210.0,2440.0,3530.0
01562000,01-02,115.0,177.0,325.0,686,1190.0,2950.0,3790.0
01562000,01-03,127.0,164.0,330.0,682,1200.0,2860.0,3950.0
01562000,01-04,133.0,178.0,333.0,670,1330.0,2450.0,4030.0
01562000,01-05,136.0,173.0,320.0,660,1490.0,2230.0,3540.0
01562000,01-06,148.0,177.0,320.0,670,1300.0,2330.0,3730.0
01562000,01-07,130.0,188.0,320.0,665,1160.0,2360.0,3600.0
01562000,01-08,128.0,206.0,320.0,624,1180.0,2320.0,4180.0
01562000,01-09,129.0,201.0,330.0,600,1110.0,1970.0,3430.0
01562000,01-10,139.0,193.0,330.0,605,1160.0,2090.0,3670.0
01562000,01-11,156.0,193.0,320.0,579,1070.0,2510.0,3090.0
01562000,01-12,158.0,184.0,306.0,560,1140.0,2280.0,3090.0
01562000,01-13,149.0,189.0,300.0,620,1180.0,2150.0,3250.0
01562000,01-14,148.0,190.0,290.0,656,1230.0,2280.0,3070.0
01562000,01-15,138.0,186.0,310.0,600,1100.0,2020.0,2570.0
01562000,01-16,138.0,189.0,300.0,600,1110.0,2290.0,2830.0
01562000,01-17,135.0,187.0,310.0,606,990.0,1920.0,2860.0
01562000,01-18,130.0,190.0,310.0,550,1040.0,2030.0,2830.0
01562000,01-19,129.0,181.0,320.0,560,1100.0,2550.0,3900.0
01562000,01-20,127.0,195.0,290.0,535,1050.0,2640.0,3310.0
01562000,01-21,136.0,191.0,320.0,530,1020.0,2530.0,4010.0
01562000,01-22,142.0,198.0,310.0,621,1050.0,2370.0,3650.0
01562000,01-23,140.0,201.0,340.0,650,1120.0,2060.0,3660.0
01562000,01-24,135.0,209.0,320.0,660,1340.0,2510.0,3490.0
01562000,01-25,139.0,222.0,336.0,620,1400.0,3010.0,4570.0
01562000,01-26,157.0,237.0,370.0,600,1300.0,3030.0,4390.0
01562000,01-27,166.0,226.0,355.0,650,1290.0,2690.0,5230.0
01562000,01-28,159.0,216.0,340.0,600,1130.0,2930.0,4590.0
01562000,01-29,158.0,220.0,320.0,600,1170.0,2240.0,4360.0
01562000,01-30,192.0,236.0,324.0,600,1320.0,2280.0,3140.0
01562000,01-31,187.0,222.0,330.0,660,1400.0,2410.0,3890.0
01562000,02-01,180.0,213.0,335.0,630,1310.0,2110.0,3160.0
01562000,02-02,185.0,250.0,380.0,643,1250.0,2170.0,3370.0
01562000,02-03,174.0,246.0,350.0,700,1340.0,3160.0,3430.0
01562000,02-04,168.0,226.0,377.0,700,1280.0,2770.0,4040.0
01562000,02-05,169.0,214.0,377.0,706,1440.0,2910.0,3800.0
01562000,02-06,157.0,205.0,360.0,730,1500.0,2520.0,3470.0
01562000,02-07,156.0,218.0,380.0,715,1450.0,2340.0,3770.0
01562000,02-08,150.0,212.0,370.0,703,1590.0,2510.0,3750.0
01562000,02-09,158.0,212.0,350.0,800,1390.0,2270.0,2930.0
01562000,02-10,158.0,210.0,365.0,750,1330.0,2150.0,2710.0
01562000,02-11,149.0,244.0,368.0,720,1440.0,2080.0,2700.0
01562000,02-12,177.0,240.0,390.0,752,1350.0,2350.0,3200.0
01562000,02-13,207.0,246.0,380.0,800,1440.0,2590.0,3520.0
01562000,02-14,208.0,256.0,409.0,816,1500.0,3380.0,5350.0
01562000,02-15,216.0,279.0,470.0,872,1550.0,2850.0,5430.0
01562000,02-16,226.0,282.0,438.0,900,1570.0,3160.0,4490.0
01562000,02-17,250.0,292.0,500.0,800,1550.0,2780.0,5410.0
01562000,02-18,244.0,300.0,493.0,831,1540.0,2410.0,3970.0
01562000,02-19,258.0,300.0,489.0,845,1570.0,3020.0,3720.0
01562000,02-20,258.0,295.0,515.0,879,1600.0,3200.0,4150.0
01562000,02-21,260.0,306.0,490.0,911,1550.0,3390.0,4650.0
01562000,02-22,298.0,346.0,509.0,890,1820.0,3530.0,5080.0
01562000,02-23,287.0,370.0,530.0,936,1900.0,3170.0,4330.0
01562000,02-24,298.0,356.0,571.0,952,2080.0,3830.0,5270.0
01562000,02-25,246.0,346.0,560.0,950,2320.0,4500.0,5710.0
01562000,02-26,260.0,312.0,588.0,1040,2370.0,4500.0,6270.0
01562000,02-27,242.0,316.0,570.0,1060,2410.0,4070.0,7220.0
01562000,02-28,228.0,306.0,580.0,1080,2340.0,4550.0,6940.0
01562000,02-29,285.0,364.0,585.0,1030,1850.0,4000.0,6360.0
01562000,03-01,231.0,313.0,626.0,1180,2060.0,3920.0,6540.0
01562000,03-02,265.0,331.0,655.0,1090,1910.0,4350.0,5040.0
01562000,03-03,249.0,352.0,643.0,1050,2130.0,3530.0,4800.0
01562000,03-04,313.0,439.0,680.0,1110,2240.0,3230.0,5130.0
01562000,03-05,394.0,492.0,676.0,1290,2370.0,5540.0,8210.0
01562000,03-06,448.0,514.0,719.0,1300,2670.0,5670.0,9350.0
01562000,03-07,408.0,507.0,708.0,1220,2440.0,5000.0,7370.0
01562000,03-08,409.0,501.0,767.0,1330,2440.0,3980.0,6510.0
01562000,03-09,405.0,508.0,791.0,1310,2170.0,3950.0,5200.0
01562000,03-10,421.0,519.0,755.0,1290,2410.0,4190.0,5140.0
01562000,03-11,433.0,531.0,765.0,1200,2380.0,4030.0,6630.0
01562000,03-12,431.0,565.0,852.0,1250,2320.0,4140.0,7240.0
01562000,03-13,411.0,579.0,851.0,1420,2400.0,4310.0,6300.0
01562000,03-14,385.0,650.0,865.0,1530,2510.0,4650.0,6870.0
01562000,03-15,372.0,652.0,878.0,1470,2960.0,4500.0,6830.0
01562000,03-16,423.0,606.0,845.0,1490,3090.0,5010.0,6100.0
01562000,03-17,425.0,608.0,896.0,1400,2670.0,4250.0,4730.0
01562000,03-18,458.0,587.0,882.0,1360,2480.0,3610.0,4420.0
01562000,03-19,510.0,614.0,868.0,1430,2220.0,4070.0,5090.0
01562000,03-20,534.0,584.0,928.0,1550,2300.0,4210.0,5770.0
01562000,03-21,531.0,577.0,940.0,1510,2650.0,4150.0,6290.0
01562000,03-22,503.0,571.0,871.0,1550,2800.0,5200.0,7030.0
01562000,03-23,472.0,586.0,918.0,1540,2740.0,4030.0,6050.0
01562000,03-24,469.0,588.0,893.0,1660,2780.0,4760.0,5500.0
01562000,03-25,457.0,563.0,894.0,1550,2560.0,4180.0,6030.0
01562000,03-26,479.0,547.0,902.0,1600,2400.0,3720.0,5920.0
01562000,03-27,486.0,578.0,872.0,1520,2330.0,4050.0,5350.0
01562000,03-28,459.0,558.0,885.0,1460,2200.0,3690.0,5660.0
01562000,03-29,453.0,598.0,870.0,1350,2370.0,4800.0,7630.0
01562000,03-30,459.0,591.0,854.0,1320,2190.0,4580.0,6220.0
01562000,03-31,441.0,579.0,889.0,1260,2370.0,4830.0,8310.0
01562000,04-01,424.0,547.0,843.0,1310,2260.0,4130.0,8710.0
01562000,04-02,401.0,552.0,816.0,1360,2530.0,4100.0,6470.0
01562000,04-03,400.0,548.0,897.0,1340,2670.0,3680.0,4940.0
01562000,04-04,414.0,532.0,865.0,1280,2600.0,4210.0,6540.0
01562000,04-05,418.0,506.0,854.0,1450,2390.0,4360.0,5880.0
01562000,04-06,400.0,503.0,849.0,1380,2430.0,3830.0,5040.0
01562000,04-07,386.0,505.0,798.0,1360,2340.0,3410.0,4180.0
01562000,04-08,397.0,481.0,756.0,1390,2280.0,3580.0,4470.0
01562000,04-09,449.0,499.0,792.0,1290,2180.0,3500.0,4430.0
01562000,04-10,457.0,536.0,734.0,1340,2090.0,3480.0,4910.0
01562000,04-11,440.0,515.0,771.0,1330,2100.0,2920.0,4340.0
01562000,04-12,437.0,497.0,728.0,1360,2040.0,3010.0,4040.0
01562000,04-13,434.0,506.0,727.0,1260,2010.0,3340.0,4330.0
01562000,04-14,418.0,465.0,702.0,1210,1970.0,3510.0,5390.0
01562000,04-15,397.0,469.0,711.0,1230,1880.0,3350.0,5430.0
01562000,04-16,407.0,495.0,702.0,1140,2030.0,4600.0,6080.0
01562000,04-17,418.0,499.0,748.0,1120,2030.0,3940.0,9440.0
01562000,04-18,400.0,484.0,705.0,1130,1970.0,3970.0,5710.0
01562000,04-19,379.0,465.0,660.0,1120,1720.0,3310.0,4200.0
01562000,04-20,358.0,457.0,619.0,1060,1640.0,3120.0,4440.0
01562000,04-21,355.0,429.0,600.0,973,1720.0,3160.0,5330.0
01562000,04-22,355.0,414.0,587.0,967,1640.0,3490.0,5640.0
01562000,04-23,387.0,427.0,590.0,1020,1820.0,2940.0,3970.0
01562000,04-24,367.0,420.0,611.0,938,1720.0,2680.0,3490.0
01562000,04-25,374.0,450.0,642.0,938,1610.0,2640.0,3460.0
01562000,04-26,392.0,462.0,586.0,897,1700.0,3140.0,4610.0
01562000,04-27,380.0,434.0,593.0,859,1640.0,3010.0,5220.0
01562000,04-28,368.0,407.0,552.0,965,1660.0,3200.0,5360.0
01562000,04-29,352.0,406.0,557.0,938,1820.0,3480.0,4520.0
01562000,04-30,356.0,399.0,554.0,877,1820.0,2920.0,3910.0
01562000,05-01,352.0,388.0,562.0,910,1710.0,2750.0,4060.0
01562000,05-02,352.0,385.0,545.0,934,1660.0,2420.0,3160.0
01562000,05-03,349.0,394.0,543.0,948,1680.0,2410.0,2810.0
01562000,05-04,342.0,399.0,563.0,919,1650.0,2470.0,3030.0
01562000,05-05,324.0,402.0,539.0,940,1540.0,2590.0,3650.0
01562000,05-06,334.0,400.0,511.0,1040,1730.0,2540.0,4780.0
01562000,05-07,312.0,371.0,494.0,949,1760.0,3260.0,5300.0
01562000,05-08,301.0,359.0,524.0,1000,1600.0,3210.0,4640.0
01562000,05-09,317.0,354.0,518.0,931,1730.0,3090.0,5520.0
01562000,05-10,304.0,352.0,547.0,938,1650.0,3840.0,5030.0
01562000,05-11,273.0,329.0,559.0,925,1700.0,3310.0,4910.0
01562000,05-12,279.0,327.0,542.0,911,1570.0,4570.0,5270.0
01562000,05-13,278.0,312.0,518.0,886,1760.0,3490.0,5270.0
01562000,05-14,276.0,310.0,514.0,893,2120.0,3610.0,4780.0
01562000,05-15,268.0,309.0,488.0,892,1790.0,2910.0,3780.0
01562000,05-16,271.0,311.0,478.0,904,1760.0,2840.0,3580.0
01562000,05-17,278.0,335.0,493.0,887,1540.0,2560.0,4440.0
01562000,05-18,280.0,328.0,457.0,910,1520.0,2850.0,4810.0
01562000,05-19,286.0,340.0,460.0,894,1400.0,2980.0,4130.0
01562000,05-20,301.0,336.0,494.0,813,1320.0,2330.0,3340.0
01562000,05-21,293.0,331.0,498.0,761,1420.0,2480.0,3230.0
01562000,05-22,283.0,318.0,480.0,752,1410.0,2680.0,3090.0
01562000,05-23,290.0,324.0,490.0,669,1350.0,2340.0,4160.0
01562000,05-24,275.0,314.0,489.0,669,1470.0,2710.0,4120.0
01562000,05-25,271.0,301.0,437.0,648,1230.0,2540.0,3350.0
01562000,05-26,256.0,297.0,411.0,606,1180.0,2000.0,2790.0
01562000,05-27,246.0,282.0,398.0,588,1200.0,2060.0,2440.0
01562000,05-28,231.0,274.0,395.0,607,1100.0,2080.0,2660.0
01562000,05-29,224.0,263.0,383.0,659,1220.0,2050.0,3520.0
01562000,05-30,225.0,254.0,357.0,613,1310.0,2570.0,3060.0
01562000,05-31,209.0,242.0,335.0,563,1070.0,2190.0,3650.0
01562000,06-01,202.0,232.0,339.0,495,972.0,1730.0,2610.0
01562000,06-02,199.0,225.0,326.0,481,886.0,1720.0,2420.0
01562000,06-03,208.0,234.0,327.0,520,1000.0,1460.0,2640.0
01562000,06-04,198.0,238.0,330.0,494,915.0,1520.0,2770.0
01562000,06-05,187.0,235.0,304.0,491,823.0,1840.0,4350.0
01562000,06-06,184.0,222.0,305.0,469,792.0,1600.0,2970.0
01562000,06-07,180.0,219.0,292.0,459,728.0,1600.0,2690.0
01562000,06-08,177.0,212.0,282.0,447,631.0,1290.0,2120.0
01562000,06-09,174.0,203.0,274.0,445,807.0,1340.0,1840.0
01562000,06-10,172.0,199.0,290.0,442,722.0,1280.0,1920.0
01562000,06-11,166.0,190.0,280.0,403,689.0,1000.0,2670.0
01562000,06-12,172.0,193.0,267.0,393,642.0,1250.0,2030.0
01562000,06-13,160.0,195.0,254.0,373,618.0,1470.0,2200.0
01562000,06-14,158.0,183.0,244.0,374,664.0,1420.0,2480.0
01562000,06-15,153.0,186.0,244.0,369,616.0,1470.0,2570.0
01562000,06-16,142.0,188.0,239.0,362,610.0,1310.0,2120.0
01562000,06-17,152.0,185.0,233.0,361,673.0,1380.0,2810.0
01562000,06-18,160.0,192.0,238.0,355,552.0,1130.0,2110.0
01562000,06-19,160.0,190.0,233.0,381,623.0,1300.0,2620.0
01562000,06-20,160.0,190.0,225.0,359,759.0,1530.0,2830.0
01562000,06-21,156.0,176.0,211.0,350,685.0,2370.0,3540.0
01562000,06-22,151.0,168.0,210.0,323,662.0,2110.0,3810.0
01562000,06-23,147.0,170.0,217.0,320,645.0,1640.0,4210.0
01562000,06-24,141.0,165.0,223.0,301,635.0,1590.0,2520.0
01562000,06-25,139.0,159.0,227.0,279,568.0,1400.0,2460.0
01562000,06-26,136.0,155.0,209.0,281,494.0,1110.0,1490.0
01562000,06-27,135.0,151.0,204.0,296,484.0,1090.0,1560.0
01562000,06-28,130.0,148.0,194.0,278,510.0,1220.0,2110.0
01562000,06-29,126.0,149.0,210.0,268,494.0,1120.0,1790.0
01562000,06-30,126.0,142.0,202.0,258,552.0,899.0,2080.0
01562000,07-01,117.0,146.0,191.0,256,430.0,813.0,2060.0
01562000,07-02,116.0,144.0,196.0,253,445.0,798.0,1840.0
01562000,07-03,117.0,140.0,188.0,259,466.0,975.0,1320.0
01562000,07-04,117.0,134.0,177.0,244,527.0,1030.0,1340.0
01562000,07-05,111.0,136.0,172.0,245,496.0,860.0,1310.0
01562000,07-06,114.0,135.0,166.0,246,425.0,770.0,1450.0
01562000,07-07,115.0,131.0,173.0,245,423.0,840.0,1300.0
01562000,07-08,118.0,129.0,175.0,232,433.0,778.0,1390.0
01562000,07-09,113.0,137.0,168.0,247,399.0,758.0,1190.0
01562000,07-10,108.0,131.0,160.0,236,415.0,588.0,1160.0
01562000,07-11,106.0,124.0,168.0,241,409.0,720.0,1140.0
01562000,07-12,101.0,119.0,161.0,257,406.0,761.0,1180.0
01562000,07-13,99.0,117.0,163.0,250,410.0,770.0,1690.0
01562000,07-14,99.0,112.0,152.0,244,378.0,680.0,1610.0
01562000,07-15,103.0,119.0,164.0,240,379.0,748.0,1620.0
01562000,07-16,103.0,114.0,158.0,245,415.0,690.0,1250.0
01562000,07-17,99.0,113.0,152.0,235,371.0,692.0,1420.0
01562000,07-18,93.0,113.0,142.0,227,393.0,732.0,1350.0
01562000,07-19,95.0,111.0,142.0,218,380.0,781.0,1590.0
01562000,07-20,98.0,109.0,147.0,218,338.0,708.0,1420.0
01562000,07-21,95.0,107.0,149.0,212,299.0,578.0,1500.0
01562000,07-22,94.0,106.0,146.0,211,316.0,566.0,1410.0
01562000,07-23,97.0,106.0,150.0,220,341.0,676.0,1280.0
01562000,07-24,96.0,110.0,146.0,209,364.0,734.0,1180.0
01562000,07-25,91.0,111.0,150.0,205,391.0,582.0,871.0
01562000,07-26,92.0,107.0,147.0,204,315.0,532.0,928.0
01562000,07-27,92.0,112.0,141.0,197,272.0,549.0,1090.0
01562000,07-28,89.0,107.0,145.0,188,298.0,576.0,806.0
01562000,07-29,91.0,111.0,146.0,190,351.0,613.0,861.0
01562000,07-30,91.0,110.0,144.0,184,324.0,588.0,847.0
01562000,07-31,100.0,110.0,146.0,189,330.0,522.0,928.0
01562000,08-01,97.0,104.0,141.0,189,320.0,621.0,990.0
01562000,08-02,94.0,106.0,141.0,191,294.0,544.0,1260.0
01562000,08-03,94.0,105.0,139.0,183,316.0,691.0,1190.0
01562000,08-04,97.0,107.0,137.0,191,305.0,696.0,1140.0
01562000,08-05,95.0,106.0,136.0,184,282.0,664.0,886.0
01562000,08-06,94.0,100.0,135.0,181,274.0,522.0,708.0
01562000,08-07,87.0,102.0,135.0,180,309.0,557.0,850.0
01562000,08-08,89.0,104.0,134.0,181,305.0,663.0,1060.0
01562000,08-09,88.0,105.0,130.0,178,309.0,626.0,738.0
01562000,08-10,87.0,101.0,127.0,182,314.0,530.0,789.0
01562000,08-11,85.0,99.0,126.0,188,305.0,513.0,710.0
01562000,08-12,81.0,98.0,131.0,193,305.0,490.0,735.0
01562000,08-13,78.0,96.0,132.0,188,270.0,507.0,712.0
01562000,08-14,78.0,97.0,136.0,179,268.0,469.0,803.0
01562000,08-15,77.0,95.0,129.0,181,259.0,414.0,688.0
01562000,08-16,75.0,94.0,122.0,180,268.0,377.0,565.0
01562000,08-17,78.0,94.0,122.0,177,268.0,426.0,535.0
01562000,08-18,78.0,91.0,122.0,174,270.0,502.0,803.0
01562000,08-19,77.0,93.0,118.0,171,282.0,563.0,833.0
01562000,08-20,77.0,89.0,117.0,174,276.0,532.0,712.0
01562000,08-21,74.0,86.0,118.0,172,303.0,495.0,668.0
01562000,08-22,77.0,87.0,116.0,175,309.0,810.0,1000.0
01562000,08-23,80.0,90.0,115.0,162,285.0,632.0,952.0
01562000,08-24,81.0,94.0,116.0,165,268.0,508.0,946.0
01562000,08-25,78.0,92.0,115.0,172,250.0,477.0,860.0
01562000,08-26,75.0,92.0,112.0,161,250.0,398.0,558.0
01562000,08-27,75.0,92.0,113.0,161,250.0,368.0,572.0
01562000,08-28,75.0,91.0,111.0,156,243.0,396.0,482.0
01562000,08-29,74.0,89.0,116.0,154,244.0,413.0,526.0
01562000,08-30,73.0,82.0,113.0,150,244.0,416.0,599.0
01562000,08-31,69.0,84.0,110.0,157,229.0,385.0,600.0
01562000,09-01,69.0,82.0,110.0,164,225.0,409.0,558.0
01562000,09-02,73.0,86.0,110.0,159,234.0,393.0,446.0
01562000,09-03,73.0,86.0,111.0,151,231.0,370.0,490.0
01562000,09-04,72.0,83.0,110.0,152,237.0,324.0,549.0
01562000,09-05,67.0,85.0,109.0,159,243.0,372.0,718.0
01562000,09-06,66.0,81.0,109.0,158,230.0,466.0,1210.0
01562000,09-07,66.0,83.0,109.0,161,213.0,476.0,1520.0
01562000,09-08,68.0,81.0,110.0,163,214.0,470.0,957.0
01562000,09-09,62.0,81.0,110.0,149,216.0,628.0,1700.0
01562000,09-10,64.0,82.0,109.0,158,214.0,477.0,1230.0
01562000,09-11,64.0,81.0,111.0,157,220.0,436.0,1140.0
01562000,09-12,63.0,78.0,110.0,151,224.0,421.0,1200.0
01562000,09-13,62.0,79.0,108.0,153,215.0,458.0,1160.0
01562000,09-14,64.0,80.0,107.0,151,224.0,409.0,1240.0
01562000,09-15,66.0,81.0,107.0,149,217.0,388.0,951.0
01562000,09-16,63.0,79.0,107.0,149,228.0,487.0,895.0
01562000,09-17,62.0,80.0,108.0,149,222.0,557.0,1180.0
01562000,09-18,64.0,80.0,108.0,149,219.0,502.0,1380.0
01562000,09-19,64.0,78.0,105.0,144,232.0,538.0,1060.0
01562000,09-20,70.0,80.0,103.0,142,254.0,539.0,1300.0
01562000,09-21,74.0,78.0,105.0,140,253.0,421.0,1400.0
01562000,09-22,74.0,80.0,109.0,144,242.0,491.0,1420.0
01562000,09-23,74.0,81.0,109.0,150,243.0,546.0,1490.0
01562000,09-24,76.0,84.0,109.0,149,243.0,577.0,1230.0
01562000,09-25,78.0,86.0,109.0,144,223.0,629.0,1720.0
01562000,09-26,75.0,85.0,109.0,143,220.0,528.0,1440.0
01562000,09-27,75.0,88.0,108.0,152,237.0,594.0,997.0
01562000,09-28,73.0,89.0,108.0,155,255.0,698.0,1510.0
01562000,09-29,80.0,90.0,109.0,149,259.0,752.0,1760.0
01562000,09-30,76.0,90.0,109.0,151,252.0,892.0,1880.0
01562000,10-01,83.0,92.0,114.0,154,278.0,837.0,1720.0
01562000,10-02,82.0,97.0,117.0,158,316.0,952.0,1510.0
01562000,10-03,85.0,96.0,114.0,154,306.0,968.0,1660.0
01562000,10-04,85.0,95.0,114.0,154,328.0,776.0,1350.0
01562000,10-05,82.0,93.0,112.0,151,312.0,600.0,1010.0
01562000,10-06,89.0,95.0,110.0,156,291.0,500.0,727.0
01562000,10-07,87.0,96.0,113.0,149,290.0,487.0,706.0
01562000,10-08,85.0,97.0,113.0,149,273.0,445.0,742.0
01562000,10-09,86.0,94.0,110.0,154,256.0,473.0,997.0
01562000,10-10,84.0,93.0,112.0,156,267.0,500.0,888.0
01562000,10-11,83.0,93.0,112.0,164,262.0,532.0,790.0
01562000,10-12,80.0,91.0,110.0,160,250.0,466.0,1100.0
01562000,10-13,76.0,89.0,110.0,150,250.0,506.0,1210.0
01562000,10-14,82.0,89.0,110.0,147,250.0,429.0,1230.0
01562000,10-15,81.0,94.0,111.0,145,248.0,478.0,1440.0
01562000,10-16,82.0,93.0,111.0,143,232.0,515.0,1240.0
01562000,10-17,83.0,95.0,110.0,152,218.0,722.0,1270.0
01562000,10-18,85.0,96.0,113.0,157,231.0,978.0,1290.0
01562000,10-19,84.0,98.0,113.0,157,274.0,1010.0,2020.0
01562000,10-20,86.0,97.0,110.0,155,343.0,868.0,1710.0
01562000,10-21,86.0,98.0,110.0,162,358.0,1110.0,2740.0
01562000,10-22,84.0,95.0,109.0,158,339.0,1090.0,2760.0
01562000,10-23,84.0,96.0,109.0,160,335.0,1030.0,1920.0
01562000,10-24,84.0,94.0,109.0,162,425.0,961.0,1530.0
01562000,10-25,84.0,98.0,119.0,168,463.0,1020.0,2270.0
01562000,10-26,84.0,95.0,118.0,174,455.0,1470.0,2880.0
01562000,10-27,84.0,94.0,118.0,178,453.0,1050.0,2080.0
01562000,10-28,86.0,97.0,115.0,173,486.0,1320.0,1710.0
01562000,10-29,86.0,97.0,118.0,199,523.0,1130.0,1730.0
01562000,10-30,87.0,97.0,123.0,190,543.0,1120.0,1750.0
01562000,10-31,91.0,96.0,120.0,196,500.0,1140.0,2240.0
01562000,11-01,90.0,99.0,124.0,201,540.0,1050.0,1660.0
01562000,11-02,89.0,97.0,130.0,223,565.0,1160.0,1500.0
01562000,11-03,89.0,99.0,131.0,223,555.0,1210.0,1700.0
01562000,11-04,91.0,105.0,137.0,231,552.0,1030.0,1740.0
01562000,11-05,87.0,103.0,140.0,246,486.0,1150.0,2320.0
01562000,11-06,87.0,105.0,142.0,256,492.0,1010.0,1890.0
01562000,11-07,94.0,110.0,144.0,236,536.0,1140.0,1930.0
01562000,11-08,92.0,110.0,146.0,240,523.0,1260.0,1580.0
01562000,11-09,94.0,111.0,142.0,240,535.0,1130.0,1940.0
01562000,11-10,95.0,110.0,141.0,240,565.0,1030.0,3130.0
01562000,11-11,96.0,111.0,143.0,248,576.0,926.0,2780.0
01562000,11-12,97.0,105.0,145.0,233,610.0,1150.0,2100.0
01562000,11-13,97.0,104.0,146.0,255,602.0,1430.0,2150.0
01562000,11-14,96.0,104.0,150.0,280,584.0,1440.0,1810.0
01562000,11-15,91.0,105.0,144.0,287,546.0,1180.0,1690.0
01562000,11-16,94.0,113.0,151.0,280,643.0,1200.0,2140.0
01562000,11-17,95.0,107.0,157.0,306,675.0,1350.0,2760.0
01562000,11-18,93.0,109.0,162.0,305,670.0,1350.0,2460.0
01562000,11-19,93.0,106.0,173.0,323,694.0,1450.0,2290.0
01562000,11-20,95.0,107.0,173.0,308,685.0,1600.0,2970.0
01562000,11-21,94.0,113.0,162.0,318,768.0,1610.0,2700.0
01562000,11-22,93.0,115.0,170.0,316,707.0,1600.0,2520.0
01562000,11-23,100.0,123.0,168.0,309,676.0,1430.0,2630.0
01562000,11-24,98.0,120.0,166.0,332,621.0,1320.0,2190.0
01562000,11-25,100.0,120.0,175.0,356,654.0,1480.0,1970.0
01562000,11-26,100.0,135.0,193.0,354,695.0,1330.0,2830.0
01562000,11-27,94.0,130.0,188.0,356,732.0,1580.0,2410.0
01562000,11-28,105.0,130.0,188.0,384,738.0,1730.0,3440.0
01562000,11-29,107.0,134.0,215.0,382,760.0,2370.0,4240.0
01562000,11-30,108.0,132.0,199.0,397,913.0,2160.0,3120.0
01562000,12-01,116.0,139.0,197.0,382,1200.0,2060.0,3080.0
01562000,12-02,113.0,140.0,214.0,393,1180.0,1970.0,3710.0
01562000,12-03,113.0,144.0,230.0,376,972.0,1800.0,3200.0
01562000,12-04,115.0,145.0,213.0,379,950.0,1960.0,2810.0
01562000,12-05,113.0,150.0,210.0,367,893.0,1880.0,2280.0
01562000,12-06,110.0,149.0,220.0,410,1120.0,1790.0,2450.0
01562000,12-07,127.0,145.0,220.0,390,1040.0,1890.0,2340.0
01562000,12-08,123.0,153.0,214.0,413,1120.0,1740.0,2810.0
01562000,12-09,123.0,160.0,206.0,410,948.0,1580.0,2720.0
01562000,12-10,120.0,156.0,223.0,442,908.0,2230.0,3440.0
01562000,12-11,117.0,154.0,242.0,460,1040.0,2510.0,2900.0
01562000,12-12,114.0,145.0,231.0,504,1170.0,2100.0,3070.0
01562000,12-13,114.0,145.0,230.0,530,1070.0,2280.0,3480.0
01562000,12-14,112.0,148.0,223.0,540,1240.0,2550.0,3390.0
01562000,12-15,104.0,141.0,223.0,486,1340.0,2480.0,2810.0
01562000,12-16,110.0,141.0,236.0,540,1320.0,2360.0,3060.0
01562000,12-17,114.0,149.0,230.0,519,1190.0,2240.0,3070.0
01562000,12-18,119.0,137.0,240.0,560,1360.0,2200.0,2570.0
01562000,12-19,119.0,130.0,236.0,568,1200.0,1900.0,3660.0
01562000,12-20,119.0,143.0,252.0,510,1050.0,1980.0,2410.0
01562000,12-21,118.0,138.0,230.0,540,955.0,1860.0,2600.0
01562000,12-22,110.0,150.0,240.0,540,954.0,2050.0,3040.0
01562000,12-23,109.0,150.0,250.0,544,947.0,1990.0,2960.0
01562000,12-24,106.0,141.0,298.0,579,1030.0,2070.0,3360.0
01562000,12-25,109.0,143.0,300.0,594,1100.0,2580.0,3670.0
01562000,12-26,109.0,160.0,260.0,600,1200.0,2170.0,3210.0
01562000,12-27,129.0,156.0,260.0,565,1210.0,2370.0,2900.0
01562000,12-28,140.0,160.0,310.0,526,1150.0,2030.0,3120.0
01562000,12-29,140.0,161.0,292.0,600,1300.0,2090.0,2840.0
01562000,12-30,130.0,156.0,300.0,573,1290.0,2110.0,2930.0
01562000,12-31,124.0,158.0,335.0,586,1210.0,1990.0,3530.0
01563200,01-01,400.0,482.0,496.0,846,1720.0,2430.0,5290.0
01563200,01-02,400.0,479.0,494.0,916,1770.0,3340.0,7770.0
01563200,01-03,400.0,482.0,494.0,934,1740.0,3790.0,5200.0
01563200,01-04,415.0,483.0,494.0,988,1600.0,2910.0,7080.0
01563200,01-05,411.0,478.0,490.0,836,1730.0,3690.0,5030.0
01563200,01-06,406.0,482.0,493.0,803,1670.0,3300.0,4760.0
01563200,01-07,403.0,481.0,491.0,767,1610.0,2570.0,4020.0
01563200,01-08,403.0,482.0,491.0,790,1580.0,2230.0,3480.0
01563200,01-09,237.0,481.0,492.0,737,1610.0,1890.0,3740.0
01563200,01-10,261.0,470.0,489.0,772,1630.0,2120.0,5170.0
01563200,01-11,395.0,473.0,491.0,807,1520.0,2390.0,4470.0
01563200,01-12,374.0,471.0,490.0,669,1520.0,2540.0,4070.0
01563200,01-13,388.0,483.0,494.0,618,1670.0,2300.0,5050.0
01563200,01-14,390.0,484.0,497.0,661,1580.0,2360.0,4620.0
01563200,01-15,390.0,484.0,497.0,705,1560.0,2770.0,4120.0
01563200,01-16,390.0,484.0,497.0,680,1630.0,2520.0,4150.0
01563200,01-17,389.0,482.0,489.0,578,1570.0,2800.0,3730.0
01563200,01-18,359.0,464.0,489.0,556,1570.0,2830.0,4150.0
01563200,01-19,273.0,465.0,490.0,578,1480.0,2610.0,4240.0
01563200,01-20,271.0,459.0,489.0,574,1560.0,2220.0,3790.0
01563200,01-21,362.0,459.0,489.0,690,1540.0,3210.0,4690.0
01563200,01-22,390.0,467.0,488.0,550,1660.0,2880.0,5730.0
01563200,01-23,371.0,459.0,487.0,558,1670.0,2670.0,4440.0
01563200,01-24,371.0,459.0,486.0,621,1750.0,2590.0,4950.0
01563200,01-25,374.0,459.0,485.0,743,1690.0,4650.0,5520.0
01563200,01-26,390.0,463.0,488.0,722,1670.0,3990.0,9410.0
01563200,01-27,389.0,459.0,488.0,681,1600.0,3910.0,8060.0
01563200,01-28,389.0,459.0,488.0,627,1680.0,2840.0,6900.0
01563200,01-29,390.0,460.0,487.0,583,1680.0,3200.0,5580.0
01563200,01-30,390.0,460.0,489.0,741,1670.0,3000.0,5490.0
01563200,01-31,445.0,463.0,488.0,743,1650.0,3660.0,4930.0
01563200,02-01,451.0,469.0,489.0,672,1580.0,2840.0,3210.0
01563200,02-02,462.0,477.0,492.0,824,1630.0,2580.0,2950.0
01563200,02-03,462.0,477.0,492.0,810,1720.0,2720.0,4260.0
01563200,02-04,462.0,477.0,494.0,806,1700.0,3000.0,6370.0
01563200,02-05,464.0,477.0,493.0,774,1840.0,3550.0,5240.0
01563200,02-06,462.0,479.0,494.0,792,1770.0,4080.0,5090.0
01563200,02-07,456.0,471.0,490.0,822,1760.0,4710.0,6190.0
01563200,02-08,450.0,473.0,492.0,826,1620.0,3680.0,5250.0
01563200,02-09,453.0,480.0,494.0,808,1600.0,2900.0,4200.0
01563200,02-10,453.0,480.0,496.0,811,1710.0,2430.0,2860.0
01563200,02-11,473.0,480.0,497.0,859,1600.0,2410.0,2670.0
01563200,02-12,473.0,481.0,497.0,860,1730.0,2650.0,3220.0
01563200,02-13,473.0,482.0,497.0,910,1730.0,3020.0,3910.0
01563200,02-14,470.0,484.0,497.0,945,1740.0,2860.0,4350.0
01563200,02-15,466.0,479.0,490.0,866,1680.0,2700.0,4240.0
01563200,02-16,455.0,482.0,499.0,1060,1700.0,2630.0,4770.0
01563200,02-17,452.0,483.0,497.0,911,1720.0,2640.0,7230.0
01563200,02-18,455.0,483.0,550.0,933,1690.0,3190.0,6580.0
01563200,02-19,455.0,482.0,505.0,1200,1700.0,5510.0,6830.0
01563200,02-20,456.0,482.0,581.0,1190,1700.0,4690.0,8940.0
01563200,02-21,463.0,484.0,529.0,1140,1730.0,6510.0,9230.0
01563200,02-22,455.0,482.0,529.0,1360,2090.0,5470.0,7690.0
01563200,02-23,449.0,483.0,549.0,1440,2520.0,4220.0,5280.0
01563200,02-24,470.0,487.0,593.0,1170,2510.0,5010.0,6220.0
01563200,02-25,443.0,486.0,601.0,1330,2770.0,5540.0,6400.0
01563200,02-26,385.0,481.0,644.0,1260,2880.0,5230.0,6820.0
01563200,02-27,384.0,482.0,695.0,1230,2640.0,4420.0,6260.0
01563200,02-28,384.0,483.0,695.0,1180,2240.0,4860.0,6200.0
01563200,02-29,,466.0,1010.0,1630,2350.0,5360.0,
01563200,03-01,401.0,491.0,705.0,1200,2260.0,3750.0,10700.0
01563200,03-02,204.0,494.0,680.0,1360,2330.0,4130.0,6610.0
01563200,03-03,205.0,486.0,651.0,1410,2140.0,4050.0,5710.0
01563200,03-04,204.0,486.0,731.0,1380,2250.0,3790.0,5650.0
01563200,03-05,203.0,474.0,644.0,1430,2800.0,4090.0,5130.0
01563200,03-06,201.0,472.0,666.0,1370,2250.0,5490.0,7160.0
01563200,03-07,205.0,474.0,571.0,1310,2480.0,6530.0,10200.0
01563200,03-08,205.0,466.0,572.0,1360,2730.0,6150.0,8610.0
01563200,03-09,204.0,485.0,720.0,1410,2500.0,5880.0,8530.0
01563200,03-10,207.0,486.0,717.0,1370,2370.0,6640.0,9660.0
01563200,03-11,416.0,499.0,757.0,1410,2080.0,6420.0,10100.0
01563200,03-12,414.0,501.0,942.0,1500,2440.0,6550.0,10300.0
01563200,03-13,411.0,524.0,1190.0,1630,2310.0,5850.0,10100.0
01563200,03-14,408.0,534.0,1120.0,1640,2790.0,6220.0,8360.0
01563200,03-15,426.0,547.0,922.0,1650,2710.0,6100.0,8850.0
01563200,03-16,210.0,507.0,835.0,1530,2680.0,6330.0,10100.0
01563200,03-17,210.0,483.0,884.0,1500,2630.0,8130.0,10700.0
01563200,03-18,211.0,483.0,826.0,1630,2770.0,6270.0,10100.0
01563200,03-19,209.0,486.0,849.0,1660,2510.0,5470.0,7360.0
01563200,03-20,216.0,487.0,844.0,1690,2910.0,4560.0,5930.0
01563200,03-21,417.0,575.0,845.0,1720,3170.0,4400.0,6980.0
01563200,03-22,416.0,600.0,833.0,1690,4090.0,6830.0,8770.0
01563200,03-23,416.0,620.0,950.0,1680,3900.0,7140.0,8600.0
01563200,03-24,417.0,582.0,871.0,1990,3420.0,5670.0,7890.0
01563200,03-25,416.0,518.0,762.0,1930,3070.0,5580.0,6750.0
01563200,03-26,417.0,495.0,756.0,1760,2880.0,5380.0,7970.0
01563200,03-27,400.0,503.0,839.0,1760,2820.0,4080.0,10100.0
01563200,03-28,398.0,520.0,1010.0,1810,2630.0,5720.0,7720.0
01563200,03-29,399.0,509.0,1020.0,1760,2800.0,4660.0,9150.0
01563200,03-30,415.0,504.0,832.0,1720,2420.0,6240.0,8460.0
01563200,03-31,402.0,493.0,869.0,1700,2930.0,5650.0,7880.0
01563200,04-01,403.0,499.0,899.0,1710,2700.0,5330.0,8590.0
01563200,04-02,396.0,493.0,982.0,1760,3160.0,5320.0,9140.0
01563200,04-03,396.0,498.0,993.0,1850,3300.0,5510.0,7670.0
01563200,04-04,397.0,540.0,1030.0,1770,3050.0,5200.0,7210.0
01563200,04-05,390.0,526.0,1030.0,1850,3380.0,7000.0,9620.0
01563200,04-06,395.0,493.0,1010.0,1760,3220.0,6840.0,12800.0
01563200,04-07,395.0,494.0,1010.0,1770,3170.0,5290.0,13500.0
01563200,04-08,395.0,497.0,958.0,1680,3090.0,5170.0,13300.0
01563200,04-09,397.0,494.0,1000.0,1670,2970.0,5250.0,12200.0
01563200,04-10,402.0,498.0,990.0,1640,3070.0,6420.0,8060.0
01563200,04-11,396.0,498.0,983.0,1550,2470.0,5760.0,8330.0
01563200,04-12,398.0,657.0,975.0,1680,2380.0,5000.0,7410.0
01563200,04-13,484.0,707.0,996.0,1540,2760.0,5250.0,6290.0
01563200,04-14,479.0,720.0,995.0,1650,2740.0,5020.0,8090.0
01563200,04-15,473.0,632.0,894.0,1590,2560.0,5010.0,6690.0
01563200,04-16,480.0,632.0,909.0,1500,2460.0,4640.0,5970.0
01563200,04-17,195.0,515.0,843.0,1480,2970.0,4210.0,7930.0
01563200,04-18,191.0,515.0,819.0,1420,2590.0,5300.0,6920.0
01563200,04-19,302.0,505.0,803.0,1320,2270.0,3360.0,6970.0
01563200,04-20,374.0,505.0,714.0,1430,2260.0,3870.0,6720.0
01563200,04-21,375.0,504.0,611.0,1330,2160.0,4270.0,7250.0
01563200,04-22,358.0,490.0,605.0,1320,1970.0,4610.0,6050.0
01563200,04-23,357.0,506.0,651.0,1310,1900.0,3400.0,5630.0
01563200,04-24,272.0,521.0,755.0,1320,2110.0,3270.0,4790.0
01563200,04-25,188.0,490.0,703.0,1120,2090.0,3380.0,5810.0
01563200,04-26,189.0,485.0,611.0,1060,1910.0,3300.0,5140.0
01563200,04-27,190.0,485.0,644.0,1020,1840.0,4130.0,7360.0
01563200,04-28,193.0,489.0,676.0,1080,1850.0,4010.0,8550.0
01563200,04-29,192.0,492.0,659.0,1230,1740.0,3330.0,6830.0
01563200,04-30,194.0,492.0,637.0,1110,1800.0,3140.0,5150.0
01563200,05-01,187.0,484.0,609.0,1000,1900.0,3510.0,6100.0
01563200,05-02,181.0,492.0,658.0,998,2040.0,2950.0,4140.0
01563200,05-03,183.0,493.0,612.0,1030,1830.0,3170.0,3780.0
01563200,05-04,183.0,495.0,602.0,1010,2260.0,3480.0,4850.0
01563200,05-05,183.0,499.0,620.0,1300,2370.0,5090.0,6320.0
01563200,05-06,183.0,494.0,704.0,1390,2630.0,5170.0,6830.0
01563200,05-07,183.0,497.0,664.0,1410,2330.0,4010.0,7010.0
01563200,05-08,184.0,497.0,641.0,1440,1940.0,3570.0,5280.0
01563200,05-09,185.0,497.0,804.0,1640,2080.0,3540.0,5070.0
01563200,05-10,185.0,494.0,830.0,1440,2000.0,3960.0,6410.0
01563200,05-11,186.0,499.0,743.0,1330,1810.0,5600.0,6020.0
01563200,05-12,188.0,499.0,890.0,1270,1840.0,6120.0,6960.0
01563200,05-13,188.0,501.0,817.0,1240,2390.0,6140.0,7040.0
01563200,05-14,186.0,489.0,721.0,1320,2750.0,5270.0,6710.0
01563200,05-15,188.0,439.0,694.0,1310,2260.0,3730.0,5110.0
01563200,05-16,182.0,340.0,679.0,1300,2100.0,4380.0,4650.0
01563200,05-17,173.0,297.0,596.0,1160,2080.0,5370.0,7360.0
01563200,05-18,173.0,246.0,527.0,1030,2110.0,4400.0,8440.0
01563200,05-19,173.0,267.0,506.0,1000,1860.0,6080.0,8360.0
01563200,05-20,203.0,335.0,506.0,1040,1750.0,4350.0,9270.0
01563200,05-21,184.0,392.0,506.0,1010,1770.0,4160.0,7160.0
01563200,05-22,183.0,378.0,486.0,895,1890.0,3360.0,6080.0
01563200,05-23,257.0,389.0,515.0,806,1910.0,3030.0,3930.0
01563200,05-24,256.0,403.0,529.0,834,1810.0,3200.0,5650.0
01563200,05-25,255.0,375.0,498.0,878,1800.0,3050.0,4650.0
01563200,05-26,245.0,371.0,480.0,826,1670.0,2450.0,3470.0
01563200,05-27,246.0,326.0,494.0,906,1680.0,2390.0,2930.0
01563200,05-28,182.0,289.0,443.0,879,1550.0,2450.0,4110.0
01563200,05-29,208.0,296.0,426.0,904,1610.0,2980.0,4510.0
01563200,05-30,181.0,296.0,433.0,818,2080.0,3530.0,3870.0
01563200,05-31,181.0,249.0,461.0,785,1730.0,2590.0,4700.0
01563200,06-01,183.0,254.0,457.0,704,1350.0,1950.0,2810.0
01563200,06-02,182.0,247.0,461.0,660,1190.0,1800.0,2090.0
01563200,06-03,180.0,282.0,415.0,672,1040.0,1680.0,2360.0
01563200,06-04,176.0,234.0,381.0,594,1010.0,1740.0,5480.0
01563200,06-05,176.0,216.0,364.0,715,940.0,2180.0,4060.0
01563200,06-06,181.0,214.0,353.0,571,1020.0,2020.0,4800.0
01563200,06-07,180.0,214.0,380.0,571,1070.0,2090.0,3430.0
01563200,06-08,180.0,253.0,380.0,571,860.0,1900.0,2730.0
01563200,06-09,179.0,227.0,416.0,622,966.0,1420.0,2880.0
01563200,06-10,178.0,212.0,389.0,574,941.0,1610.0,3280.0
01563200,06-11,178.0,210.0,346.0,561,765.0,1780.0,2930.0
01563200,06-12,178.0,212.0,316.0,524,836.0,1800.0,2760.0
01563200,06-13,177.0,210.0,317.0,507,799.0,1660.0,2380.0
01563200,06-14,176.0,208.0,297.0,505,746.0,2210.0,2960.0
01563200,06-15,177.0,207.0,270.0,459,807.0,1870.0,3480.0
01563200,06-16,176.0,207.0,267.0,475,740.0,1540.0,2290.0
01563200,06-17,176.0,209.0,274.0,453,927.0,1710.0,2140.0
01563200,06-18,178.0,208.0,282.0,447,838.0,1480.0,3310.0
01563200,06-19,180.0,206.0,268.0,480,767.0,1500.0,3410.0
01563200,06-20,176.0,205.0,249.0,441,761.0,1520.0,2800.0
01563200,06-21,172.0,205.0,239.0,345,958.0,2890.0,4140.0
01563200,06-22,179.0,206.0,234.0,418,906.0,2640.0,7790.0
01563200,06-23,180.0,207.0,227.0,418,917.0,2770.0,6610.0
01563200,06-24,180.0,207.0,229.0,447,772.0,2460.0,3970.0
01563200,06-25,181.0,206.0,217.0,403,641.0,1630.0,3430.0
01563200,06-26,181.0,204.0,213.0,388,611.0,1390.0,2180.0
01563200,06-27,168.0,204.0,210.0,371,712.0,1460.0,2220.0
01563200,06-28,177.0,204.0,210.0,358,612.0,1480.0,4810.0
01563200,06-29,177.0,204.0,213.0,306,536.0,1520.0,3180.0
01563200,06-30,179.0,204.0,212.0,308,553.0,1190.0,2480.0
01563200,07-01,173.0,204.0,210.0,305,546.0,985.0,1880.0
01563200,07-02,177.0,202.0,208.0,313,556.0,956.0,2270.0
01563200,07-03,184.0,203.0,209.0,288,556.0,1070.0,1260.0
01563200,07-04,182.0,203.0,209.0,278,574.0,1180.0,1510.0
01563200,07-05,181.0,203.0,209.0,260,574.0,1020.0,2150.0
01563200,07-06,181.0,203.0,209.0,260,574.0,1200.0,2070.0
01563200,07-07,175.0,199.0,208.0,253,579.0,1130.0,2460.0
01563200,07-08,175.0,199.0,207.0,253,549.0,1060.0,2930.0
01563200,07-09,175.0,200.0,207.0,281,491.0,1200.0,2110.0
01563200,07-10,175.0,199.0,209.0,291,482.0,784.0,1720.0
01563200,07-11,175.0,199.0,208.0,274,478.0,797.0,942.0
01563200,07-12,175.0,199.0,208.0,278,487.0,630.0,941.0
01563200,07-13,175.0,200.0,207.0,274,504.0,801.0,2130.0
01563200,07-14,175.0,198.0,207.0,297,515.0,929.0,2550.0
01563200,07-15,172.0,198.0,208.0,286,482.0,1020.0,1670.0
01563200,07-16,176.0,199.0,206.0,274,463.0,663.0,1310.0
01563200,07-17,175.0,199.0,207.0,274,454.0,592.0,1250.0
01563200,07-18,175.0,201.0,208.0,282,458.0,556.0,1610.0
01563200,07-19,175.0,199.0,206.0,270,474.0,1050.0,2180.0
01563200,07-20,175.0,198.0,206.0,263,447.0,777.0,3350.0
01563200,07-21,182.0,198.0,207.0,267,446.0,777.0,6060.0
01563200,07-22,186.0,200.0,207.0,235,453.0,797.0,2620.0
01563200,07-23,186.0,200.0,206.0,220,466.0,750.0,1480.0
01563200,07-24,186.0,200.0,207.0,219,446.0,835.0,1280.0
01563200,07-25,186.0,199.0,206.0,218,434.0,655.0,1710.0
01563200,07-26,184.0,200.0,206.0,215,426.0,552.0,2150.0
01563200,07-27,185.0,199.0,206.0,215,417.0,678.0,1710.0
01563200,07-28,184.0,199.0,206.0,215,414.0,727.0,1500.0
01563200,07-29,183.0,200.0,207.0,221,451.0,845.0,1580.0
01563200,07-30,173.0,200.0,207.0,215,438.0,724.0,1410.0
01563200,07-31,173.0,200.0,206.0,215,439.0,1060.0,1810.0
01563200,08-01,173.0,200.0,206.0,214,386.0,969.0,2170.0
01563200,08-02,174.0,199.0,206.0,214,370.0,907.0,2250.0
01563200,08-03,173.0,199.0,206.0,213,430.0,869.0,1580.0
01563200,08-04,174.0,199.0,206.0,212,419.0,1100.0,1650.0
01563200,08-05,174.0,200.0,206.0,212,419.0,935.0,1240.0
01563200,08-06,168.0,200.0,205.0,212,349.0,842.0,1280.0
01563200,08-07,165.0,199.0,206.0,212,306.0,923.0,1300.0
01563200,08-08,165.0,199.0,203.0,212,380.0,817.0,1080.0
01563200,08-09,165.0,199.0,205.0,212,374.0,785.0,1180.0
01563200,08-10,170.0,199.0,205.0,213,375.0,722.0,1420.0
01563200,08-11,173.0,199.0,204.0,213,372.0,802.0,1460.0
01563200,08-12,174.0,199.0,205.0,212,434.0,697.0,1290.0
01563200,08-13,174.0,198.0,203.0,212,426.0,911.0,1120.0
01563200,08-14,174.0,199.0,204.0,212,378.0,822.0,1400.0
01563200,08-15,173.0,198.0,204.0,212,436.0,569.0,965.0
01563200,08-16,175.0,198.0,205.0,212,321.0,533.0,756.0
01563200,08-17,173.0,198.0,206.0,213,311.0,480.0,709.0
01563200,08-18,173.0,198.0,205.0,215,313.0,666.0,942.0
01563200,08-19,173.0,195.0,205.0,212,317.0,533.0,1020.0
01563200,08-20,173.0,197.0,205.0,212,318.0,516.0,651.0
01563200,08-21,174.0,197.0,204.0,212,369.0,516.0,626.0
01563200,08-22,173.0,197.0,203.0,212,347.0,484.0,850.0
01563200,08-23,174.0,197.0,205.0,214,289.0,640.0,1580.0
01563200,08-24,173.0,197.0,204.0,212,287.0,612.0,1920.0
01563200,08-25,173.0,197.0,203.0,210,281.0,605.0,1310.0
01563200,08-26,173.0,194.0,203.0,210,263.0,507.0,762.0
01563200,08-27,173.0,196.0,203.0,212,258.0,506.0,643.0
01563200,08-28,173.0,198.0,205.0,212,281.0,482.0,536.0
01563200,08-29,173.0,197.0,203.0,212,243.0,485.0,557.0
01563200,08-30,173.0,197.0,203.0,212,255.0,470.0,842.0
01563200,08-31,173.0,194.0,203.0,209,255.0,485.0,885.0
01563200,09-01,173.0,193.0,203.0,212,282.0,497.0,660.0
01563200,09-02,173.0,192.0,203.0,211,283.0,471.0,593.0
01563200,09-03,173.0,192.0,203.0,211,277.0,499.0,611.0
01563200,09-04,173.0,194.0,203.0,211,286.0,518.0,891.0
01563200,09-05,173.0,194.0,204.0,215,294.0,584.0,1170.0
01563200,09-06,173.0,193.0,204.0,212,299.0,1040.0,3180.0
01563200,09-07,173.0,194.0,204.0,212,295.0,849.0,6630.0
01563200,09-08,172.0,194.0,204.0,214,301.0,831.0,5940.0
01563200,09-09,175.0,192.0,204.0,212,268.0,1690.0,4980.0
01563200,09-10,175.0,193.0,204.0,212,260.0,1590.0,4190.0
01563200,09-11,175.0,195.0,204.0,211,259.0,1240.0,5060.0
01563200,09-12,174.0,196.0,204.0,212,258.0,1080.0,11300.0
01563200,09-13,176.0,196.0,204.0,210,251.0,901.0,10200.0
01563200,09-14,177.0,196.0,205.0,212,273.0,919.0,5150.0
01563200,09-15,176.0,196.0,205.0,212,292.0,938.0,4400.0
01563200,09-16,176.0,196.0,205.0,211,274.0,1060.0,3000.0
01563200,09-17,175.0,196.0,205.0,209,282.0,1300.0,4990.0
01563200,09-18,175.0,197.0,205.0,209,349.0,960.0,2200.0
01563200,09-19,187.0,195.0,205.0,209,312.0,665.0,2290.0
01563200,09-20,191.0,196.0,205.0,209,282.0,927.0,3540.0
01563200,09-21,186.0,192.0,204.0,209,282.0,864.0,2830.0
01563200,09-22,186.0,194.0,203.0,208,282.0,1360.0,2240.0
01563200,09-23,188.0,195.0,205.0,212,282.0,1560.0,2730.0
01563200,09-24,185.0,198.0,204.0,209,282.0,1560.0,4270.0
01563200,09-25,185.0,198.0,205.0,209,292.0,2250.0,3560.0
01563200,09-26,182.0,198.0,204.0,208,291.0,1640.0,4320.0
01563200,09-27,181.0,198.0,204.0,208,282.0,1230.0,3390.0
01563200,09-28,179.0,198.0,204.0,209,282.0,1470.0,7660.0
01563200,09-29,182.0,197.0,204.0,212,282.0,1460.0,6450.0
01563200,09-30,180.0,198.0,204.0,211,283.0,1600.0,3380.0
01563200,10-01,187.0,199.0,204.0,211,287.0,1460.0,2830.0
01563200,10-02,193.0,199.0,203.0,208,302.0,1860.0,3620.0
01563200,10-03,190.0,197.0,203.0,208,302.0,2080.0,3500.0
01563200,10-04,189.0,200.0,203.0,207,309.0,1910.0,4440.0
01563200,10-05,187.0,200.0,203.0,209,275.0,1880.0,3770.0
01563200,10-06,195.0,200.0,203.0,208,346.0,1500.0,3150.0
01563200,10-07,197.0,200.0,204.0,208,341.0,1120.0,2490.0
01563200,10-08,185.0,199.0,204.0,208,327.0,1120.0,1990.0
01563200,10-09,191.0,199.0,203.0,208,319.0,1110.0,2180.0
01563200,10-10,189.0,198.0,203.0,208,288.0,1110.0,2150.0
01563200,10-11,195.0,199.0,204.0,209,291.0,1110.0,2070.0
01563200,10-12,195.0,199.0,203.0,209,287.0,1300.0,4450.0
01563200,10-13,196.0,199.0,202.0,210,307.0,1350.0,3560.0
01563200,10-14,195.0,200.0,203.0,212,307.0,1520.0,3350.0
01563200,10-15,193.0,199.0,203.0,210,287.0,1310.0,1640.0
01563200,10-16,193.0,199.0,203.0,210,305.0,1140.0,1520.0
01563200,10-17,194.0,199.0,203.0,209,306.0,1140.0,1460.0
01563200,10-18,193.0,199.0,203.0,209,318.0,1270.0,1560.0
01563200,10-19,192.0,193.0,202.0,209,371.0,1280.0,1860.0
01563200,10-20,187.0,198.0,203.0,209,379.0,1720.0,2750.0
01563200,10-21,193.0,200.0,203.0,210,616.0,2070.0,4200.0
01563200,10-22,193.0,200.0,203.0,210,588.0,2040.0,4850.0
01563200,10-23,192.0,200.0,203.0,212,528.0,1720.0,4760.0
01563200,10-24,192.0,199.0,203.0,213,748.0,1480.0,4700.0
01563200,10-25,192.0,200.0,203.0,211,747.0,2060.0,3190.0
01563200,10-26,189.0,196.0,203.0,213,723.0,1680.0,4340.0
01563200,10-27,190.0,198.0,203.0,210,743.0,1570.0,3070.0
01563200,10-28,182.0,195.0,203.0,210,749.0,1630.0,3070.0
01563200,10-29,181.0,198.0,203.0,212,1180.0,2130.0,2830.0
01563200,10-30,181.0,199.0,203.0,214,1060.0,1900.0,5510.0
01563200,10-31,181.0,196.0,203.0,220,945.0,1820.0,4540.0
01563200,11-01,180.0,195.0,204.0,218,1040.0,1720.0,4020.0
01563200,11-02,178.0,199.0,203.0,227,1020.0,1730.0,4300.0
01563200,11-03,180.0,200.0,205.0,235,926.0,1920.0,3130.0
01563200,11-04,183.0,197.0,205.0,226,1070.0,1760.0,3010.0
01563200,11-05,190.0,200.0,205.0,229,971.0,1840.0,2630.0
01563200,11-06,190.0,201.0,205.0,229,855.0,1970.0,2530.0
01563200,11-07,190.0,202.0,206.0,228,1200.0,2270.0,3000.0
01563200,11-08,190.0,202.0,206.0,230,1070.0,1920.0,3550.0
01563200,11-09,191.0,203.0,206.0,240,1140.0,2250.0,5860.0
01563200,11-10,190.0,201.0,206.0,260,1050.0,3210.0,7160.0
01563200,11-11,190.0,201.0,206.0,321,1140.0,2890.0,5360.0
01563200,11-12,190.0,201.0,207.0,281,1190.0,2760.0,5620.0
01563200,11-13,198.0,202.0,208.0,367,985.0,3290.0,5530.0
01563200,11-14,203.0,205.0,211.0,426,1050.0,2840.0,4680.0
01563200,11-15,232.0,317.0,381.0,482,1270.0,2010.0,2990.0
01563200,11-16,232.0,411.0,482.0,501,1350.0,1920.0,3660.0
01563200,11-17,233.0,401.0,485.0,500,1260.0,2480.0,3470.0
01563200,11-18,245.0,427.0,481.0,502,1240.0,2220.0,3160.0
01563200,11-19,235.0,427.0,480.0,501,1110.0,2140.0,3580.0
01563200,11-20,230.0,448.0,481.0,501,1020.0,2140.0,3090.0
01563200,11-21,228.0,400.0,480.0,501,1020.0,1670.0,2720.0
01563200,11-22,228.0,373.0,480.0,496,1230.0,1630.0,2340.0
01563200,11-23,228.0,431.0,483.0,495,910.0,1800.0,3220.0
01563200,11-24,229.0,443.0,486.0,497,840.0,1620.0,3710.0
01563200,11-25,228.0,401.0,485.0,495,824.0,2100.0,4430.0
01563200,11-26,228.0,345.0,480.0,496,1030.0,1760.0,3600.0
01563200,11-27,228.0,345.0,480.0,497,1110.0,2900.0,4500.0
01563200,11-28,228.0,345.0,483.0,498,1110.0,3220.0,5460.0
01563200,11-29,228.0,345.0,483.0,496,1230.0,3280.0,5970.0
01563200,11-30,228.0,345.0,488.0,507,1310.0,2440.0,5930.0
01563200,12-01,228.0,346.0,486.0,503,1750.0,3010.0,4350.0
01563200,12-02,228.0,346.0,486.0,502,1930.0,4080.0,5250.0
01563200,12-03,228.0,346.0,486.0,497,1640.0,3700.0,6720.0
01563200,12-04,230.0,401.0,486.0,496,1610.0,3550.0,4920.0
01563200,12-05,230.0,445.0,486.0,503,1780.0,2900.0,4310.0
01563200,12-06,230.0,445.0,482.0,502,1900.0,2960.0,3530.0
01563200,12-07,230.0,448.0,485.0,501,1650.0,2870.0,3650.0
01563200,12-08,232.0,447.0,487.0,500,1550.0,2340.0,4010.0
01563200,12-09,233.0,446.0,487.0,513,1550.0,1970.0,4380.0
01563200,12-10,231.0,446.0,488.0,528,1550.0,2270.0,3830.0
01563200,12-11,240.0,458.0,488.0,586,1490.0,3260.0,5330.0
01563200,12-12,240.0,445.0,487.0,523,1380.0,2510.0,6700.0
01563200,12-13,240.0,442.0,488.0,576,1380.0,2970.0,6020.0
01563200,12-14,240.0,442.0,490.0,596,1560.0,3100.0,5110.0
01563200,12-15,240.0,457.0,490.0,646,1550.0,2790.0,4450.0
01563200,12-16,243.0,463.0,490.0,732,1590.0,3000.0,4470.0
01563200,12-17,243.0,464.0,489.0,635,1570.0,2650.0,3720.0
01563200,12-18,243.0,463.0,487.0,836,1690.0,2340.0,2970.0
01563200,12-19,243.0,463.0,489.0,777,1660.0,2450.0,3200.0
01563200,12-20,240.0,464.0,490.0,853,1570.0,2250.0,3130.0
01563200,12-21,240.0,464.0,488.0,810,1610.0,2160.0,3480.0
01563200,12-22,240.0,464.0,489.0,751,1410.0,3400.0,4150.0
01563200,12-23,240.0,464.0,489.0,645,1350.0,3780.0,5010.0
01563200,12-24,240.0,464.0,489.0,610,1610.0,3420.0,5180.0
01563200,12-25,240.0,464.0,489.0,768,1790.0,3730.0,5120.0
01563200,12-26,243.0,463.0,492.0,784,1840.0,4190.0,4950.0
01563200,12-27,243.0,471.0,494.0,798,1680.0,3600.0,4650.0
01563200,12-28,243.0,469.0,492.0,714,1790.0,2720.0,4740.0
01563200,12-29,398.0,482.0,494.0,810,1760.0,2590.0,3480.0
01563200,12-30,398.0,479.0,491.0,825,1740.0,2410.0,2770.0
01563200,12-31,398.0,483.0,494.0,876,1670.0,2010.0,4220.0
01563500,01-01,913.0,1020.0,1210.0,2330,3800.0,5390.0,11800.0
01563500,01-02,870.0,996.0,1280.0,2350,3870.0,8460.0,12400.0
01563500,01-03,867.0,988.0,1250.0,2390,3470.0,7710.0,10600.0
01563500,01-04,858.0,969.0,1310.0,2390,3700.0,6000.0,11200.0
01563500,01-05,860.0,949.0,1310.0,2160,3490.0,7690.0,9980.0
01563500,01-06,893.0,955.0,1220.0,2070,3340.0,6710.0,9890.0
01563500,01-07,865.0,947.0,1170.0,1940,3260.0,5560.0,7360.0
01563500,01-08,812.0,932.0,1150.0,1980,3260.0,5360.0,7910.0
01563500,01-09,840.0,961.0,1160.0,1990,3160.0,5460.0,10900.0
01563500,01-10,877.0,975.0,1160.0,1940,3100.0,4940.0,11300.0
01563500,01-11,955.0,1000.0,1230.0,1950,3090.0,5550.0,8720.0
01563500,01-12,963.0,1010.0,1250.0,1860,3510.0,5230.0,7750.0
01563500,01-13,985.0,1020.0,1240.0,1790,3720.0,6070.0,9550.0
01563500,01-14,980.0,1060.0,1240.0,2000,3740.0,5140.0,8640.0
01563500,01-15,980.0,1020.0,1300.0,1970,3500.0,4720.0,7620.0
01563500,01-16,983.0,1020.0,1260.0,1840,3460.0,5330.0,7490.0
01563500,01-17,976.0,1030.0,1160.0,1750,3330.0,5630.0,7120.0
01563500,01-18,977.0,996.0,1150.0,1740,3320.0,5380.0,7700.0
01563500,01-19,915.0,994.0,1120.0,1720,3650.0,5410.0,10100.0
01563500,01-20,900.0,962.0,1210.0,1880,3440.0,6900.0,8880.0
01563500,01-21,874.0,910.0,1140.0,1730,3520.0,6620.0,9770.0
01563500,01-22,791.0,937.0,1120.0,1630,3230.0,6480.0,11200.0
01563500,01-23,836.0,945.0,1080.0,1650,3250.0,5730.0,8520.0
01563500,01-24,855.0,952.0,1170.0,2020,3820.0,5750.0,9080.0
01563500,01-25,908.0,962.0,1240.0,2070,4090.0,8510.0,17000.0
01563500,01-26,913.0,995.0,1250.0,1990,4060.0,7570.0,15600.0
01563500,01-27,918.0,1010.0,1230.0,2100,3780.0,8000.0,13800.0
01563500,01-28,922.0,997.0,1200.0,1970,4030.0,5550.0,12500.0
01563500,01-29,895.0,964.0,1190.0,1830,3830.0,6910.0,9900.0
01563500,01-30,921.0,960.0,1180.0,1860,3590.0,6980.0,10600.0
01563500,01-31,914.0,965.0,1190.0,2040,3250.0,6240.0,8620.0
01563500,02-01,901.0,933.0,1240.0,2010,3120.0,5260.0,7000.0
01563500,02-02,934.0,1090.0,1290.0,1960,3710.0,5220.0,6890.0
01563500,02-03,930.0,1080.0,1350.0,2210,3620.0,6750.0,10000.0
01563500,02-04,922.0,1080.0,1290.0,2180,3760.0,9070.0,13000.0
01563500,02-05,909.0,998.0,1290.0,2160,4330.0,8820.0,10500.0
01563500,02-06,891.0,1010.0,1200.0,2100,3920.0,8620.0,9350.0
01563500,02-07,852.0,970.0,1210.0,2080,3730.0,7920.0,12700.0
01563500,02-08,851.0,986.0,1230.0,2160,3320.0,6420.0,9640.0
01563500,02-09,817.0,965.0,1170.0,2060,3380.0,5560.0,7350.0
01563500,02-10,815.0,950.0,1170.0,2130,3740.0,4940.0,6410.0
01563500,02-11,837.0,985.0,1240.0,2120,3440.0,5300.0,5870.0
01563500,02-12,835.0,985.0,1300.0,2270,3600.0,5500.0,7330.0
01563500,02-13,913.0,1010.0,1350.0,2200,3870.0,5990.0,7370.0
01563500,02-14,858.0,1020.0,1540.0,2100,3710.0,6010.0,10100.0
01563500,02-15,894.0,1070.0,1580.0,1940,3850.0,6040.0,8310.0
01563500,02-16,1050.0,1140.0,1520.0,2110,3470.0,5300.0,11200.0
01563500,02-17,1080.0,1150.0,1620.0,2240,4110.0,5570.0,20300.0
01563500,02-18,1050.0,1180.0,1580.0,2310,3760.0,8800.0,16500.0
01563500,02-19,1000.0,1160.0,1610.0,2390,3770.0,8090.0,13300.0
01563500,02-20,1020.0,1200.0,1580.0,2730,4170.0,10800.0,15000.0
01563500,02-21,1100.0,1200.0,1550.0,2750,4490.0,11200.0,16800.0
01563500,02-22,1140.0,1300.0,1620.0,2940,4800.0,9840.0,15700.0
01563500,02-23,1150.0,1380.0,1900.0,3180,4930.0,8750.0,12500.0
01563500,02-24,1070.0,1480.0,1850.0,2960,5360.0,10500.0,14300.0
01563500,02-25,1010.0,1430.0,1920.0,3200,6350.0,11300.0,14200.0
01563500,02-26,1060.0,1400.0,1850.0,3030,5980.0,10300.0,15100.0
01563500,02-27,1010.0,1400.0,1820.0,3110,5420.0,8940.0,11000.0
01563500,02-28,1010.0,1410.0,1880.0,3250,4860.0,8750.0,13200.0
01563500,02-29,,1780.0,2350.0,3250,5160.0,10800.0,
01563500,03-01,980.0,1450.0,1970.0,3160,4660.0,8180.0,16900.0
01563500,03-02,1030.0,1370.0,1920.0,3110,5030.0,9360.0,13200.0
01563500,03-03,1100.0,1370.0,1840.0,3030,4940.0,8930.0,10900.0
01563500,03-04,1330.0,1480.0,1950.0,3410,5950.0,8430.0,11000.0
01563500,03-05,1260.0,1410.0,2050.0,3270,5700.0,10600.0,20900.0
01563500,03-06,1280.0,1400.0,2420.0,3340,5050.0,10500.0,17000.0
01563500,03-07,1270.0,1420.0,2440.0,3160,5440.0,11200.0,18900.0
01563500,03-08,1340.0,1410.0,2200.0,3250,5340.0,9060.0,15800.0
01563500,03-09,1390.0,1810.0,2220.0,3380,5360.0,9110.0,13900.0
01563500,03-10,1350.0,1770.0,2200.0,3320,5020.0,11600.0,19600.0
01563500,03-11,1410.0,1730.0,2220.0,3600,4540.0,11800.0,17200.0
01563500,03-12,1510.0,1790.0,2830.0,3630,6050.0,11000.0,14900.0
01563500,03-13,1650.0,1900.0,2780.0,3770,5860.0,12300.0,18600.0
01563500,03-14,1700.0,2030.0,2700.0,3550,5890.0,12500.0,20300.0
01563500,03-15,1620.0,1940.0,2410.0,3710,7140.0,14300.0,19100.0
01563500,03-16,1580.0,1780.0,2340.0,3360,5960.0,14500.0,17300.0
01563500,03-17,1590.0,1800.0,2260.0,3550,5460.0,14100.0,18400.0
01563500,03-18,1500.0,1780.0,2280.0,3600,6120.0,10800.0,18000.0
01563500,03-19,1610.0,1740.0,2260.0,4060,6070.0,11000.0,14200.0
01563500,03-20,1550.0,1880.0,2290.0,3920,6770.0,10100.0,12100.0
01563500,03-21,1580.0,1820.0,2240.0,4230,7030.0,11200.0,14900.0
01563500,03-22,1730.0,1850.0,2340.0,4260,9260.0,14400.0,16100.0
01563500,03-23,1670.0,1820.0,2420.0,4310,8120.0,12100.0,15000.0
01563500,03-24,1570.0,1810.0,2370.0,5320,7790.0,11700.0,16000.0
01563500,03-25,1420.0,1610.0,2360.0,4440,7140.0,12600.0,15400.0
01563500,03-26,1430.0,1560.0,2430.0,4600,6000.0,10700.0,15100.0
01563500,03-27,1400.0,1530.0,2540.0,4170,6030.0,10800.0,16400.0
01563500,03-28,1420.0,1520.0,2650.0,4260,5280.0,11200.0,16900.0
01563500,03-29,1410.0,1550.0,2460.0,3950,5900.0,13500.0,23500.0
01563500,03-30,1440.0,1550.0,2370.0,3920,6060.0,14000.0,19600.0
01563500,03-31,1400.0,1650.0,2410.0,4020,6340.0,13200.0,16800.0
01563500,04-01,1410.0,1750.0,2680.0,3950,6640.0,11200.0,18300.0
01563500,04-02,1340.0,1880.0,2850.0,4160,7820.0,13700.0,17400.0
01563500,04-03,1330.0,1890.0,2790.0,4270,6840.0,14200.0,19600.0
01563500,04-04,1500.0,1890.0,2790.0,4060,7140.0,12000.0,16500.0
01563500,04-05,1550.0,2000.0,2680.0,4740,7990.0,13900.0,18800.0
01563500,04-06,1400.0,1950.0,2660.0,4540,7270.0,12200.0,20200.0
01563500,04-07,1320.0,1850.0,2680.0,4230,6980.0,10500.0,18700.0
01563500,04-08,1430.0,1730.0,2640.0,4080,6850.0,9690.0,17300.0
01563500,04-09,1480.0,1630.0,2490.0,3850,6780.0,10500.0,16000.0
01563500,04-10,1490.0,1650.0,2450.0,3560,6210.0,12000.0,15300.0
01563500,04-11,1440.0,1580.0,2460.0,3710,5520.0,10200.0,14300.0
01563500,04-12,1510.0,1730.0,2480.0,3720,5590.0,9220.0,13100.0
01563500,04-13,1470.0,1910.0,2590.0,3730,6310.0,9430.0,13300.0
01563500,04-14,1470.0,1870.0,2490.0,3690,5340.0,9800.0,16500.0
01563500,04-15,1520.0,1720.0,2440.0,3710,5330.0,10000.0,13500.0
01563500,04-16,1460.0,1740.0,2480.0,3490,5560.0,10800.0,12100.0
01563500,04-17,1470.0,1740.0,2280.0,3250,5850.0,10500.0,18500.0
01563500,04-18,1420.0,1760.0,2170.0,3130,5550.0,8890.0,12200.0
01563500,04-19,1420.0,1710.0,2060.0,3060,5350.0,7200.0,10800.0
01563500,04-20,1370.0,1600.0,1950.0,3250,4930.0,6480.0,14300.0
01563500,04-21,1350.0,1510.0,1880.0,3140,4830.0,8100.0,12300.0
01563500,04-22,1330.0,1470.0,1940.0,2980,4500.0,8100.0,11400.0
01563500,04-23,1410.0,1490.0,1840.0,3000,4460.0,6560.0,11100.0
01563500,04-24,1390.0,1510.0,1860.0,3160,4470.0,6260.0,9640.0
01563500,04-25,1340.0,1440.0,1850.0,2870,4190.0,6180.0,10200.0
01563500,04-26,1270.0,1440.0,1860.0,2630,4060.0,7040.0,12200.0
01563500,04-27,1210.0,1350.0,1950.0,2720,3790.0,9370.0,15500.0
01563500,04-28,1220.0,1370.0,1930.0,2860,3650.0,9390.0,12500.0
01563500,04-29,1270.0,1410.0,1830.0,2810,3710.0,6630.0,12500.0
01563500,04-30,1190.0,1360.0,1930.0,2620,3950.0,6740.0,9070.0
01563500,05-01,1250.0,1430.0,1810.0,2700,4460.0,6790.0,10500.0
01563500,05-02,1280.0,1480.0,2040.0,2540,4250.0,6760.0,8880.0
01563500,05-03,1270.0,1400.0,1810.0,2530,4340.0,6690.0,9150.0
01563500,05-04,1260.0,1500.0,1780.0,2520,4240.0,7270.0,8940.0
01563500,05-05,1180.0,1470.0,1810.0,2910,4730.0,8450.0,11600.0
01563500,05-06,1160.0,1390.0,1910.0,3250,5110.0,9240.0,11400.0
01563500,05-07,1150.0,1360.0,1790.0,2910,4890.0,7180.0,12300.0
01563500,05-08,1130.0,1350.0,1770.0,2880,4300.0,6480.0,9540.0
01563500,05-09,1120.0,1310.0,1990.0,3170,4720.0,6040.0,9240.0
01563500,05-10,1090.0,1280.0,1950.0,3030,4500.0,7650.0,10300.0
01563500,05-11,1110.0,1310.0,1900.0,2660,4040.0,9410.0,11800.0
01563500,05-12,1220.0,1400.0,2030.0,2820,4400.0,10400.0,12700.0
01563500,05-13,1180.0,1390.0,2000.0,2830,5420.0,10600.0,14100.0
01563500,05-14,1170.0,1400.0,2020.0,2780,5620.0,11100.0,13300.0
01563500,05-15,1110.0,1270.0,1930.0,2750,4890.0,8270.0,13700.0
01563500,05-16,1100.0,1170.0,1760.0,2860,4720.0,8250.0,12800.0
01563500,05-17,988.0,1110.0,1620.0,2840,4550.0,10100.0,14400.0
01563500,05-18,931.0,1100.0,1580.0,2520,4310.0,9900.0,12800.0
01563500,05-19,1100.0,1240.0,1480.0,2400,4090.0,11400.0,19000.0
01563500,05-20,1130.0,1250.0,1470.0,2650,4120.0,7290.0,14200.0
01563500,05-21,1130.0,1260.0,1500.0,2320,4050.0,7250.0,11100.0
01563500,05-22,1090.0,1160.0,1420.0,2410,4790.0,6960.0,10200.0
01563500,05-23,1100.0,1170.0,1450.0,2470,4680.0,6390.0,8920.0
01563500,05-24,1090.0,1180.0,1500.0,2240,4080.0,8200.0,9570.0
01563500,05-25,1030.0,1080.0,1400.0,2270,3760.0,7180.0,9950.0
01563500,05-26,993.0,1060.0,1380.0,2190,3790.0,5420.0,7690.0
01563500,05-27,954.0,991.0,1320.0,2030,3420.0,5070.0,6550.0
01563500,05-28,904.0,928.0,1420.0,2150,3330.0,5320.0,7730.0
01563500,05-29,863.0,902.0,1410.0,2410,4220.0,5980.0,8250.0
01563500,05-30,842.0,919.0,1350.0,2290,4510.0,7170.0,7730.0
01563500,05-31,805.0,918.0,1330.0,2090,3580.0,5500.0,7960.0
01563500,06-01,774.0,1040.0,1340.0,1980,3170.0,4410.0,5910.0
01563500,06-02,800.0,1010.0,1280.0,1860,2810.0,4020.0,4940.0
01563500,06-03,854.0,973.0,1230.0,1920,2620.0,3860.0,5020.0
01563500,06-04,775.0,912.0,1150.0,1830,2740.0,3660.0,7420.0
01563500,06-05,726.0,840.0,1170.0,1810,2570.0,4090.0,7170.0
01563500,06-06,711.0,803.0,1180.0,1910,2480.0,4890.0,9130.0
01563500,06-07,704.0,832.0,1280.0,1710,2680.0,3900.0,8280.0
01563500,06-08,693.0,849.0,1190.0,1570,2480.0,3690.0,5880.0
01563500,06-09,674.0,876.0,1240.0,1710,2580.0,3090.0,6090.0
01563500,06-10,672.0,834.0,1170.0,1700,2330.0,3220.0,6470.0
01563500,06-11,659.0,777.0,1100.0,1670,2100.0,4340.0,6300.0
01563500,06-12,697.0,733.0,1040.0,1590,2030.0,4470.0,5850.0
01563500,06-13,687.0,805.0,1030.0,1620,2150.0,4420.0,5160.0
01563500,06-14,680.0,819.0,962.0,1510,2210.0,4230.0,6160.0
01563500,06-15,689.0,792.0,956.0,1300,2060.0,4420.0,6160.0
01563500,06-16,705.0,780.0,935.0,1310,2240.0,3930.0,4720.0
01563500,06-17,722.0,771.0,1020.0,1420,2130.0,3580.0,6240.0
01563500,06-18,710.0,756.0,988.0,1290,2300.0,3410.0,6830.0
01563500,06-19,702.0,761.0,916.0,1330,2440.0,3920.0,5550.0
01563500,06-20,684.0,753.0,919.0,1340,2360.0,3730.0,6910.0
01563500,06-21,675.0,726.0,862.0,1240,2090.0,6230.0,8610.0
01563500,06-22,660.0,710.0,845.0,1270,2170.0,5100.0,15700.0
01563500,06-23,666.0,721.0,859.0,1260,2240.0,4810.0,10400.0
01563500,06-24,644.0,710.0,914.0,1210,2230.0,5180.0,6410.0
01563500,06-25,671.0,698.0,855.0,1150,1880.0,3880.0,5390.0
01563500,06-26,616.0,672.0,844.0,1140,2080.0,2980.0,4080.0
01563500,06-27,619.0,645.0,837.0,1090,2050.0,3200.0,4490.0
01563500,06-28,666.0,683.0,788.0,1060,1900.0,4580.0,10600.0
01563500,06-29,647.0,687.0,765.0,1050,1680.0,3270.0,6060.0
01563500,06-30,568.0,648.0,768.0,1010,1730.0,2500.0,4270.0
01563500,07-01,579.0,615.0,731.0,1020,1810.0,2570.0,4240.0
01563500,07-02,576.0,600.0,716.0,1050,1780.0,2490.0,4260.0
01563500,07-03,574.0,631.0,693.0,1060,1680.0,2680.0,3230.0
01563500,07-04,562.0,606.0,692.0,977,1750.0,2420.0,3880.0
01563500,07-05,563.0,621.0,711.0,957,1670.0,2400.0,4340.0
01563500,07-06,562.0,603.0,702.0,993,1510.0,2620.0,4400.0
01563500,07-07,548.0,589.0,686.0,944,1520.0,2370.0,5260.0
01563500,07-08,542.0,590.0,684.0,983,1440.0,3060.0,4770.0
01563500,07-09,537.0,591.0,698.0,1000,1340.0,2750.0,4390.0
01563500,07-10,543.0,579.0,697.0,972,1300.0,1870.0,3030.0
01563500,07-11,558.0,586.0,665.0,898,1340.0,1930.0,2750.0
01563500,07-12,561.0,590.0,641.0,951,1370.0,1900.0,2250.0
01563500,07-13,546.0,582.0,621.0,920,1280.0,2340.0,4990.0
01563500,07-14,515.0,577.0,647.0,944,1340.0,2360.0,3980.0
01563500,07-15,497.0,534.0,654.0,908,1410.0,2700.0,3640.0
01563500,07-16,507.0,554.0,612.0,934,1370.0,1700.0,3760.0
01563500,07-17,506.0,541.0,601.0,968,1260.0,1600.0,2950.0
01563500,07-18,515.0,534.0,601.0,930,1240.0,2130.0,4080.0
01563500,07-19,516.0,553.0,607.0,872,1200.0,2500.0,5900.0
01563500,07-20,508.0,549.0,622.0,872,1170.0,2530.0,6570.0
01563500,07-21,490.0,550.0,620.0,872,1190.0,2460.0,7990.0
01563500,07-22,525.0,549.0,611.0,910,1180.0,2500.0,5320.0
01563500,07-23,503.0,537.0,657.0,872,1140.0,1830.0,4200.0
01563500,07-24,505.0,563.0,664.0,871,1190.0,1750.0,4040.0
01563500,07-25,517.0,574.0,651.0,838,1070.0,1470.0,3400.0
01563500,07-26,523.0,558.0,620.0,766,1120.0,1630.0,3930.0
01563500,07-27,523.0,558.0,634.0,744,1070.0,1610.0,3820.0
01563500,07-28,498.0,552.0,614.0,770,1170.0,1950.0,4240.0
01563500,07-29,493.0,515.0,615.0,784,1220.0,2490.0,3580.0
01563500,07-30,491.0,514.0,610.0,761,1150.0,2230.0,3710.0
01563500,07-31,511.0,528.0,603.0,749,1090.0,2510.0,3620.0
01563500,08-01,503.0,533.0,577.0,687,1020.0,2160.0,4790.0
01563500,08-02,493.0,512.0,571.0,675,958.0,1900.0,4740.0
01563500,08-03,493.0,507.0,567.0,716,962.0,2150.0,4060.0
01563500,08-04,471.0,494.0,558.0,728,1070.0,2100.0,3610.0
01563500,08-05,483.0,505.0,577.0,747,1010.0,1960.0,3150.0
01563500,08-06,494.0,506.0,531.0,709,970.0,1950.0,2600.0
01563500,08-07,457.0,498.0,534.0,686,1000.0,2120.0,2590.0
01563500,08-08,461.0,490.0,564.0,688,1010.0,2050.0,2410.0
01563500,08-09,457.0,476.0,549.0,681,993.0,1670.0,3470.0
01563500,08-10,472.0,497.0,561.0,720,1130.0,1520.0,4110.0
01563500,08-11,459.0,512.0,568.0,716,1170.0,1750.0,3550.0
01563500,08-12,479.0,500.0,566.0,676,1070.0,2670.0,4130.0
01563500,08-13,469.0,489.0,554.0,671,1260.0,2240.0,3760.0
01563500,08-14,480.0,495.0,545.0,667,1190.0,1940.0,3680.0
01563500,08-15,477.0,495.0,538.0,708,1130.0,1920.0,3440.0
01563500,08-16,452.0,487.0,550.0,640,1140.0,1720.0,2310.0
01563500,08-17,450.0,476.0,538.0,629,1020.0,1410.0,1960.0
01563500,08-18,447.0,473.0,540.0,633,1020.0,1980.0,3080.0
01563500,08-19,465.0,501.0,521.0,618,1020.0,1880.0,3040.0
01563500,08-20,460.0,471.0,521.0,701,1010.0,1480.0,2030.0
01563500,08-21,458.0,474.0,521.0,704,1150.0,1630.0,1810.0
01563500,08-22,462.0,494.0,532.0,714,1080.0,2050.0,3610.0
01563500,08-23,470.0,478.0,520.0,668,996.0,1560.0,3020.0
01563500,08-24,479.0,487.0,516.0,629,909.0,1550.0,3400.0
01563500,08-25,466.0,481.0,526.0,676,912.0,1860.0,2570.0
01563500,08-26,469.0,484.0,517.0,687,862.0,1670.0,1870.0
01563500,08-27,458.0,474.0,506.0,648,857.0,1500.0,1760.0
01563500,08-28,476.0,479.0,521.0,669,828.0,1260.0,1540.0
01563500,08-29,468.0,473.0,545.0,716,928.0,1360.0,1510.0
01563500,08-30,467.0,478.0,536.0,688,977.0,1700.0,2070.0
01563500,08-31,462.0,481.0,521.0,645,912.0,1420.0,2660.0
01563500,09-01,458.0,485.0,523.0,629,896.0,1650.0,2490.0
01563500,09-02,456.0,467.0,510.0,621,907.0,1530.0,2940.0
01563500,09-03,451.0,462.0,514.0,640,874.0,1490.0,3990.0
01563500,09-04,442.0,462.0,515.0,657,860.0,1620.0,3540.0
01563500,09-05,442.0,465.0,507.0,673,936.0,1450.0,2960.0
01563500,09-06,434.0,450.0,522.0,649,911.0,2750.0,6550.0
01563500,09-07,433.0,441.0,506.0,658,871.0,2610.0,14700.0
01563500,09-08,431.0,453.0,506.0,670,886.0,2360.0,10500.0
01563500,09-09,436.0,449.0,490.0,647,867.0,4370.0,12300.0
01563500,09-10,426.0,452.0,504.0,617,920.0,3230.0,14100.0
01563500,09-11,430.0,448.0,498.0,633,928.0,2730.0,16300.0
01563500,09-12,428.0,459.0,518.0,639,876.0,2300.0,14200.0
01563500,09-13,417.0,442.0,511.0,627,872.0,2510.0,12500.0
01563500,09-14,425.0,453.0,498.0,617,849.0,2110.0,9290.0
01563500,09-15,421.0,453.0,517.0,634,827.0,2280.0,6780.0
01563500,09-16,420.0,459.0,496.0,592,846.0,2460.0,5130.0
01563500,09-17,416.0,470.0,486.0,587,892.0,2370.0,7730.0
01563500,09-18,433.0,463.0,495.0,595,1060.0,2300.0,12200.0
01563500,09-19,442.0,461.0,511.0,598,1130.0,1930.0,8930.0
01563500,09-20,437.0,459.0,492.0,576,999.0,1840.0,7030.0
01563500,09-21,430.0,445.0,493.0,566,914.0,1610.0,5660.0
01563500,09-22,438.0,460.0,500.0,578,787.0,2740.0,4830.0
01563500,09-23,444.0,458.0,519.0,598,792.0,3520.0,9660.0
01563500,09-24,425.0,464.0,515.0,604,863.0,3240.0,9020.0
01563500,09-25,445.0,458.0,513.0,602,904.0,4670.0,7670.0
01563500,09-26,438.0,451.0,503.0,593,915.0,3780.0,13000.0
01563500,09-27,444.0,475.0,517.0,625,899.0,3510.0,7050.0
01563500,09-28,452.0,471.0,511.0,623,1220.0,4350.0,13700.0
01563500,09-29,463.0,480.0,524.0,639,969.0,5050.0,11200.0
01563500,09-30,456.0,471.0,527.0,656,1030.0,4060.0,7220.0
01563500,10-01,453.0,461.0,525.0,678,1080.0,3780.0,6050.0
01563500,10-02,460.0,492.0,528.0,679,969.0,4250.0,7320.0
01563500,10-03,441.0,461.0,510.0,627,1190.0,4430.0,8630.0
01563500,10-04,455.0,478.0,510.0,622,1030.0,4120.0,7910.0
01563500,10-05,468.0,483.0,524.0,642,1030.0,3990.0,6850.0
01563500,10-06,467.0,478.0,518.0,608,1100.0,3390.0,5010.0
01563500,10-07,470.0,475.0,524.0,617,1040.0,2470.0,4230.0
01563500,10-08,462.0,470.0,543.0,625,1050.0,2360.0,3820.0
01563500,10-09,450.0,471.0,536.0,635,1110.0,2660.0,4280.0
01563500,10-10,461.0,483.0,521.0,630,984.0,2960.0,4600.0
01563500,10-11,450.0,485.0,525.0,610,1040.0,2680.0,4030.0
01563500,10-12,478.0,493.0,528.0,609,1040.0,3070.0,7390.0
01563500,10-13,417.0,482.0,524.0,630,962.0,2840.0,6240.0
01563500,10-14,454.0,484.0,511.0,611,947.0,3240.0,5500.0
01563500,10-15,481.0,486.0,536.0,641,1080.0,3210.0,3890.0
01563500,10-16,475.0,492.0,532.0,630,958.0,2760.0,3400.0
01563500,10-17,465.0,482.0,536.0,640,1180.0,2670.0,3690.0
01563500,10-18,462.0,489.0,531.0,643,1410.0,2790.0,4180.0
01563500,10-19,483.0,493.0,529.0,650,1500.0,3420.0,4980.0
01563500,10-20,453.0,475.0,528.0,631,1290.0,4430.0,5180.0
01563500,10-21,475.0,486.0,534.0,645,1640.0,4620.0,8200.0
01563500,10-22,467.0,476.0,544.0,640,1590.0,3880.0,7890.0
01563500,10-23,469.0,477.0,530.0,638,1270.0,3310.0,7870.0
01563500,10-24,466.0,475.0,527.0,655,1540.0,4380.0,6950.0
01563500,10-25,475.0,484.0,569.0,650,1770.0,3570.0,7170.0
01563500,10-26,476.0,502.0,565.0,651,1810.0,4030.0,5900.0
01563500,10-27,477.0,491.0,568.0,675,1800.0,3480.0,5620.0
01563500,10-28,458.0,491.0,554.0,679,1960.0,4110.0,7040.0
01563500,10-29,461.0,479.0,576.0,825,2470.0,4040.0,6230.0
01563500,10-30,466.0,491.0,549.0,936,2340.0,4540.0,12100.0
01563500,10-31,461.0,494.0,558.0,990,2270.0,3890.0,7850.0
01563500,11-01,461.0,472.0,554.0,919,2290.0,3560.0,6640.0
01563500,11-02,455.0,497.0,556.0,995,2520.0,3270.0,6550.0
01563500,11-03,466.0,493.0,551.0,1020,2080.0,3490.0,5730.0
01563500,11-04,469.0,524.0,554.0,955,2030.0,3380.0,5100.0
01563500,11-05,473.0,528.0,583.0,858,2030.0,3430.0,4540.0
01563500,11-06,505.0,530.0,576.0,939,2090.0,3360.0,4700.0
01563500,11-07,480.0,533.0,592.0,902,1970.0,4320.0,5000.0
01563500,11-08,465.0,528.0,576.0,1050,2280.0,4100.0,6870.0
01563500,11-09,446.0,523.0,596.0,928,1960.0,4230.0,10900.0
01563500,11-10,470.0,532.0,624.0,966,2230.0,4970.0,13500.0
01563500,11-11,497.0,529.0,657.0,1150,2230.0,5460.0,9580.0
01563500,11-12,489.0,521.0,647.0,1130,2630.0,6290.0,8790.0
01563500,11-13,500.0,528.0,630.0,1220,2770.0,6090.0,7820.0
01563500,11-14,491.0,523.0,647.0,1180,2570.0,5070.0,7330.0
01563500,11-15,561.0,594.0,701.0,1240,2540.0,4680.0,5920.0
01563500,11-16,578.0,764.0,895.0,1350,2640.0,4540.0,5760.0
01563500,11-17,579.0,753.0,912.0,1320,2640.0,4520.0,8200.0
01563500,11-18,653.0,768.0,917.0,1460,2540.0,3760.0,6820.0
01563500,11-19,675.0,758.0,918.0,1210,2640.0,5200.0,7120.0
01563500,11-20,620.0,747.0,916.0,1330,2440.0,4600.0,6410.0
01563500,11-21,600.0,752.0,931.0,1350,2500.0,4150.0,5770.0
01563500,11-22,678.0,777.0,936.0,1370,2630.0,3530.0,5990.0
01563500,11-23,691.0,798.0,933.0,1410,2560.0,3780.0,6530.0
01563500,11-24,734.0,793.0,949.0,1280,2230.0,3550.0,6240.0
01563500,11-25,734.0,831.0,978.0,1520,2220.0,4200.0,7540.0
01563500,11-26,693.0,801.0,1070.0,1590,2430.0,5430.0,8100.0
01563500,11-27,689.0,816.0,1130.0,1530,2790.0,6340.0,9810.0
01563500,11-28,689.0,803.0,1120.0,1570,2930.0,7410.0,13500.0
01563500,11-29,710.0,862.0,1100.0,1680,3600.0,6450.0,11900.0
01563500,11-30,715.0,888.0,1120.0,1630,3530.0,5590.0,12600.0
01563500,12-01,708.0,864.0,1030.0,1480,3820.0,6920.0,12200.0
01563500,12-02,896.0,953.0,1180.0,1440,3630.0,7990.0,13300.0
01563500,12-03,921.0,986.0,1190.0,1740,3520.0,7510.0,12200.0
01563500,12-04,906.0,959.0,1130.0,1720,3540.0,7140.0,9110.0
01563500,12-05,930.0,963.0,1120.0,1550,3640.0,6260.0,8000.0
01563500,12-06,914.0,949.0,1130.0,1410,4150.0,6820.0,7970.0
01563500,12-07,867.0,896.0,1130.0,1350,3820.0,6170.0,8080.0
01563500,12-08,878.0,899.0,1160.0,1410,3160.0,4950.0,8350.0
01563500,12-09,879.0,975.0,1160.0,1590,3030.0,4350.0,8080.0
01563500,12-10,910.0,986.0,1160.0,2090,2990.0,5460.0,7750.0
01563500,12-11,907.0,1010.0,1180.0,2030,3480.0,6910.0,12200.0
01563500,12-12,871.0,988.0,1170.0,1840,3310.0,5710.0,11100.0
01563500,12-13,833.0,976.0,1160.0,1860,2920.0,6660.0,12300.0
01563500,12-14,875.0,985.0,1170.0,1810,3470.0,6040.0,9690.0
01563500,12-15,867.0,964.0,1150.0,1860,3670.0,5950.0,7630.0
01563500,12-16,876.0,935.0,1160.0,2160,3330.0,6560.0,8040.0
01563500,12-17,855.0,927.0,1120.0,2370,3500.0,5440.0,6780.0
01563500,12-18,863.0,934.0,1260.0,2340,3570.0,5260.0,6130.0
01563500,12-19,871.0,971.0,1170.0,2110,3350.0,4970.0,6690.0
01563500,12-20,872.0,935.0,1370.0,2100,3040.0,4980.0,7320.0
01563500,12-21,869.0,982.0,1250.0,2020,3320.0,6110.0,7790.0
01563500,12-22,877.0,979.0,1300.0,1860,3510.0,7930.0,9340.0
01563500,12-23,908.0,1010.0,1300.0,1840,3440.0,6600.0,11100.0
01563500,12-24,920.0,1040.0,1340.0,1940,3990.0,6610.0,9750.0
01563500,12-25,883.0,1000.0,1370.0,2090,4270.0,8220.0,11000.0
01563500,12-26,911.0,1040.0,1480.0,2210,4010.0,8210.0,9170.0
01563500,12-27,877.0,1000.0,1450.0,2210,3580.0,6890.0,8600.0
01563500,12-28,846.0,952.0,1390.0,2130,3590.0,5770.0,8500.0
01563500,12-29,859.0,990.0,1320.0,2320,3860.0,5440.0,7960.0
01563500,12-30,885.0,1050.0,1330.0,2470,3870.0,5150.0,6190.0
01563500,12-31,860.0,1040.0,1220.0,2560,3590.0,4900.0,6650.0
01564512,01-01,,,177.0,239,454.0,,
01564512,01-02,,,166.0,340,839.0,,
01564512,01-03,,,153.0,424,891.0,,
01564512,01-04,,,146.0,354,757.0,,
01564512,01-05,,,115.0,325,793.0,,
01564512,01-06,,,105.0,289,599.0,,
01564512,01-07,,,122.0,263,482.0,,
01564512,01-08,,,134.0,249,401.0,,
01564512,01-09,,,101.0,317,598.0,,
01564512,01-10,,,105.0,254,494.0,,
01564512,01-11,,,125.0,203,416.0,,
01564512,01-12,,,141.0,257,372.0,,
01564512,01-13,,,194.0,390,1390.0,,
01564512,01-14,,,181.0,338,962.0,,
01564512,01-15,,,142.0,305,593.0,,
01564512,01-16,,,136.0,274,587.0,,
01564512,01-17,,,150.0,255,498.0,,
01564512,01-18,,,185.0,254,396.0,,
01564512,01-19,,,173.0,259,447.0,,
01564512,01-20,,,156.0,283,456.0,,
01564512,01-21,,,131.0,207,424.0,,
01564512,01-22,,,136.0,160,401.0,,
01564512,01-23,,,134.0,217,495.0,,
01564512,01-24,,,107.0,229,658.0,,
01564512,01-25,,,142.0,490,1170.0,,
01564512,01-26,,,132.0,483,1070.0,,
01564512,01-27,,,127.0,469,854.0,,
01564512,01-28,,,130.0,433,626.0,,
01564512,01-29,,,101.0,373,516.0,,
01564512,01-30,,,102.0,314,424.0,,
01564512,01-31,,,119.0,251,359.0,,
01564512,02-01,,,165.0,295,331.0,,
01564512,02-02,,,162.0,281,389.0,,
01564512,02-03,,,216.0,271,437.0,,
01564512,02-04,,,175.0,259,489.0,,
01564512,02-05,,,202.0,239,546.0,,
01564512,02-06,,,187.0,243,572.0,,
01564512,02-07,,,204.0,274,671.0,,
01564512,02-08,,,210.0,264,641.0,,
01564512,02-09,,,189.0,263,511.0,,
01564512,02-10,,,182.0,275,492.0,,
01564512,02-11,,,168.0,342,488.0,,
01564512,02-12,,,152.0,315,768.0,,
01564512,02-13,,,184.0,460,751.0,,
01564512,02-14,,,210.0,445,693.0,,
01564512,02-15,,,180.0,373,629.0,,
01564512,02-16,,,287.0,480,767.0,,
01564512,02-17,,,335.0,541,1100.0,,
01564512,02-18,,,302.0,560,1060.0,,
01564512,02-19,,,272.0,460,819.0,,
01564512,02-20,,,237.0,386,626.0,,
01564512,02-21,,,193.0,334,593.0,,
01564512,02-22,,,196.0,298,688.0,,
01564512,02-23,,,213.0,384,662.0,,
01564512,02-24,,,207.0,381,928.0,,
01564512,02-25,,,198.0,595,1570.0,,
01564512,02-26,,,200.0,633,1180.0,,
01564512,02-27,,,257.0,550,931.0,,
01564512,02-28,,,365.0,565,1110.0,,
01564512,02-29,,,,477,,,
01564512,03-01,,,415.0,534,942.0,,
01564512,03-02,,,368.0,553,1450.0,,
01564512,03-03,,,330.0,531,1330.0,,
01564512,03-04,,,311.0,770,1060.0,,
01564512,03-05,,,339.0,622,864.0,,
01564512,03-06,,,334.0,676,807.0,,
01564512,03-07,,,325.0,598,713.0,,
01564512,03-08,,,347.0,522,576.0,,
01564512,03-09,,,327.0,460,485.0,,
01564512,03-10,,,401.0,416,1430.0,,
01564512,03-11,,,363.0,390,1490.0,,
01564512,03-12,,,331.0,361,1020.0,,
01564512,03-13,,,298.0,330,802.0,,
01564512,03-14,,,271.0,304,661.0,,
01564512,03-15,,,246.0,283,692.0,,
01564512,03-16,,,233.0,268,591.0,,
01564512,03-17,,,226.0,350,648.0,,
01564512,03-18,,,230.0,445,502.0,,
01564512,03-19,,,272.0,404,626.0,,
01564512,03-20,,,258.0,401,617.0,,
01564512,03-21,,,256.0,369,582.0,,
01564512,03-22,,,243.0,324,505.0,,
01564512,03-23,,,270.0,332,474.0,,
01564512,03-24,,,309.0,447,491.0,,
01564512,03-25,,,329.0,488,660.0,,
01564512,03-26,,,308.0,502,742.0,,
01564512,03-27,,,296.0,501,597.0,,
01564512,03-28,,,298.0,493,658.0,,
01564512,03-29,,,279.0,498,824.0,,
01564512,03-30,,,257.0,416,905.0,,
01564512,03-31,,,277.0,409,731.0,,
01564512,04-01,,,358.0,480,634.0,,
01564512,04-02,,,359.0,491,695.0,,
01564512,04-03,,,292.0,440,1100.0,,
01564512,04-04,,,293.0,387,1640.0,,
01564512,04-05,,,309.0,344,1160.0,,
01564512,04-06,,,315.0,406,943.0,,
01564512,04-07,,,279.0,479,1040.0,,
01564512,04-08,,,307.0,520,835.0,,
01564512,04-09,,,292.0,460,699.0,,
01564512,04-10,,,269.0,436,621.0,,
01564512,04-11,,,258.0,507,930.0,,
01564512,04-12,,,245.0,533,1940.0,,
01564512,04-13,,,375.0,656,1330.0,,
01564512,04-14,,,381.0,579,947.0,,
01564512,04-15,,,348.0,536,1290.0,,
01564512,04-16,,,425.0,609,1140.0,,
01564512,04-17,,,381.0,519,834.0,,
01564512,04-18,,,365.0,595,856.0,,
01564512,04-19,,,372.0,628,759.0,,
01564512,04-20,,,332.0,607,866.0,,
01564512,04-21,,,294.0,518,673.0,,
01564512,04-22,,,273.0,453,596.0,,
01564512,04-23,,,251.0,395,531.0,,
01564512,04-24,,,227.0,443,519.0,,
01564512,04-25,,,223.0,421,514.0,,
01564512,04-26,,,279.0,389,505.0,,
01564512,04-27,,,254.0,375,625.0,,
01564512,04-28,,,219.0,357,585.0,,
01564512,04-29,,,201.0,312,517.0,,
01564512,04-30,,,228.0,351,1500.0,,
01564512,05-01,,,203.0,344,1760.0,,
01564512,05-02,,,224.0,370,1100.0,,
01564512,05-03,,,215.0,337,807.0,,
01564512,05-04,,,232.0,586,893.0,,
01564512,05-05,,,320.0,634,775.0,,
01564512,05-06,,,496.0,581,1470.0,,
01564512,05-07,,,381.0,552,1580.0,,
01564512,05-08,,,376.0,458,1070.0,,
01564512,05-09,,,358.0,498,1300.0,,
01564512,05-10,,,370.0,597,1430.0,,
01564512,05-11,,,409.0,502,972.0,,
01564512,05-12,,,375.0,538,1710.0,,
01564512,05-13,,,334.0,837,1340.0,,
01564512,05-14,,,300.0,806,2410.0,,
01564512,05-15,,,274.0,715,1770.0,,
01564512,05-16,,,252.0,636,1430.0,,
01564512,05-17,,,231.0,528,1170.0,,
01564512,05-18,,,210.0,458,856.0,,
01564512,05-19,,,189.0,498,665.0,,
01564512,05-20,,,170.0,443,579.0,,
01564512,05-21,,,152.0,370,587.0,,
01564512,05-22,,,141.0,310,750.0,,
01564512,05-23,,,141.0,291,803.0,,
01564512,05-24,,,166.0,298,589.0,,
01564512,05-25,,,185.0,240,488.0,,
01564512,05-26,,,169.0,288,455.0,,
01564512,05-27,,,154.0,277,407.0,,
01564512,05-28,,,149.0,285,406.0,,
01564512,05-29,,,184.0,341,459.0,,
01564512,05-30,,,168.0,369,716.0,,
01564512,05-31,,,154.0,293,406.0,,
01564512,06-01,,,130.0,232,295.0,,
01564512,06-02,,,120.0,194,390.0,,
01564512,06-03,,,118.0,191,340.0,,
01564512,06-04,,,116.0,195,360.0,,
01564512,06-05,,,129.0,161,271.0,,
01564512,06-06,,,113.0,176,315.0,,
01564512,06-07,,,102.0,149,260.0,,
01564512,06-08,,,99.0,133,217.0,,
01564512,06-09,,,93.0,140,849.0,,
01564512,06-10,,,92.0,163,395.0,,
01564512,06-11,,,88.0,182,447.0,,
01564512,06-12,,,89.0,169,421.0,,
01564512,06-13,,,80.0,184,336.0,,
01564512,06-14,,,71.0,190,304.0,,
01564512,06-15,,,68.0,161,265.0,,
01564512,06-16,,,64.0,128,216.0,,
01564512,06-17,,,64.0,117,193.0,,
01564512,06-18,,,62.0,113,257.0,,
01564512,06-19,,,56.0,93,315.0,,
01564512,06-20,,,59.0,87,272.0,,
01564512,06-21,,,55.0,87,326.0,,
01564512,06-22,,,74.0,102,270.0,,
01564512,06-23,,,101.0,117,340.0,,
01564512,06-24,,,82.0,112,269.0,,
01564512,06-25,,,73.0,101,218.0,,
01564512,06-26,,,57.0,96,176.0,,
01564512,06-27,,,67.0,114,243.0,,
01564512,06-28,,,58.0,84,230.0,,
01564512,06-29,,,67.0,78,198.0,,
01564512,06-30,,,48.0,92,156.0,,
01564512,07-01,,,51.0,62,126.0,,
01564512,07-02,,,51.0,95,137.0,,
01564512,07-03,,,49.0,90,126.0,,
01564512,07-04,,,46.0,85,174.0,,
01564512,07-05,,,43.0,70,161.0,,
01564512,07-06,,,40.0,76,150.0,,
01564512,07-07,,,47.0,87,146.0,,
01564512,07-08,,,43.0,68,119.0,,
01564512,07-09,,,45.0,80,147.0,,
01564512,07-10,,,47.0,67,142.0,,
01564512,07-11,,,43.0,52,117.0,,
01564512,07-12,,,39.0,56,146.0,,
01564512,07-13,,,32.0,51,150.0,,
01564512,07-14,,,29.0,48,126.0,,
01564512,07-15,,,24.0,49,96.0,,
01564512,07-16,,,30.0,47,92.0,,
01564512,07-17,,,34.0,80,125.0,,
01564512,07-18,,,50.0,105,352.0,,
01564512,07-19,,,49.0,129,214.0,,
01564512,07-20,,,40.0,71,123.0,,
01564512,07-21,,,35.0,71,125.0,,
01564512,07-22,,,34.0,94,156.0,,
01564512,07-23,,,48.0,100,152.0,,
01564512,07-24,,,52.0,85,132.0,,
01564512,07-25,,,48.0,51,104.0,,
01564512,07-26,,,39.0,47,144.0,,
01564512,07-27,,,34.0,43,241.0,,
01564512,07-28,,,32.0,39,163.0,,
01564512,07-29,,,28.0,51,118.0,,
01564512,07-30,,,36.0,54,90.0,,
01564512,07-31,,,30.0,54,216.0,,
01564512,08-01,,,27.0,60,75.0,,
01564512,08-02,,,29.0,55,97.0,,
01564512,08-03,,,29.0,63,81.0,,
01564512,08-04,,,32.0,52,69.0,,
01564512,08-05,,,32.0,49,53.0,,
01564512,08-06,,,29.0,46,48.0,,
01564512,08-07,,,32.0,53,273.0,,
01564512,08-08,,,43.0,58,306.0,,
01564512,08-09,,,40.0,55,416.0,,
01564512,08-10,,,36.0,45,370.0,,
01564512,08-11,,,33.0,39,386.0,,
01564512,08-12,,,30.0,39,277.0,,
01564512,08-13,,,28.0,37,246.0,,
01564512,08-14,,,30.0,41,180.0,,
01564512,08-15,,,28.0,52,162.0,,
01564512,08-16,,,31.0,76,145.0,,
01564512,08-17,,,34.0,69,117.0,,
01564512,08-18,,,36.0,51,364.0,,
01564512,08-19,,,29.0,41,346.0,,
01564512,08-20,,,27.0,35,269.0,,
01564512,08-21,,,25.0,34,346.0,,
01564512,08-22,,,23.0,34,216.0,,
01564512,08-23,,,22.0,41,142.0,,
01564512,08-24,,,28.0,38,105.0,,
01564512,08-25,,,23.0,35,79.0,,
01564512,08-26,,,23.0,34,65.0,,
01564512,08-27,,,21.0,33,57.0,,
01564512,08-28,,,21.0,36,132.0,,
01564512,08-29,,,24.0,41,147.0,,
01564512,08-30,,,22.0,45,145.0,,
01564512,08-31,,,19.0,41,129.0,,
01564512,09-01,,,18.0,41,159.0,,
01564512,09-02,,,17.0,57,190.0,,
01564512,09-03,,,16.0,50,142.0,,
01564512,09-04,,,16.0,61,140.0,,
01564512,09-05,,,17.0,44,117.0,,
01564512,09-06,,,19.0,51,92.0,,
01564512,09-07,,,19.0,43,108.0,,
01564512,09-08,,,18.0,37,104.0,,
01564512,09-09,,,20.0,34,271.0,,
01564512,09-10,,,24.0,40,229.0,,
01564512,09-11,,,23.0,36,176.0,,
01564512,09-12,,,22.0,35,150.0,,
01564512,09-13,,,21.0,30,137.0,,
01564512,09-14,,,20.0,29,127.0,,
01564512,09-15,,,18.0,28,111.0,,
01564512,09-16,,,16.0,27,113.0,,
01564512,09-17,,,15.0,25,105.0,,
01564512,09-18,,,18.0,23,92.0,,
01564512,09-19,,,19.0,22,83.0,,
01564512,09-20,,,18.0,21,74.0,,
01564512,09-21,,,18.0,21,69.0,,
01564512,09-22,,,17.0,22,72.0,,
01564512,09-23,,,17.0,22,352.0,,
01564512,09-24,,,18.0,26,317.0,,
01564512,09-25,,,19.0,28,631.0,,
01564512,09-26,,,21.0,34,462.0,,
01564512,09-27,,,20.0,38,363.0,,
01564512,09-28,,,20.0,41,306.0,,
01564512,09-29,,,22.0,40,275.0,,
01564512,09-30,,,25.0,48,212.0,,
01564512,10-01,,15.0,21.0,46,198.0,1050.0,
01564512,10-02,,14.0,23.0,44,273.0,846.0,
01564512,10-03,,15.0,24.0,35,193.0,881.0,
01564512,10-04,,15.0,21.0,37,150.0,648.0,
01564512,10-05,,15.0,19.0,43,132.0,726.0,
01564512,10-06,,17.0,21.0,36,111.0,547.0,
01564512,10-07,,19.0,23.0,33,101.0,473.0,
01564512,10-08,,22.0,28.0,36,94.0,410.0,
01564512,10-09,,20.0,33.0,58,99.0,357.0,
01564512,10-10,,20.0,28.0,48,131.0,322.0,
01564512,10-11,,20.0,24.0,39,124.0,1170.0,
01564512,10-12,,21.0,24.0,35,391.0,1760.0,
01564512,10-13,,21.0,28.0,32,200.0,994.0,
01564512,10-14,,25.0,29.0,37,124.0,705.0,
01564512,10-15,,28.0,30.0,47,98.0,545.0,
01564512,10-16,,26.0,32.0,37,91.0,467.0,
01564512,10-17,,24.0,30.0,36,112.0,394.0,
01564512,10-18,,22.0,26.0,37,95.0,344.0,
01564512,10-19,,22.0,24.0,36,74.0,302.0,
01564512,10-20,,23.0,25.0,31,65.0,292.0,
01564512,10-21,,21.0,24.0,30,60.0,291.0,
01564512,10-22,,20.0,25.0,30,58.0,266.0,
01564512,10-23,,21.0,26.0,29,73.0,236.0,
01564512,10-24,,21.0,26.0,29,77.0,218.0,
01564512,10-25,,23.0,25.0,29,130.0,201.0,
01564512,10-26,,23.0,25.0,29,95.0,190.0,
01564512,10-27,,22.0,25.0,30,110.0,360.0,
01564512,10-28,,22.0,25.0,30,148.0,645.0,
01564512,10-29,,23.0,25.0,114,331.0,1970.0,
01564512,10-30,,25.0,28.0,110,613.0,5610.0,
01564512,10-31,,26.0,29.0,226,375.0,1720.0,
01564512,11-01,,28.0,30.0,179,507.0,869.0,
01564512,11-02,,29.0,31.0,128,298.0,580.0,
01564512,11-03,,27.0,31.0,100,310.0,557.0,
01564512,11-04,,26.0,31.0,80,256.0,433.0,
01564512,11-05,,24.0,30.0,67,232.0,1040.0,
01564512,11-06,,24.0,28.0,58,221.0,1910.0,
01564512,11-07,,23.0,28.0,52,220.0,1350.0,
01564512,11-08,,22.0,29.0,48,272.0,978.0,
01564512,11-09,,22.0,29.0,45,251.0,1350.0,
01564512,11-10,,22.0,29.0,42,226.0,3140.0,
01564512,11-11,,22.0,32.0,59,196.0,1660.0,
01564512,11-12,,21.0,34.0,251,664.0,1170.0,
01564512,11-13,,21.0,35.0,226,481.0,1630.0,
01564512,11-14,,21.0,34.0,148,276.0,1400.0,
01564512,11-15,,20.0,32.0,115,238.0,1120.0,
01564512,11-16,,20.0,32.0,101,215.0,1140.0,
01564512,11-17,,,39.0,141,205.0,,
01564512,11-18,,,39.0,133,253.0,,
01564512,11-19,,,38.0,107,606.0,,
01564512,11-20,,,38.0,89,424.0,,
01564512,11-21,,,43.0,71,333.0,,
01564512,11-22,,,56.0,112,435.0,,
01564512,11-23,,,64.0,138,286.0,,
01564512,11-24,,,70.0,127,238.0,,
01564512,11-25,,,70.0,108,214.0,,
01564512,11-26,,,62.0,92,202.0,,
01564512,11-27,,,64.0,84,185.0,,
01564512,11-28,,,66.0,98,205.0,,
01564512,11-29,,,62.0,94,267.0,,
01564512,11-30,,,58.0,138,217.0,,
01564512,12-01,,,61.0,116,522.0,,
01564512,12-02,,,67.0,113,290.0,,
01564512,12-03,,,68.0,122,215.0,,
01564512,12-04,,,76.0,119,172.0,,
01564512,12-05,,,82.0,119,167.0,,
01564512,12-06,,,68.0,101,181.0,,
01564512,12-07,,,62.0,96,164.0,,
01564512,12-08,,,63.0,108,142.0,,
01564512,12-09,,,68.0,100,136.0,,
01564512,12-10,,,88.0,110,141.0,,
01564512,12-11,,,97.0,136,310.0,,
01564512,12-12,,,96.0,126,331.0,,
01564512,12-13,,,88.0,107,280.0,,
01564512,12-14,,,85.0,103,264.0,,
01564512,12-15,,,80.0,111,351.0,,
01564512,12-16,,,80.0,175,609.0,,
01564512,12-17,,,79.0,201,754.0,,
01564512,12-18,,,111.0,480,880.0,,
01564512,12-19,,,102.0,357,667.0,,
01564512,12-20,,,105.0,236,356.0,,
01564512,12-21,,,97.0,191,275.0,,
01564512,12-22,,,100.0,169,286.0,,
01564512,12-23,,,102.0,147,1840.0,,
01564512,12-24,,,126.0,166,1520.0,,
01564512,12-25,,,111.0,167,1040.0,,
01564512,12-26,,,93.0,141,788.0,,
01564512,12-27,,,106.0,140,631.0,,
01564512,12-28,,,117.0,194,660.0,,
01564512,12-29,,,120.0,229,532.0,,
01564512,12-30,,,146.0,287,392.0,,
01564512,12-31,,,157.0,260,375.0,,
01564895,01-01,,1130.0,1420.0,3010,4990.0,10600.0,
01564895,01-02,,1130.0,1350.0,2790,7110.0,12500.0,
01564895,01-03,,1140.0,1330.0,2570,8680.0,10100.0,
01564895,01-04,,1140.0,1570.0,2550,7550.0,19000.0,
01564895,01-05,,1120.0,1490.0,3470,6540.0,15000.0,
01564895,01-06,,1090.0,1420.0,3160,6050.0,9810.0,
01564895,01-07,,1080.0,1420.0,2840,5010.0,8130.0,
01564895,01-08,,1080.0,1380.0,2690,4340.0,6770.0,
01564895,01-09,,1130.0,1330.0,2940,3940.0,6860.0,
01564895,01-10,,1130.0,1320.0,2930,5100.0,15200.0,
01564895,01-11,,1140.0,1340.0,2860,4570.0,19200.0,
01564895,01-12,,1250.0,1370.0,2820,4200.0,10700.0,
01564895,01-13,,1310.0,2100.0,3760,5380.0,13300.0,
01564895,01-14,,1230.0,1880.0,3830,6020.0,14400.0,
01564895,01-15,,1220.0,1840.0,3200,4520.0,10300.0,
01564895,01-16,,1200.0,1840.0,2940,4140.0,7270.0,
01564895,01-17,,1220.0,1730.0,2790,3790.0,5430.0,
01564895,01-18,,1200.0,1710.0,2500,3580.0,4740.0,
01564895,01-19,,1170.0,1740.0,2480,3550.0,4530.0,
01564895,01-20,,1050.0,1550.0,2440,3690.0,6940.0,
01564895,01-21,,971.0,1390.0,2270,3630.0,6980.0,
01564895,01-22,,848.0,1370.0,1980,3300.0,5760.0,
01564895,01-23,,939.0,1380.0,1910,3040.0,5680.0,
01564895,01-24,,1010.0,1290.0,2370,4220.0,6150.0,
01564895,01-25,,927.0,1220.0,3200,5530.0,12200.0,
01564895,01-26,,944.0,1270.0,4010,7480.0,12100.0,
01564895,01-27,,987.0,1270.0,3900,8480.0,12400.0,
01564895,01-28,,955.0,1270.0,3690,6700.0,14900.0,
01564895,01-29,,986.0,1220.0,3550,5940.0,19200.0,
01564895,01-30,,969.0,1140.0,3310,4630.0,14200.0,
01564895,01-31,,1020.0,1140.0,3050,4020.0,9680.0,
01564895,02-01,,1020.0,1210.0,2820,3820.0,7390.0,
01564895,02-02,,1020.0,1470.0,2720,3580.0,6460.0,
01564895,02-03,,1000.0,1680.0,2570,3230.0,5260.0,
01564895,02-04,,986.0,1530.0,2820,4330.0,11600.0,
01564895,02-05,,992.0,1510.0,2360,4550.0,14100.0,
01564895,02-06,,983.0,1530.0,2100,4820.0,7350.0,
01564895,02-07,,958.0,1580.0,2210,4180.0,13000.0,
01564895,02-08,,961.0,1610.0,2700,4950.0,19300.0,
01564895,02-09,,933.0,1680.0,2940,4240.0,24600.0,
01564895,02-10,,927.0,1630.0,2920,4400.0,13500.0,
01564895,02-11,,924.0,1740.0,3070,4590.0,8550.0,
01564895,02-12,,922.0,1890.0,3420,4520.0,8990.0,
01564895,02-13,,917.0,1720.0,3480,6090.0,8610.0,
01564895,02-14,,909.0,1640.0,4150,7320.0,8060.0,
01564895,02-15,,945.0,1610.0,3950,6240.0,7070.0,
01564895,02-16,,1060.0,1570.0,3760,5820.0,18700.0,
01564895,02-17,,1310.0,2000.0,4390,5630.0,30800.0,
01564895,02-18,,1660.0,2130.0,4210,6130.0,21100.0,
01564895,02-19,,1720.0,2290.0,4020,6270.0,13100.0,
01564895,02-20,,1590.0,2890.0,3640,5700.0,13100.0,
01564895,02-21,,1590.0,2690.0,3460,6310.0,9420.0,
01564895,02-22,,1700.0,2290.0,3310,5860.0,9130.0,
01564895,02-23,,1730.0,2230.0,3150,6490.0,13800.0,
01564895,02-24,,1910.0,2500.0,2840,6330.0,12000.0,
01564895,02-25,,2020.0,2380.0,3000,7100.0,15500.0,
01564895,02-26,,1920.0,2220.0,3530,8820.0,22500.0,
01564895,02-27,,1970.0,2100.0,3920,7470.0,16300.0,
01564895,02-28,,1830.0,2260.0,4900,7420.0,12100.0,
01564895,02-29,,,,5470,,,
01564895,03-01,,1890.0,2780.0,5710,7530.0,19400.0,
01564895,03-02,,1880.0,3610.0,5220,8040.0,23200.0,
01564895,03-03,,1790.0,3340.0,5890,9920.0,13200.0,
01564895,03-04,,1790.0,3800.0,5760,8220.0,10700.0,
01564895,03-05,,2000.0,3710.0,5350,7970.0,9310.0,
01564895,03-06,,3110.0,3500.0,5380,6780.0,7190.0,
01564895,03-07,,3050.0,3980.0,4820,6460.0,7120.0,
01564895,03-08,,3130.0,4140.0,4540,5740.0,6470.0,
01564895,03-09,,3010.0,3920.0,4430,5170.0,6220.0,
01564895,03-10,,2860.0,3440.0,4360,5060.0,19900.0,
01564895,03-11,,2780.0,3550.0,4200,6620.0,21500.0,
01564895,03-12,,2460.0,3860.0,4340,7530.0,16800.0,
01564895,03-13,,2330.0,3640.0,4120,7280.0,11200.0,
01564895,03-14,,2310.0,3470.0,3960,5840.0,10200.0,
01564895,03-15,,2210.0,3080.0,3700,5190.0,11100.0,
01564895,03-16,,2070.0,2840.0,3380,5100.0,14300.0,
01564895,03-17,,2140.0,2690.0,3870,4760.0,12900.0,
01564895,03-18,,2320.0,2670.0,3960,4640.0,9320.0,
01564895,03-19,,2550.0,2720.0,3520,4940.0,7550.0,
01564895,03-20,,2280.0,2910.0,4060,6210.0,6690.0,
01564895,03-21,,2200.0,2860.0,3680,5600.0,10200.0,
01564895,03-22,,2140.0,2740.0,3440,6580.0,12200.0,
01564895,03-23,,2230.0,2700.0,3460,5850.0,12200.0,
01564895,03-24,,2600.0,3100.0,4280,5460.0,8330.0,
01564895,03-25,,2520.0,3430.0,4260,5980.0,7320.0,
01564895,03-26,,2360.0,3020.0,3980,6130.0,7330.0,
01564895,03-27,,2240.0,2790.0,4090,6770.0,7410.0,
01564895,03-28,,2150.0,3080.0,4510,6530.0,7770.0,
01564895,03-29,,2070.0,3260.0,4610,6120.0,22000.0,
01564895,03-30,,1880.0,3110.0,4570,6510.0,19600.0,
01564895,03-31,,1790.0,2870.0,4330,6340.0,12400.0,
01564895,04-01,,1700.0,2750.0,4450,6230.0,10000.0,
01564895,04-02,,1670.0,3660.0,4520,7400.0,9430.0,
01564895,04-03,,1660.0,3380.0,3960,7110.0,33200.0,
01564895,04-04,,1810.0,3140.0,3670,7470.0,35200.0,
01564895,04-05,,2050.0,3010.0,3760,6570.0,22000.0,
01564895,04-06,,2100.0,3170.0,4460,5370.0,19200.0,
01564895,04-07,,2010.0,3090.0,4240,8230.0,17000.0,
01564895,04-08,,1900.0,3020.0,4600,10200.0,16900.0,
01564895,04-09,,2020.0,2920.0,5450,7700.0,15600.0,
01564895,04-10,,1990.0,2810.0,4680,6490.0,12400.0,
01564895,04-11,,1910.0,2630.0,4390,6420.0,7500.0,
01564895,04-12,,1880.0,2540.0,4450,6860.0,9810.0,
01564895,04-13,,1850.0,2300.0,4520,5370.0,15700.0,
01564895,04-14,,1790.0,2240.0,4340,5550.0,13700.0,
01564895,04-15,,1720.0,2220.0,4430,6380.0,12100.0,
01564895,04-16,,1670.0,2510.0,4440,7960.0,10500.0,
01564895,04-17,,1640.0,2510.0,3990,7940.0,17500.0,
01564895,04-18,,1640.0,2400.0,3820,6780.0,12500.0,
01564895,04-19,,1630.0,2310.0,4000,7480.0,10400.0,
01564895,04-20,,1590.0,2500.0,3770,7930.0,10800.0,
01564895,04-21,,1560.0,2240.0,3180,6880.0,11100.0,
01564895,04-22,,1450.0,2080.0,2980,5360.0,8840.0,
01564895,04-23,,1500.0,2000.0,2560,4930.0,6630.0,
01564895,04-24,,1510.0,1950.0,2400,4450.0,5580.0,
01564895,04-25,,1450.0,1990.0,2320,4840.0,5600.0,
01564895,04-26,,1400.0,2200.0,2480,4610.0,5430.0,
01564895,04-27,,1370.0,2200.0,3010,4780.0,5780.0,
01564895,04-28,,1360.0,2060.0,2640,4430.0,7640.0,
01564895,04-29,,1460.0,1860.0,3030,4360.0,6880.0,
01564895,04-30,,1550.0,2260.0,3460,4070.0,8660.0,
01564895,05-01,,1690.0,2240.0,3230,5580.0,20300.0,
01564895,05-02,,1890.0,2580.0,3430,6820.0,16100.0,
01564895,05-03,,1830.0,2780.0,3400,8100.0,11500.0,
01564895,05-04,,1910.0,2550.0,3920,6990.0,8200.0,
01564895,05-05,,2460.0,2850.0,4720,7270.0,10200.0,
01564895,05-06,,2790.0,3150.0,5520,6900.0,28200.0,
01564895,05-07,,2620.0,3680.0,5040,11700.0,30400.0,
01564895,05-08,,2410.0,3570.0,4880,7990.0,32700.0,
01564895,05-09,,2440.0,3340.0,4840,6940.0,22400.0,
01564895,05-10,,2370.0,3710.0,5150,6700.0,14600.0,
01564895,05-11,,2320.0,3220.0,5450,6740.0,16500.0,
01564895,05-12,,2130.0,2970.0,4750,7170.0,13600.0,
01564895,05-13,,1970.0,2930.0,4640,7670.0,18300.0,
01564895,05-14,,2120.0,2970.0,6670,12100.0,17700.0,
01564895,05-15,,2110.0,2800.0,6430,13800.0,27300.0,
01564895,05-16,,1840.0,2600.0,5490,9870.0,19400.0,
01564895,05-17,,1620.0,2220.0,4360,8620.0,14500.0,
01564895,05-18,,1530.0,1910.0,3900,7520.0,9890.0,
01564895,05-19,,1420.0,1790.0,3650,5560.0,7730.0,
01564895,05-20,,1360.0,1810.0,3470,5030.0,9090.0,
01564895,05-21,,1510.0,1710.0,2960,4640.0,8600.0,
01564895,05-22,,1530.0,2180.0,2600,4770.0,7580.0,
01564895,05-23,,1460.0,2250.0,3450,7260.0,11700.0,
01564895,05-24,,1370.0,2210.0,3710,7630.0,10900.0,
01564895,05-25,,1330.0,2210.0,3240,5670.0,9730.0,
01564895,05-26,,1290.0,2070.0,3330,4720.0,8540.0,
01564895,05-27,,1180.0,1820.0,3610,4610.0,6720.0,
01564895,05-28,,1100.0,1840.0,3270,3990.0,4720.0,
01564895,05-29,,1090.0,2260.0,3200,4000.0,6210.0,
01564895,05-30,,1080.0,2120.0,3130,6820.0,9000.0,
01564895,05-31,,1050.0,2090.0,3030,8140.0,10200.0,
01564895,06-01,,988.0,2040.0,2650,6820.0,9760.0,
01564895,06-02,,896.0,1780.0,2120,4980.0,7350.0,
01564895,06-03,,866.0,1750.0,2020,4510.0,5530.0,
01564895,06-04,,866.0,1670.0,2620,4220.0,4970.0,
01564895,06-05,,839.0,1510.0,2890,3610.0,8170.0,
01564895,06-06,,815.0,1930.0,2440,3800.0,4750.0,
01564895,06-07,,788.0,1590.0,2390,3970.0,4950.0,
01564895,06-08,,777.0,1390.0,2020,3770.0,4510.0,
01564895,06-09,,799.0,1530.0,2240,3300.0,5550.0,
01564895,06-10,,788.0,1440.0,2180,3640.0,11300.0,
01564895,06-11,,770.0,1540.0,2000,5320.0,11200.0,
01564895,06-12,,773.0,1480.0,1860,5480.0,8640.0,
01564895,06-13,,810.0,1390.0,1580,4120.0,6710.0,
01564895,06-14,,1010.0,1240.0,1510,4930.0,5350.0,
01564895,06-15,,1010.0,1120.0,1700,4740.0,5390.0,
01564895,06-16,,1060.0,1120.0,1520,3220.0,5010.0,
01564895,06-17,,955.0,1020.0,1980,3790.0,6010.0,
01564895,06-18,,977.0,1070.0,2100,3690.0,13200.0,
01564895,06-19,,924.0,980.0,1840,3500.0,16500.0,
01564895,06-20,,804.0,1030.0,1650,3810.0,10800.0,
01564895,06-21,,734.0,907.0,1690,4100.0,7120.0,
01564895,06-22,,765.0,890.0,1460,4520.0,8540.0,
01564895,06-23,,829.0,934.0,1630,3370.0,5990.0,
01564895,06-24,,821.0,1080.0,1840,4520.0,8680.0,
01564895,06-25,,808.0,1110.0,1510,4780.0,7200.0,
01564895,06-26,,819.0,992.0,1320,4040.0,5500.0,
01564895,06-27,,866.0,912.0,1340,3540.0,4360.0,
01564895,06-28,,849.0,928.0,1470,3040.0,3750.0,
01564895,06-29,,820.0,951.0,1280,2160.0,3780.0,
01564895,06-30,,790.0,974.0,1080,1940.0,3380.0,
01564895,07-01,,750.0,905.0,1060,1840.0,2580.0,
01564895,07-02,,672.0,903.0,1050,1880.0,3480.0,
01564895,07-03,,653.0,823.0,1260,2510.0,2880.0,
01564895,07-04,,651.0,790.0,1220,2420.0,3480.0,
01564895,07-05,,669.0,800.0,1060,2210.0,2800.0,
01564895,07-06,,665.0,772.0,1140,1780.0,2830.0,
01564895,07-07,,674.0,767.0,1170,2210.0,3330.0,
01564895,07-08,,663.0,786.0,1100,2490.0,7100.0,
01564895,07-09,,739.0,771.0,1170,2370.0,5030.0,
01564895,07-10,,740.0,785.0,1140,1910.0,3180.0,
01564895,07-11,,659.0,754.0,1120,1660.0,2680.0,
01564895,07-12,,635.0,752.0,1230,1730.0,1780.0,
01564895,07-13,,601.0,718.0,1420,1670.0,2510.0,
01564895,07-14,,573.0,687.0,1310,1740.0,2540.0,
01564895,07-15,,565.0,682.0,1140,2410.0,3720.0,
01564895,07-16,,566.0,673.0,1170,1790.0,2940.0,
01564895,07-17,,560.0,665.0,1230,1570.0,3030.0,
01564895,07-18,,559.0,676.0,1420,1690.0,4140.0,
01564895,07-19,,549.0,691.0,1430,1980.0,3080.0,
01564895,07-20,,523.0,681.0,1450,1540.0,3080.0,
01564895,07-21,,519.0,698.0,1180,1480.0,2720.0,
01564895,07-22,,517.0,754.0,1110,1890.0,4060.0,
01564895,07-23,,511.0,709.0,1130,1760.0,6310.0,
01564895,07-24,,497.0,779.0,1180,1750.0,13100.0,
01564895,07-25,,503.0,763.0,1080,1460.0,12300.0,
01564895,07-26,,499.0,745.0,1030,1400.0,16800.0,
01564895,07-27,,504.0,725.0,984,1480.0,11000.0,
01564895,07-28,,500.0,696.0,926,1330.0,8740.0,
01564895,07-29,,501.0,665.0,856,1760.0,6440.0,
01564895,07-30,,500.0,635.0,800,2490.0,7550.0,
01564895,07-31,,569.0,625.0,1040,2060.0,7060.0,
01564895,08-01,,590.0,697.0,1020,1690.0,6030.0,
01564895,08-02,,614.0,676.0,972,1340.0,6760.0,
01564895,08-03,,611.0,651.0,938,1350.0,8420.0,
01564895,08-04,,570.0,637.0,908,1770.0,16600.0,
01564895,08-05,,542.0,656.0,886,1520.0,10200.0,
01564895,08-06,,521.0,622.0,878,1600.0,7090.0,
01564895,08-07,,499.0,644.0,974,2180.0,6330.0,
01564895,08-08,,499.0,652.0,983,2600.0,6200.0,
01564895,08-09,,490.0,667.0,1020,3140.0,8620.0,
01564895,08-10,,503.0,664.0,978,2530.0,21400.0,
01564895,08-11,,612.0,706.0,944,2270.0,7680.0,
01564895,08-12,,572.0,684.0,865,3560.0,4040.0,
01564895,08-13,,542.0,627.0,864,2710.0,3660.0,
01564895,08-14,,534.0,643.0,774,1900.0,4360.0,
01564895,08-15,,529.0,678.0,765,1910.0,5660.0,
01564895,08-16,,509.0,718.0,1050,2130.0,4180.0,
01564895,08-17,,518.0,689.0,1110,1810.0,3130.0,
01564895,08-18,,519.0,679.0,1170,1740.0,3460.0,
01564895,08-19,,515.0,697.0,1130,3150.0,8120.0,
01564895,08-20,,502.0,686.0,1220,2070.0,4450.0,
01564895,08-21,,512.0,678.0,1120,1830.0,2670.0,
01564895,08-22,,511.0,722.0,1070,1650.0,3030.0,
01564895,08-23,,547.0,752.0,1000,2030.0,3680.0,
01564895,08-24,,560.0,760.0,946,1480.0,3410.0,
01564895,08-25,,591.0,661.0,951,1120.0,3130.0,
01564895,08-26,,619.0,669.0,885,1060.0,2230.0,
01564895,08-27,,600.0,624.0,842,990.0,1920.0,
01564895,08-28,,585.0,698.0,800,1010.0,1840.0,
01564895,08-29,,571.0,726.0,804,1020.0,1770.0,
01564895,08-30,,562.0,745.0,859,1490.0,1710.0,
01564895,08-31,,569.0,772.0,919,1660.0,2560.0,
01564895,09-01,,554.0,724.0,821,1520.0,10000.0,
01564895,09-02,,544.0,711.0,822,1370.0,37800.0,
01564895,09-03,,541.0,627.0,869,1380.0,17000.0,
01564895,09-04,,541.0,663.0,867,1310.0,16000.0,
01564895,09-05,,549.0,713.0,892,1160.0,14500.0,
01564895,09-06,,543.0,726.0,924,1310.0,13500.0,
01564895,09-07,,531.0,714.0,875,1750.0,12300.0,
01564895,09-08,,533.0,658.0,796,1690.0,11400.0,
01564895,09-09,,547.0,638.0,836,2590.0,9090.0,
01564895,09-10,,546.0,624.0,833,2330.0,30000.0,
01564895,09-11,,541.0,615.0,781,2410.0,37300.0,
01564895,09-12,,533.0,598.0,712,1990.0,23500.0,
01564895,09-13,,522.0,597.0,737,2450.0,21700.0,
01564895,09-14,,506.0,601.0,752,2220.0,19800.0,
01564895,09-15,,495.0,589.0,796,1900.0,18300.0,
01564895,09-16,,490.0,582.0,758,1790.0,17000.0,
01564895,09-17,,489.0,571.0,703,1530.0,13500.0,
01564895,09-18,,491.0,565.0,652,1350.0,11100.0,
01564895,09-19,,507.0,568.0,630,1200.0,9410.0,
01564895,09-20,,509.0,568.0,638,1030.0,8530.0,
01564895,09-21,,507.0,561.0,627,1000.0,6470.0,
01564895,09-22,,503.0,562.0,620,983.0,5990.0,
01564895,09-23,,513.0,547.0,606,1960.0,10500.0,
01564895,09-24,,515.0,549.0,624,1830.0,14800.0,
01564895,09-25,,494.0,565.0,675,2340.0,8530.0,
01564895,09-26,,489.0,553.0,723,2620.0,16900.0,
01564895,09-27,,512.0,556.0,756,2030.0,19200.0,
01564895,09-28,,510.0,541.0,742,1740.0,15200.0,
01564895,09-29,,535.0,593.0,668,1780.0,19500.0,
01564895,09-30,,535.0,603.0,741,1510.0,11700.0,
01564895,10-01,,506.0,588.0,866,1680.0,8300.0,
01564895,10-02,,512.0,587.0,873,1880.0,7010.0,
01564895,10-03,,519.0,593.0,918,2190.0,6010.0,
01564895,10-04,,498.0,523.0,801,2080.0,5620.0,
01564895,10-05,,521.0,548.0,734,2030.0,5210.0,
01564895,10-06,,528.0,602.0,693,2030.0,5030.0,
01564895,10-07,,519.0,577.0,695,1760.0,4680.0,
01564895,10-08,,522.0,572.0,707,1590.0,4450.0,
01564895,10-09,,572.0,607.0,760,1530.0,4110.0,
01564895,10-10,,602.0,729.0,844,1490.0,3920.0,
01564895,10-11,,588.0,667.0,867,1370.0,4260.0,
01564895,10-12,,556.0,629.0,779,1300.0,6570.0,
01564895,10-13,,603.0,614.0,738,1360.0,7020.0,
01564895,10-14,,573.0,690.0,773,1130.0,5350.0,
01564895,10-15,,473.0,593.0,796,1030.0,4820.0,
01564895,10-16,,545.0,584.0,731,1170.0,3440.0,
01564895,10-17,,553.0,570.0,706,1180.0,3270.0,
01564895,10-18,,543.0,555.0,673,1050.0,3270.0,
01564895,10-19,,536.0,552.0,630,921.0,3170.0,
01564895,10-20,,528.0,575.0,615,860.0,2630.0,
01564895,10-21,,518.0,577.0,603,838.0,2560.0,
01564895,10-22,,561.0,590.0,646,1180.0,2630.0,
01564895,10-23,,561.0,586.0,697,1130.0,2460.0,
01564895,10-24,,559.0,595.0,736,1070.0,2280.0,
01564895,10-25,,548.0,597.0,749,923.0,2130.0,
01564895,10-26,,549.0,595.0,744,979.0,1970.0,
01564895,10-27,,548.0,606.0,727,968.0,2210.0,
01564895,10-28,,556.0,600.0,685,1630.0,4580.0,
01564895,10-29,,571.0,608.0,743,2230.0,4860.0,
01564895,10-30,,603.0,711.0,1020,5520.0,17100.0,
01564895,10-31,,602.0,680.0,1270,4810.0,14800.0,
01564895,11-01,,604.0,664.0,1600,4340.0,6030.0,
01564895,11-02,,597.0,665.0,1170,4380.0,4790.0,
01564895,11-03,,589.0,657.0,977,3160.0,4440.0,
01564895,11-04,,585.0,639.0,849,2540.0,4390.0,
01564895,11-05,,576.0,631.0,775,3060.0,4350.0,
01564895,11-06,,577.0,621.0,743,3180.0,6500.0,
01564895,11-07,,577.0,613.0,720,3210.0,6550.0,
01564895,11-08,,572.0,607.0,887,3120.0,5880.0,
01564895,11-09,,562.0,591.0,882,3260.0,5810.0,
01564895,11-10,,562.0,602.0,875,3140.0,12300.0,
01564895,11-11,,599.0,686.0,827,3040.0,13400.0,
01564895,11-12,,620.0,650.0,1710,4600.0,9100.0,
01564895,11-13,,597.0,689.0,1820,6420.0,10800.0,
01564895,11-14,,574.0,634.0,1490,4850.0,10800.0,
01564895,11-15,,565.0,614.0,1350,3720.0,8340.0,
01564895,11-16,,638.0,698.0,1230,3150.0,8090.0,
01564895,11-17,,852.0,878.0,1170,3180.0,8190.0,
01564895,11-18,,846.0,859.0,1160,3000.0,7570.0,
01564895,11-19,,840.0,910.0,1150,3320.0,8250.0,
01564895,11-20,,828.0,922.0,1150,3620.0,10100.0,
01564895,11-21,,811.0,963.0,1100,3260.0,10400.0,
01564895,11-22,,813.0,955.0,1790,3800.0,9790.0,
01564895,11-23,,818.0,992.0,1810,4310.0,8810.0,
01564895,11-24,,829.0,1050.0,1960,3180.0,7680.0,
01564895,11-25,,833.0,1150.0,1890,2570.0,8830.0,
01564895,11-26,,836.0,1080.0,1790,2460.0,10200.0,
01564895,11-27,,836.0,1200.0,1550,2450.0,11700.0,
01564895,11-28,,848.0,1220.0,1580,2330.0,10900.0,
01564895,11-29,,857.0,1170.0,1740,2150.0,9510.0,
01564895,11-30,,886.0,1150.0,1540,2160.0,7260.0,
01564895,12-01,,967.0,1110.0,1660,2060.0,6210.0,
01564895,12-02,,1050.0,1230.0,1410,2280.0,7950.0,
01564895,12-03,,1060.0,1290.0,1490,2300.0,11800.0,
01564895,12-04,,1020.0,1180.0,1480,1990.0,9480.0,
01564895,12-05,,991.0,1130.0,1550,2040.0,7790.0,
01564895,12-06,,960.0,1100.0,1480,1770.0,6570.0,
01564895,12-07,,965.0,1120.0,1370,1900.0,5390.0,
01564895,12-08,,961.0,1180.0,1310,1800.0,5000.0,
01564895,12-09,,951.0,1160.0,1280,1690.0,4640.0,
01564895,12-10,,934.0,1210.0,1390,1600.0,4380.0,
01564895,12-11,,930.0,1150.0,1600,2830.0,4120.0,
01564895,12-12,,919.0,1100.0,1490,4050.0,5050.0,
01564895,12-13,,912.0,1120.0,1440,3000.0,4150.0,
01564895,12-14,,899.0,1220.0,1390,2530.0,3480.0,
01564895,12-15,,888.0,1170.0,1420,3170.0,4110.0,
01564895,12-16,,841.0,1060.0,1550,3210.0,10700.0,
01564895,12-17,,912.0,1160.0,1530,3560.0,18800.0,
01564895,12-18,,928.0,1200.0,2880,4240.0,12000.0,
01564895,12-19,,999.0,1320.0,3720,4920.0,8290.0,
01564895,12-20,,1130.0,1310.0,3260,3790.0,7270.0,
01564895,12-21,,1090.0,1530.0,2630,3090.0,10200.0,
01564895,12-22,,1100.0,1350.0,2220,2740.0,21200.0,
01564895,12-23,,1210.0,1410.0,1930,3350.0,20300.0,
01564895,12-24,,1170.0,1400.0,2100,6100.0,13100.0,
01564895,12-25,,1150.0,1420.0,1980,7840.0,22200.0,
01564895,12-26,,1150.0,1480.0,1840,5550.0,21700.0,
01564895,12-27,,1110.0,1520.0,1950,4500.0,11800.0,
01564895,12-28,,1120.0,1580.0,1860,4300.0,7200.0,
01564895,12-29,,1080.0,1630.0,2650,4610.0,12800.0,
01564895,12-30,,1130.0,1610.0,2560,5390.0,9080.0,
01564895,12-31,,1150.0,1580.0,3210,4430.0,7050.0,
01566000,01-01,19.0,33.0,83.0,235,372.0,581.0,1090.0
01566000,01-02,19.0,37.0,88.0,218,395.0,881.0,1220.0
01566000,01-03,23.0,39.0,95.0,213,451.0,743.0,1020.0
01566000,01-04,19.0,42.0,116.0,231,470.0,770.0,1080.0
01566000,01-05,22.0,39.0,132.0,226,411.0,684.0,798.0
01566000,01-06,20.0,45.0,118.0,210,421.0,656.0,984.0
01566000,01-07,28.0,44.0,117.0,216,396.0,856.0,1510.0
01566000,01-08,20.0,42.0,114.0,205,352.0,672.0,1380.0
01566000,01-09,25.0,37.0,112.0,197,371.0,656.0,978.0
01566000,01-10,26.0,38.0,116.0,204,366.0,720.0,1050.0
01566000,01-11,22.0,46.0,114.0,192,381.0,754.0,1430.0
01566000,01-12,28.0,55.0,109.0,193,368.0,791.0,990.0
01566000,01-13,28.0,59.0,114.0,195,357.0,780.0,1750.0
01566000,01-14,36.0,53.0,100.0,194,341.0,591.0,1200.0
01566000,01-15,35.0,61.0,106.0,203,315.0,678.0,965.0
01566000,01-16,35.0,52.0,100.0,174,338.0,661.0,786.0
01566000,01-17,35.0,56.0,98.0,173,288.0,528.0,654.0
01566000,01-18,31.0,55.0,91.0,152,300.0,634.0,1120.0
01566000,01-19,31.0,53.0,86.0,160,307.0,737.0,1270.0
01566000,01-20,35.0,50.0,87.0,163,323.0,604.0,852.0
01566000,01-21,33.0,41.0,93.0,171,270.0,605.0,810.0
01566000,01-22,35.0,44.0,98.0,171,287.0,514.0,1100.0
01566000,01-23,36.0,45.0,92.0,190,313.0,757.0,917.0
01566000,01-24,36.0,54.0,104.0,190,391.0,735.0,1040.0
01566000,01-25,35.0,53.0,107.0,188,412.0,677.0,1390.0
01566000,01-26,33.0,57.0,102.0,171,425.0,780.0,1140.0
01566000,01-27,32.0,56.0,96.0,180,341.0,698.0,1210.0
01566000,01-28,44.0,61.0,95.0,172,320.0,745.0,1230.0
01566000,01-29,41.0,58.0,83.0,170,296.0,655.0,1100.0
01566000,01-30,45.0,61.0,91.0,170,316.0,498.0,772.0
01566000,01-31,43.0,59.0,85.0,177,328.0,580.0,890.0
01566000,02-01,48.0,59.0,90.0,173,372.0,524.0,592.0
01566000,02-02,47.0,61.0,95.0,160,332.0,494.0,949.0
01566000,02-03,43.0,60.0,100.0,160,330.0,642.0,1180.0
01566000,02-04,39.0,58.0,88.0,178,329.0,734.0,1990.0
01566000,02-05,32.0,59.0,95.0,173,348.0,714.0,1370.0
01566000,02-06,33.0,58.0,92.0,158,326.0,617.0,862.0
01566000,02-07,39.0,58.0,100.0,210,398.0,659.0,867.0
01566000,02-08,47.0,56.0,107.0,204,384.0,656.0,1190.0
01566000,02-09,44.0,59.0,103.0,206,394.0,511.0,725.0
01566000,02-10,42.0,59.0,95.0,180,368.0,558.0,837.0
01566000,02-11,48.0,58.0,91.0,178,319.0,540.0,793.0
01566000,02-12,47.0,56.0,96.0,175,303.0,531.0,869.0
01566000,02-13,46.0,55.0,94.0,188,357.0,588.0,756.0
01566000,02-14,45.0,56.0,110.0,207,372.0,508.0,835.0
01566000,02-15,43.0,54.0,108.0,219,320.0,698.0,1400.0
01566000,02-16,44.0,56.0,112.0,223,368.0,808.0,1290.0
01566000,02-17,46.0,70.0,121.0,223,457.0,796.0,1250.0
01566000,02-18,53.0,84.0,140.0,222,477.0,831.0,948.0
01566000,02-19,66.0,94.0,131.0,216,401.0,656.0,942.0
01566000,02-20,63.0,88.0,134.0,223,377.0,734.0,819.0
01566000,02-21,63.0,89.0,133.0,230,423.0,678.0,924.0
01566000,02-22,66.0,92.0,145.0,231,431.0,914.0,1490.0
01566000,02-23,65.0,94.0,160.0,238,498.0,926.0,1330.0
01566000,02-24,56.0,97.0,154.0,238,641.0,901.0,1030.0
01566000,02-25,50.0,101.0,155.0,264,628.0,1030.0,2440.0
01566000,02-26,53.0,103.0,150.0,305,619.0,1340.0,1890.0
01566000,02-27,53.0,104.0,160.0,315,627.0,1240.0,1960.0
01566000,02-28,50.0,88.0,181.0,319,714.0,1150.0,1430.0
01566000,02-29,,98.0,153.0,292,430.0,1040.0,
01566000,03-01,54.0,94.0,182.0,327,625.0,1040.0,2010.0
01566000,03-02,55.0,95.0,173.0,317,634.0,1160.0,1530.0
01566000,03-03,69.0,112.0,168.0,289,628.0,1090.0,1720.0
01566000,03-04,72.0,128.0,183.0,350,595.0,919.0,1330.0
01566000,03-05,103.0,117.0,180.0,334,654.0,1010.0,1370.0
01566000,03-06,96.0,127.0,188.0,324,639.0,1190.0,1710.0
01566000,03-07,94.0,129.0,214.0,323,628.0,1130.0,1660.0
01566000,03-08,106.0,142.0,211.0,340,558.0,1240.0,2040.0
01566000,03-09,122.0,146.0,228.0,353,549.0,1070.0,1760.0
01566000,03-10,116.0,136.0,212.0,322,598.0,1210.0,1390.0
01566000,03-11,100.0,137.0,220.0,322,634.0,1150.0,2580.0
01566000,03-12,106.0,141.0,209.0,306,713.0,1490.0,2870.0
01566000,03-13,113.0,154.0,208.0,317,682.0,1270.0,2530.0
01566000,03-14,116.0,172.0,247.0,390,800.0,1150.0,1740.0
01566000,03-15,114.0,157.0,223.0,425,815.0,1280.0,1840.0
01566000,03-16,114.0,149.0,204.0,427,682.0,1090.0,1460.0
01566000,03-17,134.0,146.0,203.0,394,670.0,1070.0,1730.0
01566000,03-18,131.0,153.0,224.0,355,573.0,1020.0,1710.0
01566000,03-19,137.0,161.0,258.0,380,509.0,963.0,1370.0
01566000,03-20,122.0,152.0,255.0,396,562.0,849.0,1400.0
01566000,03-21,115.0,163.0,242.0,385,631.0,1180.0,1670.0
01566000,03-22,110.0,154.0,230.0,386,604.0,951.0,1980.0
01566000,03-23,106.0,172.0,222.0,365,634.0,1140.0,1360.0
01566000,03-24,100.0,173.0,235.0,375,789.0,1320.0,1770.0
01566000,03-25,97.0,167.0,221.0,378,698.0,1110.0,1390.0
01566000,03-26,105.0,164.0,222.0,370,607.0,1100.0,1440.0
01566000,03-27,120.0,156.0,247.0,352,529.0,1250.0,1640.0
01566000,03-28,131.0,159.0,254.0,342,595.0,1250.0,1960.0
01566000,03-29,139.0,157.0,233.0,322,508.0,1280.0,2670.0
01566000,03-30,140.0,161.0,224.0,344,611.0,1340.0,2010.0
01566000,03-31,125.0,145.0,217.0,326,504.0,1260.0,2220.0
01566000,04-01,129.0,155.0,223.0,361,649.0,948.0,1340.0
01566000,04-02,117.0,155.0,221.0,358,572.0,1100.0,1890.0
01566000,04-03,115.0,145.0,203.0,350,533.0,885.0,1960.0
01566000,04-04,134.0,145.0,200.0,319,562.0,1210.0,1790.0
01566000,04-05,123.0,141.0,214.0,313,605.0,1120.0,1440.0
01566000,04-06,110.0,139.0,223.0,344,648.0,1160.0,1890.0
01566000,04-07,102.0,132.0,203.0,358,595.0,1150.0,1410.0
01566000,04-08,99.0,132.0,192.0,371,558.0,1070.0,1420.0
01566000,04-09,115.0,150.0,193.0,348,584.0,1040.0,1390.0
01566000,04-10,118.0,138.0,186.0,349,523.0,924.0,1240.0
01566000,04-11,110.0,128.0,181.0,316,529.0,801.0,1150.0
01566000,04-12,115.0,140.0,190.0,309,686.0,1080.0,1330.0
01566000,04-13,118.0,134.0,197.0,299,608.0,1000.0,1420.0
01566000,04-14,109.0,126.0,196.0,286,525.0,1000.0,2070.0
01566000,04-15,110.0,128.0,194.0,337,551.0,984.0,1310.0
01566000,04-16,113.0,146.0,208.0,336,656.0,1130.0,2820.0
01566000,04-17,111.0,136.0,216.0,335,571.0,935.0,2650.0
01566000,04-18,109.0,126.0,202.0,308,507.0,886.0,1770.0
01566000,04-19,105.0,132.0,191.0,311,483.0,922.0,1330.0
01566000,04-20,107.0,127.0,188.0,295,481.0,784.0,1500.0
01566000,04-21,99.0,118.0,175.0,280,430.0,992.0,1690.0
01566000,04-22,99.0,126.0,166.0,324,625.0,947.0,1590.0
01566000,04-23,110.0,139.0,199.0,305,571.0,940.0,1130.0
01566000,04-24,110.0,133.0,183.0,308,466.0,797.0,974.0
01566000,04-25,109.0,129.0,180.0,277,437.0,571.0,830.0
01566000,04-26,108.0,133.0,182.0,285,435.0,709.0,1340.0
01566000,04-27,110.0,124.0,176.0,259,494.0,920.0,1780.0
01566000,04-28,105.0,119.0,167.0,252,485.0,1050.0,2360.0
01566000,04-29,107.0,124.0,168.0,255,456.0,957.0,2220.0
01566000,04-30,99.0,123.0,171.0,268,461.0,1030.0,1480.0
01566000,05-01,99.0,123.0,169.0,270,392.0,829.0,1290.0
01566000,05-02,96.0,116.0,174.0,272,361.0,716.0,953.0
01566000,05-03,96.0,115.0,169.0,257,463.0,742.0,1140.0
01566000,05-04,93.0,136.0,164.0,239,425.0,797.0,1550.0
01566000,05-05,103.0,134.0,164.0,238,481.0,1030.0,1290.0
01566000,05-06,100.0,124.0,161.0,223,516.0,1000.0,1640.0
01566000,05-07,91.0,125.0,152.0,204,521.0,1010.0,2010.0
01566000,05-08,98.0,122.0,142.0,204,489.0,1050.0,1700.0
01566000,05-09,93.0,110.0,142.0,252,493.0,862.0,1740.0
01566000,05-10,88.0,106.0,131.0,248,535.0,941.0,1660.0
01566000,05-11,75.0,105.0,131.0,277,496.0,832.0,1510.0
01566000,05-12,79.0,98.0,122.0,265,471.0,1130.0,1650.0
01566000,05-13,77.0,102.0,124.0,252,513.0,1210.0,2620.0
01566000,05-14,74.0,98.0,136.0,258,509.0,1060.0,1650.0
01566000,05-15,83.0,97.0,137.0,241,444.0,945.0,1310.0
01566000,05-16,78.0,97.0,126.0,258,433.0,936.0,1230.0
01566000,05-17,79.0,96.0,123.0,261,394.0,917.0,1540.0
01566000,05-18,76.0,88.0,113.0,215,385.0,895.0,1240.0
01566000,05-19,77.0,87.0,117.0,205,435.0,877.0,1150.0
01566000,05-20,79.0,86.0,113.0,192,419.0,702.0,997.0
01566000,05-21,75.0,84.0,123.0,193,443.0,837.0,1210.0
01566000,05-22,67.0,78.0,109.0,203,406.0,859.0,1260.0
01566000,05-23,71.0,87.0,130.0,186,418.0,765.0,1820.0
01566000,05-24,69.0,80.0,120.0,201,374.0,1090.0,1640.0
01566000,05-25,71.0,77.0,112.0,186,315.0,731.0,989.0
01566000,05-26,65.0,69.0,115.0,186,334.0,692.0,857.0
01566000,05-27,63.0,68.0,102.0,160,313.0,580.0,928.0
01566000,05-28,60.0,64.0,97.0,168,312.0,534.0,1200.0
01566000,05-29,56.0,62.0,94.0,160,279.0,499.0,857.0
01566000,05-30,56.0,62.0,92.0,160,272.0,431.0,769.0
01566000,05-31,52.0,62.0,87.0,136,270.0,559.0,885.0
01566000,06-01,52.0,60.0,81.0,125,247.0,471.0,655.0
01566000,06-02,51.0,55.0,79.0,138,225.0,457.0,1050.0
01566000,06-03,44.0,52.0,78.0,148,226.0,521.0,1390.0
01566000,06-04,42.0,49.0,86.0,137,230.0,408.0,968.0
01566000,06-05,42.0,49.0,84.0,128,229.0,622.0,942.0
01566000,06-06,41.0,53.0,72.0,140,204.0,471.0,556.0
01566000,06-07,43.0,52.0,74.0,136,218.0,371.0,569.0
01566000,06-08,46.0,51.0,70.0,121,181.0,350.0,807.0
01566000,06-09,48.0,52.0,71.0,118,170.0,364.0,704.0
01566000,06-10,46.0,50.0,68.0,113,187.0,337.0,796.0
01566000,06-11,43.0,48.0,70.0,104,180.0,317.0,584.0
01566000,06-12,43.0,48.0,63.0,99,168.0,314.0,460.0
01566000,06-13,42.0,47.0,64.0,100,162.0,320.0,621.0
01566000,06-14,44.0,48.0,64.0,97,180.0,354.0,862.0
01566000,06-15,40.0,45.0,61.0,88,170.0,387.0,692.0
01566000,06-16,39.0,42.0,56.0,84,140.0,269.0,407.0
01566000,06-17,36.0,42.0,58.0,83,138.0,240.0,346.0
01566000,06-18,36.0,41.0,60.0,85,127.0,294.0,601.0
01566000,06-19,36.0,41.0,58.0,88,145.0,293.0,718.0
01566000,06-20,32.0,41.0,60.0,78,158.0,285.0,635.0
01566000,06-21,31.0,43.0,57.0,83,120.0,293.0,616.0
01566000,06-22,36.0,41.0,53.0,80,130.0,240.0,427.0
01566000,06-23,36.0,40.0,54.0,77,112.0,208.0,328.0
01566000,06-24,33.0,45.0,58.0,79,136.0,218.0,325.0
01566000,06-25,37.0,43.0,53.0,73,112.0,185.0,377.0
01566000,06-26,36.0,43.0,49.0,70,103.0,190.0,367.0
01566000,06-27,34.0,37.0,46.0,72,131.0,257.0,511.0
01566000,06-28,34.0,36.0,45.0,66,120.0,293.0,973.0
01566000,06-29,30.0,36.0,50.0,69,114.0,230.0,701.0
01566000,06-30,29.0,34.0,46.0,65,104.0,200.0,376.0
01566000,07-01,28.0,32.0,44.0,64,106.0,187.0,397.0
01566000,07-02,28.0,32.0,42.0,58,104.0,201.0,545.0
01566000,07-03,25.0,28.0,41.0,56,112.0,181.0,334.0
01566000,07-04,24.0,26.0,37.0,58,106.0,206.0,393.0
01566000,07-05,27.0,31.0,40.0,59,102.0,172.0,359.0
01566000,07-06,26.0,33.0,40.0,69,101.0,189.0,277.0
01566000,07-07,24.0,31.0,38.0,64,98.0,201.0,268.0
01566000,07-08,23.0,29.0,41.0,62,100.0,203.0,375.0
01566000,07-09,28.0,32.0,39.0,63,95.0,179.0,536.0
01566000,07-10,22.0,30.0,41.0,58,96.0,137.0,461.0
01566000,07-11,25.0,28.0,37.0,55,96.0,232.0,434.0
01566000,07-12,25.0,27.0,37.0,53,99.0,155.0,425.0
01566000,07-13,20.0,23.0,34.0,50,84.0,162.0,610.0
01566000,07-14,20.0,26.0,34.0,49,79.0,216.0,380.0
01566000,07-15,20.0,23.0,33.0,51,100.0,192.0,285.0
01566000,07-16,21.0,23.0,34.0,56,96.0,161.0,399.0
01566000,07-17,17.0,20.0,31.0,58,98.0,148.0,285.0
01566000,07-18,17.0,19.0,28.0,53,98.0,187.0,360.0
01566000,07-19,17.0,19.0,29.0,48,97.0,165.0,287.0
01566000,07-20,17.0,20.0,30.0,47,70.0,146.0,278.0
01566000,07-21,15.0,20.0,27.0,43,70.0,152.0,292.0
01566000,07-22,15.0,19.0,27.0,45,99.0,271.0,527.0
01566000,07-23,16.0,19.0,30.0,55,112.0,284.0,923.0
01566000,07-24,17.0,21.0,30.0,57,100.0,157.0,612.0
01566000,07-25,18.0,21.0,30.0,49,85.0,116.0,339.0
01566000,07-26,16.0,19.0,34.0,45,79.0,178.0,316.0
01566000,07-27,18.0,20.0,32.0,46,65.0,202.0,246.0
01566000,07-28,18.0,20.0,28.0,43,76.0,242.0,344.0
01566000,07-29,18.0,22.0,29.0,40,90.0,156.0,229.0
01566000,07-30,18.0,21.0,29.0,39,72.0,134.0,270.0
01566000,07-31,17.0,23.0,32.0,44,79.0,146.0,218.0
01566000,08-01,14.0,22.0,31.0,49,70.0,107.0,515.0
01566000,08-02,15.0,20.0,26.0,44,66.0,143.0,385.0
01566000,08-03,15.0,20.0,26.0,40,69.0,110.0,260.0
01566000,08-04,15.0,18.0,27.0,40,80.0,128.0,270.0
01566000,08-05,15.0,18.0,28.0,38,71.0,235.0,576.0
01566000,08-06,17.0,19.0,27.0,41,62.0,210.0,328.0
01566000,08-07,14.0,19.0,26.0,40,76.0,172.0,271.0
01566000,08-08,13.0,16.0,26.0,41,77.0,184.0,335.0
01566000,08-09,13.0,16.0,26.0,43,85.0,184.0,268.0
01566000,08-10,12.0,18.0,26.0,41,124.0,192.0,260.0
01566000,08-11,11.0,19.0,28.0,40,90.0,215.0,243.0
01566000,08-12,13.0,18.0,29.0,41,98.0,166.0,255.0
01566000,08-13,13.0,19.0,28.0,43,102.0,222.0,406.0
01566000,08-14,11.0,19.0,25.0,40,77.0,190.0,313.0
01566000,08-15,11.0,18.0,26.0,39,68.0,177.0,255.0
01566000,08-16,13.0,18.0,24.0,40,71.0,174.0,205.0
01566000,08-17,11.0,18.0,26.0,38,66.0,144.0,262.0
01566000,08-18,11.0,18.0,26.0,36,65.0,166.0,377.0
01566000,08-19,11.0,17.0,26.0,36,66.0,208.0,490.0
01566000,08-20,11.0,16.0,26.0,36,69.0,212.0,299.0
01566000,08-21,11.0,15.0,24.0,39,84.0,214.0,374.0
01566000,08-22,14.0,17.0,24.0,38,79.0,275.0,529.0
01566000,08-23,12.0,17.0,22.0,32,70.0,239.0,377.0
01566000,08-24,14.0,17.0,22.0,31,63.0,168.0,208.0
01566000,08-25,13.0,16.0,21.0,32,66.0,122.0,158.0
01566000,08-26,12.0,16.0,21.0,32,61.0,120.0,222.0
01566000,08-27,9.4,16.0,21.0,31,59.0,102.0,262.0
01566000,08-28,8.7,12.0,21.0,30,71.0,118.0,174.0
01566000,08-29,9.2,12.0,21.0,38,78.0,171.0,188.0
01566000,08-30,12.0,14.0,20.0,38,73.0,124.0,147.0
01566000,08-31,9.6,12.0,20.0,38,73.0,126.0,255.0
01566000,09-01,8.8,14.0,18.0,33,68.0,219.0,664.0
01566000,09-02,10.0,12.0,18.0,35,69.0,145.0,366.0
01566000,09-03,9.8,12.0,20.0,33,72.0,140.0,309.0
01566000,09-04,7.9,13.0,18.0,36,70.0,138.0,415.0
01566000,09-05,7.9,13.0,19.0,32,68.0,137.0,308.0
01566000,09-06,7.7,13.0,22.0,37,71.0,258.0,526.0
01566000,09-07,11.0,13.0,22.0,36,73.0,218.0,297.0
01566000,09-08,8.9,14.0,21.0,36,66.0,163.0,268.0
01566000,09-09,10.0,15.0,20.0,35,77.0,171.0,567.0
01566000,09-10,8.7,13.0,19.0,34,65.0,152.0,739.0
01566000,09-11,7.2,12.0,16.0,37,64.0,126.0,339.0
01566000,09-12,8.9,13.0,19.0,37,65.0,118.0,257.0
01566000,09-13,9.8,12.0,18.0,39,61.0,120.0,372.0
01566000,09-14,8.7,14.0,21.0,36,48.0,148.0,241.0
01566000,09-15,9.5,14.0,21.0,35,48.0,182.0,533.0
01566000,09-16,13.0,14.0,19.0,33,56.0,178.0,529.0
01566000,09-17,11.0,13.0,19.0,31,65.0,214.0,478.0
01566000,09-18,8.9,14.0,22.0,31,61.0,266.0,932.0
01566000,09-19,8.9,14.0,21.0,30,71.0,429.0,873.0
01566000,09-20,8.9,13.0,21.0,29,58.0,239.0,502.0
01566000,09-21,9.9,13.0,20.0,30,66.0,221.0,518.0
01566000,09-22,12.0,13.0,20.0,33,77.0,184.0,385.0
01566000,09-23,11.0,14.0,20.0,30,85.0,167.0,395.0
01566000,09-24,9.9,14.0,20.0,32,77.0,335.0,485.0
01566000,09-25,9.4,14.0,19.0,33,78.0,204.0,712.0
01566000,09-26,8.9,13.0,17.0,30,69.0,166.0,504.0
01566000,09-27,7.4,12.0,19.0,31,64.0,127.0,371.0
01566000,09-28,9.7,14.0,19.0,35,83.0,163.0,894.0
01566000,09-29,7.2,14.0,19.0,39,77.0,227.0,944.0
01566000,09-30,10.0,15.0,20.0,39,84.0,421.0,802.0
01566000,10-01,10.0,12.0,22.0,37,76.0,437.0,721.0
01566000,10-02,11.0,14.0,22.0,41,88.0,375.0,658.0
01566000,10-03,9.8,14.0,23.0,39,78.0,266.0,406.0
01566000,10-04,10.0,12.0,23.0,37,78.0,232.0,507.0
01566000,10-05,10.0,17.0,22.0,34,74.0,176.0,292.0
01566000,10-06,13.0,17.0,23.0,36,85.0,165.0,208.0
01566000,10-07,13.0,18.0,24.0,40,81.0,180.0,269.0
01566000,10-08,14.0,17.0,27.0,47,76.0,135.0,223.0
01566000,10-09,13.0,18.0,27.0,45,76.0,137.0,206.0
01566000,10-10,11.0,18.0,25.0,41,71.0,139.0,170.0
01566000,10-11,11.0,17.0,26.0,39,72.0,143.0,403.0
01566000,10-12,11.0,16.0,25.0,36,73.0,211.0,359.0
01566000,10-13,15.0,16.0,25.0,35,67.0,219.0,396.0
01566000,10-14,13.0,16.0,26.0,37,67.0,181.0,493.0
01566000,10-15,14.0,19.0,26.0,40,71.0,288.0,520.0
01566000,10-16,9.8,20.0,24.0,41,111.0,268.0,947.0
01566000,10-17,17.0,20.0,25.0,47,97.0,318.0,571.0
01566000,10-18,18.0,21.0,30.0,49,123.0,392.0,642.0
01566000,10-19,17.0,20.0,29.0,49,125.0,314.0,410.0
01566000,10-20,15.0,18.0,26.0,52,118.0,276.0,493.0
01566000,10-21,17.0,21.0,29.0,49,104.0,251.0,442.0
01566000,10-22,16.0,21.0,28.0,51,108.0,223.0,392.0
01566000,10-23,15.0,19.0,29.0,52,121.0,199.0,614.0
01566000,10-24,14.0,20.0,28.0,53,124.0,351.0,707.0
01566000,10-25,16.0,22.0,32.0,52,133.0,320.0,739.0
01566000,10-26,15.0,22.0,34.0,56,142.0,357.0,609.0
01566000,10-27,18.0,21.0,34.0,59,197.0,341.0,643.0
01566000,10-28,19.0,24.0,34.0,61,208.0,387.0,530.0
01566000,10-29,18.0,22.0,37.0,74,185.0,281.0,740.0
01566000,10-30,18.0,23.0,36.0,63,190.0,548.0,1360.0
01566000,10-31,21.0,24.0,37.0,61,187.0,506.0,801.0
01566000,11-01,21.0,26.0,36.0,66,190.0,442.0,588.0
01566000,11-02,22.0,24.0,36.0,70,184.0,384.0,503.0
01566000,11-03,20.0,25.0,35.0,71,182.0,336.0,461.0
01566000,11-04,19.0,23.0,36.0,83,190.0,379.0,634.0
01566000,11-05,18.0,23.0,35.0,72,183.0,382.0,807.0
01566000,11-06,20.0,22.0,38.0,64,175.0,295.0,524.0
01566000,11-07,19.0,25.0,37.0,73,176.0,326.0,409.0
01566000,11-08,16.0,23.0,37.0,77,165.0,316.0,392.0
01566000,11-09,19.0,24.0,36.0,79,162.0,340.0,530.0
01566000,11-10,19.0,26.0,36.0,69,154.0,283.0,933.0
01566000,11-11,23.0,30.0,40.0,64,143.0,277.0,414.0
01566000,11-12,18.0,27.0,38.0,74,169.0,272.0,747.0
01566000,11-13,18.0,26.0,38.0,77,189.0,520.0,1350.0
01566000,11-14,21.0,27.0,39.0,76,158.0,380.0,659.0
01566000,11-15,23.0,30.0,39.0,67,164.0,329.0,562.0
01566000,11-16,25.0,30.0,41.0,79,175.0,427.0,781.0
01566000,11-17,22.0,27.0,40.0,81,224.0,765.0,1320.0
01566000,11-18,18.0,26.0,35.0,81,231.0,804.0,1450.0
01566000,11-19,21.0,24.0,38.0,85,226.0,692.0,1140.0
01566000,11-20,18.0,24.0,41.0,94,300.0,626.0,1760.0
01566000,11-21,21.0,24.0,41.0,87,254.0,514.0,1050.0
01566000,11-22,15.0,24.0,42.0,87,210.0,494.0,897.0
01566000,11-23,20.0,25.0,47.0,96,188.0,567.0,762.0
01566000,11-24,21.0,26.0,48.0,92,198.0,419.0,872.0
01566000,11-25,17.0,30.0,52.0,86,225.0,607.0,1110.0
01566000,11-26,18.0,28.0,49.0,85,214.0,470.0,826.0
01566000,11-27,15.0,23.0,50.0,91,211.0,441.0,820.0
01566000,11-28,17.0,26.0,49.0,104,211.0,582.0,1060.0
01566000,11-29,16.0,31.0,50.0,122,226.0,562.0,949.0
01566000,11-30,23.0,29.0,47.0,122,214.0,678.0,1100.0
01566000,12-01,27.0,34.0,56.0,113,242.0,708.0,1160.0
01566000,12-02,29.0,34.0,52.0,112,226.0,713.0,1180.0
01566000,12-03,26.0,32.0,52.0,116,239.0,578.0,986.0
01566000,12-04,29.0,35.0,50.0,108,223.0,493.0,801.0
01566000,12-05,25.0,30.0,49.0,115,273.0,459.0,635.0
01566000,12-06,21.0,32.0,53.0,110,313.0,577.0,865.0
01566000,12-07,23.0,36.0,55.0,97,366.0,647.0,1060.0
01566000,12-08,22.0,36.0,68.0,101,285.0,535.0,1050.0
01566000,12-09,21.0,31.0,57.0,106,270.0,416.0,783.0
01566000,12-10,25.0,30.0,56.0,120,246.0,616.0,1100.0
01566000,12-11,25.0,31.0,62.0,137,278.0,620.0,1310.0
01566000,12-12,23.0,27.0,59.0,126,304.0,766.0,1180.0
01566000,12-13,23.0,27.0,61.0,150,279.0,558.0,727.0
01566000,12-14,22.0,27.0,69.0,175,329.0,785.0,1160.0
01566000,12-15,22.0,27.0,60.0,160,370.0,718.0,1330.0
01566000,12-16,21.0,27.0,69.0,140,380.0,805.0,990.0
01566000,12-17,20.0,28.0,63.0,130,334.0,739.0,941.0
01566000,12-18,23.0,33.0,72.0,140,373.0,626.0,799.0
01566000,12-19,21.0,40.0,68.0,141,304.0,619.0,758.0
01566000,12-20,29.0,36.0,74.0,141,291.0,461.0,604.0
01566000,12-21,32.0,37.0,72.0,139,253.0,431.0,936.0
01566000,12-22,26.0,35.0,74.0,140,266.0,414.0,598.0
01566000,12-23,27.0,32.0,85.0,143,303.0,578.0,1460.0
01566000,12-24,23.0,32.0,76.0,175,331.0,972.0,1180.0
01566000,12-25,26.0,34.0,65.0,168,339.0,796.0,1450.0
01566000,12-26,24.0,34.0,77.0,173,353.0,641.0,1010.0
01566000,12-27,22.0,33.0,81.0,194,382.0,651.0,969.0
01566000,12-28,23.0,43.0,75.0,196,394.0,702.0,811.0
01566000,12-29,26.0,42.0,83.0,217,401.0,649.0,919.0
01566000,12-30,23.0,38.0,78.0,207,406.0,781.0,1190.0
01566000,12-31,22.0,34.0,72.0,190,392.0,555.0,894.0
01567000,01-01,980.0,1500.0,1840.0,4280,6400.0,8180.0,12900.0
01567000,01-02,1010.0,1460.0,1930.0,3810,6410.0,10800.0,19500.0
01567000,01-03,1180.0,1360.0,1970.0,3650,6290.0,13300.0,17000.0
01567000,01-04,1040.0,1390.0,1880.0,3880,6010.0,12000.0,17200.0
01567000,01-05,1050.0,1400.0,1970.0,3770,5800.0,11800.0,17500.0
01567000,01-06,1080.0,1390.0,1700.0,3590,6320.0,12600.0,14700.0
01567000,01-07,1170.0,1320.0,1700.0,3390,5520.0,9670.0,14400.0
01567000,01-08,1080.0,1280.0,1760.0,3240,5510.0,8870.0,13400.0
01567000,01-09,1070.0,1240.0,1700.0,3200,5780.0,10300.0,19600.0
01567000,01-10,1170.0,1310.0,1640.0,3440,5530.0,9590.0,21500.0
01567000,01-11,1260.0,1340.0,1680.0,3330,5200.0,10500.0,16100.0
01567000,01-12,1290.0,1400.0,1680.0,3280,5310.0,11100.0,14500.0
01567000,01-13,1280.0,1400.0,1910.0,3240,6140.0,9580.0,13600.0
01567000,01-14,1380.0,1420.0,2050.0,3370,6280.0,9320.0,16500.0
01567000,01-15,1300.0,1400.0,2040.0,3570,6040.0,8060.0,13000.0
01567000,01-16,1300.0,1390.0,1900.0,3290,6170.0,8480.0,12100.0
01567000,01-17,1300.0,1390.0,1770.0,3100,5790.0,9640.0,13900.0
01567000,01-18,1280.0,1360.0,1700.0,3160,5530.0,9840.0,12000.0
01567000,01-19,1170.0,1340.0,1650.0,3160,5790.0,9220.0,18700.0
01567000,01-20,960.0,1260.0,1730.0,3000,5590.0,9360.0,18500.0
01567000,01-21,915.0,1180.0,1680.0,3170,5310.0,11600.0,20000.0
01567000,01-22,1090.0,1220.0,1600.0,3250,5500.0,10400.0,21500.0
01567000,01-23,1120.0,1290.0,1740.0,2900,5190.0,9030.0,17700.0
01567000,01-24,1190.0,1290.0,1840.0,3250,6060.0,11800.0,18100.0
01567000,01-25,1230.0,1340.0,1850.0,3250,6340.0,16500.0,23600.0
01567000,01-26,1160.0,1390.0,1830.0,3340,7300.0,12800.0,25900.0
01567000,01-27,1180.0,1400.0,1930.0,3120,7280.0,15000.0,26100.0
01567000,01-28,1190.0,1360.0,1850.0,3240,6810.0,14200.0,20000.0
01567000,01-29,1210.0,1390.0,1730.0,3120,6360.0,11300.0,17500.0
01567000,01-30,1180.0,1410.0,1690.0,2960,6590.0,10300.0,17100.0
01567000,01-31,1180.0,1370.0,1690.0,3150,5890.0,12800.0,16400.0
01567000,02-01,1170.0,1380.0,1700.0,3570,5330.0,10500.0,12900.0
01567000,02-02,1100.0,1400.0,1890.0,3370,6030.0,9360.0,10500.0
01567000,02-03,1160.0,1500.0,2110.0,3540,6290.0,9330.0,11800.0
01567000,02-04,1160.0,1470.0,2190.0,3710,5870.0,13000.0,18600.0
01567000,02-05,1160.0,1450.0,2010.0,3680,6670.0,13000.0,21100.0
01567000,02-06,1160.0,1400.0,1950.0,3800,7940.0,14500.0,15600.0
01567000,02-07,1150.0,1350.0,1760.0,3460,6520.0,13900.0,15500.0
01567000,02-08,1170.0,1330.0,1770.0,3420,6850.0,11500.0,16300.0
01567000,02-09,1070.0,1280.0,1700.0,3800,5720.0,10300.0,13900.0
01567000,02-10,1080.0,1250.0,1800.0,3480,5390.0,8740.0,11200.0
01567000,02-11,1000.0,1300.0,1880.0,3440,5490.0,8130.0,9650.0
01567000,02-12,1090.0,1380.0,2020.0,3460,5410.0,8080.0,9370.0
01567000,02-13,1230.0,1350.0,2170.0,3550,6350.0,8180.0,10500.0
01567000,02-14,1290.0,1470.0,2130.0,3450,6180.0,10100.0,14100.0
01567000,02-15,1360.0,1520.0,2290.0,3440,6270.0,9460.0,13700.0
01567000,02-16,1480.0,1650.0,2430.0,3430,5790.0,9350.0,14400.0
01567000,02-17,1580.0,1670.0,2580.0,3750,5800.0,8390.0,22800.0
01567000,02-18,1580.0,1850.0,2560.0,3960,6250.0,11900.0,30400.0
01567000,02-19,1450.0,1800.0,2560.0,4040,6250.0,13000.0,23700.0
01567000,02-20,1350.0,1760.0,2470.0,4470,6670.0,14800.0,22100.0
01567000,02-21,1370.0,1800.0,2560.0,4510,7290.0,17300.0,24900.0
01567000,02-22,1600.0,1900.0,2600.0,4220,7900.0,17500.0,25500.0
01567000,02-23,1600.0,2060.0,2840.0,4810,8110.0,15400.0,23900.0
01567000,02-24,1550.0,2220.0,2990.0,4950,9350.0,18600.0,22000.0
01567000,02-25,1490.0,2340.0,3170.0,4690,10600.0,20400.0,25200.0
01567000,02-26,1510.0,2290.0,3060.0,4680,9860.0,18500.0,30000.0
01567000,02-27,1520.0,2290.0,3000.0,4720,10100.0,16200.0,21800.0
01567000,02-28,1500.0,2250.0,2940.0,4850,8750.0,13900.0,17800.0
01567000,02-29,,2710.0,3310.0,5440,9740.0,18900.0,
01567000,03-01,1480.0,2160.0,3150.0,4820,7600.0,16300.0,23400.0
01567000,03-02,1510.0,2200.0,3450.0,5290,7640.0,16000.0,23600.0
01567000,03-03,1550.0,2170.0,3240.0,5060,8110.0,16700.0,19600.0
01567000,03-04,1750.0,2220.0,3210.0,5150,7880.0,14500.0,18000.0
01567000,03-05,2080.0,2470.0,3380.0,5430,9860.0,16700.0,28400.0
01567000,03-06,2000.0,2290.0,3820.0,5400,9640.0,17400.0,32200.0
01567000,03-07,1940.0,2180.0,3880.0,5500,9310.0,18500.0,27400.0
01567000,03-08,2050.0,2230.0,3860.0,5130,8930.0,15500.0,28900.0
01567000,03-09,2040.0,2380.0,3640.0,5210,8830.0,14100.0,21000.0
01567000,03-10,2120.0,3000.0,3870.0,5260,8130.0,18300.0,24800.0
01567000,03-11,2100.0,2960.0,3800.0,5170,8210.0,19400.0,26400.0
01567000,03-12,2250.0,3010.0,4040.0,5510,8510.0,18600.0,22800.0
01567000,03-13,2310.0,3100.0,4430.0,5770,10400.0,16600.0,22300.0
01567000,03-14,2540.0,3120.0,4570.0,6010,10000.0,18100.0,28100.0
01567000,03-15,2510.0,3120.0,4360.0,5870,9960.0,23700.0,31200.0
01567000,03-16,2470.0,3020.0,3980.0,5940,9850.0,21000.0,31600.0
01567000,03-17,2450.0,2900.0,3880.0,5970,9360.0,22000.0,26200.0
01567000,03-18,2550.0,2900.0,3700.0,6080,9290.0,20300.0,24200.0
01567000,03-19,2410.0,3030.0,3560.0,6040,9970.0,16700.0,22800.0
01567000,03-20,2490.0,2950.0,3650.0,6080,10100.0,16800.0,19900.0
01567000,03-21,2710.0,2930.0,3690.0,6730,11300.0,15100.0,29400.0
01567000,03-22,2600.0,2860.0,3700.0,7050,13200.0,22500.0,25800.0
01567000,03-23,2590.0,2790.0,3860.0,6510,15500.0,20500.0,24000.0
01567000,03-24,2530.0,2920.0,4190.0,6890,12700.0,17500.0,21700.0
01567000,03-25,2480.0,2860.0,4420.0,7760,11700.0,17000.0,27200.0
01567000,03-26,2280.0,2710.0,4270.0,7120,10700.0,18800.0,23800.0
01567000,03-27,2090.0,2650.0,4090.0,7070,9720.0,16100.0,27200.0
01567000,03-28,2320.0,2560.0,4000.0,6850,9490.0,15400.0,33800.0
01567000,03-29,2230.0,2540.0,4120.0,6760,9690.0,21400.0,42700.0
01567000,03-30,2330.0,2490.0,4210.0,6580,9010.0,21700.0,38600.0
01567000,03-31,2300.0,2510.0,4040.0,6470,10100.0,20000.0,30900.0
01567000,04-01,2290.0,2500.0,4140.0,6550,10400.0,20800.0,25900.0
01567000,04-02,2230.0,2820.0,4340.0,6950,11900.0,19800.0,28300.0
01567000,04-03,2140.0,2870.0,4760.0,7100,11100.0,23600.0,29300.0
01567000,04-04,2200.0,2850.0,4620.0,7100,12300.0,19300.0,28400.0
01567000,04-05,2390.0,2890.0,4340.0,7160,13500.0,21400.0,27700.0
01567000,04-06,2380.0,2640.0,4480.0,7290,12300.0,21000.0,30400.0
01567000,04-07,2310.0,2700.0,4290.0,6700,11000.0,17100.0,26000.0
01567000,04-08,2190.0,2760.0,4250.0,6410,10700.0,16500.0,23400.0
01567000,04-09,2260.0,2670.0,3970.0,6280,11100.0,16300.0,20900.0
01567000,04-10,2400.0,2760.0,3790.0,6610,10600.0,18100.0,20400.0
01567000,04-11,2390.0,2730.0,3950.0,6130,9910.0,18300.0,24400.0
01567000,04-12,2390.0,2570.0,3870.0,6050,9890.0,15700.0,20800.0
01567000,04-13,2400.0,2810.0,4100.0,5890,10000.0,14100.0,18100.0
01567000,04-14,2410.0,2830.0,3990.0,6000,9240.0,16300.0,21500.0
01567000,04-15,2530.0,2840.0,3860.0,5960,9290.0,18600.0,23000.0
01567000,04-16,2470.0,2940.0,3930.0,6010,9620.0,15700.0,19700.0
01567000,04-17,2380.0,2940.0,3850.0,6360,11200.0,17500.0,30900.0
01567000,04-18,2330.0,2870.0,3630.0,5620,9580.0,18200.0,24600.0
01567000,04-19,2270.0,2910.0,3470.0,5430,9420.0,13300.0,18300.0
01567000,04-20,2180.0,2810.0,3300.0,5160,8320.0,12300.0,23800.0
01567000,04-21,2180.0,2660.0,3200.0,5300,8100.0,11300.0,19400.0
01567000,04-22,2130.0,2600.0,3130.0,5050,7530.0,13400.0,17400.0
01567000,04-23,2240.0,2540.0,3170.0,4850,6970.0,12700.0,16500.0
01567000,04-24,2280.0,2500.0,3020.0,4590,7210.0,10300.0,16200.0
01567000,04-25,2270.0,2440.0,3170.0,4720,7570.0,9850.0,17900.0
01567000,04-26,2170.0,2560.0,3200.0,4360,6760.0,9500.0,15200.0
01567000,04-27,2040.0,2460.0,3330.0,4430,7010.0,15000.0,19300.0
01567000,04-28,2020.0,2300.0,3260.0,4250,6850.0,16500.0,23500.0
01567000,04-29,1990.0,2390.0,3150.0,4210,6140.0,13900.0,23500.0
01567000,04-30,2060.0,2360.0,3080.0,4300,5940.0,10800.0,19200.0
01567000,05-01,2120.0,2240.0,2960.0,4230,6810.0,11700.0,17700.0
01567000,05-02,2270.0,2460.0,2940.0,4050,7000.0,10900.0,14500.0
01567000,05-03,2200.0,2520.0,3230.0,4120,7200.0,11000.0,14700.0
01567000,05-04,2270.0,2490.0,3020.0,4120,6890.0,13100.0,14500.0
01567000,05-05,2150.0,2390.0,2890.0,4440,7570.0,12600.0,17100.0
01567000,05-06,2190.0,2360.0,2880.0,4750,8910.0,15300.0,21300.0
01567000,05-07,2060.0,2240.0,3060.0,4720,9080.0,15000.0,22700.0
01567000,05-08,1980.0,2190.0,2960.0,4760,7640.0,12700.0,17900.0
01567000,05-09,1940.0,2120.0,3020.0,5030,7410.0,10700.0,16700.0
01567000,05-10,1900.0,2020.0,2880.0,5360,7350.0,10600.0,14400.0
01567000,05-11,1860.0,1970.0,3240.0,4900,7650.0,12500.0,17900.0
01567000,05-12,1860.0,2130.0,3280.0,4480,7070.0,14300.0,19100.0
01567000,05-13,1830.0,2090.0,3310.0,4610,7120.0,15800.0,24900.0
01567000,05-14,1820.0,2140.0,3160.0,4490,10900.0,17200.0,22500.0
01567000,05-15,1770.0,2240.0,3210.0,4740,8440.0,15400.0,24400.0
01567000,05-16,1800.0,2030.0,3110.0,4780,8070.0,15200.0,28800.0
01567000,05-17,1850.0,2070.0,2910.0,4680,7770.0,14600.0,29300.0
01567000,05-18,1650.0,1950.0,2840.0,4390,7200.0,14300.0,24100.0
01567000,05-19,1540.0,1920.0,2800.0,4060,6560.0,19400.0,26100.0
01567000,05-20,1680.0,1980.0,2660.0,3860,6010.0,15400.0,28000.0
01567000,05-21,1850.0,2120.0,2650.0,4140,6050.0,12900.0,21100.0
01567000,05-22,1830.0,2030.0,2600.0,3890,6920.0,11400.0,16300.0
01567000,05-23,1780.0,1940.0,2550.0,4030,7180.0,11300.0,16500.0
01567000,05-24,1750.0,1890.0,2390.0,4180,7500.0,11800.0,12500.0
01567000,05-25,1660.0,1880.0,2390.0,3720,6830.0,13600.0,16800.0
01567000,05-26,1600.0,1780.0,2420.0,3780,6290.0,11900.0,12800.0
01567000,05-27,1560.0,1760.0,2300.0,3570,5910.0,8360.0,11900.0
01567000,05-28,1560.0,1670.0,2170.0,3540,5360.0,8760.0,13100.0
01567000,05-29,1450.0,1570.0,2290.0,4010,5080.0,10200.0,11800.0
01567000,05-30,1340.0,1510.0,2370.0,3730,6970.0,10600.0,11900.0
01567000,05-31,1320.0,1530.0,2370.0,3870,6980.0,10400.0,12400.0
01567000,06-01,1290.0,1540.0,2420.0,3560,5440.0,8900.0,11400.0
01567000,06-02,1280.0,1470.0,2320.0,3350,4690.0,7850.0,9650.0
01567000,06-03,1310.0,1430.0,2460.0,3020,4510.0,6630.0,8940.0
01567000,06-04,1300.0,1520.0,2340.0,2990,4410.0,6660.0,10600.0
01567000,06-05,1260.0,1470.0,2090.0,3320,4550.0,7140.0,10200.0
01567000,06-06,1180.0,1410.0,1970.0,3390,4100.0,6680.0,13600.0
01567000,06-07,1180.0,1400.0,2110.0,3160,4480.0,7560.0,12700.0
01567000,06-08,1140.0,1530.0,1940.0,2770,3960.0,6090.0,11400.0
01567000,06-09,1100.0,1560.0,2080.0,2640,3910.0,5600.0,8300.0
01567000,06-10,1060.0,1490.0,1950.0,2860,3730.0,5080.0,10400.0
01567000,06-11,1050.0,1450.0,1840.0,2810,3650.0,4890.0,10200.0
01567000,06-12,1070.0,1490.0,1760.0,2700,3650.0,5780.0,10000.0
01567000,06-13,1090.0,1460.0,1670.0,2610,3640.0,7680.0,9530.0
01567000,06-14,1120.0,1390.0,1640.0,2490,3560.0,7150.0,10100.0
01567000,06-15,1160.0,1330.0,1580.0,2410,3580.0,6430.0,9290.0
01567000,06-16,1110.0,1320.0,1570.0,2370,3350.0,6500.0,8500.0
01567000,06-17,1070.0,1290.0,1510.0,2580,3920.0,5840.0,6820.0
01567000,06-18,1150.0,1280.0,1430.0,2550,3700.0,6030.0,11700.0
01567000,06-19,1100.0,1310.0,1450.0,2440,3780.0,5910.0,10200.0
01567000,06-20,1130.0,1270.0,1520.0,2270,3560.0,6750.0,9640.0
01567000,06-21,1140.0,1240.0,1480.0,2260,4340.0,6910.0,13600.0
01567000,06-22,1070.0,1190.0,1390.0,2160,4060.0,9150.0,14400.0
01567000,06-23,1010.0,1140.0,1350.0,1970,4300.0,7430.0,18300.0
01567000,06-24,958.0,1110.0,1410.0,2070,3760.0,6770.0,11600.0
01567000,06-25,973.0,1070.0,1490.0,2050,3590.0,6730.0,8510.0
01567000,06-26,989.0,1060.0,1500.0,1950,3490.0,6360.0,7520.0
01567000,06-27,971.0,1060.0,1410.0,1830,3300.0,5270.0,6710.0
01567000,06-28,929.0,1030.0,1390.0,1740,3460.0,4960.0,16700.0
01567000,06-29,941.0,1030.0,1450.0,1750,3230.0,7600.0,14700.0
01567000,06-30,944.0,1100.0,1350.0,1650,3020.0,4720.0,8710.0
01567000,07-01,928.0,1060.0,1290.0,1540,3260.0,4030.0,6860.0
01567000,07-02,901.0,987.0,1230.0,1600,2800.0,4640.0,6120.0
01567000,07-03,891.0,961.0,1210.0,1640,2720.0,4300.0,6590.0
01567000,07-04,869.0,953.0,1170.0,1720,2870.0,4220.0,6250.0
01567000,07-05,910.0,972.0,1190.0,1590,2860.0,4150.0,8770.0
01567000,07-06,910.0,943.0,1170.0,1490,2560.0,3640.0,8020.0
01567000,07-07,918.0,1010.0,1210.0,1700,2460.0,3970.0,6800.0
01567000,07-08,885.0,992.0,1190.0,1730,2590.0,3710.0,7740.0
01567000,07-09,868.0,1010.0,1190.0,1670,2550.0,4560.0,7170.0
01567000,07-10,927.0,1030.0,1190.0,1640,2170.0,4190.0,6590.0
01567000,07-11,917.0,976.0,1140.0,1490,2150.0,3240.0,4610.0
01567000,07-12,838.0,925.0,1070.0,1590,2120.0,2970.0,3970.0
01567000,07-13,801.0,891.0,1030.0,1450,2160.0,3070.0,4040.0
01567000,07-14,814.0,867.0,985.0,1480,2160.0,3150.0,6290.0
01567000,07-15,775.0,863.0,1020.0,1490,2160.0,4820.0,6880.0
01567000,07-16,754.0,855.0,1050.0,1490,2010.0,4560.0,5550.0
01567000,07-17,731.0,833.0,1010.0,1520,1930.0,3870.0,5380.0
01567000,07-18,744.0,816.0,976.0,1600,2080.0,3300.0,4750.0
01567000,07-19,724.0,809.0,985.0,1500,2030.0,2970.0,6080.0
01567000,07-20,755.0,809.0,982.0,1390,1980.0,3440.0,10300.0
01567000,07-21,747.0,850.0,1030.0,1370,1860.0,3640.0,9370.0
01567000,07-22,734.0,866.0,1070.0,1330,2070.0,4070.0,9810.0
01567000,07-23,731.0,887.0,1080.0,1420,1980.0,3730.0,8380.0
01567000,07-24,717.0,852.0,1060.0,1420,2130.0,3120.0,8750.0
01567000,07-25,706.0,850.0,1060.0,1340,2070.0,2750.0,6880.0
01567000,07-26,708.0,898.0,1100.0,1330,1760.0,2380.0,5440.0
01567000,07-27,766.0,901.0,1070.0,1310,1720.0,2590.0,5510.0
01567000,07-28,727.0,851.0,1000.0,1270,1700.0,2470.0,7070.0
01567000,07-29,719.0,845.0,991.0,1290,1870.0,3170.0,6650.0
01567000,07-30,712.0,883.0,947.0,1250,1940.0,4170.0,6210.0
01567000,07-31,775.0,819.0,965.0,1240,1800.0,3660.0,5810.0
01567000,08-01,715.0,785.0,934.0,1210,1780.0,4080.0,6990.0
01567000,08-02,718.0,774.0,930.0,1250,1630.0,3570.0,8320.0
01567000,08-03,720.0,794.0,876.0,1120,1620.0,3080.0,7180.0
01567000,08-04,724.0,756.0,844.0,1100,1690.0,4090.0,6230.0
01567000,08-05,684.0,743.0,866.0,1150,1520.0,4430.0,6520.0
01567000,08-06,654.0,725.0,849.0,1190,1630.0,3960.0,5190.0
01567000,08-07,637.0,729.0,838.0,1160,1680.0,4000.0,4230.0
01567000,08-08,665.0,712.0,902.0,1090,1690.0,3580.0,3990.0
01567000,08-09,637.0,742.0,858.0,1100,1610.0,3360.0,5000.0
01567000,08-10,620.0,750.0,847.0,1110,1670.0,3050.0,6970.0
01567000,08-11,618.0,758.0,830.0,1170,1840.0,2710.0,6630.0
01567000,08-12,727.0,767.0,862.0,1110,1870.0,4330.0,7040.0
01567000,08-13,688.0,741.0,854.0,1160,1840.0,5890.0,7890.0
01567000,08-14,714.0,770.0,892.0,1090,1860.0,4190.0,7190.0
01567000,08-15,697.0,761.0,879.0,1100,2010.0,3770.0,6480.0
01567000,08-16,699.0,749.0,813.0,1130,1940.0,3270.0,5490.0
01567000,08-17,685.0,726.0,799.0,1090,1880.0,3140.0,4400.0
01567000,08-18,677.0,719.0,816.0,1090,1910.0,3010.0,4090.0
01567000,08-19,673.0,706.0,778.0,1060,1950.0,3390.0,5090.0
01567000,08-20,689.0,716.0,794.0,1180,1860.0,3250.0,5100.0
01567000,08-21,668.0,699.0,831.0,1220,2040.0,2930.0,3710.0
01567000,08-22,658.0,690.0,805.0,1250,2000.0,2770.0,4070.0
01567000,08-23,650.0,673.0,794.0,1210,2010.0,3260.0,4480.0
01567000,08-24,647.0,693.0,805.0,1140,1770.0,2960.0,5000.0
01567000,08-25,672.0,697.0,793.0,1110,1610.0,2680.0,4630.0
01567000,08-26,645.0,685.0,791.0,1040,1520.0,2780.0,4400.0
01567000,08-27,639.0,675.0,793.0,1020,1460.0,3040.0,3590.0
01567000,08-28,663.0,674.0,800.0,1020,1460.0,2410.0,2710.0
01567000,08-29,662.0,688.0,834.0,1090,1540.0,2290.0,2550.0
01567000,08-30,664.0,678.0,796.0,1070,1480.0,2170.0,2750.0
01567000,08-31,661.0,686.0,778.0,1070,1530.0,2440.0,2980.0
01567000,09-01,653.0,712.0,804.0,1020,1550.0,2620.0,3800.0
01567000,09-02,652.0,688.0,776.0,949,1550.0,2770.0,4020.0
01567000,09-03,641.0,684.0,769.0,955,1500.0,2470.0,6770.0
01567000,09-04,659.0,682.0,760.0,934,1470.0,2410.0,7450.0
01567000,09-05,662.0,677.0,767.0,951,1420.0,2530.0,6060.0
01567000,09-06,635.0,661.0,740.0,999,1470.0,2580.0,8990.0
01567000,09-07,622.0,675.0,750.0,1060,1540.0,4840.0,27700.0
01567000,09-08,611.0,663.0,748.0,1020,1550.0,4120.0,23700.0
01567000,09-09,605.0,661.0,728.0,1040,1470.0,5450.0,15600.0
01567000,09-10,577.0,637.0,749.0,1080,1400.0,6720.0,28200.0
01567000,09-11,554.0,641.0,727.0,1060,1380.0,6140.0,21900.0
01567000,09-12,542.0,647.0,735.0,1040,1500.0,4140.0,18900.0
01567000,09-13,528.0,649.0,727.0,1040,1540.0,3460.0,21300.0
01567000,09-14,624.0,670.0,742.0,1050,1540.0,3510.0,18500.0
01567000,09-15,566.0,655.0,738.0,1050,1570.0,3730.0,13100.0
01567000,09-16,550.0,668.0,722.0,1000,1450.0,3400.0,10400.0
01567000,09-17,530.0,675.0,737.0,1070,1610.0,3410.0,9480.0
01567000,09-18,542.0,668.0,769.0,944,1610.0,4250.0,21800.0
01567000,09-19,541.0,657.0,765.0,972,1970.0,4160.0,18100.0
01567000,09-20,559.0,643.0,761.0,976,1790.0,3710.0,14000.0
01567000,09-21,584.0,640.0,761.0,908,1720.0,3000.0,11800.0
01567000,09-22,596.0,666.0,749.0,932,1470.0,3440.0,9310.0
01567000,09-23,605.0,644.0,735.0,904,1370.0,7090.0,18600.0
01567000,09-24,608.0,653.0,726.0,865,1330.0,6040.0,20400.0
01567000,09-25,616.0,656.0,772.0,900,1410.0,7710.0,14400.0
01567000,09-26,617.0,656.0,765.0,909,1560.0,7570.0,17400.0
01567000,09-27,630.0,672.0,751.0,1020,1630.0,7540.0,16700.0
01567000,09-28,612.0,667.0,807.0,1070,1710.0,7030.0,19400.0
01567000,09-29,574.0,664.0,778.0,1100,2010.0,10200.0,18900.0
01567000,09-30,552.0,661.0,789.0,1110,2230.0,10400.0,14100.0
01567000,10-01,557.0,683.0,773.0,1100,2110.0,8940.0,11500.0
01567000,10-02,587.0,673.0,768.0,1110,2140.0,7350.0,10700.0
01567000,10-03,613.0,675.0,799.0,1050,2030.0,6480.0,10100.0
01567000,10-04,601.0,681.0,789.0,1060,2040.0,6700.0,12600.0
01567000,10-05,624.0,685.0,775.0,1020,2230.0,5960.0,11100.0
01567000,10-06,650.0,689.0,751.0,1020,2080.0,5610.0,9770.0
01567000,10-07,620.0,694.0,776.0,1010,1760.0,4870.0,7440.0
01567000,10-08,607.0,681.0,773.0,984,1780.0,3890.0,6610.0
01567000,10-09,606.0,660.0,763.0,938,1640.0,4080.0,7770.0
01567000,10-10,602.0,658.0,816.0,998,1790.0,4060.0,6530.0
01567000,10-11,599.0,661.0,800.0,1020,1940.0,4900.0,7080.0
01567000,10-12,617.0,672.0,795.0,999,1810.0,5280.0,8960.0
01567000,10-13,614.0,688.0,791.0,967,2220.0,5260.0,12300.0
01567000,10-14,614.0,679.0,807.0,993,2070.0,5000.0,10200.0
01567000,10-15,656.0,686.0,796.0,1060,1780.0,4830.0,10600.0
01567000,10-16,659.0,727.0,806.0,1020,1930.0,5620.0,7140.0
01567000,10-17,656.0,701.0,809.0,1060,2020.0,4990.0,7030.0
01567000,10-18,657.0,707.0,804.0,1040,2060.0,4830.0,8470.0
01567000,10-19,669.0,690.0,801.0,1020,2520.0,5100.0,10800.0
01567000,10-20,647.0,682.0,779.0,1050,2710.0,7820.0,10200.0
01567000,10-21,639.0,693.0,807.0,1040,2390.0,8210.0,10700.0
01567000,10-22,649.0,669.0,808.0,1010,2510.0,7580.0,14200.0
01567000,10-23,632.0,669.0,797.0,1080,2250.0,8350.0,11300.0
01567000,10-24,637.0,684.0,852.0,1060,2290.0,6820.0,11800.0
01567000,10-25,676.0,732.0,869.0,1050,2410.0,6590.0,14400.0
01567000,10-26,684.0,726.0,881.0,1090,2860.0,5470.0,12700.0
01567000,10-27,674.0,718.0,918.0,1130,3150.0,6020.0,8630.0
01567000,10-28,684.0,712.0,919.0,1140,3300.0,7450.0,9540.0
01567000,10-29,700.0,753.0,910.0,1360,3290.0,7460.0,10200.0
01567000,10-30,695.0,757.0,906.0,1410,4330.0,8220.0,19500.0
01567000,10-31,691.0,748.0,899.0,1410,4250.0,7650.0,19400.0
01567000,11-01,682.0,718.0,880.0,1530,3830.0,6760.0,11600.0
01567000,11-02,695.0,722.0,872.0,1500,3710.0,6490.0,10400.0
01567000,11-03,679.0,757.0,852.0,1480,4030.0,6830.0,10100.0
01567000,11-04,684.0,763.0,872.0,1620,3560.0,6150.0,8480.0
01567000,11-05,676.0,750.0,893.0,1450,3150.0,6080.0,8050.0
01567000,11-06,676.0,750.0,942.0,1670,3550.0,5990.0,8430.0
01567000,11-07,681.0,728.0,933.0,1420,3300.0,6470.0,8380.0
01567000,11-08,662.0,734.0,917.0,1550,3310.0,6750.0,11900.0
01567000,11-09,678.0,747.0,893.0,1810,3610.0,6730.0,17800.0
01567000,11-10,693.0,743.0,919.0,1590,3210.0,6240.0,19600.0
01567000,11-11,649.0,741.0,941.0,1510,3580.0,6390.0,20900.0
01567000,11-12,686.0,762.0,1010.0,1670,3810.0,7760.0,15500.0
01567000,11-13,712.0,788.0,1000.0,1760,4300.0,10200.0,14400.0
01567000,11-14,726.0,777.0,1010.0,1870,4100.0,8730.0,13300.0
01567000,11-15,732.0,774.0,984.0,2070,4290.0,8200.0,11200.0
01567000,11-16,742.0,762.0,993.0,2200,4010.0,8170.0,8920.0
01567000,11-17,765.0,800.0,1080.0,2220,4480.0,7800.0,13400.0
01567000,11-18,874.0,992.0,1190.0,2180,4470.0,6970.0,14100.0
01567000,11-19,849.0,1000.0,1170.0,2140,4350.0,6020.0,12200.0
01567000,11-20,851.0,1030.0,1190.0,2260,4440.0,8160.0,13600.0
01567000,11-21,895.0,1090.0,1260.0,2270,4260.0,7020.0,9870.0
01567000,11-22,895.0,984.0,1250.0,2390,4080.0,6820.0,9740.0
01567000,11-23,924.0,1020.0,1230.0,2320,4410.0,6890.0,12100.0
01567000,11-24,965.0,1110.0,1260.0,2430,4200.0,6230.0,10600.0
01567000,11-25,949.0,1070.0,1360.0,2570,3560.0,7090.0,12600.0
01567000,11-26,954.0,1120.0,1360.0,2480,3770.0,6260.0,13500.0
01567000,11-27,977.0,1140.0,1540.0,2700,4390.0,9680.0,13100.0
01567000,11-28,1010.0,1120.0,1550.0,2760,4970.0,11200.0,17400.0
01567000,11-29,1050.0,1130.0,1630.0,2830,5160.0,11700.0,18200.0
01567000,11-30,1050.0,1110.0,1700.0,2760,6140.0,12400.0,22200.0
01567000,12-01,1070.0,1240.0,1830.0,2610,6110.0,12800.0,22500.0
01567000,12-02,1150.0,1310.0,1720.0,2460,5980.0,13900.0,23200.0
01567000,12-03,1220.0,1540.0,1760.0,2590,5640.0,13800.0,19900.0
01567000,12-04,1270.0,1500.0,1740.0,3000,5850.0,12000.0,16900.0
01567000,12-05,1170.0,1550.0,1730.0,2890,5750.0,10600.0,17700.0
01567000,12-06,1110.0,1520.0,1790.0,2660,6330.0,10500.0,13200.0
01567000,12-07,1080.0,1470.0,1610.0,2490,6850.0,11500.0,13000.0
01567000,12-08,1070.0,1450.0,1680.0,2480,6870.0,10100.0,14900.0
01567000,12-09,1100.0,1410.0,1600.0,2490,5460.0,8030.0,13700.0
01567000,12-10,1140.0,1430.0,1670.0,2730,5530.0,8310.0,13800.0
01567000,12-11,1220.0,1380.0,1800.0,3120,5140.0,11300.0,19100.0
01567000,12-12,1180.0,1350.0,1860.0,3900,5920.0,11100.0,19000.0
01567000,12-13,1150.0,1240.0,1800.0,3570,6390.0,11800.0,17400.0
01567000,12-14,1120.0,1330.0,1670.0,3260,5910.0,9980.0,23100.0
01567000,12-15,1070.0,1240.0,1700.0,3730,5500.0,10400.0,15400.0
01567000,12-16,1020.0,1300.0,1760.0,3700,6340.0,11400.0,14800.0
01567000,12-17,1030.0,1330.0,1870.0,3520,6040.0,11300.0,13400.0
01567000,12-18,1020.0,1400.0,1830.0,4050,6350.0,9700.0,11400.0
01567000,12-19,1070.0,1400.0,1840.0,4040,5720.0,9380.0,13700.0
01567000,12-20,1020.0,1390.0,1810.0,3880,5270.0,9640.0,13200.0
01567000,12-21,1020.0,1410.0,1900.0,3650,5070.0,11100.0,16100.0
01567000,12-22,988.0,1410.0,1860.0,3600,5510.0,14600.0,16500.0
01567000,12-23,945.0,1420.0,1880.0,3160,5940.0,13300.0,16800.0
01567000,12-24,958.0,1370.0,2000.0,3070,7000.0,11800.0,20500.0
01567000,12-25,993.0,1310.0,2100.0,3420,7470.0,14400.0,18200.0
01567000,12-26,1050.0,1270.0,2000.0,3920,7160.0,15200.0,17500.0
01567000,12-27,993.0,1260.0,1940.0,4160,6510.0,13200.0,15500.0
01567000,12-28,1050.0,1210.0,2000.0,4000,6040.0,10800.0,14500.0
01567000,12-29,1000.0,1180.0,2090.0,3770,6410.0,9480.0,15000.0
01567000,12-30,994.0,1260.0,2000.0,4030,6770.0,8750.0,11300.0
01567000,12-31,929.0,1420.0,1910.0,4220,6300.0,8350.0,11200.0
