SiteCode,MonthDay,p05,p10,p25,p50,p75,p90,p95
01447800,01-01,168.0,232.0,344,521,827,1240,2010.0
01447800,01-02,176.0,267.0,365,493,996,1500,1960.0
01447800,01-03,203.0,255.0,326,511,974,1490,1820.0
01447800,01-04,198.0,238.0,325,477,827,1160,1550.0
01447800,01-05,203.0,233.0,317,455,786,1410,1860.0
01447800,01-06,196.0,207.0,322,473,884,1330,1920.0
01447800,01-07,173.0,202.0,322,474,899,1410,1870.0
01447800,01-08,191.0,212.0,322,409,823,1400,1630.0
01447800,01-09,202.0,249.0,318,438,693,1200,1930.0
01447800,01-10,221.0,235.0,309,427,695,1400,1870.0
01447800,01-11,232.0,262.0,311,427,774,1570,2410.0
01447800,01-12,240.0,270.0,323,484,755,1510,2160.0
01447800,01-13,239.0,256.0,321,497,913,1330,2030.0
01447800,01-14,190.0,251.0,320,460,919,1420,1870.0
01447800,01-15,178.0,239.0,299,432,843,1370,1680.0
01447800,01-16,175.0,222.0,305,446,838,1420,1830.0
01447800,01-17,171.0,219.0,289,426,699,1190,1570.0
01447800,01-18,164.0,211.0,294,455,686,953,1210.0
01447800,01-19,179.0,228.0,285,473,624,988,1530.0
01447800,01-20,193.0,220.0,286,474,671,1270,2130.0
01447800,01-21,194.0,211.0,275,492,638,1350,1910.0
01447800,01-22,206.0,221.0,281,462,610,1150,1400.0
01447800,01-23,210.0,234.0,281,430,632,1330,1990.0
01447800,01-24,213.0,239.0,307,460,703,1320,2060.0
01447800,01-25,213.0,240.0,310,475,869,1210,2050.0
01447800,01-26,206.0,236.0,287,473,990,1790,4000.0
01447800,01-27,206.0,240.0,289,437,1080,1850,3300.0
01447800,01-28,199.0,210.0,282,478,1110,2180,4060.0
01447800,01-29,176.0,214.0,280,440,1020,2090,3110.0
01447800,01-30,180.0,216.0,268,457,890,1790,2770.0
01447800,01-31,183.0,206.0,268,461,821,1490,2600.0
01447800,02-01,185.0,215.0,278,461,809,1240,1880.0
01447800,02-02,184.0,205.0,318,458,717,1110,1400.0
01447800,02-03,192.0,200.0,309,457,696,1170,1380.0
01447800,02-04,178.0,203.0,332,467,766,1250,1560.0
01447800,02-05,180.0,214.0,296,488,830,1200,1810.0
01447800,02-06,187.0,226.0,295,541,736,1230,1480.0
01447800,02-07,171.0,212.0,300,515,771,1190,2170.0
01447800,02-08,186.0,218.0,290,459,667,1240,1880.0
01447800,02-09,177.0,204.0,275,460,616,1200,1430.0
01447800,02-10,163.0,186.0,257,450,600,1130,1340.0
01447800,02-11,167.0,190.0,263,424,547,981,1220.0
01447800,02-12,172.0,220.0,280,400,575,990,1700.0
01447800,02-13,200.0,220.0,273,445,648,1130,1720.0
01447800,02-14,204.0,227.0,296,443,712,1200,1450.0
01447800,02-15,203.0,236.0,307,444,722,1040,1420.0
01447800,02-16,204.0,247.0,317,449,702,1020,1920.0
01447800,02-17,202.0,248.0,341,422,681,1140,2190.0
01447800,02-18,190.0,248.0,300,410,642,1280,1840.0
01447800,02-19,182.0,208.0,302,427,662,1230,1840.0
01447800,02-20,190.0,213.0,320,459,636,1670,2000.0
01447800,02-21,203.0,222.0,333,453,634,1480,2350.0
01447800,02-22,204.0,229.0,334,483,740,1480,2250.0
01447800,02-23,207.0,237.0,327,451,721,1500,2190.0
01447800,02-24,200.0,232.0,322,424,888,1550,1710.0
01447800,02-25,189.0,222.0,330,427,1100,1580,1820.0
01447800,02-26,188.0,237.0,345,466,894,1760,2530.0
01447800,02-27,186.0,243.0,337,506,977,1670,2500.0
01447800,02-28,192.0,217.0,326,542,962,1810,3260.0
01447800,02-29,,219.0,347,599,1260,2030,
01447800,03-01,184.0,226.0,331,582,883,1910,2970.0
01447800,03-02,168.0,228.0,345,580,893,1840,2090.0
01447800,03-03,179.0,246.0,355,555,908,1480,1880.0
01447800,03-04,175.0,252.0,357,555,880,1440,1740.0
01447800,03-05,177.0,243.0,361,567,877,1610,1840.0
01447800,03-06,172.0,249.0,380,578,934,1660,2380.0
01447800,03-07,172.0,218.0,355,550,956,1510,2730.0
01447800,03-08,190.0,245.0,357,620,967,1820,2850.0
01447800,03-09,172.0,253.0,372,620,1030,1740,3490.0
01447800,03-10,173.0,232.0,355,558,924,1870,2770.0
01447800,03-11,207.0,251.0,354,535,973,1880,2280.0
01447800,03-12,229.0,265.0,383,620,1110,1960,3670.0
01447800,03-13,208.0,265.0,396,616,1040,1700,2700.0
01447800,03-14,209.0,308.0,428,624,1120,1580,2010.0
01447800,03-15,257.0,361.0,480,753,1140,1490,2310.0
01447800,03-16,266.0,361.0,466,717,1070,2420,3490.0
01447800,03-17,251.0,279.0,430,760,1120,1950,3120.0
01447800,03-18,245.0,301.0,447,763,1330,1910,2680.0
01447800,03-19,256.0,326.0,470,765,1270,1750,2410.0
01447800,03-20,297.0,327.0,465,802,1240,1740,2230.0
01447800,03-21,326.0,380.0,499,748,1190,1850,2390.0
01447800,03-22,308.0,365.0,479,864,1370,1750,2380.0
01447800,03-23,281.0,305.0,469,838,1520,1870,3160.0
01447800,03-24,254.0,289.0,481,872,1470,2080,2670.0
01447800,03-25,254.0,281.0,502,838,1500,1870,2640.0
01447800,03-26,256.0,269.0,500,830,1270,2460,3090.0
01447800,03-27,256.0,277.0,504,847,1290,1840,2250.0
01447800,03-28,246.0,292.0,484,847,1240,1910,2400.0
01447800,03-29,262.0,320.0,482,856,1390,2300,2720.0
01447800,03-30,244.0,322.0,535,887,1180,3030,4800.0
01447800,03-31,234.0,360.0,544,837,1180,2950,4460.0
01447800,04-01,237.0,347.0,566,830,1310,2030,2750.0
01447800,04-02,194.0,363.0,593,931,1560,2060,2230.0
01447800,04-03,231.0,320.0,571,906,1650,2330,2890.0
01447800,04-04,230.0,319.0,617,1040,1760,2590,3890.0
01447800,04-05,243.0,355.0,558,958,1620,2860,4920.0
01447800,04-06,239.0,298.0,505,879,1620,2760,3440.0
01447800,04-07,249.0,353.0,550,859,1470,3100,5790.0
01447800,04-08,281.0,394.0,553,841,1510,2620,6540.0
01447800,04-09,271.0,380.0,554,800,1400,2830,5700.0
01447800,04-10,282.0,394.0,529,805,1210,3250,3770.0
01447800,04-11,273.0,400.0,501,739,1230,2480,3590.0
01447800,04-12,287.0,406.0,471,725,1240,2150,3290.0
01447800,04-13,273.0,397.0,480,727,1160,1550,2250.0
01447800,04-14,265.0,387.0,477,760,1080,1750,2290.0
01447800,04-15,275.0,357.0,474,691,1150,1660,2850.0
01447800,04-16,207.0,311.0,408,663,1080,1920,2430.0
01447800,04-17,267.0,318.0,415,730,1100,2410,3310.0
01447800,04-18,231.0,294.0,402,674,1120,2740,3630.0
01447800,04-19,187.0,303.0,406,691,1160,2240,3630.0
01447800,04-20,186.0,285.0,410,666,1200,2220,3180.0
01447800,04-21,189.0,277.0,397,623,1150,1910,2740.0
01447800,04-22,194.0,269.0,398,619,1200,1810,1950.0
01447800,04-23,199.0,276.0,417,645,1050,1510,1990.0
01447800,04-24,211.0,294.0,385,562,1040,1350,1800.0
01447800,04-25,232.0,295.0,430,549,1080,1690,2040.0
01447800,04-26,230.0,286.0,468,599,1050,1510,2240.0
01447800,04-27,228.0,282.0,446,648,1070,1500,2290.0
01447800,04-28,245.0,272.0,411,666,992,1720,2240.0
01447800,04-29,248.0,288.0,424,647,931,1790,2110.0
01447800,04-30,240.0,252.0,406,596,928,1440,1740.0
01447800,05-01,190.0,263.0,410,591,895,1570,1790.0
01447800,05-02,202.0,324.0,435,625,952,1350,2590.0
01447800,05-03,301.0,338.0,460,687,926,1380,2060.0
01447800,05-04,304.0,336.0,443,692,979,1620,2180.0
01447800,05-05,298.0,348.0,427,661,971,1630,2070.0
01447800,05-06,273.0,352.0,428,641,882,1400,1940.0
01447800,05-07,302.0,320.0,398,648,918,1370,1640.0
01447800,05-08,200.0,275.0,392,625,1000,1250,2310.0
01447800,05-09,206.0,267.0,410,655,916,1380,2360.0
01447800,05-10,250.0,305.0,457,633,892,1460,1980.0
01447800,05-11,231.0,282.0,455,594,1040,1390,2480.0
01447800,05-12,240.0,314.0,455,614,898,1770,2590.0
01447800,05-13,222.0,295.0,451,635,1020,2060,2440.0
01447800,05-14,224.0,259.0,431,604,1020,2120,2480.0
01447800,05-15,201.0,274.0,383,571,1060,1730,2470.0
01447800,05-16,207.0,271.0,411,563,1030,1690,2190.0
01447800,05-17,191.0,288.0,369,586,1020,2000,2720.0
01447800,05-18,190.0,272.0,385,590,963,1760,3500.0
01447800,05-19,211.0,291.0,380,610,936,1820,2250.0
01447800,05-20,228.0,270.0,390,666,927,1720,2330.0
01447800,05-21,232.0,263.0,410,620,979,1400,2240.0
01447800,05-22,224.0,250.0,342,544,850,1290,1730.0
01447800,05-23,212.0,276.0,355,526,862,1290,1700.0
01447800,05-24,206.0,253.0,376,491,792,1350,1710.0
01447800,05-25,188.0,207.0,337,496,823,1320,1730.0
01447800,05-26,197.0,228.0,324,510,735,1050,1310.0
01447800,05-27,199.0,247.0,361,502,629,957,1380.0
01447800,05-28,178.0,240.0,353,479,683,1060,1410.0
01447800,05-29,176.0,201.0,315,454,773,1260,1500.0
01447800,05-30,167.0,198.0,278,417,729,1580,2170.0
01447800,05-31,159.0,190.0,268,410,743,1230,2290.0
01447800,06-01,160.0,193.0,269,395,754,1440,2480.0
01447800,06-02,152.0,182.0,249,422,782,1700,3240.0
01447800,06-03,153.0,172.0,253,418,705,1650,2530.0
01447800,06-04,138.0,176.0,247,430,713,1210,2090.0
01447800,06-05,150.0,177.0,245,428,682,1060,1830.0
01447800,06-06,142.0,164.0,249,413,655,973,1360.0
01447800,06-07,153.0,194.0,246,378,641,1400,1590.0
01447800,06-08,153.0,187.0,246,450,712,1230,1780.0
01447800,06-09,142.0,191.0,247,409,734,1190,1550.0
01447800,06-10,117.0,163.0,243,451,772,931,1610.0
01447800,06-11,105.0,157.0,266,477,711,997,1660.0
01447800,06-12,112.0,180.0,245,440,701,1130,1530.0
01447800,06-13,161.0,180.0,240,388,699,1040,1340.0
01447800,06-14,137.0,165.0,223,347,691,1110,1600.0
01447800,06-15,137.0,154.0,216,346,733,1230,1450.0
01447800,06-16,135.0,147.0,218,345,640,1290,1460.0
01447800,06-17,135.0,145.0,203,352,566,1180,1360.0
01447800,06-18,136.0,145.0,204,348,705,1110,1460.0
01447800,06-19,128.0,138.0,204,384,744,1310,1480.0
01447800,06-20,129.0,143.0,200,360,804,1290,1500.0
01447800,06-21,113.0,144.0,226,384,620,984,1160.0
01447800,06-22,125.0,150.0,211,376,606,986,1260.0
01447800,06-23,122.0,138.0,182,341,689,1030,1450.0
01447800,06-24,124.0,136.0,202,383,601,993,1350.0
01447800,06-25,116.0,153.0,208,361,528,991,1330.0
01447800,06-26,117.0,139.0,223,347,507,952,1950.0
01447800,06-27,100.0,114.0,200,323,545,842,1590.0
01447800,06-28,79.0,118.0,201,328,564,1020,1340.0
01447800,06-29,81.0,117.0,187,277,478,1290,1480.0
01447800,06-30,103.0,139.0,172,238,527,1020,1410.0
01447800,07-01,90.0,127.0,180,298,546,838,2160.0
01447800,07-02,86.0,120.0,186,295,505,1330,2500.0
01447800,07-03,74.0,113.0,211,295,421,1400,2220.0
01447800,07-04,75.0,113.0,201,295,431,1180,2350.0
01447800,07-05,74.0,124.0,192,296,459,911,2180.0
01447800,07-06,78.0,118.0,194,293,469,724,2030.0
01447800,07-07,78.0,120.0,193,268,480,686,2100.0
01447800,07-08,76.0,112.0,173,257,447,707,1890.0
01447800,07-09,68.0,103.0,150,224,507,828,1500.0
01447800,07-10,69.0,100.0,151,249,462,785,1560.0
01447800,07-11,75.0,107.0,159,243,445,808,1410.0
01447800,07-12,68.0,103.0,166,230,389,648,1300.0
01447800,07-13,68.0,101.0,168,260,367,754,1170.0
01447800,07-14,76.0,103.0,165,251,364,722,1060.0
01447800,07-15,67.0,91.0,160,226,377,902,1550.0
01447800,07-16,66.0,73.0,149,257,349,893,2150.0
01447800,07-17,67.0,92.0,162,265,390,734,1850.0
01447800,07-18,69.0,108.0,162,261,385,648,1040.0
01447800,07-19,67.0,97.0,162,283,376,608,868.0
01447800,07-20,67.0,79.0,151,269,435,573,739.0
01447800,07-21,66.0,82.0,164,287,521,617,712.0
01447800,07-22,66.0,86.0,166,267,434,627,792.0
01447800,07-23,71.0,89.0,145,282,438,678,886.0
01447800,07-24,67.0,90.0,156,273,423,689,1050.0
01447800,07-25,66.0,87.0,145,252,456,612,939.0
01447800,07-26,67.0,90.0,132,232,492,601,970.0
01447800,07-27,68.0,88.0,130,211,435,578,961.0
01447800,07-28,58.0,89.0,142,237,447,708,1110.0
01447800,07-29,59.0,93.0,130,248,390,696,914.0
01447800,07-30,59.0,89.0,162,256,458,584,913.0
01447800,07-31,57.0,89.0,134,256,364,631,793.0
01447800,08-01,56.0,78.0,131,255,339,559,769.0
01447800,08-02,59.0,82.0,131,264,339,1010,1440.0
01447800,08-03,55.0,70.0,127,263,498,1150,1770.0
01447800,08-04,55.0,66.0,144,240,454,804,1440.0
01447800,08-05,55.0,75.0,145,240,521,802,1290.0
01447800,08-06,55.0,75.0,121,239,489,834,2140.0
01447800,08-07,54.0,71.0,119,260,399,647,1720.0
01447800,08-08,53.0,71.0,119,237,421,719,918.0
01447800,08-09,54.0,78.0,117,245,391,686,947.0
01447800,08-10,54.0,76.0,114,257,416,750,1110.0
01447800,08-11,55.0,69.0,127,244,376,784,1250.0
01447800,08-12,67.0,73.0,169,242,355,761,1080.0
01447800,08-13,65.0,76.0,135,252,438,623,1210.0
01447800,08-14,60.0,72.0,138,265,405,634,1540.0
01447800,08-15,60.0,77.0,137,253,414,670,1620.0
01447800,08-16,58.0,84.0,121,214,464,669,1030.0
01447800,08-17,64.0,90.0,110,203,441,653,982.0
01447800,08-18,71.0,90.0,115,248,424,577,760.0
01447800,08-19,75.0,89.0,127,243,419,566,776.0
01447800,08-20,75.0,89.0,123,215,423,596,785.0
01447800,08-21,73.0,87.0,119,209,352,586,755.0
01447800,08-22,58.0,70.0,105,190,324,595,882.0
01447800,08-23,58.0,75.0,102,182,358,729,1010.0
01447800,08-24,71.0,75.0,108,229,337,745,1030.0
01447800,08-25,69.0,77.0,118,232,306,633,1150.0
01447800,08-26,69.0,76.0,106,207,296,682,1440.0
01447800,08-27,58.0,67.0,94,182,288,655,1870.0
01447800,08-28,56.0,60.0,97,181,296,656,903.0
01447800,08-29,58.0,69.0,110,195,339,761,1050.0
01447800,08-30,60.0,70.0,123,201,391,784,1950.0
01447800,08-31,65.0,71.0,126,203,448,967,2480.0
01447800,09-01,66.0,72.0,125,199,422,753,1680.0
01447800,09-02,61.0,71.0,120,188,313,901,994.0
01447800,09-03,56.0,71.0,122,182,306,750,1280.0
01447800,09-04,52.0,71.0,107,175,309,653,1640.0
01447800,09-05,59.0,68.0,104,168,296,935,1570.0
01447800,09-06,61.0,68.0,93,163,377,845,1740.0
01447800,09-07,64.0,70.0,90,159,302,866,1640.0
01447800,09-08,55.0,66.0,93,161,298,591,1260.0
01447800,09-09,53.0,66.0,88,172,311,898,1400.0
01447800,09-10,51.0,58.0,88,183,293,844,1930.0
01447800,09-11,49.0,56.0,81,180,327,933,2290.0
01447800,09-12,45.0,56.0,74,169,301,1010,1830.0
01447800,09-13,48.0,56.0,87,176,376,749,1090.0
01447800,09-14,45.0,55.0,83,194,436,862,1160.0
01447800,09-15,48.0,55.0,94,224,557,904,1050.0
01447800,09-16,52.0,64.0,110,192,452,1040,2670.0
01447800,09-17,52.0,64.0,99,223,449,1000,1510.0
01447800,09-18,52.0,66.0,93,213,410,893,1320.0
01447800,09-19,52.0,64.0,123,230,528,1060,1470.0
01447800,09-20,46.0,60.0,136,214,479,1290,1940.0
01447800,09-21,51.0,61.0,136,186,482,1360,2790.0
01447800,09-22,51.0,62.0,129,178,482,1200,2230.0
01447800,09-23,52.0,75.0,138,183,479,1020,1720.0
01447800,09-24,54.0,71.0,131,193,536,1170,1880.0
01447800,09-25,58.0,83.0,130,203,393,1230,2080.0
01447800,09-26,59.0,80.0,123,197,470,1410,1960.0
01447800,09-27,52.0,76.0,123,171,484,1970,2670.0
01447800,09-28,63.0,69.0,135,211,554,1870,2660.0
01447800,09-29,67.0,83.0,130,250,566,1730,2640.0
01447800,09-30,69.0,85.0,128,275,511,1260,2940.0
01447800,10-01,75.0,94.0,131,251,504,1010,1660.0
01447800,10-02,73.0,87.0,128,252,535,1150,1750.0
01447800,10-03,73.0,92.0,121,250,520,1140,2380.0
01447800,10-04,67.0,84.0,110,275,488,1170,2160.0
01447800,10-05,67.0,73.0,115,264,619,1600,2820.0
01447800,10-06,67.0,76.0,115,219,463,1550,2720.0
01447800,10-07,68.0,76.0,124,228,549,1980,2660.0
01447800,10-08,68.0,79.0,124,252,608,1580,2510.0
01447800,10-09,66.0,75.0,116,228,566,1350,1920.0
01447800,10-10,62.0,83.0,128,266,699,1250,1770.0
01447800,10-11,62.0,79.0,152,301,914,1380,2040.0
01447800,10-12,62.0,79.0,144,403,760,1610,1990.0
01447800,10-13,60.0,67.0,140,362,709,1070,2220.0
01447800,10-14,63.0,78.0,162,333,564,1120,1560.0
01447800,10-15,67.0,84.0,145,332,606,1200,1580.0
01447800,10-16,73.0,98.0,165,311,571,1220,1380.0
01447800,10-17,72.0,109.0,151,357,719,1190,1350.0
01447800,10-18,69.0,95.0,140,290,619,1010,1850.0
01447800,10-19,61.0,82.0,155,307,636,1130,1690.0
01447800,10-20,60.0,82.0,163,324,721,1210,2210.0
01447800,10-21,62.0,88.0,146,337,624,1300,2390.0
01447800,10-22,66.0,97.0,159,285,670,1500,2560.0
01447800,10-23,66.0,90.0,163,318,662,1760,2670.0
01447800,10-24,66.0,84.0,168,361,695,1570,2190.0
01447800,10-25,67.0,86.0,167,323,678,1160,1660.0
01447800,10-26,67.0,83.0,145,312,679,1250,1850.0
01447800,10-27,68.0,100.0,158,308,622,1220,1650.0
01447800,10-28,67.0,100.0,164,331,783,1300,1600.0
01447800,10-29,87.0,125.0,202,345,775,1400,1980.0
01447800,10-30,88.0,123.0,190,429,795,1360,1890.0
01447800,10-31,80.0,116.0,187,435,885,1340,2150.0
01447800,11-01,77.0,114.0,166,474,826,1270,2140.0
01447800,11-02,78.0,117.0,155,494,887,1150,1960.0
01447800,11-03,83.0,117.0,210,497,858,1320,1740.0
01447800,11-04,83.0,120.0,191,454,766,1390,2190.0
01447800,11-05,81.0,110.0,202,450,696,1010,1530.0
01447800,11-06,75.0,113.0,223,439,692,1010,1120.0
01447800,11-07,83.0,121.0,261,469,707,873,1280.0
01447800,11-08,84.0,117.0,262,480,692,1050,1290.0
01447800,11-09,93.0,103.0,221,468,637,1050,1270.0
01447800,11-10,82.0,111.0,240,462,586,1380,2270.0
01447800,11-11,77.0,112.0,241,448,594,1400,2550.0
01447800,11-12,80.0,113.0,245,479,605,1390,2320.0
01447800,11-13,74.0,130.0,231,483,738,1840,2420.0
01447800,11-14,68.0,116.0,259,448,943,1680,2020.0
01447800,11-15,71.0,111.0,274,438,804,1520,2190.0
01447800,11-16,75.0,116.0,300,458,888,1330,1880.0
01447800,11-17,74.0,129.0,270,508,907,1320,2150.0
01447800,11-18,78.0,130.0,230,473,896,1340,1600.0
01447800,11-19,91.0,120.0,210,449,806,1330,2290.0
01447800,11-20,81.0,116.0,265,442,759,1460,1610.0
01447800,11-21,82.0,111.0,263,438,850,1300,1520.0
01447800,11-22,80.0,112.0,269,459,860,1300,1720.0
01447800,11-23,80.0,112.0,275,462,905,1340,1440.0
01447800,11-24,84.0,104.0,280,518,778,1150,1580.0
01447800,11-25,86.0,119.0,312,529,751,1190,1580.0
01447800,11-26,116.0,173.0,319,496,761,1300,1740.0
01447800,11-27,177.0,229.0,393,528,863,1460,1630.0
01447800,11-28,149.0,225.0,381,531,987,1640,2010.0
01447800,11-29,221.0,262.0,363,589,1040,1820,2870.0
01447800,11-30,222.0,254.0,421,715,1040,1850,2920.0
01447800,12-01,192.0,223.0,397,633,914,2080,2760.0
01447800,12-02,193.0,263.0,404,595,898,1940,2280.0
01447800,12-03,205.0,226.0,397,609,855,1770,3060.0
01447800,12-04,186.0,273.0,389,592,918,1480,2350.0
01447800,12-05,162.0,240.0,371,584,955,1240,3070.0
01447800,12-06,183.0,258.0,353,579,951,1580,2100.0
01447800,12-07,173.0,242.0,348,572,920,1420,1750.0
01447800,12-08,182.0,227.0,333,557,860,1520,1830.0
01447800,12-09,171.0,212.0,333,566,868,1420,2030.0
01447800,12-10,171.0,204.0,370,560,897,1440,2130.0
01447800,12-11,162.0,212.0,345,601,849,1600,2040.0
01447800,12-12,154.0,192.0,337,583,975,1800,2320.0
01447800,12-13,153.0,208.0,313,553,1040,1700,2510.0
01447800,12-14,153.0,228.0,328,552,1060,1390,1930.0
01447800,12-15,177.0,213.0,344,567,991,1460,3660.0
01447800,12-16,134.0,161.0,358,564,950,1470,3120.0
01447800,12-17,140.0,189.0,340,574,882,1500,2450.0
01447800,12-18,151.0,229.0,370,576,877,1470,2200.0
01447800,12-19,168.0,241.0,370,595,866,1230,2750.0
01447800,12-20,150.0,227.0,364,588,834,1130,2200.0
01447800,12-21,149.0,252.0,369,509,853,1200,1770.0
01447800,12-22,161.0,233.0,349,493,875,1430,2100.0
01447800,12-23,161.0,223.0,346,503,751,1350,2440.0
01447800,12-24,155.0,225.0,345,536,792,1760,2620.0
01447800,12-25,187.0,265.0,371,520,942,1600,2690.0
01447800,12-26,157.0,269.0,362,562,1060,1930,2530.0
01447800,12-27,195.0,245.0,358,529,1120,1860,3210.0
01447800,12-28,179.0,207.0,342,533,1090,1650,2240.0
01447800,12-29,178.0,204.0,331,520,1000,1500,2270.0
01447800,12-30,178.0,219.0,353,526,974,1320,2250.0
01447800,12-31,178.0,226.0,320,505,892,1360,1740.0
01449000,01-01,337.0,558.0,824,1310,2050,2420,3600.0
01449000,01-02,351.0,556.0,827,1200,2150,2710,3280.0
01449000,01-03,400.0,570.0,807,1200,2060,3100,3580.0
01449000,01-04,387.0,510.0,798,1140,1740,2500,3510.0
01449000,01-05,409.0,500.0,778,1070,1650,2710,3610.0
01449000,01-06,440.0,455.0,764,1040,1690,2790,3390.0
01449000,01-07,422.0,467.0,724,1030,1770,2780,3330.0
01449000,01-08,415.0,465.0,678,1010,2050,2840,3000.0
01449000,01-09,410.0,477.0,635,955,1960,2400,3470.0
01449000,01-10,466.0,514.0,683,923,1760,2600,4780.0
01449000,01-11,496.0,552.0,649,998,1740,2820,4220.0
01449000,01-12,486.0,509.0,733,1010,1570,2800,3840.0
01449000,01-13,503.0,520.0,693,1020,1900,2840,4670.0
01449000,01-14,396.0,510.0,688,1010,1800,3580,7550.0
01449000,01-15,370.0,523.0,650,959,1850,2970,5240.0
01449000,01-16,348.0,486.0,626,960,1730,2800,5310.0
01449000,01-17,347.0,465.0,628,922,1650,2810,4730.0
01449000,01-18,345.0,464.0,614,946,1510,2700,4720.0
01449000,01-19,410.0,480.0,614,980,1450,2630,6190.0
01449000,01-20,448.0,506.0,666,1050,1540,3360,6800.0
01449000,01-21,393.0,487.0,643,1050,1480,3240,5880.0
01449000,01-22,398.0,455.0,620,1020,1390,2370,5190.0
01449000,01-23,423.0,452.0,630,900,1360,2850,5110.0
01449000,01-24,435.0,457.0,630,960,1660,4630,6150.0
01449000,01-25,396.0,440.0,670,1090,1870,4270,5590.0
01449000,01-26,388.0,438.0,652,990,2190,4170,5970.0
01449000,01-27,390.0,445.0,651,958,2110,4290,6200.0
01449000,01-28,394.0,462.0,634,930,2160,4060,5620.0
01449000,01-29,389.0,445.0,612,897,2060,3320,5210.0
01449000,01-30,384.0,486.0,620,888,1690,2570,5450.0
01449000,01-31,380.0,486.0,613,933,1640,2740,4680.0
01449000,02-01,378.0,503.0,609,932,1520,2550,3920.0
01449000,02-02,396.0,508.0,727,936,1530,2280,2920.0
01449000,02-03,453.0,534.0,689,971,1490,2550,3000.0
01449000,02-04,473.0,515.0,727,979,1600,2730,3090.0
01449000,02-05,457.0,505.0,704,1040,1740,2920,3420.0
01449000,02-06,447.0,484.0,622,1090,1690,2320,3150.0
01449000,02-07,448.0,499.0,606,1100,1640,2390,3460.0
01449000,02-08,423.0,481.0,646,994,1610,2350,3620.0
01449000,02-09,350.0,460.0,612,979,1460,2230,3060.0
01449000,02-10,333.0,431.0,597,992,1280,2140,2350.0
01449000,02-11,325.0,424.0,571,921,1270,2050,2160.0
01449000,02-12,368.0,481.0,624,945,1270,1840,2370.0
01449000,02-13,428.0,460.0,606,953,1480,2270,2460.0
01449000,02-14,427.0,496.0,617,916,1450,2120,2580.0
01449000,02-15,400.0,486.0,619,980,1460,2050,2980.0
01449000,02-16,421.0,501.0,701,999,1410,2220,3680.0
01449000,02-17,449.0,537.0,728,943,1260,2250,4470.0
01449000,02-18,401.0,546.0,718,920,1350,3250,4120.0
01449000,02-19,401.0,527.0,657,931,1300,2660,3620.0
01449000,02-20,392.0,516.0,680,962,1360,2950,3440.0
01449000,02-21,448.0,560.0,725,984,1450,2970,3310.0
01449000,02-22,440.0,602.0,741,981,1590,3070,3410.0
01449000,02-23,454.0,571.0,723,1020,1720,2780,3290.0
01449000,02-24,448.0,570.0,739,996,1650,3150,3270.0
01449000,02-25,430.0,516.0,767,945,2110,3200,4560.0
01449000,02-26,452.0,494.0,787,996,2020,2960,5080.0
01449000,02-27,479.0,545.0,783,1070,1960,2780,3880.0
01449000,02-28,473.0,543.0,788,1130,1880,2970,4130.0
01449000,02-29,,680.0,807,2120,2890,5210,
01449000,03-01,484.0,595.0,810,1110,1770,2930,3690.0
01449000,03-02,470.0,665.0,852,1170,1580,3110,3950.0
01449000,03-03,554.0,642.0,894,1180,1730,2680,3400.0
01449000,03-04,569.0,636.0,901,1190,1790,2540,3010.0
01449000,03-05,612.0,653.0,901,1190,1660,2730,4220.0
01449000,03-06,578.0,665.0,892,1180,2100,3420,3840.0
01449000,03-07,577.0,606.0,905,1190,2020,3200,4770.0
01449000,03-08,526.0,617.0,876,1270,2000,3000,4370.0
01449000,03-09,536.0,620.0,857,1180,2060,3020,6010.0
01449000,03-10,537.0,638.0,863,1210,2010,4300,5550.0
01449000,03-11,588.0,647.0,825,1250,2400,4190,6970.0
01449000,03-12,601.0,730.0,951,1340,2640,4020,5820.0
01449000,03-13,586.0,694.0,1010,1390,2740,3690,4750.0
01449000,03-14,592.0,832.0,1020,1420,2510,3590,3770.0
01449000,03-15,609.0,830.0,1010,1510,2450,3070,7970.0
01449000,03-16,647.0,805.0,1000,1570,2090,3640,7180.0
01449000,03-17,677.0,729.0,1110,1510,2210,4140,7130.0
01449000,03-18,658.0,733.0,1020,1520,2320,3650,5890.0
01449000,03-19,678.0,796.0,1020,1450,2290,3630,5600.0
01449000,03-20,663.0,776.0,1030,1440,2400,3370,4150.0
01449000,03-21,681.0,802.0,1020,1530,2270,3860,4650.0
01449000,03-22,681.0,775.0,1100,1420,2640,3650,5960.0
01449000,03-23,672.0,745.0,1030,1440,2760,4350,5360.0
01449000,03-24,596.0,717.0,1060,1410,2640,3860,5110.0
01449000,03-25,588.0,752.0,1140,1610,2570,3990,5890.0
01449000,03-26,589.0,757.0,1170,1680,2480,3710,4990.0
01449000,03-27,592.0,698.0,1100,1730,2290,4190,4820.0
01449000,03-28,572.0,693.0,1110,1700,2650,4390,4750.0
01449000,03-29,569.0,730.0,1180,1650,3040,4810,6390.0
01449000,03-30,558.0,789.0,1190,1620,2670,5210,6950.0
01449000,03-31,600.0,717.0,1230,1630,2600,5030,7510.0
01449000,04-01,593.0,761.0,1230,1690,2590,3920,6190.0
01449000,04-02,608.0,767.0,1240,1740,2450,3970,7370.0
01449000,04-03,607.0,852.0,1230,1760,2990,4780,8500.0
01449000,04-04,595.0,781.0,1200,1740,3310,6120,7310.0
01449000,04-05,586.0,727.0,1150,1660,3320,7520,9130.0
01449000,04-06,578.0,702.0,1140,1670,3220,6030,8860.0
01449000,04-07,572.0,774.0,1030,1580,2800,6280,8270.0
01449000,04-08,746.0,814.0,1090,1500,2720,7620,9300.0
01449000,04-09,763.0,786.0,1060,1410,2570,6670,8330.0
01449000,04-10,686.0,810.0,1080,1400,2610,6100,7080.0
01449000,04-11,628.0,829.0,1020,1400,2290,5210,5880.0
01449000,04-12,612.0,866.0,969,1460,2560,3900,5580.0
01449000,04-13,616.0,863.0,1010,1490,2610,3130,5880.0
01449000,04-14,612.0,805.0,988,1540,2240,3670,5920.0
01449000,04-15,623.0,757.0,981,1530,2240,4210,6920.0
01449000,04-16,654.0,806.0,1000,1430,2510,4770,7190.0
01449000,04-17,637.0,794.0,956,1410,2600,5810,7090.0
01449000,04-18,599.0,785.0,949,1300,3050,5380,5780.0
01449000,04-19,543.0,726.0,941,1160,2930,4630,7930.0
01449000,04-20,489.0,763.0,916,1300,2590,4520,7330.0
01449000,04-21,475.0,720.0,874,1390,2510,3650,5980.0
01449000,04-22,537.0,645.0,864,1320,2290,3790,4270.0
01449000,04-23,638.0,704.0,990,1410,2260,3370,3780.0
01449000,04-24,631.0,680.0,890,1420,2320,2910,3840.0
01449000,04-25,601.0,685.0,885,1240,1990,2810,3730.0
01449000,04-26,665.0,678.0,890,1400,2140,3350,3780.0
01449000,04-27,644.0,666.0,864,1340,2180,3100,4720.0
01449000,04-28,578.0,637.0,851,1410,1910,2970,5180.0
01449000,04-29,609.0,655.0,888,1390,1970,3160,4230.0
01449000,04-30,543.0,629.0,900,1240,1870,3280,3920.0
01449000,05-01,543.0,673.0,868,1200,2070,3710,5560.0
01449000,05-02,626.0,741.0,850,1200,2020,3140,6160.0
01449000,05-03,723.0,750.0,929,1260,2150,3720,4320.0
01449000,05-04,690.0,758.0,938,1320,2080,3450,3770.0
01449000,05-05,693.0,786.0,985,1410,2250,3070,3500.0
01449000,05-06,697.0,795.0,982,1410,2170,3240,4440.0
01449000,05-07,659.0,772.0,944,1490,2200,2920,5510.0
01449000,05-08,666.0,717.0,935,1370,2130,2640,5840.0
01449000,05-09,608.0,703.0,968,1470,2080,3140,6240.0
01449000,05-10,613.0,810.0,1010,1350,1960,3270,6770.0
01449000,05-11,601.0,694.0,1070,1390,2020,2910,5880.0
01449000,05-12,583.0,688.0,1050,1380,2060,4030,5260.0
01449000,05-13,575.0,757.0,1050,1240,1960,3950,4540.0
01449000,05-14,551.0,571.0,945,1260,1910,4130,5110.0
01449000,05-15,548.0,622.0,886,1220,2150,3510,5730.0
01449000,05-16,474.0,653.0,803,1280,2130,3760,4510.0
01449000,05-17,455.0,625.0,843,1260,2040,4990,6480.0
01449000,05-18,457.0,631.0,815,1290,1900,5270,6630.0
01449000,05-19,512.0,590.0,820,1310,1780,4140,5250.0
01449000,05-20,498.0,665.0,793,1340,1860,3920,5280.0
01449000,05-21,504.0,656.0,775,1230,1820,3190,5070.0
01449000,05-22,550.0,646.0,740,1100,1990,2920,4330.0
01449000,05-23,544.0,621.0,731,1120,1950,2840,6310.0
01449000,05-24,488.0,608.0,770,1050,1930,2970,4650.0
01449000,05-25,506.0,557.0,718,970,1560,2910,4490.0
01449000,05-26,464.0,583.0,741,1010,1570,2430,3220.0
01449000,05-27,530.0,609.0,753,1070,1530,2300,2870.0
01449000,05-28,541.0,596.0,772,1040,1610,2310,2730.0
01449000,05-29,472.0,535.0,799,963,1670,2310,5820.0
01449000,05-30,445.0,485.0,679,966,1620,3030,5010.0
01449000,05-31,413.0,517.0,655,924,1650,3120,4950.0
01449000,06-01,467.0,524.0,645,923,1540,3580,6420.0
01449000,06-02,434.0,488.0,578,933,1570,3090,5320.0
01449000,06-03,405.0,442.0,597,975,1550,2960,4470.0
01449000,06-04,405.0,446.0,583,960,1490,2480,3640.0
01449000,06-05,421.0,446.0,536,970,1420,2480,2930.0
01449000,06-06,409.0,460.0,650,950,1340,2170,3140.0
01449000,06-07,394.0,448.0,618,935,1360,2810,2930.0
01449000,06-08,402.0,473.0,605,918,1400,2480,2870.0
01449000,06-09,406.0,472.0,572,894,1500,2690,2950.0
01449000,06-10,394.0,454.0,581,868,1560,2300,2950.0
01449000,06-11,342.0,379.0,538,881,1440,2450,3240.0
01449000,06-12,388.0,419.0,610,930,1560,2100,3300.0
01449000,06-13,410.0,481.0,580,1030,1520,2440,4330.0
01449000,06-14,372.0,440.0,561,872,1610,2730,3110.0
01449000,06-15,347.0,435.0,558,929,1570,2500,2870.0
01449000,06-16,336.0,386.0,539,897,1500,2510,2850.0
01449000,06-17,329.0,369.0,510,823,1660,2310,2380.0
01449000,06-18,331.0,387.0,470,830,1560,2270,2350.0
01449000,06-19,323.0,369.0,481,832,1430,2270,2400.0
01449000,06-20,311.0,394.0,499,849,1390,2220,2490.0
01449000,06-21,308.0,370.0,482,817,1230,2030,2870.0
01449000,06-22,351.0,406.0,493,777,1080,2290,2710.0
01449000,06-23,341.0,406.0,494,800,1180,2130,2750.0
01449000,06-24,326.0,371.0,514,750,1190,1950,2940.0
01449000,06-25,329.0,383.0,544,780,1170,1690,2760.0
01449000,06-26,378.0,397.0,565,693,1040,1920,6210.0
01449000,06-27,354.0,445.0,536,665,1130,1840,5480.0
01449000,06-28,294.0,337.0,484,673,1260,2260,2730.0
01449000,06-29,283.0,350.0,450,713,1190,2220,2550.0
01449000,06-30,310.0,353.0,444,576,1120,2260,3380.0
01449000,07-01,313.0,339.0,426,607,1170,2020,7480.0
01449000,07-02,278.0,340.0,454,681,1240,2360,6860.0
01449000,07-03,269.0,324.0,506,651,1090,2430,4770.0
01449000,07-04,255.0,317.0,461,627,1030,2100,3570.0
01449000,07-05,247.0,323.0,460,624,1000,1700,3130.0
01449000,07-06,266.0,350.0,453,628,983,1800,2530.0
01449000,07-07,295.0,334.0,478,639,922,1770,2650.0
01449000,07-08,290.0,299.0,463,715,954,1520,2030.0
01449000,07-09,268.0,300.0,467,692,1050,1640,1980.0
01449000,07-10,242.0,299.0,437,644,984,1800,2490.0
01449000,07-11,229.0,291.0,448,591,935,2020,2470.0
01449000,07-12,229.0,299.0,429,654,872,1760,2430.0
01449000,07-13,238.0,334.0,424,619,873,2300,2480.0
01449000,07-14,259.0,308.0,462,656,806,1500,1810.0
01449000,07-15,244.0,336.0,460,643,987,2100,2620.0
01449000,07-16,224.0,316.0,409,575,884,2030,3530.0
01449000,07-17,210.0,288.0,390,582,1010,1770,3240.0
01449000,07-18,200.0,289.0,406,616,898,1240,2350.0
01449000,07-19,203.0,321.0,426,633,819,1200,1800.0
01449000,07-20,204.0,287.0,418,614,835,1190,1870.0
01449000,07-21,195.0,278.0,404,615,827,1280,1390.0
01449000,07-22,211.0,342.0,383,603,793,1220,1470.0
01449000,07-23,211.0,304.0,404,584,885,1310,1960.0
01449000,07-24,209.0,299.0,471,629,801,1520,2210.0
01449000,07-25,204.0,303.0,414,591,913,1390,2510.0
01449000,07-26,213.0,312.0,399,579,907,1390,2540.0
01449000,07-27,220.0,291.0,363,544,903,1450,2700.0
01449000,07-28,213.0,275.0,428,569,865,1450,1920.0
01449000,07-29,223.0,260.0,403,560,986,1290,1600.0
01449000,07-30,209.0,236.0,395,611,850,1140,1420.0
01449000,07-31,196.0,234.0,379,620,781,1170,1310.0
01449000,08-01,180.0,222.0,353,585,740,1090,1720.0
01449000,08-02,174.0,207.0,355,583,759,1580,2010.0
01449000,08-03,166.0,203.0,330,594,804,1730,3690.0
01449000,08-04,175.0,202.0,377,540,804,1720,2180.0
01449000,08-05,164.0,205.0,390,515,839,1340,2450.0
01449000,08-06,163.0,208.0,383,524,773,1260,3600.0
01449000,08-07,170.0,198.0,367,534,793,1370,3770.0
01449000,08-08,166.0,216.0,354,527,805,1380,2100.0
01449000,08-09,179.0,236.0,355,518,776,1500,2350.0
01449000,08-10,172.0,235.0,336,567,724,1580,2240.0
01449000,08-11,179.0,228.0,330,585,760,1400,2150.0
01449000,08-12,185.0,221.0,381,567,754,1740,1960.0
01449000,08-13,206.0,243.0,342,565,828,1840,3870.0
01449000,08-14,233.0,257.0,337,567,839,2010,3770.0
01449000,08-15,226.0,259.0,391,551,806,1500,3310.0
01449000,08-16,221.0,267.0,321,546,818,1650,2850.0
01449000,08-17,259.0,278.0,343,557,809,1360,2150.0
01449000,08-18,234.0,268.0,357,570,818,1580,2200.0
01449000,08-19,236.0,248.0,382,588,930,1390,1990.0
01449000,08-20,216.0,263.0,365,546,807,1270,1660.0
01449000,08-21,213.0,236.0,342,534,870,1330,1600.0
01449000,08-22,206.0,233.0,321,540,881,1830,2650.0
01449000,08-23,196.0,242.0,322,557,926,2080,2760.0
01449000,08-24,193.0,229.0,363,505,909,1610,2180.0
01449000,08-25,184.0,219.0,385,499,829,1540,2040.0
01449000,08-26,189.0,210.0,344,493,735,1600,3300.0
01449000,08-27,181.0,209.0,320,437,675,1390,3640.0
01449000,08-28,174.0,215.0,294,453,711,1250,3510.0
01449000,08-29,166.0,206.0,303,421,874,1190,2850.0
01449000,08-30,168.0,210.0,306,447,915,1410,3530.0
01449000,08-31,167.0,203.0,298,508,1040,1390,5690.0
01449000,09-01,167.0,195.0,355,468,801,1700,5420.0
01449000,09-02,173.0,209.0,326,434,772,1470,2160.0
01449000,09-03,174.0,210.0,288,422,743,1350,2080.0
01449000,09-04,180.0,210.0,271,432,635,1300,2030.0
01449000,09-05,192.0,204.0,263,398,725,1450,4440.0
01449000,09-06,182.0,199.0,283,426,762,1510,5100.0
01449000,09-07,172.0,188.0,293,431,678,1430,4180.0
01449000,09-08,170.0,206.0,288,395,699,1700,2700.0
01449000,09-09,169.0,182.0,287,389,634,2120,4470.0
01449000,09-10,175.0,193.0,273,419,616,2910,4260.0
01449000,09-11,167.0,186.0,266,399,674,2440,4560.0
01449000,09-12,153.0,179.0,248,387,710,2060,5500.0
01449000,09-13,156.0,172.0,248,434,707,1700,6650.0
01449000,09-14,160.0,173.0,253,425,725,1760,5900.0
01449000,09-15,156.0,167.0,263,437,779,1860,5340.0
01449000,09-16,157.0,172.0,297,472,1010,2140,4870.0
01449000,09-17,175.0,203.0,276,464,878,2650,4790.0
01449000,09-18,187.0,197.0,258,464,1150,2540,5600.0
01449000,09-19,169.0,196.0,282,445,1050,3090,4160.0
01449000,09-20,173.0,208.0,303,441,1040,3050,4110.0
01449000,09-21,164.0,199.0,294,460,841,3270,5760.0
01449000,09-22,172.0,211.0,277,393,798,2560,4680.0
01449000,09-23,185.0,230.0,291,414,811,3030,5130.0
01449000,09-24,170.0,214.0,286,400,862,3510,5410.0
01449000,09-25,171.0,202.0,271,412,852,3120,3580.0
01449000,09-26,177.0,210.0,276,438,1020,3130,3720.0
01449000,09-27,198.0,211.0,280,486,1010,3240,3760.0
01449000,09-28,176.0,213.0,280,462,976,3760,4560.0
01449000,09-29,193.0,214.0,298,558,925,3910,7020.0
01449000,09-30,187.0,207.0,333,520,1190,3650,7480.0
01449000,10-01,185.0,198.0,320,477,1180,3440,6970.0
01449000,10-02,181.0,203.0,328,447,1080,2360,3110.0
01449000,10-03,181.0,202.0,312,433,1120,2220,5360.0
01449000,10-04,180.0,207.0,298,436,1110,1960,4910.0
01449000,10-05,171.0,201.0,301,448,1520,3050,4960.0
01449000,10-06,157.0,207.0,291,461,1320,2990,4050.0
01449000,10-07,163.0,212.0,272,432,1300,3130,4180.0
01449000,10-08,204.0,251.0,302,413,1570,2680,3550.0
01449000,10-09,212.0,236.0,288,469,1450,2170,2680.0
01449000,10-10,216.0,231.0,298,491,1260,1920,2240.0
01449000,10-11,214.0,230.0,316,708,1430,2110,2560.0
01449000,10-12,209.0,224.0,354,892,1370,1830,2110.0
01449000,10-13,212.0,224.0,343,750,1280,1870,2950.0
01449000,10-14,222.0,232.0,316,659,1120,2440,2640.0
01449000,10-15,209.0,259.0,439,657,1170,2230,3130.0
01449000,10-16,207.0,265.0,410,614,1440,2240,2810.0
01449000,10-17,233.0,272.0,340,691,1350,2210,3830.0
01449000,10-18,221.0,246.0,337,621,1170,1760,3570.0
01449000,10-19,213.0,244.0,342,603,1380,2070,4220.0
01449000,10-20,197.0,248.0,324,590,1250,2740,3830.0
01449000,10-21,214.0,238.0,330,678,1560,2880,3040.0
01449000,10-22,206.0,259.0,324,564,1270,2350,3080.0
01449000,10-23,203.0,255.0,350,638,1370,2620,4130.0
01449000,10-24,199.0,243.0,319,663,1370,2820,4310.0
01449000,10-25,226.0,240.0,328,645,1270,2200,2710.0
01449000,10-26,237.0,246.0,311,655,1400,2060,3630.0
01449000,10-27,236.0,249.0,306,702,1340,2880,2970.0
01449000,10-28,233.0,253.0,329,700,1690,2780,3200.0
01449000,10-29,214.0,277.0,352,695,1790,2980,3940.0
01449000,10-30,233.0,288.0,353,859,1820,3430,4110.0
01449000,10-31,229.0,291.0,383,939,1620,2950,4740.0
01449000,11-01,206.0,274.0,377,926,1440,2840,5940.0
01449000,11-02,197.0,269.0,424,1070,1570,2410,4090.0
01449000,11-03,242.0,256.0,395,1050,1580,2570,3740.0
01449000,11-04,236.0,253.0,408,928,1600,2510,3270.0
01449000,11-05,214.0,253.0,379,918,1480,2060,2580.0
01449000,11-06,195.0,256.0,417,857,1370,1840,2760.0
01449000,11-07,191.0,255.0,515,883,1340,1720,2710.0
01449000,11-08,190.0,256.0,464,890,1240,1920,2220.0
01449000,11-09,189.0,236.0,393,862,1170,1580,2970.0
01449000,11-10,197.0,227.0,455,817,1070,2090,3670.0
01449000,11-11,215.0,280.0,429,793,1040,2030,4800.0
01449000,11-12,204.0,281.0,456,884,1120,2790,4650.0
01449000,11-13,205.0,280.0,440,835,1430,3290,3720.0
01449000,11-14,204.0,271.0,460,816,1620,3070,3900.0
01449000,11-15,201.0,268.0,423,786,1310,2570,3440.0
01449000,11-16,200.0,257.0,481,835,1790,2730,3420.0
01449000,11-17,199.0,255.0,481,934,1800,3140,4810.0
01449000,11-18,197.0,252.0,455,933,1830,2720,4470.0
01449000,11-19,200.0,251.0,448,829,1700,2530,4250.0
01449000,11-20,217.0,251.0,418,954,1550,2700,4230.0
01449000,11-21,233.0,272.0,424,1010,1770,2600,3360.0
01449000,11-22,229.0,267.0,544,1080,1750,2690,3240.0
01449000,11-23,234.0,255.0,481,1140,1900,3060,3670.0
01449000,11-24,230.0,240.0,463,1030,1680,2420,4020.0
01449000,11-25,212.0,283.0,532,993,1680,2590,4360.0
01449000,11-26,240.0,344.0,636,976,1690,2260,3640.0
01449000,11-27,261.0,438.0,672,971,2010,2970,3150.0
01449000,11-28,270.0,451.0,742,1120,2420,3580,6190.0
01449000,11-29,389.0,526.0,739,1070,2360,4310,6020.0
01449000,11-30,404.0,488.0,747,1240,2790,4060,7010.0
01449000,12-01,391.0,449.0,803,1360,3110,4670,6570.0
01449000,12-02,378.0,455.0,766,1340,2420,4090,6570.0
01449000,12-03,368.0,448.0,744,1340,2290,3680,6170.0
01449000,12-04,362.0,442.0,796,1320,2380,3920,6430.0
01449000,12-05,339.0,455.0,729,1230,2340,4190,5340.0
01449000,12-06,311.0,464.0,718,1230,2190,3730,4930.0
01449000,12-07,309.0,465.0,710,1250,2020,3030,3810.0
01449000,12-08,310.0,453.0,669,1200,1860,2810,3890.0
01449000,12-09,309.0,444.0,702,1120,1800,2540,2940.0
01449000,12-10,315.0,401.0,688,1100,1580,2420,3130.0
01449000,12-11,330.0,417.0,713,1210,2010,2880,3910.0
01449000,12-12,319.0,406.0,704,1220,2240,3260,5460.0
01449000,12-13,328.0,407.0,676,1150,2110,3980,7010.0
01449000,12-14,335.0,410.0,680,1130,2080,4320,7450.0
01449000,12-15,304.0,414.0,718,1280,1910,4330,5910.0
01449000,12-16,270.0,358.0,710,1340,1940,3370,7260.0
01449000,12-17,304.0,355.0,808,1470,1900,3650,5100.0
01449000,12-18,337.0,430.0,779,1360,1930,3660,4830.0
01449000,12-19,423.0,450.0,842,1340,2090,3450,5080.0
01449000,12-20,446.0,508.0,761,1300,1840,3070,4300.0
01449000,12-21,472.0,530.0,756,1190,2070,3120,5620.0
01449000,12-22,464.0,562.0,802,1180,2170,2890,4970.0
01449000,12-23,432.0,518.0,824,1280,2210,2970,3940.0
01449000,12-24,478.0,521.0,890,1270,2330,4120,4410.0
01449000,12-25,477.0,610.0,847,1320,2510,4190,5270.0
01449000,12-26,476.0,684.0,885,1370,2760,3700,4170.0
01449000,12-27,470.0,550.0,828,1320,2690,3500,4840.0
01449000,12-28,363.0,531.0,777,1320,2490,3590,4150.0
01449000,12-29,345.0,530.0,796,1180,2410,3280,4220.0
01449000,12-30,342.0,530.0,847,1270,2230,2970,4730.0
01449000,12-31,340.0,546.0,840,1340,2270,2780,3350.0
01449800,01-01,36.0,41.0,83,130,280,417,437.0
01449800,01-02,36.0,41.0,89,152,274,385,440.0
01449800,01-03,36.0,41.0,87,138,236,429,453.0
01449800,01-04,36.0,41.0,75,127,256,377,557.0
01449800,01-05,18.0,39.0,75,145,251,439,523.0
01449800,01-06,18.0,39.0,71,121,251,388,638.0
01449800,01-07,18.0,39.0,82,151,259,398,640.0
01449800,01-08,18.0,39.0,74,160,259,373,465.0
01449800,01-09,18.0,39.0,66,129,214,427,571.0
01449800,01-10,18.0,39.0,71,121,218,434,638.0
01449800,01-11,18.0,40.0,79,131,219,480,642.0
01449800,01-12,18.0,40.0,74,131,224,445,638.0
01449800,01-13,18.0,40.0,72,135,245,472,671.0
01449800,01-14,18.0,40.0,73,131,224,421,652.0
01449800,01-15,36.0,41.0,75,135,220,419,634.0
01449800,01-16,36.0,40.0,75,116,216,372,825.0
01449800,01-17,36.0,40.0,78,114,216,351,820.0
01449800,01-18,36.0,40.0,82,114,201,418,812.0
01449800,01-19,24.0,40.0,82,120,179,383,884.0
01449800,01-20,18.0,40.0,82,118,205,320,540.0
01449800,01-21,18.0,40.0,78,132,190,304,420.0
01449800,01-22,27.0,40.0,81,126,183,338,431.0
01449800,01-23,24.0,40.0,78,120,192,323,413.0
01449800,01-24,24.0,39.0,80,116,229,336,453.0
01449800,01-25,36.0,51.0,78,128,231,434,795.0
01449800,01-26,36.0,60.0,80,116,259,434,1120.0
01449800,01-27,36.0,53.0,73,118,310,434,1000.0
01449800,01-28,36.0,54.0,74,143,313,731,840.0
01449800,01-29,36.0,44.0,78,136,266,508,912.0
01449800,01-30,36.0,40.0,78,125,270,817,1130.0
01449800,01-31,36.0,40.0,82,120,282,612,937.0
01449800,02-01,36.0,40.0,89,138,257,434,813.0
01449800,02-02,36.0,40.0,95,149,224,388,808.0
01449800,02-03,36.0,40.0,95,144,291,474,803.0
01449800,02-04,36.0,50.0,88,156,309,540,837.0
01449800,02-05,35.0,50.0,80,179,313,445,765.0
01449800,02-06,36.0,50.0,76,175,295,408,691.0
01449800,02-07,36.0,50.0,76,155,285,371,549.0
01449800,02-08,36.0,41.0,74,151,243,375,500.0
01449800,02-09,36.0,39.0,74,152,235,319,355.0
01449800,02-10,32.0,39.0,82,146,224,278,307.0
01449800,02-11,32.0,48.0,77,146,207,298,315.0
01449800,02-12,36.0,55.0,77,146,211,299,315.0
01449800,02-13,36.0,50.0,77,125,193,260,345.0
01449800,02-14,36.0,60.0,88,130,184,259,345.0
01449800,02-15,32.0,43.0,93,123,200,266,411.0
01449800,02-16,32.0,43.0,93,125,196,356,418.0
01449800,02-17,32.0,55.0,89,125,190,403,562.0
01449800,02-18,36.0,55.0,89,127,206,331,435.0
01449800,02-19,32.0,50.0,88,125,202,348,402.0
01449800,02-20,34.0,62.0,86,132,199,323,387.0
01449800,02-21,38.0,66.0,92,134,207,317,367.0
01449800,02-22,38.0,67.0,88,145,213,287,340.0
01449800,02-23,38.0,63.0,88,130,214,324,378.0
01449800,02-24,38.0,64.0,89,137,216,393,413.0
01449800,02-25,33.0,65.0,88,121,257,431,609.0
01449800,02-26,34.0,61.0,88,131,211,514,688.0
01449800,02-27,49.0,67.0,89,135,234,427,792.0
01449800,02-28,49.0,64.0,94,140,243,480,826.0
01449800,02-29,,71.0,108,154,322,745,
01449800,03-01,49.0,64.0,92,135,234,620,898.0
01449800,03-02,49.0,67.0,85,135,264,559,844.0
01449800,03-03,34.0,61.0,90,143,286,499,640.0
01449800,03-04,56.0,70.0,94,167,260,476,551.0
01449800,03-05,52.0,71.0,105,168,249,476,693.0
01449800,03-06,56.0,74.0,105,183,262,532,578.0
01449800,03-07,49.0,72.0,108,179,263,466,680.0
01449800,03-08,49.0,61.0,105,175,283,444,609.0
01449800,03-09,56.0,73.0,105,186,274,511,809.0
01449800,03-10,60.0,76.0,110,183,264,548,765.0
01449800,03-11,62.0,80.0,113,184,255,425,842.0
01449800,03-12,60.0,89.0,122,195,266,527,941.0
01449800,03-13,60.0,91.0,126,197,287,460,800.0
01449800,03-14,60.0,87.0,111,211,287,438,804.0
01449800,03-15,58.0,78.0,120,212,311,503,789.0
01449800,03-16,62.0,80.0,122,197,327,716,861.0
01449800,03-17,67.0,80.0,130,221,376,716,893.0
01449800,03-18,71.0,83.0,128,232,356,644,912.0
01449800,03-19,79.0,92.0,138,249,383,599,782.0
01449800,03-20,80.0,83.0,139,215,397,562,751.0
01449800,03-21,77.0,81.0,138,215,321,533,730.0
01449800,03-22,77.0,80.0,155,223,322,423,568.0
01449800,03-23,77.0,83.0,157,232,384,535,622.0
01449800,03-24,77.0,96.0,157,238,436,555,762.0
01449800,03-25,77.0,113.0,177,245,400,673,843.0
01449800,03-26,55.0,80.0,169,229,394,778,843.0
01449800,03-27,52.0,87.0,159,245,422,617,834.0
01449800,03-28,52.0,85.0,163,235,371,624,833.0
01449800,03-29,52.0,85.0,149,225,354,586,830.0
01449800,03-30,55.0,85.0,140,212,336,747,1200.0
01449800,03-31,55.0,102.0,143,209,305,655,1270.0
01449800,04-01,55.0,97.0,157,215,312,730,1050.0
01449800,04-02,55.0,93.0,157,231,358,595,741.0
01449800,04-03,70.0,93.0,157,225,405,638,1030.0
01449800,04-04,74.0,92.0,141,245,363,850,1000.0
01449800,04-05,69.0,83.0,130,254,411,824,949.0
01449800,04-06,65.0,80.0,135,251,441,843,1300.0
01449800,04-07,59.0,83.0,133,246,411,840,1290.0
01449800,04-08,59.0,91.0,136,246,415,872,1330.0
01449800,04-09,49.0,83.0,120,224,370,1060,1370.0
01449800,04-10,58.0,86.0,120,198,412,794,1010.0
01449800,04-11,62.0,86.0,133,197,328,734,844.0
01449800,04-12,41.0,79.0,117,196,331,644,897.0
01449800,04-13,39.0,77.0,129,189,289,614,815.0
01449800,04-14,39.0,77.0,125,186,281,600,811.0
01449800,04-15,39.0,67.0,109,191,299,448,1010.0
01449800,04-16,48.0,76.0,129,191,276,458,611.0
01449800,04-17,25.0,66.0,117,181,297,474,847.0
01449800,04-18,25.0,60.0,111,179,277,671,850.0
01449800,04-19,25.0,60.0,110,176,286,459,714.0
01449800,04-20,25.0,60.0,110,171,316,434,695.0
01449800,04-21,27.0,71.0,108,176,301,434,520.0
01449800,04-22,53.0,78.0,110,185,306,520,644.0
01449800,04-23,72.0,84.0,115,177,279,467,602.0
01449800,04-24,80.0,96.0,122,169,254,336,430.0
01449800,04-25,77.0,86.0,107,172,269,353,400.0
01449800,04-26,54.0,70.0,111,169,258,328,347.0
01449800,04-27,54.0,73.0,104,169,238,314,392.0
01449800,04-28,59.0,85.0,110,172,245,313,395.0
01449800,04-29,51.0,83.0,105,173,236,450,531.0
01449800,04-30,48.0,72.0,114,167,236,382,655.0
01449800,05-01,46.0,68.0,108,158,236,532,651.0
01449800,05-02,68.0,90.0,129,154,256,503,844.0
01449800,05-03,93.0,103.0,130,154,256,473,748.0
01449800,05-04,91.0,102.0,126,153,254,460,523.0
01449800,05-05,60.0,99.0,123,165,215,428,639.0
01449800,05-06,73.0,99.0,123,164,211,354,595.0
01449800,05-07,89.0,95.0,116,185,260,361,408.0
01449800,05-08,76.0,99.0,114,170,261,405,692.0
01449800,05-09,55.0,85.0,116,183,273,393,486.0
01449800,05-10,55.0,80.0,116,167,251,400,560.0
01449800,05-11,67.0,95.0,126,154,241,431,651.0
01449800,05-12,77.0,91.0,123,163,237,441,617.0
01449800,05-13,71.0,84.0,117,161,222,439,501.0
01449800,05-14,62.0,74.0,115,152,213,444,580.0
01449800,05-15,63.0,85.0,116,151,274,444,722.0
01449800,05-16,61.0,87.0,108,154,264,450,700.0
01449800,05-17,61.0,83.0,104,170,321,450,846.0
01449800,05-18,61.0,92.0,107,163,257,537,788.0
01449800,05-19,76.0,92.0,113,156,278,540,717.0
01449800,05-20,83.0,90.0,110,156,248,591,862.0
01449800,05-21,70.0,85.0,105,156,242,596,937.0
01449800,05-22,71.0,83.0,104,152,268,483,959.0
01449800,05-23,64.0,83.0,99,147,228,433,566.0
01449800,05-24,56.0,76.0,100,145,228,388,663.0
01449800,05-25,51.0,76.0,95,143,259,391,604.0
01449800,05-26,64.0,76.0,92,133,237,351,538.0
01449800,05-27,57.0,69.0,92,136,228,292,537.0
01449800,05-28,45.0,64.0,92,128,221,308,532.0
01449800,05-29,57.0,65.0,99,123,251,414,464.0
01449800,05-30,60.0,69.0,96,121,236,462,695.0
01449800,05-31,60.0,68.0,96,127,242,481,778.0
01449800,06-01,60.0,68.0,93,133,265,429,652.0
01449800,06-02,56.0,65.0,92,132,248,453,826.0
01449800,06-03,55.0,63.0,83,131,207,393,927.0
01449800,06-04,47.0,62.0,95,131,219,333,617.0
01449800,06-05,47.0,62.0,85,124,217,321,378.0
01449800,06-06,48.0,64.0,89,127,213,272,382.0
01449800,06-07,46.0,65.0,81,139,219,330,407.0
01449800,06-08,38.0,54.0,78,126,219,396,449.0
01449800,06-09,38.0,47.0,74,126,199,352,549.0
01449800,06-10,41.0,47.0,72,121,176,259,474.0
01449800,06-11,41.0,47.0,69,113,199,344,435.0
01449800,06-12,41.0,50.0,70,120,175,271,433.0
01449800,06-13,41.0,46.0,76,121,192,317,337.0
01449800,06-14,40.0,44.0,80,115,192,324,438.0
01449800,06-15,38.0,44.0,74,113,173,335,381.0
01449800,06-16,38.0,44.0,71,102,178,358,483.0
01449800,06-17,41.0,47.0,65,104,181,356,456.0
01449800,06-18,38.0,44.0,68,115,171,259,507.0
01449800,06-19,38.0,42.0,66,113,191,310,405.0
01449800,06-20,38.0,45.0,68,110,171,245,390.0
01449800,06-21,36.0,42.0,69,102,145,205,255.0
01449800,06-22,36.0,41.0,65,97,145,260,383.0
01449800,06-23,37.0,42.0,67,89,151,292,358.0
01449800,06-24,36.0,41.0,65,94,145,228,352.0
01449800,06-25,36.0,38.0,55,92,141,250,380.0
01449800,06-26,36.0,38.0,54,91,158,300,392.0
01449800,06-27,36.0,38.0,56,91,145,260,462.0
01449800,06-28,36.0,41.0,64,92,163,290,548.0
01449800,06-29,36.0,41.0,65,101,163,310,793.0
01449800,06-30,36.0,41.0,54,92,163,341,462.0
01449800,07-01,36.0,41.0,55,78,148,522,787.0
01449800,07-02,36.0,42.0,51,77,131,596,970.0
01449800,07-03,36.0,39.0,51,75,134,467,818.0
01449800,07-04,36.0,39.0,51,79,149,483,809.0
01449800,07-05,36.0,39.0,51,82,149,463,798.0
01449800,07-06,39.0,46.0,54,88,149,303,822.0
01449800,07-07,38.0,42.0,52,83,135,302,566.0
01449800,07-08,38.0,43.0,53,80,133,338,432.0
01449800,07-09,36.0,41.0,51,88,135,333,459.0
01449800,07-10,36.0,41.0,50,79,134,275,316.0
01449800,07-11,36.0,38.0,48,75,115,234,433.0
01449800,07-12,34.0,37.0,51,77,130,196,427.0
01449800,07-13,34.0,36.0,51,71,139,207,268.0
01449800,07-14,34.0,36.0,51,77,136,195,279.0
01449800,07-15,34.0,37.0,50,73,150,218,390.0
01449800,07-16,33.0,38.0,50,73,122,199,445.0
01449800,07-17,36.0,36.0,45,73,125,216,445.0
01449800,07-18,36.0,38.0,50,82,125,190,256.0
01449800,07-19,34.0,38.0,51,79,125,178,375.0
01449800,07-20,36.0,38.0,51,76,138,184,272.0
01449800,07-21,36.0,38.0,50,73,125,190,215.0
01449800,07-22,33.0,38.0,49,67,116,152,190.0
01449800,07-23,33.0,36.0,46,73,125,171,232.0
01449800,07-24,33.0,36.0,46,77,126,160,226.0
01449800,07-25,33.0,37.0,46,74,99,149,242.0
01449800,07-26,33.0,38.0,42,64,95,159,345.0
01449800,07-27,33.0,36.0,42,59,90,166,335.0
01449800,07-28,33.0,36.0,46,64,103,194,501.0
01449800,07-29,34.0,36.0,44,65,116,199,321.0
01449800,07-30,33.0,36.0,46,61,113,206,399.0
01449800,07-31,34.0,36.0,46,62,95,190,586.0
01449800,08-01,34.0,36.0,46,62,110,155,507.0
01449800,08-02,34.0,36.0,43,63,97,159,520.0
01449800,08-03,34.0,36.0,43,58,89,195,607.0
01449800,08-04,34.0,37.0,42,56,104,294,592.0
01449800,08-05,33.0,36.0,39,56,112,239,666.0
01449800,08-06,33.0,36.0,39,63,116,261,631.0
01449800,08-07,33.0,36.0,39,65,130,224,380.0
01449800,08-08,33.0,36.0,39,68,133,195,464.0
01449800,08-09,34.0,35.0,40,67,105,180,349.0
01449800,08-10,33.0,36.0,39,63,119,175,272.0
01449800,08-11,33.0,35.0,39,64,104,198,260.0
01449800,08-12,33.0,34.0,45,70,131,240,301.0
01449800,08-13,33.0,34.0,40,62,145,282,367.0
01449800,08-14,33.0,34.0,39,63,120,220,462.0
01449800,08-15,33.0,35.0,38,57,101,223,299.0
01449800,08-16,33.0,34.0,38,53,91,186,282.0
01449800,08-17,33.0,36.0,39,54,86,208,301.0
01449800,08-18,32.0,34.0,39,53,104,212,240.0
01449800,08-19,32.0,34.0,38,52,104,213,280.0
01449800,08-20,32.0,34.0,39,56,92,180,217.0
01449800,08-21,32.0,34.0,38,51,96,177,218.0
01449800,08-22,28.0,33.0,39,60,106,159,249.0
01449800,08-23,30.0,33.0,40,63,106,219,327.0
01449800,08-24,30.0,33.0,38,56,117,218,313.0
01449800,08-25,28.0,33.0,38,61,113,193,307.0
01449800,08-26,30.0,34.0,38,66,117,235,352.0
01449800,08-27,30.0,34.0,38,57,117,228,278.0
01449800,08-28,29.0,35.0,38,54,117,167,237.0
01449800,08-29,28.0,34.0,39,72,120,198,301.0
01449800,08-30,30.0,34.0,38,64,140,218,297.0
01449800,08-31,30.0,34.0,39,70,138,218,295.0
01449800,09-01,28.0,34.0,39,67,110,231,300.0
01449800,09-02,28.0,34.0,40,63,104,216,300.0
01449800,09-03,30.0,34.0,40,63,114,236,332.0
01449800,09-04,34.0,36.0,40,76,128,239,299.0
01449800,09-05,32.0,34.0,38,71,105,228,292.0
01449800,09-06,31.0,35.0,41,64,130,271,422.0
01449800,09-07,31.0,34.0,38,61,125,293,419.0
01449800,09-08,31.0,35.0,39,72,126,254,300.0
01449800,09-09,31.0,35.0,41,71,143,308,444.0
01449800,09-10,31.0,35.0,42,61,149,334,663.0
01449800,09-11,34.0,36.0,41,57,167,409,708.0
01449800,09-12,34.0,35.0,41,57,133,369,683.0
01449800,09-13,25.0,35.0,41,57,129,258,441.0
01449800,09-14,25.0,35.0,39,59,111,240,319.0
01449800,09-15,25.0,32.0,38,59,113,259,494.0
01449800,09-16,25.0,34.0,37,53,103,262,896.0
01449800,09-17,23.0,34.0,37,55,109,298,368.0
01449800,09-18,25.0,33.0,36,51,115,371,439.0
01449800,09-19,16.0,33.0,37,57,115,390,727.0
01449800,09-20,16.0,31.0,36,55,106,347,714.0
01449800,09-21,23.0,35.0,38,59,113,265,423.0
01449800,09-22,28.0,35.0,38,54,95,257,361.0
01449800,09-23,16.0,33.0,38,55,88,322,415.0
01449800,09-24,16.0,32.0,37,51,81,295,860.0
01449800,09-25,16.0,31.0,37,54,83,354,782.0
01449800,09-26,17.0,31.0,37,59,118,488,809.0
01449800,09-27,17.0,34.0,37,61,171,472,697.0
01449800,09-28,17.0,32.0,37,62,138,478,638.0
01449800,09-29,17.0,31.0,37,61,138,427,693.0
01449800,09-30,16.0,31.0,37,61,153,351,732.0
01449800,10-01,16.0,32.0,38,60,142,303,618.0
01449800,10-02,16.0,32.0,37,57,132,307,622.0
01449800,10-03,17.0,32.0,37,59,121,309,517.0
01449800,10-04,17.0,32.0,37,54,126,326,514.0
01449800,10-05,16.0,31.0,38,54,126,236,392.0
01449800,10-06,16.0,31.0,38,49,124,203,303.0
01449800,10-07,16.0,32.0,38,49,111,211,304.0
01449800,10-08,16.0,32.0,38,49,113,205,331.0
01449800,10-09,16.0,29.0,38,46,108,199,303.0
01449800,10-10,15.0,21.0,37,51,111,201,278.0
01449800,10-11,15.0,29.0,36,56,115,188,305.0
01449800,10-12,11.0,29.0,36,60,113,209,396.0
01449800,10-13,14.0,29.0,36,62,103,261,396.0
01449800,10-14,19.0,34.0,38,66,108,215,392.0
01449800,10-15,31.0,36.0,39,67,107,296,392.0
01449800,10-16,18.0,35.0,38,63,105,309,392.0
01449800,10-17,19.0,34.0,37,59,128,370,500.0
01449800,10-18,17.0,31.0,37,55,121,312,418.0
01449800,10-19,16.0,34.0,37,47,147,339,469.0
01449800,10-20,16.0,32.0,36,52,169,398,561.0
01449800,10-21,16.0,33.0,37,52,148,397,474.0
01449800,10-22,16.0,32.0,38,58,180,397,583.0
01449800,10-23,16.0,31.0,37,62,170,423,608.0
01449800,10-24,16.0,31.0,38,67,167,333,607.0
01449800,10-25,16.0,34.0,38,69,150,340,659.0
01449800,10-26,16.0,33.0,38,67,146,392,422.0
01449800,10-27,16.0,34.0,38,64,146,346,601.0
01449800,10-28,16.0,32.0,37,64,149,354,536.0
01449800,10-29,16.0,34.0,36,70,177,438,611.0
01449800,10-30,16.0,34.0,37,83,186,379,620.0
01449800,10-31,16.0,33.0,36,96,165,290,473.0
01449800,11-01,23.0,28.0,36,99,161,355,526.0
01449800,11-02,22.0,33.0,36,89,167,401,620.0
01449800,11-03,22.0,33.0,38,90,167,347,492.0
01449800,11-04,22.0,34.0,39,89,164,341,605.0
01449800,11-05,22.0,33.0,39,93,165,341,603.0
01449800,11-06,22.0,33.0,39,101,163,337,597.0
01449800,11-07,22.0,34.0,39,97,166,252,457.0
01449800,11-08,22.0,34.0,41,90,152,226,434.0
01449800,11-09,22.0,34.0,41,84,149,243,321.0
01449800,11-10,22.0,34.0,42,77,147,224,252.0
01449800,11-11,22.0,34.0,38,66,132,224,529.0
01449800,11-12,22.0,34.0,37,65,156,245,526.0
01449800,11-13,33.0,34.0,41,80,183,340,453.0
01449800,11-14,33.0,35.0,45,88,187,367,409.0
01449800,11-15,34.0,36.0,46,93,196,397,579.0
01449800,11-16,34.0,36.0,46,102,164,397,504.0
01449800,11-17,34.0,36.0,60,116,185,384,560.0
01449800,11-18,34.0,36.0,46,110,196,320,503.0
01449800,11-19,34.0,35.0,41,100,153,392,431.0
01449800,11-20,34.0,36.0,41,94,190,347,392.0
01449800,11-21,34.0,36.0,41,96,191,347,382.0
01449800,11-22,34.0,36.0,42,105,173,325,429.0
01449800,11-23,34.0,34.0,46,117,186,362,429.0
01449800,11-24,34.0,36.0,58,111,157,306,474.0
01449800,11-25,34.0,36.0,58,110,147,293,591.0
01449800,11-26,34.0,38.0,49,102,166,252,589.0
01449800,11-27,29.0,36.0,60,102,173,296,377.0
01449800,11-28,22.0,35.0,41,103,177,304,430.0
01449800,11-29,22.0,35.0,61,117,225,429,698.0
01449800,11-30,22.0,35.0,61,109,255,419,779.0
01449800,12-01,22.0,35.0,61,112,251,468,683.0
01449800,12-02,22.0,35.0,60,135,314,450,687.0
01449800,12-03,22.0,35.0,48,145,302,502,757.0
01449800,12-04,22.0,35.0,54,147,303,462,567.0
01449800,12-05,22.0,35.0,54,138,296,444,1040.0
01449800,12-06,22.0,35.0,48,138,227,475,978.0
01449800,12-07,22.0,35.0,51,129,284,459,926.0
01449800,12-08,22.0,34.0,61,117,243,430,789.0
01449800,12-09,22.0,35.0,63,119,265,413,694.0
01449800,12-10,22.0,35.0,64,135,253,414,707.0
01449800,12-11,22.0,35.0,66,140,279,434,694.0
01449800,12-12,22.0,35.0,62,138,302,434,688.0
01449800,12-13,22.0,35.0,60,125,318,492,694.0
01449800,12-14,22.0,34.0,53,135,278,429,748.0
01449800,12-15,18.0,34.0,61,136,228,429,1030.0
01449800,12-16,22.0,35.0,62,159,253,388,704.0
01449800,12-17,22.0,36.0,63,150,264,387,515.0
01449800,12-18,16.0,35.0,83,135,247,419,608.0
01449800,12-19,15.0,34.0,58,149,306,428,622.0
01449800,12-20,16.0,35.0,53,140,255,424,698.0
01449800,12-21,16.0,38.0,63,140,250,407,487.0
01449800,12-22,16.0,38.0,63,138,264,405,460.0
01449800,12-23,16.0,38.0,70,160,246,380,652.0
01449800,12-24,16.0,38.0,76,154,240,429,836.0
01449800,12-25,16.0,38.0,80,150,251,560,843.0
01449800,12-26,15.0,38.0,81,155,289,832,897.0
01449800,12-27,15.0,38.0,81,140,383,700,950.0
01449800,12-28,15.0,39.0,78,140,407,613,826.0
01449800,12-29,15.0,39.0,89,149,419,792,902.0
01449800,12-30,15.0,39.0,89,151,398,601,721.0
01449800,12-31,36.0,41.0,87,143,301,451,650.0
01451000,01-01,680.0,711.0,1100,1680,2630,3720,5080.0
01451000,01-02,660.0,704.0,1170,1700,2660,3990,5720.0
01451000,01-03,632.0,795.0,1100,1660,2540,4510,5590.0
01451000,01-04,622.0,755.0,1100,1600,2560,3860,4710.0
01451000,01-05,620.0,754.0,1010,1580,2310,4130,4820.0
01451000,01-06,621.0,760.0,1010,1580,2470,3980,5880.0
01451000,01-07,637.0,731.0,1010,1510,2620,4220,4790.0
01451000,01-08,602.0,700.0,934,1490,2680,3740,5090.0
01451000,01-09,604.0,751.0,931,1440,2590,3590,5440.0
01451000,01-10,681.0,819.0,953,1450,2410,4340,5870.0
01451000,01-11,708.0,775.0,930,1500,2390,4310,5220.0
01451000,01-12,741.0,800.0,1000,1430,2210,3970,4960.0
01451000,01-13,710.0,782.0,998,1450,2300,3630,5960.0
01451000,01-14,702.0,796.0,1000,1460,2120,3410,5750.0
01451000,01-15,701.0,764.0,940,1470,2460,3540,4550.0
01451000,01-16,652.0,728.0,925,1450,2400,3460,3940.0
01451000,01-17,665.0,707.0,929,1410,2300,3150,4260.0
01451000,01-18,630.0,682.0,920,1400,2100,3050,4750.0
01451000,01-19,601.0,716.0,921,1430,2090,3270,4360.0
01451000,01-20,621.0,727.0,905,1520,2080,3390,4650.0
01451000,01-21,581.0,710.0,900,1580,2140,3670,5390.0
01451000,01-22,555.0,720.0,920,1500,2120,3400,6150.0
01451000,01-23,572.0,710.0,910,1500,2380,4360,5250.0
01451000,01-24,564.0,702.0,922,1460,2530,5710,8860.0
01451000,01-25,563.0,702.0,968,1660,2670,6470,9300.0
01451000,01-26,622.0,682.0,996,1690,3100,7180,9770.0
01451000,01-27,535.0,666.0,1000,1630,3230,7350,8520.0
01451000,01-28,581.0,651.0,1010,1640,3360,6160,7800.0
01451000,01-29,572.0,633.0,1030,1520,3310,5460,7210.0
01451000,01-30,590.0,636.0,1000,1520,2920,4570,6880.0
01451000,01-31,600.0,661.0,962,1440,2700,4760,5590.0
01451000,02-01,581.0,623.0,922,1580,2600,3820,5530.0
01451000,02-02,581.0,636.0,1000,1500,2590,3710,4600.0
01451000,02-03,601.0,641.0,1060,1520,2780,4040,5730.0
01451000,02-04,572.0,640.0,1010,1630,2660,4330,5530.0
01451000,02-05,561.0,644.0,976,1720,2680,4240,5040.0
01451000,02-06,561.0,696.0,904,1680,2520,3420,4620.0
01451000,02-07,597.0,700.0,953,1700,2550,3370,4740.0
01451000,02-08,601.0,704.0,955,1630,2570,3290,5470.0
01451000,02-09,580.0,661.0,920,1500,2270,3060,4100.0
01451000,02-10,562.0,635.0,873,1520,2200,2960,4020.0
01451000,02-11,582.0,691.0,900,1510,2080,2960,3960.0
01451000,02-12,655.0,709.0,953,1500,2140,2970,4390.0
01451000,02-13,635.0,670.0,985,1540,2140,3340,4560.0
01451000,02-14,681.0,711.0,985,1510,2170,3850,4930.0
01451000,02-15,671.0,722.0,985,1480,2210,3970,4570.0
01451000,02-16,725.0,820.0,1010,1490,2210,3580,4130.0
01451000,02-17,655.0,850.0,1100,1540,2230,3690,4390.0
01451000,02-18,646.0,838.0,1080,1410,2450,3460,4710.0
01451000,02-19,682.0,795.0,1020,1420,2270,3700,3780.0
01451000,02-20,700.0,807.0,1030,1470,2260,3610,4670.0
01451000,02-21,681.0,802.0,1100,1520,2250,4050,4980.0
01451000,02-22,687.0,842.0,1050,1510,2570,4380,5520.0
01451000,02-23,721.0,822.0,1060,1610,2710,4740,5240.0
01451000,02-24,753.0,844.0,1080,1520,3140,4610,5970.0
01451000,02-25,711.0,884.0,1110,1620,3400,4860,7470.0
01451000,02-26,711.0,823.0,1080,1640,3030,4690,7900.0
01451000,02-27,682.0,825.0,1090,1710,2830,4260,6090.0
01451000,02-28,701.0,821.0,1160,1750,2700,5330,7680.0
01451000,02-29,771.0,812.0,1140,1840,3430,4560,7880.0
01451000,03-01,673.0,809.0,1150,1810,2740,4520,6810.0
01451000,03-02,691.0,823.0,1140,1880,2970,5470,6680.0
01451000,03-03,742.0,878.0,1180,1860,2710,4540,5610.0
01451000,03-04,704.0,934.0,1270,1910,2940,4290,5200.0
01451000,03-05,688.0,987.0,1280,1850,3010,4180,6290.0
01451000,03-06,669.0,1030.0,1470,2110,3020,5220,8010.0
01451000,03-07,648.0,938.0,1450,2020,3080,5650,7060.0
01451000,03-08,739.0,928.0,1450,2030,2930,4340,6380.0
01451000,03-09,803.0,910.0,1370,2000,3000,4440,6740.0
01451000,03-10,847.0,916.0,1320,2060,2910,5010,7940.0
01451000,03-11,901.0,1050.0,1420,2040,3250,5490,8400.0
01451000,03-12,945.0,1110.0,1560,2040,3570,5260,7870.0
01451000,03-13,930.0,1110.0,1550,2150,3290,5670,7100.0
01451000,03-14,1040.0,1240.0,1530,2370,3380,5040,7270.0
01451000,03-15,1080.0,1250.0,1630,2460,3710,4670,7430.0
01451000,03-16,1080.0,1200.0,1570,2490,3500,5770,7130.0
01451000,03-17,1030.0,1140.0,1670,2450,3350,6140,7430.0
01451000,03-18,979.0,1200.0,1660,2550,3300,6300,6910.0
01451000,03-19,983.0,1190.0,1690,2520,3610,5150,6050.0
01451000,03-20,969.0,1230.0,1750,2360,3520,5130,6660.0
01451000,03-21,1040.0,1290.0,1700,2440,3570,5460,7500.0
01451000,03-22,1040.0,1260.0,1800,2550,4170,5530,7340.0
01451000,03-23,1020.0,1360.0,1880,2620,4420,6540,7470.0
01451000,03-24,869.0,1310.0,1770,2610,4330,6110,7290.0
01451000,03-25,864.0,1320.0,1720,2910,4040,6170,6380.0
01451000,03-26,832.0,1340.0,1760,2940,3880,6240,7310.0
01451000,03-27,893.0,1120.0,1800,2960,3730,5880,7080.0
01451000,03-28,886.0,1260.0,1950,2710,3860,5670,7420.0
01451000,03-29,957.0,1180.0,1910,2590,4000,5540,9650.0
01451000,03-30,1010.0,1190.0,1930,2610,3890,6170,10500.0
01451000,03-31,959.0,1100.0,1930,2540,3840,7280,11300.0
01451000,04-01,943.0,1320.0,1900,2610,3990,6570,8830.0
01451000,04-02,989.0,1350.0,1870,2620,4230,5930,9160.0
01451000,04-03,1020.0,1410.0,1960,2890,4540,6190,9120.0
01451000,04-04,974.0,1320.0,1870,2900,4640,7090,11300.0
01451000,04-05,930.0,1250.0,1780,2970,4690,8810,12600.0
01451000,04-06,922.0,1210.0,1690,2810,4410,8710,11800.0
01451000,04-07,1000.0,1320.0,1740,2890,4430,8550,11900.0
01451000,04-08,1060.0,1360.0,1750,2810,4610,8670,11200.0
01451000,04-09,1060.0,1280.0,1680,2560,4100,7480,9140.0
01451000,04-10,1160.0,1250.0,1590,2450,4090,7270,8420.0
01451000,04-11,1140.0,1230.0,1530,2330,3960,6590,7460.0
01451000,04-12,1180.0,1240.0,1520,2310,3750,4910,6420.0
01451000,04-13,1140.0,1290.0,1630,2380,3770,4940,6360.0
01451000,04-14,1130.0,1270.0,1640,2340,3570,4730,6430.0
01451000,04-15,976.0,1210.0,1570,2420,3690,4980,8750.0
01451000,04-16,994.0,1230.0,1620,2230,3870,6800,8690.0
01451000,04-17,962.0,1210.0,1590,2310,3990,7020,7590.0
01451000,04-18,950.0,1140.0,1550,2300,3500,5920,8240.0
01451000,04-19,872.0,1170.0,1480,2310,3470,5240,7500.0
01451000,04-20,827.0,1160.0,1490,2210,3490,5030,6670.0
01451000,04-21,795.0,1060.0,1430,2200,3340,4460,5530.0
01451000,04-22,835.0,1040.0,1380,2160,3020,4440,5400.0
01451000,04-23,905.0,1090.0,1410,2040,3030,4280,4650.0
01451000,04-24,1030.0,1060.0,1480,2070,2910,3770,4260.0
01451000,04-25,978.0,1060.0,1470,1940,2950,3610,4600.0
01451000,04-26,912.0,1030.0,1530,2030,2880,3830,4740.0
01451000,04-27,913.0,1010.0,1500,2040,2770,3980,4780.0
01451000,04-28,881.0,974.0,1500,2130,2730,4240,6670.0
01451000,04-29,880.0,1030.0,1520,1990,2730,4360,5630.0
01451000,04-30,891.0,1070.0,1490,1890,2560,4470,5990.0
01451000,05-01,953.0,1040.0,1450,1830,2740,4980,7440.0
01451000,05-02,994.0,1140.0,1470,1800,2830,4380,6810.0
01451000,05-03,1080.0,1170.0,1490,1880,2830,4250,5050.0
01451000,05-04,1060.0,1260.0,1430,2010,2720,4450,5220.0
01451000,05-05,1120.0,1240.0,1400,1950,2930,4010,4800.0
01451000,05-06,1040.0,1180.0,1400,1910,2950,4120,4790.0
01451000,05-07,1020.0,1140.0,1350,1890,2910,4340,5710.0
01451000,05-08,1060.0,1080.0,1350,1850,2810,4030,5930.0
01451000,05-09,981.0,1160.0,1400,1970,2790,3980,6410.0
01451000,05-10,1060.0,1100.0,1450,1860,2730,3860,4960.0
01451000,05-11,956.0,1080.0,1420,1930,2520,3950,6240.0
01451000,05-12,846.0,1110.0,1460,1890,2730,4490,5920.0
01451000,05-13,929.0,1050.0,1470,1920,2840,4800,5470.0
01451000,05-14,807.0,970.0,1390,1910,2960,4830,5960.0
01451000,05-15,796.0,1010.0,1310,1870,2870,4470,6110.0
01451000,05-16,813.0,962.0,1290,1850,2930,4880,6300.0
01451000,05-17,801.0,911.0,1230,1800,2790,5690,7780.0
01451000,05-18,740.0,944.0,1220,1870,2700,4370,7710.0
01451000,05-19,805.0,859.0,1210,1990,2740,4440,7290.0
01451000,05-20,746.0,972.0,1200,1910,2800,3850,6770.0
01451000,05-21,693.0,944.0,1230,1850,2700,3990,6130.0
01451000,05-22,799.0,906.0,1150,1780,2560,3840,6540.0
01451000,05-23,743.0,838.0,1110,1710,2530,3870,5800.0
01451000,05-24,781.0,878.0,1140,1650,2560,4120,5140.0
01451000,05-25,716.0,816.0,1140,1590,2510,4510,6580.0
01451000,05-26,679.0,831.0,1140,1470,2270,3550,7190.0
01451000,05-27,641.0,850.0,1110,1470,2290,3790,5610.0
01451000,05-28,697.0,889.0,1030,1410,2280,3430,4020.0
01451000,05-29,634.0,756.0,1050,1440,2630,3320,5720.0
01451000,05-30,619.0,715.0,1010,1550,2450,3740,6160.0
01451000,05-31,639.0,686.0,952,1470,2660,3970,5520.0
01451000,06-01,655.0,739.0,930,1410,2450,3970,7640.0
01451000,06-02,626.0,740.0,894,1420,2250,4020,7720.0
01451000,06-03,577.0,705.0,877,1430,2300,4310,6120.0
01451000,06-04,580.0,667.0,937,1350,2170,4130,4400.0
01451000,06-05,575.0,637.0,900,1350,2030,3720,4140.0
01451000,06-06,600.0,688.0,861,1370,1980,3250,3550.0
01451000,06-07,527.0,652.0,906,1270,2250,3370,4460.0
01451000,06-08,556.0,639.0,869,1250,2110,3120,4430.0
01451000,06-09,568.0,681.0,827,1320,2000,2860,3880.0
01451000,06-10,534.0,587.0,847,1310,1910,2620,3230.0
01451000,06-11,452.0,562.0,805,1300,1870,2430,3340.0
01451000,06-12,474.0,603.0,828,1300,1920,2350,2840.0
01451000,06-13,549.0,658.0,832,1300,1930,2780,3590.0
01451000,06-14,603.0,649.0,785,1220,1790,3070,3810.0
01451000,06-15,517.0,632.0,802,1260,1880,2960,3540.0
01451000,06-16,445.0,638.0,782,1200,1810,2950,4440.0
01451000,06-17,441.0,566.0,747,1140,1820,2700,3760.0
01451000,06-18,451.0,549.0,709,1080,1690,2670,3510.0
01451000,06-19,456.0,575.0,685,1130,1770,2710,3220.0
01451000,06-20,449.0,581.0,700,1130,1640,2600,3250.0
01451000,06-21,423.0,520.0,703,1080,1560,2430,3330.0
01451000,06-22,423.0,526.0,673,1070,1500,3080,3470.0
01451000,06-23,407.0,527.0,655,1100,1510,2640,3710.0
01451000,06-24,450.0,512.0,666,1050,1560,2600,3070.0
01451000,06-25,484.0,518.0,678,1010,1520,2470,3080.0
01451000,06-26,449.0,499.0,704,982,1410,2140,3860.0
01451000,06-27,456.0,471.0,735,904,1380,2070,4100.0
01451000,06-28,416.0,442.0,707,874,1480,2860,3270.0
01451000,06-29,408.0,439.0,688,875,1390,3220,3640.0
01451000,06-30,393.0,441.0,609,824,1360,3050,4280.0
01451000,07-01,396.0,426.0,582,785,1490,3360,4700.0
01451000,07-02,398.0,444.0,590,843,1490,2940,5390.0
01451000,07-03,385.0,439.0,577,802,1340,2210,5130.0
01451000,07-04,371.0,429.0,570,811,1380,2190,5060.0
01451000,07-05,372.0,425.0,566,799,1320,2000,4560.0
01451000,07-06,391.0,431.0,562,783,1300,2380,3740.0
01451000,07-07,378.0,438.0,556,824,1320,2440,3950.0
01451000,07-08,379.0,415.0,533,890,1230,2120,4130.0
01451000,07-09,371.0,402.0,528,853,1360,2560,4270.0
01451000,07-10,342.0,378.0,523,787,1290,3300,4060.0
01451000,07-11,336.0,387.0,513,823,1230,2780,3440.0
01451000,07-12,326.0,371.0,504,777,1380,2430,3220.0
01451000,07-13,310.0,365.0,521,779,1400,2460,3160.0
01451000,07-14,298.0,379.0,532,805,1380,2200,2670.0
01451000,07-15,304.0,409.0,517,788,1610,2210,2850.0
01451000,07-16,297.0,380.0,511,810,1310,2180,4200.0
01451000,07-17,294.0,351.0,520,837,1330,1930,3820.0
01451000,07-18,290.0,334.0,513,826,1240,1610,2870.0
01451000,07-19,310.0,340.0,514,771,1140,1510,2790.0
01451000,07-20,291.0,362.0,503,755,1090,1540,2470.0
01451000,07-21,281.0,343.0,488,809,1160,1690,2140.0
01451000,07-22,288.0,343.0,482,825,1270,1910,2750.0
01451000,07-23,298.0,366.0,495,748,1230,1870,2410.0
01451000,07-24,266.0,344.0,528,773,1150,2170,3040.0
01451000,07-25,271.0,325.0,496,760,1210,1870,3210.0
01451000,07-26,275.0,327.0,478,716,1140,1740,2910.0
01451000,07-27,260.0,338.0,468,674,1140,1910,2790.0
01451000,07-28,255.0,330.0,480,656,1080,1900,3130.0
01451000,07-29,246.0,325.0,479,719,1140,1830,3080.0
01451000,07-30,245.0,316.0,506,762,1110,1660,2440.0
01451000,07-31,240.0,294.0,497,741,1220,1580,2170.0
01451000,08-01,237.0,292.0,469,776,991,1500,2100.0
01451000,08-02,241.0,303.0,470,744,1050,1870,3950.0
01451000,08-03,245.0,279.0,463,679,1050,2840,4000.0
01451000,08-04,247.0,291.0,482,694,1030,2640,4580.0
01451000,08-05,253.0,277.0,467,686,1090,2420,4290.0
01451000,08-06,247.0,271.0,462,654,1160,2260,2750.0
01451000,08-07,253.0,258.0,450,705,1200,1810,4840.0
01451000,08-08,255.0,276.0,440,660,1230,2110,2680.0
01451000,08-09,255.0,311.0,446,652,1070,2090,3090.0
01451000,08-10,266.0,311.0,450,688,1150,2060,3170.0
01451000,08-11,278.0,313.0,463,702,1160,1910,3180.0
01451000,08-12,285.0,317.0,454,710,1160,2210,2420.0
01451000,08-13,277.0,305.0,448,722,1210,1850,3780.0
01451000,08-14,266.0,332.0,442,723,1220,2370,4210.0
01451000,08-15,304.0,334.0,428,697,1060,2050,3700.0
01451000,08-16,270.0,320.0,407,642,1080,2210,2870.0
01451000,08-17,247.0,307.0,425,628,1040,1970,2980.0
01451000,08-18,224.0,317.0,440,663,1130,2100,2950.0
01451000,08-19,250.0,302.0,438,682,1090,2060,2480.0
01451000,08-20,247.0,327.0,412,691,1030,1860,2180.0
01451000,08-21,271.0,313.0,411,627,1060,1690,2190.0
01451000,08-22,280.0,312.0,383,612,1100,1660,3090.0
01451000,08-23,270.0,301.0,408,625,1060,1900,3850.0
01451000,08-24,241.0,271.0,385,626,1010,1540,3070.0
01451000,08-25,240.0,265.0,391,609,961,1640,2470.0
01451000,08-26,242.0,302.0,396,596,887,2140,2600.0
01451000,08-27,230.0,295.0,430,614,860,1730,2150.0
01451000,08-28,232.0,291.0,404,583,915,1740,2730.0
01451000,08-29,235.0,288.0,415,574,1040,1670,2080.0
01451000,08-30,240.0,318.0,411,570,1030,1790,2500.0
01451000,08-31,232.0,283.0,405,666,1070,1820,3190.0
01451000,09-01,235.0,329.0,417,645,1050,2120,3940.0
01451000,09-02,230.0,294.0,411,612,1090,1750,3510.0
01451000,09-03,254.0,287.0,417,559,1050,1880,3980.0
01451000,09-04,305.0,325.0,403,585,967,1610,2720.0
01451000,09-05,295.0,305.0,375,542,930,1630,4030.0
01451000,09-06,278.0,308.0,397,582,1050,1780,3410.0
01451000,09-07,283.0,305.0,385,566,969,2510,3800.0
01451000,09-08,280.0,304.0,383,528,940,2160,3600.0
01451000,09-09,266.0,280.0,391,580,900,2090,3300.0
01451000,09-10,248.0,276.0,407,580,879,1950,4460.0
01451000,09-11,232.0,289.0,393,569,892,1780,3570.0
01451000,09-12,248.0,289.0,357,540,902,2490,5370.0
01451000,09-13,220.0,272.0,363,580,1010,2200,6110.0
01451000,09-14,232.0,290.0,370,522,1000,2060,3960.0
01451000,09-15,249.0,258.0,370,549,1160,2500,2930.0
01451000,09-16,246.0,261.0,378,580,1240,2650,3300.0
01451000,09-17,255.0,315.0,386,599,1180,2630,4090.0
01451000,09-18,245.0,286.0,380,607,1190,2640,4320.0
01451000,09-19,235.0,308.0,384,648,1020,2610,5750.0
01451000,09-20,223.0,280.0,416,625,1120,2660,5790.0
01451000,09-21,253.0,301.0,418,600,1110,2450,5300.0
01451000,09-22,245.0,308.0,429,595,1040,2670,4330.0
01451000,09-23,240.0,301.0,415,554,1020,2930,4200.0
01451000,09-24,249.0,300.0,399,521,1170,3190,5620.0
01451000,09-25,253.0,288.0,392,523,1200,3850,4770.0
01451000,09-26,247.0,308.0,390,516,1180,4220,4520.0
01451000,09-27,237.0,299.0,400,553,1210,3800,5460.0
01451000,09-28,237.0,314.0,400,540,1280,2830,6530.0
01451000,09-29,291.0,309.0,385,575,1340,2370,6240.0
01451000,09-30,294.0,325.0,401,733,1290,2670,5180.0
01451000,10-01,259.0,297.0,402,686,1360,2660,5310.0
01451000,10-02,260.0,311.0,393,676,1450,2400,4450.0
01451000,10-03,264.0,293.0,415,675,1480,2210,5670.0
01451000,10-04,257.0,295.0,406,668,1280,2290,5640.0
01451000,10-05,238.0,299.0,393,650,1350,2940,5000.0
01451000,10-06,253.0,286.0,377,648,1380,2840,4150.0
01451000,10-07,249.0,309.0,406,609,1280,3390,3950.0
01451000,10-08,282.0,325.0,417,659,1500,2940,3910.0
01451000,10-09,271.0,355.0,409,668,1420,2960,4000.0
01451000,10-10,276.0,358.0,413,645,1780,2350,3590.0
01451000,10-11,251.0,337.0,420,740,1710,2340,3530.0
01451000,10-12,248.0,334.0,461,906,1550,2310,3430.0
01451000,10-13,245.0,334.0,457,840,1480,2600,3190.0
01451000,10-14,241.0,316.0,449,779,1380,2700,3740.0
01451000,10-15,267.0,328.0,456,734,1370,3090,4340.0
01451000,10-16,263.0,347.0,491,724,1260,2860,3780.0
01451000,10-17,258.0,356.0,453,750,1290,2620,5930.0
01451000,10-18,280.0,331.0,431,783,1290,2560,5430.0
01451000,10-19,265.0,376.0,456,750,1250,3210,6940.0
01451000,10-20,263.0,376.0,445,753,1300,4560,5630.0
01451000,10-21,268.0,350.0,445,737,1300,4100,6500.0
01451000,10-22,277.0,349.0,449,724,1360,3790,5640.0
01451000,10-23,278.0,344.0,456,759,1410,3860,5660.0
01451000,10-24,270.0,331.0,446,819,1690,3780,4800.0
01451000,10-25,232.0,328.0,453,852,1590,3380,3830.0
01451000,10-26,237.0,326.0,453,871,2120,2980,4340.0
01451000,10-27,246.0,339.0,428,884,1960,3230,4200.0
01451000,10-28,274.0,360.0,460,924,2040,3310,4550.0
01451000,10-29,273.0,377.0,506,919,1980,3410,4980.0
01451000,10-30,297.0,387.0,504,922,2050,3620,5660.0
01451000,10-31,308.0,389.0,471,970,1940,3460,4900.0
01451000,11-01,304.0,378.0,467,1170,1830,3390,5870.0
01451000,11-02,344.0,370.0,460,1220,1990,3250,4590.0
01451000,11-03,346.0,370.0,480,1350,2190,3920,4550.0
01451000,11-04,348.0,379.0,526,1270,2310,3470,4070.0
01451000,11-05,359.0,378.0,543,1230,2120,3190,3670.0
01451000,11-06,343.0,374.0,618,1260,1960,2870,3450.0
01451000,11-07,351.0,374.0,718,1320,1840,2680,3150.0
01451000,11-08,327.0,382.0,734,1300,1860,2880,3380.0
01451000,11-09,315.0,394.0,727,1180,1690,2750,6150.0
01451000,11-10,325.0,375.0,672,1110,1720,3740,5650.0
01451000,11-11,314.0,407.0,656,1110,1680,3290,6580.0
01451000,11-12,305.0,400.0,639,1210,1830,4400,6330.0
01451000,11-13,340.0,405.0,653,1200,2100,4270,5790.0
01451000,11-14,342.0,396.0,633,1170,2200,3830,6060.0
01451000,11-15,300.0,405.0,725,1150,2110,3400,5420.0
01451000,11-16,293.0,393.0,734,1210,2400,3550,4440.0
01451000,11-17,335.0,404.0,756,1280,2210,4110,7240.0
01451000,11-18,349.0,402.0,727,1290,2180,3700,5020.0
01451000,11-19,333.0,389.0,738,1220,2100,3480,4440.0
01451000,11-20,294.0,356.0,728,1320,2020,3650,5020.0
01451000,11-21,294.0,392.0,801,1330,2450,4510,5280.0
01451000,11-22,301.0,386.0,841,1450,2390,4070,4760.0
01451000,11-23,321.0,380.0,807,1440,2470,4240,4910.0
01451000,11-24,354.0,436.0,861,1440,2170,3300,4310.0
01451000,11-25,352.0,461.0,894,1490,2410,3860,6240.0
01451000,11-26,519.0,596.0,888,1470,2250,4010,4760.0
01451000,11-27,536.0,657.0,896,1460,2330,4080,6140.0
01451000,11-28,525.0,696.0,1020,1470,2680,5490,7600.0
01451000,11-29,554.0,679.0,1110,1520,2810,4980,7520.0
01451000,11-30,612.0,681.0,1060,1620,2790,5540,7220.0
01451000,12-01,556.0,628.0,1110,1550,3070,6030,7020.0
01451000,12-02,508.0,706.0,1120,1540,2790,5660,6950.0
01451000,12-03,488.0,672.0,1050,1570,2640,5040,6170.0
01451000,12-04,495.0,621.0,1040,1600,2840,4940,7850.0
01451000,12-05,464.0,703.0,1040,1620,2920,4550,7410.0
01451000,12-06,455.0,683.0,979,1620,2990,5570,8420.0
01451000,12-07,505.0,588.0,983,1570,3010,5730,7090.0
01451000,12-08,486.0,579.0,1050,1630,2920,5660,6340.0
01451000,12-09,478.0,581.0,1080,1600,2890,4120,6850.0
01451000,12-10,464.0,552.0,1110,1660,2780,4770,5820.0
01451000,12-11,454.0,578.0,1030,1660,3050,5450,6380.0
01451000,12-12,477.0,626.0,1000,1600,3300,5480,6770.0
01451000,12-13,464.0,648.0,1020,1540,3390,5260,8350.0
01451000,12-14,422.0,743.0,999,1580,3140,5230,8540.0
01451000,12-15,412.0,701.0,1020,1670,3020,5030,7850.0
01451000,12-16,375.0,626.0,1060,1720,2990,4260,6520.0
01451000,12-17,406.0,652.0,1120,1820,2870,4600,5910.0
01451000,12-18,415.0,590.0,1110,1750,2820,4530,7040.0
01451000,12-19,429.0,723.0,1130,1810,2900,3890,6450.0
01451000,12-20,451.0,713.0,1100,1810,2670,3600,5650.0
01451000,12-21,545.0,706.0,1070,1640,2810,4650,8860.0
01451000,12-22,534.0,743.0,1100,1680,2820,4870,8040.0
01451000,12-23,539.0,733.0,1050,1760,2720,4380,6500.0
01451000,12-24,645.0,712.0,1050,1720,3110,5370,7390.0
01451000,12-25,606.0,725.0,1070,1650,3310,5540,7270.0
01451000,12-26,628.0,740.0,1040,1740,3390,5420,5940.0
01451000,12-27,661.0,731.0,1000,1590,3290,5060,6880.0
01451000,12-28,612.0,740.0,1010,1650,3280,5080,6740.0
01451000,12-29,581.0,753.0,1100,1600,3290,4730,6280.0
01451000,12-30,591.0,782.0,1080,1740,3240,4250,6100.0
01451000,12-31,621.0,727.0,1030,1730,2790,4240,5120.0
01452000,01-01,18.0,33.0,49,111,181,317,404.0
01452000,01-02,17.0,35.0,51,108,201,345,505.0
01452000,01-03,22.0,33.0,58,110,157,273,616.0
01452000,01-04,23.0,33.0,62,103,164,318,590.0
01452000,01-05,21.0,30.0,51,99,163,318,377.0
01452000,01-06,20.0,28.0,56,95,164,279,323.0
01452000,01-07,22.0,30.0,47,90,158,271,371.0
01452000,01-08,20.0,25.0,46,87,165,243,437.0
01452000,01-09,22.0,27.0,45,87,171,376,590.0
01452000,01-10,23.0,28.0,43,85,171,420,635.0
01452000,01-11,22.0,29.0,42,88,159,334,488.0
01452000,01-12,23.0,31.0,48,96,151,254,345.0
01452000,01-13,23.0,31.0,47,89,148,255,357.0
01452000,01-14,23.0,29.0,47,84,150,272,425.0
01452000,01-15,22.0,27.0,45,91,157,239,353.0
01452000,01-16,22.0,27.0,43,94,159,225,290.0
01452000,01-17,22.0,29.0,42,84,135,231,279.0
01452000,01-18,22.0,29.0,39,80,142,228,372.0
01452000,01-19,20.0,29.0,47,80,129,205,387.0
01452000,01-20,21.0,25.0,45,81,151,325,426.0
01452000,01-21,21.0,28.0,45,72,146,308,630.0
01452000,01-22,22.0,30.0,50,81,151,327,460.0
01452000,01-23,23.0,28.0,48,86,141,298,385.0
01452000,01-24,18.0,28.0,46,80,160,446,700.0
01452000,01-25,18.0,25.0,48,89,202,559,975.0
01452000,01-26,17.0,25.0,44,84,296,683,887.0
01452000,01-27,16.0,25.0,42,82,246,473,731.0
01452000,01-28,14.0,25.0,43,87,247,436,580.0
01452000,01-29,14.0,25.0,43,77,229,368,655.0
01452000,01-30,13.0,25.0,44,78,191,300,520.0
01452000,01-31,12.0,25.0,42,84,169,332,584.0
01452000,02-01,12.0,25.0,41,83,159,268,405.0
01452000,02-02,20.0,25.0,43,96,175,355,484.0
01452000,02-03,19.0,24.0,52,96,196,338,803.0
01452000,02-04,14.0,24.0,53,101,192,506,773.0
01452000,02-05,13.0,25.0,52,104,177,426,637.0
01452000,02-06,14.0,25.0,54,94,173,305,403.0
01452000,02-07,21.0,29.0,49,90,189,297,760.0
01452000,02-08,23.0,29.0,53,90,178,254,419.0
01452000,02-09,23.0,28.0,43,84,163,229,253.0
01452000,02-10,17.0,25.0,48,84,155,202,259.0
01452000,02-11,19.0,25.0,45,86,148,222,365.0
01452000,02-12,19.0,27.0,44,83,139,248,344.0
01452000,02-13,24.0,30.0,46,85,158,301,495.0
01452000,02-14,23.0,30.0,52,89,139,284,714.0
01452000,02-15,25.0,33.0,51,90,157,281,554.0
01452000,02-16,26.0,37.0,53,90,151,268,413.0
01452000,02-17,25.0,38.0,64,86,172,303,528.0
01452000,02-18,26.0,36.0,61,90,175,328,465.0
01452000,02-19,26.0,39.0,60,96,177,270,670.0
01452000,02-20,27.0,35.0,56,94,183,287,587.0
01452000,02-21,26.0,37.0,55,98,186,431,537.0
01452000,02-22,35.0,38.0,55,101,192,363,584.0
01452000,02-23,29.0,41.0,56,110,197,395,509.0
01452000,02-24,30.0,43.0,60,126,223,516,601.0
01452000,02-25,35.0,43.0,72,127,222,543,1530.0
01452000,02-26,34.0,44.0,76,117,210,526,828.0
01452000,02-27,33.0,41.0,67,119,217,464,604.0
01452000,02-28,37.0,41.0,68,116,220,391,612.0
01452000,02-29,36.0,46.0,79,137,232,448,483.0
01452000,03-01,27.0,42.0,72,119,214,393,500.0
01452000,03-02,26.0,43.0,73,122,200,484,692.0
01452000,03-03,32.0,43.0,76,121,184,463,604.0
01452000,03-04,35.0,51.0,77,127,227,435,490.0
01452000,03-05,41.0,58.0,80,118,252,412,611.0
01452000,03-06,46.0,57.0,82,119,249,406,499.0
01452000,03-07,42.0,54.0,81,113,236,357,556.0
01452000,03-08,45.0,52.0,90,128,216,332,675.0
01452000,03-09,48.0,59.0,87,140,206,371,486.0
01452000,03-10,47.0,61.0,85,126,201,478,847.0
01452000,03-11,47.0,59.0,89,135,239,447,766.0
01452000,03-12,47.0,60.0,89,135,255,476,756.0
01452000,03-13,47.0,58.0,88,138,251,439,588.0
01452000,03-14,48.0,56.0,88,136,280,464,715.0
01452000,03-15,47.0,54.0,85,131,269,657,849.0
01452000,03-16,44.0,53.0,87,130,242,480,660.0
01452000,03-17,41.0,58.0,88,141,278,371,535.0
01452000,03-18,46.0,57.0,88,140,227,406,545.0
01452000,03-19,46.0,55.0,89,147,223,330,420.0
01452000,03-20,48.0,54.0,95,146,253,348,445.0
01452000,03-21,45.0,57.0,94,163,244,405,619.0
01452000,03-22,43.0,56.0,102,171,292,617,820.0
01452000,03-23,45.0,54.0,98,185,291,505,1170.0
01452000,03-24,44.0,51.0,94,181,283,409,787.0
01452000,03-25,44.0,53.0,100,176,267,415,482.0
01452000,03-26,41.0,53.0,103,171,244,339,593.0
01452000,03-27,40.0,50.0,99,166,240,322,1040.0
01452000,03-28,39.0,49.0,98,163,221,523,885.0
01452000,03-29,38.0,49.0,86,154,230,407,694.0
01452000,03-30,37.0,46.0,90,141,244,392,529.0
01452000,03-31,38.0,58.0,84,130,231,436,514.0
01452000,04-01,52.0,64.0,93,138,233,421,574.0
01452000,04-02,51.0,65.0,89,141,254,524,909.0
01452000,04-03,48.0,55.0,93,143,264,473,845.0
01452000,04-04,45.0,56.0,89,140,253,544,868.0
01452000,04-05,45.0,56.0,85,144,229,654,928.0
01452000,04-06,41.0,56.0,81,137,267,515,881.0
01452000,04-07,46.0,53.0,80,140,222,510,646.0
01452000,04-08,45.0,54.0,81,128,223,397,540.0
01452000,04-09,48.0,54.0,76,118,215,357,408.0
01452000,04-10,43.0,52.0,73,118,207,356,474.0
01452000,04-11,40.0,50.0,67,112,196,307,390.0
01452000,04-12,40.0,51.0,77,119,180,294,328.0
01452000,04-13,39.0,44.0,74,122,179,304,519.0
01452000,04-14,37.0,44.0,75,115,198,338,483.0
01452000,04-15,36.0,45.0,75,107,227,422,531.0
01452000,04-16,34.0,49.0,78,115,229,396,593.0
01452000,04-17,31.0,50.0,73,114,213,399,897.0
01452000,04-18,32.0,47.0,73,111,184,293,518.0
01452000,04-19,28.0,42.0,69,99,173,313,442.0
01452000,04-20,28.0,39.0,65,106,179,305,363.0
01452000,04-21,26.0,38.0,63,109,163,260,302.0
01452000,04-22,37.0,43.0,61,103,151,219,267.0
01452000,04-23,38.0,45.0,58,98,151,212,270.0
01452000,04-24,36.0,42.0,60,95,141,195,265.0
01452000,04-25,34.0,40.0,66,96,134,202,230.0
01452000,04-26,33.0,45.0,67,98,138,184,227.0
01452000,04-27,33.0,44.0,63,92,139,229,329.0
01452000,04-28,32.0,43.0,64,87,143,256,342.0
01452000,04-29,33.0,44.0,63,82,134,223,326.0
01452000,04-30,35.0,42.0,62,84,138,248,393.0
01452000,05-01,32.0,42.0,60,82,124,303,516.0
01452000,05-02,33.0,44.0,58,85,131,273,408.0
01452000,05-03,37.0,45.0,58,79,144,291,364.0
01452000,05-04,36.0,43.0,56,83,149,235,344.0
01452000,05-05,36.0,43.0,58,77,145,229,315.0
01452000,05-06,36.0,42.0,55,84,141,237,400.0
01452000,05-07,33.0,38.0,52,78,143,255,359.0
01452000,05-08,35.0,40.0,51,73,131,290,496.0
01452000,05-09,33.0,38.0,52,86,136,276,375.0
01452000,05-10,33.0,37.0,50,80,127,240,467.0
01452000,05-11,32.0,38.0,53,75,126,255,356.0
01452000,05-12,28.0,37.0,53,78,142,240,379.0
01452000,05-13,29.0,37.0,50,80,141,255,424.0
01452000,05-14,25.0,34.0,47,79,143,259,427.0
01452000,05-15,25.0,35.0,47,80,134,181,443.0
01452000,05-16,25.0,33.0,45,77,127,213,485.0
01452000,05-17,27.0,30.0,43,85,121,250,552.0
01452000,05-18,26.0,30.0,45,84,119,246,348.0
01452000,05-19,23.0,28.0,46,77,115,235,403.0
01452000,05-20,27.0,29.0,51,73,108,237,428.0
01452000,05-21,24.0,32.0,48,68,114,207,358.0
01452000,05-22,23.0,30.0,41,65,110,225,304.0
01452000,05-23,23.0,28.0,40,65,128,249,280.0
01452000,05-24,23.0,30.0,42,65,141,237,384.0
01452000,05-25,24.0,30.0,38,62,124,244,332.0
01452000,05-26,22.0,26.0,33,63,119,196,299.0
01452000,05-27,21.0,25.0,34,61,117,188,384.0
01452000,05-28,22.0,24.0,35,56,106,168,289.0
01452000,05-29,19.0,24.0,37,58,129,238,636.0
01452000,05-30,16.0,24.0,34,63,127,223,585.0
01452000,05-31,17.0,22.0,34,55,118,284,586.0
01452000,06-01,17.0,21.0,36,57,121,240,425.0
01452000,06-02,16.0,22.0,34,54,113,241,394.0
01452000,06-03,18.0,24.0,33,56,120,215,318.0
01452000,06-04,18.0,23.0,34,58,119,210,271.0
01452000,06-05,17.0,21.0,31,55,122,189,290.0
01452000,06-06,16.0,22.0,32,56,108,185,254.0
01452000,06-07,16.0,19.0,32,60,108,190,371.0
01452000,06-08,15.0,18.0,28,51,95,182,322.0
01452000,06-09,15.0,17.0,30,56,99,137,246.0
01452000,06-10,12.0,17.0,29,57,93,155,216.0
01452000,06-11,11.0,15.0,28,57,88,151,194.0
01452000,06-12,11.0,14.0,28,54,86,163,276.0
01452000,06-13,14.0,18.0,25,53,99,252,381.0
01452000,06-14,12.0,18.0,28,52,87,187,436.0
01452000,06-15,12.0,17.0,24,47,99,217,333.0
01452000,06-16,14.0,16.0,27,47,95,186,270.0
01452000,06-17,11.0,14.0,28,56,95,179,228.0
01452000,06-18,10.0,14.0,27,48,86,145,241.0
01452000,06-19,9.6,17.0,25,47,88,138,280.0
01452000,06-20,9.2,15.0,24,47,92,152,366.0
01452000,06-21,9.4,17.0,23,41,76,152,362.0
01452000,06-22,8.9,15.0,22,42,80,154,375.0
01452000,06-23,9.9,12.0,22,43,82,144,293.0
01452000,06-24,8.8,14.0,22,44,84,149,431.0
01452000,06-25,9.6,14.0,22,42,71,169,312.0
01452000,06-26,8.6,13.0,22,36,69,150,228.0
01452000,06-27,8.6,13.0,22,34,66,128,192.0
01452000,06-28,7.6,11.0,21,38,72,158,236.0
01452000,06-29,7.6,10.0,21,37,81,165,243.0
01452000,06-30,7.6,10.0,21,37,79,124,301.0
01452000,07-01,7.1,9.8,19,32,74,165,242.0
01452000,07-02,6.8,9.7,17,34,70,145,275.0
01452000,07-03,6.8,9.1,18,34,59,141,217.0
01452000,07-04,6.3,8.8,15,30,71,149,176.0
01452000,07-05,6.4,9.2,15,31,78,132,163.0
01452000,07-06,6.8,9.0,15,30,70,116,150.0
01452000,07-07,6.1,8.5,15,33,60,106,120.0
01452000,07-08,6.4,8.2,16,32,55,95,144.0
01452000,07-09,6.0,8.2,17,30,60,123,298.0
01452000,07-10,6.3,8.8,17,28,60,149,238.0
01452000,07-11,5.5,8.3,15,29,58,158,249.0
01452000,07-12,5.2,8.3,15,30,59,139,212.0
01452000,07-13,5.2,9.0,15,28,60,140,177.0
01452000,07-14,5.6,8.5,18,30,55,144,283.0
01452000,07-15,5.2,8.5,15,34,83,181,428.0
01452000,07-16,5.2,8.3,15,30,75,168,315.0
01452000,07-17,5.2,8.0,14,30,67,162,239.0
01452000,07-18,5.2,7.8,14,33,65,178,198.0
01452000,07-19,4.8,7.5,14,30,64,154,242.0
01452000,07-20,4.7,7.2,14,29,62,139,170.0
01452000,07-21,4.7,7.0,14,27,65,127,168.0
01452000,07-22,4.7,7.1,15,28,68,120,246.0
01452000,07-23,4.7,7.0,14,28,72,182,362.0
01452000,07-24,4.9,8.3,14,35,74,256,517.0
01452000,07-25,4.9,8.2,15,30,61,193,371.0
01452000,07-26,4.8,7.9,15,27,69,194,229.0
01452000,07-27,5.3,7.5,15,28,65,172,275.0
01452000,07-28,5.3,7.5,16,28,72,175,278.0
01452000,07-29,5.1,7.8,14,28,65,145,247.0
01452000,07-30,4.7,7.5,14,28,78,148,258.0
01452000,07-31,4.7,7.0,14,32,64,116,186.0
01452000,08-01,4.7,7.0,13,30,70,116,205.0
01452000,08-02,4.7,7.1,14,28,66,160,268.0
01452000,08-03,4.7,7.0,13,28,62,163,275.0
01452000,08-04,4.7,6.1,13,29,57,158,344.0
01452000,08-05,4.7,6.1,13,31,60,162,321.0
01452000,08-06,4.7,5.8,12,30,60,143,278.0
01452000,08-07,4.7,7.2,14,32,87,218,342.0
01452000,08-08,4.7,7.4,14,28,82,161,246.0
01452000,08-09,4.7,7.2,16,31,69,136,309.0
01452000,08-10,4.7,7.3,15,32,79,193,283.0
01452000,08-11,4.5,7.3,15,37,74,199,249.0
01452000,08-12,4.7,7.4,16,36,80,176,257.0
01452000,08-13,4.6,8.7,15,32,86,216,425.0
01452000,08-14,4.7,8.0,15,29,70,214,572.0
01452000,08-15,4.3,7.8,14,27,68,171,375.0
01452000,08-16,5.1,7.5,14,25,61,153,257.0
01452000,08-17,4.2,8.2,15,26,57,154,253.0
01452000,08-18,4.2,7.1,15,31,67,139,352.0
01452000,08-19,4.2,6.8,15,28,58,120,524.0
01452000,08-20,4.2,7.0,14,27,56,117,365.0
01452000,08-21,4.2,7.2,14,30,59,132,240.0
01452000,08-22,4.2,6.7,14,28,65,178,366.0
01452000,08-23,4.2,6.4,14,31,56,151,515.0
01452000,08-24,4.2,6.7,13,28,51,143,313.0
01452000,08-25,4.2,6.7,13,27,47,119,220.0
01452000,08-26,4.2,6.7,13,25,54,152,176.0
01452000,08-27,4.2,6.7,13,24,55,123,140.0
01452000,08-28,3.9,6.6,12,24,58,125,174.0
01452000,08-29,3.9,5.9,12,24,55,110,129.0
01452000,08-30,4.0,5.5,12,25,54,107,185.0
01452000,08-31,4.2,6.6,11,25,57,107,206.0
01452000,09-01,4.2,6.9,11,24,61,119,229.0
01452000,09-02,4.2,6.4,10,22,56,105,189.0
01452000,09-03,4.5,6.5,10,22,54,150,364.0
01452000,09-04,4.5,7.1,12,22,57,143,187.0
01452000,09-05,4.2,7.0,12,21,50,124,239.0
01452000,09-06,4.2,6.7,10,24,61,136,254.0
01452000,09-07,4.2,6.4,10,27,59,117,210.0
01452000,09-08,4.2,6.1,10,25,52,115,186.0
01452000,09-09,4.2,6.6,11,24,46,95,203.0
01452000,09-10,4.2,6.8,11,22,50,115,300.0
01452000,09-11,4.2,6.4,11,24,65,132,348.0
01452000,09-12,4.5,6.1,11,22,54,150,279.0
01452000,09-13,4.3,7.1,11,23,60,147,230.0
01452000,09-14,5.2,6.2,10,20,68,149,281.0
01452000,09-15,4.3,7.8,10,22,66,215,252.0
01452000,09-16,4.7,7.3,10,24,58,168,278.0
01452000,09-17,4.4,7.7,12,24,59,151,231.0
01452000,09-18,4.3,7.7,11,24,68,209,332.0
01452000,09-19,4.4,7.2,11,23,62,261,425.0
01452000,09-20,4.1,7.5,10,25,56,184,363.0
01452000,09-21,4.9,7.6,10,23,59,161,354.0
01452000,09-22,5.7,7.6,11,25,59,179,298.0
01452000,09-23,6.0,7.0,12,27,54,172,222.0
01452000,09-24,5.9,7.4,10,22,60,150,284.0
01452000,09-25,6.1,7.5,12,22,75,190,247.0
01452000,09-26,5.8,7.6,11,20,73,159,288.0
01452000,09-27,5.2,7.7,14,25,71,202,386.0
01452000,09-28,4.9,7.6,13,32,76,283,524.0
01452000,09-29,5.7,7.8,13,32,70,226,295.0
01452000,09-30,4.7,7.6,13,33,97,210,294.0
01452000,10-01,6.3,7.5,12,31,83,190,300.0
01452000,10-02,5.4,7.3,13,30,90,195,250.0
01452000,10-03,5.4,7.2,13,30,92,162,248.0
01452000,10-04,5.4,7.2,12,29,80,141,195.0
01452000,10-05,5.6,6.7,11,29,72,164,205.0
01452000,10-06,4.8,7.0,12,30,73,153,207.0
01452000,10-07,5.7,8.3,13,30,71,121,174.0
01452000,10-08,6.4,7.7,13,35,78,127,219.0
01452000,10-09,5.7,7.0,14,35,71,147,225.0
01452000,10-10,4.5,6.9,13,36,73,162,247.0
01452000,10-11,4.4,6.9,14,35,72,182,221.0
01452000,10-12,4.2,6.7,13,34,67,152,259.0
01452000,10-13,4.2,7.8,14,31,67,137,220.0
01452000,10-14,4.8,6.7,15,32,62,154,211.0
01452000,10-15,4.3,6.5,16,34,73,156,223.0
01452000,10-16,4.3,6.4,16,36,73,158,215.0
01452000,10-17,4.7,6.9,16,33,75,131,183.0
01452000,10-18,4.8,7.5,14,34,72,125,245.0
01452000,10-19,4.9,6.8,15,33,71,187,452.0
01452000,10-20,4.6,6.9,15,32,76,184,503.0
01452000,10-21,4.4,7.1,14,29,75,232,564.0
01452000,10-22,4.8,7.7,13,31,73,210,374.0
01452000,10-23,6.0,7.6,14,29,88,208,322.0
01452000,10-24,6.0,7.9,14,39,83,191,268.0
01452000,10-25,5.8,7.3,19,40,81,187,283.0
01452000,10-26,5.8,7.5,23,42,90,160,236.0
01452000,10-27,5.6,7.0,24,42,103,158,278.0
01452000,10-28,6.0,7.7,20,42,110,264,328.0
01452000,10-29,5.9,8.3,21,47,97,234,434.0
01452000,10-30,5.9,8.8,22,42,110,253,375.0
01452000,10-31,6.0,9.5,21,41,95,242,318.0
01452000,11-01,6.3,8.6,20,51,103,221,269.0
01452000,11-02,5.8,7.5,18,57,99,244,376.0
01452000,11-03,5.7,7.5,19,50,126,273,435.0
01452000,11-04,5.7,8.0,19,47,111,233,385.0
01452000,11-05,4.8,7.9,20,48,115,216,307.0
01452000,11-06,4.8,8.3,20,50,99,187,227.0
01452000,11-07,6.5,8.7,29,55,97,165,213.0
01452000,11-08,5.9,9.6,28,50,115,158,328.0
01452000,11-09,6.6,11.0,24,44,107,147,530.0
01452000,11-10,6.8,13.0,26,51,102,256,458.0
01452000,11-11,5.6,12.0,25,56,103,198,426.0
01452000,11-12,5.8,8.9,25,55,109,258,343.0
01452000,11-13,6.3,8.4,26,57,111,226,317.0
01452000,11-14,6.4,8.8,24,54,99,193,393.0
01452000,11-15,6.5,9.9,28,59,101,169,439.0
01452000,11-16,6.5,9.9,25,57,109,188,508.0
01452000,11-17,6.4,13.0,28,55,117,294,551.0
01452000,11-18,8.0,13.0,28,59,112,238,375.0
01452000,11-19,7.9,12.0,26,59,108,228,297.0
01452000,11-20,8.3,12.0,28,71,122,238,353.0
01452000,11-21,8.2,13.0,28,64,110,278,481.0
01452000,11-22,8.3,14.0,28,67,149,278,479.0
01452000,11-23,11.0,14.0,29,67,142,320,487.0
01452000,11-24,9.6,15.0,38,68,143,239,337.0
01452000,11-25,11.0,14.0,39,70,145,281,597.0
01452000,11-26,14.0,28.0,38,77,144,320,448.0
01452000,11-27,14.0,20.0,36,77,145,355,417.0
01452000,11-28,14.0,23.0,38,75,204,343,642.0
01452000,11-29,25.0,30.0,44,77,207,429,709.0
01452000,11-30,17.0,28.0,47,90,184,481,565.0
01452000,12-01,20.0,29.0,46,92,173,402,561.0
01452000,12-02,18.0,26.0,45,91,160,358,712.0
01452000,12-03,17.0,22.0,47,99,166,353,517.0
01452000,12-04,14.0,20.0,42,97,196,361,493.0
01452000,12-05,17.0,23.0,50,97,176,327,409.0
01452000,12-06,16.0,24.0,47,90,195,406,555.0
01452000,12-07,17.0,29.0,45,95,212,388,729.0
01452000,12-08,16.0,28.0,49,89,203,441,670.0
01452000,12-09,18.0,28.0,53,101,203,348,595.0
01452000,12-10,18.0,31.0,48,105,201,392,522.0
01452000,12-11,21.0,30.0,52,107,220,437,599.0
01452000,12-12,21.0,29.0,51,104,252,366,695.0
01452000,12-13,22.0,26.0,48,105,197,404,562.0
01452000,12-14,26.0,30.0,49,101,190,374,468.0
01452000,12-15,25.0,30.0,49,102,193,316,790.0
01452000,12-16,23.0,30.0,55,100,199,302,530.0
01452000,12-17,21.0,31.0,53,95,185,368,445.0
01452000,12-18,22.0,30.0,57,94,197,317,501.0
01452000,12-19,19.0,28.0,55,87,178,274,408.0
01452000,12-20,16.0,28.0,44,88,172,256,344.0
01452000,12-21,22.0,28.0,48,89,177,335,730.0
01452000,12-22,18.0,28.0,45,90,171,312,792.0
01452000,12-23,18.0,28.0,49,85,177,438,529.0
01452000,12-24,23.0,30.0,55,94,182,417,489.0
01452000,12-25,23.0,28.0,45,83,246,403,575.0
01452000,12-26,27.0,31.0,48,80,229,354,421.0
01452000,12-27,22.0,29.0,40,88,231,317,465.0
01452000,12-28,22.0,29.0,47,84,203,396,498.0
01452000,12-29,23.0,30.0,57,83,195,338,384.0
01452000,12-30,21.0,29.0,47,119,171,313,450.0
01452000,12-31,18.0,29.0,47,105,158,317,382.0
01453000,01-01,825.0,1020.0,1500,2230,3710,4910,7950.0
01453000,01-02,856.0,977.0,1580,2410,3680,5330,7690.0
01453000,01-03,874.0,1090.0,1530,2340,3520,6010,7270.0
01453000,01-04,951.0,1090.0,1590,2340,3410,5290,6870.0
01453000,01-05,868.0,1050.0,1430,2290,3300,5080,6730.0
01453000,01-06,873.0,983.0,1390,2170,3490,5260,6450.0
01453000,01-07,839.0,995.0,1350,2100,3410,5180,5860.0
01453000,01-08,780.0,1010.0,1250,1960,3600,5140,7570.0
01453000,01-09,883.0,1050.0,1230,2000,3460,5540,7310.0
01453000,01-10,905.0,1010.0,1240,1930,3270,6190,6940.0
01453000,01-11,927.0,1040.0,1270,2000,3200,5410,6470.0
01453000,01-12,940.0,1060.0,1300,2020,3010,5000,6330.0
01453000,01-13,971.0,1060.0,1310,2020,3060,4690,7300.0
01453000,01-14,984.0,1020.0,1300,2010,3300,4690,6870.0
01453000,01-15,870.0,996.0,1290,2090,3180,4220,5870.0
01453000,01-16,831.0,959.0,1290,1960,3120,4470,5140.0
01453000,01-17,877.0,951.0,1230,2000,3020,4160,5360.0
01453000,01-18,839.0,938.0,1210,1780,2880,4290,5740.0
01453000,01-19,826.0,928.0,1270,1790,2650,4660,7130.0
01453000,01-20,824.0,895.0,1290,1970,2880,4590,6100.0
01453000,01-21,810.0,877.0,1230,2030,3030,4590,7680.0
01453000,01-22,809.0,881.0,1220,2070,2950,4710,9200.0
01453000,01-23,815.0,902.0,1250,1980,3120,5020,6160.0
01453000,01-24,767.0,979.0,1280,1910,3350,6770,11700.0
01453000,01-25,740.0,954.0,1290,2110,3590,7070,13800.0
01453000,01-26,736.0,973.0,1240,2030,4280,9510,11900.0
01453000,01-27,773.0,907.0,1320,1950,4150,9120,12000.0
01453000,01-28,780.0,895.0,1220,1990,4160,7510,10400.0
01453000,01-29,802.0,847.0,1270,1870,4400,6830,9160.0
01453000,01-30,774.0,866.0,1290,2000,3900,5690,8770.0
01453000,01-31,779.0,840.0,1300,1870,3550,5730,8990.0
01453000,02-01,787.0,866.0,1390,1920,3430,5090,7370.0
01453000,02-02,778.0,841.0,1290,2030,3180,5020,5970.0
01453000,02-03,778.0,860.0,1330,2140,3660,5590,6780.0
01453000,02-04,780.0,844.0,1330,2160,3530,5930,8290.0
01453000,02-05,780.0,868.0,1290,2140,3380,5110,7410.0
01453000,02-06,773.0,864.0,1300,2120,3290,4920,5920.0
01453000,02-07,809.0,889.0,1390,2180,3640,4740,5970.0
01453000,02-08,802.0,949.0,1350,2220,3310,4740,6290.0
01453000,02-09,803.0,868.0,1290,2180,3000,4110,5480.0
01453000,02-10,757.0,831.0,1290,2210,2850,3990,5000.0
01453000,02-11,748.0,901.0,1300,2220,2860,4310,5010.0
01453000,02-12,761.0,927.0,1250,2190,3020,4260,6140.0
01453000,02-13,807.0,897.0,1260,2100,3120,4580,6520.0
01453000,02-14,874.0,1020.0,1240,1990,2980,4960,6550.0
01453000,02-15,942.0,1050.0,1410,2010,3170,5020,6470.0
01453000,02-16,1030.0,1100.0,1480,2000,3050,4520,5830.0
01453000,02-17,921.0,1110.0,1520,2070,3160,5010,5880.0
01453000,02-18,932.0,1090.0,1520,2080,3220,4670,6170.0
01453000,02-19,1030.0,1090.0,1410,2090,3100,4930,5200.0
01453000,02-20,1040.0,1110.0,1390,1960,3220,4870,5590.0
01453000,02-21,1070.0,1110.0,1440,1920,3410,5340,6330.0
01453000,02-22,1000.0,1170.0,1440,2070,3410,5880,7030.0
01453000,02-23,1020.0,1200.0,1510,2240,3720,5780,6690.0
01453000,02-24,1020.0,1250.0,1630,2380,4220,5930,7300.0
01453000,02-25,1020.0,1210.0,1620,2330,4420,7750,10300.0
01453000,02-26,987.0,1170.0,1600,2350,4010,6120,11400.0
01453000,02-27,1020.0,1110.0,1550,2330,3680,6940,8630.0
01453000,02-28,1050.0,1150.0,1650,2510,3600,7590,9540.0
01453000,02-29,1000.0,1170.0,1790,2550,4440,6080,9720.0
01453000,03-01,940.0,1140.0,1640,2600,3580,6470,8820.0
01453000,03-02,986.0,1180.0,1800,2650,3930,7010,8310.0
01453000,03-03,1030.0,1300.0,1780,2550,3530,6190,7370.0
01453000,03-04,1090.0,1290.0,1880,2620,4180,5490,6630.0
01453000,03-05,1140.0,1290.0,1930,2600,4120,5670,7650.0
01453000,03-06,1090.0,1340.0,1970,2820,3900,6480,9500.0
01453000,03-07,1110.0,1390.0,2000,2710,3990,7210,9330.0
01453000,03-08,1100.0,1390.0,2010,2920,3900,6280,7450.0
01453000,03-09,1210.0,1500.0,1990,2940,4080,6240,8670.0
01453000,03-10,1250.0,1470.0,1900,2940,3850,7160,9260.0
01453000,03-11,1420.0,1520.0,2030,2880,4170,6510,10800.0
01453000,03-12,1430.0,1590.0,2050,2920,4480,6890,9820.0
01453000,03-13,1510.0,1640.0,2130,3160,4380,7010,8670.0
01453000,03-14,1530.0,1710.0,2100,3400,4280,6210,8250.0
01453000,03-15,1560.0,1730.0,2120,3300,4790,6550,9880.0
01453000,03-16,1520.0,1650.0,2200,3300,4410,7320,8600.0
01453000,03-17,1500.0,1610.0,2340,3490,4650,6670,8380.0
01453000,03-18,1450.0,1640.0,2290,3430,4970,7130,7870.0
01453000,03-19,1450.0,1690.0,2260,3330,4730,6490,7470.0
01453000,03-20,1410.0,1700.0,2290,3280,4820,6760,7280.0
01453000,03-21,1400.0,1710.0,2360,3410,4590,6860,9200.0
01453000,03-22,1400.0,1790.0,2570,3560,5600,7900,9250.0
01453000,03-23,1380.0,1750.0,2530,3550,5730,8510,9880.0
01453000,03-24,1340.0,1820.0,2470,3500,5690,7620,8910.0
01453000,03-25,1330.0,1810.0,2530,3600,5320,7080,8170.0
01453000,03-26,1350.0,1820.0,2460,3750,5030,7460,8570.0
01453000,03-27,1310.0,1700.0,2410,3660,4680,7410,8820.0
01453000,03-28,1270.0,1730.0,2660,3520,4620,7200,8850.0
01453000,03-29,1360.0,1680.0,2480,3410,4460,6710,12400.0
01453000,03-30,1370.0,1670.0,2370,3260,4910,6810,11900.0
01453000,03-31,1350.0,1700.0,2510,3210,4560,9300,12600.0
01453000,04-01,1370.0,1770.0,2450,3300,5150,8530,10700.0
01453000,04-02,1430.0,1910.0,2420,3450,5350,7660,9530.0
01453000,04-03,1490.0,1920.0,2520,3650,5370,8010,11700.0
01453000,04-04,1470.0,1810.0,2530,3720,5380,8650,15000.0
01453000,04-05,1420.0,1630.0,2440,3820,5510,10200,14300.0
01453000,04-06,1400.0,1750.0,2330,3740,6380,10000,14600.0
01453000,04-07,1370.0,1670.0,2320,3730,5680,10500,13400.0
01453000,04-08,1500.0,1770.0,2320,3470,5510,9860,13400.0
01453000,04-09,1570.0,1720.0,2240,3240,5220,8630,11600.0
01453000,04-10,1570.0,1660.0,2210,3150,5290,8600,9780.0
01453000,04-11,1490.0,1590.0,2120,3160,4740,8150,8780.0
01453000,04-12,1440.0,1680.0,2080,3130,4540,6420,7810.0
01453000,04-13,1410.0,1800.0,2220,3060,4690,6550,7650.0
01453000,04-14,1390.0,1780.0,2260,3030,4600,5840,8750.0
01453000,04-15,1460.0,1680.0,2210,3060,4660,6390,10100.0
01453000,04-16,1450.0,1690.0,2230,3030,4950,7900,10700.0
01453000,04-17,1380.0,1680.0,2180,3030,4730,8700,10100.0
01453000,04-18,1320.0,1670.0,2150,3020,4210,7690,9680.0
01453000,04-19,1260.0,1650.0,2110,2790,4060,6600,7780.0
01453000,04-20,1210.0,1620.0,1990,2820,4290,6520,8170.0
01453000,04-21,1180.0,1530.0,2060,2890,3850,5540,7300.0
01453000,04-22,1280.0,1470.0,1990,2800,3720,5310,6590.0
01453000,04-23,1400.0,1500.0,2010,2850,3900,5330,5790.0
01453000,04-24,1360.0,1520.0,2030,2730,3820,4710,5570.0
01453000,04-25,1290.0,1490.0,1960,2730,3790,4810,5770.0
01453000,04-26,1340.0,1440.0,2000,2700,3730,5070,5980.0
01453000,04-27,1330.0,1410.0,1990,2780,3480,5380,6560.0
01453000,04-28,1270.0,1370.0,2000,2870,3310,5010,7070.0
01453000,04-29,1300.0,1370.0,1960,2740,3490,4950,6790.0
01453000,04-30,1290.0,1480.0,1950,2470,3410,5510,7110.0
01453000,05-01,1290.0,1460.0,1980,2350,3430,6350,8330.0
01453000,05-02,1370.0,1570.0,1900,2450,3400,5710,8130.0
01453000,05-03,1430.0,1650.0,1920,2560,3560,5280,6880.0
01453000,05-04,1560.0,1680.0,1880,2500,3510,5280,5850.0
01453000,05-05,1480.0,1610.0,1910,2540,3600,5170,6220.0
01453000,05-06,1460.0,1560.0,1810,2500,3810,5110,6900.0
01453000,05-07,1430.0,1520.0,1800,2570,3530,5440,7190.0
01453000,05-08,1410.0,1500.0,1840,2420,3580,5450,7190.0
01453000,05-09,1360.0,1450.0,1880,2470,3540,4810,7850.0
01453000,05-10,1310.0,1420.0,1860,2520,3610,4780,6470.0
01453000,05-11,1280.0,1350.0,1870,2500,3340,5450,7670.0
01453000,05-12,1270.0,1350.0,1840,2500,3300,5680,7720.0
01453000,05-13,1250.0,1360.0,1910,2560,3580,5760,6610.0
01453000,05-14,1200.0,1370.0,1900,2450,3690,5600,7180.0
01453000,05-15,1120.0,1270.0,1800,2530,3620,5270,7520.0
01453000,05-16,1110.0,1290.0,1740,2390,3650,5160,7300.0
01453000,05-17,1150.0,1290.0,1720,2440,3530,6750,9680.0
01453000,05-18,1090.0,1270.0,1700,2410,3550,5450,8880.0
01453000,05-19,1090.0,1310.0,1670,2520,3620,5380,7630.0
01453000,05-20,1090.0,1350.0,1630,2450,3640,5420,7370.0
01453000,05-21,1110.0,1310.0,1670,2450,3720,5320,6310.0
01453000,05-22,1050.0,1280.0,1660,2350,3570,5390,8210.0
01453000,05-23,1040.0,1200.0,1590,2300,3710,5250,9750.0
01453000,05-24,1100.0,1190.0,1610,2210,3570,5550,7150.0
01453000,05-25,1050.0,1150.0,1600,2140,3370,6450,8280.0
01453000,05-26,906.0,1070.0,1630,2100,3260,5550,8580.0
01453000,05-27,895.0,1040.0,1550,2020,3160,5340,7970.0
01453000,05-28,931.0,1160.0,1500,1980,3040,4970,6340.0
01453000,05-29,931.0,1180.0,1510,2120,3480,5120,6900.0
01453000,05-30,902.0,1050.0,1470,2260,3390,6020,8640.0
01453000,05-31,880.0,1030.0,1390,2120,3500,5440,7200.0
01453000,06-01,914.0,1090.0,1380,2180,3160,5360,8750.0
01453000,06-02,1010.0,1140.0,1330,2130,3300,5470,8380.0
01453000,06-03,997.0,1070.0,1300,1990,3360,5110,6980.0
01453000,06-04,913.0,1030.0,1380,1900,3210,4640,5870.0
01453000,06-05,927.0,1020.0,1370,1990,2930,4350,4890.0
01453000,06-06,927.0,1000.0,1350,2080,2870,4050,4980.0
01453000,06-07,889.0,1090.0,1350,2060,2920,4190,5520.0
01453000,06-08,855.0,1020.0,1270,1920,2800,4050,5290.0
01453000,06-09,844.0,1080.0,1270,1930,2800,3640,4970.0
01453000,06-10,835.0,1010.0,1300,1880,2670,3290,4440.0
01453000,06-11,804.0,947.0,1270,1850,2590,3410,3950.0
01453000,06-12,799.0,922.0,1250,1860,2600,3450,3710.0
01453000,06-13,928.0,985.0,1220,1920,2750,4200,4630.0
01453000,06-14,886.0,992.0,1180,1760,2610,3820,5600.0
01453000,06-15,906.0,967.0,1200,1750,2640,4030,4590.0
01453000,06-16,811.0,949.0,1190,1660,2530,3800,4990.0
01453000,06-17,788.0,897.0,1170,1650,2590,3840,4620.0
01453000,06-18,814.0,952.0,1080,1580,2610,3450,4440.0
01453000,06-19,742.0,948.0,1130,1670,2660,3400,4410.0
01453000,06-20,730.0,907.0,1100,1620,2530,3820,5050.0
01453000,06-21,750.0,878.0,1100,1700,2320,3370,4510.0
01453000,06-22,796.0,832.0,1100,1590,2100,3660,5210.0
01453000,06-23,788.0,838.0,1140,1560,2230,3480,5390.0
01453000,06-24,781.0,831.0,1050,1600,2280,3840,4600.0
01453000,06-25,762.0,819.0,1040,1550,2130,3360,4550.0
01453000,06-26,742.0,794.0,1080,1420,2180,3260,4300.0
01453000,06-27,711.0,865.0,1080,1370,2010,3100,4520.0
01453000,06-28,690.0,781.0,1030,1330,2150,3280,4180.0
01453000,06-29,686.0,744.0,1020,1350,1970,3770,5370.0
01453000,06-30,693.0,744.0,978,1330,1990,3480,5080.0
01453000,07-01,696.0,773.0,921,1220,2130,3870,6460.0
01453000,07-02,687.0,751.0,932,1250,2100,3890,6300.0
01453000,07-03,674.0,736.0,948,1310,2040,3230,5610.0
01453000,07-04,653.0,712.0,916,1250,1860,2970,5750.0
01453000,07-05,649.0,710.0,906,1200,1960,2780,5050.0
01453000,07-06,650.0,693.0,932,1190,1850,3070,4950.0
01453000,07-07,611.0,689.0,909,1190,1770,2980,5400.0
01453000,07-08,630.0,675.0,912,1250,1780,3010,4830.0
01453000,07-09,616.0,666.0,845,1320,1980,3590,5270.0
01453000,07-10,581.0,654.0,856,1260,1950,4380,6910.0
01453000,07-11,605.0,670.0,831,1270,1720,4150,5410.0
01453000,07-12,590.0,645.0,830,1200,1780,4080,4210.0
01453000,07-13,559.0,680.0,852,1200,1970,3340,4280.0
01453000,07-14,527.0,696.0,875,1230,2050,3100,3500.0
01453000,07-15,563.0,702.0,851,1250,2240,3170,5510.0
01453000,07-16,562.0,674.0,846,1170,2020,3210,6030.0
01453000,07-17,540.0,642.0,830,1190,2040,2700,5590.0
01453000,07-18,537.0,611.0,841,1200,1980,2570,4670.0
01453000,07-19,552.0,632.0,865,1190,1740,2430,4140.0
01453000,07-20,571.0,676.0,872,1190,1640,2320,3290.0
01453000,07-21,534.0,633.0,851,1230,1720,2450,3230.0
01453000,07-22,499.0,617.0,878,1140,1680,2960,4930.0
01453000,07-23,518.0,647.0,869,1130,1960,3360,5830.0
01453000,07-24,517.0,643.0,857,1080,2060,3510,5240.0
01453000,07-25,520.0,640.0,789,1140,1800,3410,4860.0
01453000,07-26,505.0,562.0,829,1090,1660,2910,4950.0
01453000,07-27,497.0,576.0,795,1090,1910,2710,4390.0
01453000,07-28,496.0,569.0,805,1040,1900,3340,4510.0
01453000,07-29,495.0,623.0,832,1070,1650,2810,5870.0
01453000,07-30,503.0,616.0,831,1140,1670,2450,4030.0
01453000,07-31,483.0,593.0,847,1160,1680,2480,3060.0
01453000,08-01,479.0,554.0,794,1180,1580,2460,4280.0
01453000,08-02,480.0,517.0,781,1120,1580,3000,4460.0
01453000,08-03,446.0,521.0,772,1060,1500,4130,5070.0
01453000,08-04,439.0,520.0,766,1100,1630,3290,7760.0
01453000,08-05,423.0,548.0,786,1050,1570,3240,5850.0
01453000,08-06,421.0,541.0,763,1070,1610,2830,5570.0
01453000,08-07,412.0,540.0,736,1100,1780,3310,6120.0
01453000,08-08,429.0,562.0,742,1080,1750,3200,4700.0
01453000,08-09,443.0,576.0,747,1020,1710,3330,4030.0
01453000,08-10,467.0,581.0,743,1090,1690,3160,4100.0
01453000,08-11,464.0,557.0,739,1080,1790,3170,3960.0
01453000,08-12,471.0,575.0,750,1140,1820,3090,3460.0
01453000,08-13,452.0,563.0,745,1090,2000,2940,5040.0
01453000,08-14,505.0,583.0,717,1090,1770,3270,6090.0
01453000,08-15,494.0,546.0,714,1040,1650,3010,5040.0
01453000,08-16,442.0,561.0,706,1000,1520,3240,4570.0
01453000,08-17,426.0,561.0,730,1030,1640,3100,3950.0
01453000,08-18,408.0,530.0,730,1050,1750,3040,3950.0
01453000,08-19,416.0,514.0,707,995,1750,2990,4550.0
01453000,08-20,436.0,535.0,707,1060,1760,2770,3570.0
01453000,08-21,442.0,517.0,668,1050,1630,2500,3860.0
01453000,08-22,503.0,522.0,671,997,1600,2660,5680.0
01453000,08-23,470.0,507.0,651,1050,1520,2980,4860.0
01453000,08-24,433.0,515.0,637,945,1540,2680,4140.0
01453000,08-25,399.0,484.0,652,980,1620,2640,3600.0
01453000,08-26,432.0,519.0,664,965,1460,2860,3580.0
01453000,08-27,406.0,522.0,700,955,1420,2520,3230.0
01453000,08-28,413.0,517.0,700,996,1520,2480,3360.0
01453000,08-29,408.0,486.0,711,998,1530,2360,3270.0
01453000,08-30,417.0,497.0,705,973,1680,2550,3150.0
01453000,08-31,424.0,523.0,656,979,1530,2440,4530.0
01453000,09-01,417.0,514.0,701,963,1590,2570,4980.0
01453000,09-02,466.0,523.0,691,937,1550,2280,4540.0
01453000,09-03,471.0,538.0,686,827,1570,2630,5410.0
01453000,09-04,521.0,560.0,680,888,1510,2470,3790.0
01453000,09-05,512.0,525.0,671,936,1460,2030,5330.0
01453000,09-06,447.0,505.0,658,917,1410,2250,4820.0
01453000,09-07,446.0,504.0,650,926,1470,3290,4450.0
01453000,09-08,446.0,516.0,650,865,1350,2700,4750.0
01453000,09-09,453.0,508.0,651,908,1270,2510,4570.0
01453000,09-10,442.0,510.0,677,917,1280,3070,6100.0
01453000,09-11,454.0,496.0,679,920,1380,2720,4700.0
01453000,09-12,444.0,493.0,652,870,1350,3140,5250.0
01453000,09-13,432.0,479.0,628,856,1510,3080,6460.0
01453000,09-14,406.0,485.0,632,822,1530,2660,5780.0
01453000,09-15,387.0,478.0,677,829,1630,3610,4770.0
01453000,09-16,378.0,472.0,668,951,1530,3770,6840.0
01453000,09-17,452.0,517.0,678,890,1560,3180,5330.0
01453000,09-18,461.0,523.0,664,921,1650,3440,5280.0
01453000,09-19,446.0,519.0,645,970,1490,3640,7520.0
01453000,09-20,411.0,463.0,699,914,1870,3880,6600.0
01453000,09-21,423.0,459.0,708,893,1730,3890,5700.0
01453000,09-22,425.0,485.0,713,946,1590,3880,5600.0
01453000,09-23,423.0,489.0,685,895,1680,3750,4930.0
01453000,09-24,409.0,512.0,660,823,1650,3980,7620.0
01453000,09-25,424.0,501.0,638,855,1720,4230,5930.0
01453000,09-26,463.0,503.0,655,863,1720,3970,5900.0
01453000,09-27,443.0,558.0,655,937,1930,4220,6770.0
01453000,09-28,444.0,540.0,672,913,2040,4390,9390.0
01453000,09-29,475.0,522.0,681,892,2110,3700,11400.0
01453000,09-30,465.0,521.0,697,1100,2040,3760,7940.0
01453000,10-01,498.0,536.0,695,1110,1950,4160,6420.0
01453000,10-02,476.0,562.0,682,1050,2030,3480,5270.0
01453000,10-03,487.0,534.0,694,971,2010,3190,5750.0
01453000,10-04,469.0,532.0,684,973,1870,3160,5400.0
01453000,10-05,476.0,533.0,690,965,1860,3160,6020.0
01453000,10-06,467.0,533.0,682,995,1860,3220,5430.0
01453000,10-07,466.0,510.0,654,933,1710,3280,4950.0
01453000,10-08,462.0,509.0,694,980,2080,3760,4710.0
01453000,10-09,467.0,540.0,685,1020,2040,3930,4750.0
01453000,10-10,490.0,547.0,681,996,2260,3500,5210.0
01453000,10-11,459.0,555.0,669,1040,2140,3600,4390.0
01453000,10-12,446.0,566.0,681,1190,2170,3300,4140.0
01453000,10-13,440.0,547.0,724,1150,2100,3440,3910.0
01453000,10-14,444.0,532.0,717,1100,1860,2990,4430.0
01453000,10-15,469.0,568.0,712,1080,1860,3060,5560.0
01453000,10-16,505.0,586.0,735,1090,1950,3410,4810.0
01453000,10-17,495.0,591.0,712,1070,1900,2990,6150.0
01453000,10-18,519.0,593.0,714,1010,1980,3260,6330.0
01453000,10-19,516.0,603.0,724,1110,1980,3480,8130.0
01453000,10-20,532.0,586.0,722,1030,1770,4080,7160.0
01453000,10-21,545.0,582.0,730,1010,1850,4100,8510.0
01453000,10-22,548.0,583.0,726,1020,1870,4640,7210.0
01453000,10-23,524.0,596.0,733,1040,1840,4490,6650.0
01453000,10-24,513.0,582.0,702,1170,2010,4490,5970.0
01453000,10-25,504.0,579.0,718,1210,2140,4140,4840.0
01453000,10-26,490.0,583.0,790,1280,2350,3900,5160.0
01453000,10-27,506.0,583.0,795,1210,2650,4390,5750.0
01453000,10-28,539.0,583.0,754,1240,2840,4710,6310.0
01453000,10-29,532.0,573.0,788,1300,2750,4860,6790.0
01453000,10-30,542.0,570.0,838,1440,2820,4640,6390.0
01453000,10-31,527.0,569.0,812,1470,2750,4250,6050.0
01453000,11-01,530.0,574.0,790,1480,2590,4440,6320.0
01453000,11-02,555.0,584.0,791,1680,2530,4550,5480.0
01453000,11-03,540.0,604.0,787,1750,2840,4560,5700.0
01453000,11-04,530.0,642.0,806,1780,2750,4200,4870.0
01453000,11-05,545.0,666.0,851,1680,2850,3750,4410.0
01453000,11-06,546.0,624.0,882,1660,2660,3520,3730.0
01453000,11-07,555.0,650.0,992,1690,2380,3320,3610.0
01453000,11-08,534.0,646.0,1010,1710,2410,3150,4640.0
01453000,11-09,533.0,684.0,945,1710,2130,4050,8280.0
01453000,11-10,555.0,658.0,1010,1610,2230,4940,7960.0
01453000,11-11,544.0,700.0,957,1570,2220,4920,8930.0
01453000,11-12,519.0,659.0,931,1660,2430,6180,7290.0
01453000,11-13,494.0,669.0,916,1610,2610,5200,6700.0
01453000,11-14,545.0,643.0,886,1590,2670,4990,6850.0
01453000,11-15,513.0,618.0,1040,1640,2510,4510,7260.0
01453000,11-16,491.0,624.0,1070,1650,2790,4470,6580.0
01453000,11-17,481.0,651.0,1030,1710,2990,5440,7830.0
01453000,11-18,519.0,667.0,1040,1730,2970,4720,6070.0
01453000,11-19,499.0,641.0,1040,1680,2790,4420,5470.0
01453000,11-20,484.0,636.0,977,1780,2870,4610,5300.0
01453000,11-21,506.0,615.0,980,1800,3100,4960,5670.0
01453000,11-22,502.0,661.0,1110,1820,3080,4840,5740.0
01453000,11-23,532.0,655.0,1090,1840,3030,4700,6100.0
01453000,11-24,626.0,677.0,1120,1880,2960,3920,5710.0
01453000,11-25,620.0,716.0,1120,2020,3130,4320,7080.0
01453000,11-26,686.0,845.0,1170,2000,3090,4590,6620.0
01453000,11-27,702.0,918.0,1250,2000,2960,5300,6850.0
01453000,11-28,733.0,940.0,1340,1930,3620,6240,7980.0
01453000,11-29,797.0,965.0,1340,2050,3450,6000,9010.0
01453000,11-30,868.0,1060.0,1450,2010,3920,6780,8640.0
01453000,12-01,834.0,1030.0,1450,2100,3700,6940,7830.0
01453000,12-02,799.0,993.0,1450,2000,3480,6830,8270.0
01453000,12-03,702.0,948.0,1390,2070,3410,5960,7560.0
01453000,12-04,702.0,857.0,1330,1970,3580,5730,8830.0
01453000,12-05,749.0,961.0,1290,1960,3720,5350,9670.0
01453000,12-06,745.0,986.0,1280,1940,3600,6540,11200.0
01453000,12-07,740.0,954.0,1300,2130,4110,6930,9000.0
01453000,12-08,708.0,841.0,1320,2090,3860,6750,8810.0
01453000,12-09,725.0,793.0,1350,2180,3790,5680,8560.0
01453000,12-10,689.0,789.0,1380,2290,3460,6590,7730.0
01453000,12-11,755.0,845.0,1360,2220,3630,7400,8230.0
01453000,12-12,746.0,931.0,1340,2240,3950,6890,8420.0
01453000,12-13,771.0,964.0,1350,2120,4100,6570,10900.0
01453000,12-14,865.0,1020.0,1380,2100,4040,6420,9870.0
01453000,12-15,786.0,1060.0,1350,2100,3950,6460,9020.0
01453000,12-16,704.0,961.0,1400,2140,3970,5750,7860.0
01453000,12-17,718.0,954.0,1310,2230,3870,5700,7130.0
01453000,12-18,760.0,936.0,1400,2170,3760,6030,8330.0
01453000,12-19,753.0,982.0,1440,2170,3640,4810,7380.0
01453000,12-20,708.0,979.0,1320,2260,3610,4260,6530.0
01453000,12-21,798.0,964.0,1320,2210,3540,5540,10800.0
01453000,12-22,789.0,931.0,1440,2250,3500,5920,10600.0
01453000,12-23,748.0,969.0,1360,2270,3370,5730,8490.0
01453000,12-24,686.0,994.0,1400,2320,4040,6600,8480.0
01453000,12-25,702.0,1000.0,1400,2290,4260,7240,9240.0
01453000,12-26,781.0,947.0,1410,2320,4280,6790,7190.0
01453000,12-27,920.0,994.0,1420,2110,4390,6090,7870.0
01453000,12-28,861.0,999.0,1340,2150,4240,6370,8440.0
01453000,12-29,783.0,1000.0,1330,2250,4000,5930,7740.0
01453000,12-30,763.0,983.0,1460,2410,4140,5790,7810.0
01453000,12-31,814.0,897.0,1340,2340,3850,5830,6630.0
