SiteCode,MonthDay,p05,p10,p25,p50,p75,p90,p95
01464000,01-01,33.0,42.0,71.0,121,214.0,323.0,597.0
01464000,01-02,39.0,52.0,74.0,130,211.0,418.0,496.0
01464000,01-03,41.0,54.0,81.0,133,213.0,406.0,476.0
01464000,01-04,44.0,53.0,86.0,131,202.0,361.0,452.0
01464000,01-05,45.0,56.0,82.0,127,230.0,325.0,412.0
01464000,01-06,45.0,60.0,88.0,123,196.0,309.0,431.0
01464000,01-07,47.0,58.0,89.0,128,201.0,319.0,512.0
01464000,01-08,44.0,61.0,78.0,114,184.0,319.0,474.0
01464000,01-09,40.0,55.0,78.0,113,214.0,337.0,490.0
01464000,01-10,45.0,56.0,80.0,120,200.0,332.0,438.0
01464000,01-11,47.0,53.0,87.0,123,185.0,306.0,369.0
01464000,01-12,44.0,57.0,85.0,125,198.0,310.0,438.0
01464000,01-13,42.0,56.0,79.0,117,196.0,275.0,341.0
01464000,01-14,44.0,59.0,80.0,120,183.0,300.0,395.0
01464000,01-15,43.0,57.0,82.0,120,188.0,307.0,471.0
01464000,01-16,45.0,54.0,77.0,114,192.0,320.0,467.0
01464000,01-17,42.0,53.0,76.0,112,182.0,292.0,380.0
01464000,01-18,50.0,57.0,81.0,121,199.0,317.0,517.0
01464000,01-19,52.0,57.0,81.0,121,178.0,326.0,490.0
01464000,01-20,51.0,57.0,88.0,123,193.0,354.0,474.0
01464000,01-21,49.0,54.0,83.0,117,186.0,371.0,438.0
01464000,01-22,46.0,57.0,81.0,113,195.0,348.0,494.0
01464000,01-23,48.0,60.0,89.0,118,203.0,339.0,474.0
01464000,01-24,47.0,61.0,83.0,113,184.0,396.0,618.0
01464000,01-25,48.0,60.0,82.0,114,248.0,492.0,640.0
01464000,01-26,51.0,59.0,86.0,120,260.0,467.0,664.0
01464000,01-27,46.0,60.0,81.0,113,246.0,374.0,538.0
01464000,01-28,47.0,53.0,80.0,108,215.0,436.0,648.0
01464000,01-29,44.0,53.0,75.0,101,186.0,346.0,533.0
01464000,01-30,43.0,53.0,79.0,101,175.0,369.0,499.0
01464000,01-31,41.0,54.0,78.0,111,167.0,308.0,410.0
01464000,02-01,42.0,58.0,76.0,111,168.0,279.0,373.0
01464000,02-02,46.0,54.0,75.0,118,193.0,302.0,447.0
01464000,02-03,43.0,52.0,76.0,125,194.0,328.0,448.0
01464000,02-04,42.0,54.0,83.0,117,196.0,396.0,557.0
01464000,02-05,43.0,56.0,81.0,121,245.0,368.0,493.0
01464000,02-06,42.0,60.0,79.0,124,211.0,343.0,452.0
01464000,02-07,48.0,62.0,81.0,145,226.0,348.0,493.0
01464000,02-08,45.0,59.0,82.0,144,225.0,368.0,540.0
01464000,02-09,51.0,61.0,81.0,134,198.0,302.0,436.0
01464000,02-10,53.0,59.0,85.0,124,195.0,314.0,409.0
01464000,02-11,53.0,62.0,92.0,128,202.0,309.0,398.0
01464000,02-12,52.0,61.0,95.0,130,195.0,315.0,514.0
01464000,02-13,49.0,63.0,91.0,131,197.0,381.0,523.0
01464000,02-14,52.0,65.0,89.0,132,217.0,378.0,408.0
01464000,02-15,56.0,69.0,96.0,136,221.0,365.0,536.0
01464000,02-16,60.0,68.0,99.0,135,257.0,377.0,453.0
01464000,02-17,58.0,71.0,97.0,138,227.0,336.0,413.0
01464000,02-18,67.0,77.0,99.0,148,242.0,311.0,361.0
01464000,02-19,72.0,79.0,102.0,156,211.0,340.0,512.0
01464000,02-20,73.0,78.0,108.0,159,245.0,391.0,432.0
01464000,02-21,71.0,79.0,98.0,149,216.0,400.0,506.0
01464000,02-22,67.0,76.0,103.0,161,215.0,349.0,616.0
01464000,02-23,63.0,74.0,101.0,154,225.0,428.0,617.0
01464000,02-24,65.0,72.0,101.0,142,245.0,436.0,716.0
01464000,02-25,64.0,72.0,111.0,141,239.0,521.0,631.0
01464000,02-26,62.0,72.0,110.0,148,248.0,466.0,561.0
01464000,02-27,61.0,72.0,105.0,141,272.0,412.0,524.0
01464000,02-28,58.0,73.0,100.0,142,246.0,391.0,600.0
01464000,02-29,66.0,74.0,97.0,139,199.0,349.0,501.0
01464000,03-01,56.0,69.0,100.0,143,230.0,352.0,599.0
01464000,03-02,61.0,72.0,102.0,145,225.0,449.0,556.0
01464000,03-03,67.0,76.0,110.0,150,240.0,369.0,566.0
01464000,03-04,68.0,76.0,112.0,161,290.0,437.0,550.0
01464000,03-05,67.0,80.0,110.0,176,289.0,453.0,542.0
01464000,03-06,72.0,78.0,115.0,176,309.0,448.0,703.0
01464000,03-07,72.0,92.0,118.0,179,285.0,476.0,835.0
01464000,03-08,83.0,95.0,122.0,172,293.0,481.0,579.0
01464000,03-09,83.0,96.0,122.0,173,258.0,422.0,570.0
01464000,03-10,84.0,97.0,113.0,158,222.0,386.0,514.0
01464000,03-11,82.0,93.0,115.0,157,219.0,404.0,575.0
01464000,03-12,77.0,90.0,116.0,154,226.0,471.0,684.0
01464000,03-13,73.0,90.0,113.0,157,268.0,609.0,776.0
01464000,03-14,74.0,88.0,114.0,173,270.0,515.0,733.0
01464000,03-15,72.0,86.0,115.0,170,264.0,477.0,663.0
01464000,03-16,71.0,83.0,118.0,167,261.0,367.0,562.0
01464000,03-17,70.0,84.0,114.0,168,242.0,398.0,500.0
01464000,03-18,69.0,86.0,112.0,168,232.0,379.0,522.0
01464000,03-19,79.0,89.0,119.0,170,242.0,413.0,480.0
01464000,03-20,75.0,87.0,115.0,168,270.0,386.0,487.0
01464000,03-21,76.0,85.0,126.0,166,254.0,398.0,565.0
01464000,03-22,76.0,87.0,123.0,165,241.0,595.0,702.0
01464000,03-23,78.0,87.0,109.0,163,301.0,520.0,662.0
01464000,03-24,77.0,81.0,104.0,154,303.0,435.0,602.0
01464000,03-25,77.0,84.0,102.0,148,269.0,359.0,529.0
01464000,03-26,74.0,87.0,102.0,155,234.0,335.0,462.0
01464000,03-27,75.0,85.0,104.0,153,227.0,345.0,409.0
01464000,03-28,73.0,82.0,106.0,155,221.0,392.0,525.0
01464000,03-29,73.0,79.0,105.0,149,224.0,364.0,739.0
01464000,03-30,72.0,76.0,99.0,156,247.0,401.0,593.0
01464000,03-31,70.0,78.0,104.0,150,236.0,473.0,651.0
01464000,04-01,73.0,78.0,115.0,153,255.0,486.0,627.0
01464000,04-02,72.0,84.0,110.0,145,250.0,521.0,666.0
01464000,04-03,71.0,78.0,103.0,150,260.0,440.0,655.0
01464000,04-04,72.0,79.0,102.0,155,250.0,420.0,620.0
01464000,04-05,71.0,77.0,97.0,145,244.0,423.0,688.0
01464000,04-06,69.0,75.0,96.0,141,264.0,473.0,587.0
01464000,04-07,64.0,72.0,93.0,133,262.0,442.0,637.0
01464000,04-08,64.0,75.0,92.0,148,240.0,467.0,594.0
01464000,04-09,65.0,73.0,101.0,142,275.0,425.0,513.0
01464000,04-10,64.0,73.0,99.0,134,256.0,344.0,516.0
01464000,04-11,62.0,71.0,96.0,133,225.0,334.0,382.0
01464000,04-12,62.0,70.0,99.0,147,240.0,326.0,430.0
01464000,04-13,64.0,70.0,93.0,150,222.0,394.0,487.0
01464000,04-14,63.0,68.0,91.0,146,195.0,325.0,440.0
01464000,04-15,62.0,68.0,87.0,137,212.0,332.0,454.0
01464000,04-16,58.0,66.0,92.0,141,226.0,418.0,740.0
01464000,04-17,56.0,64.0,87.0,143,215.0,388.0,575.0
01464000,04-18,56.0,68.0,90.0,135,206.0,348.0,477.0
01464000,04-19,56.0,64.0,86.0,126,202.0,343.0,535.0
01464000,04-20,55.0,62.0,84.0,128,192.0,374.0,535.0
01464000,04-21,55.0,62.0,82.0,121,179.0,355.0,437.0
01464000,04-22,53.0,63.0,84.0,121,174.0,305.0,408.0
01464000,04-23,54.0,59.0,82.0,118,174.0,326.0,378.0
01464000,04-24,54.0,59.0,86.0,120,172.0,333.0,378.0
01464000,04-25,56.0,64.0,87.0,115,170.0,287.0,460.0
01464000,04-26,51.0,63.0,88.0,116,180.0,321.0,401.0
01464000,04-27,51.0,70.0,85.0,110,174.0,393.0,477.0
01464000,04-28,51.0,68.0,83.0,116,194.0,353.0,527.0
01464000,04-29,50.0,62.0,85.0,114,194.0,288.0,387.0
01464000,04-30,52.0,62.0,79.0,114,162.0,268.0,352.0
01464000,05-01,51.0,63.0,83.0,115,164.0,271.0,353.0
01464000,05-02,47.0,61.0,80.0,111,161.0,246.0,409.0
01464000,05-03,48.0,61.0,83.0,112,176.0,244.0,278.0
01464000,05-04,51.0,56.0,77.0,111,173.0,300.0,416.0
01464000,05-05,48.0,54.0,72.0,109,150.0,343.0,431.0
01464000,05-06,46.0,52.0,69.0,108,170.0,363.0,443.0
01464000,05-07,45.0,52.0,71.0,101,165.0,339.0,424.0
01464000,05-08,44.0,52.0,70.0,104,166.0,391.0,482.0
01464000,05-09,43.0,49.0,73.0,109,170.0,335.0,431.0
01464000,05-10,43.0,51.0,70.0,104,164.0,313.0,395.0
01464000,05-11,43.0,50.0,70.0,95,143.0,283.0,368.0
01464000,05-12,43.0,51.0,72.0,102,169.0,280.0,441.0
01464000,05-13,41.0,50.0,73.0,100,161.0,269.0,438.0
01464000,05-14,40.0,52.0,69.0,100,172.0,274.0,490.0
01464000,05-15,40.0,49.0,68.0,98,157.0,296.0,450.0
01464000,05-16,36.0,49.0,67.0,95,179.0,337.0,418.0
01464000,05-17,38.0,49.0,66.0,88,179.0,296.0,506.0
01464000,05-18,39.0,50.0,65.0,84,168.0,354.0,449.0
01464000,05-19,37.0,47.0,61.0,95,170.0,321.0,389.0
01464000,05-20,44.0,50.0,60.0,104,170.0,272.0,346.0
01464000,05-21,39.0,44.0,64.0,103,162.0,228.0,271.0
01464000,05-22,39.0,46.0,62.0,100,146.0,234.0,290.0
01464000,05-23,39.0,45.0,62.0,92,153.0,258.0,335.0
01464000,05-24,36.0,41.0,60.0,90,141.0,264.0,371.0
01464000,05-25,35.0,44.0,59.0,88,141.0,246.0,430.0
01464000,05-26,36.0,43.0,57.0,83,155.0,243.0,435.0
01464000,05-27,38.0,44.0,57.0,84,152.0,243.0,390.0
01464000,05-28,31.0,40.0,56.0,87,134.0,249.0,331.0
01464000,05-29,38.0,42.0,58.0,85,141.0,260.0,507.0
01464000,05-30,25.0,33.0,52.0,76,135.0,236.0,543.0
01464000,05-31,32.0,37.0,54.0,76,118.0,341.0,533.0
01464000,06-01,32.0,38.0,54.0,80,138.0,301.0,455.0
01464000,06-02,37.0,38.0,50.0,79,152.0,304.0,439.0
01464000,06-03,35.0,38.0,50.0,81,134.0,235.0,355.0
01464000,06-04,26.0,37.0,51.0,76,134.0,293.0,406.0
01464000,06-05,30.0,36.0,49.0,75,121.0,257.0,374.0
01464000,06-06,34.0,37.0,51.0,73,124.0,239.0,329.0
01464000,06-07,32.0,37.0,49.0,75,110.0,209.0,356.0
01464000,06-08,32.0,37.0,48.0,68,105.0,189.0,243.0
01464000,06-09,28.0,32.0,48.0,71,129.0,193.0,280.0
01464000,06-10,30.0,34.0,49.0,69,111.0,163.0,256.0
01464000,06-11,28.0,33.0,47.0,64,97.0,170.0,272.0
01464000,06-12,27.0,34.0,50.0,72,113.0,228.0,412.0
01464000,06-13,33.0,39.0,49.0,76,123.0,297.0,530.0
01464000,06-14,34.0,37.0,51.0,74,136.0,284.0,494.0
01464000,06-15,32.0,38.0,48.0,71,125.0,265.0,378.0
01464000,06-16,27.0,35.0,47.0,73,122.0,216.0,283.0
01464000,06-17,28.0,35.0,48.0,68,104.0,200.0,354.0
01464000,06-18,25.0,32.0,46.0,64,107.0,259.0,358.0
01464000,06-19,26.0,34.0,45.0,66,137.0,244.0,366.0
01464000,06-20,24.0,33.0,47.0,70,128.0,216.0,313.0
01464000,06-21,23.0,31.0,43.0,66,116.0,294.0,367.0
01464000,06-22,23.0,31.0,45.0,63,108.0,256.0,449.0
01464000,06-23,23.0,31.0,41.0,64,111.0,222.0,304.0
01464000,06-24,23.0,31.0,39.0,60,108.0,218.0,257.0
01464000,06-25,23.0,28.0,37.0,59,95.0,192.0,263.0
01464000,06-26,21.0,27.0,36.0,52,95.0,173.0,204.0
01464000,06-27,21.0,28.0,38.0,58,103.0,184.0,254.0
01464000,06-28,22.0,26.0,39.0,51,92.0,204.0,332.0
01464000,06-29,21.0,27.0,38.0,53,99.0,185.0,349.0
01464000,06-30,20.0,26.0,35.0,54,93.0,170.0,292.0
01464000,07-01,20.0,25.0,34.0,54,95.0,189.0,271.0
01464000,07-02,19.0,23.0,34.0,53,87.0,170.0,228.0
01464000,07-03,18.0,23.0,36.0,55,96.0,179.0,242.0
01464000,07-04,15.0,19.0,30.0,49,91.0,168.0,281.0
01464000,07-05,21.0,25.0,35.0,56,90.0,149.0,246.0
01464000,07-06,21.0,26.0,33.0,51,88.0,205.0,334.0
01464000,07-07,18.0,23.0,33.0,55,100.0,194.0,378.0
01464000,07-08,20.0,21.0,37.0,51,98.0,160.0,381.0
01464000,07-09,19.0,24.0,34.0,55,108.0,242.0,388.0
01464000,07-10,17.0,22.0,33.0,53,112.0,246.0,332.0
01464000,07-11,18.0,27.0,35.0,50,94.0,242.0,335.0
01464000,07-12,18.0,26.0,33.0,51,87.0,265.0,343.0
01464000,07-13,17.0,23.0,34.0,56,118.0,338.0,475.0
01464000,07-14,18.0,23.0,36.0,66,135.0,260.0,506.0
01464000,07-15,19.0,23.0,33.0,60,149.0,251.0,501.0
01464000,07-16,16.0,22.0,35.0,58,109.0,251.0,386.0
01464000,07-17,17.0,21.0,37.0,55,113.0,224.0,350.0
01464000,07-18,16.0,20.0,35.0,55,114.0,263.0,359.0
01464000,07-19,17.0,23.0,33.0,52,98.0,181.0,280.0
01464000,07-20,15.0,24.0,34.0,52,87.0,177.0,225.0
01464000,07-21,15.0,23.0,34.0,49,99.0,186.0,433.0
01464000,07-22,16.0,21.0,33.0,56,101.0,222.0,372.0
01464000,07-23,13.0,22.0,32.0,58,143.0,382.0,598.0
01464000,07-24,13.0,21.0,31.0,56,120.0,304.0,452.0
01464000,07-25,16.0,23.0,30.0,56,104.0,192.0,259.0
01464000,07-26,17.0,25.0,33.0,52,108.0,207.0,330.0
01464000,07-27,18.0,25.0,35.0,52,95.0,245.0,367.0
01464000,07-28,16.0,21.0,31.0,56,110.0,204.0,372.0
01464000,07-29,16.0,25.0,33.0,55,92.0,223.0,278.0
01464000,07-30,14.0,23.0,29.0,52,100.0,255.0,427.0
01464000,07-31,14.0,23.0,30.0,50,127.0,268.0,407.0
01464000,08-01,16.0,21.0,33.0,52,114.0,231.0,308.0
01464000,08-02,18.0,22.0,32.0,50,111.0,176.0,231.0
01464000,08-03,18.0,22.0,32.0,51,104.0,200.0,272.0
01464000,08-04,14.0,21.0,34.0,55,100.0,192.0,373.0
01464000,08-05,18.0,22.0,34.0,55,106.0,194.0,312.0
01464000,08-06,18.0,22.0,32.0,49,100.0,186.0,269.0
01464000,08-07,19.0,22.0,31.0,50,95.0,199.0,316.0
01464000,08-08,16.0,20.0,29.0,53,105.0,199.0,323.0
01464000,08-09,21.0,23.0,33.0,55,112.0,208.0,379.0
01464000,08-10,17.0,23.0,35.0,57,119.0,258.0,422.0
01464000,08-11,18.0,22.0,36.0,58,123.0,179.0,281.0
01464000,08-12,19.0,22.0,36.0,59,109.0,263.0,414.0
01464000,08-13,11.0,22.0,35.0,60,100.0,322.0,431.0
01464000,08-14,19.0,24.0,34.0,58,101.0,270.0,406.0
01464000,08-15,18.0,23.0,34.0,57,118.0,209.0,327.0
01464000,08-16,18.0,20.0,32.0,54,96.0,197.0,221.0
01464000,08-17,18.0,20.0,36.0,56,91.0,166.0,250.0
01464000,08-18,16.0,20.0,34.0,61,91.0,145.0,208.0
01464000,08-19,20.0,22.0,33.0,55,89.0,164.0,265.0
01464000,08-20,18.0,22.0,35.0,51,93.0,145.0,215.0
01464000,08-21,17.0,21.0,35.0,52,86.0,167.0,284.0
01464000,08-22,15.0,21.0,34.0,55,88.0,180.0,426.0
01464000,08-23,14.0,21.0,33.0,55,86.0,201.0,401.0
01464000,08-24,18.0,21.0,33.0,51,78.0,208.0,297.0
01464000,08-25,15.0,21.0,33.0,51,82.0,198.0,286.0
01464000,08-26,18.0,22.0,34.0,53,81.0,187.0,272.0
01464000,08-27,17.0,22.0,31.0,54,89.0,221.0,412.0
01464000,08-28,15.0,21.0,33.0,51,95.0,180.0,376.0
01464000,08-29,16.0,20.0,33.0,54,87.0,179.0,278.0
01464000,08-30,17.0,20.0,33.0,48,84.0,160.0,196.0
01464000,08-31,16.0,19.0,32.0,49,85.0,128.0,174.0
01464000,09-01,16.0,18.0,32.0,46,79.0,167.0,384.0
01464000,09-02,16.0,19.0,31.0,49,91.0,256.0,499.0
01464000,09-03,15.0,20.0,31.0,47,96.0,174.0,419.0
01464000,09-04,17.0,19.0,30.0,45,92.0,176.0,352.0
01464000,09-05,13.0,18.0,30.0,45,87.0,121.0,244.0
01464000,09-06,16.0,17.0,31.0,47,86.0,148.0,269.0
01464000,09-07,16.0,18.0,31.0,45,79.0,150.0,300.0
01464000,09-08,17.0,21.0,33.0,49,82.0,150.0,231.0
01464000,09-09,18.0,20.0,31.0,47,77.0,166.0,235.0
01464000,09-10,16.0,19.0,32.0,47,81.0,170.0,255.0
01464000,09-11,16.0,19.0,31.0,50,85.0,144.0,233.0
01464000,09-12,17.0,19.0,29.0,47,83.0,173.0,241.0
01464000,09-13,16.0,18.0,30.0,47,90.0,154.0,254.0
01464000,09-14,17.0,23.0,32.0,47,89.0,163.0,317.0
01464000,09-15,19.0,21.0,31.0,45,95.0,208.0,355.0
01464000,09-16,19.0,22.0,29.0,48,80.0,168.0,247.0
01464000,09-17,20.0,23.0,31.0,46,81.0,154.0,397.0
01464000,09-18,20.0,23.0,30.0,47,92.0,190.0,371.0
01464000,09-19,20.0,23.0,31.0,50,86.0,212.0,408.0
01464000,09-20,19.0,24.0,30.0,50,85.0,160.0,495.0
01464000,09-21,20.0,24.0,30.0,47,90.0,221.0,429.0
01464000,09-22,20.0,23.0,30.0,48,89.0,192.0,422.0
01464000,09-23,19.0,22.0,31.0,52,102.0,226.0,317.0
01464000,09-24,16.0,20.0,29.0,52,86.0,210.0,319.0
01464000,09-25,18.0,22.0,31.0,51,93.0,165.0,361.0
01464000,09-26,18.0,22.0,30.0,50,90.0,212.0,336.0
01464000,09-27,18.0,20.0,31.0,54,89.0,225.0,371.0
01464000,09-28,20.0,23.0,32.0,53,94.0,174.0,390.0
01464000,09-29,18.0,21.0,35.0,55,108.0,231.0,283.0
01464000,09-30,18.0,22.0,35.0,55,100.0,222.0,359.0
01464000,10-01,16.0,21.0,33.0,52,106.0,185.0,284.0
01464000,10-02,16.0,21.0,32.0,52,104.0,210.0,254.0
01464000,10-03,19.0,23.0,34.0,52,99.0,178.0,252.0
01464000,10-04,16.0,22.0,32.0,54,89.0,145.0,197.0
01464000,10-05,18.0,21.0,35.0,50,88.0,136.0,217.0
01464000,10-06,19.0,22.0,35.0,51,83.0,127.0,157.0
01464000,10-07,20.0,23.0,37.0,56,81.0,114.0,145.0
01464000,10-08,22.0,28.0,37.0,54,76.0,119.0,207.0
01464000,10-09,24.0,27.0,36.0,53,77.0,128.0,246.0
01464000,10-10,22.0,25.0,36.0,51,77.0,126.0,220.0
01464000,10-11,21.0,24.0,33.0,50,70.0,141.0,286.0
01464000,10-12,20.0,24.0,32.0,52,80.0,137.0,345.0
01464000,10-13,21.0,22.0,31.0,51,72.0,137.0,256.0
01464000,10-14,21.0,23.0,32.0,52,72.0,141.0,222.0
01464000,10-15,22.0,25.0,37.0,51,72.0,157.0,220.0
01464000,10-16,22.0,25.0,33.0,48,70.0,163.0,243.0
01464000,10-17,23.0,26.0,32.0,47,75.0,149.0,223.0
01464000,10-18,21.0,24.0,33.0,50,83.0,156.0,312.0
01464000,10-19,21.0,25.0,34.0,52,95.0,192.0,373.0
01464000,10-20,22.0,26.0,36.0,51,98.0,177.0,534.0
01464000,10-21,22.0,26.0,35.0,54,100.0,202.0,504.0
01464000,10-22,23.0,27.0,35.0,52,94.0,197.0,319.0
01464000,10-23,23.0,26.0,36.0,57,89.0,171.0,230.0
01464000,10-24,22.0,24.0,40.0,58,87.0,178.0,243.0
01464000,10-25,21.0,25.0,39.0,57,95.0,170.0,293.0
01464000,10-26,22.0,27.0,38.0,64,100.0,183.0,287.0
01464000,10-27,23.0,28.0,40.0,62,101.0,187.0,310.0
01464000,10-28,23.0,30.0,41.0,63,110.0,234.0,402.0
01464000,10-29,23.0,29.0,40.0,66,138.0,271.0,378.0
01464000,10-30,28.0,33.0,41.0,65,132.0,261.0,382.0
01464000,10-31,28.0,33.0,42.0,65,126.0,209.0,307.0
01464000,11-01,27.0,32.0,46.0,66,128.0,195.0,259.0
01464000,11-02,29.0,33.0,47.0,65,119.0,211.0,230.0
01464000,11-03,27.0,35.0,44.0,70,129.0,192.0,223.0
01464000,11-04,29.0,35.0,47.0,78,117.0,166.0,191.0
01464000,11-05,28.0,36.0,46.0,76,119.0,181.0,236.0
01464000,11-06,23.0,34.0,48.0,76,109.0,157.0,201.0
01464000,11-07,23.0,35.0,50.0,78,104.0,167.0,313.0
01464000,11-08,24.0,32.0,47.0,74,104.0,197.0,346.0
01464000,11-09,26.0,35.0,48.0,70,100.0,190.0,364.0
01464000,11-10,26.0,38.0,50.0,74,117.0,261.0,428.0
01464000,11-11,29.0,40.0,50.0,73,125.0,248.0,317.0
01464000,11-12,28.0,37.0,48.0,71,127.0,241.0,323.0
01464000,11-13,26.0,37.0,50.0,73,135.0,255.0,386.0
01464000,11-14,25.0,36.0,50.0,72,124.0,229.0,441.0
01464000,11-15,24.0,30.0,51.0,72,112.0,234.0,371.0
01464000,11-16,29.0,35.0,49.0,69,118.0,254.0,359.0
01464000,11-17,27.0,37.0,47.0,67,133.0,283.0,401.0
01464000,11-18,27.0,36.0,48.0,70,123.0,219.0,287.0
01464000,11-19,27.0,38.0,51.0,71,119.0,211.0,306.0
01464000,11-20,29.0,37.0,50.0,71,135.0,204.0,397.0
01464000,11-21,27.0,35.0,49.0,77,122.0,321.0,509.0
01464000,11-22,27.0,36.0,50.0,76,158.0,317.0,397.0
01464000,11-23,33.0,41.0,55.0,76,145.0,273.0,385.0
01464000,11-24,34.0,40.0,55.0,78,142.0,226.0,273.0
01464000,11-25,39.0,42.0,54.0,77,136.0,221.0,333.0
01464000,11-26,39.0,42.0,60.0,88,154.0,293.0,480.0
01464000,11-27,41.0,43.0,59.0,84,160.0,287.0,429.0
01464000,11-28,35.0,42.0,58.0,97,168.0,287.0,486.0
01464000,11-29,33.0,39.0,57.0,104,169.0,348.0,508.0
01464000,11-30,35.0,42.0,56.0,105,179.0,323.0,507.0
01464000,12-01,34.0,44.0,61.0,108,160.0,357.0,482.0
01464000,12-02,37.0,45.0,59.0,106,161.0,331.0,381.0
01464000,12-03,34.0,43.0,65.0,105,161.0,270.0,511.0
01464000,12-04,35.0,45.0,65.0,106,176.0,276.0,445.0
01464000,12-05,36.0,48.0,64.0,101,171.0,300.0,377.0
01464000,12-06,37.0,45.0,69.0,110,173.0,353.0,445.0
01464000,12-07,33.0,46.0,70.0,110,175.0,311.0,495.0
01464000,12-08,41.0,45.0,68.0,106,153.0,316.0,437.0
01464000,12-09,38.0,44.0,69.0,104,170.0,310.0,624.0
01464000,12-10,39.0,47.0,66.0,101,165.0,342.0,527.0
01464000,12-11,39.0,48.0,68.0,105,190.0,400.0,514.0
01464000,12-12,34.0,47.0,68.0,100,186.0,366.0,479.0
01464000,12-13,42.0,52.0,66.0,101,176.0,295.0,562.0
01464000,12-14,41.0,52.0,68.0,105,204.0,448.0,556.0
01464000,12-15,37.0,49.0,64.0,107,189.0,387.0,441.0
01464000,12-16,38.0,50.0,64.0,116,206.0,391.0,564.0
01464000,12-17,35.0,50.0,72.0,119,212.0,381.0,519.0
01464000,12-18,37.0,49.0,68.0,113,202.0,351.0,489.0
01464000,12-19,35.0,47.0,71.0,112,181.0,351.0,441.0
01464000,12-20,39.0,47.0,67.0,106,170.0,275.0,392.0
01464000,12-21,37.0,49.0,69.0,111,180.0,394.0,574.0
01464000,12-22,35.0,45.0,67.0,110,185.0,363.0,604.0
01464000,12-23,41.0,50.0,73.0,115,198.0,377.0,516.0
01464000,12-24,42.0,51.0,74.0,120,200.0,344.0,393.0
01464000,12-25,41.0,49.0,73.0,120,179.0,340.0,432.0
01464000,12-26,43.0,49.0,72.0,110,214.0,328.0,477.0
01464000,12-27,43.0,51.0,73.0,112,185.0,295.0,394.0
01464000,12-28,45.0,49.0,69.0,110,198.0,398.0,482.0
01464000,12-29,39.0,48.0,75.0,110,205.0,430.0,526.0
01464000,12-30,41.0,48.0,72.0,117,195.0,391.0,504.0
01464000,12-31,40.0,46.0,68.0,111,208.0,351.0,432.0
01465500,01-01,40.0,74.0,123.0,218,455.0,973.0,2530.0
01465500,01-02,39.0,74.0,124.0,221,452.0,1350.0,2490.0
01465500,01-03,50.0,85.0,138.0,218,451.0,1030.0,1800.0
01465500,01-04,48.0,85.0,136.0,224,435.0,828.0,1160.0
01465500,01-05,46.0,77.0,129.0,229,369.0,680.0,1120.0
01465500,01-06,48.0,82.0,124.0,219,404.0,700.0,1290.0
01465500,01-07,47.0,90.0,132.0,241,390.0,603.0,1080.0
01465500,01-08,48.0,90.0,125.0,229,392.0,731.0,991.0
01465500,01-09,58.0,86.0,122.0,220,406.0,1270.0,2280.0
01465500,01-10,68.0,84.0,132.0,220,377.0,700.0,1730.0
01465500,01-11,58.0,86.0,138.0,220,405.0,590.0,1110.0
01465500,01-12,59.0,82.0,140.0,218,392.0,754.0,1470.0
01465500,01-13,51.0,81.0,133.0,214,369.0,541.0,962.0
01465500,01-14,48.0,77.0,130.0,201,369.0,657.0,1120.0
01465500,01-15,54.0,80.0,135.0,220,392.0,1020.0,1760.0
01465500,01-16,51.0,74.0,117.0,225,378.0,683.0,978.0
01465500,01-17,50.0,76.0,120.0,210,316.0,435.0,561.0
01465500,01-18,58.0,70.0,130.0,200,356.0,700.0,1400.0
01465500,01-19,62.0,82.0,120.0,203,350.0,671.0,1240.0
01465500,01-20,59.0,72.0,115.0,220,416.0,900.0,1840.0
01465500,01-21,59.0,72.0,120.0,223,426.0,904.0,1120.0
01465500,01-22,57.0,72.0,133.0,220,416.0,874.0,2110.0
01465500,01-23,56.0,76.0,140.0,220,374.0,759.0,1340.0
01465500,01-24,55.0,87.0,150.0,220,448.0,1050.0,1710.0
01465500,01-25,53.0,88.0,148.0,225,587.0,2050.0,2820.0
01465500,01-26,49.0,90.0,136.0,217,497.0,1440.0,2810.0
01465500,01-27,48.0,87.0,130.0,205,515.0,942.0,1970.0
01465500,01-28,47.0,80.0,130.0,200,455.0,1660.0,2790.0
01465500,01-29,49.0,88.0,126.0,185,411.0,716.0,1120.0
01465500,01-30,57.0,90.0,125.0,185,381.0,591.0,941.0
01465500,01-31,57.0,88.0,135.0,205,368.0,530.0,1050.0
01465500,02-01,55.0,90.0,130.0,216,351.0,623.0,920.0
01465500,02-02,70.0,92.0,130.0,219,363.0,570.0,1290.0
01465500,02-03,66.0,92.0,130.0,247,401.0,1200.0,3210.0
01465500,02-04,62.0,87.0,120.0,232,423.0,1000.0,2020.0
01465500,02-05,60.0,86.0,130.0,240,478.0,959.0,1320.0
01465500,02-06,62.0,92.0,140.0,254,464.0,759.0,1180.0
01465500,02-07,60.0,94.0,138.0,286,541.0,1200.0,1990.0
01465500,02-08,63.0,93.0,130.0,273,472.0,1110.0,1490.0
01465500,02-09,57.0,91.0,129.0,255,387.0,600.0,716.0
01465500,02-10,59.0,89.0,130.0,230,361.0,655.0,894.0
01465500,02-11,82.0,93.0,152.0,225,350.0,653.0,1540.0
01465500,02-12,80.0,90.0,160.0,247,407.0,654.0,1160.0
01465500,02-13,74.0,90.0,145.0,250,395.0,737.0,1460.0
01465500,02-14,72.0,95.0,163.0,254,414.0,700.0,2100.0
01465500,02-15,78.0,106.0,173.0,257,464.0,970.0,1880.0
01465500,02-16,74.0,110.0,164.0,251,509.0,1030.0,1410.0
01465500,02-17,81.0,114.0,168.0,254,451.0,903.0,1340.0
01465500,02-18,78.0,120.0,166.0,293,465.0,749.0,1200.0
01465500,02-19,84.0,113.0,187.0,272,441.0,1020.0,1490.0
01465500,02-20,88.0,110.0,182.0,287,484.0,960.0,2070.0
01465500,02-21,85.0,110.0,167.0,266,504.0,1130.0,1930.0
01465500,02-22,93.0,118.0,180.0,287,473.0,1120.0,1940.0
01465500,02-23,99.0,136.0,186.0,319,507.0,847.0,2200.0
01465500,02-24,101.0,130.0,175.0,280,519.0,1680.0,2270.0
01465500,02-25,100.0,131.0,185.0,299,508.0,1230.0,2280.0
01465500,02-26,93.0,127.0,179.0,261,591.0,1060.0,1440.0
01465500,02-27,92.0,127.0,192.0,299,531.0,1230.0,1570.0
01465500,02-28,95.0,114.0,186.0,288,478.0,1140.0,2170.0
01465500,02-29,104.0,117.0,170.0,285,517.0,1220.0,1980.0
01465500,03-01,94.0,120.0,189.0,280,483.0,937.0,1960.0
01465500,03-02,97.0,110.0,178.0,279,451.0,1300.0,1730.0
01465500,03-03,120.0,127.0,199.0,261,588.0,1050.0,1610.0
01465500,03-04,115.0,126.0,204.0,312,715.0,1250.0,1470.0
01465500,03-05,107.0,149.0,214.0,319,569.0,1130.0,1670.0
01465500,03-06,112.0,145.0,232.0,343,739.0,1170.0,2020.0
01465500,03-07,119.0,150.0,227.0,355,574.0,1330.0,2360.0
01465500,03-08,114.0,161.0,215.0,323,528.0,981.0,1500.0
01465500,03-09,119.0,165.0,226.0,337,554.0,988.0,2220.0
01465500,03-10,124.0,157.0,216.0,302,486.0,1050.0,1500.0
01465500,03-11,132.0,141.0,220.0,310,506.0,966.0,1510.0
01465500,03-12,133.0,170.0,218.0,323,483.0,771.0,1480.0
01465500,03-13,125.0,165.0,228.0,357,574.0,1290.0,2310.0
01465500,03-14,132.0,169.0,247.0,355,643.0,1260.0,2400.0
01465500,03-15,129.0,165.0,232.0,350,569.0,1620.0,1940.0
01465500,03-16,118.0,170.0,237.0,348,525.0,767.0,1580.0
01465500,03-17,138.0,172.0,247.0,350,643.0,990.0,1110.0
01465500,03-18,139.0,180.0,243.0,336,535.0,752.0,1360.0
01465500,03-19,136.0,200.0,237.0,367,528.0,1150.0,1420.0
01465500,03-20,127.0,184.0,238.0,369,702.0,1170.0,1520.0
01465500,03-21,123.0,180.0,250.0,392,571.0,1110.0,1670.0
01465500,03-22,119.0,175.0,258.0,379,565.0,1880.0,2870.0
01465500,03-23,117.0,168.0,241.0,371,772.0,1530.0,1970.0
01465500,03-24,123.0,160.0,243.0,350,744.0,1390.0,1550.0
01465500,03-25,120.0,167.0,237.0,361,553.0,1000.0,2020.0
01465500,03-26,130.0,153.0,237.0,343,477.0,844.0,1390.0
01465500,03-27,133.0,162.0,229.0,324,474.0,1000.0,1440.0
01465500,03-28,127.0,155.0,225.0,296,436.0,1040.0,1610.0
01465500,03-29,118.0,153.0,214.0,280,443.0,995.0,2470.0
01465500,03-30,114.0,146.0,201.0,305,511.0,916.0,2140.0
01465500,03-31,137.0,151.0,192.0,295,510.0,1050.0,2050.0
01465500,04-01,144.0,162.0,201.0,329,592.0,1220.0,1940.0
01465500,04-02,144.0,161.0,209.0,314,534.0,1530.0,3460.0
01465500,04-03,139.0,155.0,217.0,305,580.0,1040.0,1690.0
01465500,04-04,129.0,143.0,209.0,310,519.0,962.0,2070.0
01465500,04-05,123.0,136.0,201.0,320,492.0,1060.0,2630.0
01465500,04-06,112.0,143.0,208.0,301,500.0,1810.0,2170.0
01465500,04-07,105.0,138.0,194.0,294,485.0,929.0,3040.0
01465500,04-08,105.0,137.0,196.0,283,486.0,1310.0,1830.0
01465500,04-09,108.0,148.0,197.0,301,505.0,900.0,1590.0
01465500,04-10,118.0,140.0,196.0,292,540.0,1090.0,1810.0
01465500,04-11,112.0,139.0,189.0,292,469.0,808.0,936.0
01465500,04-12,100.0,124.0,190.0,290,544.0,746.0,1170.0
01465500,04-13,102.0,128.0,181.0,298,487.0,900.0,1620.0
01465500,04-14,102.0,124.0,180.0,269,437.0,863.0,1710.0
01465500,04-15,102.0,121.0,174.0,273,450.0,935.0,1570.0
01465500,04-16,95.0,119.0,169.0,271,487.0,1100.0,2890.0
01465500,04-17,91.0,111.0,171.0,308,437.0,1200.0,2890.0
01465500,04-18,90.0,120.0,179.0,277,412.0,782.0,950.0
01465500,04-19,89.0,116.0,178.0,271,369.0,680.0,903.0
01465500,04-20,86.0,116.0,166.0,253,354.0,710.0,1120.0
01465500,04-21,83.0,111.0,154.0,242,327.0,550.0,1020.0
01465500,04-22,94.0,113.0,161.0,237,313.0,479.0,864.0
01465500,04-23,97.0,111.0,162.0,233,334.0,531.0,795.0
01465500,04-24,95.0,115.0,157.0,223,341.0,547.0,718.0
01465500,04-25,96.0,114.0,160.0,214,314.0,728.0,1280.0
01465500,04-26,100.0,124.0,166.0,211,357.0,649.0,1140.0
01465500,04-27,98.0,115.0,159.0,207,372.0,957.0,1580.0
01465500,04-28,94.0,115.0,166.0,226,378.0,766.0,1750.0
01465500,04-29,92.0,108.0,155.0,224,339.0,689.0,1020.0
01465500,04-30,91.0,110.0,150.0,205,296.0,532.0,1130.0
01465500,05-01,96.0,122.0,153.0,194,289.0,582.0,1190.0
01465500,05-02,95.0,117.0,150.0,209,294.0,477.0,784.0
01465500,05-03,90.0,118.0,150.0,220,317.0,453.0,825.0
01465500,05-04,89.0,109.0,145.0,214,360.0,647.0,848.0
01465500,05-05,85.0,100.0,134.0,200,328.0,528.0,953.0
01465500,05-06,82.0,99.0,124.0,189,301.0,567.0,1270.0
01465500,05-07,81.0,100.0,131.0,192,298.0,950.0,1890.0
01465500,05-08,81.0,99.0,122.0,183,278.0,667.0,1530.0
01465500,05-09,78.0,94.0,129.0,204,326.0,690.0,954.0
01465500,05-10,78.0,90.0,126.0,198,309.0,590.0,1090.0
01465500,05-11,76.0,93.0,121.0,178,277.0,427.0,1230.0
01465500,05-12,74.0,88.0,121.0,182,307.0,596.0,1100.0
01465500,05-13,70.0,87.0,128.0,176,316.0,625.0,1030.0
01465500,05-14,67.0,84.0,115.0,183,345.0,694.0,1560.0
01465500,05-15,66.0,81.0,115.0,183,322.0,509.0,971.0
01465500,05-16,65.0,78.0,111.0,180,345.0,826.0,1150.0
01465500,05-17,66.0,77.0,102.0,173,373.0,820.0,1800.0
01465500,05-18,68.0,76.0,103.0,159,321.0,561.0,1090.0
01465500,05-19,65.0,72.0,103.0,168,335.0,708.0,986.0
01465500,05-20,62.0,77.0,112.0,174,295.0,528.0,836.0
01465500,05-21,56.0,74.0,112.0,179,260.0,560.0,756.0
01465500,05-22,55.0,74.0,114.0,164,257.0,474.0,840.0
01465500,05-23,57.0,67.0,111.0,163,262.0,605.0,1080.0
01465500,05-24,56.0,71.0,105.0,162,271.0,599.0,897.0
01465500,05-25,53.0,68.0,102.0,149,245.0,514.0,888.0
01465500,05-26,51.0,64.0,97.0,141,236.0,573.0,1110.0
01465500,05-27,47.0,63.0,91.0,142,262.0,568.0,1010.0
01465500,05-28,45.0,62.0,90.0,140,249.0,468.0,768.0
01465500,05-29,47.0,61.0,91.0,147,281.0,576.0,1560.0
01465500,05-30,48.0,57.0,86.0,153,267.0,668.0,1320.0
01465500,05-31,47.0,60.0,85.0,143,222.0,656.0,1270.0
01465500,06-01,44.0,60.0,92.0,134,285.0,688.0,949.0
01465500,06-02,45.0,54.0,91.0,142,299.0,472.0,1230.0
01465500,06-03,49.0,56.0,82.0,137,286.0,419.0,659.0
01465500,06-04,47.0,54.0,83.0,135,267.0,505.0,771.0
01465500,06-05,48.0,53.0,79.0,132,264.0,515.0,1060.0
01465500,06-06,45.0,53.0,80.0,140,212.0,399.0,752.0
01465500,06-07,44.0,53.0,74.0,135,207.0,360.0,1010.0
01465500,06-08,45.0,50.0,69.0,122,209.0,340.0,538.0
01465500,06-09,41.0,52.0,73.0,115,202.0,349.0,518.0
01465500,06-10,39.0,48.0,77.0,115,202.0,282.0,449.0
01465500,06-11,41.0,46.0,69.0,110,169.0,298.0,974.0
01465500,06-12,41.0,50.0,68.0,114,183.0,554.0,1210.0
01465500,06-13,45.0,51.0,73.0,126,226.0,691.0,1870.0
01465500,06-14,45.0,55.0,77.0,142,293.0,623.0,1320.0
01465500,06-15,45.0,55.0,72.0,129,265.0,477.0,632.0
01465500,06-16,47.0,57.0,69.0,111,206.0,411.0,713.0
01465500,06-17,47.0,52.0,64.0,105,202.0,464.0,550.0
01465500,06-18,42.0,51.0,65.0,101,200.0,386.0,715.0
01465500,06-19,40.0,49.0,64.0,103,229.0,585.0,945.0
01465500,06-20,39.0,47.0,64.0,109,207.0,532.0,1110.0
01465500,06-21,34.0,45.0,62.0,97,202.0,318.0,480.0
01465500,06-22,33.0,40.0,60.0,99,191.0,392.0,593.0
01465500,06-23,31.0,38.0,57.0,102,186.0,368.0,505.0
01465500,06-24,33.0,37.0,57.0,99,172.0,296.0,756.0
01465500,06-25,31.0,36.0,57.0,101,151.0,300.0,757.0
01465500,06-26,30.0,32.0,53.0,87,136.0,284.0,407.0
01465500,06-27,30.0,34.0,48.0,85,138.0,251.0,477.0
01465500,06-28,25.0,34.0,50.0,86,144.0,405.0,796.0
01465500,06-29,29.0,36.0,49.0,85,178.0,412.0,697.0
01465500,06-30,27.0,32.0,46.0,82,166.0,345.0,731.0
01465500,07-01,29.0,33.0,48.0,83,159.0,295.0,554.0
01465500,07-02,29.0,33.0,45.0,81,167.0,503.0,723.0
01465500,07-03,27.0,31.0,48.0,78,189.0,329.0,497.0
01465500,07-04,26.0,30.0,44.0,73,175.0,344.0,514.0
01465500,07-05,24.0,28.0,42.0,69,170.0,247.0,393.0
01465500,07-06,23.0,28.0,45.0,72,160.0,346.0,645.0
01465500,07-07,22.0,26.0,42.0,72,145.0,306.0,497.0
01465500,07-08,23.0,30.0,44.0,70,136.0,258.0,390.0
01465500,07-09,22.0,30.0,44.0,81,172.0,407.0,671.0
01465500,07-10,21.0,27.0,43.0,84,151.0,293.0,619.0
01465500,07-11,21.0,29.0,42.0,74,161.0,330.0,504.0
01465500,07-12,23.0,27.0,45.0,84,157.0,387.0,518.0
01465500,07-13,22.0,27.0,45.0,85,196.0,991.0,1490.0
01465500,07-14,20.0,28.0,45.0,78,190.0,568.0,1010.0
01465500,07-15,21.0,30.0,42.0,83,201.0,567.0,936.0
01465500,07-16,21.0,30.0,42.0,88,176.0,347.0,642.0
01465500,07-17,23.0,25.0,41.0,77,156.0,283.0,638.0
01465500,07-18,21.0,24.0,37.0,76,164.0,425.0,691.0
01465500,07-19,19.0,27.0,39.0,72,150.0,369.0,618.0
01465500,07-20,20.0,26.0,40.0,80,177.0,291.0,664.0
01465500,07-21,20.0,28.0,39.0,80,166.0,364.0,861.0
01465500,07-22,19.0,26.0,41.0,85,181.0,402.0,712.0
01465500,07-23,17.0,24.0,45.0,82,169.0,406.0,1810.0
01465500,07-24,18.0,25.0,45.0,82,217.0,680.0,1450.0
01465500,07-25,18.0,28.0,50.0,76,183.0,339.0,965.0
01465500,07-26,18.0,25.0,47.0,77,162.0,326.0,566.0
01465500,07-27,21.0,25.0,48.0,73,183.0,434.0,804.0
01465500,07-28,22.0,24.0,40.0,89,164.0,474.0,1570.0
01465500,07-29,19.0,25.0,43.0,86,173.0,498.0,855.0
01465500,07-30,18.0,27.0,44.0,76,183.0,555.0,1510.0
01465500,07-31,17.0,27.0,39.0,81,169.0,466.0,600.0
01465500,08-01,17.0,24.0,40.0,95,173.0,411.0,769.0
01465500,08-02,15.0,23.0,41.0,85,181.0,529.0,942.0
01465500,08-03,15.0,24.0,37.0,77,153.0,357.0,1820.0
01465500,08-04,16.0,22.0,33.0,79,141.0,536.0,814.0
01465500,08-05,18.0,21.0,34.0,80,180.0,336.0,448.0
01465500,08-06,15.0,20.0,34.0,93,173.0,295.0,366.0
01465500,08-07,17.0,19.0,37.0,79,170.0,324.0,465.0
01465500,08-08,17.0,21.0,42.0,79,171.0,263.0,364.0
01465500,08-09,18.0,25.0,43.0,86,165.0,280.0,594.0
01465500,08-10,20.0,23.0,41.0,90,221.0,563.0,890.0
01465500,08-11,18.0,24.0,46.0,86,167.0,351.0,497.0
01465500,08-12,17.0,25.0,47.0,85,173.0,284.0,440.0
01465500,08-13,17.0,26.0,44.0,81,165.0,644.0,847.0
01465500,08-14,17.0,28.0,44.0,73,179.0,419.0,1270.0
01465500,08-15,19.0,24.0,44.0,71,158.0,299.0,680.0
01465500,08-16,17.0,23.0,38.0,63,145.0,193.0,305.0
01465500,08-17,16.0,23.0,40.0,72,136.0,226.0,309.0
01465500,08-18,15.0,20.0,37.0,78,147.0,259.0,583.0
01465500,08-19,17.0,24.0,40.0,74,140.0,268.0,466.0
01465500,08-20,17.0,23.0,39.0,69,130.0,190.0,447.0
01465500,08-21,16.0,23.0,35.0,73,127.0,204.0,462.0
01465500,08-22,16.0,22.0,42.0,69,135.0,338.0,728.0
01465500,08-23,15.0,20.0,40.0,73,132.0,223.0,562.0
01465500,08-24,16.0,23.0,37.0,70,119.0,227.0,543.0
01465500,08-25,16.0,19.0,37.0,69,126.0,280.0,398.0
01465500,08-26,17.0,24.0,35.0,68,119.0,285.0,345.0
01465500,08-27,16.0,20.0,36.0,70,114.0,246.0,708.0
01465500,08-28,15.0,21.0,39.0,66,121.0,506.0,900.0
01465500,08-29,18.0,22.0,38.0,62,155.0,344.0,638.0
01465500,08-30,18.0,21.0,37.0,63,129.0,221.0,551.0
01465500,08-31,14.0,21.0,41.0,61,123.0,239.0,441.0
01465500,09-01,17.0,22.0,36.0,65,117.0,294.0,460.0
01465500,09-02,13.0,21.0,36.0,66,129.0,265.0,845.0
01465500,09-03,15.0,19.0,37.0,65,116.0,208.0,952.0
01465500,09-04,15.0,19.0,39.0,56,107.0,260.0,705.0
01465500,09-05,14.0,19.0,33.0,53,107.0,242.0,451.0
01465500,09-06,16.0,20.0,31.0,51,99.0,210.0,864.0
01465500,09-07,18.0,23.0,31.0,54,97.0,208.0,739.0
01465500,09-08,13.0,20.0,39.0,55,105.0,231.0,272.0
01465500,09-09,14.0,18.0,34.0,51,110.0,213.0,318.0
01465500,09-10,14.0,17.0,35.0,55,114.0,178.0,479.0
01465500,09-11,14.0,18.0,33.0,59,113.0,304.0,651.0
01465500,09-12,13.0,17.0,35.0,57,103.0,240.0,968.0
01465500,09-13,14.0,19.0,32.0,59,115.0,297.0,639.0
01465500,09-14,15.0,22.0,32.0,66,136.0,313.0,547.0
01465500,09-15,14.0,18.0,31.0,71,116.0,328.0,528.0
01465500,09-16,14.0,19.0,31.0,70,124.0,226.0,541.0
01465500,09-17,16.0,21.0,32.0,70,103.0,243.0,474.0
01465500,09-18,19.0,24.0,36.0,64,126.0,389.0,897.0
01465500,09-19,17.0,22.0,33.0,61,136.0,415.0,1080.0
01465500,09-20,16.0,22.0,34.0,58,128.0,299.0,1230.0
01465500,09-21,14.0,18.0,35.0,56,130.0,274.0,496.0
01465500,09-22,12.0,20.0,34.0,53,159.0,357.0,674.0
01465500,09-23,12.0,20.0,33.0,61,133.0,428.0,623.0
01465500,09-24,12.0,18.0,34.0,59,121.0,349.0,704.0
01465500,09-25,13.0,19.0,33.0,63,130.0,360.0,943.0
01465500,09-26,11.0,14.0,31.0,61,158.0,478.0,829.0
01465500,09-27,12.0,15.0,34.0,64,168.0,375.0,592.0
01465500,09-28,12.0,18.0,34.0,64,167.0,488.0,1830.0
01465500,09-29,12.0,17.0,40.0,65,163.0,434.0,1040.0
01465500,09-30,13.0,18.0,40.0,61,169.0,297.0,723.0
01465500,10-01,13.0,20.0,42.0,65,150.0,273.0,677.0
01465500,10-02,15.0,25.0,44.0,64,151.0,365.0,527.0
01465500,10-03,14.0,24.0,41.0,62,138.0,283.0,547.0
01465500,10-04,16.0,25.0,39.0,63,130.0,214.0,502.0
01465500,10-05,14.0,18.0,35.0,57,120.0,263.0,528.0
01465500,10-06,12.0,19.0,34.0,53,120.0,249.0,488.0
01465500,10-07,15.0,23.0,36.0,49,131.0,229.0,318.0
01465500,10-08,13.0,20.0,35.0,52,124.0,211.0,308.0
01465500,10-09,16.0,21.0,36.0,61,117.0,180.0,447.0
01465500,10-10,16.0,24.0,35.0,67,134.0,241.0,535.0
01465500,10-11,15.0,20.0,35.0,64,126.0,198.0,427.0
01465500,10-12,17.0,19.0,33.0,58,117.0,282.0,687.0
01465500,10-13,12.0,20.0,33.0,56,115.0,227.0,387.0
01465500,10-14,13.0,18.0,30.0,55,117.0,213.0,312.0
01465500,10-15,14.0,20.0,31.0,55,117.0,287.0,573.0
01465500,10-16,14.0,18.0,30.0,55,133.0,273.0,355.0
01465500,10-17,14.0,18.0,31.0,58,137.0,263.0,348.0
01465500,10-18,15.0,20.0,32.0,52,152.0,242.0,463.0
01465500,10-19,17.0,20.0,33.0,58,138.0,295.0,687.0
01465500,10-20,17.0,19.0,36.0,65,140.0,279.0,1000.0
01465500,10-21,16.0,20.0,36.0,65,138.0,434.0,661.0
01465500,10-22,15.0,18.0,39.0,65,137.0,288.0,743.0
01465500,10-23,15.0,21.0,39.0,73,139.0,289.0,514.0
01465500,10-24,15.0,18.0,38.0,72,171.0,373.0,459.0
01465500,10-25,18.0,21.0,41.0,75,148.0,251.0,405.0
01465500,10-26,15.0,23.0,44.0,78,148.0,349.0,563.0
01465500,10-27,15.0,26.0,46.0,84,154.0,488.0,706.0
01465500,10-28,17.0,21.0,51.0,82,192.0,759.0,2090.0
01465500,10-29,17.0,23.0,46.0,100,239.0,671.0,1080.0
01465500,10-30,16.0,22.0,45.0,97,221.0,689.0,1580.0
01465500,10-31,15.0,20.0,47.0,91,193.0,506.0,735.0
01465500,11-01,18.0,28.0,49.0,91,190.0,372.0,462.0
01465500,11-02,20.0,28.0,48.0,91,179.0,386.0,551.0
01465500,11-03,19.0,33.0,50.0,91,197.0,516.0,826.0
01465500,11-04,22.0,36.0,51.0,100,195.0,362.0,495.0
01465500,11-05,21.0,34.0,57.0,106,192.0,338.0,472.0
01465500,11-06,23.0,32.0,57.0,110,179.0,263.0,409.0
01465500,11-07,23.0,37.0,58.0,110,166.0,273.0,988.0
01465500,11-08,24.0,36.0,55.0,100,155.0,468.0,1770.0
01465500,11-09,28.0,35.0,54.0,94,150.0,386.0,1140.0
01465500,11-10,29.0,38.0,58.0,100,175.0,471.0,919.0
01465500,11-11,31.0,35.0,58.0,100,195.0,510.0,634.0
01465500,11-12,25.0,34.0,57.0,98,197.0,461.0,973.0
01465500,11-13,25.0,35.0,56.0,107,229.0,584.0,1420.0
01465500,11-14,21.0,32.0,51.0,107,206.0,415.0,1000.0
01465500,11-15,24.0,37.0,52.0,103,203.0,392.0,959.0
01465500,11-16,24.0,36.0,60.0,95,184.0,627.0,978.0
01465500,11-17,26.0,34.0,54.0,96,215.0,518.0,1970.0
01465500,11-18,27.0,35.0,59.0,94,209.0,449.0,689.0
01465500,11-19,24.0,34.0,58.0,103,191.0,369.0,665.0
01465500,11-20,27.0,35.0,61.0,113,200.0,400.0,546.0
01465500,11-21,24.0,35.0,69.0,129,200.0,458.0,930.0
01465500,11-22,24.0,36.0,67.0,128,311.0,621.0,1200.0
01465500,11-23,26.0,36.0,62.0,123,273.0,598.0,949.0
01465500,11-24,28.0,37.0,74.0,127,256.0,372.0,505.0
01465500,11-25,27.0,37.0,72.0,124,265.0,598.0,1340.0
01465500,11-26,27.0,40.0,73.0,137,273.0,682.0,1430.0
01465500,11-27,28.0,40.0,82.0,137,287.0,764.0,1370.0
01465500,11-28,27.0,40.0,85.0,160,334.0,742.0,2640.0
01465500,11-29,28.0,42.0,82.0,170,344.0,1040.0,1850.0
01465500,11-30,29.0,42.0,78.0,177,371.0,900.0,1790.0
01465500,12-01,28.0,42.0,76.0,167,344.0,822.0,1670.0
01465500,12-02,25.0,40.0,86.0,150,311.0,715.0,1050.0
01465500,12-03,29.0,40.0,89.0,166,292.0,528.0,1640.0
01465500,12-04,34.0,41.0,94.0,167,345.0,930.0,1470.0
01465500,12-05,33.0,40.0,98.0,172,347.0,570.0,1380.0
01465500,12-06,33.0,50.0,101.0,178,330.0,708.0,1570.0
01465500,12-07,36.0,64.0,102.0,176,353.0,902.0,1220.0
01465500,12-08,39.0,60.0,101.0,180,318.0,627.0,959.0
01465500,12-09,34.0,60.0,99.0,177,324.0,848.0,1270.0
01465500,12-10,31.0,56.0,96.0,173,329.0,1020.0,1620.0
01465500,12-11,34.0,63.0,99.0,171,391.0,904.0,4450.0
01465500,12-12,35.0,57.0,109.0,182,407.0,1240.0,2710.0
01465500,12-13,48.0,66.0,107.0,199,355.0,1040.0,1370.0
01465500,12-14,50.0,67.0,101.0,184,422.0,1280.0,2040.0
01465500,12-15,50.0,68.0,103.0,218,359.0,910.0,1470.0
01465500,12-16,46.0,70.0,102.0,240,409.0,1260.0,1880.0
01465500,12-17,41.0,66.0,100.0,264,427.0,1190.0,1890.0
01465500,12-18,39.0,70.0,96.0,231,405.0,884.0,1490.0
01465500,12-19,39.0,64.0,107.0,208,332.0,839.0,1410.0
01465500,12-20,39.0,57.0,107.0,196,326.0,639.0,916.0
01465500,12-21,55.0,62.0,117.0,210,312.0,780.0,4300.0
01465500,12-22,52.0,63.0,114.0,196,395.0,1260.0,1660.0
01465500,12-23,48.0,70.0,113.0,183,356.0,799.0,1340.0
01465500,12-24,47.0,75.0,118.0,194,391.0,699.0,1200.0
01465500,12-25,43.0,78.0,120.0,175,381.0,700.0,1720.0
01465500,12-26,54.0,79.0,102.0,180,391.0,1170.0,1800.0
01465500,12-27,59.0,74.0,110.0,196,418.0,1080.0,2020.0
01465500,12-28,51.0,66.0,110.0,187,397.0,1200.0,1730.0
01465500,12-29,51.0,70.0,125.0,210,365.0,897.0,1700.0
01465500,12-30,43.0,68.0,120.0,213,391.0,757.0,1610.0
01465500,12-31,43.0,66.0,120.0,210,400.0,615.0,1350.0
01465500,01-01,,,119.0,159,424.0,,
01465500,01-02,,,115.0,149,301.0,,
01465500,01-03,,,162.0,165,253.0,,
01465500,01-04,,,195.0,450,1010.0,,
01465500,01-05,,,165.0,260,749.0,,
01465500,01-06,,,155.0,194,378.0,,
01465500,01-07,,,144.0,171,308.0,,
01465500,01-08,,,130.0,164,263.0,,
01465500,01-09,,,122.0,160,230.0,,
01465500,01-10,,,158.0,205,1930.0,,
01465500,01-11,,,223.0,286,999.0,,
01465500,01-12,,,402.0,459,481.0,,
01465500,01-13,,,287.0,315,872.0,,
01465500,01-14,,,210.0,235,385.0,,
01465500,01-15,,,178.0,197,213.0,,
01465500,01-16,,,152.0,163,199.0,,
01465500,01-17,,,128.0,153,199.0,,
01465500,01-18,,,189.0,270,2390.0,,
01465500,01-19,,,177.0,235,2080.0,,
01465500,01-20,,,168.0,193,554.0,,
01465500,01-21,,,140.0,231,376.0,,
01465500,01-22,,,94.0,215,298.0,,
01465500,01-23,,,85.0,266,354.0,,
01465500,01-24,,,135.0,290,2440.0,,
01465500,01-25,,,246.0,310,802.0,,
01465500,01-26,,,210.0,316,441.0,,
01465500,01-27,,,215.0,278,318.0,,
01465500,01-28,,,214.0,248,257.0,,
01465500,01-29,,,205.0,220,227.0,,
01465500,01-30,,,172.0,188,198.0,,
01465500,01-31,,,155.0,173,180.0,,
01465500,02-01,,,170.0,212,215.0,,
01465500,02-02,,,162.0,582,886.0,,
01465500,02-03,,,148.0,1040,1420.0,,
01465500,02-04,,,132.0,525,4220.0,,
01465500,02-05,,,129.0,316,1690.0,,
01465500,02-06,,,122.0,261,979.0,,
01465500,02-07,,,134.0,247,628.0,,
01465500,02-08,,,171.0,239,499.0,,
01465500,02-09,,,177.0,239,435.0,,
01465500,02-10,,,225.0,233,400.0,,
01465500,02-11,,,173.0,245,365.0,,
01465500,02-12,,,206.0,245,297.0,,
01465500,02-13,,,212.0,249,316.0,,
01465500,02-14,,,238.0,244,244.0,,
01465500,02-15,,,174.0,204,276.0,,
01465500,02-16,,,180.0,198,1660.0,,
01465500,02-17,,,166.0,222,1630.0,,
01465500,02-18,,,149.0,209,564.0,,
01465500,02-19,,,142.0,169,391.0,,
01465500,02-20,,,133.0,160,330.0,,
01465500,02-21,,,132.0,175,324.0,,
01465500,02-22,,,125.0,208,365.0,,
01465500,02-23,,,122.0,215,324.0,,
01465500,02-24,,,116.0,171,962.0,,
01465500,02-25,,,123.0,160,3700.0,,
01465500,02-26,,,159.0,292,1000.0,,
01465500,02-27,,,151.0,179,596.0,,
01465500,02-28,,,138.0,146,457.0,,
01465500,02-29,,,,388,,,
01465500,03-01,,,133.0,155,331.0,,
01465500,03-02,,,128.0,148,359.0,,
01465500,03-03,,,113.0,239,335.0,,
01465500,03-04,,,101.0,290,585.0,,
01465500,03-05,,,97.0,274,4290.0,,
01465500,03-06,,,93.0,252,4080.0,,
01465500,03-07,,,102.0,236,2620.0,,
01465500,03-08,,,106.0,227,1400.0,,
01465500,03-09,,,100.0,219,866.0,,
01465500,03-10,,,101.0,207,1290.0,,
01465500,03-11,,,117.0,195,3790.0,,
01465500,03-12,,,110.0,183,2210.0,,
01465500,03-13,,,102.0,179,1190.0,,
01465500,03-14,,,126.0,484,2370.0,,
01465500,03-15,,,162.0,571,2170.0,,
01465500,03-16,,,113.0,343,1040.0,,
01465500,03-17,,,109.0,284,862.0,,
01465500,03-18,,,149.0,246,726.0,,
01465500,03-19,,,219.0,303,515.0,,
01465500,03-20,,,199.0,437,878.0,,
01465500,03-21,,,187.0,456,1040.0,,
01465500,03-22,,,182.0,715,833.0,,
01465500,03-23,,,173.0,422,683.0,,
01465500,03-24,,,161.0,318,469.0,,
01465500,03-25,,,156.0,292,391.0,,
01465500,03-26,,,156.0,277,399.0,,
01465500,03-27,,,150.0,267,1800.0,,
01465500,03-28,,,176.0,855,1050.0,,
01465500,03-29,,,244.0,607,1030.0,,
01465500,03-30,,,169.0,460,470.0,,
01465500,03-31,,,147.0,405,2060.0,,
01465500,04-01,,,145.0,369,2660.0,,
01465500,04-02,,,174.0,319,872.0,,
01465500,04-03,,,164.0,301,560.0,,
01465500,04-04,,,146.0,296,786.0,,
01465500,04-05,,,136.0,276,597.0,,
01465500,04-06,,,121.0,254,1420.0,,
01465500,04-07,,,126.0,248,1900.0,,
01465500,04-08,,,184.0,233,703.0,,
01465500,04-09,,,159.0,233,492.0,,
01465500,04-10,,,216.0,232,387.0,,
01465500,04-11,,,175.0,223,342.0,,
01465500,04-12,,,191.0,207,310.0,,
01465500,04-13,,,185.0,277,299.0,,
01465500,04-14,,,181.0,187,253.0,,
01465500,04-15,,,158.0,177,232.0,,
01465500,04-16,,,140.0,166,226.0,,
01465500,04-17,,,125.0,168,218.0,,
01465500,04-18,,,123.0,169,204.0,,
01465500,04-19,,,117.0,153,180.0,,
01465500,04-20,,,115.0,180,1560.0,,
01465500,04-21,,,105.0,183,1300.0,,
01465500,04-22,,,108.0,190,669.0,,
01465500,04-23,,,116.0,176,455.0,,
01465500,04-24,,,116.0,156,342.0,,
01465500,04-25,,,105.0,174,294.0,,
01465500,04-26,,,105.0,271,278.0,,
01465500,04-27,,,119.0,238,240.0,,
01465500,04-28,,,124.0,180,216.0,,
01465500,04-29,,,188.0,205,348.0,,
01465500,04-30,,,152.0,189,231.0,,
01465500,05-01,,,154.0,172,176.0,,
01465500,05-02,,,157.0,172,261.0,,
01465500,05-03,,,143.0,159,866.0,,
01465500,05-04,,,131.0,150,521.0,,
01465500,05-05,,,143.0,365,600.0,,
01465500,05-06,,,138.0,608,723.0,,
01465500,05-07,,,135.0,278,1300.0,,
01465500,05-08,,,129.0,214,582.0,,
01465500,05-09,,,124.0,180,390.0,,
01465500,05-10,,,119.0,163,295.0,,
01465500,05-11,,,111.0,148,251.0,,
01465500,05-12,,,110.0,140,226.0,,
01465500,05-13,,,98.0,210,1500.0,,
01465500,05-14,,,93.0,223,1280.0,,
01465500,05-15,,,87.0,186,489.0,,
01465500,05-16,,,86.0,165,329.0,,
01465500,05-17,,,111.0,152,269.0,,
01465500,05-18,,,105.0,151,233.0,,
01465500,05-19,,,92.0,145,204.0,,
01465500,05-20,,,81.0,127,178.0,,
01465500,05-21,,,75.0,123,163.0,,
01465500,05-22,,,73.0,182,452.0,,
01465500,05-23,,,67.0,255,298.0,,
01465500,05-24,,,60.0,205,336.0,,
01465500,05-25,,,55.0,212,613.0,,
01465500,05-26,,,54.0,157,1500.0,,
01465500,05-27,,,55.0,137,458.0,,
01465500,05-28,,,69.0,123,312.0,,
01465500,05-29,,,67.0,103,330.0,,
01465500,05-30,,,56.0,296,384.0,,
01465500,05-31,,,50.0,228,342.0,,
01465500,06-01,,,146.0,221,271.0,,
01465500,06-02,,,121.0,229,379.0,,
01465500,06-03,,,114.0,205,254.0,,
01465500,06-04,,,113.0,178,188.0,,
01465500,06-05,,,123.0,123,190.0,,
01465500,06-06,,,109.0,290,391.0,,
01465500,06-07,,,89.0,167,396.0,,
01465500,06-08,,,77.0,207,253.0,,
01465500,06-09,,,203.0,365,609.0,,
01465500,06-10,,,158.0,175,287.0,,
01465500,06-11,,,126.0,142,155.0,,
01465500,06-12,,,103.0,105,142.0,,
01465500,06-13,,,85.0,87,133.0,,
01465500,06-14,,,79.0,80,123.0,,
01465500,06-15,,,76.0,116,165.0,,
01465500,06-16,,,78.0,110,157.0,,
01465500,06-17,,,86.0,102,144.0,,
01465500,06-18,,,80.0,108,277.0,,
01465500,06-19,,,68.0,149,270.0,,
01465500,06-20,,,65.0,110,400.0,,
01465500,06-21,,,64.0,226,270.0,,
01465500,06-22,,,87.0,180,266.0,,
01465500,06-23,,,79.0,129,149.0,,
01465500,06-24,,,67.0,104,2910.0,,
01465500,06-25,,,72.0,96,879.0,,
01465500,06-26,,,59.0,92,356.0,,
01465500,06-27,,,55.0,170,278.0,,
01465500,06-28,,,74.0,234,1430.0,,
01465500,06-29,,,174.0,221,431.0,,
01465500,06-30,,,152.0,182,197.0,,
01465500,07-01,,,86.0,163,292.0,,
01465500,07-02,,,86.0,235,305.0,,
01465500,07-03,,,72.0,141,181.0,,
01465500,07-04,,,64.0,117,139.0,,
01465500,07-05,,,109.0,123,124.0,,
01465500,07-06,,,104.0,116,264.0,,
01465500,07-07,,,96.0,101,164.0,,
01465500,07-08,,,157.0,219,624.0,,
01465500,07-09,,,140.0,172,508.0,,
01465500,07-10,,,112.0,559,606.0,,
01465500,07-11,,,107.0,176,190.0,,
01465500,07-12,,,99.0,105,113.0,,
01465500,07-13,,,94.0,346,786.0,,
01465500,07-14,,,207.0,845,1410.0,,
01465500,07-15,,,230.0,360,468.0,,
01465500,07-16,,,140.0,211,517.0,,
01465500,07-17,,,121.0,158,207.0,,
01465500,07-18,,,103.0,147,149.0,,
01465500,07-19,,,89.0,126,178.0,,
01465500,07-20,,,83.0,112,125.0,,
01465500,07-21,,,71.0,101,103.0,,
01465500,07-22,,,72.0,136,161.0,,
01465500,07-23,,,62.0,118,383.0,,
01465500,07-24,,,52.0,96,827.0,,
01465500,07-25,,,79.0,154,1910.0,,
01465500,07-26,,,72.0,508,776.0,,
01465500,07-27,,,75.0,209,278.0,,
01465500,07-28,,,109.0,124,209.0,,
01465500,07-29,,,101.0,201,305.0,,
01465500,07-30,,,117.0,168,487.0,,
01465500,07-31,,,97.0,141,1720.0,,
01465500,08-01,,,81.0,127,586.0,,
01465500,08-02,,,69.0,130,260.0,,
01465500,08-03,,,58.0,188,258.0,,
01465500,08-04,,,58.0,151,302.0,,
01465500,08-05,,,126.0,164,793.0,,
01465500,08-06,,,88.0,116,343.0,,
01465500,08-07,,,70.0,123,441.0,,
01465500,08-08,,,56.0,105,738.0,,
01465500,08-09,,,50.0,100,294.0,,
01465500,08-10,,,48.0,94,209.0,,
01465500,08-11,,,98.0,175,197.0,,
01465500,08-12,,,97.0,162,393.0,,
01465500,08-13,,,124.0,145,232.0,,
01465500,08-14,,,75.0,127,165.0,,
01465500,08-15,,,66.0,137,165.0,,
01465500,08-16,,,54.0,131,463.0,,
01465500,08-17,,,55.0,109,185.0,,
01465500,08-18,,,66.0,106,209.0,,
01465500,08-19,,,61.0,99,373.0,,
01465500,08-20,,,90.0,180,188.0,,
01465500,08-21,,,76.0,140,1790.0,,
01465500,08-22,,,89.0,121,356.0,,
01465500,08-23,,,98.0,147,725.0,,
01465500,08-24,,,73.0,102,279.0,,
01465500,08-25,,,65.0,83,163.0,,
01465500,08-26,,,63.0,67,134.0,,
01465500,08-27,,,61.0,64,116.0,,
01465500,08-28,,,57.0,74,106.0,,
01465500,08-29,,,51.0,105,123.0,,
01465500,08-30,,,51.0,102,167.0,,
01465500,08-31,,,50.0,98,136.0,,
01465500,09-01,,,77.0,77,114.0,,
01465500,09-02,,,55.0,104,140.0,,
01465500,09-03,,,50.0,79,208.0,,
01465500,09-04,,,48.0,65,203.0,,
01465500,09-05,,,47.0,59,139.0,,
01465500,09-06,,,45.0,49,252.0,,
01465500,09-07,,,41.0,49,267.0,,
01465500,09-08,,,44.0,51,193.0,,
01465500,09-09,,,45.0,46,135.0,,
01465500,09-10,,,46.0,110,133.0,,
01465500,09-11,,,41.0,103,392.0,,
01465500,09-12,,,39.0,96,129.0,,
01465500,09-13,,,42.0,105,106.0,,
01465500,09-14,,,37.0,99,118.0,,
01465500,09-15,,,42.0,64,110.0,,
01465500,09-16,,,42.0,59,94.0,,
01465500,09-17,,,45.0,56,95.0,,
01465500,09-18,,,46.0,51,91.0,,
01465500,09-19,,,50.0,84,195.0,,
01465500,09-20,,,44.0,86,284.0,,
01465500,09-21,,,45.0,81,108.0,,
01465500,09-22,,,43.0,69,73.0,,
01465500,09-23,,,45.0,62,66.0,,
01465500,09-24,,,45.0,57,68.0,,
01465500,09-25,,,45.0,54,67.0,,
01465500,09-26,,,46.0,51,63.0,,
01465500,09-27,,,46.0,52,60.0,,
01465500,09-28,,,49.0,56,57.0,,
01465500,09-29,,,56.0,56,56.0,,
01465500,09-30,,,55.0,156,534.0,,
01465500,10-01,,,65.0,151,297.0,,
01465500,10-02,,,63.0,103,243.0,,
01465500,10-03,,,61.0,80,893.0,,
01465500,10-04,,,73.0,81,305.0,,
01465500,10-05,,,70.0,89,159.0,,
01465500,10-06,,,67.0,77,115.0,,
01465500,10-07,,,63.0,74,94.0,,
01465500,10-08,,,66.0,85,86.0,,
01465500,10-09,,,84.0,120,140.0,,
01465500,10-10,,,74.0,149,274.0,,
01465500,10-11,,,58.0,85,155.0,,
01465500,10-12,,,49.0,100,161.0,,
01465500,10-13,,,50.0,85,92.0,,
01465500,10-14,,,52.0,68,78.0,,
01465500,10-15,,,47.0,72,93.0,,
01465500,10-16,,,45.0,73,388.0,,
01465500,10-17,,,43.0,67,223.0,,
01465500,10-18,,,46.0,61,102.0,,
01465500,10-19,,,39.0,60,72.0,,
01465500,10-20,,,41.0,61,65.0,,
01465500,10-21,,,41.0,66,73.0,,
01465500,10-22,,,55.0,76,82.0,,
01465500,10-23,,,70.0,74,146.0,,
01465500,10-24,,,60.0,66,164.0,,
01465500,10-25,,,54.0,73,102.0,,
01465500,10-26,,,46.0,79,81.0,,
01465500,10-27,,,49.0,67,90.0,,
01465500,10-28,,,66.0,70,147.0,,
01465500,10-29,,,61.0,77,504.0,,
01465500,10-30,,,64.0,99,307.0,,
01465500,10-31,,,65.0,132,267.0,,
01465500,11-01,,,95.0,100,139.0,,
01465500,11-02,,,56.0,77,234.0,,
01465500,11-03,,,49.0,80,122.0,,
01465500,11-04,,,44.0,66,92.0,,
01465500,11-05,,,51.0,62,84.0,,
01465500,11-06,,,40.0,56,92.0,,
01465500,11-07,,,44.0,57,137.0,,
01465500,11-08,,,46.0,58,117.0,,
01465500,11-09,,,51.0,55,98.0,,
01465500,11-10,,,60.0,64,90.0,,
01465500,11-11,,,66.0,86,94.0,,
01465500,11-12,,,59.0,81,116.0,,
01465500,11-13,,,52.0,79,85.0,,
01465500,11-14,,,53.0,70,85.0,,
01465500,11-15,,,60.0,67,91.0,,
01465500,11-16,,,59.0,63,86.0,,
01465500,11-17,,,56.0,68,305.0,,
01465500,11-18,,,55.0,67,699.0,,
01465500,11-19,,,53.0,162,212.0,,
01465500,11-20,,,56.0,137,1090.0,,
01465500,11-21,,,47.0,106,282.0,,
01465500,11-22,,,49.0,90,146.0,,
01465500,11-23,,,45.0,84,105.0,,
01465500,11-24,,,48.0,89,178.0,,
01465500,11-25,,,59.0,84,246.0,,
01465500,11-26,,,60.0,77,237.0,,
01465500,11-27,,,71.0,73,658.0,,
01465500,11-28,,,68.0,72,451.0,,
01465500,11-29,,,69.0,137,259.0,,
01465500,11-30,,,66.0,186,520.0,,
01465500,12-01,,,111.0,171,1300.0,,
01465500,12-02,,,190.0,311,339.0,,
01465500,12-03,,,167.0,316,325.0,,
01465500,12-04,,,120.0,187,412.0,,
01465500,12-05,,,113.0,128,248.0,,
01465500,12-06,,,106.0,146,393.0,,
01465500,12-07,,,93.0,541,1500.0,,
01465500,12-08,,,84.0,275,497.0,,
01465500,12-09,,,79.0,171,1550.0,,
01465500,12-10,,,77.0,125,967.0,,
01465500,12-11,,,72.0,105,475.0,,
01465500,12-12,,,63.0,234,349.0,,
01465500,12-13,,,55.0,281,319.0,,
01465500,12-14,,,57.0,178,242.0,,
01465500,12-15,,,68.0,130,218.0,,
01465500,12-16,,,79.0,99,198.0,,
01465500,12-17,,,137.0,207,210.0,,
01465500,12-18,,,192.0,224,884.0,,
01465500,12-19,,,166.0,261,291.0,,
01465500,12-20,,,154.0,156,186.0,,
01465500,12-21,,,124.0,139,149.0,,
01465500,12-22,,,110.0,122,138.0,,
01465500,12-23,,,112.0,143,206.0,,
01465500,12-24,,,132.0,332,1680.0,,
01465500,12-25,,,236.0,502,939.0,,
01465500,12-26,,,169.0,336,416.0,,
01465500,12-27,,,141.0,262,289.0,,
01465500,12-28,,,133.0,244,246.0,,
01465500,12-29,,,126.0,218,1640.0,,
01465500,12-30,,,161.0,191,993.0,,
01465500,12-31,,,133.0,172,667.0,,
01467000,01-01,69.0,78.0,107.0,163,234.0,334.0,428.0
01467000,01-02,70.0,82.0,119.0,164,248.0,349.0,449.0
01467000,01-03,71.0,83.0,125.0,174,243.0,399.0,474.0
01467000,01-04,74.0,86.0,121.0,180,256.0,393.0,456.0
01467000,01-05,69.0,86.0,124.0,183,260.0,360.0,426.0
01467000,01-06,67.0,83.0,119.0,179,259.0,349.0,415.0
01467000,01-07,77.0,91.0,125.0,181,248.0,319.0,395.0
01467000,01-08,72.0,86.0,117.0,179,240.0,338.0,399.0
01467000,01-09,68.0,83.0,117.0,177,236.0,327.0,402.0
01467000,01-10,64.0,92.0,117.0,174,253.0,352.0,454.0
01467000,01-11,71.0,90.0,126.0,182,254.0,324.0,413.0
01467000,01-12,77.0,97.0,129.0,179,236.0,304.0,357.0
01467000,01-13,75.0,94.0,129.0,177,237.0,295.0,336.0
01467000,01-14,73.0,93.0,138.0,171,229.0,308.0,369.0
01467000,01-15,70.0,91.0,135.0,173,233.0,309.0,418.0
01467000,01-16,64.0,90.0,137.0,173,224.0,305.0,406.0
01467000,01-17,68.0,86.0,136.0,175,218.0,297.0,376.0
01467000,01-18,64.0,93.0,135.0,176,228.0,303.0,360.0
01467000,01-19,74.0,98.0,136.0,167,233.0,309.0,372.0
01467000,01-20,75.0,101.0,135.0,181,229.0,332.0,384.0
01467000,01-21,71.0,101.0,125.0,174,239.0,356.0,447.0
01467000,01-22,71.0,95.0,121.0,182,245.0,333.0,411.0
01467000,01-23,85.0,98.0,121.0,177,224.0,319.0,362.0
01467000,01-24,86.0,98.0,134.0,177,224.0,318.0,389.0
01467000,01-25,85.0,98.0,129.0,179,262.0,359.0,434.0
01467000,01-26,82.0,95.0,134.0,176,269.0,368.0,457.0
01467000,01-27,80.0,92.0,137.0,178,282.0,358.0,459.0
01467000,01-28,77.0,94.0,136.0,173,266.0,398.0,461.0
01467000,01-29,74.0,94.0,128.0,171,235.0,368.0,548.0
01467000,01-30,72.0,90.0,121.0,175,220.0,345.0,466.0
01467000,01-31,71.0,86.0,123.0,170,239.0,317.0,411.0
01467000,02-01,74.0,87.0,132.0,170,225.0,288.0,367.0
01467000,02-02,76.0,98.0,130.0,173,219.0,290.0,335.0
01467000,02-03,74.0,97.0,130.0,174,229.0,286.0,366.0
01467000,02-04,75.0,94.0,130.0,178,232.0,292.0,389.0
01467000,02-05,75.0,98.0,136.0,190,240.0,327.0,379.0
01467000,02-06,71.0,99.0,135.0,182,237.0,345.0,400.0
01467000,02-07,70.0,102.0,142.0,193,252.0,354.0,419.0
01467000,02-08,68.0,95.0,144.0,195,252.0,371.0,424.0
01467000,02-09,72.0,92.0,141.0,192,243.0,328.0,383.0
01467000,02-10,79.0,91.0,143.0,191,236.0,315.0,348.0
01467000,02-11,80.0,107.0,150.0,188,234.0,303.0,345.0
01467000,02-12,79.0,110.0,148.0,189,234.0,298.0,354.0
01467000,02-13,78.0,109.0,145.0,192,240.0,307.0,348.0
01467000,02-14,86.0,109.0,141.0,193,250.0,319.0,440.0
01467000,02-15,94.0,107.0,141.0,199,252.0,375.0,421.0
01467000,02-16,92.0,113.0,146.0,191,248.0,381.0,407.0
01467000,02-17,99.0,116.0,145.0,193,252.0,368.0,402.0
01467000,02-18,107.0,120.0,148.0,188,255.0,354.0,372.0
01467000,02-19,100.0,121.0,152.0,188,278.0,342.0,365.0
01467000,02-20,104.0,122.0,162.0,191,275.0,357.0,431.0
01467000,02-21,106.0,116.0,157.0,194,268.0,359.0,407.0
01467000,02-22,107.0,116.0,157.0,200,270.0,338.0,372.0
01467000,02-23,103.0,117.0,153.0,203,271.0,362.0,428.0
01467000,02-24,92.0,118.0,151.0,208,270.0,388.0,511.0
01467000,02-25,89.0,118.0,158.0,207,270.0,377.0,509.0
01467000,02-26,97.0,129.0,154.0,204,285.0,374.0,503.0
01467000,02-27,93.0,127.0,153.0,202,281.0,370.0,456.0
01467000,02-28,97.0,119.0,154.0,197,273.0,367.0,421.0
01467000,02-29,100.0,121.0,141.0,181,263.0,344.0,399.0
01467000,03-01,99.0,117.0,153.0,192,259.0,341.0,457.0
01467000,03-02,102.0,121.0,154.0,196,251.0,356.0,440.0
01467000,03-03,96.0,124.0,155.0,197,258.0,388.0,460.0
01467000,03-04,101.0,123.0,152.0,198,280.0,411.0,484.0
01467000,03-05,98.0,118.0,157.0,201,290.0,424.0,475.0
01467000,03-06,108.0,126.0,159.0,204,289.0,433.0,502.0
01467000,03-07,106.0,132.0,162.0,213,307.0,444.0,564.0
01467000,03-08,108.0,128.0,163.0,229,320.0,404.0,520.0
01467000,03-09,105.0,129.0,163.0,234,309.0,414.0,510.0
01467000,03-10,108.0,124.0,155.0,216,293.0,401.0,516.0
01467000,03-11,115.0,128.0,154.0,214,295.0,413.0,499.0
01467000,03-12,116.0,127.0,153.0,208,293.0,424.0,551.0
01467000,03-13,118.0,123.0,151.0,213,306.0,472.0,546.0
01467000,03-14,112.0,128.0,161.0,221,314.0,476.0,578.0
01467000,03-15,108.0,121.0,161.0,230,319.0,463.0,571.0
01467000,03-16,105.0,116.0,152.0,226,312.0,416.0,524.0
01467000,03-17,106.0,114.0,158.0,236,304.0,402.0,518.0
01467000,03-18,105.0,114.0,167.0,220,292.0,401.0,504.0
01467000,03-19,98.0,117.0,168.0,219,308.0,392.0,488.0
01467000,03-20,99.0,116.0,167.0,219,297.0,404.0,469.0
01467000,03-21,105.0,125.0,168.0,220,286.0,403.0,465.0
01467000,03-22,102.0,124.0,161.0,226,317.0,390.0,410.0
01467000,03-23,93.0,115.0,170.0,231,330.0,392.0,436.0
01467000,03-24,103.0,114.0,158.0,224,309.0,402.0,481.0
01467000,03-25,103.0,118.0,152.0,220,303.0,384.0,474.0
01467000,03-26,105.0,115.0,154.0,218,293.0,372.0,453.0
01467000,03-27,105.0,119.0,149.0,214,282.0,371.0,459.0
01467000,03-28,106.0,112.0,157.0,213,266.0,382.0,469.0
01467000,03-29,98.0,118.0,161.0,201,262.0,411.0,539.0
01467000,03-30,94.0,120.0,154.0,208,264.0,445.0,556.0
01467000,03-31,99.0,113.0,158.0,202,286.0,475.0,659.0
01467000,04-01,104.0,120.0,158.0,211,317.0,456.0,600.0
01467000,04-02,101.0,125.0,162.0,205,305.0,475.0,564.0
01467000,04-03,100.0,112.0,165.0,192,316.0,470.0,563.0
01467000,04-04,96.0,111.0,159.0,202,312.0,462.0,573.0
01467000,04-05,101.0,111.0,153.0,204,308.0,455.0,549.0
01467000,04-06,101.0,111.0,155.0,202,304.0,409.0,482.0
01467000,04-07,96.0,105.0,150.0,207,295.0,378.0,471.0
01467000,04-08,88.0,110.0,153.0,209,303.0,359.0,546.0
01467000,04-09,87.0,114.0,151.0,213,292.0,425.0,524.0
01467000,04-10,87.0,111.0,145.0,207,300.0,435.0,488.0
01467000,04-11,80.0,113.0,145.0,192,286.0,426.0,461.0
01467000,04-12,85.0,119.0,146.0,206,290.0,391.0,417.0
01467000,04-13,106.0,119.0,147.0,214,309.0,386.0,438.0
01467000,04-14,112.0,120.0,143.0,203,316.0,370.0,472.0
01467000,04-15,107.0,118.0,144.0,202,291.0,412.0,468.0
01467000,04-16,91.0,114.0,141.0,206,290.0,382.0,500.0
01467000,04-17,93.0,110.0,138.0,203,303.0,476.0,585.0
01467000,04-18,96.0,111.0,139.0,200,292.0,458.0,650.0
01467000,04-19,92.0,115.0,143.0,200,277.0,405.0,526.0
01467000,04-20,92.0,108.0,139.0,208,276.0,404.0,484.0
01467000,04-21,85.0,106.0,130.0,201,258.0,371.0,511.0
01467000,04-22,81.0,111.0,141.0,203,271.0,354.0,461.0
01467000,04-23,97.0,113.0,149.0,194,261.0,364.0,420.0
01467000,04-24,97.0,107.0,149.0,194,272.0,372.0,433.0
01467000,04-25,86.0,103.0,153.0,197,246.0,338.0,414.0
01467000,04-26,89.0,106.0,145.0,186,254.0,341.0,414.0
01467000,04-27,93.0,109.0,149.0,182,239.0,360.0,417.0
01467000,04-28,91.0,108.0,142.0,180,258.0,366.0,501.0
01467000,04-29,92.0,106.0,134.0,176,249.0,347.0,520.0
01467000,04-30,88.0,103.0,129.0,171,239.0,363.0,425.0
01467000,05-01,90.0,105.0,130.0,167,227.0,320.0,447.0
01467000,05-02,81.0,110.0,132.0,164,248.0,307.0,374.0
01467000,05-03,83.0,104.0,131.0,164,241.0,290.0,331.0
01467000,05-04,87.0,109.0,126.0,176,225.0,284.0,370.0
01467000,05-05,86.0,109.0,128.0,175,230.0,301.0,334.0
01467000,05-06,90.0,98.0,127.0,174,218.0,314.0,362.0
01467000,05-07,84.0,94.0,120.0,170,216.0,322.0,367.0
01467000,05-08,82.0,95.0,116.0,168,237.0,306.0,412.0
01467000,05-09,80.0,97.0,117.0,163,239.0,310.0,354.0
01467000,05-10,82.0,97.0,119.0,168,232.0,312.0,435.0
01467000,05-11,83.0,104.0,131.0,168,240.0,318.0,420.0
01467000,05-12,88.0,114.0,137.0,170,233.0,344.0,425.0
01467000,05-13,92.0,110.0,134.0,173,240.0,335.0,387.0
01467000,05-14,88.0,101.0,129.0,172,237.0,339.0,442.0
01467000,05-15,84.0,100.0,129.0,170,234.0,376.0,429.0
01467000,05-16,82.0,93.0,116.0,172,229.0,332.0,424.0
01467000,05-17,80.0,86.0,111.0,161,230.0,341.0,418.0
01467000,05-18,82.0,87.0,115.0,153,219.0,345.0,419.0
01467000,05-19,76.0,87.0,113.0,156,215.0,327.0,384.0
01467000,05-20,71.0,89.0,120.0,159,207.0,323.0,372.0
01467000,05-21,67.0,92.0,114.0,158,213.0,314.0,340.0
01467000,05-22,76.0,97.0,116.0,144,216.0,290.0,382.0
01467000,05-23,69.0,93.0,117.0,139,212.0,305.0,387.0
01467000,05-24,70.0,91.0,110.0,144,203.0,303.0,390.0
01467000,05-25,70.0,84.0,112.0,144,196.0,306.0,469.0
01467000,05-26,71.0,82.0,105.0,138,206.0,326.0,358.0
01467000,05-27,76.0,81.0,104.0,136,198.0,303.0,401.0
01467000,05-28,71.0,76.0,105.0,135,214.0,295.0,353.0
01467000,05-29,66.0,75.0,102.0,142,213.0,301.0,360.0
01467000,05-30,68.0,81.0,98.0,136,210.0,294.0,367.0
01467000,05-31,68.0,79.0,93.0,128,200.0,305.0,429.0
01467000,06-01,66.0,75.0,92.0,129,200.0,299.0,508.0
01467000,06-02,66.0,76.0,92.0,121,180.0,267.0,366.0
01467000,06-03,63.0,73.0,95.0,125,185.0,251.0,414.0
01467000,06-04,61.0,71.0,91.0,125,186.0,248.0,374.0
01467000,06-05,60.0,70.0,91.0,121,179.0,246.0,350.0
01467000,06-06,61.0,69.0,93.0,123,172.0,250.0,330.0
01467000,06-07,62.0,69.0,89.0,118,163.0,268.0,321.0
01467000,06-08,60.0,68.0,84.0,114,160.0,245.0,363.0
01467000,06-09,58.0,66.0,84.0,112,155.0,239.0,273.0
01467000,06-10,58.0,66.0,82.0,116,150.0,214.0,294.0
01467000,06-11,55.0,63.0,74.0,112,154.0,202.0,328.0
01467000,06-12,54.0,62.0,80.0,106,157.0,242.0,342.0
01467000,06-13,54.0,59.0,79.0,113,156.0,249.0,361.0
01467000,06-14,56.0,63.0,79.0,119,176.0,276.0,315.0
01467000,06-15,59.0,66.0,83.0,115,172.0,283.0,344.0
01467000,06-16,55.0,64.0,83.0,108,157.0,285.0,343.0
01467000,06-17,56.0,65.0,81.0,108,153.0,257.0,283.0
01467000,06-18,56.0,61.0,78.0,105,177.0,246.0,298.0
01467000,06-19,51.0,61.0,82.0,105,165.0,244.0,315.0
01467000,06-20,53.0,60.0,84.0,103,178.0,224.0,308.0
01467000,06-21,52.0,64.0,79.0,98,164.0,227.0,401.0
01467000,06-22,51.0,60.0,76.0,96,158.0,261.0,390.0
01467000,06-23,52.0,57.0,76.0,99,160.0,282.0,426.0
01467000,06-24,55.0,57.0,72.0,95,162.0,257.0,383.0
01467000,06-25,52.0,60.0,72.0,94,167.0,261.0,295.0
01467000,06-26,50.0,60.0,71.0,92,148.0,227.0,287.0
01467000,06-27,46.0,54.0,67.0,88,149.0,225.0,248.0
01467000,06-28,51.0,57.0,69.0,93,165.0,217.0,268.0
01467000,06-29,50.0,59.0,68.0,91,161.0,223.0,265.0
01467000,06-30,47.0,56.0,69.0,89,151.0,216.0,283.0
01467000,07-01,49.0,55.0,68.0,87,156.0,227.0,287.0
01467000,07-02,50.0,56.0,68.0,98,151.0,238.0,313.0
01467000,07-03,49.0,53.0,67.0,94,140.0,242.0,323.0
01467000,07-04,49.0,51.0,68.0,90,130.0,244.0,307.0
01467000,07-05,48.0,55.0,67.0,91,134.0,222.0,299.0
01467000,07-06,46.0,56.0,65.0,91,133.0,214.0,356.0
01467000,07-07,50.0,54.0,62.0,88,135.0,240.0,369.0
01467000,07-08,48.0,54.0,64.0,83,134.0,224.0,283.0
01467000,07-09,47.0,53.0,61.0,81,139.0,238.0,302.0
01467000,07-10,46.0,54.0,61.0,88,138.0,215.0,273.0
01467000,07-11,45.0,51.0,62.0,90,140.0,196.0,246.0
01467000,07-12,46.0,51.0,60.0,90,130.0,178.0,227.0
01467000,07-13,46.0,49.0,61.0,89,138.0,212.0,271.0
01467000,07-14,47.0,49.0,57.0,83,142.0,266.0,322.0
01467000,07-15,46.0,49.0,58.0,86,144.0,264.0,349.0
01467000,07-16,44.0,48.0,59.0,84,140.0,238.0,358.0
01467000,07-17,41.0,47.0,62.0,84,135.0,209.0,332.0
01467000,07-18,41.0,49.0,64.0,82,140.0,190.0,289.0
01467000,07-19,41.0,51.0,61.0,83,130.0,203.0,253.0
01467000,07-20,40.0,49.0,61.0,79,120.0,203.0,323.0
01467000,07-21,39.0,45.0,59.0,76,128.0,178.0,313.0
01467000,07-22,38.0,48.0,56.0,76,123.0,205.0,292.0
01467000,07-23,38.0,47.0,58.0,80,136.0,223.0,343.0
01467000,07-24,39.0,48.0,58.0,81,130.0,229.0,309.0
01467000,07-25,37.0,43.0,55.0,82,136.0,243.0,345.0
01467000,07-26,37.0,45.0,58.0,84,131.0,212.0,307.0
01467000,07-27,39.0,46.0,59.0,82,128.0,206.0,268.0
01467000,07-28,38.0,46.0,60.0,81,120.0,185.0,293.0
01467000,07-29,37.0,46.0,60.0,84,120.0,152.0,309.0
01467000,07-30,36.0,46.0,58.0,84,119.0,176.0,306.0
01467000,07-31,40.0,47.0,55.0,84,127.0,192.0,260.0
01467000,08-01,39.0,45.0,55.0,87,125.0,228.0,295.0
01467000,08-02,38.0,45.0,56.0,86,131.0,240.0,355.0
01467000,08-03,41.0,45.0,57.0,88,138.0,259.0,318.0
01467000,08-04,40.0,46.0,59.0,91,143.0,228.0,331.0
01467000,08-05,39.0,45.0,58.0,84,130.0,253.0,279.0
01467000,08-06,38.0,46.0,60.0,80,129.0,254.0,349.0
01467000,08-07,40.0,45.0,57.0,80,130.0,270.0,342.0
01467000,08-08,41.0,46.0,56.0,83,135.0,234.0,272.0
01467000,08-09,39.0,43.0,57.0,85,148.0,234.0,345.0
01467000,08-10,39.0,45.0,57.0,80,151.0,335.0,483.0
01467000,08-11,40.0,48.0,59.0,81,130.0,266.0,538.0
01467000,08-12,43.0,48.0,58.0,84,138.0,232.0,431.0
01467000,08-13,40.0,46.0,59.0,85,144.0,223.0,404.0
01467000,08-14,40.0,45.0,60.0,95,146.0,248.0,408.0
01467000,08-15,36.0,45.0,58.0,92,148.0,268.0,374.0
01467000,08-16,38.0,44.0,58.0,87,153.0,245.0,351.0
01467000,08-17,38.0,43.0,56.0,83,149.0,241.0,300.0
01467000,08-18,35.0,43.0,55.0,87,149.0,242.0,328.0
01467000,08-19,34.0,43.0,56.0,84,143.0,244.0,372.0
01467000,08-20,33.0,40.0,58.0,88,145.0,202.0,304.0
01467000,08-21,33.0,38.0,57.0,89,143.0,189.0,275.0
01467000,08-22,31.0,39.0,57.0,86,145.0,241.0,332.0
01467000,08-23,31.0,43.0,59.0,94,137.0,254.0,355.0
01467000,08-24,32.0,41.0,56.0,85,140.0,244.0,345.0
01467000,08-25,34.0,38.0,55.0,80,134.0,199.0,395.0
01467000,08-26,34.0,39.0,54.0,89,126.0,201.0,330.0
01467000,08-27,35.0,38.0,52.0,87,128.0,239.0,355.0
01467000,08-28,31.0,39.0,51.0,84,135.0,284.0,442.0
01467000,08-29,33.0,41.0,54.0,79,130.0,302.0,630.0
01467000,08-30,36.0,39.0,54.0,83,130.0,304.0,415.0
01467000,08-31,36.0,41.0,55.0,85,130.0,287.0,406.0
01467000,09-01,35.0,41.0,54.0,82,128.0,265.0,375.0
01467000,09-02,35.0,41.0,52.0,82,121.0,269.0,322.0
01467000,09-03,34.0,41.0,56.0,81,120.0,253.0,318.0
01467000,09-04,34.0,39.0,58.0,79,122.0,230.0,300.0
01467000,09-05,32.0,41.0,57.0,77,128.0,200.0,272.0
01467000,09-06,31.0,43.0,56.0,75,116.0,219.0,268.0
01467000,09-07,33.0,43.0,53.0,78,121.0,234.0,328.0
01467000,09-08,35.0,44.0,56.0,77,121.0,247.0,355.0
01467000,09-09,35.0,43.0,54.0,74,114.0,196.0,338.0
01467000,09-10,35.0,43.0,52.0,76,105.0,201.0,267.0
01467000,09-11,37.0,42.0,52.0,75,126.0,196.0,228.0
01467000,09-12,36.0,41.0,53.0,76,118.0,193.0,304.0
01467000,09-13,35.0,41.0,52.0,76,113.0,176.0,296.0
01467000,09-14,38.0,41.0,57.0,73,103.0,164.0,291.0
01467000,09-15,37.0,42.0,56.0,73,105.0,173.0,247.0
01467000,09-16,39.0,42.0,54.0,77,118.0,180.0,249.0
01467000,09-17,42.0,45.0,53.0,77,114.0,213.0,315.0
01467000,09-18,42.0,46.0,53.0,76,117.0,172.0,240.0
01467000,09-19,42.0,46.0,54.0,77,123.0,197.0,243.0
01467000,09-20,40.0,44.0,53.0,81,119.0,218.0,349.0
01467000,09-21,40.0,44.0,53.0,77,118.0,237.0,327.0
01467000,09-22,41.0,44.0,52.0,80,121.0,212.0,294.0
01467000,09-23,40.0,45.0,52.0,83,125.0,189.0,257.0
01467000,09-24,40.0,44.0,52.0,84,126.0,189.0,329.0
01467000,09-25,39.0,44.0,53.0,80,128.0,197.0,312.0
01467000,09-26,38.0,45.0,53.0,80,130.0,234.0,273.0
01467000,09-27,43.0,47.0,56.0,80,130.0,218.0,289.0
01467000,09-28,45.0,47.0,57.0,84,128.0,237.0,347.0
01467000,09-29,40.0,45.0,58.0,82,132.0,232.0,316.0
01467000,09-30,40.0,43.0,57.0,84,143.0,237.0,281.0
01467000,10-01,40.0,43.0,58.0,91,140.0,224.0,259.0
01467000,10-02,39.0,44.0,60.0,91,135.0,232.0,304.0
01467000,10-03,40.0,45.0,58.0,96,142.0,197.0,316.0
01467000,10-04,37.0,43.0,58.0,90,136.0,227.0,291.0
01467000,10-05,39.0,44.0,57.0,88,129.0,193.0,267.0
01467000,10-06,40.0,45.0,56.0,85,119.0,185.0,225.0
01467000,10-07,37.0,44.0,56.0,86,121.0,178.0,210.0
01467000,10-08,43.0,45.0,62.0,82,113.0,175.0,206.0
01467000,10-09,40.0,47.0,64.0,83,111.0,165.0,216.0
01467000,10-10,40.0,49.0,64.0,84,117.0,175.0,222.0
01467000,10-11,41.0,49.0,59.0,83,119.0,163.0,239.0
01467000,10-12,42.0,52.0,64.0,84,119.0,179.0,236.0
01467000,10-13,41.0,49.0,61.0,82,112.0,185.0,235.0
01467000,10-14,39.0,48.0,61.0,83,112.0,182.0,266.0
01467000,10-15,44.0,51.0,64.0,87,110.0,168.0,280.0
01467000,10-16,46.0,52.0,63.0,88,119.0,160.0,242.0
01467000,10-17,44.0,52.0,65.0,91,122.0,164.0,256.0
01467000,10-18,39.0,52.0,64.0,91,130.0,192.0,229.0
01467000,10-19,38.0,51.0,64.0,88,136.0,208.0,283.0
01467000,10-20,37.0,51.0,66.0,84,141.0,198.0,309.0
01467000,10-21,37.0,46.0,64.0,85,139.0,210.0,386.0
01467000,10-22,42.0,48.0,64.0,84,143.0,205.0,292.0
01467000,10-23,44.0,52.0,66.0,85,137.0,204.0,301.0
01467000,10-24,47.0,52.0,67.0,91,145.0,205.0,330.0
01467000,10-25,46.0,55.0,68.0,98,142.0,208.0,321.0
01467000,10-26,41.0,57.0,71.0,104,144.0,214.0,298.0
01467000,10-27,42.0,55.0,71.0,103,152.0,217.0,296.0
01467000,10-28,47.0,53.0,72.0,108,164.0,247.0,283.0
01467000,10-29,45.0,55.0,81.0,105,168.0,274.0,312.0
01467000,10-30,48.0,59.0,80.0,114,178.0,273.0,335.0
01467000,10-31,52.0,57.0,78.0,114,179.0,272.0,320.0
01467000,11-01,53.0,64.0,80.0,116,176.0,256.0,319.0
01467000,11-02,53.0,62.0,81.0,117,181.0,231.0,285.0
01467000,11-03,56.0,63.0,78.0,114,184.0,234.0,292.0
01467000,11-04,51.0,64.0,84.0,108,173.0,224.0,295.0
01467000,11-05,50.0,64.0,81.0,120,175.0,234.0,302.0
01467000,11-06,47.0,66.0,81.0,121,161.0,230.0,260.0
01467000,11-07,44.0,65.0,80.0,122,170.0,221.0,266.0
01467000,11-08,43.0,65.0,80.0,120,173.0,250.0,303.0
01467000,11-09,48.0,65.0,81.0,116,177.0,255.0,325.0
01467000,11-10,45.0,65.0,81.0,120,169.0,258.0,313.0
01467000,11-11,47.0,62.0,82.0,118,175.0,248.0,392.0
01467000,11-12,49.0,60.0,84.0,116,180.0,284.0,389.0
01467000,11-13,50.0,60.0,85.0,122,186.0,296.0,385.0
01467000,11-14,49.0,58.0,84.0,117,180.0,308.0,387.0
01467000,11-15,45.0,57.0,86.0,120,181.0,296.0,348.0
01467000,11-16,49.0,54.0,88.0,123,178.0,263.0,351.0
01467000,11-17,50.0,55.0,89.0,129,183.0,248.0,332.0
01467000,11-18,48.0,54.0,87.0,121,183.0,260.0,327.0
01467000,11-19,49.0,57.0,88.0,117,175.0,278.0,374.0
01467000,11-20,48.0,60.0,88.0,121,167.0,290.0,333.0
01467000,11-21,50.0,60.0,88.0,121,173.0,262.0,295.0
01467000,11-22,54.0,66.0,90.0,120,172.0,265.0,371.0
01467000,11-23,49.0,66.0,88.0,120,176.0,279.0,331.0
01467000,11-24,51.0,65.0,89.0,119,185.0,261.0,378.0
01467000,11-25,51.0,67.0,88.0,121,191.0,287.0,363.0
01467000,11-26,54.0,72.0,88.0,118,189.0,285.0,437.0
01467000,11-27,55.0,73.0,92.0,122,192.0,294.0,415.0
01467000,11-28,59.0,70.0,88.0,130,197.0,262.0,410.0
01467000,11-29,60.0,71.0,87.0,136,209.0,312.0,392.0
01467000,11-30,55.0,71.0,89.0,149,199.0,302.0,429.0
01467000,12-01,58.0,69.0,97.0,143,193.0,316.0,458.0
01467000,12-02,59.0,69.0,95.0,137,183.0,290.0,416.0
01467000,12-03,56.0,69.0,100.0,138,194.0,283.0,357.0
01467000,12-04,57.0,74.0,102.0,131,189.0,280.0,330.0
01467000,12-05,59.0,76.0,98.0,128,212.0,283.0,375.0
01467000,12-06,53.0,77.0,94.0,128,203.0,308.0,351.0
01467000,12-07,55.0,77.0,96.0,135,194.0,316.0,369.0
01467000,12-08,63.0,74.0,93.0,133,196.0,315.0,402.0
01467000,12-09,61.0,70.0,97.0,138,193.0,328.0,435.0
01467000,12-10,62.0,71.0,94.0,137,208.0,318.0,445.0
01467000,12-11,58.0,67.0,92.0,136,204.0,369.0,444.0
01467000,12-12,59.0,70.0,91.0,135,203.0,364.0,447.0
01467000,12-13,61.0,73.0,101.0,136,209.0,344.0,415.0
01467000,12-14,56.0,73.0,100.0,146,218.0,323.0,427.0
01467000,12-15,64.0,71.0,102.0,149,203.0,335.0,396.0
01467000,12-16,60.0,69.0,98.0,146,214.0,352.0,407.0
01467000,12-17,64.0,70.0,106.0,152,219.0,343.0,389.0
01467000,12-18,67.0,71.0,111.0,149,211.0,323.0,401.0
01467000,12-19,68.0,70.0,105.0,152,212.0,297.0,394.0
01467000,12-20,60.0,70.0,108.0,153,204.0,284.0,389.0
01467000,12-21,61.0,67.0,105.0,153,220.0,331.0,406.0
01467000,12-22,61.0,74.0,103.0,147,220.0,325.0,428.0
01467000,12-23,54.0,73.0,103.0,147,213.0,304.0,439.0
01467000,12-24,64.0,79.0,105.0,158,215.0,300.0,403.0
01467000,12-25,61.0,79.0,108.0,148,214.0,307.0,352.0
01467000,12-26,68.0,77.0,105.0,149,214.0,333.0,381.0
01467000,12-27,64.0,81.0,114.0,151,221.0,319.0,407.0
01467000,12-28,64.0,80.0,111.0,153,246.0,315.0,395.0
01467000,12-29,63.0,75.0,113.0,160,245.0,332.0,463.0
01467000,12-30,61.0,81.0,118.0,164,234.0,358.0,441.0
01467000,12-31,61.0,77.0,107.0,163,229.0,346.0,458.0
01481000,01-01,115.0,155.0,206.0,376,582.0,985.0,2120.0
01481000,01-02,133.0,162.0,207.0,400,622.0,1120.0,1750.0
01481000,01-03,130.0,181.0,244.0,338,640.0,989.0,1630.0
01481000,01-04,126.0,167.0,235.0,371,667.0,965.0,1250.0
01481000,01-05,116.0,149.0,243.0,372,633.0,809.0,1010.0
01481000,01-06,123.0,158.0,238.0,324,570.0,765.0,1020.0
01481000,01-07,135.0,165.0,245.0,365,616.0,813.0,1040.0
01481000,01-08,133.0,171.0,215.0,349,606.0,828.0,1240.0
01481000,01-09,130.0,161.0,211.0,355,568.0,961.0,1510.0
01481000,01-10,142.0,172.0,210.0,400,571.0,757.0,1010.0
01481000,01-11,145.0,186.0,243.0,400,596.0,797.0,1080.0
01481000,01-12,133.0,187.0,259.0,405,572.0,1020.0,1710.0
01481000,01-13,134.0,178.0,247.0,398,584.0,739.0,1010.0
01481000,01-14,141.0,167.0,240.0,340,575.0,905.0,1420.0
01481000,01-15,132.0,159.0,242.0,360,572.0,830.0,947.0
01481000,01-16,127.0,154.0,232.0,344,579.0,892.0,1060.0
01481000,01-17,125.0,153.0,224.0,362,564.0,772.0,1090.0
01481000,01-18,129.0,156.0,233.0,356,569.0,888.0,1540.0
01481000,01-19,130.0,165.0,250.0,421,656.0,1030.0,1360.0
01481000,01-20,136.0,160.0,250.0,442,629.0,1470.0,2290.0
01481000,01-21,138.0,152.0,239.0,402,605.0,1010.0,1530.0
01481000,01-22,134.0,150.0,213.0,374,530.0,699.0,1030.0
01481000,01-23,129.0,147.0,250.0,371,580.0,806.0,974.0
01481000,01-24,139.0,157.0,282.0,405,597.0,1100.0,1890.0
01481000,01-25,134.0,190.0,273.0,420,666.0,2050.0,2920.0
01481000,01-26,127.0,191.0,261.0,415,811.0,1840.0,2280.0
01481000,01-27,123.0,182.0,267.0,390,712.0,1090.0,3000.0
01481000,01-28,129.0,170.0,254.0,362,596.0,1630.0,2740.0
01481000,01-29,128.0,161.0,253.0,355,541.0,1130.0,1270.0
01481000,01-30,129.0,154.0,251.0,358,536.0,1110.0,1320.0
01481000,01-31,135.0,165.0,237.0,356,543.0,913.0,1170.0
01481000,02-01,147.0,191.0,263.0,389,626.0,846.0,1050.0
01481000,02-02,159.0,211.0,295.0,421,563.0,832.0,1290.0
01481000,02-03,169.0,190.0,308.0,468,691.0,950.0,1370.0
01481000,02-04,163.0,189.0,264.0,427,657.0,1370.0,2020.0
01481000,02-05,146.0,165.0,268.0,424,672.0,1110.0,1460.0
01481000,02-06,145.0,159.0,271.0,430,594.0,840.0,1090.0
01481000,02-07,146.0,167.0,245.0,445,561.0,676.0,886.0
01481000,02-08,150.0,167.0,274.0,425,549.0,691.0,865.0
01481000,02-09,152.0,169.0,285.0,415,518.0,659.0,801.0
01481000,02-10,143.0,167.0,260.0,381,513.0,799.0,949.0
01481000,02-11,154.0,159.0,289.0,385,561.0,783.0,1050.0
01481000,02-12,147.0,169.0,296.0,423,615.0,921.0,1210.0
01481000,02-13,136.0,184.0,302.0,445,555.0,799.0,1920.0
01481000,02-14,151.0,209.0,286.0,410,562.0,793.0,876.0
01481000,02-15,155.0,200.0,280.0,420,554.0,811.0,1340.0
01481000,02-16,185.0,221.0,317.0,490,575.0,1030.0,1740.0
01481000,02-17,191.0,222.0,319.0,470,630.0,951.0,1270.0
01481000,02-18,190.0,236.0,299.0,471,615.0,818.0,1040.0
01481000,02-19,188.0,236.0,287.0,470,561.0,820.0,1180.0
01481000,02-20,205.0,245.0,353.0,469,590.0,826.0,1270.0
01481000,02-21,200.0,233.0,343.0,459,558.0,885.0,1270.0
01481000,02-22,204.0,224.0,329.0,438,575.0,1150.0,1830.0
01481000,02-23,217.0,235.0,367.0,462,651.0,858.0,1430.0
01481000,02-24,206.0,241.0,349.0,475,764.0,1540.0,2440.0
01481000,02-25,206.0,229.0,333.0,482,915.0,1500.0,2950.0
01481000,02-26,202.0,231.0,322.0,457,707.0,936.0,1190.0
01481000,02-27,192.0,221.0,302.0,450,654.0,777.0,935.0
01481000,02-28,190.0,216.0,320.0,445,591.0,901.0,1310.0
01481000,02-29,,233.0,442.0,496,761.0,921.0,
01481000,03-01,189.0,208.0,299.0,440,606.0,746.0,1780.0
01481000,03-02,181.0,222.0,313.0,436,604.0,1270.0,1630.0
01481000,03-03,201.0,231.0,318.0,449,664.0,932.0,1510.0
01481000,03-04,187.0,210.0,356.0,470,736.0,1000.0,1060.0
01481000,03-05,184.0,217.0,335.0,472,762.0,1010.0,1590.0
01481000,03-06,184.0,236.0,347.0,448,679.0,1000.0,1510.0
01481000,03-07,201.0,257.0,355.0,447,621.0,994.0,1480.0
01481000,03-08,204.0,252.0,332.0,461,688.0,1070.0,1500.0
01481000,03-09,218.0,244.0,344.0,448,714.0,1320.0,2040.0
01481000,03-10,210.0,230.0,342.0,455,770.0,1660.0,2360.0
01481000,03-11,206.0,224.0,347.0,444,669.0,1120.0,3290.0
01481000,03-12,193.0,252.0,338.0,459,695.0,1010.0,1500.0
01481000,03-13,185.0,245.0,341.0,498,761.0,1150.0,1910.0
01481000,03-14,183.0,215.0,343.0,484,832.0,1610.0,2630.0
01481000,03-15,176.0,204.0,338.0,454,669.0,1600.0,2220.0
01481000,03-16,190.0,209.0,336.0,455,637.0,1090.0,1700.0
01481000,03-17,205.0,217.0,338.0,471,710.0,1100.0,1280.0
01481000,03-18,202.0,232.0,337.0,482,672.0,955.0,1230.0
01481000,03-19,198.0,248.0,344.0,505,718.0,1140.0,1530.0
01481000,03-20,205.0,291.0,340.0,473,823.0,1100.0,1940.0
01481000,03-21,202.0,298.0,381.0,518,963.0,1420.0,2360.0
01481000,03-22,193.0,273.0,329.0,533,1190.0,1740.0,3170.0
01481000,03-23,203.0,242.0,317.0,516,959.0,1450.0,2390.0
01481000,03-24,187.0,253.0,328.0,569,889.0,1500.0,1780.0
01481000,03-25,181.0,254.0,324.0,524,776.0,1270.0,1830.0
01481000,03-26,182.0,235.0,330.0,476,703.0,926.0,1410.0
01481000,03-27,205.0,255.0,343.0,504,727.0,1350.0,1730.0
01481000,03-28,198.0,239.0,343.0,500,755.0,1650.0,2110.0
01481000,03-29,191.0,218.0,328.0,477,753.0,1690.0,2400.0
01481000,03-30,186.0,224.0,319.0,483,870.0,1550.0,1760.0
01481000,03-31,200.0,245.0,332.0,506,902.0,1380.0,2060.0
01481000,04-01,213.0,282.0,360.0,574,929.0,1250.0,2110.0
01481000,04-02,258.0,279.0,378.0,588,805.0,1630.0,2640.0
01481000,04-03,225.0,275.0,343.0,560,892.0,1280.0,2730.0
01481000,04-04,226.0,287.0,369.0,605,899.0,1140.0,1560.0
01481000,04-05,211.0,282.0,342.0,541,805.0,1070.0,2280.0
01481000,04-06,246.0,280.0,331.0,557,814.0,1080.0,1380.0
01481000,04-07,230.0,275.0,354.0,531,777.0,992.0,1330.0
01481000,04-08,203.0,264.0,349.0,526,661.0,983.0,1350.0
01481000,04-09,202.0,264.0,329.0,523,803.0,1110.0,1200.0
01481000,04-10,201.0,248.0,337.0,493,883.0,1070.0,2180.0
01481000,04-11,198.0,256.0,312.0,502,701.0,1040.0,1550.0
01481000,04-12,230.0,257.0,345.0,532,778.0,977.0,1200.0
01481000,04-13,220.0,261.0,343.0,535,705.0,1250.0,1420.0
01481000,04-14,212.0,262.0,351.0,534,685.0,1070.0,1370.0
01481000,04-15,213.0,258.0,322.0,526,767.0,983.0,1430.0
01481000,04-16,216.0,257.0,327.0,561,735.0,1500.0,3940.0
01481000,04-17,222.0,256.0,315.0,495,698.0,1720.0,2470.0
01481000,04-18,220.0,251.0,316.0,494,656.0,1080.0,1360.0
01481000,04-19,209.0,242.0,309.0,475,643.0,1070.0,1370.0
01481000,04-20,201.0,235.0,346.0,470,761.0,1040.0,1330.0
01481000,04-21,192.0,231.0,338.0,478,703.0,886.0,961.0
01481000,04-22,185.0,250.0,358.0,464,591.0,906.0,1340.0
01481000,04-23,186.0,260.0,342.0,447,645.0,947.0,1250.0
01481000,04-24,204.0,264.0,332.0,466,628.0,953.0,1030.0
01481000,04-25,184.0,242.0,317.0,460,601.0,835.0,1080.0
01481000,04-26,188.0,234.0,334.0,459,624.0,873.0,1220.0
01481000,04-27,176.0,247.0,325.0,434,641.0,1160.0,1470.0
01481000,04-28,193.0,275.0,331.0,441,672.0,880.0,1400.0
01481000,04-29,188.0,268.0,333.0,419,621.0,1030.0,1230.0
01481000,04-30,177.0,246.0,332.0,414,587.0,905.0,1030.0
01481000,05-01,185.0,250.0,326.0,410,575.0,995.0,2170.0
01481000,05-02,223.0,275.0,328.0,404,579.0,813.0,1120.0
01481000,05-03,237.0,266.0,320.0,438,642.0,869.0,1200.0
01481000,05-04,238.0,259.0,309.0,442,631.0,897.0,1240.0
01481000,05-05,214.0,250.0,308.0,468,599.0,946.0,1200.0
01481000,05-06,203.0,251.0,298.0,453,627.0,973.0,1220.0
01481000,05-07,198.0,237.0,305.0,414,629.0,1010.0,1820.0
01481000,05-08,199.0,231.0,301.0,400,665.0,1030.0,1340.0
01481000,05-09,201.0,233.0,283.0,393,652.0,899.0,1400.0
01481000,05-10,209.0,232.0,286.0,399,610.0,933.0,1250.0
01481000,05-11,204.0,234.0,292.0,439,672.0,1060.0,1190.0
01481000,05-12,192.0,229.0,310.0,417,605.0,910.0,1380.0
01481000,05-13,199.0,248.0,315.0,405,553.0,963.0,1470.0
01481000,05-14,211.0,246.0,298.0,409,666.0,827.0,1210.0
01481000,05-15,207.0,244.0,313.0,420,584.0,742.0,822.0
01481000,05-16,204.0,237.0,307.0,392,654.0,1280.0,1790.0
01481000,05-17,215.0,237.0,290.0,387,624.0,1310.0,1780.0
01481000,05-18,235.0,244.0,291.0,398,584.0,870.0,1090.0
01481000,05-19,231.0,255.0,294.0,372,641.0,756.0,1160.0
01481000,05-20,220.0,245.0,269.0,361,590.0,761.0,956.0
01481000,05-21,206.0,225.0,288.0,368,584.0,761.0,882.0
01481000,05-22,210.0,220.0,266.0,384,555.0,733.0,859.0
01481000,05-23,201.0,214.0,269.0,353,596.0,785.0,979.0
01481000,05-24,195.0,205.0,271.0,365,543.0,924.0,1500.0
01481000,05-25,190.0,201.0,272.0,356,485.0,677.0,923.0
01481000,05-26,183.0,201.0,268.0,351,531.0,952.0,1060.0
01481000,05-27,182.0,195.0,257.0,341,489.0,750.0,1020.0
01481000,05-28,192.0,202.0,239.0,354,490.0,717.0,761.0
01481000,05-29,183.0,195.0,250.0,343,529.0,888.0,1410.0
01481000,05-30,174.0,182.0,278.0,366,462.0,699.0,1820.0
01481000,05-31,167.0,184.0,272.0,325,463.0,742.0,1150.0
01481000,06-01,173.0,184.0,254.0,334,495.0,687.0,1070.0
01481000,06-02,166.0,180.0,271.0,363,520.0,855.0,1190.0
01481000,06-03,161.0,186.0,273.0,348,445.0,617.0,1110.0
01481000,06-04,165.0,178.0,260.0,335,529.0,735.0,1330.0
01481000,06-05,159.0,170.0,262.0,319,477.0,781.0,946.0
01481000,06-06,159.0,170.0,269.0,317,511.0,911.0,1090.0
01481000,06-07,157.0,169.0,263.0,322,501.0,839.0,1250.0
01481000,06-08,154.0,166.0,257.0,296,421.0,661.0,1660.0
01481000,06-09,148.0,165.0,254.0,304,475.0,621.0,1070.0
01481000,06-10,143.0,163.0,235.0,306,443.0,833.0,1420.0
01481000,06-11,144.0,163.0,219.0,283,494.0,810.0,1480.0
01481000,06-12,145.0,178.0,216.0,284,480.0,742.0,1120.0
01481000,06-13,149.0,168.0,229.0,306,543.0,813.0,1370.0
01481000,06-14,174.0,192.0,232.0,275,471.0,948.0,1270.0
01481000,06-15,164.0,187.0,228.0,310,497.0,676.0,846.0
01481000,06-16,163.0,195.0,218.0,297,450.0,556.0,690.0
01481000,06-17,162.0,181.0,214.0,322,449.0,555.0,796.0
01481000,06-18,161.0,179.0,217.0,276,476.0,847.0,1380.0
01481000,06-19,153.0,164.0,202.0,264,517.0,956.0,1540.0
01481000,06-20,144.0,170.0,208.0,272,489.0,662.0,2230.0
01481000,06-21,146.0,162.0,205.0,297,401.0,649.0,1470.0
01481000,06-22,138.0,157.0,197.0,275,413.0,745.0,962.0
01481000,06-23,134.0,153.0,203.0,265,435.0,791.0,930.0
01481000,06-24,144.0,147.0,213.0,295,435.0,646.0,965.0
01481000,06-25,133.0,148.0,191.0,272,364.0,559.0,1260.0
01481000,06-26,136.0,161.0,204.0,282,352.0,597.0,808.0
01481000,06-27,132.0,157.0,201.0,270,405.0,567.0,1880.0
01481000,06-28,136.0,154.0,202.0,265,413.0,760.0,2390.0
01481000,06-29,134.0,149.0,190.0,265,432.0,742.0,1320.0
01481000,06-30,132.0,145.0,184.0,275,429.0,617.0,861.0
01481000,07-01,128.0,136.0,188.0,271,401.0,793.0,1720.0
01481000,07-02,134.0,147.0,189.0,257,406.0,625.0,1380.0
01481000,07-03,123.0,150.0,183.0,249,371.0,636.0,907.0
01481000,07-04,128.0,144.0,176.0,243,395.0,524.0,660.0
01481000,07-05,124.0,137.0,176.0,233,350.0,663.0,913.0
01481000,07-06,117.0,126.0,171.0,233,331.0,583.0,990.0
01481000,07-07,114.0,138.0,177.0,242,336.0,534.0,839.0
01481000,07-08,113.0,141.0,179.0,243,401.0,551.0,1040.0
01481000,07-09,110.0,124.0,169.0,237,398.0,610.0,968.0
01481000,07-10,112.0,128.0,175.0,235,358.0,803.0,1220.0
01481000,07-11,111.0,120.0,161.0,228,357.0,743.0,1370.0
01481000,07-12,105.0,123.0,154.0,225,339.0,708.0,961.0
01481000,07-13,100.0,119.0,149.0,228,380.0,1210.0,2170.0
01481000,07-14,98.0,124.0,174.0,244,398.0,648.0,1150.0
01481000,07-15,98.0,112.0,174.0,258,419.0,702.0,845.0
01481000,07-16,101.0,129.0,193.0,254,400.0,561.0,1070.0
01481000,07-17,100.0,126.0,173.0,246,357.0,698.0,985.0
01481000,07-18,97.0,124.0,173.0,240,345.0,693.0,936.0
01481000,07-19,90.0,124.0,173.0,219,298.0,626.0,894.0
01481000,07-20,110.0,121.0,166.0,214,296.0,483.0,1010.0
01481000,07-21,106.0,125.0,170.0,204,322.0,966.0,1750.0
01481000,07-22,104.0,124.0,159.0,204,311.0,775.0,1120.0
01481000,07-23,98.0,122.0,169.0,204,315.0,726.0,1590.0
01481000,07-24,95.0,114.0,163.0,218,376.0,714.0,1400.0
01481000,07-25,98.0,117.0,158.0,211,323.0,534.0,1050.0
01481000,07-26,94.0,132.0,167.0,202,308.0,565.0,809.0
01481000,07-27,102.0,128.0,163.0,205,387.0,624.0,729.0
01481000,07-28,96.0,123.0,150.0,212,400.0,952.0,1230.0
01481000,07-29,95.0,114.0,144.0,191,381.0,497.0,562.0
01481000,07-30,92.0,118.0,137.0,212,324.0,490.0,607.0
01481000,07-31,87.0,112.0,143.0,213,302.0,461.0,606.0
01481000,08-01,77.0,107.0,144.0,223,343.0,635.0,905.0
01481000,08-02,75.0,102.0,141.0,197,265.0,474.0,668.0
01481000,08-03,74.0,101.0,139.0,192,315.0,486.0,522.0
01481000,08-04,90.0,111.0,137.0,185,341.0,447.0,1300.0
01481000,08-05,87.0,111.0,134.0,177,308.0,459.0,759.0
01481000,08-06,87.0,117.0,134.0,182,291.0,428.0,556.0
01481000,08-07,82.0,115.0,131.0,194,312.0,425.0,705.0
01481000,08-08,86.0,112.0,130.0,189,328.0,530.0,870.0
01481000,08-09,84.0,106.0,131.0,191,302.0,576.0,1070.0
01481000,08-10,85.0,107.0,130.0,205,374.0,652.0,1150.0
01481000,08-11,83.0,121.0,150.0,203,337.0,440.0,853.0
01481000,08-12,79.0,119.0,158.0,203,348.0,521.0,742.0
01481000,08-13,86.0,113.0,145.0,190,401.0,1620.0,3030.0
01481000,08-14,101.0,122.0,139.0,180,367.0,632.0,1210.0
01481000,08-15,103.0,121.0,135.0,192,322.0,491.0,696.0
01481000,08-16,94.0,118.0,134.0,166,261.0,432.0,550.0
01481000,08-17,88.0,118.0,133.0,192,334.0,455.0,522.0
01481000,08-18,78.0,115.0,132.0,200,345.0,451.0,609.0
01481000,08-19,72.0,118.0,133.0,177,327.0,438.0,1420.0
01481000,08-20,69.0,119.0,136.0,183,272.0,416.0,867.0
01481000,08-21,75.0,114.0,134.0,179,298.0,539.0,649.0
01481000,08-22,74.0,111.0,134.0,188,332.0,584.0,1250.0
01481000,08-23,70.0,105.0,133.0,168,290.0,484.0,619.0
01481000,08-24,64.0,102.0,126.0,168,293.0,385.0,440.0
01481000,08-25,88.0,102.0,123.0,168,258.0,348.0,393.0
01481000,08-26,86.0,103.0,120.0,159,247.0,327.0,378.0
01481000,08-27,77.0,105.0,123.0,170,270.0,396.0,555.0
01481000,08-28,82.0,107.0,130.0,150,261.0,505.0,1930.0
01481000,08-29,99.0,108.0,129.0,169,254.0,454.0,822.0
01481000,08-30,94.0,102.0,122.0,151,293.0,520.0,771.0
01481000,08-31,81.0,106.0,124.0,158,268.0,420.0,636.0
01481000,09-01,90.0,105.0,116.0,149,253.0,469.0,1150.0
01481000,09-02,89.0,99.0,116.0,143,261.0,442.0,803.0
01481000,09-03,83.0,94.0,114.0,146,287.0,453.0,921.0
01481000,09-04,71.0,93.0,118.0,172,275.0,470.0,797.0
01481000,09-05,81.0,98.0,114.0,154,252.0,325.0,719.0
01481000,09-06,79.0,98.0,115.0,150,263.0,589.0,1590.0
01481000,09-07,79.0,97.0,110.0,177,256.0,543.0,1290.0
01481000,09-08,75.0,95.0,113.0,169,249.0,405.0,957.0
01481000,09-09,75.0,95.0,110.0,160,240.0,474.0,1870.0
01481000,09-10,77.0,95.0,113.0,158,243.0,425.0,892.0
01481000,09-11,78.0,97.0,110.0,171,248.0,401.0,914.0
01481000,09-12,74.0,94.0,106.0,152,237.0,363.0,910.0
01481000,09-13,72.0,91.0,101.0,165,283.0,509.0,634.0
01481000,09-14,77.0,91.0,111.0,157,238.0,440.0,735.0
01481000,09-15,79.0,93.0,109.0,148,238.0,594.0,1000.0
01481000,09-16,83.0,91.0,107.0,170,251.0,476.0,1760.0
01481000,09-17,85.0,90.0,110.0,168,241.0,573.0,1610.0
01481000,09-18,90.0,95.0,117.0,174,280.0,787.0,1610.0
01481000,09-19,90.0,97.0,111.0,160,301.0,659.0,1520.0
01481000,09-20,88.0,98.0,108.0,160,283.0,558.0,848.0
01481000,09-21,85.0,94.0,102.0,164,276.0,616.0,843.0
01481000,09-22,88.0,92.0,109.0,166,276.0,679.0,1050.0
01481000,09-23,91.0,94.0,110.0,164,267.0,768.0,1640.0
01481000,09-24,91.0,97.0,117.0,148,229.0,888.0,2110.0
01481000,09-25,89.0,97.0,111.0,146,394.0,938.0,1270.0
01481000,09-26,94.0,99.0,123.0,172,357.0,852.0,1130.0
01481000,09-27,98.0,104.0,139.0,195,368.0,806.0,1180.0
01481000,09-28,92.0,102.0,132.0,189,353.0,1210.0,2750.0
01481000,09-29,89.0,103.0,127.0,166,299.0,897.0,1300.0
01481000,09-30,86.0,96.0,123.0,175,356.0,924.0,1460.0
01481000,10-01,85.0,98.0,120.0,185,306.0,631.0,1090.0
01481000,10-02,83.0,92.0,131.0,182,270.0,825.0,974.0
01481000,10-03,82.0,93.0,128.0,179,341.0,704.0,988.0
01481000,10-04,89.0,98.0,123.0,173,329.0,597.0,776.0
01481000,10-05,90.0,100.0,123.0,171,363.0,728.0,865.0
01481000,10-06,92.0,99.0,116.0,160,356.0,528.0,781.0
01481000,10-07,89.0,96.0,115.0,159,284.0,404.0,549.0
01481000,10-08,89.0,97.0,121.0,167,268.0,457.0,668.0
01481000,10-09,91.0,99.0,120.0,176,280.0,626.0,1220.0
01481000,10-10,91.0,98.0,122.0,181,325.0,747.0,1130.0
01481000,10-11,94.0,99.0,122.0,171,342.0,756.0,1280.0
01481000,10-12,97.0,100.0,133.0,172,337.0,604.0,1080.0
01481000,10-13,97.0,105.0,132.0,168,324.0,528.0,593.0
01481000,10-14,95.0,112.0,139.0,168,304.0,565.0,710.0
01481000,10-15,104.0,114.0,136.0,160,363.0,637.0,837.0
01481000,10-16,106.0,112.0,130.0,183,335.0,565.0,797.0
01481000,10-17,102.0,106.0,132.0,189,356.0,593.0,719.0
01481000,10-18,102.0,110.0,126.0,201,345.0,516.0,711.0
01481000,10-19,100.0,112.0,135.0,180,266.0,681.0,1510.0
01481000,10-20,102.0,108.0,126.0,197,350.0,661.0,1250.0
01481000,10-21,101.0,108.0,131.0,197,362.0,619.0,1490.0
01481000,10-22,99.0,103.0,127.0,185,333.0,560.0,1070.0
01481000,10-23,99.0,106.0,130.0,193,341.0,502.0,613.0
01481000,10-24,101.0,104.0,131.0,196,328.0,659.0,974.0
01481000,10-25,102.0,114.0,147.0,185,306.0,598.0,867.0
01481000,10-26,105.0,119.0,152.0,191,357.0,590.0,751.0
01481000,10-27,105.0,119.0,145.0,193,366.0,740.0,1470.0
01481000,10-28,104.0,119.0,144.0,206,406.0,832.0,2340.0
01481000,10-29,104.0,117.0,137.0,208,468.0,890.0,1570.0
01481000,10-30,109.0,116.0,137.0,213,412.0,948.0,1660.0
01481000,10-31,106.0,116.0,140.0,194,453.0,636.0,934.0
01481000,11-01,104.0,114.0,141.0,205,383.0,583.0,818.0
01481000,11-02,104.0,117.0,141.0,203,386.0,507.0,618.0
01481000,11-03,104.0,116.0,145.0,189,371.0,714.0,1260.0
01481000,11-04,106.0,116.0,143.0,190,367.0,539.0,806.0
01481000,11-05,106.0,120.0,146.0,202,358.0,712.0,939.0
01481000,11-06,105.0,112.0,147.0,251,358.0,579.0,850.0
01481000,11-07,104.0,112.0,145.0,221,312.0,481.0,1130.0
01481000,11-08,105.0,114.0,143.0,220,346.0,588.0,1310.0
01481000,11-09,103.0,118.0,151.0,210,350.0,656.0,1010.0
01481000,11-10,104.0,119.0,163.0,209,402.0,703.0,896.0
01481000,11-11,121.0,126.0,160.0,213,431.0,754.0,850.0
01481000,11-12,112.0,129.0,157.0,206,464.0,688.0,1060.0
01481000,11-13,113.0,120.0,161.0,234,462.0,834.0,1390.0
01481000,11-14,106.0,116.0,170.0,218,354.0,666.0,905.0
01481000,11-15,103.0,114.0,176.0,220,327.0,553.0,871.0
01481000,11-16,104.0,113.0,168.0,202,434.0,684.0,1200.0
01481000,11-17,105.0,110.0,162.0,219,482.0,801.0,1470.0
01481000,11-18,102.0,113.0,167.0,235,427.0,559.0,815.0
01481000,11-19,105.0,121.0,171.0,235,340.0,530.0,725.0
01481000,11-20,108.0,124.0,168.0,206,404.0,508.0,1080.0
01481000,11-21,105.0,129.0,178.0,221,406.0,741.0,1220.0
01481000,11-22,106.0,136.0,179.0,225,456.0,708.0,1070.0
01481000,11-23,107.0,133.0,173.0,235,423.0,741.0,1090.0
01481000,11-24,108.0,136.0,174.0,239,390.0,612.0,874.0
01481000,11-25,125.0,136.0,168.0,221,382.0,693.0,995.0
01481000,11-26,124.0,149.0,181.0,272,401.0,927.0,1610.0
01481000,11-27,123.0,143.0,177.0,267,469.0,1150.0,1620.0
01481000,11-28,122.0,146.0,181.0,286,473.0,879.0,2160.0
01481000,11-29,125.0,146.0,211.0,268,482.0,1080.0,1660.0
01481000,11-30,123.0,145.0,182.0,274,473.0,1140.0,1880.0
01481000,12-01,125.0,139.0,198.0,282,520.0,1240.0,1520.0
01481000,12-02,118.0,146.0,217.0,317,515.0,834.0,1150.0
01481000,12-03,123.0,144.0,213.0,318,475.0,896.0,1380.0
01481000,12-04,121.0,142.0,200.0,287,508.0,852.0,1030.0
01481000,12-05,122.0,150.0,208.0,295,573.0,786.0,1070.0
01481000,12-06,118.0,145.0,195.0,296,588.0,771.0,1370.0
01481000,12-07,110.0,139.0,203.0,314,604.0,944.0,1230.0
01481000,12-08,115.0,139.0,201.0,305,496.0,862.0,2030.0
01481000,12-09,132.0,159.0,207.0,298,504.0,1020.0,1710.0
01481000,12-10,135.0,146.0,196.0,324,566.0,934.0,1650.0
01481000,12-11,128.0,154.0,213.0,353,594.0,1120.0,2400.0
01481000,12-12,119.0,151.0,226.0,350,565.0,1390.0,2320.0
01481000,12-13,121.0,140.0,207.0,339,450.0,1050.0,1670.0
01481000,12-14,129.0,142.0,206.0,335,609.0,1340.0,2430.0
01481000,12-15,124.0,144.0,216.0,324,592.0,1030.0,1700.0
01481000,12-16,130.0,150.0,230.0,376,676.0,1490.0,2110.0
01481000,12-17,127.0,156.0,226.0,343,675.0,1300.0,2090.0
01481000,12-18,125.0,160.0,228.0,351,604.0,1420.0,2410.0
01481000,12-19,129.0,172.0,218.0,333,542.0,934.0,1620.0
01481000,12-20,121.0,156.0,215.0,306,495.0,983.0,1290.0
01481000,12-21,113.0,148.0,205.0,359,594.0,1140.0,3500.0
01481000,12-22,111.0,139.0,215.0,353,561.0,1080.0,1500.0
01481000,12-23,120.0,167.0,216.0,325,546.0,1140.0,1550.0
01481000,12-24,147.0,162.0,222.0,380,690.0,1050.0,1390.0
01481000,12-25,140.0,164.0,241.0,362,620.0,1260.0,2130.0
01481000,12-26,128.0,155.0,221.0,322,701.0,1100.0,1490.0
01481000,12-27,122.0,153.0,208.0,322,576.0,1010.0,1840.0
01481000,12-28,126.0,151.0,210.0,317,561.0,1140.0,2090.0
01481000,12-29,128.0,154.0,240.0,375,563.0,993.0,1200.0
01481000,12-30,136.0,159.0,220.0,356,550.0,815.0,972.0
01481000,12-31,119.0,151.0,211.0,338,598.0,798.0,860.0
01481500,01-01,139.0,179.0,248.0,434,687.0,961.0,2280.0
01481500,01-02,144.0,209.0,262.0,393,722.0,1330.0,1760.0
01481500,01-03,157.0,210.0,284.0,370,706.0,1150.0,1730.0
01481500,01-04,163.0,194.0,286.0,414,717.0,1150.0,1380.0
01481500,01-05,119.0,170.0,281.0,409,703.0,896.0,1060.0
01481500,01-06,151.0,178.0,255.0,367,639.0,870.0,1150.0
01481500,01-07,151.0,194.0,284.0,420,710.0,878.0,1060.0
01481500,01-08,142.0,184.0,243.0,427,624.0,1030.0,1320.0
01481500,01-09,155.0,196.0,274.0,431,661.0,1110.0,1550.0
01481500,01-10,164.0,205.0,299.0,394,636.0,838.0,1150.0
01481500,01-11,195.0,218.0,294.0,488,701.0,901.0,1260.0
01481500,01-12,178.0,216.0,294.0,482,668.0,1180.0,2060.0
01481500,01-13,164.0,221.0,289.0,492,657.0,895.0,1230.0
01481500,01-14,166.0,212.0,282.0,418,648.0,871.0,1810.0
01481500,01-15,148.0,215.0,298.0,466,649.0,955.0,1020.0
01481500,01-16,140.0,202.0,269.0,453,633.0,972.0,1130.0
01481500,01-17,147.0,192.0,277.0,428,628.0,953.0,1230.0
01481500,01-18,143.0,198.0,299.0,430,708.0,1030.0,1590.0
01481500,01-19,132.0,201.0,317.0,465,759.0,1200.0,1750.0
01481500,01-20,138.0,185.0,317.0,489,699.0,1730.0,2690.0
01481500,01-21,135.0,190.0,293.0,482,675.0,1240.0,1660.0
01481500,01-22,135.0,177.0,273.0,420,627.0,829.0,1210.0
01481500,01-23,136.0,157.0,305.0,439,610.0,868.0,1130.0
01481500,01-24,157.0,197.0,323.0,447,701.0,1120.0,2240.0
01481500,01-25,161.0,253.0,326.0,462,786.0,2270.0,3190.0
01481500,01-26,164.0,224.0,297.0,474,891.0,2110.0,2790.0
01481500,01-27,160.0,199.0,279.0,426,833.0,1420.0,2920.0
01481500,01-28,165.0,197.0,291.0,399,748.0,1760.0,3550.0
01481500,01-29,159.0,186.0,279.0,393,655.0,1270.0,1500.0
01481500,01-30,158.0,180.0,288.0,406,650.0,1110.0,1330.0
01481500,01-31,167.0,213.0,285.0,427,633.0,1010.0,1350.0
01481500,02-01,190.0,233.0,293.0,464,764.0,913.0,1140.0
01481500,02-02,209.0,263.0,343.0,505,700.0,943.0,1590.0
01481500,02-03,193.0,234.0,341.0,522,790.0,1000.0,1600.0
01481500,02-04,186.0,228.0,323.0,463,727.0,1670.0,2570.0
01481500,02-05,169.0,200.0,343.0,477,821.0,1330.0,1710.0
01481500,02-06,159.0,190.0,320.0,503,692.0,1020.0,1380.0
01481500,02-07,157.0,215.0,306.0,505,644.0,829.0,1030.0
01481500,02-08,168.0,195.0,322.0,505,627.0,804.0,1120.0
01481500,02-09,163.0,205.0,319.0,478,575.0,809.0,900.0
01481500,02-10,181.0,199.0,317.0,438,583.0,895.0,1100.0
01481500,02-11,183.0,252.0,303.0,455,612.0,883.0,1010.0
01481500,02-12,193.0,244.0,325.0,499,737.0,1000.0,1690.0
01481500,02-13,198.0,256.0,385.0,494,667.0,997.0,2110.0
01481500,02-14,207.0,248.0,350.0,476,700.0,848.0,1040.0
01481500,02-15,224.0,243.0,313.0,474,588.0,934.0,1530.0
01481500,02-16,209.0,274.0,365.0,524,646.0,1190.0,1640.0
01481500,02-17,178.0,261.0,369.0,489,718.0,1040.0,1400.0
01481500,02-18,210.0,255.0,386.0,497,743.0,928.0,1120.0
01481500,02-19,210.0,266.0,394.0,496,684.0,1030.0,1190.0
01481500,02-20,224.0,288.0,382.0,524,649.0,929.0,1470.0
01481500,02-21,214.0,261.0,390.0,516,622.0,1060.0,1450.0
01481500,02-22,229.0,267.0,381.0,493,695.0,1410.0,1980.0
01481500,02-23,244.0,283.0,430.0,544,782.0,952.0,1760.0
01481500,02-24,237.0,289.0,405.0,563,849.0,1630.0,2810.0
01481500,02-25,244.0,274.0,401.0,563,1010.0,1680.0,3940.0
01481500,02-26,259.0,292.0,388.0,555,810.0,999.0,1450.0
01481500,02-27,248.0,284.0,375.0,529,699.0,827.0,1020.0
01481500,02-28,237.0,290.0,368.0,523,686.0,921.0,1360.0
01481500,02-29,,281.0,488.0,592,742.0,1010.0,
01481500,03-01,243.0,259.0,367.0,500,684.0,824.0,2090.0
01481500,03-02,250.0,267.0,367.0,499,750.0,1470.0,2080.0
01481500,03-03,234.0,255.0,384.0,517,750.0,1170.0,1750.0
01481500,03-04,224.0,253.0,418.0,567,826.0,1040.0,1230.0
01481500,03-05,232.0,260.0,363.0,556,836.0,1060.0,1830.0
01481500,03-06,217.0,266.0,368.0,537,726.0,1060.0,1780.0
01481500,03-07,226.0,295.0,386.0,531,752.0,1020.0,1610.0
01481500,03-08,237.0,290.0,370.0,539,771.0,1100.0,1760.0
01481500,03-09,238.0,313.0,389.0,526,779.0,1530.0,1940.0
01481500,03-10,226.0,306.0,380.0,499,810.0,1880.0,2460.0
01481500,03-11,233.0,307.0,399.0,516,770.0,1320.0,4070.0
01481500,03-12,236.0,284.0,388.0,521,765.0,1170.0,2020.0
01481500,03-13,221.0,296.0,412.0,603,929.0,1340.0,2020.0
01481500,03-14,227.0,290.0,389.0,559,925.0,2040.0,2580.0
01481500,03-15,220.0,292.0,397.0,537,808.0,1910.0,2410.0
01481500,03-16,212.0,273.0,384.0,543,768.0,1270.0,1910.0
01481500,03-17,212.0,266.0,388.0,550,807.0,1200.0,1360.0
01481500,03-18,224.0,277.0,384.0,553,738.0,1110.0,1320.0
01481500,03-19,213.0,331.0,424.0,604,840.0,1220.0,1700.0
01481500,03-20,225.0,352.0,392.0,556,895.0,1300.0,2010.0
01481500,03-21,214.0,346.0,425.0,641,1010.0,1510.0,2730.0
01481500,03-22,204.0,324.0,414.0,670,1220.0,2320.0,3600.0
01481500,03-23,214.0,294.0,389.0,597,1040.0,1580.0,2620.0
01481500,03-24,219.0,322.0,386.0,668,993.0,1770.0,2010.0
01481500,03-25,206.0,321.0,391.0,636,871.0,1470.0,2060.0
01481500,03-26,203.0,318.0,397.0,566,811.0,1140.0,1550.0
01481500,03-27,246.0,330.0,390.0,596,790.0,1430.0,1820.0
01481500,03-28,248.0,307.0,405.0,578,889.0,1980.0,2280.0
01481500,03-29,244.0,290.0,389.0,586,897.0,1990.0,2980.0
01481500,03-30,226.0,294.0,377.0,542,1010.0,1720.0,1970.0
01481500,03-31,219.0,265.0,375.0,563,1010.0,1620.0,2350.0
01481500,04-01,261.0,325.0,408.0,639,1020.0,1440.0,2650.0
01481500,04-02,281.0,351.0,427.0,670,987.0,1920.0,3070.0
01481500,04-03,261.0,321.0,412.0,599,974.0,1380.0,3140.0
01481500,04-04,254.0,324.0,402.0,645,980.0,1310.0,1830.0
01481500,04-05,242.0,322.0,389.0,615,924.0,1170.0,2590.0
01481500,04-06,278.0,315.0,406.0,609,895.0,1240.0,1650.0
01481500,04-07,268.0,298.0,424.0,609,866.0,1260.0,1540.0
01481500,04-08,221.0,296.0,405.0,593,794.0,1110.0,1570.0
01481500,04-09,213.0,286.0,396.0,579,899.0,1240.0,1360.0
01481500,04-10,219.0,274.0,391.0,573,948.0,1250.0,2530.0
01481500,04-11,215.0,297.0,376.0,565,802.0,1150.0,1970.0
01481500,04-12,235.0,293.0,409.0,578,803.0,1080.0,1400.0
01481500,04-13,230.0,309.0,385.0,627,793.0,1310.0,1490.0
01481500,04-14,221.0,304.0,396.0,559,760.0,1230.0,1760.0
01481500,04-15,239.0,303.0,364.0,616,840.0,1030.0,1560.0
01481500,04-16,235.0,299.0,403.0,653,808.0,1780.0,4510.0
01481500,04-17,242.0,289.0,368.0,552,765.0,2070.0,2710.0
01481500,04-18,230.0,283.0,385.0,570,745.0,1230.0,1540.0
01481500,04-19,213.0,280.0,386.0,562,717.0,1130.0,1470.0
01481500,04-20,210.0,269.0,401.0,532,785.0,1190.0,1510.0
01481500,04-21,213.0,264.0,401.0,551,736.0,1030.0,1110.0
01481500,04-22,212.0,299.0,427.0,531,706.0,929.0,1580.0
01481500,04-23,226.0,355.0,412.0,521,710.0,1060.0,1340.0
01481500,04-24,238.0,331.0,379.0,549,693.0,1040.0,1130.0
01481500,04-25,220.0,297.0,381.0,531,684.0,894.0,1280.0
01481500,04-26,202.0,288.0,391.0,536,727.0,938.0,1430.0
01481500,04-27,205.0,313.0,395.0,490,718.0,1480.0,1650.0
01481500,04-28,246.0,319.0,385.0,505,728.0,978.0,1540.0
01481500,04-29,243.0,328.0,378.0,501,686.0,1210.0,1360.0
01481500,04-30,254.0,320.0,389.0,474,642.0,950.0,1180.0
01481500,05-01,254.0,328.0,370.0,468,621.0,1150.0,2750.0
01481500,05-02,316.0,321.0,369.0,463,709.0,947.0,1320.0
01481500,05-03,307.0,324.0,365.0,517,689.0,958.0,1310.0
01481500,05-04,287.0,299.0,358.0,506,660.0,952.0,1420.0
01481500,05-05,276.0,293.0,349.0,522,652.0,1000.0,1310.0
01481500,05-06,259.0,288.0,340.0,529,715.0,1140.0,1410.0
01481500,05-07,243.0,276.0,341.0,482,709.0,1100.0,2070.0
01481500,05-08,221.0,275.0,336.0,463,776.0,1070.0,1630.0
01481500,05-09,210.0,270.0,327.0,462,743.0,1020.0,1570.0
01481500,05-10,225.0,282.0,325.0,481,660.0,1120.0,1250.0
01481500,05-11,234.0,284.0,350.0,489,689.0,1140.0,1360.0
01481500,05-12,242.0,287.0,358.0,475,695.0,1000.0,1520.0
01481500,05-13,265.0,290.0,347.0,464,706.0,1160.0,1700.0
01481500,05-14,258.0,278.0,349.0,458,735.0,919.0,1470.0
01481500,05-15,254.0,277.0,360.0,467,623.0,783.0,930.0
01481500,05-16,251.0,275.0,330.0,445,711.0,1420.0,1960.0
01481500,05-17,259.0,283.0,345.0,444,686.0,1500.0,2120.0
01481500,05-18,273.0,279.0,327.0,438,670.0,925.0,1310.0
01481500,05-19,263.0,288.0,337.0,434,689.0,804.0,1370.0
01481500,05-20,258.0,272.0,309.0,408,623.0,805.0,1180.0
01481500,05-21,237.0,266.0,320.0,426,643.0,854.0,1030.0
01481500,05-22,230.0,249.0,304.0,432,647.0,823.0,926.0
01481500,05-23,219.0,251.0,291.0,422,629.0,863.0,1050.0
01481500,05-24,212.0,231.0,297.0,423,581.0,1130.0,1760.0
01481500,05-25,210.0,227.0,308.0,407,532.0,831.0,1060.0
01481500,05-26,204.0,214.0,301.0,397,583.0,1090.0,1260.0
01481500,05-27,200.0,218.0,296.0,402,573.0,846.0,1150.0
01481500,05-28,202.0,236.0,281.0,406,548.0,762.0,831.0
01481500,05-29,209.0,221.0,290.0,390,577.0,1070.0,1620.0
01481500,05-30,193.0,205.0,300.0,405,529.0,777.0,2360.0
01481500,05-31,180.0,207.0,299.0,364,488.0,768.0,1030.0
01481500,06-01,186.0,203.0,278.0,377,509.0,833.0,1170.0
01481500,06-02,177.0,238.0,276.0,408,657.0,965.0,1280.0
01481500,06-03,169.0,254.0,314.0,419,510.0,735.0,1570.0
01481500,06-04,173.0,232.0,300.0,368,580.0,831.0,1550.0
01481500,06-05,167.0,217.0,277.0,365,545.0,823.0,1140.0
01481500,06-06,169.0,203.0,292.0,384,594.0,1010.0,1040.0
01481500,06-07,171.0,211.0,277.0,374,581.0,952.0,1150.0
01481500,06-08,167.0,199.0,278.0,344,472.0,795.0,1360.0
01481500,06-09,163.0,180.0,268.0,366,524.0,748.0,1040.0
01481500,06-10,159.0,178.0,259.0,349,537.0,887.0,1590.0
01481500,06-11,161.0,200.0,241.0,327,569.0,972.0,1780.0
01481500,06-12,163.0,202.0,245.0,345,562.0,928.0,1170.0
01481500,06-13,158.0,189.0,251.0,359,616.0,1130.0,1500.0
01481500,06-14,192.0,211.0,241.0,317,535.0,1120.0,1410.0
01481500,06-15,189.0,197.0,262.0,337,579.0,754.0,925.0
01481500,06-16,184.0,200.0,246.0,317,516.0,636.0,818.0
01481500,06-17,177.0,201.0,244.0,355,513.0,681.0,929.0
01481500,06-18,175.0,188.0,243.0,309,519.0,976.0,1440.0
01481500,06-19,158.0,183.0,218.0,299,569.0,1180.0,1670.0
01481500,06-20,157.0,177.0,217.0,328,532.0,814.0,2490.0
01481500,06-21,157.0,170.0,220.0,338,480.0,731.0,1820.0
01481500,06-22,147.0,166.0,208.0,326,464.0,867.0,1090.0
01481500,06-23,141.0,168.0,241.0,326,477.0,846.0,950.0
01481500,06-24,154.0,181.0,233.0,334,491.0,671.0,1050.0
01481500,06-25,152.0,178.0,226.0,312,441.0,630.0,1380.0
01481500,06-26,140.0,178.0,218.0,315,380.0,691.0,1010.0
01481500,06-27,133.0,170.0,219.0,300,457.0,661.0,2280.0
01481500,06-28,141.0,165.0,220.0,318,405.0,949.0,2580.0
01481500,06-29,142.0,147.0,203.0,313,518.0,996.0,1710.0
01481500,06-30,131.0,156.0,188.0,296,487.0,711.0,1060.0
01481500,07-01,132.0,147.0,198.0,278,403.0,684.0,1360.0
01481500,07-02,147.0,171.0,209.0,279,426.0,583.0,1110.0
01481500,07-03,140.0,155.0,194.0,286,399.0,712.0,1070.0
01481500,07-04,139.0,148.0,192.0,264,421.0,624.0,698.0
01481500,07-05,134.0,144.0,193.0,266,424.0,763.0,925.0
01481500,07-06,123.0,137.0,191.0,260,393.0,672.0,1070.0
01481500,07-07,117.0,140.0,179.0,269,376.0,643.0,968.0
01481500,07-08,110.0,136.0,195.0,273,451.0,598.0,1200.0
01481500,07-09,103.0,136.0,177.0,267,443.0,658.0,838.0
01481500,07-10,110.0,133.0,190.0,265,406.0,782.0,1130.0
01481500,07-11,105.0,127.0,179.0,258,379.0,882.0,1470.0
01481500,07-12,105.0,122.0,165.0,270,419.0,780.0,1460.0
01481500,07-13,101.0,124.0,164.0,268,450.0,1340.0,2590.0
01481500,07-14,103.0,132.0,182.0,273,389.0,964.0,1360.0
01481500,07-15,96.0,116.0,202.0,276,496.0,734.0,836.0
01481500,07-16,93.0,130.0,200.0,281,384.0,654.0,1100.0
01481500,07-17,88.0,132.0,196.0,267,370.0,657.0,1250.0
01481500,07-18,89.0,136.0,185.0,281,367.0,767.0,986.0
01481500,07-19,86.0,131.0,189.0,245,336.0,731.0,903.0
01481500,07-20,103.0,125.0,180.0,241,336.0,590.0,1030.0
01481500,07-21,112.0,136.0,179.0,231,331.0,1310.0,1910.0
01481500,07-22,107.0,142.0,168.0,240,360.0,921.0,1510.0
01481500,07-23,104.0,140.0,182.0,231,407.0,852.0,1810.0
01481500,07-24,98.0,136.0,172.0,245,381.0,797.0,1560.0
01481500,07-25,106.0,130.0,157.0,228,416.0,610.0,1140.0
01481500,07-26,108.0,132.0,183.0,229,391.0,607.0,902.0
01481500,07-27,100.0,141.0,185.0,229,372.0,693.0,868.0
01481500,07-28,97.0,134.0,180.0,236,423.0,1050.0,1380.0
01481500,07-29,102.0,131.0,163.0,206,429.0,587.0,714.0
01481500,07-30,98.0,128.0,157.0,197,374.0,516.0,713.0
01481500,07-31,86.0,116.0,166.0,235,345.0,609.0,685.0
01481500,08-01,79.0,118.0,161.0,254,330.0,753.0,1130.0
01481500,08-02,78.0,114.0,163.0,217,336.0,556.0,781.0
01481500,08-03,76.0,115.0,161.0,207,326.0,520.0,572.0
01481500,08-04,99.0,126.0,151.0,195,399.0,540.0,1380.0
01481500,08-05,104.0,121.0,156.0,191,359.0,511.0,898.0
01481500,08-06,95.0,123.0,156.0,202,336.0,530.0,706.0
01481500,08-07,89.0,125.0,149.0,209,346.0,505.0,867.0
01481500,08-08,92.0,120.0,145.0,201,389.0,561.0,1140.0
01481500,08-09,88.0,113.0,144.0,211,391.0,657.0,858.0
01481500,08-10,85.0,121.0,150.0,223,399.0,806.0,1440.0
01481500,08-11,81.0,126.0,172.0,241,383.0,535.0,830.0
01481500,08-12,79.0,126.0,157.0,241,400.0,565.0,738.0
01481500,08-13,88.0,120.0,160.0,214,494.0,1540.0,3200.0
01481500,08-14,92.0,120.0,153.0,210,445.0,716.0,1580.0
01481500,08-15,105.0,129.0,153.0,204,363.0,567.0,661.0
01481500,08-16,95.0,122.0,152.0,184,301.0,482.0,537.0
01481500,08-17,95.0,120.0,141.0,198,380.0,469.0,528.0
01481500,08-18,82.0,120.0,144.0,230,394.0,482.0,649.0
01481500,08-19,77.0,116.0,146.0,195,370.0,426.0,1660.0
01481500,08-20,87.0,117.0,148.0,190,321.0,471.0,894.0
01481500,08-21,87.0,115.0,150.0,205,362.0,627.0,733.0
01481500,08-22,83.0,113.0,142.0,205,377.0,574.0,1250.0
01481500,08-23,76.0,116.0,134.0,190,366.0,555.0,693.0
01481500,08-24,72.0,112.0,129.0,184,330.0,421.0,483.0
01481500,08-25,89.0,114.0,129.0,181,310.0,364.0,408.0
01481500,08-26,87.0,112.0,125.0,172,300.0,358.0,395.0
01481500,08-27,82.0,107.0,125.0,195,295.0,426.0,730.0
01481500,08-28,88.0,109.0,131.0,184,300.0,493.0,2070.0
01481500,08-29,104.0,118.0,146.0,197,301.0,443.0,985.0
01481500,08-30,99.0,113.0,138.0,185,329.0,733.0,917.0
01481500,08-31,91.0,109.0,122.0,175,290.0,485.0,618.0
01481500,09-01,93.0,103.0,122.0,166,319.0,608.0,1140.0
01481500,09-02,91.0,101.0,119.0,168,307.0,597.0,920.0
01481500,09-03,93.0,101.0,111.0,166,309.0,498.0,1050.0
01481500,09-04,83.0,100.0,117.0,196,303.0,551.0,798.0
01481500,09-05,86.0,101.0,116.0,176,295.0,465.0,762.0
01481500,09-06,82.0,101.0,122.0,185,303.0,495.0,1800.0
01481500,09-07,73.0,99.0,113.0,213,307.0,589.0,1840.0
01481500,09-08,78.0,99.0,118.0,201,274.0,391.0,1080.0
01481500,09-09,84.0,96.0,128.0,186,265.0,518.0,2130.0
01481500,09-10,78.0,94.0,133.0,176,287.0,487.0,1040.0
01481500,09-11,79.0,96.0,141.0,190,315.0,431.0,1080.0
01481500,09-12,76.0,95.0,125.0,169,271.0,391.0,1050.0
01481500,09-13,75.0,95.0,120.0,179,317.0,558.0,721.0
01481500,09-14,78.0,97.0,122.0,187,291.0,453.0,806.0
01481500,09-15,80.0,98.0,125.0,171,283.0,709.0,1150.0
01481500,09-16,71.0,93.0,125.0,174,295.0,559.0,2210.0
01481500,09-17,82.0,95.0,131.0,176,289.0,621.0,1560.0
01481500,09-18,85.0,98.0,144.0,197,321.0,895.0,1610.0
01481500,09-19,90.0,99.0,125.0,183,369.0,754.0,1580.0
01481500,09-20,93.0,99.0,125.0,171,325.0,654.0,859.0
01481500,09-21,90.0,99.0,127.0,173,295.0,685.0,863.0
01481500,09-22,92.0,100.0,130.0,174,322.0,704.0,1130.0
01481500,09-23,101.0,104.0,132.0,179,317.0,862.0,2090.0
01481500,09-24,96.0,108.0,128.0,158,271.0,970.0,2310.0
01481500,09-25,95.0,106.0,126.0,158,462.0,898.0,1350.0
01481500,09-26,100.0,111.0,131.0,203,441.0,840.0,1340.0
01481500,09-27,110.0,116.0,153.0,211,459.0,918.0,1310.0
01481500,09-28,106.0,114.0,147.0,229,407.0,1150.0,3120.0
01481500,09-29,106.0,111.0,141.0,214,375.0,984.0,1480.0
01481500,09-30,98.0,106.0,135.0,193,397.0,1030.0,1650.0
01481500,10-01,94.0,106.0,135.0,208,338.0,694.0,1110.0
01481500,10-02,98.0,108.0,141.0,208,353.0,888.0,1120.0
01481500,10-03,97.0,111.0,137.0,211,400.0,768.0,1060.0
01481500,10-04,98.0,115.0,136.0,190,382.0,655.0,802.0
01481500,10-05,105.0,113.0,135.0,184,410.0,737.0,888.0
01481500,10-06,108.0,114.0,129.0,176,381.0,604.0,826.0
01481500,10-07,105.0,109.0,124.0,176,345.0,499.0,627.0
01481500,10-08,101.0,107.0,129.0,193,287.0,521.0,805.0
01481500,10-09,99.0,106.0,135.0,189,343.0,665.0,1350.0
01481500,10-10,103.0,109.0,134.0,205,377.0,775.0,1220.0
01481500,10-11,100.0,110.0,134.0,197,380.0,762.0,1310.0
01481500,10-12,100.0,115.0,141.0,201,378.0,630.0,1230.0
01481500,10-13,110.0,115.0,139.0,193,388.0,566.0,698.0
01481500,10-14,111.0,121.0,151.0,186,360.0,632.0,768.0
01481500,10-15,116.0,122.0,149.0,183,417.0,664.0,908.0
01481500,10-16,119.0,124.0,138.0,208,378.0,681.0,783.0
01481500,10-17,116.0,123.0,133.0,209,419.0,673.0,758.0
01481500,10-18,118.0,121.0,135.0,207,428.0,585.0,725.0
01481500,10-19,118.0,124.0,153.0,197,339.0,710.0,1830.0
01481500,10-20,119.0,122.0,144.0,204,433.0,724.0,1420.0
01481500,10-21,114.0,121.0,147.0,211,415.0,658.0,1640.0
01481500,10-22,112.0,118.0,137.0,202,400.0,615.0,1140.0
01481500,10-23,111.0,117.0,134.0,218,381.0,549.0,693.0
01481500,10-24,108.0,118.0,150.0,218,367.0,717.0,989.0
01481500,10-25,118.0,123.0,172.0,213,369.0,658.0,799.0
01481500,10-26,123.0,146.0,172.0,219,435.0,659.0,856.0
01481500,10-27,124.0,132.0,171.0,230,438.0,765.0,1540.0
01481500,10-28,117.0,141.0,168.0,234,424.0,1050.0,2420.0
01481500,10-29,115.0,132.0,163.0,254,509.0,933.0,1790.0
01481500,10-30,116.0,129.0,156.0,239,466.0,1150.0,1670.0
01481500,10-31,116.0,129.0,155.0,217,524.0,684.0,965.0
01481500,11-01,116.0,126.0,157.0,223,430.0,685.0,857.0
01481500,11-02,118.0,126.0,163.0,215,403.0,556.0,706.0
01481500,11-03,119.0,127.0,160.0,206,401.0,707.0,1360.0
01481500,11-04,117.0,131.0,160.0,201,394.0,557.0,862.0
01481500,11-05,124.0,131.0,167.0,242,389.0,757.0,1100.0
01481500,11-06,121.0,138.0,177.0,276,390.0,613.0,905.0
01481500,11-07,120.0,133.0,174.0,267,346.0,520.0,1200.0
01481500,11-08,119.0,134.0,164.0,247,345.0,593.0,1280.0
01481500,11-09,120.0,138.0,167.0,222,377.0,785.0,1160.0
01481500,11-10,121.0,143.0,174.0,244,412.0,699.0,932.0
01481500,11-11,135.0,147.0,170.0,239,459.0,821.0,927.0
01481500,11-12,125.0,145.0,177.0,246,509.0,844.0,1150.0
01481500,11-13,127.0,139.0,184.0,249,482.0,818.0,1630.0
01481500,11-14,120.0,135.0,185.0,242,418.0,719.0,861.0
01481500,11-15,119.0,133.0,191.0,256,420.0,652.0,895.0
01481500,11-16,120.0,133.0,194.0,239,496.0,745.0,1380.0
01481500,11-17,120.0,136.0,181.0,249,540.0,895.0,1570.0
01481500,11-18,121.0,147.0,182.0,256,477.0,645.0,919.0
01481500,11-19,124.0,143.0,205.0,292,399.0,612.0,780.0
01481500,11-20,127.0,144.0,195.0,242,427.0,582.0,1080.0
01481500,11-21,124.0,152.0,196.0,240,448.0,845.0,1250.0
01481500,11-22,138.0,154.0,204.0,254,521.0,704.0,834.0
01481500,11-23,133.0,150.0,195.0,246,499.0,803.0,1070.0
01481500,11-24,137.0,156.0,194.0,294,459.0,706.0,920.0
01481500,11-25,142.0,149.0,198.0,280,445.0,762.0,1150.0
01481500,11-26,143.0,164.0,203.0,293,475.0,1070.0,2060.0
01481500,11-27,144.0,151.0,193.0,305,590.0,1580.0,2040.0
01481500,11-28,137.0,156.0,212.0,340,512.0,943.0,2440.0
01481500,11-29,135.0,178.0,240.0,322,494.0,1460.0,1710.0
01481500,11-30,134.0,169.0,235.0,334,611.0,1360.0,1960.0
01481500,12-01,149.0,158.0,222.0,341,597.0,1360.0,1700.0
01481500,12-02,149.0,165.0,237.0,359,579.0,952.0,1340.0
01481500,12-03,147.0,160.0,237.0,351,533.0,1100.0,1690.0
01481500,12-04,143.0,153.0,221.0,361,548.0,1000.0,1180.0
01481500,12-05,140.0,167.0,239.0,334,568.0,957.0,1290.0
01481500,12-06,141.0,168.0,226.0,350,575.0,897.0,1800.0
01481500,12-07,136.0,160.0,228.0,350,658.0,1000.0,1290.0
01481500,12-08,140.0,164.0,237.0,326,581.0,1040.0,2390.0
01481500,12-09,150.0,169.0,228.0,341,532.0,1230.0,2030.0
01481500,12-10,159.0,168.0,226.0,344,593.0,1080.0,1800.0
01481500,12-11,154.0,172.0,253.0,387,620.0,1220.0,2680.0
01481500,12-12,141.0,165.0,260.0,384,664.0,1520.0,2400.0
01481500,12-13,137.0,161.0,253.0,361,568.0,1050.0,1780.0
01481500,12-14,146.0,160.0,243.0,374,642.0,1210.0,2610.0
01481500,12-15,144.0,171.0,248.0,373,738.0,1130.0,1850.0
01481500,12-16,154.0,164.0,274.0,399,745.0,1760.0,2570.0
01481500,12-17,154.0,188.0,261.0,401,781.0,1660.0,2130.0
01481500,12-18,150.0,194.0,270.0,384,673.0,1660.0,2810.0
01481500,12-19,147.0,195.0,238.0,365,629.0,1130.0,2110.0
01481500,12-20,149.0,171.0,231.0,357,536.0,923.0,1490.0
01481500,12-21,141.0,163.0,237.0,389,651.0,1170.0,3540.0
01481500,12-22,137.0,157.0,252.0,371,663.0,1100.0,2030.0
01481500,12-23,141.0,187.0,256.0,372,593.0,1300.0,1980.0
01481500,12-24,171.0,209.0,273.0,409,796.0,1290.0,1410.0
01481500,12-25,162.0,204.0,276.0,412,724.0,1310.0,2420.0
01481500,12-26,142.0,207.0,271.0,401,817.0,1120.0,1490.0
01481500,12-27,147.0,188.0,255.0,357,634.0,1020.0,2160.0
01481500,12-28,145.0,170.0,262.0,373,663.0,1020.0,2370.0
01481500,12-29,154.0,185.0,271.0,387,652.0,1060.0,1540.0
01481500,12-30,158.0,184.0,259.0,407,655.0,889.0,1130.0
01481500,12-31,144.0,175.0,246.0,373,715.0,831.0,976.0
