SiteCode,MonthDay,p05,p10,p25,p50,p75,p90,p95
01554000,01-01,5660.0,7500,12900,23900,46900,69600,108000.0
01554000,01-02,5630.0,7500,13000,27400,48600,67800,101000.0
01554000,01-03,5790.0,7600,13100,24000,44500,71600,101000.0
01554000,01-04,5920.0,8400,13500,23200,42200,72900,90300.0
01554000,01-05,5650.0,8590,12900,22600,40300,64400,81200.0
01554000,01-06,5410.0,8400,12100,22400,41400,71800,83700.0
01554000,01-07,5480.0,8500,11900,23500,41800,69400,83800.0
01554000,01-08,5540.0,8400,11700,23300,37400,71100,104000.0
01554000,01-09,6010.0,8000,11200,24100,35100,67000,94400.0
01554000,01-10,5850.0,8400,10800,23000,33300,59400,83300.0
01554000,01-11,6250.0,8100,11100,21000,30900,64800,81500.0
01554000,01-12,6250.0,8000,11300,20000,31900,60800,94600.0
01554000,01-13,6250.0,8100,11300,19000,34400,63900,88200.0
01554000,01-14,6200.0,8370,11300,19000,36800,64100,95100.0
01554000,01-15,6580.0,8200,11300,18800,35100,67000,79200.0
01554000,01-16,6700.0,8280,11500,18900,35500,60800,77000.0
01554000,01-17,6800.0,8200,11000,17500,36500,58200,68600.0
01554000,01-18,5850.0,7900,11000,18200,35900,52900,66300.0
01554000,01-19,5750.0,7200,11000,18000,34100,50000,77500.0
01554000,01-20,5350.0,6500,10700,17000,32300,50200,63000.0
01554000,01-21,5650.0,6300,10800,17000,31800,51300,78200.0
01554000,01-22,5850.0,7000,10000,17500,32600,70400,95200.0
01554000,01-23,5650.0,7600,10800,17800,31600,66100,82900.0
01554000,01-24,5750.0,7600,10700,17300,31900,67900,86000.0
01554000,01-25,5850.0,7400,10700,17000,35800,95000,115000.0
01554000,01-26,6100.0,7800,10500,17000,43900,79000,117000.0
01554000,01-27,5800.0,7200,11000,17400,48200,86300,129000.0
01554000,01-28,5650.0,7200,11000,20000,45100,96700,149000.0
01554000,01-29,5690.0,7250,10500,21000,43000,77600,119000.0
01554000,01-30,5200.0,7580,10500,19000,39800,80200,97300.0
01554000,01-31,5100.0,7900,10600,20200,39600,69400,75300.0
01554000,02-01,5100.0,8460,10700,20400,38200,59200,76600.0
01554000,02-02,5100.0,7600,11100,20500,36900,54100,68400.0
01554000,02-03,5950.0,7200,11500,19700,39000,61100,67900.0
01554000,02-04,6200.0,7600,11700,21400,37900,69100,88800.0
01554000,02-05,6150.0,8200,11700,20900,35900,74800,98900.0
01554000,02-06,6250.0,8400,12200,20200,33700,59000,87000.0
01554000,02-07,6800.0,8400,11700,20000,31100,61800,73400.0
01554000,02-08,6800.0,9600,11400,21000,30700,57000,69700.0
01554000,02-09,6400.0,9400,10800,21000,29800,55400,71400.0
01554000,02-10,7100.0,9400,10700,20600,29000,51500,70400.0
01554000,02-11,7200.0,8850,11000,19000,29600,57600,71900.0
01554000,02-12,7170.0,8600,10900,18900,30200,62200,84700.0
01554000,02-13,6580.0,8800,11000,19600,32400,60500,74600.0
01554000,02-14,6890.0,8760,11100,20600,35000,58100,83300.0
01554000,02-15,7650.0,8690,11500,20100,37000,66800,79300.0
01554000,02-16,7250.0,9010,12100,19500,37700,58200,71000.0
01554000,02-17,7250.0,9800,13400,20000,39100,62500,85500.0
01554000,02-18,7500.0,9860,14000,21100,41400,71600,94200.0
01554000,02-19,8250.0,10000,14800,21200,37600,72500,91900.0
01554000,02-20,8750.0,9800,14300,20900,39700,73000,114000.0
01554000,02-21,8480.0,9300,14600,22000,40600,70000,114000.0
01554000,02-22,8190.0,9100,14500,24100,46300,85900,110000.0
01554000,02-23,8500.0,9900,14000,24100,45000,90300,127000.0
01554000,02-24,8990.0,9400,14200,24500,51800,97000,108000.0
01554000,02-25,8600.0,10000,15000,25100,61900,99000,118000.0
01554000,02-26,9000.0,9620,15100,28300,57100,96900,133000.0
01554000,02-27,8600.0,10000,15900,27000,52100,95400,118000.0
01554000,02-28,8200.0,9780,17100,29900,56000,85800,131000.0
01554000,02-29,8460.0,8600,13600,29100,60600,77200,169000.0
01554000,03-01,7900.0,9600,17500,29600,61400,85500,116000.0
01554000,03-02,8000.0,9000,17300,30000,58900,96600,122000.0
01554000,03-03,8000.0,9400,16800,31300,53100,92100,126000.0
01554000,03-04,8800.0,12000,16400,32000,58400,80900,116000.0
01554000,03-05,8960.0,13000,17800,30200,59800,106000,133000.0
01554000,03-06,9100.0,12600,18000,30800,62400,120000,165000.0
01554000,03-07,8780.0,12500,20100,31100,62900,120000,171000.0
01554000,03-08,9950.0,13100,20500,31000,69700,111000,191000.0
01554000,03-09,11500.0,13500,20300,35100,67300,119000,165000.0
01554000,03-10,11500.0,13800,20500,35600,64700,110000,166000.0
01554000,03-11,11700.0,13700,22300,36000,56900,130000,159000.0
01554000,03-12,12500.0,15400,24000,38000,58500,114000,125000.0
01554000,03-13,12800.0,18500,26400,42500,64200,91600,111000.0
01554000,03-14,14600.0,18300,26000,40800,70100,90400,126000.0
01554000,03-15,13900.0,18800,29000,43200,66300,98000,131000.0
01554000,03-16,13700.0,19000,29400,48300,69300,92200,144000.0
01554000,03-17,14500.0,19100,29100,49700,70500,99000,125000.0
01554000,03-18,18200.0,20400,30300,45300,77800,119000,149000.0
01554000,03-19,18300.0,21400,30100,42600,70100,136000,153000.0
01554000,03-20,18600.0,21300,30200,40200,71800,113000,135000.0
01554000,03-21,18900.0,21600,29800,43800,71600,99500,132000.0
01554000,03-22,20100.0,23800,30700,48300,67600,110000,138000.0
01554000,03-23,19900.0,23400,31200,44500,80100,105000,171000.0
01554000,03-24,20000.0,21800,32200,44800,73300,126000,159000.0
01554000,03-25,20000.0,23600,32700,44900,69300,114000,150000.0
01554000,03-26,19000.0,24500,32200,47100,66500,109000,131000.0
01554000,03-27,18100.0,23600,36300,48600,67800,105000,137000.0
01554000,03-28,17800.0,22700,35600,50700,72000,110000,128000.0
01554000,03-29,19200.0,22000,36300,50500,68800,115000,177000.0
01554000,03-30,18600.0,23500,36300,48900,70500,104000,169000.0
01554000,03-31,18000.0,25200,36800,48800,78600,137000,199000.0
01554000,04-01,17800.0,24400,36600,46500,73700,138000,192000.0
01554000,04-02,17800.0,26500,35600,48800,84500,137000,213000.0
01554000,04-03,18800.0,26200,35900,54800,89600,140000,223000.0
01554000,04-04,18700.0,28600,38300,56900,86400,155000,220000.0
01554000,04-05,18600.0,26000,38100,55600,97800,152000,202000.0
01554000,04-06,18800.0,24100,37500,56000,105000,157000,202000.0
01554000,04-07,20300.0,25300,35100,55300,112000,174000,200000.0
01554000,04-08,21000.0,24800,34600,52300,92000,156000,185000.0
01554000,04-09,21100.0,24100,33100,51600,84500,136000,168000.0
01554000,04-10,22000.0,24700,33500,49500,81800,116000,142000.0
01554000,04-11,21300.0,26100,33500,46600,74600,124000,136000.0
01554000,04-12,20800.0,25200,32100,45800,72500,109000,129000.0
01554000,04-13,19800.0,24000,30500,48600,73000,101000,121000.0
01554000,04-14,21000.0,22900,29900,48000,72400,90800,120000.0
01554000,04-15,20400.0,22100,29100,49000,75000,94200,104000.0
01554000,04-16,19100.0,20900,31000,44400,72400,103000,131000.0
01554000,04-17,18100.0,20700,31200,44800,70700,126000,142000.0
01554000,04-18,17500.0,19200,30600,42200,67200,110000,163000.0
01554000,04-19,17600.0,19600,28100,43000,62600,95200,129000.0
01554000,04-20,16800.0,19500,26600,40200,60000,88200,102000.0
01554000,04-21,16000.0,19100,24800,40200,58900,85800,106000.0
01554000,04-22,15300.0,18000,25600,38800,54500,87500,113000.0
01554000,04-23,14700.0,18300,25500,36900,53100,86800,106000.0
01554000,04-24,16100.0,17900,24900,36900,50900,80800,107000.0
01554000,04-25,15700.0,18000,24700,35300,52500,85800,92900.0
01554000,04-26,16300.0,17700,24300,35600,51600,80200,102000.0
01554000,04-27,15900.0,18600,24300,36400,50100,68700,114000.0
01554000,04-28,15300.0,17800,25800,34900,49900,59600,94900.0
01554000,04-29,15500.0,16800,24900,35800,49400,59200,85000.0
01554000,04-30,15100.0,17200,24600,35200,48500,63100,84200.0
01554000,05-01,14700.0,16100,23600,33900,45800,83500,103000.0
01554000,05-02,14400.0,16900,22800,31900,44800,67600,126000.0
01554000,05-03,14800.0,17600,22000,30000,48000,60200,107000.0
01554000,05-04,14000.0,16600,22300,30400,45100,66100,89900.0
01554000,05-05,14300.0,16500,20700,30800,44400,63000,73300.0
01554000,05-06,14000.0,16400,19900,30800,44500,76900,86300.0
01554000,05-07,13000.0,15400,19600,29400,47400,77900,91700.0
01554000,05-08,12900.0,14900,18800,29700,46100,76100,104000.0
01554000,05-09,12600.0,13900,17700,26500,44100,62400,112000.0
01554000,05-10,12400.0,13700,18200,27700,46700,63300,91800.0
01554000,05-11,11800.0,14100,18400,26600,46200,71000,100000.0
01554000,05-12,12100.0,13500,20000,28400,43800,72400,101000.0
01554000,05-13,12000.0,13100,19200,29500,46700,75300,100000.0
01554000,05-14,11500.0,12800,18700,28600,49700,74900,124000.0
01554000,05-15,10800.0,12400,19600,26500,48800,77900,108000.0
01554000,05-16,10100.0,11700,18500,25500,52000,71700,98100.0
01554000,05-17,10100.0,11500,18500,29400,49600,73800,97600.0
01554000,05-18,9290.0,11600,17900,28200,43200,68100,85000.0
01554000,05-19,9150.0,11500,17400,31000,44200,60100,98900.0
01554000,05-20,8650.0,10800,16600,27900,44000,72200,95600.0
01554000,05-21,8870.0,11800,17300,28500,45600,61300,81500.0
01554000,05-22,8890.0,11200,16200,27900,47100,62200,83500.0
01554000,05-23,8570.0,12000,16400,26900,52200,68400,92900.0
01554000,05-24,8890.0,11700,15800,25100,47900,68200,95900.0
01554000,05-25,9530.0,11100,15200,25400,43800,66000,82500.0
01554000,05-26,9220.0,10600,15300,24600,43100,60900,87200.0
01554000,05-27,8760.0,9960,14200,23000,39700,67200,81700.0
01554000,05-28,8630.0,9820,13100,21500,37700,55300,82000.0
01554000,05-29,8270.0,9990,13100,21100,35300,56300,70500.0
01554000,05-30,7990.0,9740,13000,21800,32000,57000,64400.0
01554000,05-31,7510.0,9050,12400,23100,31300,48100,73500.0
01554000,06-01,7090.0,8990,11600,20600,30000,53000,85600.0
01554000,06-02,6910.0,8660,11400,19800,29600,46400,86200.0
01554000,06-03,6650.0,8210,11700,18600,30200,49100,70100.0
01554000,06-04,6700.0,7740,11900,16900,31900,49200,59200.0
01554000,06-05,6610.0,8280,12400,16500,31100,49500,62000.0
01554000,06-06,6500.0,7720,11800,16600,28800,43200,59100.0
01554000,06-07,6370.0,8290,11300,15100,29800,43100,54700.0
01554000,06-08,5880.0,8300,10700,14800,28000,39900,52700.0
01554000,06-09,5360.0,8030,10700,15000,25800,40500,55100.0
01554000,06-10,5160.0,7890,9950,14800,23700,35400,50400.0
01554000,06-11,5280.0,7790,10000,15900,22300,31700,42800.0
01554000,06-12,5410.0,7230,9680,16700,22100,30800,38200.0
01554000,06-13,6290.0,7300,9800,16300,21300,33200,38000.0
01554000,06-14,6050.0,7230,9330,15400,21800,34700,45300.0
01554000,06-15,6200.0,6990,9500,14800,23100,40100,44700.0
01554000,06-16,5960.0,6720,9570,14200,22400,46300,52400.0
01554000,06-17,5610.0,6630,8980,13700,26600,40100,52600.0
01554000,06-18,5380.0,6370,9470,14000,25300,36900,42000.0
01554000,06-19,5280.0,6110,9160,13000,24800,35400,56800.0
01554000,06-20,5110.0,5840,8460,13400,24000,37600,52700.0
01554000,06-21,4940.0,5400,8120,12600,23500,39000,53400.0
01554000,06-22,4720.0,5550,7760,12300,21000,43900,95900.0
01554000,06-23,4680.0,5580,7660,12000,19300,34300,87000.0
01554000,06-24,4520.0,5250,7310,11700,20600,33800,62500.0
01554000,06-25,4700.0,5130,7060,11200,19200,35100,53500.0
01554000,06-26,4420.0,5120,7010,10100,18200,36500,43400.0
01554000,06-27,4140.0,5130,6970,11300,18200,31600,38400.0
01554000,06-28,3880.0,4950,6810,11000,19100,29400,31800.0
01554000,06-29,3740.0,4630,6570,10300,20100,28300,46500.0
01554000,06-30,3510.0,4460,6310,10200,20300,36200,61500.0
01554000,07-01,3240.0,4490,6130,10100,18900,34700,56200.0
01554000,07-02,3320.0,4420,6060,9520,16300,39000,60700.0
01554000,07-03,3330.0,4460,6280,10400,15600,35000,63000.0
01554000,07-04,3310.0,4160,6090,10700,17500,30100,53300.0
01554000,07-05,3370.0,4110,5780,9910,17800,26700,42200.0
01554000,07-06,3390.0,4030,6000,9320,17300,23600,37200.0
01554000,07-07,3310.0,3960,5770,9120,16700,21100,39800.0
01554000,07-08,3280.0,3820,5660,9090,15500,23000,33400.0
01554000,07-09,3270.0,3690,5410,8310,14000,25800,33900.0
01554000,07-10,3300.0,3790,5340,8510,13300,24700,36700.0
01554000,07-11,3220.0,3860,5650,8580,12800,22900,36600.0
01554000,07-12,3030.0,3780,5300,8370,13100,20200,31400.0
01554000,07-13,3180.0,3670,5570,8250,13000,22300,32200.0
01554000,07-14,3180.0,3630,5510,7750,13100,24400,29000.0
01554000,07-15,3050.0,3500,5290,7610,13500,24000,30500.0
01554000,07-16,2840.0,3480,5070,7880,13500,25200,32300.0
01554000,07-17,2740.0,3390,4590,7500,13500,25700,38800.0
01554000,07-18,2870.0,3340,4380,7470,12400,23900,35600.0
01554000,07-19,2800.0,3200,4290,7320,12000,21700,31800.0
01554000,07-20,2730.0,3130,4280,7350,12300,23800,31500.0
01554000,07-21,2550.0,3050,4380,7020,13000,25000,27800.0
01554000,07-22,2510.0,2910,4690,7520,13400,25500,28100.0
01554000,07-23,2390.0,2900,4440,7710,15100,23900,26400.0
01554000,07-24,2350.0,2990,4450,8080,15500,25800,37600.0
01554000,07-25,2500.0,2850,4570,7870,14500,26400,34500.0
01554000,07-26,2420.0,2770,4400,7700,14800,21500,30500.0
01554000,07-27,2340.0,2720,4510,7640,14200,20700,26700.0
01554000,07-28,2470.0,2850,4560,7700,13600,19300,30900.0
01554000,07-29,2510.0,2880,4310,7220,12600,21800,28000.0
01554000,07-30,2520.0,2940,4270,7590,11900,21600,30700.0
01554000,07-31,2390.0,2910,4110,7570,11900,20600,25700.0
01554000,08-01,2210.0,2830,4640,7840,12800,19800,29600.0
01554000,08-02,2370.0,2910,4290,7520,11800,20800,41400.0
01554000,08-03,2310.0,2920,4190,7160,11600,17700,45700.0
01554000,08-04,2350.0,3030,4030,6730,11000,18800,37100.0
01554000,08-05,2310.0,2920,3990,6940,11700,20200,29000.0
01554000,08-06,2230.0,2860,3940,6840,11600,17100,25900.0
01554000,08-07,2200.0,2800,4040,6960,11500,19000,25200.0
01554000,08-08,2130.0,2740,3860,6540,12200,19700,25100.0
01554000,08-09,2380.0,2700,3790,6410,11500,22300,31800.0
01554000,08-10,2560.0,2840,3680,6620,11100,21300,30100.0
01554000,08-11,2490.0,2710,3660,6320,10600,20000,29000.0
01554000,08-12,2400.0,2660,3890,5840,10300,18700,29100.0
01554000,08-13,2280.0,2780,3720,5940,11000,19200,34900.0
01554000,08-14,2680.0,2840,3620,5950,11000,18100,39800.0
01554000,08-15,2700.0,2830,3950,6020,10200,18800,40400.0
01554000,08-16,2580.0,2800,3710,5790,10600,19000,38100.0
01554000,08-17,2430.0,2690,3890,5880,10000,18400,34300.0
01554000,08-18,2350.0,2750,3680,6270,9620,17200,30700.0
01554000,08-19,2320.0,2710,3550,5680,9570,21500,47000.0
01554000,08-20,2330.0,2690,3620,5890,10800,20600,53400.0
01554000,08-21,2300.0,2580,3570,5770,11000,23900,37300.0
01554000,08-22,2400.0,2690,3540,5280,10600,22300,30000.0
01554000,08-23,2370.0,2600,3510,5160,10400,19500,29900.0
01554000,08-24,2380.0,2570,3450,5200,9450,18500,29300.0
01554000,08-25,2310.0,2410,3350,5140,8570,16400,28700.0
01554000,08-26,2220.0,2390,3300,5340,8300,13800,25500.0
01554000,08-27,2180.0,2390,3520,5100,8770,13600,23800.0
01554000,08-28,2120.0,2350,3460,5120,8590,14400,20100.0
01554000,08-29,2060.0,2470,3310,5160,8610,16600,20700.0
01554000,08-30,2020.0,2460,3490,5020,8640,18200,29900.0
01554000,08-31,1990.0,2500,3420,5260,8430,17900,32900.0
01554000,09-01,1980.0,2450,3590,5250,9330,21100,28500.0
01554000,09-02,1900.0,2240,3590,5460,10200,20900,29500.0
01554000,09-03,1890.0,2320,3550,5210,10900,21100,33800.0
01554000,09-04,1890.0,2360,3460,5030,9970,18500,37700.0
01554000,09-05,1900.0,2540,3490,4970,10400,18600,37000.0
01554000,09-06,2000.0,2490,3340,4990,9660,16700,30600.0
01554000,09-07,2090.0,2670,3380,5190,8630,22400,32700.0
01554000,09-08,1980.0,2550,3490,5450,8230,14700,30500.0
01554000,09-09,1930.0,2590,3290,4730,8520,16600,25500.0
01554000,09-10,2050.0,2500,3080,5060,8330,21300,26300.0
01554000,09-11,2190.0,2500,3120,4990,8650,16600,27500.0
01554000,09-12,2060.0,2440,3070,4690,8350,18100,23900.0
01554000,09-13,2110.0,2460,3010,4880,8950,17000,42800.0
01554000,09-14,2200.0,2440,2960,4810,8510,19400,48600.0
01554000,09-15,2120.0,2470,2910,4820,8690,21100,39800.0
01554000,09-16,2210.0,2400,3140,4670,7870,22400,32000.0
01554000,09-17,2200.0,2480,2890,4970,9810,24700,29300.0
01554000,09-18,2160.0,2480,2900,4990,10000,19800,34800.0
01554000,09-19,2190.0,2420,2960,5250,9780,22600,37900.0
01554000,09-20,2170.0,2380,2930,5300,10300,22000,45200.0
01554000,09-21,2110.0,2310,3000,5060,10900,23500,48700.0
01554000,09-22,2050.0,2310,3060,4830,11700,22600,45000.0
01554000,09-23,2050.0,2300,2930,4810,11200,26500,42200.0
01554000,09-24,2000.0,2230,3140,4910,11500,27400,64800.0
01554000,09-25,1940.0,2260,3340,4980,12400,28000,58400.0
01554000,09-26,1940.0,2260,3310,5040,12700,29700,61100.0
01554000,09-27,1900.0,2220,3160,5300,12600,28000,51300.0
01554000,09-28,1860.0,2290,3000,5660,12600,33500,69300.0
01554000,09-29,1930.0,2310,3210,6020,12900,33800,74000.0
01554000,09-30,2060.0,2520,3270,6290,13900,32700,64400.0
01554000,10-01,2200.0,2510,3680,6290,14200,28000,52900.0
01554000,10-02,2090.0,2650,3570,6320,15100,24500,52600.0
01554000,10-03,2050.0,2620,3770,6200,13200,24100,54500.0
01554000,10-04,2060.0,2640,3720,6240,13000,28300,56600.0
01554000,10-05,2030.0,2690,3670,6000,13100,28100,51200.0
01554000,10-06,2200.0,2630,3670,5230,12300,29400,49300.0
01554000,10-07,2210.0,2540,3610,5290,12400,29000,47800.0
01554000,10-08,2240.0,2700,3630,6260,12900,25500,44800.0
01554000,10-09,2280.0,2700,3720,7100,12700,23500,39500.0
01554000,10-10,2280.0,2730,3810,6820,15000,27900,40400.0
01554000,10-11,2320.0,2820,3790,6590,14100,29400,43300.0
01554000,10-12,2310.0,2900,3780,6840,14100,26800,47500.0
01554000,10-13,2320.0,3000,3820,6570,12800,27800,46600.0
01554000,10-14,2310.0,2950,3730,6680,12800,31400,37600.0
01554000,10-15,2370.0,2870,3540,6400,12500,25100,50200.0
01554000,10-16,2560.0,2780,3410,6410,12700,27700,48400.0
01554000,10-17,2430.0,2700,3940,6320,14700,26800,47600.0
01554000,10-18,2360.0,2720,3990,6260,14800,33100,45400.0
01554000,10-19,2260.0,2680,4270,6710,16200,33300,54500.0
01554000,10-20,2260.0,2680,4280,7000,17200,32000,74500.0
01554000,10-21,2240.0,2580,4310,7500,18600,47400,66300.0
01554000,10-22,2350.0,2780,4290,8000,17500,53900,88300.0
01554000,10-23,2330.0,2800,4350,7600,16900,50900,88300.0
01554000,10-24,2340.0,2560,4320,8000,17000,47700,72900.0
01554000,10-25,2340.0,2780,4320,7980,20300,46900,57300.0
01554000,10-26,2270.0,3120,4370,8340,19600,42600,55100.0
01554000,10-27,2240.0,2950,4430,8490,23200,45400,53200.0
01554000,10-28,2270.0,2990,4510,8850,23100,41000,62700.0
01554000,10-29,2320.0,3100,4510,9120,25200,58400,69000.0
01554000,10-30,2370.0,3100,5330,10400,26900,55700,90600.0
01554000,10-31,2390.0,3000,5690,10300,26600,64900,85000.0
01554000,11-01,2650.0,3030,5970,12500,24900,63800,73600.0
01554000,11-02,2630.0,3200,5670,12300,23000,51500,67600.0
01554000,11-03,2350.0,3270,6090,11700,25800,49900,57100.0
01554000,11-04,2570.0,3150,6270,13400,26600,44900,63900.0
01554000,11-05,2760.0,3520,6360,12600,27300,41100,55200.0
01554000,11-06,2930.0,3480,6600,12700,25600,39800,52200.0
01554000,11-07,2880.0,3490,6780,14600,23300,40300,54900.0
01554000,11-08,3100.0,3480,8060,14300,23400,37200,46600.0
01554000,11-09,3100.0,3530,7920,15400,24800,37500,68300.0
01554000,11-10,3050.0,4050,7990,15400,26700,42800,86000.0
01554000,11-11,3150.0,4550,8030,15300,25200,47800,81700.0
01554000,11-12,3310.0,4540,7920,15100,25400,41200,68800.0
01554000,11-13,3420.0,4400,8250,15900,29200,47900,68100.0
01554000,11-14,3530.0,4540,7860,15100,26100,56800,74700.0
01554000,11-15,3730.0,5490,8830,15600,26300,59400,69200.0
01554000,11-16,3880.0,5380,8740,15100,26900,53800,58500.0
01554000,11-17,4010.0,5060,8710,16700,29500,49200,79900.0
01554000,11-18,4040.0,5490,8370,16400,36000,52000,72100.0
01554000,11-19,4010.0,5700,8620,16500,33500,52500,74400.0
01554000,11-20,3920.0,5700,9390,16200,30000,54900,70400.0
01554000,11-21,3910.0,5830,9120,16600,31000,47000,66600.0
01554000,11-22,3880.0,5690,10200,18800,32300,46600,67800.0
01554000,11-23,3890.0,5790,9770,19800,33300,44400,60500.0
01554000,11-24,4000.0,6190,9930,19800,32200,46800,61000.0
01554000,11-25,4320.0,6630,10700,20200,31000,46000,62400.0
01554000,11-26,4610.0,6680,10600,19600,29700,50600,66300.0
01554000,11-27,4620.0,7360,13100,20300,28400,46700,77600.0
01554000,11-28,4800.0,7700,12700,20900,33900,54100,97900.0
01554000,11-29,5140.0,8850,13400,21300,37900,76200,119000.0
01554000,11-30,6270.0,9480,13400,21700,40600,84600,100000.0
01554000,12-01,6100.0,10300,13900,21600,40200,63100,96400.0
01554000,12-02,5810.0,10100,13000,21700,39300,68800,98400.0
01554000,12-03,5710.0,9850,13300,20900,35500,64200,99500.0
01554000,12-04,5810.0,8860,13400,21300,34800,69300,86900.0
01554000,12-05,5970.0,8240,14000,20600,36900,66700,94600.0
01554000,12-06,6270.0,8420,13100,21500,39400,65900,81400.0
01554000,12-07,7130.0,8660,13400,23200,41200,65200,83500.0
01554000,12-08,7380.0,8980,13300,24300,39200,57500,72900.0
01554000,12-09,7590.0,8500,12800,22900,39900,58800,73200.0
01554000,12-10,7300.0,8340,13000,23500,34800,57200,85500.0
01554000,12-11,6830.0,7990,14700,22600,38200,57500,91600.0
01554000,12-12,6050.0,7900,14700,24100,43900,74300,91200.0
01554000,12-13,5270.0,8140,14100,24300,43400,71200,86900.0
01554000,12-14,5830.0,8420,13300,25100,44900,69700,115000.0
01554000,12-15,7150.0,8300,14000,23300,43500,63000,84900.0
01554000,12-16,6100.0,7710,13500,24100,40500,60000,87300.0
01554000,12-17,5880.0,7680,13600,24700,40500,53500,79100.0
01554000,12-18,6170.0,7950,13000,24900,41000,58300,78300.0
01554000,12-19,6550.0,7960,12800,26000,38800,54200,81800.0
01554000,12-20,6700.0,7480,13700,24600,36400,56900,75000.0
01554000,12-21,6200.0,8000,13300,23900,37600,58200,81400.0
01554000,12-22,5370.0,7800,13600,23400,37100,65700,96600.0
01554000,12-23,5350.0,7000,13100,24200,35600,67700,94600.0
01554000,12-24,6000.0,8600,13300,23400,35500,77600,87600.0
01554000,12-25,6100.0,9600,13600,23700,40100,85000,99100.0
01554000,12-26,6650.0,9600,14300,21800,42000,75400,95100.0
01554000,12-27,7500.0,8720,13200,22000,44800,76700,80400.0
01554000,12-28,7830.0,8700,13100,22700,41600,60700,76700.0
01554000,12-29,7750.0,8400,13000,22900,41700,57300,69200.0
01554000,12-30,7650.0,8200,12800,24800,44300,60500,81800.0
01554000,12-31,6620.0,7600,13000,24900,43400,68300,103000.0
01555000,01-01,69.0,87,161,330,620,887,1260.0
01555000,01-02,69.0,98,185,349,633,1000,1380.0
01555000,01-03,76.0,109,195,350,636,1100,1310.0
01555000,01-04,98.0,112,185,390,605,1100,1390.0
01555000,01-05,82.0,109,199,390,579,1020,1250.0
01555000,01-06,86.0,114,190,372,556,925,1300.0
01555000,01-07,85.0,122,190,363,557,892,1280.0
01555000,01-08,87.0,129,180,359,564,1020,1280.0
01555000,01-09,99.0,120,190,340,555,1080,1250.0
01555000,01-10,97.0,128,203,330,568,1020,1550.0
01555000,01-11,90.0,117,200,333,528,899,1430.0
01555000,01-12,82.0,118,200,335,539,864,1340.0
01555000,01-13,89.0,128,199,330,586,942,1270.0
01555000,01-14,94.0,129,189,340,587,887,1140.0
01555000,01-15,99.0,128,177,347,582,837,1040.0
01555000,01-16,104.0,124,170,346,604,859,1150.0
01555000,01-17,99.0,128,170,330,555,768,1180.0
01555000,01-18,90.0,122,168,300,537,856,1020.0
01555000,01-19,83.0,114,165,320,517,909,1090.0
01555000,01-20,80.0,118,165,320,519,903,1370.0
01555000,01-21,85.0,109,164,336,507,956,1160.0
01555000,01-22,87.0,105,168,329,523,851,1740.0
01555000,01-23,85.0,104,165,330,548,924,1470.0
01555000,01-24,85.0,109,200,330,571,1180,1950.0
01555000,01-25,80.0,105,196,320,587,1570,2170.0
01555000,01-26,77.0,105,184,310,587,1280,2050.0
01555000,01-27,78.0,100,187,313,589,1180,2030.0
01555000,01-28,83.0,106,198,310,649,1270,1810.0
01555000,01-29,79.0,106,186,300,659,1180,1620.0
01555000,01-30,89.0,111,201,322,640,1090,1370.0
01555000,01-31,81.0,117,205,334,619,1060,1500.0
01555000,02-01,82.0,109,206,310,570,929,1160.0
01555000,02-02,84.0,114,222,350,600,932,1170.0
01555000,02-03,81.0,121,228,338,595,1000,1620.0
01555000,02-04,83.0,113,217,350,585,1230,1680.0
01555000,02-05,74.0,109,215,350,611,1010,1650.0
01555000,02-06,77.0,117,200,349,531,899,1260.0
01555000,02-07,83.0,119,207,350,645,1020,1230.0
01555000,02-08,83.0,120,207,350,590,934,1140.0
01555000,02-09,82.0,120,200,332,563,760,903.0
01555000,02-10,83.0,108,190,340,570,781,901.0
01555000,02-11,90.0,122,196,350,550,759,890.0
01555000,02-12,99.0,126,218,360,597,761,873.0
01555000,02-13,96.0,128,201,360,579,802,1000.0
01555000,02-14,115.0,158,228,350,552,785,1290.0
01555000,02-15,129.0,140,221,350,589,885,1470.0
01555000,02-16,120.0,160,230,350,568,948,1290.0
01555000,02-17,149.0,168,250,345,548,885,1490.0
01555000,02-18,149.0,187,265,358,569,984,2060.0
01555000,02-19,150.0,170,260,340,621,1160,1720.0
01555000,02-20,149.0,176,260,341,664,1120,1690.0
01555000,02-21,150.0,178,250,360,656,1450,1920.0
01555000,02-22,150.0,180,250,350,687,1500,1820.0
01555000,02-23,162.0,184,249,389,744,1360,1940.0
01555000,02-24,163.0,184,258,415,824,1450,1970.0
01555000,02-25,166.0,180,273,400,875,1300,2710.0
01555000,02-26,156.0,188,259,439,830,1620,2600.0
01555000,02-27,149.0,196,260,427,808,1480,2230.0
01555000,02-28,148.0,196,260,422,790,1630,1970.0
01555000,02-29,114.0,206,323,483,905,1560,1710.0
01555000,03-01,142.0,200,281,470,820,1540,1900.0
01555000,03-02,145.0,184,288,470,941,1430,1980.0
01555000,03-03,150.0,196,284,478,880,1370,1890.0
01555000,03-04,167.0,236,320,555,889,1550,2020.0
01555000,03-05,179.0,233,344,555,868,1600,2580.0
01555000,03-06,195.0,232,353,575,951,1810,2530.0
01555000,03-07,208.0,232,361,532,969,1510,2420.0
01555000,03-08,212.0,238,344,536,985,1720,2230.0
01555000,03-09,220.0,243,383,555,924,1820,2370.0
01555000,03-10,220.0,255,364,548,862,1840,2360.0
01555000,03-11,220.0,246,403,560,956,1600,2840.0
01555000,03-12,218.0,248,411,583,1070,1510,2300.0
01555000,03-13,215.0,278,411,630,1100,1670,2470.0
01555000,03-14,224.0,306,402,680,1050,1680,2110.0
01555000,03-15,224.0,294,415,669,1080,1720,2450.0
01555000,03-16,236.0,280,410,675,1140,1610,2210.0
01555000,03-17,245.0,309,425,691,1250,1750,2140.0
01555000,03-18,251.0,300,428,671,1080,1760,2080.0
01555000,03-19,252.0,304,436,650,1070,1620,1760.0
01555000,03-20,254.0,316,474,706,1160,1550,2150.0
01555000,03-21,260.0,323,467,823,1120,1600,2220.0
01555000,03-22,262.0,317,468,785,1170,2060,2580.0
01555000,03-23,246.0,347,468,732,1330,2130,2320.0
01555000,03-24,246.0,359,498,793,1260,1830,2410.0
01555000,03-25,248.0,357,492,792,1240,1610,2030.0
01555000,03-26,237.0,339,538,813,1140,1430,1960.0
01555000,03-27,298.0,340,534,757,1080,1860,2500.0
01555000,03-28,311.0,361,554,796,1040,1550,2530.0
01555000,03-29,318.0,353,521,763,1140,1630,3160.0
01555000,03-30,313.0,337,531,750,1140,1650,3390.0
01555000,03-31,304.0,344,526,702,1150,1820,3060.0
01555000,04-01,298.0,349,559,722,1110,1960,3280.0
01555000,04-02,301.0,340,528,820,1200,2460,3220.0
01555000,04-03,296.0,372,541,761,1190,2390,3380.0
01555000,04-04,292.0,356,523,770,1290,2300,3430.0
01555000,04-05,305.0,360,521,756,1300,2210,2820.0
01555000,04-06,305.0,385,523,816,1180,2160,2560.0
01555000,04-07,296.0,410,526,808,1220,1810,2360.0
01555000,04-08,297.0,379,495,742,1240,1600,2090.0
01555000,04-09,287.0,357,523,734,1130,1630,2020.0
01555000,04-10,289.0,354,508,772,1080,1640,2040.0
01555000,04-11,283.0,331,510,756,1080,1510,1950.0
01555000,04-12,282.0,325,494,760,1110,1670,2070.0
01555000,04-13,300.0,338,481,710,1080,1560,2090.0
01555000,04-14,288.0,338,466,691,1020,1620,2140.0
01555000,04-15,281.0,321,449,693,1080,1650,1860.0
01555000,04-16,285.0,316,490,728,1130,1540,2580.0
01555000,04-17,278.0,304,471,697,1030,1730,2620.0
01555000,04-18,274.0,302,450,674,993,1450,2020.0
01555000,04-19,263.0,297,436,690,924,1360,1750.0
01555000,04-20,257.0,292,414,658,931,1280,2020.0
01555000,04-21,248.0,287,426,616,884,1320,1910.0
01555000,04-22,250.0,291,411,615,814,1330,1670.0
01555000,04-23,251.0,296,404,603,785,1330,1570.0
01555000,04-24,262.0,286,394,598,776,1200,1420.0
01555000,04-25,254.0,294,406,553,794,1130,1450.0
01555000,04-26,248.0,269,406,553,784,1080,1270.0
01555000,04-27,242.0,262,391,545,818,1090,1620.0
01555000,04-28,237.0,269,370,525,794,1040,1450.0
01555000,04-29,230.0,269,364,503,758,1130,1440.0
01555000,04-30,230.0,260,359,508,745,1110,1840.0
01555000,05-01,231.0,268,362,480,687,1150,1740.0
01555000,05-02,244.0,287,367,509,692,1130,1530.0
01555000,05-03,236.0,280,362,493,703,1070,1470.0
01555000,05-04,225.0,270,356,470,707,1030,1350.0
01555000,05-05,220.0,259,344,470,698,1160,1650.0
01555000,05-06,215.0,252,331,461,672,1260,2080.0
01555000,05-07,209.0,241,327,470,789,1480,2140.0
01555000,05-08,220.0,253,335,450,748,1380,2000.0
01555000,05-09,218.0,265,343,441,763,1270,2010.0
01555000,05-10,207.0,256,337,444,787,1210,1680.0
01555000,05-11,214.0,243,325,453,802,1220,1760.0
01555000,05-12,220.0,251,323,458,820,1250,1540.0
01555000,05-13,213.0,242,322,440,853,1250,1480.0
01555000,05-14,217.0,249,305,449,817,1250,2070.0
01555000,05-15,221.0,239,322,483,781,1240,2040.0
01555000,05-16,220.0,232,310,460,796,1390,1780.0
01555000,05-17,206.0,226,298,476,806,1280,1610.0
01555000,05-18,199.0,224,295,521,788,1300,2100.0
01555000,05-19,198.0,224,298,479,738,1270,2220.0
01555000,05-20,211.0,230,303,466,788,1100,1690.0
01555000,05-21,210.0,225,287,451,761,1120,2000.0
01555000,05-22,197.0,225,278,416,741,1250,1790.0
01555000,05-23,189.0,238,286,433,694,1400,2300.0
01555000,05-24,187.0,225,297,422,681,1370,2480.0
01555000,05-25,186.0,220,280,388,677,1230,2130.0
01555000,05-26,177.0,221,276,389,677,1500,1870.0
01555000,05-27,166.0,209,266,382,691,1340,1660.0
01555000,05-28,162.0,202,254,357,605,1170,1380.0
01555000,05-29,162.0,190,267,373,673,1040,1430.0
01555000,05-30,159.0,182,243,346,607,930,1720.0
01555000,05-31,155.0,188,236,324,656,965,1310.0
01555000,06-01,151.0,181,237,318,611,897,1180.0
01555000,06-02,141.0,175,230,344,584,800,1060.0
01555000,06-03,142.0,175,230,349,568,758,1060.0
01555000,06-04,144.0,172,233,340,611,793,1170.0
01555000,06-05,139.0,164,235,354,547,711,1040.0
01555000,06-06,143.0,160,224,348,510,852,981.0
01555000,06-07,142.0,157,212,320,474,749,1170.0
01555000,06-08,143.0,158,208,293,459,660,1060.0
01555000,06-09,132.0,158,208,309,453,693,1160.0
01555000,06-10,137.0,153,217,312,457,685,1010.0
01555000,06-11,131.0,144,202,290,455,825,971.0
01555000,06-12,130.0,147,196,273,412,751,838.0
01555000,06-13,125.0,145,199,281,437,724,1040.0
01555000,06-14,131.0,149,197,274,446,660,991.0
01555000,06-15,126.0,149,192,269,402,715,946.0
01555000,06-16,121.0,143,194,251,366,589,927.0
01555000,06-17,118.0,142,193,253,385,549,853.0
01555000,06-18,123.0,135,183,252,370,630,809.0
01555000,06-19,118.0,132,173,272,380,644,870.0
01555000,06-20,112.0,129,168,255,432,669,1530.0
01555000,06-21,107.0,119,165,246,393,1100,1520.0
01555000,06-22,104.0,116,163,238,383,849,1200.0
01555000,06-23,105.0,118,158,236,366,737,913.0
01555000,06-24,104.0,112,151,234,351,627,830.0
01555000,06-25,106.0,112,143,224,322,580,763.0
01555000,06-26,97.0,109,141,220,350,545,782.0
01555000,06-27,94.0,107,140,213,336,489,754.0
01555000,06-28,93.0,105,137,201,348,546,851.0
01555000,06-29,92.0,103,132,198,347,568,994.0
01555000,06-30,95.0,103,128,192,332,496,636.0
01555000,07-01,93.0,105,129,179,311,543,799.0
01555000,07-02,91.0,104,138,188,294,491,686.0
01555000,07-03,88.0,93,138,191,305,439,668.0
01555000,07-04,82.0,94,132,181,291,457,519.0
01555000,07-05,88.0,97,127,183,274,397,537.0
01555000,07-06,87.0,99,127,176,255,348,586.0
01555000,07-07,85.0,101,123,176,249,329,590.0
01555000,07-08,82.0,95,123,179,237,414,555.0
01555000,07-09,81.0,90,130,175,236,381,566.0
01555000,07-10,80.0,90,123,166,260,423,560.0
01555000,07-11,80.0,91,120,155,263,407,604.0
01555000,07-12,73.0,84,114,154,228,374,516.0
01555000,07-13,73.0,88,114,160,212,384,491.0
01555000,07-14,69.0,85,113,159,230,423,475.0
01555000,07-15,69.0,83,113,159,237,376,483.0
01555000,07-16,69.0,79,108,162,251,357,454.0
01555000,07-17,62.0,76,107,150,237,349,574.0
01555000,07-18,67.0,80,103,153,228,328,399.0
01555000,07-19,66.0,75,102,147,215,301,421.0
01555000,07-20,62.0,72,103,145,226,289,452.0
01555000,07-21,56.0,73,95,144,212,408,575.0
01555000,07-22,61.0,73,93,140,210,446,475.0
01555000,07-23,61.0,68,96,145,225,351,467.0
01555000,07-24,58.0,69,88,154,238,364,453.0
01555000,07-25,57.0,71,89,145,222,298,435.0
01555000,07-26,57.0,71,94,136,202,288,468.0
01555000,07-27,61.0,70,88,124,201,321,430.0
01555000,07-28,61.0,74,86,125,202,331,469.0
01555000,07-29,62.0,72,89,126,216,302,458.0
01555000,07-30,60.0,69,95,139,214,350,503.0
01555000,07-31,61.0,68,92,138,204,295,428.0
01555000,08-01,56.0,62,88,130,215,321,457.0
01555000,08-02,55.0,62,86,124,189,302,418.0
01555000,08-03,54.0,64,83,117,196,308,628.0
01555000,08-04,55.0,62,81,122,198,320,763.0
01555000,08-05,53.0,61,85,117,193,324,548.0
01555000,08-06,53.0,65,82,117,191,331,549.0
01555000,08-07,52.0,63,79,121,185,441,782.0
01555000,08-08,52.0,60,79,117,176,367,555.0
01555000,08-09,52.0,59,80,114,187,319,499.0
01555000,08-10,50.0,58,80,117,200,373,531.0
01555000,08-11,53.0,58,84,120,189,357,623.0
01555000,08-12,53.0,60,83,112,173,332,632.0
01555000,08-13,53.0,58,82,109,165,442,1110.0
01555000,08-14,53.0,56,82,115,181,415,764.0
01555000,08-15,52.0,59,78,117,167,341,612.0
01555000,08-16,55.0,60,77,106,153,303,498.0
01555000,08-17,51.0,61,74,104,157,283,609.0
01555000,08-18,46.0,59,77,110,172,398,807.0
01555000,08-19,50.0,59,73,107,166,422,915.0
01555000,08-20,48.0,62,80,110,187,428,635.0
01555000,08-21,49.0,58,75,107,181,424,611.0
01555000,08-22,49.0,63,74,102,183,340,560.0
01555000,08-23,52.0,58,75,102,164,394,599.0
01555000,08-24,51.0,58,75,100,163,332,511.0
01555000,08-25,45.0,54,71,99,152,329,460.0
01555000,08-26,48.0,53,68,96,151,306,436.0
01555000,08-27,44.0,52,66,95,152,367,429.0
01555000,08-28,48.0,54,67,99,145,364,480.0
01555000,08-29,43.0,55,69,102,148,354,413.0
01555000,08-30,44.0,54,68,98,159,335,613.0
01555000,08-31,43.0,53,70,98,159,365,477.0
01555000,09-01,44.0,53,66,99,175,338,569.0
01555000,09-02,45.0,54,66,98,156,366,679.0
01555000,09-03,45.0,52,67,96,147,356,662.0
01555000,09-04,43.0,51,67,101,149,374,583.0
01555000,09-05,47.0,52,68,94,158,306,491.0
01555000,09-06,44.0,52,70,93,150,330,535.0
01555000,09-07,45.0,51,66,97,143,402,990.0
01555000,09-08,41.0,51,64,89,135,364,666.0
01555000,09-09,46.0,51,64,88,124,354,602.0
01555000,09-10,42.0,48,63,89,147,362,791.0
01555000,09-11,39.0,50,63,88,148,441,781.0
01555000,09-12,40.0,48,63,92,147,374,532.0
01555000,09-13,38.0,46,65,91,148,314,800.0
01555000,09-14,41.0,49,63,89,168,320,701.0
01555000,09-15,42.0,53,63,93,143,332,650.0
01555000,09-16,43.0,53,60,87,142,408,836.0
01555000,09-17,42.0,48,59,84,143,396,811.0
01555000,09-18,40.0,46,59,82,150,482,1530.0
01555000,09-19,35.0,47,60,85,154,386,1650.0
01555000,09-20,40.0,50,58,84,160,378,1200.0
01555000,09-21,37.0,49,59,83,155,388,962.0
01555000,09-22,37.0,48,62,89,152,333,1040.0
01555000,09-23,39.0,46,62,89,146,354,904.0
01555000,09-24,39.0,45,60,91,155,325,755.0
01555000,09-25,39.0,43,60,87,158,438,1060.0
01555000,09-26,40.0,43,57,84,164,438,923.0
01555000,09-27,39.0,45,59,93,187,482,1120.0
01555000,09-28,42.0,46,62,96,229,476,1150.0
01555000,09-29,44.0,48,61,91,205,690,1130.0
01555000,09-30,46.0,49,64,93,179,743,1030.0
01555000,10-01,44.0,50,65,101,180,616,933.0
01555000,10-02,45.0,49,64,99,197,591,925.0
01555000,10-03,46.0,49,63,96,182,592,889.0
01555000,10-04,46.0,52,66,98,184,511,790.0
01555000,10-05,45.0,48,67,92,196,467,744.0
01555000,10-06,45.0,52,65,93,205,415,629.0
01555000,10-07,47.0,55,65,95,172,391,577.0
01555000,10-08,47.0,54,69,98,194,425,542.0
01555000,10-09,48.0,51,67,101,165,357,702.0
01555000,10-10,47.0,50,64,93,160,401,645.0
01555000,10-11,46.0,50,62,89,176,403,589.0
01555000,10-12,45.0,49,62,89,189,365,810.0
01555000,10-13,43.0,47,60,87,177,368,916.0
01555000,10-14,43.0,48,61,89,191,373,809.0
01555000,10-15,42.0,48,60,91,189,416,827.0
01555000,10-16,46.0,51,61,95,203,581,1250.0
01555000,10-17,44.0,50,62,89,217,501,897.0
01555000,10-18,44.0,50,64,93,253,545,1200.0
01555000,10-19,43.0,50,64,90,235,607,1040.0
01555000,10-20,42.0,48,62,90,251,572,1540.0
01555000,10-21,45.0,49,65,88,243,610,1780.0
01555000,10-22,45.0,50,67,94,249,685,1210.0
01555000,10-23,46.0,50,67,100,243,623,1350.0
01555000,10-24,45.0,49,68,104,243,590,1310.0
01555000,10-25,45.0,50,70,112,249,581,1080.0
01555000,10-26,43.0,48,68,107,305,559,1070.0
01555000,10-27,44.0,52,69,110,320,781,1120.0
01555000,10-28,43.0,51,65,102,338,866,1080.0
01555000,10-29,47.0,54,66,128,345,840,1070.0
01555000,10-30,48.0,51,67,135,361,832,1160.0
01555000,10-31,48.0,53,67,140,349,756,966.0
01555000,11-01,45.0,53,72,137,355,711,940.0
01555000,11-02,45.0,52,73,135,370,687,813.0
01555000,11-03,47.0,51,73,145,354,655,807.0
01555000,11-04,46.0,52,75,159,361,616,761.0
01555000,11-05,43.0,51,78,191,348,676,939.0
01555000,11-06,44.0,51,77,172,354,629,931.0
01555000,11-07,43.0,54,78,190,355,594,1090.0
01555000,11-08,46.0,54,80,193,373,636,994.0
01555000,11-09,46.0,55,83,190,371,614,1210.0
01555000,11-10,48.0,58,88,173,337,736,1670.0
01555000,11-11,48.0,55,91,191,339,676,1180.0
01555000,11-12,47.0,54,92,197,424,911,1200.0
01555000,11-13,47.0,54,92,211,426,992,1890.0
01555000,11-14,50.0,57,101,199,398,757,1270.0
01555000,11-15,46.0,61,96,204,402,709,1080.0
01555000,11-16,46.0,61,92,215,450,760,1170.0
01555000,11-17,48.0,61,92,217,436,1000,1230.0
01555000,11-18,47.0,57,96,209,419,932,1250.0
01555000,11-19,50.0,56,101,211,426,907,1200.0
01555000,11-20,51.0,59,108,230,451,902,1250.0
01555000,11-21,52.0,59,99,232,486,959,1200.0
01555000,11-22,50.0,58,96,244,487,809,1130.0
01555000,11-23,52.0,63,114,246,474,782,1080.0
01555000,11-24,50.0,62,127,246,444,683,959.0
01555000,11-25,50.0,63,125,266,483,705,1150.0
01555000,11-26,53.0,69,136,260,493,721,1080.0
01555000,11-27,56.0,66,127,260,497,844,1590.0
01555000,11-28,57.0,76,134,277,471,1300,1770.0
01555000,11-29,60.0,77,142,283,503,1390,1710.0
01555000,11-30,53.0,79,141,287,534,1170,1550.0
01555000,12-01,62.0,81,141,288,561,1180,1940.0
01555000,12-02,64.0,76,140,284,523,1250,1770.0
01555000,12-03,62.0,69,151,269,567,1050,1700.0
01555000,12-04,54.0,73,157,270,558,1050,1950.0
01555000,12-05,52.0,70,157,270,533,1170,1540.0
01555000,12-06,53.0,69,165,295,559,1140,1390.0
01555000,12-07,55.0,67,154,300,638,1110,1410.0
01555000,12-08,50.0,66,160,281,564,983,1250.0
01555000,12-09,49.0,69,165,295,550,908,1450.0
01555000,12-10,50.0,63,159,298,556,1020,1550.0
01555000,12-11,53.0,62,158,340,597,1170,1710.0
01555000,12-12,55.0,82,155,338,653,972,1430.0
01555000,12-13,57.0,80,155,321,610,992,1390.0
01555000,12-14,56.0,88,163,315,594,979,1190.0
01555000,12-15,56.0,82,168,340,620,1000,1380.0
01555000,12-16,50.0,84,170,340,587,990,1540.0
01555000,12-17,51.0,79,175,328,617,895,1350.0
01555000,12-18,57.0,72,175,369,624,999,1310.0
01555000,12-19,56.0,88,192,350,562,889,1190.0
01555000,12-20,56.0,90,178,336,568,886,1060.0
01555000,12-21,62.0,90,173,330,551,996,1790.0
01555000,12-22,63.0,92,165,310,567,955,1440.0
01555000,12-23,67.0,93,178,330,549,1030,1450.0
01555000,12-24,64.0,91,180,340,624,1240,1660.0
01555000,12-25,66.0,84,175,333,612,1290,1730.0
01555000,12-26,67.0,94,170,332,587,1190,1480.0
01555000,12-27,63.0,90,170,319,575,1130,1420.0
01555000,12-28,71.0,87,174,320,574,1070,1410.0
01555000,12-29,68.0,95,155,358,596,997,1230.0
01555000,12-30,69.0,90,155,370,605,991,1130.0
01555000,12-31,70.0,77,160,350,643,905,1410.0
01568000,01-01,31.0,53,116,213,416,643,989.0
01568000,01-02,28.0,54,125,238,397,732,944.0
01568000,01-03,42.0,69,122,270,412,694,805.0
01568000,01-04,45.0,77,128,250,419,659,936.0
01568000,01-05,46.0,74,117,247,400,622,852.0
01568000,01-06,50.0,80,121,240,398,612,779.0
01568000,01-07,51.0,75,120,245,430,559,743.0
01568000,01-08,42.0,72,120,230,362,586,1050.0
01568000,01-09,50.0,74,117,220,368,626,1040.0
01568000,01-10,53.0,78,112,210,363,671,1300.0
01568000,01-11,58.0,75,113,216,366,620,1170.0
01568000,01-12,62.0,72,114,210,351,730,852.0
01568000,01-13,56.0,75,113,205,344,612,852.0
01568000,01-14,63.0,77,120,197,325,614,723.0
01568000,01-15,64.0,79,120,203,395,580,826.0
01568000,01-16,55.0,76,120,200,379,605,911.0
01568000,01-17,54.0,76,113,185,317,593,838.0
01568000,01-18,54.0,76,100,181,324,608,930.0
01568000,01-19,47.0,69,110,189,317,603,781.0
01568000,01-20,49.0,64,102,183,339,577,815.0
01568000,01-21,50.0,62,107,183,338,710,967.0
01568000,01-22,47.0,64,113,176,327,553,1330.0
01568000,01-23,45.0,79,113,193,369,657,814.0
01568000,01-24,47.0,80,125,190,350,823,1530.0
01568000,01-25,45.0,79,120,180,433,1080,1540.0
01568000,01-26,50.0,72,127,204,493,856,1330.0
01568000,01-27,55.0,71,123,190,489,881,1500.0
01568000,01-28,56.0,70,116,180,421,1020,1240.0
01568000,01-29,57.0,66,115,190,392,796,980.0
01568000,01-30,57.0,74,119,201,410,725,904.0
01568000,01-31,50.0,77,120,208,435,694,988.0
01568000,02-01,52.0,85,116,220,453,641,770.0
01568000,02-02,60.0,84,121,233,402,593,798.0
01568000,02-03,62.0,75,120,230,391,705,1500.0
01568000,02-04,65.0,76,120,228,391,874,1730.0
01568000,02-05,62.0,84,126,211,407,834,1220.0
01568000,02-06,65.0,76,121,200,358,704,787.0
01568000,02-07,62.0,72,123,220,457,733,804.0
01568000,02-08,58.0,70,110,220,410,637,871.0
01568000,02-09,56.0,75,113,212,382,528,710.0
01568000,02-10,56.0,75,133,210,368,573,741.0
01568000,02-11,71.0,80,132,220,363,598,765.0
01568000,02-12,69.0,82,133,223,333,602,902.0
01568000,02-13,67.0,79,140,227,344,640,898.0
01568000,02-14,62.0,84,142,233,360,598,1470.0
01568000,02-15,65.0,88,147,240,396,664,1110.0
01568000,02-16,64.0,99,152,250,372,722,1150.0
01568000,02-17,63.0,100,160,239,390,775,1080.0
01568000,02-18,64.0,100,150,248,470,734,906.0
01568000,02-19,64.0,114,157,224,438,819,985.0
01568000,02-20,63.0,109,150,250,531,795,1280.0
01568000,02-21,69.0,114,146,263,529,934,1700.0
01568000,02-22,77.0,110,158,297,495,832,1580.0
01568000,02-23,80.0,106,162,280,587,904,1380.0
01568000,02-24,80.0,119,169,266,633,1100,1860.0
01568000,02-25,88.0,128,180,314,625,1640,2130.0
01568000,02-26,88.0,120,169,350,589,1130,1460.0
01568000,02-27,87.0,108,160,325,561,1110,1440.0
01568000,02-28,81.0,110,159,302,550,1210,1830.0
01568000,02-29,91.0,113,185,349,673,1170,1380.0
01568000,03-01,84.0,108,176,319,584,1240,1840.0
01568000,03-02,84.0,110,171,311,583,1080,1350.0
01568000,03-03,99.0,120,186,291,510,1030,1200.0
01568000,03-04,100.0,136,201,329,717,1050,1230.0
01568000,03-05,110.0,119,225,374,723,1150,2360.0
01568000,03-06,114.0,138,228,360,758,1440,2230.0
01568000,03-07,110.0,135,241,384,742,1080,1560.0
01568000,03-08,119.0,141,245,380,679,1070,1440.0
01568000,03-09,135.0,160,246,379,580,1210,1470.0
01568000,03-10,132.0,149,236,384,551,1240,1780.0
01568000,03-11,129.0,160,242,361,596,972,1850.0
01568000,03-12,129.0,160,249,368,630,1180,1680.0
01568000,03-13,115.0,164,265,371,660,1150,1720.0
01568000,03-14,107.0,180,273,390,722,1320,1520.0
01568000,03-15,107.0,164,264,402,783,1220,1690.0
01568000,03-16,110.0,160,260,428,706,1080,1520.0
01568000,03-17,128.0,170,250,449,700,1130,1390.0
01568000,03-18,144.0,175,266,421,653,990,1490.0
01568000,03-19,128.0,185,281,428,643,924,1510.0
01568000,03-20,145.0,172,303,450,625,1140,1810.0
01568000,03-21,143.0,170,295,458,699,1170,2190.0
01568000,03-22,136.0,157,282,463,765,2090,2620.0
01568000,03-23,125.0,173,272,440,741,1330,1560.0
01568000,03-24,127.0,187,298,429,844,1380,1970.0
01568000,03-25,127.0,174,296,446,781,1130,1950.0
01568000,03-26,138.0,175,314,419,675,885,1990.0
01568000,03-27,144.0,180,300,400,617,980,1760.0
01568000,03-28,137.0,176,291,418,598,872,1740.0
01568000,03-29,147.0,181,272,435,621,1200,1830.0
01568000,03-30,143.0,174,266,397,647,1090,2110.0
01568000,03-31,151.0,196,262,412,631,1310,1850.0
01568000,04-01,152.0,200,283,412,708,1370,1740.0
01568000,04-02,145.0,206,275,438,823,1410,2050.0
01568000,04-03,138.0,194,266,444,726,1300,2270.0
01568000,04-04,151.0,186,254,411,782,1720,1930.0
01568000,04-05,147.0,182,243,377,715,1480,2130.0
01568000,04-06,145.0,181,249,391,673,1200,2270.0
01568000,04-07,157.0,184,259,408,729,1180,1690.0
01568000,04-08,148.0,173,245,377,694,1150,1430.0
01568000,04-09,146.0,186,236,368,640,1120,1560.0
01568000,04-10,156.0,179,230,356,618,1120,1310.0
01568000,04-11,143.0,169,226,346,639,952,1280.0
01568000,04-12,160.0,174,232,377,675,1030,1240.0
01568000,04-13,158.0,177,231,395,657,1020,1750.0
01568000,04-14,155.0,173,220,370,656,948,1530.0
01568000,04-15,152.0,171,214,375,625,1190,1890.0
01568000,04-16,147.0,164,226,390,663,1450,2050.0
01568000,04-17,142.0,157,217,385,612,1220,2690.0
01568000,04-18,139.0,149,208,353,573,896,1390.0
01568000,04-19,133.0,145,211,333,522,963,1300.0
01568000,04-20,125.0,140,205,349,507,814,2850.0
01568000,04-21,122.0,137,200,337,468,1010,1640.0
01568000,04-22,127.0,140,203,332,594,916,1230.0
01568000,04-23,131.0,147,200,335,504,825,1040.0
01568000,04-24,127.0,152,226,316,517,718,925.0
01568000,04-25,129.0,148,227,298,479,640,956.0
01568000,04-26,128.0,147,222,300,454,835,1310.0
01568000,04-27,125.0,145,203,290,465,970,1440.0
01568000,04-28,127.0,139,192,278,536,894,1430.0
01568000,04-29,130.0,143,192,275,506,950,1410.0
01568000,04-30,129.0,143,193,266,455,883,1180.0
01568000,05-01,130.0,142,191,266,436,831,1160.0
01568000,05-02,129.0,146,184,281,428,701,896.0
01568000,05-03,125.0,138,180,272,570,807,976.0
01568000,05-04,127.0,134,174,285,552,819,1200.0
01568000,05-05,119.0,138,172,286,500,892,1360.0
01568000,05-06,116.0,134,176,283,538,1210,1430.0
01568000,05-07,111.0,128,171,277,498,946,1980.0
01568000,05-08,115.0,133,180,306,484,1030,1450.0
01568000,05-09,111.0,124,185,297,505,972,1280.0
01568000,05-10,105.0,125,180,289,483,892,1650.0
01568000,05-11,102.0,119,171,291,485,810,1330.0
01568000,05-12,101.0,114,179,289,504,1040,1800.0
01568000,05-13,95.0,113,175,278,517,1020,1810.0
01568000,05-14,95.0,117,165,284,509,886,1350.0
01568000,05-15,98.0,118,162,285,515,804,1130.0
01568000,05-16,95.0,119,151,292,494,883,1140.0
01568000,05-17,92.0,112,145,269,476,825,1090.0
01568000,05-18,92.0,110,143,263,550,928,1660.0
01568000,05-19,95.0,114,158,247,459,910,1430.0
01568000,05-20,96.0,121,153,242,401,741,1180.0
01568000,05-21,101.0,114,147,222,438,729,952.0
01568000,05-22,90.0,111,131,229,433,715,1030.0
01568000,05-23,88.0,102,133,219,386,661,1070.0
01568000,05-24,86.0,98,132,210,394,752,1220.0
01568000,05-25,88.0,97,134,196,364,704,903.0
01568000,05-26,84.0,96,127,193,349,656,1370.0
01568000,05-27,81.0,90,123,184,333,657,933.0
01568000,05-28,79.0,86,117,177,338,660,852.0
01568000,05-29,75.0,83,110,188,390,652,1130.0
01568000,05-30,73.0,78,114,182,372,589,1080.0
01568000,05-31,68.0,76,107,171,346,807,1070.0
01568000,06-01,67.0,70,97,165,336,616,1000.0
01568000,06-02,65.0,73,94,172,300,597,980.0
01568000,06-03,63.0,67,98,170,306,495,716.0
01568000,06-04,60.0,71,106,172,290,477,609.0
01568000,06-05,59.0,66,95,164,276,455,923.0
01568000,06-06,57.0,62,91,159,290,450,642.0
01568000,06-07,56.0,61,94,152,250,415,639.0
01568000,06-08,56.0,63,88,138,228,398,568.0
01568000,06-09,56.0,64,96,143,217,417,622.0
01568000,06-10,53.0,64,89,154,214,386,468.0
01568000,06-11,51.0,55,81,133,225,362,614.0
01568000,06-12,53.0,61,81,126,236,426,549.0
01568000,06-13,52.0,65,79,125,271,507,679.0
01568000,06-14,52.0,64,77,127,241,377,537.0
01568000,06-15,52.0,58,76,124,200,339,586.0
01568000,06-16,51.0,57,75,120,194,343,432.0
01568000,06-17,50.0,56,72,119,196,335,447.0
01568000,06-18,50.0,59,74,117,198,352,422.0
01568000,06-19,47.0,58,71,117,211,360,560.0
01568000,06-20,46.0,55,71,111,186,314,640.0
01568000,06-21,44.0,50,67,106,185,454,744.0
01568000,06-22,39.0,48,66,104,184,451,725.0
01568000,06-23,41.0,47,66,102,178,320,451.0
01568000,06-24,42.0,52,63,101,181,298,862.0
01568000,06-25,39.0,46,59,95,155,270,457.0
01568000,06-26,40.0,44,59,90,156,235,393.0
01568000,06-27,36.0,43,57,98,165,298,414.0
01568000,06-28,36.0,41,55,88,161,344,879.0
01568000,06-29,35.0,44,57,88,152,257,478.0
01568000,06-30,38.0,41,56,84,139,278,624.0
01568000,07-01,35.0,38,52,78,140,290,605.0
01568000,07-02,35.0,39,52,76,136,263,563.0
01568000,07-03,34.0,38,50,78,132,325,613.0
01568000,07-04,32.0,35,46,76,134,278,427.0
01568000,07-05,33.0,37,49,78,124,294,502.0
01568000,07-06,31.0,35,49,75,121,228,466.0
01568000,07-07,29.0,32,47,75,115,261,522.0
01568000,07-08,31.0,35,47,74,121,381,461.0
01568000,07-09,28.0,33,50,74,112,284,402.0
01568000,07-10,28.0,36,48,70,113,245,326.0
01568000,07-11,31.0,35,46,72,104,220,326.0
01568000,07-12,28.0,31,46,68,115,211,280.0
01568000,07-13,27.0,32,45,68,113,232,387.0
01568000,07-14,26.0,31,42,65,106,220,325.0
01568000,07-15,26.0,31,42,68,114,232,260.0
01568000,07-16,26.0,29,40,70,109,166,296.0
01568000,07-17,24.0,28,40,69,107,185,344.0
01568000,07-18,23.0,27,41,64,106,194,400.0
01568000,07-19,21.0,26,38,60,102,166,306.0
01568000,07-20,24.0,25,36,62,106,176,323.0
01568000,07-21,23.0,25,37,61,102,183,308.0
01568000,07-22,23.0,27,40,62,113,140,248.0
01568000,07-23,24.0,26,43,66,109,189,376.0
01568000,07-24,23.0,25,41,65,110,201,447.0
01568000,07-25,24.0,26,40,65,94,159,240.0
01568000,07-26,22.0,25,38,62,90,154,198.0
01568000,07-27,23.0,25,39,58,85,223,456.0
01568000,07-28,21.0,27,39,56,91,167,433.0
01568000,07-29,22.0,26,39,56,87,181,403.0
01568000,07-30,22.0,26,37,53,84,179,313.0
01568000,07-31,22.0,23,40,58,83,198,299.0
01568000,08-01,19.0,23,39,53,91,172,275.0
01568000,08-02,20.0,22,38,53,82,176,455.0
01568000,08-03,20.0,26,37,49,80,235,341.0
01568000,08-04,18.0,24,38,51,105,226,517.0
01568000,08-05,20.0,25,36,52,100,247,540.0
01568000,08-06,20.0,24,36,51,86,175,305.0
01568000,08-07,19.0,26,35,48,85,177,326.0
01568000,08-08,18.0,26,31,51,88,168,276.0
01568000,08-09,23.0,26,33,51,93,171,382.0
01568000,08-10,23.0,26,32,56,96,252,368.0
01568000,08-11,20.0,24,35,57,88,209,340.0
01568000,08-12,20.0,24,38,54,83,250,457.0
01568000,08-13,19.0,25,35,52,78,357,630.0
01568000,08-14,21.0,23,34,51,73,214,363.0
01568000,08-15,21.0,23,34,49,79,163,285.0
01568000,08-16,20.0,22,33,48,69,149,248.0
01568000,08-17,20.0,24,33,47,75,134,203.0
01568000,08-18,19.0,22,31,44,74,176,465.0
01568000,08-19,20.0,23,31,44,73,167,338.0
01568000,08-20,18.0,22,30,46,81,198,503.0
01568000,08-21,17.0,22,32,46,97,218,383.0
01568000,08-22,17.0,22,33,44,80,177,448.0
01568000,08-23,19.0,23,32,42,82,211,462.0
01568000,08-24,18.0,21,30,40,67,173,351.0
01568000,08-25,18.0,23,30,42,63,136,286.0
01568000,08-26,19.0,21,31,40,66,187,321.0
01568000,08-27,18.0,22,28,38,69,210,368.0
01568000,08-28,19.0,21,28,37,85,186,233.0
01568000,08-29,19.0,20,29,41,86,150,180.0
01568000,08-30,19.0,22,29,44,77,143,176.0
01568000,08-31,19.0,20,29,41,73,148,258.0
01568000,09-01,19.0,21,25,38,71,142,262.0
01568000,09-02,20.0,21,27,40,92,189,252.0
01568000,09-03,19.0,21,26,40,89,133,351.0
01568000,09-04,18.0,21,26,40,84,158,318.0
01568000,09-05,17.0,19,28,39,77,133,330.0
01568000,09-06,16.0,20,27,43,80,172,473.0
01568000,09-07,16.0,20,28,41,86,163,322.0
01568000,09-08,16.0,20,28,40,74,131,212.0
01568000,09-09,17.0,19,27,40,69,131,412.0
01568000,09-10,17.0,19,26,47,76,142,369.0
01568000,09-11,16.0,18,25,45,72,123,440.0
01568000,09-12,17.0,18,25,40,64,198,385.0
01568000,09-13,17.0,19,28,41,69,143,343.0
01568000,09-14,18.0,20,26,41,71,181,443.0
01568000,09-15,17.0,21,27,41,67,170,534.0
01568000,09-16,17.0,20,27,41,75,155,527.0
01568000,09-17,17.0,21,26,38,69,168,699.0
01568000,09-18,18.0,20,27,37,72,372,1590.0
01568000,09-19,17.0,19,27,38,63,367,790.0
01568000,09-20,18.0,20,27,38,72,279,628.0
01568000,09-21,19.0,21,27,40,71,255,424.0
01568000,09-22,19.0,22,27,40,70,246,504.0
01568000,09-23,18.0,20,26,41,68,254,456.0
01568000,09-24,19.0,21,27,38,74,251,438.0
01568000,09-25,17.0,21,27,39,69,245,476.0
01568000,09-26,17.0,20,27,41,90,215,353.0
01568000,09-27,18.0,22,28,45,103,268,398.0
01568000,09-28,18.0,23,28,49,107,310,848.0
01568000,09-29,22.0,24,28,45,107,322,518.0
01568000,09-30,20.0,22,29,44,101,271,869.0
01568000,10-01,20.0,23,30,44,106,287,711.0
01568000,10-02,21.0,24,29,48,97,355,521.0
01568000,10-03,17.0,23,28,46,97,265,550.0
01568000,10-04,18.0,23,29,47,96,241,462.0
01568000,10-05,18.0,21,29,47,82,217,478.0
01568000,10-06,19.0,22,29,46,78,189,409.0
01568000,10-07,19.0,22,32,48,92,173,292.0
01568000,10-08,19.0,22,31,55,97,172,361.0
01568000,10-09,18.0,22,33,54,99,204,330.0
01568000,10-10,18.0,22,32,49,87,184,318.0
01568000,10-11,19.0,22,32,48,85,251,542.0
01568000,10-12,18.0,26,32,46,78,297,807.0
01568000,10-13,22.0,27,30,45,75,282,489.0
01568000,10-14,18.0,24,31,47,88,246,417.0
01568000,10-15,22.0,25,34,52,97,267,789.0
01568000,10-16,23.0,25,33,48,111,354,636.0
01568000,10-17,25.0,26,34,50,121,326,691.0
01568000,10-18,25.0,27,33,49,174,312,842.0
01568000,10-19,21.0,27,34,52,145,453,967.0
01568000,10-20,23.0,26,34,52,120,407,757.0
01568000,10-21,25.0,28,34,54,111,384,784.0
01568000,10-22,24.0,27,35,54,115,498,726.0
01568000,10-23,25.0,27,34,56,162,477,871.0
01568000,10-24,25.0,28,38,63,142,421,613.0
01568000,10-25,24.0,27,38,63,153,387,617.0
01568000,10-26,21.0,29,38,62,149,548,856.0
01568000,10-27,23.0,29,39,67,191,553,695.0
01568000,10-28,25.0,29,40,68,193,477,739.0
01568000,10-29,24.0,29,39,76,189,484,768.0
01568000,10-30,24.0,28,40,75,188,517,886.0
01568000,10-31,25.0,29,37,81,194,429,658.0
01568000,11-01,25.0,29,40,79,189,508,628.0
01568000,11-02,24.0,31,41,81,204,509,829.0
01568000,11-03,25.0,31,43,80,234,513,663.0
01568000,11-04,24.0,32,46,113,258,455,810.0
01568000,11-05,26.0,31,45,104,259,489,812.0
01568000,11-06,26.0,32,47,100,235,370,526.0
01568000,11-07,29.0,36,49,103,231,339,520.0
01568000,11-08,29.0,36,46,105,205,460,960.0
01568000,11-09,31.0,36,48,96,185,402,1650.0
01568000,11-10,29.0,36,51,97,189,383,1190.0
01568000,11-11,30.0,36,54,94,179,489,843.0
01568000,11-12,30.0,34,54,100,222,640,1230.0
01568000,11-13,27.0,33,56,108,258,619,1450.0
01568000,11-14,29.0,34,57,98,239,516,823.0
01568000,11-15,28.0,32,54,102,246,550,854.0
01568000,11-16,27.0,32,53,106,249,480,735.0
01568000,11-17,25.0,33,53,112,236,533,1160.0
01568000,11-18,28.0,36,53,106,240,711,877.0
01568000,11-19,27.0,32,55,123,285,540,711.0
01568000,11-20,25.0,33,55,130,312,581,1160.0
01568000,11-21,27.0,36,54,129,300,543,839.0
01568000,11-22,23.0,33,59,132,301,566,904.0
01568000,11-23,27.0,34,59,140,268,478,794.0
01568000,11-24,26.0,32,69,143,246,462,618.0
01568000,11-25,30.0,37,62,141,263,535,929.0
01568000,11-26,28.0,40,69,153,297,535,1000.0
01568000,11-27,27.0,37,63,147,276,519,1080.0
01568000,11-28,29.0,38,69,153,303,652,1190.0
01568000,11-29,33.0,41,79,173,317,834,1260.0
01568000,11-30,31.0,43,80,156,330,767,1280.0
01568000,12-01,32.0,42,84,145,362,778,1230.0
01568000,12-02,35.0,40,82,156,307,687,1390.0
01568000,12-03,34.0,43,80,173,323,756,1120.0
01568000,12-04,34.0,40,81,155,353,648,918.0
01568000,12-05,35.0,43,88,153,361,662,1040.0
01568000,12-06,34.0,48,85,160,474,770,969.0
01568000,12-07,33.0,45,83,160,443,854,1210.0
01568000,12-08,33.0,43,80,162,363,621,847.0
01568000,12-09,34.0,46,76,185,370,573,978.0
01568000,12-10,33.0,42,82,190,325,587,1020.0
01568000,12-11,34.0,45,90,196,357,762,1610.0
01568000,12-12,31.0,46,86,194,408,917,1390.0
01568000,12-13,36.0,49,90,211,359,882,1160.0
01568000,12-14,36.0,46,84,207,408,712,1270.0
01568000,12-15,35.0,47,83,190,378,792,1180.0
01568000,12-16,37.0,45,86,201,440,797,1070.0
01568000,12-17,34.0,46,89,200,432,733,923.0
01568000,12-18,32.0,44,92,200,402,730,845.0
01568000,12-19,30.0,41,102,187,350,597,945.0
01568000,12-20,30.0,50,98,180,313,588,801.0
01568000,12-21,32.0,52,104,190,331,671,1930.0
01568000,12-22,34.0,51,98,180,336,724,1160.0
01568000,12-23,35.0,46,107,177,350,640,947.0
01568000,12-24,32.0,44,114,197,388,954,1470.0
01568000,12-25,35.0,43,100,210,390,804,1520.0
01568000,12-26,34.0,52,111,211,421,801,1150.0
01568000,12-27,33.0,38,111,200,377,733,854.0
01568000,12-28,35.0,44,113,210,427,733,1000.0
01568000,12-29,35.0,47,112,220,382,580,1180.0
01568000,12-30,30.0,46,101,210,386,710,1070.0
01568000,12-31,27.0,41,102,195,373,615,936.0
01570000,01-01,127.0,162,286,510,913,1220,2180.0
01570000,01-02,125.0,157,295,559,872,1720,2320.0
01570000,01-03,128.0,175,345,535,834,1470,1830.0
01570000,01-04,145.0,202,337,578,890,1470,2100.0
01570000,01-05,140.0,185,335,565,881,1680,2040.0
01570000,01-06,120.0,167,325,554,847,1490,2170.0
01570000,01-07,134.0,150,314,542,885,1470,2120.0
01570000,01-08,128.0,198,308,523,884,1350,2270.0
01570000,01-09,123.0,200,301,520,817,1670,2060.0
01570000,01-10,117.0,190,280,471,811,1390,2050.0
01570000,01-11,112.0,200,310,460,825,1300,2540.0
01570000,01-12,138.0,190,282,460,785,1390,2070.0
01570000,01-13,131.0,182,305,462,786,1280,1630.0
01570000,01-14,147.0,189,288,500,745,1150,1780.0
01570000,01-15,147.0,185,283,515,773,1100,2120.0
01570000,01-16,143.0,189,250,494,817,1480,2170.0
01570000,01-17,143.0,195,263,454,763,1370,1920.0
01570000,01-18,134.0,190,250,450,704,1340,1690.0
01570000,01-19,140.0,194,271,445,729,1400,2040.0
01570000,01-20,154.0,180,282,450,726,1310,1670.0
01570000,01-21,146.0,174,295,439,791,1390,1780.0
01570000,01-22,148.0,186,286,439,736,1280,2670.0
01570000,01-23,154.0,182,278,424,767,1360,1900.0
01570000,01-24,157.0,182,288,420,728,1810,2450.0
01570000,01-25,147.0,177,292,460,895,2000,3690.0
01570000,01-26,139.0,178,292,460,1010,2190,2710.0
01570000,01-27,134.0,179,291,438,970,1910,2670.0
01570000,01-28,137.0,170,285,420,916,1850,2800.0
01570000,01-29,137.0,174,276,440,926,1750,2480.0
01570000,01-30,150.0,175,276,450,865,1530,2020.0
01570000,01-31,150.0,177,297,500,959,1610,2000.0
01570000,02-01,164.0,187,287,488,943,1410,1810.0
01570000,02-02,183.0,202,287,470,950,1330,1710.0
01570000,02-03,173.0,211,294,525,884,1510,2020.0
01570000,02-04,171.0,212,300,550,908,2000,3150.0
01570000,02-05,166.0,200,318,540,892,1950,2630.0
01570000,02-06,168.0,190,287,541,866,1620,2000.0
01570000,02-07,171.0,190,303,530,850,1500,1640.0
01570000,02-08,167.0,201,316,526,937,1440,1940.0
01570000,02-09,154.0,200,298,505,834,1200,1530.0
01570000,02-10,153.0,200,292,500,770,1160,1470.0
01570000,02-11,149.0,197,298,482,753,1200,1480.0
01570000,02-12,147.0,207,306,446,736,1370,1680.0
01570000,02-13,150.0,194,300,460,785,1320,1530.0
01570000,02-14,154.0,220,298,477,858,1370,2650.0
01570000,02-15,157.0,230,296,510,864,1360,2680.0
01570000,02-16,178.0,222,308,479,889,1450,2320.0
01570000,02-17,187.0,229,319,519,886,1500,2160.0
01570000,02-18,196.0,241,341,528,934,1490,1960.0
01570000,02-19,212.0,244,355,534,836,1490,1890.0
01570000,02-20,203.0,220,355,560,929,1480,2290.0
01570000,02-21,198.0,238,371,548,975,1680,2830.0
01570000,02-22,190.0,249,365,600,1060,2300,3390.0
01570000,02-23,219.0,264,365,655,1250,1730,2690.0
01570000,02-24,229.0,261,389,632,1190,2070,2910.0
01570000,02-25,218.0,258,406,683,1280,2750,4330.0
01570000,02-26,203.0,249,400,733,1220,2120,3200.0
01570000,02-27,187.0,235,398,738,1210,2190,2650.0
01570000,02-28,182.0,241,419,708,1350,1780,2550.0
01570000,02-29,180.0,267,470,836,1440,2090,2790.0
01570000,03-01,178.0,262,397,678,1130,1980,2980.0
01570000,03-02,179.0,256,403,644,1170,2130,2760.0
01570000,03-03,199.0,293,396,614,1080,1850,2140.0
01570000,03-04,205.0,296,429,672,1050,1750,2270.0
01570000,03-05,249.0,305,405,692,1190,2090,2890.0
01570000,03-06,270.0,302,408,732,1230,1850,2590.0
01570000,03-07,261.0,308,445,704,1110,1980,2430.0
01570000,03-08,289.0,324,460,710,1100,1910,2360.0
01570000,03-09,292.0,355,475,715,1150,1830,2460.0
01570000,03-10,279.0,310,475,676,1060,2100,3030.0
01570000,03-11,277.0,308,472,668,1020,2110,3620.0
01570000,03-12,256.0,317,473,690,977,2020,3250.0
01570000,03-13,242.0,328,488,730,1050,2110,2670.0
01570000,03-14,232.0,346,509,729,1300,2020,2950.0
01570000,03-15,228.0,336,524,750,1440,2510,3320.0
01570000,03-16,228.0,318,511,837,1450,2110,3420.0
01570000,03-17,259.0,334,507,850,1320,1970,2750.0
01570000,03-18,263.0,389,511,824,1270,1820,2330.0
01570000,03-19,275.0,379,512,754,1190,1760,2200.0
01570000,03-20,289.0,366,544,804,1190,1720,2810.0
01570000,03-21,292.0,351,558,846,1210,2150,4150.0
01570000,03-22,283.0,337,564,924,1460,3400,4370.0
01570000,03-23,285.0,326,550,875,1540,2790,3740.0
01570000,03-24,262.0,339,556,816,1630,2410,2740.0
01570000,03-25,275.0,347,581,785,1460,1940,3640.0
01570000,03-26,270.0,343,582,780,1320,1610,3280.0
01570000,03-27,279.0,340,543,740,1170,1840,3770.0
01570000,03-28,270.0,344,538,747,1140,2220,4230.0
01570000,03-29,287.0,351,545,766,1160,2050,4250.0
01570000,03-30,279.0,370,533,766,1210,2090,3030.0
01570000,03-31,297.0,348,513,785,1190,2330,3280.0
01570000,04-01,298.0,366,539,759,1180,2180,3170.0
01570000,04-02,312.0,402,531,797,1320,2660,3230.0
01570000,04-03,308.0,380,501,791,1250,2360,4020.0
01570000,04-04,300.0,388,471,745,1230,2210,3650.0
01570000,04-05,296.0,359,462,732,1320,2480,3070.0
01570000,04-06,303.0,358,519,710,1240,2260,3300.0
01570000,04-07,290.0,360,506,700,1250,1870,2710.0
01570000,04-08,275.0,366,478,687,1240,1830,2460.0
01570000,04-09,302.0,376,456,666,1240,1830,2100.0
01570000,04-10,293.0,371,443,643,1230,1870,2870.0
01570000,04-11,286.0,346,440,600,1060,1900,2310.0
01570000,04-12,297.0,363,434,637,1060,1750,1990.0
01570000,04-13,300.0,358,434,710,1140,1660,1880.0
01570000,04-14,283.0,342,434,688,1240,1570,2070.0
01570000,04-15,299.0,339,426,649,1120,2090,2840.0
01570000,04-16,304.0,339,433,719,1160,2170,2800.0
01570000,04-17,296.0,340,439,741,1100,2430,4240.0
01570000,04-18,292.0,330,413,719,1040,1880,3060.0
01570000,04-19,285.0,324,403,663,951,1580,2060.0
01570000,04-20,277.0,310,397,633,962,1590,3870.0
01570000,04-21,272.0,301,397,623,901,1710,3270.0
01570000,04-22,270.0,296,406,592,995,1910,2300.0
01570000,04-23,269.0,297,389,589,1040,1660,2120.0
01570000,04-24,273.0,301,377,617,909,1420,1670.0
01570000,04-25,273.0,305,403,600,882,1250,1650.0
01570000,04-26,257.0,304,404,573,951,1380,2380.0
01570000,04-27,249.0,304,382,568,925,1930,2860.0
01570000,04-28,252.0,280,366,590,963,1640,3160.0
01570000,04-29,250.0,269,359,560,966,1460,2360.0
01570000,04-30,256.0,267,364,527,868,1560,2300.0
01570000,05-01,254.0,272,350,488,814,1480,2070.0
01570000,05-02,245.0,280,351,480,793,1320,1600.0
01570000,05-03,230.0,258,363,499,852,1300,1880.0
01570000,05-04,230.0,261,352,508,922,1640,2000.0
01570000,05-05,242.0,274,368,547,943,1470,2070.0
01570000,05-06,237.0,270,372,566,933,1740,2610.0
01570000,05-07,226.0,264,371,596,915,1890,2670.0
01570000,05-08,223.0,258,354,532,946,1500,2770.0
01570000,05-09,238.0,267,363,542,967,1550,2620.0
01570000,05-10,234.0,252,352,571,911,1390,2040.0
01570000,05-11,215.0,259,349,572,868,1550,2000.0
01570000,05-12,226.0,267,343,540,865,1750,2160.0
01570000,05-13,224.0,267,325,517,881,1680,2380.0
01570000,05-14,216.0,259,314,522,961,1480,2680.0
01570000,05-15,228.0,252,331,538,931,1350,1910.0
01570000,05-16,237.0,254,344,501,796,1600,2590.0
01570000,05-17,231.0,250,333,530,859,1520,2930.0
01570000,05-18,210.0,242,322,532,905,1410,2130.0
01570000,05-19,211.0,236,310,503,796,2080,2260.0
01570000,05-20,219.0,244,310,477,784,1640,2420.0
01570000,05-21,221.0,237,304,470,824,1450,1820.0
01570000,05-22,219.0,248,292,462,814,1420,1620.0
01570000,05-23,204.0,246,291,472,753,1280,1650.0
01570000,05-24,201.0,239,281,480,790,1170,1970.0
01570000,05-25,209.0,229,284,446,789,1270,1740.0
01570000,05-26,194.0,219,276,432,780,1260,1870.0
01570000,05-27,195.0,221,268,440,734,1140,1740.0
01570000,05-28,180.0,212,269,441,742,1360,1930.0
01570000,05-29,173.0,203,279,407,746,1570,2930.0
01570000,05-30,179.0,196,281,423,750,1550,2470.0
01570000,05-31,174.0,197,275,403,702,1530,1850.0
01570000,06-01,169.0,190,247,418,721,1300,1640.0
01570000,06-02,171.0,183,249,405,656,1140,1910.0
01570000,06-03,169.0,187,266,399,646,1160,1740.0
01570000,06-04,162.0,187,269,355,661,1120,1440.0
01570000,06-05,155.0,184,265,372,643,1030,1540.0
01570000,06-06,156.0,171,254,361,580,934,1500.0
01570000,06-07,151.0,176,243,365,536,976,1310.0
01570000,06-08,154.0,173,241,337,567,869,1360.0
01570000,06-09,149.0,180,253,362,506,838,1570.0
01570000,06-10,153.0,172,241,337,522,867,1630.0
01570000,06-11,150.0,170,230,346,537,971,1800.0
01570000,06-12,144.0,169,226,322,558,1050,1310.0
01570000,06-13,152.0,164,203,325,560,1270,1580.0
01570000,06-14,144.0,164,228,311,584,1110,1390.0
01570000,06-15,144.0,159,217,306,524,908,1710.0
01570000,06-16,141.0,159,223,299,478,901,1330.0
01570000,06-17,145.0,158,224,305,466,908,1020.0
01570000,06-18,139.0,168,221,306,480,814,1080.0
01570000,06-19,151.0,164,218,320,483,758,981.0
01570000,06-20,151.0,165,225,312,454,763,1210.0
01570000,06-21,140.0,163,207,280,448,1030,1460.0
01570000,06-22,135.0,161,206,279,486,1060,1590.0
01570000,06-23,127.0,152,199,283,496,967,1260.0
01570000,06-24,129.0,157,210,297,505,767,1280.0
01570000,06-25,128.0,156,204,284,461,820,1170.0
01570000,06-26,127.0,159,196,275,438,714,1010.0
01570000,06-27,121.0,149,188,285,428,703,950.0
01570000,06-28,133.0,153,185,293,431,679,1040.0
01570000,06-29,120.0,144,183,278,400,699,1150.0
01570000,06-30,115.0,140,175,271,406,595,1360.0
01570000,07-01,109.0,131,174,261,394,633,1420.0
01570000,07-02,113.0,129,178,252,376,694,1090.0
01570000,07-03,108.0,125,181,254,368,608,1100.0
01570000,07-04,108.0,126,181,264,362,664,999.0
01570000,07-05,109.0,135,171,253,353,757,954.0
01570000,07-06,108.0,133,169,256,344,710,1270.0
01570000,07-07,111.0,132,164,254,337,650,1050.0
01570000,07-08,119.0,142,170,244,358,648,973.0
01570000,07-09,114.0,141,167,239,393,724,1250.0
01570000,07-10,110.0,131,163,242,359,642,1080.0
01570000,07-11,102.0,120,165,241,350,651,1010.0
01570000,07-12,102.0,119,168,236,350,583,1080.0
01570000,07-13,109.0,124,167,231,340,615,896.0
01570000,07-14,106.0,119,170,231,359,663,799.0
01570000,07-15,108.0,118,154,229,336,655,856.0
01570000,07-16,100.0,114,147,223,402,644,902.0
01570000,07-17,94.0,110,149,241,404,760,948.0
01570000,07-18,87.0,110,154,232,379,807,1310.0
01570000,07-19,88.0,107,144,218,373,708,948.0
01570000,07-20,97.0,107,139,222,368,591,723.0
01570000,07-21,94.0,105,142,221,379,530,731.0
01570000,07-22,92.0,108,154,220,370,548,1080.0
01570000,07-23,93.0,104,165,240,368,610,1230.0
01570000,07-24,93.0,112,157,227,378,572,1190.0
01570000,07-25,96.0,108,164,222,360,466,912.0
01570000,07-26,102.0,110,156,225,314,544,835.0
01570000,07-27,98.0,110,159,218,328,480,695.0
01570000,07-28,93.0,105,162,224,345,579,1340.0
01570000,07-29,91.0,102,153,218,336,649,1080.0
01570000,07-30,92.0,101,155,210,308,544,1140.0
01570000,07-31,92.0,104,158,210,300,572,939.0
01570000,08-01,94.0,107,151,211,291,692,1170.0
01570000,08-02,92.0,111,147,192,301,681,1220.0
01570000,08-03,91.0,113,142,199,330,702,1220.0
01570000,08-04,92.0,106,144,200,353,641,1000.0
01570000,08-05,100.0,114,143,203,331,716,1070.0
01570000,08-06,96.0,112,146,193,327,569,1470.0
01570000,08-07,93.0,116,144,198,334,599,1070.0
01570000,08-08,96.0,108,148,194,327,542,1060.0
01570000,08-09,96.0,109,142,189,306,665,1120.0
01570000,08-10,96.0,112,135,196,316,560,1020.0
01570000,08-11,100.0,110,140,199,310,555,1230.0
01570000,08-12,92.0,106,142,204,311,674,1110.0
01570000,08-13,94.0,106,144,193,359,994,1420.0
01570000,08-14,94.0,108,143,197,308,730,1170.0
01570000,08-15,92.0,103,141,193,286,586,910.0
01570000,08-16,93.0,103,141,185,305,509,808.0
01570000,08-17,93.0,100,137,175,289,433,576.0
01570000,08-18,93.0,98,133,180,300,426,659.0
01570000,08-19,91.0,98,129,176,285,469,1010.0
01570000,08-20,94.0,101,134,184,277,510,685.0
01570000,08-21,90.0,103,133,185,330,685,1040.0
01570000,08-22,90.0,95,131,188,321,957,1380.0
01570000,08-23,89.0,98,127,180,296,870,1330.0
01570000,08-24,88.0,94,132,175,274,679,1000.0
01570000,08-25,83.0,92,130,175,271,537,807.0
01570000,08-26,83.0,95,125,166,262,560,829.0
01570000,08-27,81.0,102,125,165,249,631,907.0
01570000,08-28,81.0,97,124,166,250,584,749.0
01570000,08-29,84.0,99,120,163,240,471,614.0
01570000,08-30,79.0,96,121,163,272,459,608.0
01570000,08-31,85.0,94,121,163,274,466,600.0
01570000,09-01,89.0,96,118,155,275,514,898.0
01570000,09-02,89.0,97,120,173,273,464,1040.0
01570000,09-03,85.0,96,120,167,284,590,857.0
01570000,09-04,82.0,91,119,160,323,469,642.0
01570000,09-05,79.0,91,118,160,300,584,796.0
01570000,09-06,78.0,92,122,174,301,609,920.0
01570000,09-07,76.0,92,121,189,264,482,1200.0
01570000,09-08,75.0,94,121,180,277,463,1570.0
01570000,09-09,75.0,93,126,173,258,502,1130.0
01570000,09-10,75.0,94,126,172,250,540,1110.0
01570000,09-11,77.0,93,119,173,255,624,1280.0
01570000,09-12,77.0,89,118,165,245,483,1140.0
01570000,09-13,83.0,92,119,161,228,423,1090.0
01570000,09-14,76.0,96,112,157,234,507,746.0
01570000,09-15,72.0,94,112,156,232,535,1430.0
01570000,09-16,79.0,95,116,160,253,578,1330.0
01570000,09-17,81.0,94,114,153,230,453,1260.0
01570000,09-18,76.0,91,110,151,210,856,2510.0
01570000,09-19,69.0,91,110,153,219,1310,2160.0
01570000,09-20,75.0,86,110,160,227,954,1240.0
01570000,09-21,76.0,88,110,154,237,745,936.0
01570000,09-22,72.0,91,114,157,231,747,1080.0
01570000,09-23,79.0,93,115,161,263,691,1090.0
01570000,09-24,85.0,95,113,161,277,651,940.0
01570000,09-25,81.0,94,113,160,311,860,1260.0
01570000,09-26,89.0,94,107,158,294,671,898.0
01570000,09-27,86.0,91,111,162,354,632,1080.0
01570000,09-28,84.0,92,112,162,333,784,1580.0
01570000,09-29,80.0,89,111,163,321,723,2010.0
01570000,09-30,79.0,88,112,180,332,823,2330.0
01570000,10-01,80.0,86,107,183,376,983,1940.0
01570000,10-02,81.0,85,107,174,364,1080,1710.0
01570000,10-03,80.0,94,107,172,360,1030,1550.0
01570000,10-04,82.0,88,105,172,329,831,1350.0
01570000,10-05,80.0,89,104,169,278,678,999.0
01570000,10-06,80.0,93,108,163,290,614,923.0
01570000,10-07,87.0,94,114,160,280,521,806.0
01570000,10-08,85.0,90,118,172,270,486,742.0
01570000,10-09,82.0,91,117,165,279,444,727.0
01570000,10-10,81.0,89,113,171,265,549,900.0
01570000,10-11,82.0,88,112,164,269,528,1270.0
01570000,10-12,84.0,92,111,170,274,896,1170.0
01570000,10-13,78.0,90,110,162,271,793,1240.0
01570000,10-14,81.0,91,112,161,267,723,1270.0
01570000,10-15,81.0,90,112,170,282,637,1200.0
01570000,10-16,82.0,93,110,167,323,875,1210.0
01570000,10-17,81.0,88,110,167,303,771,1190.0
01570000,10-18,83.0,86,110,173,327,982,1380.0
01570000,10-19,80.0,86,114,178,490,798,1720.0
01570000,10-20,82.0,85,112,194,416,975,1780.0
01570000,10-21,82.0,95,119,197,422,937,1780.0
01570000,10-22,84.0,94,121,194,403,973,1310.0
01570000,10-23,81.0,92,122,190,393,879,1420.0
01570000,10-24,79.0,92,119,185,420,893,1560.0
01570000,10-25,88.0,94,124,187,376,815,1270.0
01570000,10-26,72.0,93,122,203,421,991,1550.0
01570000,10-27,77.0,92,128,207,475,1040,1800.0
01570000,10-28,86.0,99,129,204,537,1190,1470.0
01570000,10-29,86.0,95,134,211,497,965,1120.0
01570000,10-30,80.0,93,135,226,537,1000,1850.0
01570000,10-31,81.0,91,133,242,451,1020,1580.0
01570000,11-01,81.0,95,129,231,444,1080,1470.0
01570000,11-02,82.0,99,129,244,510,962,1630.0
01570000,11-03,81.0,99,131,253,480,1030,1550.0
01570000,11-04,90.0,101,137,260,514,923,1350.0
01570000,11-05,92.0,105,140,267,598,883,1640.0
01570000,11-06,89.0,106,151,255,529,798,1270.0
01570000,11-07,92.0,110,154,265,489,736,1020.0
01570000,11-08,86.0,112,154,268,510,807,1310.0
01570000,11-09,91.0,113,149,288,507,860,2190.0
01570000,11-10,89.0,113,147,267,466,769,2510.0
01570000,11-11,97.0,111,156,259,451,704,1720.0
01570000,11-12,88.0,111,159,255,469,744,1810.0
01570000,11-13,94.0,113,169,251,510,1220,2330.0
01570000,11-14,92.0,115,170,254,469,1060,1660.0
01570000,11-15,84.0,116,165,260,486,977,1740.0
01570000,11-16,90.0,111,161,264,503,1040,1530.0
01570000,11-17,87.0,106,155,264,594,1170,1720.0
01570000,11-18,89.0,111,153,270,566,1200,2000.0
01570000,11-19,96.0,110,152,266,530,1150,1450.0
01570000,11-20,91.0,107,164,306,546,1040,1510.0
01570000,11-21,94.0,113,160,327,653,1030,2070.0
01570000,11-22,91.0,121,162,336,573,1130,1520.0
01570000,11-23,97.0,123,164,328,562,1110,1920.0
01570000,11-24,93.0,128,174,343,508,918,1440.0
01570000,11-25,95.0,119,172,322,556,996,2260.0
01570000,11-26,97.0,121,179,320,591,1020,1650.0
01570000,11-27,103.0,127,169,312,617,1070,1690.0
01570000,11-28,106.0,126,173,316,578,1340,1840.0
01570000,11-29,108.0,127,184,334,598,1190,1850.0
01570000,11-30,101.0,126,193,324,677,1580,2580.0
01570000,12-01,108.0,125,208,313,715,1480,2210.0
01570000,12-02,112.0,130,209,345,625,1540,2580.0
01570000,12-03,116.0,132,217,359,701,1520,1980.0
01570000,12-04,113.0,127,216,355,687,1410,1980.0
01570000,12-05,110.0,138,204,338,725,1290,1720.0
01570000,12-06,108.0,135,228,344,708,1420,2230.0
01570000,12-07,119.0,133,225,334,876,1430,2130.0
01570000,12-08,120.0,149,218,329,847,1490,1920.0
01570000,12-09,113.0,144,220,356,780,1100,1880.0
01570000,12-10,104.0,142,216,373,729,1490,1980.0
01570000,12-11,115.0,134,216,476,765,1650,2290.0
01570000,12-12,107.0,140,224,440,846,1860,2600.0
01570000,12-13,116.0,147,227,478,804,1780,3100.0
01570000,12-14,115.0,155,230,466,866,1540,2140.0
01570000,12-15,117.0,149,223,440,884,1460,2360.0
01570000,12-16,115.0,139,233,454,894,1670,2190.0
01570000,12-17,120.0,147,257,450,910,1690,2270.0
01570000,12-18,120.0,138,248,443,994,1570,1870.0
01570000,12-19,110.0,127,248,458,908,1570,1900.0
01570000,12-20,114.0,124,234,445,794,1270,1510.0
01570000,12-21,113.0,138,262,460,714,1360,2550.0
01570000,12-22,115.0,138,265,426,692,1330,2800.0
01570000,12-23,116.0,143,272,420,682,1330,2030.0
01570000,12-24,112.0,150,294,461,895,1410,2060.0
01570000,12-25,111.0,152,287,463,881,1730,2330.0
01570000,12-26,103.0,147,288,480,874,1510,2050.0
01570000,12-27,105.0,142,270,449,1030,1460,2200.0
01570000,12-28,101.0,159,282,428,954,1580,2010.0
01570000,12-29,114.0,158,280,481,862,1530,2090.0
01570000,12-30,105.0,164,286,535,844,1440,2280.0
01570000,12-31,98.0,164,273,529,858,1370,1740.0
01570500,01-01,6480.0,9080,14000,27000,49100,73500,118000.0
01570500,01-02,6000.0,8890,14500,26000,51800,73800,127000.0
01570500,01-03,6340.0,8950,14200,29000,53000,81500,128000.0
01570500,01-04,6570.0,8970,14900,28500,50800,90000,105000.0
01570500,01-05,6850.0,9720,15000,28100,49400,86100,109000.0
01570500,01-06,6680.0,10200,15100,28800,48900,86000,104000.0
01570500,01-07,7170.0,10000,15900,28300,52500,86100,100000.0
01570500,01-08,7030.0,9560,15400,29400,50600,82800,128000.0
01570500,01-09,6970.0,9970,15000,29300,43600,79700,131000.0
01570500,01-10,7430.0,10600,15000,28200,44900,81300,113000.0
01570500,01-11,6850.0,9850,16000,26000,42100,83600,102000.0
01570500,01-12,7190.0,9880,15700,25600,38000,77500,106000.0
01570500,01-13,7300.0,10700,16400,24000,42300,86300,115000.0
01570500,01-14,8040.0,10000,15100,24500,46600,93100,118000.0
01570500,01-15,7790.0,9410,15000,24200,50100,90200,98600.0
01570500,01-16,6940.0,9620,15000,24900,46800,80200,107000.0
01570500,01-17,7170.0,9400,14000,24900,48300,78600,102000.0
01570500,01-18,7200.0,9420,14000,23400,46800,80100,93000.0
01570500,01-19,7370.0,8850,13400,24300,44400,71800,94500.0
01570500,01-20,7720.0,9000,13500,23200,41900,68300,97100.0
01570500,01-21,8000.0,9420,13600,24900,43900,69900,99300.0
01570500,01-22,8090.0,9880,14000,27300,45900,86100,125000.0
01570500,01-23,7760.0,9810,14500,25500,44900,101000,136000.0
01570500,01-24,8170.0,9990,14600,25000,46400,96000,132000.0
01570500,01-25,8660.0,10000,15200,25000,52700,114000,156000.0
01570500,01-26,8510.0,9490,15300,25500,52600,113000,151000.0
01570500,01-27,7780.0,9770,15400,26000,58300,101000,165000.0
01570500,01-28,7510.0,10000,15000,23300,55000,99600,147000.0
01570500,01-29,7270.0,10100,15000,25500,52000,96200,124000.0
01570500,01-30,7570.0,10000,14600,25000,47900,77400,113000.0
01570500,01-31,7720.0,9340,14500,24200,48100,83900,105000.0
01570500,02-01,7650.0,9710,14500,25400,43100,75600,101000.0
01570500,02-02,7130.0,9810,15600,24200,44900,65900,94100.0
01570500,02-03,7920.0,10200,15000,24300,44900,71300,97200.0
01570500,02-04,7800.0,10300,15900,24000,44800,77500,112000.0
01570500,02-05,7970.0,10300,15600,24200,41100,90600,118000.0
01570500,02-06,7880.0,10800,14900,24000,43200,72500,115000.0
01570500,02-07,8770.0,11900,15000,24600,43300,70000,102000.0
01570500,02-08,9510.0,11700,14600,25300,40800,67200,102000.0
01570500,02-09,8970.0,11600,14600,25500,42600,68700,86700.0
01570500,02-10,8970.0,11400,14400,25900,40200,67400,85400.0
01570500,02-11,9390.0,11000,14600,26000,40000,66100,83300.0
01570500,02-12,8970.0,10600,14200,25300,39700,65300,96600.0
01570500,02-13,9600.0,10900,13900,24000,43300,69300,89300.0
01570500,02-14,8780.0,10800,14800,24100,45600,74300,100000.0
01570500,02-15,9860.0,10800,15000,24800,45400,78800,97300.0
01570500,02-16,9930.0,11300,15000,25200,45400,80800,112000.0
01570500,02-17,10300.0,11100,16200,25900,49800,90900,120000.0
01570500,02-18,10900.0,11700,17000,26200,49400,87700,127000.0
01570500,02-19,10600.0,12400,17200,27600,49600,89300,127000.0
01570500,02-20,11000.0,12900,18100,27600,48000,90200,105000.0
01570500,02-21,10900.0,13000,17100,27500,49200,86800,137000.0
01570500,02-22,10600.0,13000,17800,28100,52200,99400,138000.0
01570500,02-23,10900.0,13500,19100,29200,55000,108000,159000.0
01570500,02-24,10200.0,12900,19000,30000,59400,122000,146000.0
01570500,02-25,10500.0,13300,19600,31600,77900,123000,152000.0
01570500,02-26,11800.0,13400,20900,33000,74600,131000,157000.0
01570500,02-27,12700.0,15000,21000,36400,70400,133000,182000.0
01570500,02-28,12300.0,14400,22500,37900,76600,125000,162000.0
01570500,02-29,13000.0,14900,21400,37700,58700,97200,135000.0
01570500,03-01,11900.0,13900,23100,38800,75000,121000,184000.0
01570500,03-02,11900.0,13400,23900,39300,80400,131000,167000.0
01570500,03-03,11500.0,13500,22600,40400,75500,136000,173000.0
01570500,03-04,12500.0,15300,23000,39700,70500,118000,147000.0
01570500,03-05,13000.0,16900,24500,39400,78300,125000,146000.0
01570500,03-06,13200.0,18000,27300,44800,81300,157000,202000.0
01570500,03-07,13500.0,17900,26400,47600,81100,159000,199000.0
01570500,03-08,13200.0,17800,27600,49400,91600,143000,204000.0
01570500,03-09,13500.0,19200,27600,44900,88700,147000,200000.0
01570500,03-10,16500.0,19500,29500,50100,83600,140000,174000.0
01570500,03-11,17400.0,19700,32800,50500,83000,136000,188000.0
01570500,03-12,17100.0,21500,34900,50500,87800,144000,170000.0
01570500,03-13,18000.0,22400,35100,54300,90300,122000,194000.0
01570500,03-14,20800.0,25400,35100,55500,93700,135000,192000.0
01570500,03-15,20600.0,26200,36800,60300,96800,155000,210000.0
01570500,03-16,20300.0,25400,37400,62200,90600,159000,204000.0
01570500,03-17,22300.0,24900,37400,65100,93800,164000,185000.0
01570500,03-18,22000.0,25500,37100,60500,104000,142000,196000.0
01570500,03-19,22000.0,24700,36800,57100,92100,161000,184000.0
01570500,03-20,22000.0,25100,36200,55200,92700,150000,168000.0
01570500,03-21,23600.0,28200,36300,56000,93600,132000,170000.0
01570500,03-22,23000.0,29300,38800,59500,87000,143000,167000.0
01570500,03-23,22800.0,28900,40700,58200,95700,135000,200000.0
01570500,03-24,23000.0,27900,44500,56500,99800,148000,195000.0
01570500,03-25,23400.0,28500,41900,59200,96900,151000,197000.0
01570500,03-26,24500.0,30400,43300,62600,96700,154000,174000.0
01570500,03-27,25500.0,33000,45700,61800,100000,143000,167000.0
01570500,03-28,26500.0,32400,47300,64300,98600,148000,197000.0
01570500,03-29,27100.0,33500,49000,67500,99800,159000,225000.0
01570500,03-30,27400.0,36900,46000,66100,99600,154000,244000.0
01570500,03-31,27100.0,36900,47000,65300,106000,168000,235000.0
01570500,04-01,26200.0,33500,45900,63000,104000,163000,233000.0
01570500,04-02,24600.0,32700,44000,62400,107000,164000,251000.0
01570500,04-03,24700.0,32700,43300,64900,103000,169000,247000.0
01570500,04-04,24200.0,31800,44100,65100,102000,186000,239000.0
01570500,04-05,24100.0,32200,45600,63700,107000,166000,250000.0
01570500,04-06,24000.0,32900,43400,65400,109000,170000,214000.0
01570500,04-07,24500.0,32100,42100,67100,111000,198000,216000.0
01570500,04-08,24400.0,29700,43100,66900,107000,170000,219000.0
01570500,04-09,24600.0,30600,41700,68300,105000,151000,203000.0
01570500,04-10,25700.0,30400,41600,65300,104000,142000,182000.0
01570500,04-11,24500.0,30600,44600,65100,101000,145000,160000.0
01570500,04-12,24100.0,31000,43200,62400,92900,136000,155000.0
01570500,04-13,25000.0,28700,41600,63500,93900,120000,138000.0
01570500,04-14,25300.0,28600,43400,63800,88500,118000,136000.0
01570500,04-15,25000.0,28800,42500,63300,94000,118000,137000.0
01570500,04-16,24000.0,29800,43700,58400,91400,133000,163000.0
01570500,04-17,23000.0,27200,40400,55300,93900,143000,180000.0
01570500,04-18,22200.0,25900,38200,56800,93100,128000,194000.0
01570500,04-19,22200.0,25400,36200,55700,83500,113000,164000.0
01570500,04-20,22300.0,25400,34800,52300,80900,106000,132000.0
01570500,04-21,20900.0,24700,33300,54000,74300,107000,131000.0
01570500,04-22,21200.0,25000,32700,50500,69800,108000,155000.0
01570500,04-23,21200.0,24200,32500,49900,67100,110000,141000.0
01570500,04-24,19900.0,23100,32100,47200,67300,105000,142000.0
01570500,04-25,20400.0,23600,31900,45700,68500,116000,136000.0
01570500,04-26,20300.0,22200,31900,44000,64900,103000,124000.0
01570500,04-27,20100.0,22600,31600,43600,64400,98500,152000.0
01570500,04-28,19600.0,23100,31500,42700,62500,89100,134000.0
01570500,04-29,19200.0,22500,29900,42900,62900,88100,117000.0
01570500,04-30,19900.0,21900,29100,40600,61100,86900,106000.0
01570500,05-01,20100.0,22600,28300,40500,59500,88400,124000.0
01570500,05-02,19400.0,22300,27800,39800,55300,89800,148000.0
01570500,05-03,19700.0,21800,26700,37300,57900,78000,144000.0
01570500,05-04,19100.0,21900,27700,37400,55200,79100,127000.0
01570500,05-05,18000.0,20800,27200,37300,54300,84400,114000.0
01570500,05-06,18200.0,20200,26700,38700,53500,86800,117000.0
01570500,05-07,17700.0,19800,25800,36300,57400,98600,108000.0
01570500,05-08,17200.0,19300,24300,36900,59400,96200,131000.0
01570500,05-09,15800.0,18600,24300,34800,57400,93000,138000.0
01570500,05-10,16300.0,18500,22800,34700,58500,92700,117000.0
01570500,05-11,16100.0,18500,22900,35000,58500,96900,119000.0
01570500,05-12,15400.0,18100,22500,36100,55700,96500,129000.0
01570500,05-13,15000.0,17400,22900,38200,55000,92900,122000.0
01570500,05-14,14700.0,16800,22100,37700,60600,98300,140000.0
01570500,05-15,15100.0,16400,21500,35900,59800,101000,142000.0
01570500,05-16,14300.0,16400,21500,35900,57900,95000,118000.0
01570500,05-17,13900.0,15600,21900,33800,61000,87600,103000.0
01570500,05-18,13200.0,14700,21200,35200,55300,86100,105000.0
01570500,05-19,12000.0,14300,21300,34500,53100,83500,111000.0
01570500,05-20,11900.0,14200,21400,36500,53500,84700,119000.0
01570500,05-21,11400.0,13900,21100,35000,55200,84300,117000.0
01570500,05-22,11300.0,13900,20600,36100,58600,81800,110000.0
01570500,05-23,11800.0,14300,19700,34400,56900,85200,118000.0
01570500,05-24,11300.0,14700,19800,32600,54500,95100,126000.0
01570500,05-25,11500.0,14100,19300,32800,50800,87800,110000.0
01570500,05-26,11700.0,13400,19100,31200,50500,91700,118000.0
01570500,05-27,11700.0,12800,18500,30500,47400,89800,107000.0
01570500,05-28,11100.0,12300,17600,28300,47600,79000,104000.0
01570500,05-29,10800.0,12100,17300,27400,45900,76000,102000.0
01570500,05-30,10400.0,12200,17000,26600,46400,76700,91600.0
01570500,05-31,9990.0,11900,16500,28300,45100,69500,95800.0
01570500,06-01,9420.0,11700,16200,27100,40600,66900,97400.0
01570500,06-02,9400.0,11300,16000,24900,38500,59900,93300.0
01570500,06-03,9080.0,11200,15800,23800,36300,56900,88000.0
01570500,06-04,9350.0,11200,15200,22300,39300,55800,86700.0
01570500,06-05,9470.0,11200,15200,20700,37400,60900,91200.0
01570500,06-06,8970.0,11200,14900,21200,37000,57100,98100.0
01570500,06-07,9150.0,11100,14600,20600,36500,57500,81500.0
01570500,06-08,8290.0,11200,14200,20500,36300,54000,75500.0
01570500,06-09,8490.0,11100,13600,19700,32800,54100,87500.0
01570500,06-10,8110.0,11000,13300,19600,30600,50100,79000.0
01570500,06-11,7890.0,10500,13300,20600,29400,44500,65500.0
01570500,06-12,8220.0,10100,13100,20800,28500,42300,57600.0
01570500,06-13,8320.0,9740,13000,21000,27600,41600,55600.0
01570500,06-14,8400.0,9600,12600,20600,27200,50700,56200.0
01570500,06-15,8300.0,9820,12700,19400,27100,49400,58800.0
01570500,06-16,8370.0,9370,12200,18400,27500,49500,55700.0
01570500,06-17,8260.0,9220,12200,18200,28600,47700,59100.0
01570500,06-18,8000.0,8470,12400,17600,28800,44600,53800.0
01570500,06-19,7930.0,8470,12100,17500,29900,43300,62000.0
01570500,06-20,7750.0,9030,11600,17200,30000,42500,73100.0
01570500,06-21,7390.0,8470,11600,17200,28800,44100,60100.0
01570500,06-22,6820.0,8350,11000,16700,28600,48400,62400.0
01570500,06-23,6720.0,8090,10500,16700,27700,48700,74700.0
01570500,06-24,6470.0,7620,10500,15800,26300,42800,73300.0
01570500,06-25,6720.0,7780,10000,15600,25700,46200,60600.0
01570500,06-26,6440.0,7490,9910,14500,24100,43500,55800.0
01570500,06-27,6200.0,7520,10000,14600,23700,42500,48300.0
01570500,06-28,6140.0,7750,10200,15100,24100,35800,43600.0
01570500,06-29,6160.0,7080,9740,15200,24900,33900,48900.0
01570500,06-30,5950.0,7200,9120,14600,25400,36400,57500.0
01570500,07-01,5970.0,7260,8720,14200,24300,44000,65900.0
01570500,07-02,5880.0,6760,9220,13800,21900,47400,66100.0
01570500,07-03,5420.0,6860,9070,13700,20200,40400,75000.0
01570500,07-04,5640.0,6730,8790,12900,20900,37600,74800.0
01570500,07-05,5190.0,6550,8890,13300,22500,36500,61900.0
01570500,07-06,5180.0,6500,8490,12200,21600,33600,61000.0
01570500,07-07,5180.0,6490,8820,12100,21200,29400,50500.0
01570500,07-08,5140.0,6360,8400,11700,19200,32000,46000.0
01570500,07-09,5170.0,6080,8350,11700,18500,31800,47200.0
01570500,07-10,5020.0,5930,8320,11300,18500,33000,53800.0
01570500,07-11,5160.0,6000,8220,11200,18300,33900,50800.0
01570500,07-12,5190.0,5990,7840,11200,18900,34100,48600.0
01570500,07-13,5040.0,5640,7870,11000,18100,31600,42200.0
01570500,07-14,4940.0,5780,7800,11200,17000,31200,43700.0
01570500,07-15,4710.0,5480,7780,11000,16700,32100,39800.0
01570500,07-16,4690.0,5610,7300,11300,16600,31300,39800.0
01570500,07-17,4480.0,5680,7300,11200,16100,31300,44700.0
01570500,07-18,4270.0,5220,7180,10600,16300,28100,41300.0
01570500,07-19,4400.0,5000,6920,10900,15600,26300,36600.0
01570500,07-20,4080.0,5210,6860,10200,15700,29500,37000.0
01570500,07-21,3900.0,4940,6720,10300,14700,29100,37400.0
01570500,07-22,3960.0,4830,6620,10000,15400,30200,38200.0
01570500,07-23,3700.0,4650,6670,10000,16000,31500,38700.0
01570500,07-24,3740.0,4580,6430,10600,18600,29100,39100.0
01570500,07-25,3690.0,4680,6400,10500,18400,29400,38200.0
01570500,07-26,3600.0,4720,6560,10400,19400,28200,37200.0
01570500,07-27,3630.0,4630,6970,10100,18600,25100,37800.0
01570500,07-28,3610.0,4640,6580,10900,17300,25500,34900.0
01570500,07-29,3800.0,4760,6450,10800,16800,24800,35800.0
01570500,07-30,3830.0,4870,6400,10100,15600,27400,34900.0
01570500,07-31,3760.0,4770,6310,10200,15700,23100,36500.0
01570500,08-01,3700.0,4630,6170,10300,15000,24200,34100.0
01570500,08-02,3610.0,4660,6000,9900,15800,24000,37700.0
01570500,08-03,3770.0,4740,6000,9570,15300,23400,38000.0
01570500,08-04,3630.0,4620,5900,9650,15000,23200,35500.0
01570500,08-05,3670.0,4660,5840,8800,15000,25100,38600.0
01570500,08-06,3440.0,4580,5730,8800,14600,25300,36700.0
01570500,08-07,3440.0,4470,5510,8940,14500,23200,33500.0
01570500,08-08,3450.0,4440,5500,9220,14900,24200,35600.0
01570500,08-09,3580.0,4360,5760,8300,14700,24400,34500.0
01570500,08-10,3930.0,4300,5620,8600,14300,26400,34100.0
01570500,08-11,3810.0,4300,5410,9000,14400,24800,41100.0
01570500,08-12,3700.0,4330,5770,8800,14000,24100,34200.0
01570500,08-13,3700.0,4210,6000,8820,14800,27000,32200.0
01570500,08-14,3690.0,4150,5800,8530,15500,26000,37800.0
01570500,08-15,3600.0,3980,5720,8600,14600,25800,36000.0
01570500,08-16,3580.0,3940,5680,8650,14100,23800,43800.0
01570500,08-17,3510.0,4010,5400,8350,13700,23700,40300.0
01570500,08-18,3560.0,3880,5150,8180,13100,23000,40600.0
01570500,08-19,3550.0,3940,5100,8320,13200,25400,38100.0
01570500,08-20,3540.0,3920,5100,8160,13400,28000,47500.0
01570500,08-21,3600.0,3860,5100,8480,14900,27500,44800.0
01570500,08-22,3590.0,4000,4930,7900,14300,24700,38900.0
01570500,08-23,3660.0,3990,4900,7800,14000,23100,35200.0
01570500,08-24,3570.0,3860,4900,7570,13200,24100,45200.0
01570500,08-25,3580.0,3790,4840,7400,12900,24400,50700.0
01570500,08-26,3480.0,3820,4680,7200,13300,22000,41100.0
01570500,08-27,3330.0,3790,4740,7210,12600,24500,33900.0
01570500,08-28,3380.0,3690,5070,7900,12600,25300,29700.0
01570500,08-29,3340.0,3600,4950,7460,13000,24000,36700.0
01570500,08-30,3260.0,3640,4930,7060,13300,23800,35600.0
01570500,08-31,3290.0,3600,4750,7590,13800,24900,39400.0
01570500,09-01,3200.0,3770,4810,7770,13000,27800,36400.0
01570500,09-02,3030.0,3650,4900,7920,13500,26900,38100.0
01570500,09-03,3080.0,3560,4900,7840,13000,25200,35400.0
01570500,09-04,3120.0,3540,4800,7310,14600,25500,34700.0
01570500,09-05,3150.0,3480,4710,7170,13800,23800,45300.0
01570500,09-06,3210.0,3550,4750,6950,13200,22800,41500.0
01570500,09-07,3140.0,3560,4910,7040,13400,30300,49100.0
01570500,09-08,3140.0,3560,4900,7080,12200,29300,48000.0
01570500,09-09,3100.0,3570,4990,7210,11200,24200,40800.0
01570500,09-10,3100.0,3480,4920,7100,10900,27000,38400.0
01570500,09-11,2960.0,3570,4830,7320,12100,24000,34100.0
01570500,09-12,3080.0,3440,4600,7600,11700,24600,31000.0
01570500,09-13,3020.0,3440,4370,7100,11800,25200,33700.0
01570500,09-14,3000.0,3580,4370,7180,11200,24000,39400.0
01570500,09-15,3080.0,3530,4430,7460,11600,24300,41600.0
01570500,09-16,3080.0,3400,4490,7700,13200,24900,39800.0
01570500,09-17,3100.0,3430,4520,7120,14000,26700,38000.0
01570500,09-18,3090.0,3340,4510,6960,13100,25300,52300.0
01570500,09-19,3100.0,3430,4400,7100,12900,28100,47000.0
01570500,09-20,2890.0,3360,4300,6860,13500,30100,49900.0
01570500,09-21,2760.0,3480,4450,6770,13600,25800,44100.0
01570500,09-22,2830.0,3380,4510,6850,14000,30100,47200.0
01570500,09-23,2780.0,3370,4500,7000,14700,27700,46900.0
01570500,09-24,2700.0,3350,4600,6780,15400,28800,50000.0
01570500,09-25,2660.0,3430,4580,6680,14700,27700,52900.0
01570500,09-26,2580.0,3480,4470,6920,14400,27000,66000.0
01570500,09-27,2620.0,3340,4730,6920,14800,27800,62000.0
01570500,09-28,2630.0,3430,4590,7300,14200,27300,56500.0
01570500,09-29,2540.0,3460,4760,7600,14000,29600,62000.0
01570500,09-30,2930.0,3390,4880,8200,14700,33200,55800.0
01570500,10-01,3260.0,3550,4930,8990,15800,37000,60300.0
01570500,10-02,3150.0,3600,4950,9170,16200,39400,58300.0
01570500,10-03,3360.0,3570,5020,8880,17900,37900,69300.0
01570500,10-04,3160.0,3590,5020,8580,16200,42700,60800.0
01570500,10-05,3080.0,3600,5100,8750,16400,37100,61000.0
01570500,10-06,3070.0,3660,5100,8250,15700,36700,50000.0
01570500,10-07,3050.0,3710,5140,8020,14700,35400,43900.0
01570500,10-08,2840.0,3790,5280,8560,15300,32000,49700.0
01570500,10-09,2970.0,3600,5380,8120,17100,29400,54100.0
01570500,10-10,2900.0,3580,5140,8750,16200,31100,46200.0
01570500,10-11,2840.0,3730,5240,8420,17600,32600,41100.0
01570500,10-12,3050.0,3880,5050,8630,17500,30900,48600.0
01570500,10-13,3290.0,4030,4960,8500,17300,31100,52000.0
01570500,10-14,3140.0,4100,5330,8310,17200,37300,49300.0
01570500,10-15,3270.0,4050,5220,8780,17000,35800,69300.0
01570500,10-16,3390.0,4030,5260,8940,18600,33100,57400.0
01570500,10-17,3390.0,4000,5120,8520,18700,35000,53200.0
01570500,10-18,3470.0,4000,5410,8760,19200,40700,52100.0
01570500,10-19,3460.0,3960,5490,9230,20000,39500,50700.0
01570500,10-20,3390.0,3670,5340,9140,20800,38700,65500.0
01570500,10-21,3280.0,3700,5680,9720,20900,41800,76100.0
01570500,10-22,3230.0,3570,5690,9610,21300,51000,80100.0
01570500,10-23,3230.0,3600,5930,10700,23900,51700,103000.0
01570500,10-24,3190.0,3690,5770,10100,25000,59000,93100.0
01570500,10-25,3050.0,3990,6010,10200,25700,57400,71900.0
01570500,10-26,3040.0,4000,6150,10400,29100,49400,71000.0
01570500,10-27,3030.0,4040,6250,11400,26900,50700,70300.0
01570500,10-28,3100.0,4150,6700,12400,27100,52200,79300.0
01570500,10-29,3110.0,4130,6620,12700,26000,61600,79500.0
01570500,10-30,3100.0,4230,6860,13900,29300,63600,86000.0
01570500,10-31,3190.0,4260,7050,14800,31400,58300,90200.0
01570500,11-01,3420.0,4370,7230,14400,28000,63300,79800.0
01570500,11-02,3530.0,4370,7830,14100,27600,60900,84100.0
01570500,11-03,3540.0,4300,7710,15000,28900,58500,71100.0
01570500,11-04,3470.0,4380,7630,16500,30200,56500,76800.0
01570500,11-05,3580.0,4590,7920,17000,32200,50700,67300.0
01570500,11-06,3790.0,4590,7880,16800,32300,51700,69800.0
01570500,11-07,3980.0,4550,8530,17000,29900,49500,70100.0
01570500,11-08,4080.0,4950,8970,16900,28800,43700,74600.0
01570500,11-09,4080.0,5290,8910,17200,29700,50300,75200.0
01570500,11-10,4000.0,4930,9170,17600,30000,46500,82100.0
01570500,11-11,4080.0,5080,9320,16900,30400,55200,73300.0
01570500,11-12,4100.0,4870,9610,17000,31400,57700,86400.0
01570500,11-13,4150.0,4840,9720,17500,32800,52100,74300.0
01570500,11-14,4080.0,5020,9330,18200,34100,60400,89900.0
01570500,11-15,4250.0,5060,9530,17300,34600,71200,81500.0
01570500,11-16,4370.0,5410,9590,17400,32800,62900,80900.0
01570500,11-17,4500.0,5900,9810,18600,32600,58700,84000.0
01570500,11-18,4750.0,5900,10200,19500,33900,58100,79500.0
01570500,11-19,4810.0,5890,10400,20300,37200,62600,97900.0
01570500,11-20,4950.0,6010,10700,20800,39600,61900,95800.0
01570500,11-21,4910.0,6340,11100,20700,39200,63400,100000.0
01570500,11-22,5270.0,6720,10500,21000,39300,57300,87400.0
01570500,11-23,5070.0,6890,10600,22400,37700,56400,77600.0
01570500,11-24,5110.0,6940,11300,23400,36500,53800,68000.0
01570500,11-25,5170.0,6980,11600,23000,37400,52300,74900.0
01570500,11-26,5300.0,7180,12700,23200,34900,53100,80200.0
01570500,11-27,4970.0,7600,12800,23400,35500,60700,81000.0
01570500,11-28,5200.0,7910,13800,22700,34800,60600,86700.0
01570500,11-29,5540.0,8790,14200,23400,36600,81800,151000.0
01570500,11-30,5330.0,9280,15200,24200,40500,91900,131000.0
01570500,12-01,5340.0,9780,15500,24400,44100,81400,130000.0
01570500,12-02,5310.0,9940,16100,24200,43200,74500,120000.0
01570500,12-03,4820.0,9420,16400,23700,40300,84500,125000.0
01570500,12-04,5010.0,9520,15700,24600,39900,91200,113000.0
01570500,12-05,5370.0,8980,15100,24100,40800,85200,104000.0
01570500,12-06,5440.0,9170,15000,23700,46900,81400,100000.0
01570500,12-07,5760.0,9110,14900,24000,46200,84700,99500.0
01570500,12-08,7100.0,9320,15100,23800,46400,74100,92000.0
01570500,12-09,6480.0,9280,15200,24100,46400,68600,83200.0
01570500,12-10,6170.0,9590,15000,25200,43300,64800,83000.0
01570500,12-11,5850.0,9300,14600,26300,43000,65500,105000.0
01570500,12-12,5560.0,8310,14600,28900,43200,70700,119000.0
01570500,12-13,5880.0,7510,14100,28900,42700,80900,94500.0
01570500,12-14,5500.0,8230,14100,27500,45000,76800,108000.0
01570500,12-15,5490.0,7590,13700,27400,52400,77100,112000.0
01570500,12-16,6000.0,6800,13900,27500,49900,76000,112000.0
01570500,12-17,6340.0,7000,14600,26700,48700,76100,106000.0
01570500,12-18,6370.0,8160,14100,26900,48600,78900,106000.0
01570500,12-19,5910.0,7690,14500,27100,46500,72600,97900.0
01570500,12-20,6090.0,7680,15600,28000,47900,73000,83000.0
01570500,12-21,6400.0,7940,16100,29000,48300,68600,77600.0
01570500,12-22,6380.0,8640,15000,28800,42400,61700,107000.0
01570500,12-23,6280.0,8760,15800,30800,41800,65700,106000.0
01570500,12-24,6140.0,8980,15800,29100,43500,70100,105000.0
01570500,12-25,6190.0,9400,15100,28300,47900,88000,112000.0
01570500,12-26,6320.0,9080,16000,26800,50700,85800,115000.0
01570500,12-27,6340.0,9320,15000,27500,49200,83400,107000.0
01570500,12-28,6590.0,9880,13900,27200,48900,76800,92800.0
01570500,12-29,7000.0,9820,14000,26500,49500,70400,83000.0
01570500,12-30,7940.0,9420,15000,25800,47400,71600,89800.0
01570500,12-31,7170.0,9160,14000,26700,47900,71500,103000.0
01571500,01-01,107.0,119,154,240,352,536,600.0
01571500,01-02,108.0,123,150,272,374,489,649.0
01571500,01-03,116.0,127,161,260,348,481,600.0
01571500,01-04,118.0,127,168,265,349,539,703.0
01571500,01-05,114.0,126,150,236,346,496,641.0
01571500,01-06,117.0,121,150,226,350,497,581.0
01571500,01-07,116.0,127,159,242,350,496,608.0
01571500,01-08,116.0,133,158,233,358,522,675.0
01571500,01-09,111.0,128,169,234,349,502,753.0
01571500,01-10,111.0,133,165,222,354,491,916.0
01571500,01-11,111.0,133,170,240,342,453,669.0
01571500,01-12,112.0,132,168,234,365,524,643.0
01571500,01-13,111.0,127,169,227,355,512,629.0
01571500,01-14,110.0,136,165,245,357,461,538.0
01571500,01-15,110.0,126,165,232,346,454,681.0
01571500,01-16,110.0,130,162,230,339,483,750.0
01571500,01-17,110.0,126,162,228,313,470,660.0
01571500,01-18,102.0,119,167,225,307,481,639.0
01571500,01-19,99.0,121,173,229,328,463,603.0
01571500,01-20,102.0,127,161,253,344,514,745.0
01571500,01-21,102.0,121,160,257,355,544,834.0
01571500,01-22,108.0,122,168,262,358,611,1260.0
01571500,01-23,111.0,136,170,265,354,579,786.0
01571500,01-24,118.0,137,179,254,366,663,1100.0
01571500,01-25,114.0,134,177,260,429,727,1310.0
01571500,01-26,118.0,137,172,253,433,815,1080.0
01571500,01-27,120.0,127,177,252,397,673,1340.0
01571500,01-28,113.0,126,177,241,398,698,935.0
01571500,01-29,110.0,129,175,244,411,730,773.0
01571500,01-30,109.0,128,180,246,380,606,670.0
01571500,01-31,111.0,131,179,254,387,571,836.0
01571500,02-01,117.0,140,178,244,396,546,729.0
01571500,02-02,122.0,133,180,252,431,673,823.0
01571500,02-03,115.0,135,194,311,429,623,975.0
01571500,02-04,111.0,138,197,290,432,667,966.0
01571500,02-05,111.0,135,182,282,395,649,980.0
01571500,02-06,129.0,141,182,273,409,576,783.0
01571500,02-07,129.0,142,175,299,420,669,753.0
01571500,02-08,126.0,147,174,285,399,590,683.0
01571500,02-09,122.0,149,177,280,378,476,662.0
01571500,02-10,115.0,149,173,275,381,480,575.0
01571500,02-11,123.0,149,180,279,381,479,570.0
01571500,02-12,137.0,152,188,268,372,471,716.0
01571500,02-13,138.0,156,191,291,370,540,730.0
01571500,02-14,142.0,156,194,286,371,540,839.0
01571500,02-15,150.0,157,198,300,390,605,652.0
01571500,02-16,154.0,176,216,288,368,557,836.0
01571500,02-17,143.0,168,207,287,365,498,710.0
01571500,02-18,150.0,160,212,283,382,532,677.0
01571500,02-19,150.0,173,208,294,392,595,771.0
01571500,02-20,156.0,171,205,309,428,773,861.0
01571500,02-21,155.0,176,204,300,420,752,980.0
01571500,02-22,156.0,175,215,298,442,909,999.0
01571500,02-23,159.0,171,228,317,475,796,949.0
01571500,02-24,161.0,174,229,333,534,1060,1230.0
01571500,02-25,155.0,174,233,347,524,1170,1630.0
01571500,02-26,159.0,176,242,344,517,993,1470.0
01571500,02-27,158.0,175,232,343,574,966,1320.0
01571500,02-28,147.0,174,245,325,535,916,1370.0
01571500,02-29,181.0,198,297,376,531,784,1030.0
01571500,03-01,160.0,167,261,341,584,974,1090.0
01571500,03-02,155.0,168,237,341,553,865,1030.0
01571500,03-03,157.0,177,253,350,544,704,911.0
01571500,03-04,163.0,179,259,374,528,694,827.0
01571500,03-05,170.0,183,263,380,543,877,1170.0
01571500,03-06,180.0,198,264,380,604,951,1280.0
01571500,03-07,182.0,193,272,380,519,838,1520.0
01571500,03-08,180.0,189,275,379,483,780,1130.0
01571500,03-09,172.0,194,283,371,548,847,953.0
01571500,03-10,170.0,207,281,353,510,791,1150.0
01571500,03-11,174.0,207,285,346,529,798,1070.0
01571500,03-12,165.0,200,284,386,539,815,884.0
01571500,03-13,162.0,210,289,388,537,880,966.0
01571500,03-14,172.0,208,281,382,598,846,942.0
01571500,03-15,172.0,219,271,371,576,852,1400.0
01571500,03-16,178.0,226,281,380,549,803,1270.0
01571500,03-17,178.0,235,283,395,517,770,1010.0
01571500,03-18,181.0,230,271,384,538,784,926.0
01571500,03-19,178.0,227,288,405,515,725,846.0
01571500,03-20,203.0,220,285,395,511,774,1010.0
01571500,03-21,208.0,232,299,395,513,889,1460.0
01571500,03-22,195.0,213,276,407,630,1310,1880.0
01571500,03-23,186.0,213,272,417,590,1120,1390.0
01571500,03-24,185.0,222,303,395,575,913,1070.0
01571500,03-25,187.0,218,306,396,600,865,992.0
01571500,03-26,187.0,222,295,396,520,720,1320.0
01571500,03-27,201.0,224,299,393,502,756,2050.0
01571500,03-28,197.0,219,297,372,531,1090,1930.0
01571500,03-29,199.0,217,296,369,560,1090,2000.0
01571500,03-30,192.0,217,283,396,621,1080,1620.0
01571500,03-31,190.0,221,287,407,580,992,1300.0
01571500,04-01,198.0,214,291,417,574,891,1020.0
01571500,04-02,190.0,218,302,401,585,885,1350.0
01571500,04-03,193.0,213,298,404,538,969,1910.0
01571500,04-04,196.0,219,294,391,562,1100,1590.0
01571500,04-05,199.0,211,291,396,538,1120,1330.0
01571500,04-06,197.0,216,300,374,526,952,1190.0
01571500,04-07,189.0,230,300,369,525,872,1020.0
01571500,04-08,184.0,222,292,375,555,855,979.0
01571500,04-09,187.0,228,288,363,606,772,996.0
01571500,04-10,195.0,226,278,374,576,787,1010.0
01571500,04-11,193.0,226,280,352,515,755,879.0
01571500,04-12,190.0,232,280,360,546,713,763.0
01571500,04-13,198.0,225,271,380,527,767,959.0
01571500,04-14,201.0,226,266,359,540,777,927.0
01571500,04-15,209.0,219,261,366,531,934,1310.0
01571500,04-16,212.0,229,267,366,636,1230,1420.0
01571500,04-17,205.0,220,259,364,603,1150,1510.0
01571500,04-18,197.0,214,252,356,552,814,1310.0
01571500,04-19,191.0,212,256,340,562,752,1000.0
01571500,04-20,188.0,214,259,354,499,789,926.0
01571500,04-21,181.0,207,257,340,531,807,1080.0
01571500,04-22,196.0,204,268,366,525,804,950.0
01571500,04-23,188.0,218,263,369,537,700,819.0
01571500,04-24,195.0,213,260,368,501,675,915.0
01571500,04-25,195.0,210,260,371,473,646,998.0
01571500,04-26,191.0,215,264,358,470,743,1070.0
01571500,04-27,184.0,210,254,371,474,829,874.0
01571500,04-28,201.0,211,261,358,480,693,770.0
01571500,04-29,202.0,218,263,351,484,652,821.0
01571500,04-30,203.0,217,258,330,497,730,1080.0
01571500,05-01,196.0,208,252,312,484,834,1390.0
01571500,05-02,199.0,220,261,314,472,721,873.0
01571500,05-03,192.0,220,255,327,473,756,892.0
01571500,05-04,189.0,213,245,319,526,670,896.0
01571500,05-05,204.0,214,257,325,520,701,899.0
01571500,05-06,202.0,215,261,349,504,812,1030.0
01571500,05-07,199.0,211,253,340,508,669,1220.0
01571500,05-08,200.0,210,259,326,469,677,952.0
01571500,05-09,203.0,215,258,328,504,742,873.0
01571500,05-10,200.0,211,253,341,495,691,820.0
01571500,05-11,199.0,210,251,322,459,639,742.0
01571500,05-12,194.0,209,248,326,481,602,971.0
01571500,05-13,194.0,199,251,348,464,698,805.0
01571500,05-14,187.0,198,245,343,464,656,910.0
01571500,05-15,179.0,190,242,316,453,577,966.0
01571500,05-16,177.0,192,233,325,458,593,1120.0
01571500,05-17,176.0,189,233,325,432,686,1150.0
01571500,05-18,180.0,190,228,322,441,739,924.0
01571500,05-19,172.0,192,226,307,433,759,1080.0
01571500,05-20,172.0,187,222,290,412,665,984.0
01571500,05-21,168.0,188,212,305,426,719,867.0
01571500,05-22,164.0,183,217,305,406,687,731.0
01571500,05-23,169.0,182,211,311,399,601,743.0
01571500,05-24,172.0,184,215,301,398,601,729.0
01571500,05-25,174.0,180,211,297,364,585,685.0
01571500,05-26,161.0,182,203,290,389,580,654.0
01571500,05-27,169.0,179,208,276,368,501,622.0
01571500,05-28,167.0,178,220,276,374,528,733.0
01571500,05-29,165.0,175,215,272,407,602,1400.0
01571500,05-30,164.0,169,207,269,384,614,837.0
01571500,05-31,161.0,168,202,270,380,556,724.0
01571500,06-01,151.0,166,199,274,386,512,681.0
01571500,06-02,150.0,164,196,268,386,517,636.0
01571500,06-03,158.0,180,208,286,384,512,651.0
01571500,06-04,154.0,177,206,276,397,494,550.0
01571500,06-05,145.0,166,204,273,393,496,633.0
01571500,06-06,140.0,165,197,278,369,658,759.0
01571500,06-07,154.0,165,203,283,348,485,570.0
01571500,06-08,150.0,161,198,264,323,414,479.0
01571500,06-09,146.0,159,206,260,313,405,435.0
01571500,06-10,140.0,155,202,268,305,365,430.0
01571500,06-11,132.0,153,191,243,318,444,564.0
01571500,06-12,129.0,152,190,245,316,502,540.0
01571500,06-13,130.0,154,184,250,344,506,715.0
01571500,06-14,145.0,160,186,236,319,433,680.0
01571500,06-15,143.0,150,179,241,292,419,498.0
01571500,06-16,139.0,148,184,230,286,453,575.0
01571500,06-17,135.0,146,170,224,310,495,613.0
01571500,06-18,132.0,145,168,221,293,463,672.0
01571500,06-19,128.0,142,178,222,300,472,661.0
01571500,06-20,127.0,140,177,225,294,449,572.0
01571500,06-21,127.0,134,172,211,289,479,695.0
01571500,06-22,120.0,141,173,216,303,520,775.0
01571500,06-23,121.0,147,172,215,290,381,584.0
01571500,06-24,121.0,151,176,205,279,436,480.0
01571500,06-25,121.0,147,172,207,278,443,624.0
01571500,06-26,117.0,141,171,201,256,391,495.0
01571500,06-27,118.0,136,164,195,288,388,648.0
01571500,06-28,120.0,136,160,206,273,365,735.0
01571500,06-29,116.0,133,154,200,256,338,610.0
01571500,06-30,114.0,129,151,196,251,366,501.0
01571500,07-01,108.0,127,151,192,239,323,472.0
01571500,07-02,107.0,129,155,193,242,391,571.0
01571500,07-03,105.0,128,150,182,241,387,470.0
01571500,07-04,104.0,129,147,181,233,348,480.0
01571500,07-05,103.0,126,146,184,231,335,505.0
01571500,07-06,104.0,124,149,178,224,366,481.0
01571500,07-07,107.0,121,146,174,222,381,493.0
01571500,07-08,108.0,127,143,183,221,355,534.0
01571500,07-09,109.0,123,144,176,234,362,472.0
01571500,07-10,108.0,125,147,175,228,353,422.0
01571500,07-11,104.0,117,142,177,231,329,427.0
01571500,07-12,109.0,119,139,176,227,346,475.0
01571500,07-13,113.0,120,139,178,229,351,482.0
01571500,07-14,114.0,122,136,178,247,368,441.0
01571500,07-15,101.0,114,139,177,270,358,432.0
01571500,07-16,98.0,112,137,173,249,317,409.0
01571500,07-17,97.0,113,135,170,233,320,394.0
01571500,07-18,97.0,111,132,171,226,279,335.0
01571500,07-19,98.0,109,134,168,212,275,308.0
01571500,07-20,99.0,107,134,166,208,292,386.0
01571500,07-21,102.0,109,130,167,223,302,399.0
01571500,07-22,100.0,109,133,167,235,339,602.0
01571500,07-23,98.0,113,135,171,227,354,549.0
01571500,07-24,99.0,111,141,170,218,384,890.0
01571500,07-25,103.0,109,143,169,224,351,451.0
01571500,07-26,98.0,107,143,168,212,305,463.0
01571500,07-27,95.0,105,139,162,222,327,490.0
01571500,07-28,96.0,103,134,165,218,320,541.0
01571500,07-29,95.0,103,135,166,214,335,391.0
01571500,07-30,94.0,103,133,168,218,307,442.0
01571500,07-31,96.0,105,133,162,200,303,385.0
01571500,08-01,97.0,109,133,154,210,310,358.0
01571500,08-02,96.0,102,130,155,207,300,457.0
01571500,08-03,94.0,104,129,158,208,302,470.0
01571500,08-04,92.0,105,129,159,243,356,631.0
01571500,08-05,99.0,110,130,161,243,376,596.0
01571500,08-06,91.0,106,131,159,221,324,573.0
01571500,08-07,94.0,104,130,169,222,320,407.0
01571500,08-08,93.0,104,133,166,217,292,417.0
01571500,08-09,94.0,106,132,165,211,346,508.0
01571500,08-10,97.0,106,131,163,211,296,409.0
01571500,08-11,98.0,103,130,162,217,296,363.0
01571500,08-12,94.0,101,129,162,231,314,383.0
01571500,08-13,99.0,106,132,162,215,418,549.0
01571500,08-14,98.0,108,131,159,205,376,490.0
01571500,08-15,97.0,105,132,154,210,292,409.0
01571500,08-16,97.0,102,127,157,193,282,364.0
01571500,08-17,94.0,99,127,159,195,282,357.0
01571500,08-18,93.0,97,127,157,198,277,417.0
01571500,08-19,93.0,101,124,162,196,288,632.0
01571500,08-20,94.0,105,126,161,207,312,451.0
01571500,08-21,92.0,104,128,161,217,334,394.0
01571500,08-22,98.0,104,125,153,209,310,523.0
01571500,08-23,95.0,103,124,153,209,303,447.0
01571500,08-24,93.0,102,124,150,190,284,349.0
01571500,08-25,95.0,100,123,147,194,270,313.0
01571500,08-26,94.0,100,124,147,190,253,306.0
01571500,08-27,96.0,101,123,145,183,271,337.0
01571500,08-28,96.0,101,125,145,182,301,409.0
01571500,08-29,93.0,100,117,148,177,279,305.0
01571500,08-30,93.0,98,117,147,174,243,268.0
01571500,08-31,94.0,102,120,145,180,251,382.0
01571500,09-01,95.0,101,118,146,187,235,454.0
01571500,09-02,95.0,100,120,143,188,314,454.0
01571500,09-03,94.0,98,124,148,184,254,365.0
01571500,09-04,94.0,96,121,142,183,252,297.0
01571500,09-05,91.0,97,120,141,179,231,311.0
01571500,09-06,89.0,99,123,145,188,285,409.0
01571500,09-07,88.0,98,120,143,188,309,659.0
01571500,09-08,87.0,98,123,148,191,248,650.0
01571500,09-09,88.0,96,119,146,181,304,654.0
01571500,09-10,93.0,99,122,148,179,289,519.0
01571500,09-11,87.0,100,124,146,181,331,562.0
01571500,09-12,88.0,99,118,142,186,301,421.0
01571500,09-13,88.0,103,116,141,186,274,498.0
01571500,09-14,91.0,104,115,139,186,290,480.0
01571500,09-15,90.0,100,118,141,183,395,702.0
01571500,09-16,92.0,101,116,146,181,334,536.0
01571500,09-17,94.0,101,118,142,184,288,572.0
01571500,09-18,91.0,98,119,143,174,313,634.0
01571500,09-19,92.0,98,120,140,172,374,640.0
01571500,09-20,91.0,99,119,144,177,326,395.0
01571500,09-21,93.0,99,120,143,187,284,434.0
01571500,09-22,92.0,101,120,148,185,256,588.0
01571500,09-23,94.0,104,124,149,181,437,566.0
01571500,09-24,100.0,106,119,146,180,376,540.0
01571500,09-25,93.0,102,119,145,182,357,766.0
01571500,09-26,96.0,102,120,144,185,364,517.0
01571500,09-27,96.0,102,122,147,202,330,488.0
01571500,09-28,96.0,102,120,152,220,368,1060.0
01571500,09-29,98.0,104,126,153,190,333,1040.0
01571500,09-30,98.0,104,122,147,181,390,864.0
01571500,10-01,102.0,108,121,148,197,353,769.0
01571500,10-02,99.0,111,121,149,206,427,618.0
01571500,10-03,98.0,110,119,145,189,340,548.0
01571500,10-04,100.0,107,119,146,187,319,563.0
01571500,10-05,94.0,103,118,144,180,300,513.0
01571500,10-06,93.0,104,120,145,184,283,465.0
01571500,10-07,98.0,103,118,151,178,284,437.0
01571500,10-08,96.0,106,121,142,182,271,422.0
01571500,10-09,96.0,107,123,144,191,342,443.0
01571500,10-10,97.0,107,120,149,188,288,433.0
01571500,10-11,97.0,105,121,147,192,267,472.0
01571500,10-12,96.0,102,121,148,184,308,420.0
01571500,10-13,97.0,102,122,149,184,314,522.0
01571500,10-14,97.0,103,125,150,189,365,615.0
01571500,10-15,100.0,106,125,147,199,382,516.0
01571500,10-16,97.0,103,124,150,200,342,461.0
01571500,10-17,99.0,104,124,151,200,334,433.0
01571500,10-18,98.0,107,123,149,201,324,433.0
01571500,10-19,97.0,109,124,151,206,363,573.0
01571500,10-20,97.0,108,122,153,210,367,727.0
01571500,10-21,99.0,109,123,149,201,396,694.0
01571500,10-22,101.0,111,122,148,207,356,469.0
01571500,10-23,106.0,112,121,147,216,364,514.0
01571500,10-24,106.0,112,125,151,211,355,507.0
01571500,10-25,103.0,112,127,155,232,426,517.0
01571500,10-26,103.0,110,127,156,234,432,538.0
01571500,10-27,101.0,109,129,154,248,418,472.0
01571500,10-28,99.0,107,126,157,255,424,524.0
01571500,10-29,99.0,106,125,154,239,419,499.0
01571500,10-30,97.0,106,126,155,255,405,603.0
01571500,10-31,97.0,105,125,153,246,372,597.0
01571500,11-01,97.0,105,127,160,242,353,577.0
01571500,11-02,96.0,110,127,155,270,436,557.0
01571500,11-03,97.0,111,127,161,259,471,556.0
01571500,11-04,97.0,108,128,172,249,349,501.0
01571500,11-05,98.0,110,127,172,249,402,468.0
01571500,11-06,106.0,114,133,168,224,383,447.0
01571500,11-07,104.0,117,133,170,223,358,428.0
01571500,11-08,106.0,116,132,168,257,410,512.0
01571500,11-09,110.0,120,128,164,245,352,514.0
01571500,11-10,111.0,117,129,167,246,347,524.0
01571500,11-11,107.0,119,133,173,249,378,545.0
01571500,11-12,112.0,115,135,179,271,381,529.0
01571500,11-13,111.0,114,133,181,271,379,461.0
01571500,11-14,107.0,115,128,173,262,350,394.0
01571500,11-15,105.0,115,131,177,255,358,447.0
01571500,11-16,105.0,116,133,188,252,326,460.0
01571500,11-17,104.0,114,134,184,242,379,641.0
01571500,11-18,104.0,115,133,186,267,365,455.0
01571500,11-19,106.0,112,137,183,257,344,455.0
01571500,11-20,103.0,114,134,197,266,341,399.0
01571500,11-21,101.0,117,135,195,251,370,444.0
01571500,11-22,98.0,117,141,194,256,380,517.0
01571500,11-23,100.0,114,140,191,249,368,441.0
01571500,11-24,104.0,116,140,200,248,351,410.0
01571500,11-25,109.0,119,141,195,243,345,580.0
01571500,11-26,115.0,122,145,195,257,346,521.0
01571500,11-27,111.0,121,139,194,245,359,550.0
01571500,11-28,111.0,120,148,193,248,398,582.0
01571500,11-29,116.0,123,156,201,263,550,819.0
01571500,11-30,114.0,126,154,201,271,513,752.0
01571500,12-01,117.0,126,144,204,281,536,691.0
01571500,12-02,116.0,123,149,200,270,507,691.0
01571500,12-03,112.0,123,153,208,300,498,606.0
01571500,12-04,115.0,121,148,200,287,434,516.0
01571500,12-05,112.0,120,145,200,268,428,670.0
01571500,12-06,114.0,122,141,200,293,464,593.0
01571500,12-07,116.0,122,145,196,298,569,674.0
01571500,12-08,116.0,121,148,193,297,474,743.0
01571500,12-09,117.0,120,145,205,321,472,802.0
01571500,12-10,113.0,120,144,209,316,520,756.0
01571500,12-11,110.0,115,142,217,315,612,788.0
01571500,12-12,113.0,125,159,213,317,576,773.0
01571500,12-13,110.0,125,154,213,332,557,714.0
01571500,12-14,117.0,123,155,210,344,540,740.0
01571500,12-15,115.0,122,159,214,324,526,852.0
01571500,12-16,110.0,117,156,230,334,592,857.0
01571500,12-17,112.0,120,157,217,408,604,736.0
01571500,12-18,114.0,120,163,234,386,596,868.0
01571500,12-19,110.0,125,170,226,363,538,747.0
01571500,12-20,101.0,119,170,222,356,485,616.0
01571500,12-21,109.0,115,164,220,343,569,1190.0
01571500,12-22,105.0,116,162,214,365,571,876.0
01571500,12-23,105.0,115,169,222,461,592,683.0
01571500,12-24,108.0,123,173,244,387,618,728.0
01571500,12-25,110.0,117,162,241,405,598,867.0
01571500,12-26,105.0,117,153,245,426,610,732.0
01571500,12-27,106.0,119,152,239,399,549,708.0
01571500,12-28,101.0,115,155,232,352,504,785.0
01571500,12-29,110.0,119,154,230,355,529,704.0
01571500,12-30,105.0,124,150,230,343,508,657.0
01571500,12-31,97.0,122,148,228,343,480,634.0
01573000,01-01,110.0,146,250,456,868,1460,2080.0
01573000,01-02,114.0,168,285,532,940,1700,2260.0
01573000,01-03,132.0,210,288,500,793,1490,2280.0
01573000,01-04,128.0,195,318,480,717,1400,2120.0
01573000,01-05,112.0,178,272,450,815,1540,1750.0
01573000,01-06,136.0,180,307,452,918,1330,1570.0
01573000,01-07,132.0,170,278,440,842,1150,1860.0
01573000,01-08,142.0,178,250,440,754,1150,2660.0
01573000,01-09,137.0,180,270,425,722,1540,2490.0
01573000,01-10,137.0,169,246,435,749,1700,2380.0
01573000,01-11,130.0,168,228,416,700,1640,1950.0
01573000,01-12,132.0,160,244,460,686,1280,1700.0
01573000,01-13,130.0,150,255,415,699,1140,1380.0
01573000,01-14,128.0,150,250,410,700,1140,1540.0
01573000,01-15,133.0,164,240,426,760,1150,1630.0
01573000,01-16,125.0,164,220,420,795,1160,1650.0
01573000,01-17,124.0,150,240,407,640,887,1430.0
01573000,01-18,132.0,158,230,400,656,1000,1720.0
01573000,01-19,124.0,158,230,412,639,1260,1800.0
01573000,01-20,127.0,160,227,403,759,1350,1850.0
01573000,01-21,128.0,155,230,425,640,1530,2890.0
01573000,01-22,126.0,154,240,423,787,1460,3170.0
01573000,01-23,121.0,140,230,430,740,1660,2120.0
01573000,01-24,124.0,160,250,410,734,1990,3820.0
01573000,01-25,127.0,150,240,384,958,2100,4020.0
01573000,01-26,122.0,150,230,390,1170,2450,2650.0
01573000,01-27,120.0,149,220,382,1010,1780,2660.0
01573000,01-28,119.0,157,230,380,1000,1710,2350.0
01573000,01-29,119.0,149,220,367,903,1630,2170.0
01573000,01-30,121.0,144,225,408,807,1320,1640.0
01573000,01-31,109.0,140,230,399,870,1310,1950.0
01573000,02-01,104.0,144,220,384,836,1400,1740.0
01573000,02-02,117.0,140,235,370,822,1310,1620.0
01573000,02-03,120.0,140,240,420,818,1660,2300.0
01573000,02-04,114.0,144,230,468,779,1880,2890.0
01573000,02-05,114.0,150,240,441,863,1400,2130.0
01573000,02-06,114.0,159,240,430,775,1090,1680.0
01573000,02-07,121.0,159,242,473,841,1510,1870.0
01573000,02-08,117.0,166,240,496,799,1340,1780.0
01573000,02-09,120.0,150,240,460,770,1110,1350.0
01573000,02-10,124.0,149,250,428,711,1090,1180.0
01573000,02-11,127.0,174,256,420,741,1230,1760.0
01573000,02-12,134.0,180,270,412,669,1290,1940.0
01573000,02-13,137.0,170,270,400,661,1310,2060.0
01573000,02-14,145.0,170,270,444,785,1320,2650.0
01573000,02-15,150.0,180,290,470,800,1670,2620.0
01573000,02-16,154.0,184,300,475,784,1400,2180.0
01573000,02-17,148.0,207,316,480,825,1590,2090.0
01573000,02-18,147.0,206,297,550,878,1400,1840.0
01573000,02-19,145.0,210,300,500,874,1800,2200.0
01573000,02-20,142.0,198,274,480,820,1730,2200.0
01573000,02-21,139.0,198,300,475,974,1760,2420.0
01573000,02-22,170.0,206,293,475,978,1930,2900.0
01573000,02-23,164.0,225,303,570,1130,2060,2610.0
01573000,02-24,161.0,222,330,585,1130,2620,3400.0
01573000,02-25,164.0,220,332,605,1240,2290,3880.0
01573000,02-26,176.0,220,310,690,1220,2310,3160.0
01573000,02-27,158.0,200,310,603,1060,2110,2910.0
01573000,02-28,164.0,192,344,630,1080,1990,2600.0
01573000,02-29,168.0,220,362,592,1110,1860,1930.0
01573000,03-01,158.0,195,356,606,1230,1960,2520.0
01573000,03-02,168.0,200,349,587,1100,1860,3280.0
01573000,03-03,174.0,209,403,594,945,1860,2410.0
01573000,03-04,180.0,248,419,700,1230,1980,2510.0
01573000,03-05,185.0,269,454,686,1360,2020,3770.0
01573000,03-06,185.0,266,440,698,1310,2420,4290.0
01573000,03-07,204.0,258,449,744,1270,2230,3840.0
01573000,03-08,221.0,302,420,764,1160,1830,3360.0
01573000,03-09,222.0,322,467,792,1180,1980,2590.0
01573000,03-10,256.0,299,461,723,1120,2140,3040.0
01573000,03-11,248.0,285,479,705,1070,2250,3270.0
01573000,03-12,245.0,316,494,677,1150,2150,4260.0
01573000,03-13,235.0,337,525,745,1270,2320,3030.0
01573000,03-14,244.0,335,491,745,1300,2300,2950.0
01573000,03-15,236.0,317,480,791,1280,2540,3000.0
01573000,03-16,242.0,307,477,732,1360,1900,2230.0
01573000,03-17,254.0,301,471,807,1340,1880,2380.0
01573000,03-18,275.0,340,484,756,1150,1960,2440.0
01573000,03-19,274.0,361,520,776,1250,1770,2190.0
01573000,03-20,260.0,345,558,833,1150,2160,2810.0
01573000,03-21,254.0,344,547,808,1160,2000,3170.0
01573000,03-22,238.0,312,520,846,1410,2710,3660.0
01573000,03-23,233.0,298,479,862,1310,2450,3640.0
01573000,03-24,223.0,325,521,860,1340,2080,3060.0
01573000,03-25,244.0,335,528,845,1310,1920,3050.0
01573000,03-26,248.0,365,542,770,1170,1660,3170.0
01573000,03-27,243.0,312,532,726,1050,2060,2930.0
01573000,03-28,250.0,358,517,725,1090,2210,3490.0
01573000,03-29,250.0,339,490,714,1180,2060,3110.0
01573000,03-30,249.0,318,468,709,1200,1730,2290.0
01573000,03-31,278.0,374,460,666,1070,2030,2600.0
01573000,04-01,283.0,357,488,746,1110,2020,3550.0
01573000,04-02,268.0,366,505,741,1360,2160,2880.0
01573000,04-03,259.0,338,491,726,1280,1910,3450.0
01573000,04-04,288.0,332,472,695,1270,2340,3380.0
01573000,04-05,283.0,322,458,654,1260,2440,3360.0
01573000,04-06,275.0,340,474,693,1150,2480,2990.0
01573000,04-07,274.0,332,460,646,1160,2200,4240.0
01573000,04-08,290.0,333,447,709,1260,1900,2600.0
01573000,04-09,256.0,337,438,660,1230,1870,2340.0
01573000,04-10,254.0,320,415,628,1120,1770,2540.0
01573000,04-11,252.0,309,392,649,1060,1550,1920.0
01573000,04-12,253.0,287,380,695,1090,1640,2350.0
01573000,04-13,255.0,300,405,707,1100,1730,2160.0
01573000,04-14,248.0,285,390,655,1150,1710,2640.0
01573000,04-15,249.0,277,389,648,1200,2020,2500.0
01573000,04-16,247.0,277,408,682,1150,2220,3210.0
01573000,04-17,225.0,269,401,700,1120,2430,4010.0
01573000,04-18,208.0,269,375,640,1010,1640,2480.0
01573000,04-19,200.0,273,357,612,990,1610,1990.0
01573000,04-20,195.0,240,357,589,985,1450,2010.0
01573000,04-21,181.0,222,347,574,888,1240,1740.0
01573000,04-22,198.0,237,346,602,868,1330,1640.0
01573000,04-23,216.0,254,329,584,871,1310,1780.0
01573000,04-24,213.0,244,349,568,801,1370,1550.0
01573000,04-25,194.0,233,365,544,785,1220,1520.0
01573000,04-26,198.0,226,365,560,783,1160,1690.0
01573000,04-27,193.0,232,360,527,817,1420,1790.0
01573000,04-28,192.0,228,343,511,817,1410,2220.0
01573000,04-29,192.0,248,335,471,718,1300,1760.0
01573000,04-30,201.0,236,340,470,705,1120,2300.0
01573000,05-01,203.0,252,328,445,745,1590,2380.0
01573000,05-02,214.0,249,320,460,726,1300,1650.0
01573000,05-03,219.0,261,335,468,770,1360,1770.0
01573000,05-04,217.0,255,317,477,793,1440,2130.0
01573000,05-05,189.0,250,313,471,872,1470,1690.0
01573000,05-06,183.0,246,289,459,786,1300,1890.0
01573000,05-07,192.0,240,282,442,860,1450,2270.0
01573000,05-08,194.0,236,282,450,752,1410,2060.0
01573000,05-09,197.0,230,296,438,820,1560,2110.0
01573000,05-10,184.0,222,272,482,775,1520,2190.0
01573000,05-11,181.0,211,292,452,719,1500,1920.0
01573000,05-12,188.0,219,287,444,845,1410,2070.0
01573000,05-13,172.0,204,289,447,802,1470,2720.0
01573000,05-14,182.0,202,273,441,840,1330,2360.0
01573000,05-15,173.0,188,268,441,825,1330,2070.0
01573000,05-16,167.0,202,269,502,798,1500,2030.0
01573000,05-17,159.0,194,256,462,807,1540,3060.0
01573000,05-18,150.0,189,250,475,780,1370,1960.0
01573000,05-19,169.0,188,265,431,749,1490,2370.0
01573000,05-20,165.0,193,264,440,810,1360,2530.0
01573000,05-21,168.0,189,261,436,849,1440,2610.0
01573000,05-22,147.0,179,254,394,721,1300,1930.0
01573000,05-23,146.0,169,241,400,657,1370,1920.0
01573000,05-24,144.0,169,241,391,680,1360,1790.0
01573000,05-25,139.0,173,229,364,667,1260,1860.0
01573000,05-26,122.0,162,230,348,605,1320,2790.0
01573000,05-27,129.0,159,234,340,626,1410,2040.0
01573000,05-28,135.0,152,248,329,629,1200,1700.0
01573000,05-29,117.0,140,231,322,745,1490,2310.0
01573000,05-30,116.0,138,212,315,782,1360,2400.0
01573000,05-31,114.0,129,193,299,688,1270,2960.0
01573000,06-01,118.0,131,190,280,635,1520,2540.0
01573000,06-02,110.0,130,178,279,599,1440,2300.0
01573000,06-03,106.0,138,169,283,611,1440,1790.0
01573000,06-04,118.0,138,173,303,583,1040,1840.0
01573000,06-05,102.0,128,168,260,562,1070,1580.0
01573000,06-06,98.0,127,170,294,630,1400,1860.0
01573000,06-07,96.0,118,164,283,541,1170,1540.0
01573000,06-08,90.0,112,154,289,539,933,1180.0
01573000,06-09,100.0,110,151,269,540,807,1080.0
01573000,06-10,95.0,113,162,293,488,780,1140.0
01573000,06-11,89.0,103,159,279,460,685,1340.0
01573000,06-12,96.0,109,150,250,493,907,1680.0
01573000,06-13,100.0,114,150,260,569,1150,1560.0
01573000,06-14,95.0,111,149,294,510,848,1400.0
01573000,06-15,97.0,114,147,248,494,746,1150.0
01573000,06-16,94.0,104,152,240,426,649,1050.0
01573000,06-17,88.0,96,141,247,401,671,853.0
01573000,06-18,86.0,94,135,227,445,855,1810.0
01573000,06-19,82.0,96,129,214,524,1110,1310.0
01573000,06-20,82.0,94,133,221,439,934,1430.0
01573000,06-21,77.0,90,129,226,382,795,2530.0
01573000,06-22,71.0,85,118,219,452,1030,1550.0
01573000,06-23,69.0,78,118,226,430,719,1330.0
01573000,06-24,71.0,83,123,228,454,956,1250.0
01573000,06-25,67.0,84,127,204,367,786,1280.0
01573000,06-26,64.0,83,122,210,357,777,1330.0
01573000,06-27,59.0,75,115,210,347,803,1940.0
01573000,06-28,59.0,75,119,196,375,1100,2120.0
01573000,06-29,58.0,75,114,202,400,1140,1780.0
01573000,06-30,58.0,73,112,186,459,918,1930.0
01573000,07-01,62.0,67,111,177,386,815,2110.0
01573000,07-02,55.0,68,107,178,407,1040,1750.0
01573000,07-03,58.0,66,100,190,460,1030,1660.0
01573000,07-04,57.0,69,95,173,387,947,1150.0
01573000,07-05,59.0,70,101,158,361,823,1260.0
01573000,07-06,62.0,71,98,168,349,821,1150.0
01573000,07-07,58.0,67,89,185,366,770,1090.0
01573000,07-08,56.0,68,95,172,333,795,1730.0
01573000,07-09,50.0,73,92,160,384,864,1320.0
01573000,07-10,46.0,69,94,156,310,767,1190.0
01573000,07-11,51.0,70,92,143,339,679,937.0
01573000,07-12,51.0,65,84,150,330,651,1230.0
01573000,07-13,49.0,64,84,161,371,768,974.0
01573000,07-14,49.0,62,89,168,360,761,1240.0
01573000,07-15,50.0,64,81,160,375,823,1170.0
01573000,07-16,50.0,55,80,158,444,853,1190.0
01573000,07-17,48.0,53,76,141,327,658,1390.0
01573000,07-18,44.0,51,81,134,281,622,1430.0
01573000,07-19,41.0,47,81,131,263,558,1210.0
01573000,07-20,42.0,51,79,149,238,529,1210.0
01573000,07-21,38.0,49,76,143,252,512,1230.0
01573000,07-22,36.0,47,75,142,300,676,1100.0
01573000,07-23,35.0,46,84,158,372,1120,1710.0
01573000,07-24,37.0,52,74,153,326,1120,2070.0
01573000,07-25,38.0,48,79,150,311,658,1280.0
01573000,07-26,38.0,46,82,133,292,593,1030.0
01573000,07-27,38.0,45,79,132,302,825,1210.0
01573000,07-28,36.0,46,77,129,256,577,878.0
01573000,07-29,35.0,46,77,133,257,530,1410.0
01573000,07-30,35.0,42,80,134,246,592,1220.0
01573000,07-31,34.0,41,86,137,273,657,806.0
01573000,08-01,33.0,43,76,133,301,673,1490.0
01573000,08-02,31.0,40,75,137,313,873,1210.0
01573000,08-03,30.0,41,78,134,308,651,914.0
01573000,08-04,29.0,42,78,128,304,751,1550.0
01573000,08-05,27.0,42,78,126,236,673,1550.0
01573000,08-06,27.0,41,81,120,239,535,816.0
01573000,08-07,30.0,42,75,114,280,754,995.0
01573000,08-08,27.0,45,70,110,275,644,1050.0
01573000,08-09,34.0,48,75,119,240,640,1020.0
01573000,08-10,31.0,47,77,125,260,647,1120.0
01573000,08-11,33.0,46,77,131,269,735,806.0
01573000,08-12,30.0,43,76,129,248,547,1240.0
01573000,08-13,30.0,43,74,127,301,671,2880.0
01573000,08-14,29.0,44,75,131,273,1210,1810.0
01573000,08-15,35.0,47,72,120,224,786,1200.0
01573000,08-16,34.0,44,72,109,214,593,1010.0
01573000,08-17,38.0,47,71,114,192,480,852.0
01573000,08-18,33.0,45,64,108,214,536,1200.0
01573000,08-19,31.0,39,58,112,229,503,939.0
01573000,08-20,35.0,43,63,125,193,398,677.0
01573000,08-21,35.0,42,59,122,213,488,1080.0
01573000,08-22,33.0,45,61,117,256,598,1200.0
01573000,08-23,36.0,44,68,116,190,760,1480.0
01573000,08-24,34.0,43,63,115,172,647,974.0
01573000,08-25,33.0,40,59,108,163,614,857.0
01573000,08-26,33.0,38,55,101,160,535,728.0
01573000,08-27,32.0,37,55,96,152,450,674.0
01573000,08-28,32.0,37,63,94,162,606,1270.0
01573000,08-29,32.0,40,59,106,210,452,894.0
01573000,08-30,30.0,38,60,92,179,468,712.0
01573000,08-31,25.0,35,56,90,174,451,791.0
01573000,09-01,28.0,34,51,94,188,454,766.0
01573000,09-02,29.0,37,55,91,216,568,1500.0
01573000,09-03,27.0,33,58,93,248,554,1030.0
01573000,09-04,28.0,35,55,100,223,719,1170.0
01573000,09-05,30.0,35,53,101,205,593,767.0
01573000,09-06,28.0,39,56,102,213,566,1080.0
01573000,09-07,25.0,38,59,110,238,743,1850.0
01573000,09-08,26.0,38,55,105,210,632,719.0
01573000,09-09,25.0,35,58,98,199,530,1040.0
01573000,09-10,24.0,35,62,99,195,520,822.0
01573000,09-11,22.0,33,57,104,206,463,690.0
01573000,09-12,23.0,32,59,94,185,419,794.0
01573000,09-13,28.0,39,55,95,203,475,820.0
01573000,09-14,29.0,39,61,92,202,453,1290.0
01573000,09-15,29.0,35,59,97,222,568,970.0
01573000,09-16,28.0,34,54,99,237,548,1060.0
01573000,09-17,29.0,37,55,95,208,482,809.0
01573000,09-18,30.0,37,56,91,213,798,1250.0
01573000,09-19,27.0,34,56,93,231,695,1260.0
01573000,09-20,27.0,36,55,87,239,642,1090.0
01573000,09-21,25.0,34,58,91,217,519,1060.0
01573000,09-22,24.0,34,63,108,211,721,1130.0
01573000,09-23,24.0,33,64,102,233,726,1310.0
01573000,09-24,25.0,34,61,93,203,729,1060.0
01573000,09-25,22.0,35,56,91,211,719,1220.0
01573000,09-26,26.0,35,57,90,251,622,1020.0
01573000,09-27,24.0,34,59,96,357,640,1260.0
01573000,09-28,21.0,31,59,114,362,759,1820.0
01573000,09-29,23.0,36,65,114,303,613,1540.0
01573000,09-30,21.0,36,69,121,297,935,2230.0
01573000,10-01,28.0,41,69,120,319,904,1870.0
01573000,10-02,26.0,41,69,129,312,871,1620.0
01573000,10-03,28.0,39,67,124,340,931,1520.0
01573000,10-04,28.0,41,66,125,289,777,1300.0
01573000,10-05,30.0,39,66,123,302,803,1140.0
01573000,10-06,29.0,38,68,140,299,835,1200.0
01573000,10-07,31.0,41,68,136,313,656,1080.0
01573000,10-08,35.0,51,69,137,302,614,954.0
01573000,10-09,32.0,45,69,144,330,603,890.0
01573000,10-10,32.0,45,66,131,290,743,1200.0
01573000,10-11,32.0,45,61,132,320,573,922.0
01573000,10-12,31.0,43,71,142,255,533,900.0
01573000,10-13,30.0,43,69,146,258,468,965.0
01573000,10-14,30.0,41,69,149,264,670,1030.0
01573000,10-15,34.0,46,67,152,272,672,1250.0
01573000,10-16,34.0,45,72,147,296,636,1000.0
01573000,10-17,33.0,44,72,143,311,743,1120.0
01573000,10-18,37.0,46,74,135,347,815,1380.0
01573000,10-19,40.0,49,73,155,354,969,1730.0
01573000,10-20,40.0,52,76,158,290,827,1450.0
01573000,10-21,38.0,50,81,139,309,780,2200.0
01573000,10-22,36.0,45,76,140,293,712,1650.0
01573000,10-23,35.0,46,74,152,373,933,1640.0
01573000,10-24,36.0,47,86,152,400,867,1770.0
01573000,10-25,42.0,50,93,155,398,1140,1760.0
01573000,10-26,44.0,54,97,172,414,1290,1850.0
01573000,10-27,41.0,52,91,173,479,1140,1440.0
01573000,10-28,42.0,53,93,174,500,948,2380.0
01573000,10-29,42.0,50,94,185,472,736,2420.0
01573000,10-30,40.0,51,94,195,467,1170,1940.0
01573000,10-31,35.0,54,98,180,462,1280,1860.0
01573000,11-01,39.0,56,94,214,466,1070,1650.0
01573000,11-02,40.0,53,99,223,516,1090,1870.0
01573000,11-03,44.0,53,98,228,521,1450,2580.0
01573000,11-04,40.0,56,94,267,487,1110,1580.0
01573000,11-05,38.0,50,110,250,620,1000,1390.0
01573000,11-06,42.0,50,118,272,538,872,1050.0
01573000,11-07,40.0,51,118,250,495,816,1210.0
01573000,11-08,40.0,54,116,256,505,959,1620.0
01573000,11-09,39.0,53,114,247,510,817,1700.0
01573000,11-10,41.0,61,109,239,485,1060,1340.0
01573000,11-11,44.0,73,114,250,465,905,1900.0
01573000,11-12,44.0,61,111,250,528,1180,1490.0
01573000,11-13,44.0,63,108,237,588,1440,2250.0
01573000,11-14,48.0,72,116,262,509,1080,1870.0
01573000,11-15,47.0,69,118,280,516,961,1790.0
01573000,11-16,44.0,66,112,280,560,1340,2260.0
01573000,11-17,46.0,68,125,293,606,1610,1900.0
01573000,11-18,50.0,64,122,280,645,1300,2270.0
01573000,11-19,47.0,63,118,294,635,1120,1650.0
01573000,11-20,44.0,60,119,307,706,1240,1600.0
01573000,11-21,50.0,59,126,335,648,1200,2160.0
01573000,11-22,50.0,65,135,362,712,1260,1630.0
01573000,11-23,49.0,65,143,365,630,1090,1940.0
01573000,11-24,52.0,79,184,363,654,978,1260.0
01573000,11-25,57.0,76,169,362,643,1340,2170.0
01573000,11-26,58.0,75,176,396,660,1220,1750.0
01573000,11-27,58.0,79,180,362,682,1360,1710.0
01573000,11-28,56.0,105,183,400,769,1360,2290.0
01573000,11-29,60.0,98,208,429,825,2110,3210.0
01573000,11-30,57.0,99,216,440,913,1720,2410.0
01573000,12-01,76.0,96,239,440,1050,1830,2190.0
01573000,12-02,77.0,99,234,429,805,1540,2830.0
01573000,12-03,71.0,101,222,464,789,1750,2230.0
01573000,12-04,65.0,119,205,447,899,1520,2210.0
01573000,12-05,79.0,115,214,432,971,1560,3270.0
01573000,12-06,72.0,117,228,429,956,1990,3460.0
01573000,12-07,68.0,96,220,410,971,2330,2680.0
01573000,12-08,71.0,89,216,388,863,1940,2450.0
01573000,12-09,75.0,91,207,421,994,1810,2510.0
01573000,12-10,72.0,84,204,453,830,1770,2330.0
01573000,12-11,75.0,99,227,483,912,1810,2370.0
01573000,12-12,76.0,97,239,459,1060,1710,2190.0
01573000,12-13,80.0,120,248,473,950,1630,2610.0
01573000,12-14,75.0,129,257,484,906,1950,2560.0
01573000,12-15,77.0,141,235,463,856,1570,2910.0
01573000,12-16,84.0,133,237,464,960,1590,2170.0
01573000,12-17,78.0,126,245,445,1050,1690,2110.0
01573000,12-18,74.0,131,250,510,996,1530,1850.0
01573000,12-19,66.0,126,241,465,844,1350,1610.0
01573000,12-20,60.0,126,223,493,786,1110,2000.0
01573000,12-21,64.0,120,207,508,764,1360,3530.0
01573000,12-22,66.0,120,195,507,729,1420,2730.0
01573000,12-23,69.0,123,212,489,718,1600,2390.0
01573000,12-24,67.0,127,235,466,888,1850,2140.0
01573000,12-25,75.0,139,257,447,839,1550,2260.0
01573000,12-26,90.0,150,248,443,933,1590,2040.0
01573000,12-27,103.0,147,246,460,913,1370,2010.0
01573000,12-28,104.0,148,235,436,913,1340,1720.0
01573000,12-29,99.0,155,255,430,875,1380,1860.0
01573000,12-30,99.0,155,240,477,768,1250,1870.0
01573000,12-31,84.0,150,230,432,746,1390,1590.0
01573560,01-01,101.0,222,384,790,1150,1770,2590.0
01573560,01-02,91.0,220,381,806,1110,2010,3650.0
01573560,01-03,146.0,234,403,693,1010,1670,3390.0
01573560,01-04,133.0,251,451,743,970,2040,2760.0
01573560,01-05,107.0,246,417,723,1030,2020,2320.0
01573560,01-06,109.0,240,355,648,1260,1810,2020.0
01573560,01-07,128.0,223,327,638,1110,1610,1970.0
01573560,01-08,144.0,201,310,645,998,1540,3230.0
01573560,01-09,159.0,201,299,630,988,2980,4690.0
01573560,01-10,172.0,212,290,570,915,2260,4150.0
01573560,01-11,193.0,221,292,604,873,2180,2630.0
01573560,01-12,198.0,216,311,655,1100,1680,2500.0
01573560,01-13,194.0,220,359,639,1130,1750,2550.0
01573560,01-14,190.0,202,329,640,1060,1820,2760.0
01573560,01-15,170.0,200,295,593,1040,1430,2130.0
01573560,01-16,165.0,191,246,555,1020,1830,2820.0
01573560,01-17,164.0,181,263,538,1020,1520,2380.0
01573560,01-18,155.0,191,260,577,978,1580,2360.0
01573560,01-19,148.0,172,263,633,916,1400,3070.0
01573560,01-20,136.0,167,316,640,1080,2490,3910.0
01573560,01-21,148.0,160,292,612,976,2180,5920.0
01573560,01-22,131.0,157,290,589,984,1690,3700.0
01573560,01-23,150.0,171,308,513,881,2480,2820.0
01573560,01-24,154.0,181,316,515,900,3430,6460.0
01573560,01-25,158.0,175,316,573,1320,2590,5690.0
01573560,01-26,160.0,180,323,617,1760,3260,5030.0
01573560,01-27,162.0,172,307,546,1690,2760,8830.0
01573560,01-28,161.0,172,301,563,1490,2870,5860.0
01573560,01-29,161.0,172,284,571,1330,2450,3600.0
01573560,01-30,158.0,180,295,584,1180,2030,3120.0
01573560,01-31,171.0,183,294,550,1140,1720,3240.0
01573560,02-01,176.0,205,303,629,1150,2020,2360.0
01573560,02-02,198.0,236,352,673,1180,2040,3550.0
01573560,02-03,191.0,231,372,697,1230,2360,3530.0
01573560,02-04,185.0,221,358,702,1300,3410,4590.0
01573560,02-05,180.0,202,335,666,1310,2730,4180.0
01573560,02-06,183.0,203,317,653,1120,1940,2750.0
01573560,02-07,175.0,213,320,642,1070,1810,2270.0
01573560,02-08,171.0,202,337,649,1150,1640,2540.0
01573560,02-09,176.0,192,324,650,1000,1360,1630.0
01573560,02-10,171.0,191,322,563,898,1350,1460.0
01573560,02-11,175.0,191,372,601,875,1360,1860.0
01573560,02-12,180.0,197,364,598,928,1290,3170.0
01573560,02-13,183.0,222,367,602,854,1630,2390.0
01573560,02-14,178.0,217,375,610,841,1460,2060.0
01573560,02-15,197.0,243,365,591,969,1460,2070.0
01573560,02-16,192.0,221,399,664,1030,1610,2920.0
01573560,02-17,180.0,211,424,658,1100,1940,3130.0
01573560,02-18,175.0,223,436,666,1180,2440,2670.0
01573560,02-19,173.0,226,390,652,966,2190,2870.0
01573560,02-20,168.0,289,389,654,1010,2150,2880.0
01573560,02-21,183.0,311,425,669,1190,2040,3530.0
01573560,02-22,226.0,312,454,692,1250,2100,3220.0
01573560,02-23,227.0,304,454,741,1320,2710,2900.0
01573560,02-24,273.0,330,484,805,1890,3060,4720.0
01573560,02-25,277.0,334,509,919,1770,3970,6880.0
01573560,02-26,276.0,332,494,864,1790,2730,4960.0
01573560,02-27,257.0,301,526,824,1490,2290,3240.0
01573560,02-28,225.0,299,565,813,1320,2280,2740.0
01573560,02-29,,379,646,912,1960,2490,
01573560,03-01,204.0,317,570,855,1390,1930,2450.0
01573560,03-02,195.0,345,585,850,1290,2060,4700.0
01573560,03-03,257.0,413,566,851,1200,2890,3120.0
01573560,03-04,256.0,388,592,952,1500,2450,2810.0
01573560,03-05,298.0,398,576,923,1540,2410,7040.0
01573560,03-06,305.0,432,582,883,1530,2620,6050.0
01573560,03-07,287.0,449,592,822,1450,2560,5230.0
01573560,03-08,261.0,422,620,911,1370,2010,3930.0
01573560,03-09,314.0,433,605,832,1410,2470,3440.0
01573560,03-10,320.0,427,602,847,1420,2940,5080.0
01573560,03-11,378.0,410,615,871,1470,2900,4250.0
01573560,03-12,374.0,495,585,973,1460,2470,4640.0
01573560,03-13,328.0,472,623,1030,1720,2990,3400.0
01573560,03-14,325.0,440,631,1110,1610,3280,4000.0
01573560,03-15,354.0,439,646,994,1440,3580,5480.0
01573560,03-16,365.0,432,613,940,1400,2640,4320.0
01573560,03-17,374.0,438,640,940,1370,2440,3040.0
01573560,03-18,384.0,426,642,993,1380,2500,2980.0
01573560,03-19,364.0,434,675,978,1410,2220,2460.0
01573560,03-20,358.0,418,647,1040,1490,2090,3210.0
01573560,03-21,327.0,402,658,1020,1670,2840,3740.0
01573560,03-22,303.0,384,653,1030,2070,4840,6920.0
01573560,03-23,304.0,386,606,931,1860,3350,6990.0
01573560,03-24,322.0,389,672,1020,2060,3410,4650.0
01573560,03-25,316.0,399,627,912,1660,2460,4040.0
01573560,03-26,316.0,411,639,901,1400,2080,4640.0
01573560,03-27,326.0,369,606,876,1410,2670,6790.0
01573560,03-28,333.0,356,574,951,1510,3780,7060.0
01573560,03-29,332.0,366,555,886,1860,4120,5690.0
01573560,03-30,329.0,359,543,871,1910,2930,4600.0
01573560,03-31,360.0,400,557,887,1910,2770,3780.0
01573560,04-01,372.0,402,633,1010,1740,3360,4390.0
01573560,04-02,361.0,392,670,1000,1700,2720,3940.0
01573560,04-03,348.0,370,672,1080,1610,2820,6110.0
01573560,04-04,342.0,403,696,1010,1840,3210,6180.0
01573560,04-05,356.0,394,670,989,1810,2940,4590.0
01573560,04-06,337.0,388,654,913,1400,2940,3230.0
01573560,04-07,318.0,455,645,839,1440,2460,3430.0
01573560,04-08,321.0,437,619,893,1500,2220,3740.0
01573560,04-09,335.0,431,594,883,1560,2210,2870.0
01573560,04-10,353.0,448,549,804,1500,2540,3370.0
01573560,04-11,350.0,440,489,768,1420,2050,3840.0
01573560,04-12,334.0,424,592,861,1440,2210,3780.0
01573560,04-13,344.0,417,566,1070,1370,2560,3080.0
01573560,04-14,333.0,408,533,935,1490,2490,4170.0
01573560,04-15,345.0,396,553,971,1770,2530,3850.0
01573560,04-16,345.0,398,539,977,1890,4150,5790.0
01573560,04-17,330.0,379,499,916,1650,4550,7520.0
01573560,04-18,310.0,359,518,887,1490,3040,4210.0
01573560,04-19,297.0,354,495,812,1370,2620,2880.0
01573560,04-20,283.0,348,490,819,1330,2130,2770.0
01573560,04-21,267.0,330,514,774,1270,1800,2320.0
01573560,04-22,302.0,316,487,805,1160,1760,2580.0
01573560,04-23,296.0,337,484,784,1090,1650,2580.0
01573560,04-24,295.0,321,521,796,1020,1810,2000.0
01573560,04-25,283.0,309,496,748,1020,1660,2090.0
01573560,04-26,274.0,300,489,725,1060,1540,2510.0
01573560,04-27,267.0,293,479,704,1070,1840,2500.0
01573560,04-28,269.0,285,483,704,1050,1650,2250.0
01573560,04-29,259.0,316,479,680,1050,1590,1850.0
01573560,04-30,262.0,307,494,620,997,1660,2730.0
01573560,05-01,255.0,305,471,577,967,2050,5510.0
01573560,05-02,322.0,345,465,631,1020,1630,2810.0
01573560,05-03,306.0,384,443,597,1130,1800,2760.0
01573560,05-04,345.0,376,472,674,1050,1770,2390.0
01573560,05-05,333.0,393,512,680,1320,1730,1780.0
01573560,05-06,320.0,382,488,731,1180,2010,2660.0
01573560,05-07,308.0,377,476,735,1190,1920,4050.0
01573560,05-08,297.0,381,467,662,1050,2070,3090.0
01573560,05-09,279.0,379,463,730,1050,2320,2920.0
01573560,05-10,273.0,357,436,725,1080,1570,2990.0
01573560,05-11,292.0,365,427,629,939,1660,3610.0
01573560,05-12,306.0,351,415,636,978,1820,2520.0
01573560,05-13,294.0,334,429,643,1000,1780,2980.0
01573560,05-14,257.0,318,414,656,1080,2220,3910.0
01573560,05-15,268.0,321,404,625,1010,2280,3890.0
01573560,05-16,260.0,300,397,702,1310,2270,5320.0
01573560,05-17,267.0,297,387,647,1290,3450,5380.0
01573560,05-18,270.0,292,383,619,1160,2070,3320.0
01573560,05-19,269.0,301,423,620,1290,2260,3560.0
01573560,05-20,272.0,317,410,592,1120,2550,4840.0
01573560,05-21,269.0,301,394,576,1120,2030,3000.0
01573560,05-22,246.0,297,395,560,1000,1650,2350.0
01573560,05-23,247.0,300,391,551,910,1520,2310.0
01573560,05-24,248.0,292,385,583,896,1870,2180.0
01573560,05-25,250.0,284,365,520,790,1670,2160.0
01573560,05-26,267.0,283,353,538,749,1480,1890.0
01573560,05-27,248.0,270,375,534,828,1400,2200.0
01573560,05-28,236.0,272,348,509,925,1140,1640.0
01573560,05-29,219.0,291,339,493,964,1530,2570.0
01573560,05-30,203.0,268,335,506,966,1620,3680.0
01573560,05-31,203.0,250,334,492,850,1880,3520.0
01573560,06-01,189.0,236,311,493,772,1910,3140.0
01573560,06-02,171.0,231,296,509,697,2160,2560.0
01573560,06-03,190.0,232,282,520,696,1770,2120.0
01573560,06-04,183.0,220,300,474,955,1510,2330.0
01573560,06-05,172.0,220,327,449,856,1460,2910.0
01573560,06-06,179.0,236,335,491,861,2310,3260.0
01573560,06-07,164.0,225,299,507,785,1820,3620.0
01573560,06-08,151.0,210,278,479,693,1140,2100.0
01573560,06-09,142.0,212,277,453,720,1160,2090.0
01573560,06-10,135.0,215,279,424,664,1260,1980.0
01573560,06-11,137.0,201,290,423,797,1840,3190.0
01573560,06-12,181.0,209,257,411,920,1960,2520.0
01573560,06-13,167.0,200,256,410,940,1860,2770.0
01573560,06-14,174.0,197,270,407,802,1550,3390.0
01573560,06-15,187.0,206,252,404,792,1110,1960.0
01573560,06-16,195.0,220,250,369,735,974,1740.0
01573560,06-17,175.0,211,268,372,669,1110,1870.0
01573560,06-18,196.0,208,262,356,671,1860,2140.0
01573560,06-19,186.0,197,243,345,674,1400,2060.0
01573560,06-20,179.0,197,242,361,636,1340,2360.0
01573560,06-21,164.0,185,242,349,615,2260,4230.0
01573560,06-22,152.0,181,210,333,698,1440,2740.0
01573560,06-23,149.0,173,225,325,692,1560,2410.0
01573560,06-24,149.0,166,218,318,682,1460,2110.0
01573560,06-25,146.0,172,219,316,685,1310,2200.0
01573560,06-26,140.0,170,200,346,730,1140,3580.0
01573560,06-27,135.0,165,213,370,629,1200,2610.0
01573560,06-28,129.0,165,221,341,769,1580,3850.0
01573560,06-29,125.0,180,221,391,604,1270,3670.0
01573560,06-30,119.0,180,225,372,787,1230,2020.0
01573560,07-01,123.0,159,210,329,761,1160,3570.0
01573560,07-02,120.0,160,209,345,730,1220,2210.0
01573560,07-03,131.0,163,211,350,700,889,1590.0
01573560,07-04,131.0,161,202,336,658,859,1350.0
01573560,07-05,117.0,158,192,318,539,1720,3080.0
01573560,07-06,119.0,154,203,303,501,1260,2490.0
01573560,07-07,105.0,154,198,337,530,1780,2220.0
01573560,07-08,102.0,126,182,321,623,1520,2510.0
01573560,07-09,105.0,128,179,314,535,1260,1570.0
01573560,07-10,117.0,140,179,300,530,1050,1380.0
01573560,07-11,116.0,130,182,271,483,935,1150.0
01573560,07-12,108.0,119,165,254,510,1060,1280.0
01573560,07-13,105.0,119,159,287,667,1000,2380.0
01573560,07-14,102.0,125,160,325,608,1880,2640.0
01573560,07-15,102.0,118,153,323,635,1460,2270.0
01573560,07-16,94.0,116,168,280,638,1480,1900.0
01573560,07-17,90.0,112,179,285,529,1030,2030.0
01573560,07-18,93.0,107,180,259,502,1000,2860.0
01573560,07-19,88.0,114,166,261,426,955,1620.0
01573560,07-20,90.0,120,159,258,357,777,1400.0
01573560,07-21,89.0,110,169,253,450,750,1120.0
01573560,07-22,84.0,109,164,255,470,892,1180.0
01573560,07-23,88.0,98,184,242,462,1400,2050.0
01573560,07-24,94.0,122,183,262,724,1640,4200.0
01573560,07-25,103.0,123,166,260,531,888,2640.0
01573560,07-26,108.0,124,165,271,522,1020,1490.0
01573560,07-27,102.0,124,181,257,510,841,2270.0
01573560,07-28,99.0,131,162,240,481,827,1260.0
01573560,07-29,98.0,133,170,230,455,769,1620.0
01573560,07-30,94.0,121,160,275,421,648,1730.0
01573560,07-31,91.0,137,171,260,414,784,1000.0
01573560,08-01,90.0,128,162,243,457,726,1190.0
01573560,08-02,81.0,122,172,234,470,833,1630.0
01573560,08-03,84.0,114,175,229,440,827,1360.0
01573560,08-04,83.0,121,164,205,434,910,1430.0
01573560,08-05,79.0,115,166,226,381,1250,2860.0
01573560,08-06,69.0,131,161,209,363,796,2140.0
01573560,08-07,69.0,121,157,228,491,1710,3070.0
01573560,08-08,78.0,112,153,190,466,1270,2260.0
01573560,08-09,69.0,110,149,219,634,1060,2000.0
01573560,08-10,68.0,110,155,225,628,1470,2100.0
01573560,08-11,71.0,122,146,230,493,977,1700.0
01573560,08-12,72.0,121,155,268,405,958,3630.0
01573560,08-13,68.0,111,155,246,518,2420,4880.0
01573560,08-14,86.0,123,172,243,438,1900,2940.0
01573560,08-15,80.0,121,148,227,442,1400,1590.0
01573560,08-16,92.0,113,136,210,377,1020,1780.0
01573560,08-17,93.0,113,133,212,339,819,1440.0
01573560,08-18,90.0,105,137,228,384,859,1530.0
01573560,08-19,74.0,97,148,227,464,805,1970.0
01573560,08-20,89.0,96,136,217,441,700,1250.0
01573560,08-21,80.0,94,130,245,448,1140,1520.0
01573560,08-22,81.0,89,146,226,475,1420,2960.0
01573560,08-23,81.0,94,148,214,399,1290,2060.0
01573560,08-24,83.0,92,141,220,342,1040,1330.0
01573560,08-25,83.0,88,137,212,318,697,993.0
01573560,08-26,74.0,88,132,192,340,587,837.0
01573560,08-27,82.0,90,118,189,311,484,725.0
01573560,08-28,80.0,90,128,182,317,996,1740.0
01573560,08-29,78.0,96,118,214,359,897,1810.0
01573560,08-30,76.0,93,122,184,312,677,1330.0
01573560,08-31,77.0,96,118,179,284,676,1040.0
01573560,09-01,85.0,91,113,176,299,727,3070.0
01573560,09-02,76.0,87,114,154,380,672,1240.0
01573560,09-03,75.0,83,110,168,363,799,2060.0
01573560,09-04,70.0,81,102,176,347,748,1260.0
01573560,09-05,69.0,75,98,184,329,902,1800.0
01573560,09-06,66.0,77,100,181,322,850,3780.0
01573560,09-07,66.0,82,104,194,415,854,3540.0
01573560,09-08,67.0,78,104,217,363,894,1530.0
01573560,09-09,69.0,77,112,206,345,1180,2150.0
01573560,09-10,76.0,91,134,193,288,802,3490.0
01573560,09-11,78.0,86,128,199,350,689,2660.0
01573560,09-12,72.0,86,123,193,360,619,2290.0
01573560,09-13,66.0,78,111,187,331,757,2340.0
01573560,09-14,70.0,78,111,184,371,679,1860.0
01573560,09-15,65.0,85,107,165,277,729,1630.0
01573560,09-16,69.0,76,111,178,386,932,1420.0
01573560,09-17,69.0,85,123,166,394,1060,1500.0
01573560,09-18,74.0,88,126,172,477,1210,1830.0
01573560,09-19,73.0,108,121,163,453,1020,3010.0
01573560,09-20,76.0,91,114,164,458,1140,1740.0
01573560,09-21,65.0,76,113,154,388,845,1350.0
01573560,09-22,66.0,81,114,188,348,1020,1530.0
01573560,09-23,69.0,89,112,204,371,1410,3110.0
01573560,09-24,72.0,86,110,190,340,1200,2990.0
01573560,09-25,73.0,85,112,197,376,1200,2050.0
01573560,09-26,72.0,93,116,182,519,1130,2190.0
01573560,09-27,93.0,108,136,230,669,1090,1670.0
01573560,09-28,89.0,119,139,254,611,1240,2820.0
01573560,09-29,82.0,114,142,287,512,925,3890.0
01573560,09-30,81.0,102,130,245,508,976,3140.0
01573560,10-01,76.0,84,145,252,512,1900,2390.0
01573560,10-02,75.0,88,146,245,532,1550,2700.0
01573560,10-03,77.0,84,142,242,555,1330,2260.0
01573560,10-04,76.0,93,139,252,444,1120,2010.0
01573560,10-05,79.0,84,144,273,558,1160,1730.0
01573560,10-06,75.0,88,144,263,552,1000,1130.0
01573560,10-07,80.0,93,148,255,467,840,980.0
01573560,10-08,73.0,91,141,267,481,848,1500.0
01573560,10-09,73.0,86,124,295,498,857,2270.0
01573560,10-10,76.0,95,120,255,601,1490,2070.0
01573560,10-11,75.0,90,125,273,695,1200,3100.0
01573560,10-12,81.0,84,133,251,641,1290,2430.0
01573560,10-13,75.0,80,161,265,594,1100,1680.0
01573560,10-14,79.0,87,161,304,618,1190,1540.0
01573560,10-15,85.0,96,164,314,671,1020,2200.0
01573560,10-16,79.0,91,175,276,631,1160,1720.0
01573560,10-17,77.0,91,177,266,552,1110,1520.0
01573560,10-18,80.0,91,154,297,719,987,2120.0
01573560,10-19,81.0,90,164,338,710,1940,3540.0
01573560,10-20,80.0,90,159,319,689,1490,3450.0
01573560,10-21,79.0,94,166,300,753,1880,4900.0
01573560,10-22,81.0,101,168,305,643,1450,3600.0
01573560,10-23,82.0,106,170,301,712,1640,2200.0
01573560,10-24,80.0,132,171,292,658,1290,1930.0
01573560,10-25,91.0,144,178,281,651,1520,2420.0
01573560,10-26,83.0,153,192,315,630,1300,2290.0
01573560,10-27,91.0,146,199,370,708,1440,1860.0
01573560,10-28,103.0,132,202,357,809,1930,3980.0
01573560,10-29,90.0,129,197,384,815,1620,5340.0
01573560,10-30,86.0,122,180,469,791,2510,3670.0
01573560,10-31,81.0,120,169,402,836,2130,3340.0
01573560,11-01,80.0,119,176,372,677,1640,2800.0
01573560,11-02,81.0,115,169,358,712,1860,1950.0
01573560,11-03,84.0,112,171,414,815,1710,2510.0
01573560,11-04,77.0,105,174,438,613,1560,1880.0
01573560,11-05,79.0,115,179,411,827,1220,1360.0
01573560,11-06,78.0,108,206,401,715,1080,1330.0
01573560,11-07,79.0,103,206,366,637,1020,1490.0
01573560,11-08,85.0,103,191,368,616,1170,1920.0
01573560,11-09,80.0,108,179,344,673,985,2700.0
01573560,11-10,91.0,125,170,331,675,1450,2780.0
01573560,11-11,97.0,124,162,382,668,1410,2520.0
01573560,11-12,92.0,136,178,461,815,1790,2030.0
01573560,11-13,101.0,146,193,508,883,2110,2620.0
01573560,11-14,87.0,137,219,472,822,1390,2500.0
01573560,11-15,93.0,130,234,468,730,1200,2170.0
01573560,11-16,88.0,122,222,482,824,1790,2950.0
01573560,11-17,92.0,119,227,467,943,2390,3140.0
01573560,11-18,97.0,114,268,475,923,1790,2800.0
01573560,11-19,90.0,134,263,479,889,1390,2080.0
01573560,11-20,98.0,136,241,520,929,1360,2040.0
01573560,11-21,102.0,131,237,485,848,1970,3230.0
01573560,11-22,98.0,132,248,539,1200,1860,2110.0
01573560,11-23,102.0,140,256,520,1190,1490,4420.0
01573560,11-24,105.0,137,296,536,978,1510,3020.0
01573560,11-25,115.0,129,287,522,865,1940,2990.0
01573560,11-26,115.0,192,291,497,991,1850,2390.0
01573560,11-27,113.0,179,322,538,1090,1860,2020.0
01573560,11-28,121.0,179,317,555,1140,2350,3300.0
01573560,11-29,163.0,220,371,592,1220,3000,4360.0
01573560,11-30,156.0,239,378,569,1250,2290,3190.0
01573560,12-01,162.0,202,379,633,1640,2090,3520.0
01573560,12-02,160.0,277,383,683,1250,3140,4770.0
01573560,12-03,149.0,237,377,666,1350,2460,3160.0
01573560,12-04,143.0,222,343,692,1320,2180,2530.0
01573560,12-05,127.0,226,340,644,1200,2130,3800.0
01573560,12-06,125.0,205,376,604,1090,2540,3350.0
01573560,12-07,128.0,184,355,593,1170,2250,3180.0
01573560,12-08,120.0,179,356,521,1020,2360,2820.0
01573560,12-09,142.0,214,324,492,1090,1950,2330.0
01573560,12-10,148.0,208,327,550,1050,2020,2910.0
01573560,12-11,151.0,204,360,597,1200,2160,3560.0
01573560,12-12,139.0,174,334,637,1470,2110,5780.0
01573560,12-13,127.0,152,326,654,1270,2850,5030.0
01573560,12-14,120.0,197,320,632,1210,2400,6430.0
01573560,12-15,116.0,226,379,650,1140,2990,4490.0
01573560,12-16,116.0,191,391,696,1400,2430,3170.0
01573560,12-17,113.0,210,393,672,1500,2590,2750.0
01573560,12-18,112.0,203,399,678,1510,2380,4840.0
01573560,12-19,113.0,202,389,621,1280,2190,3510.0
01573560,12-20,107.0,192,357,607,1080,1910,3050.0
01573560,12-21,108.0,192,328,676,1320,2010,4150.0
01573560,12-22,112.0,186,335,782,1190,2180,4040.0
01573560,12-23,126.0,182,309,715,1310,2140,3180.0
01573560,12-24,141.0,214,332,723,1540,2570,3330.0
01573560,12-25,144.0,247,429,838,1680,3030,5540.0
01573560,12-26,138.0,245,378,874,1710,2290,3220.0
01573560,12-27,118.0,231,315,829,1510,2100,2600.0
01573560,12-28,111.0,213,311,763,1330,2040,2590.0
01573560,12-29,119.0,240,348,782,1310,1810,2330.0
01573560,12-30,91.0,232,361,800,1270,1640,2400.0
01573560,12-31,86.0,245,360,787,1160,1490,2040.0
01576000,01-01,9000.0,11500,17000,32800,57300,84000,131000.0
01576000,01-02,8920.0,11000,17200,31500,63900,84900,134000.0
01576000,01-03,8900.0,12500,19400,33500,60800,99400,138000.0
01576000,01-04,8180.0,11900,20000,34200,57700,99300,126000.0
01576000,01-05,8250.0,13100,18200,31900,55400,92500,123000.0
01576000,01-06,8860.0,13000,19400,33900,53000,94600,112000.0
01576000,01-07,9350.0,12300,17800,32900,52700,92700,112000.0
01576000,01-08,8350.0,11500,17300,33000,53000,94200,127000.0
01576000,01-09,8720.0,11100,16500,33000,51800,91200,142000.0
01576000,01-10,9130.0,12000,15400,31900,50500,91200,125000.0
01576000,01-11,8370.0,11200,16000,30900,47400,91500,127000.0
01576000,01-12,9520.0,11600,17000,28600,51300,85500,125000.0
01576000,01-13,9800.0,11800,17700,28300,45000,86700,122000.0
01576000,01-14,10200.0,11900,17000,28000,47600,87500,114000.0
01576000,01-15,10200.0,12900,18000,27300,50600,77500,104000.0
01576000,01-16,10100.0,12800,17700,27100,52000,79400,91600.0
01576000,01-17,9480.0,12800,16800,29000,51500,73900,98900.0
01576000,01-18,9640.0,12300,16200,30900,50100,78700,95400.0
01576000,01-19,8400.0,10900,16600,28800,48700,76200,102000.0
01576000,01-20,8960.0,10500,16000,26000,46800,72400,98100.0
01576000,01-21,9340.0,10000,15500,26000,47100,71600,112000.0
01576000,01-22,9790.0,10700,16000,28000,48900,80500,102000.0
01576000,01-23,9940.0,10800,15800,26900,46000,89300,128000.0
01576000,01-24,10200.0,11000,16000,25900,45700,90500,130000.0
01576000,01-25,10000.0,11300,15000,26000,55200,115000,177000.0
01576000,01-26,9650.0,11000,16000,25400,60300,133000,178000.0
01576000,01-27,9360.0,10600,16800,27000,71000,119000,183000.0
01576000,01-28,9320.0,11100,16500,25400,64900,136000,180000.0
01576000,01-29,8780.0,11000,16500,28500,61800,114000,177000.0
01576000,01-30,8640.0,11600,16000,28000,62100,111000,144000.0
01576000,01-31,8840.0,11600,15900,28200,55800,99900,121000.0
01576000,02-01,8900.0,11800,16000,30900,53200,89800,107000.0
01576000,02-02,7920.0,12100,18000,30000,53500,77600,96400.0
01576000,02-03,9600.0,11500,17800,30000,56000,78500,91400.0
01576000,02-04,9640.0,11600,18000,31000,54300,81800,110000.0
01576000,02-05,8920.0,12000,17000,32000,52000,104000,121000.0
01576000,02-06,9840.0,12000,16600,28000,49800,88900,122000.0
01576000,02-07,10400.0,12300,17300,29300,45600,81500,111000.0
01576000,02-08,10700.0,11900,18000,30000,47500,74700,106000.0
01576000,02-09,9560.0,12200,17000,29000,47600,79500,92800.0
01576000,02-10,10400.0,12300,16900,29700,43500,74400,90300.0
01576000,02-11,10400.0,12000,17500,28300,41000,68600,84300.0
01576000,02-12,10400.0,11700,17000,29300,43600,74300,99600.0
01576000,02-13,10700.0,11800,17500,29500,49000,77300,104000.0
01576000,02-14,9920.0,12600,17500,30000,55000,79000,98000.0
01576000,02-15,10500.0,12600,18700,28900,52900,82000,99500.0
01576000,02-16,10700.0,12100,18600,30000,51600,81800,97000.0
01576000,02-17,11000.0,13100,21000,29000,54300,71200,124000.0
01576000,02-18,11700.0,14000,21800,31300,54400,91400,126000.0
01576000,02-19,11700.0,14300,21900,31900,53800,98000,115000.0
01576000,02-20,12200.0,14800,22500,32900,53400,90500,123000.0
01576000,02-21,11700.0,14600,23800,31900,58800,95500,154000.0
01576000,02-22,13100.0,15000,24500,31600,60500,117000,146000.0
01576000,02-23,12700.0,15200,24000,33500,66700,118000,178000.0
01576000,02-24,12300.0,15900,22900,34900,63800,133000,165000.0
01576000,02-25,12000.0,16000,23400,37400,81300,135000,157000.0
01576000,02-26,11800.0,16700,24000,37500,81300,140000,180000.0
01576000,02-27,13400.0,16900,24600,40400,76600,141000,176000.0
01576000,02-28,11900.0,17100,24600,41000,74800,131000,163000.0
01576000,02-29,13600.0,16400,22500,43200,73900,118000,186000.0
01576000,03-01,11000.0,16600,24300,44100,80200,125000,175000.0
01576000,03-02,11800.0,15000,24600,41000,82400,128000,154000.0
01576000,03-03,12600.0,15200,24800,42600,83000,141000,161000.0
01576000,03-04,13400.0,17300,26300,43900,73000,122000,163000.0
01576000,03-05,14600.0,19900,27100,44100,80900,124000,151000.0
01576000,03-06,14700.0,21200,29700,47300,83100,139000,209000.0
01576000,03-07,14900.0,20900,30300,50600,87600,169000,199000.0
01576000,03-08,14900.0,20900,30500,49000,93400,152000,228000.0
01576000,03-09,14000.0,22100,30200,48900,90700,138000,231000.0
01576000,03-10,15800.0,22200,32700,49700,90600,140000,211000.0
01576000,03-11,17300.0,23400,35000,52000,79600,139000,217000.0
01576000,03-12,18300.0,24000,38100,51400,74800,161000,192000.0
01576000,03-13,18900.0,24600,38300,54900,85500,130000,193000.0
01576000,03-14,22300.0,26100,37400,58400,90600,137000,171000.0
01576000,03-15,22800.0,27000,39800,59400,91200,132000,204000.0
01576000,03-16,22700.0,27300,39600,65200,95800,134000,180000.0
01576000,03-17,23500.0,27000,42200,64300,95500,152000,188000.0
01576000,03-18,24200.0,30800,41100,66400,108000,146000,168000.0
01576000,03-19,23900.0,29800,40600,63900,103000,172000,181000.0
01576000,03-20,24400.0,30200,41000,60600,99000,164000,177000.0
01576000,03-21,26900.0,31700,38900,62000,102000,147000,168000.0
01576000,03-22,26100.0,33000,41900,59800,98800,150000,175000.0
01576000,03-23,25200.0,32200,43600,65400,107000,152000,210000.0
01576000,03-24,27400.0,32200,45100,62600,113000,161000,216000.0
01576000,03-25,26400.0,31800,44800,61600,103000,163000,197000.0
01576000,03-26,26600.0,31500,47400,64200,92400,142000,178000.0
01576000,03-27,26400.0,32600,48500,66600,97700,137000,158000.0
01576000,03-28,26300.0,32500,51100,66200,96800,140000,174000.0
01576000,03-29,27600.0,31200,50100,70200,93800,152000,199000.0
01576000,03-30,27900.0,33400,48600,67800,94200,133000,237000.0
01576000,03-31,26900.0,34000,48600,69300,101000,154000,214000.0
01576000,04-01,26000.0,33600,49600,64300,104000,169000,225000.0
01576000,04-02,25700.0,33500,49400,66300,104000,179000,246000.0
01576000,04-03,25500.0,36200,48800,69200,109000,181000,277000.0
01576000,04-04,25700.0,36600,47900,71000,116000,196000,295000.0
01576000,04-05,26000.0,37400,51200,72500,110000,191000,289000.0
01576000,04-06,27000.0,34500,48000,79300,123000,209000,252000.0
01576000,04-07,27100.0,33500,47100,77200,134000,209000,234000.0
01576000,04-08,26300.0,31900,47600,73700,134000,204000,233000.0
01576000,04-09,27000.0,32500,46900,71900,120000,184000,223000.0
01576000,04-10,27700.0,33600,44500,66500,111000,155000,194000.0
01576000,04-11,27900.0,32600,46000,68300,105000,151000,167000.0
01576000,04-12,27700.0,33500,45700,66100,99100,149000,168000.0
01576000,04-13,27400.0,32200,45600,67200,95700,132000,150000.0
01576000,04-14,28300.0,30800,43700,69600,96300,130000,156000.0
01576000,04-15,28900.0,30900,45600,70200,98600,127000,148000.0
01576000,04-16,27100.0,30700,46500,66600,94800,135000,158000.0
01576000,04-17,25500.0,28500,43900,61700,97100,148000,193000.0
01576000,04-18,24600.0,27000,41500,62200,94100,154000,232000.0
01576000,04-19,23500.0,26400,40100,59800,84400,130000,193000.0
01576000,04-20,23900.0,25900,38200,58200,88400,117000,162000.0
01576000,04-21,22600.0,25800,38700,52900,77600,123000,150000.0
01576000,04-22,21700.0,25700,38500,50600,74400,113000,154000.0
01576000,04-23,21400.0,25600,35900,53500,73700,111000,144000.0
01576000,04-24,21100.0,24500,35300,49200,70000,111000,134000.0
01576000,04-25,22800.0,23700,34700,49100,68800,113000,140000.0
01576000,04-26,23000.0,23700,34100,50200,67700,106000,126000.0
01576000,04-27,21800.0,25600,34400,47200,69200,94400,151000.0
01576000,04-28,21400.0,25200,33500,49400,71000,91000,175000.0
01576000,04-29,21600.0,24500,33400,46700,69800,85800,134000.0
01576000,04-30,21300.0,23100,35100,46100,65300,91500,113000.0
01576000,05-01,21600.0,23500,32700,44900,67800,98000,136000.0
01576000,05-02,21600.0,24000,31400,43400,63400,103000,151000.0
01576000,05-03,21400.0,24600,29600,42000,63200,87500,157000.0
01576000,05-04,21000.0,25900,30300,41100,63500,84800,128000.0
01576000,05-05,20200.0,24200,31400,40700,60300,86300,109000.0
01576000,05-06,19900.0,23100,29800,44200,60500,89600,112000.0
01576000,05-07,20600.0,22100,28700,43700,62800,108000,123000.0
01576000,05-08,20200.0,21100,28200,41400,65500,103000,144000.0
01576000,05-09,19200.0,20200,26900,39100,65500,103000,165000.0
01576000,05-10,18600.0,19900,26200,39400,63700,97200,135000.0
01576000,05-11,17800.0,19600,26000,39900,67500,106000,130000.0
01576000,05-12,17700.0,20100,26400,40100,65500,109000,137000.0
01576000,05-13,17000.0,19800,26100,40900,66000,104000,136000.0
01576000,05-14,17200.0,18700,25200,42700,68700,101000,152000.0
01576000,05-15,17700.0,18900,25100,43400,70000,102000,154000.0
01576000,05-16,16900.0,18600,24900,41800,69000,100000,136000.0
01576000,05-17,16400.0,18400,24900,43900,69600,101000,135000.0
01576000,05-18,15200.0,17600,25100,42800,61800,99600,115000.0
01576000,05-19,14400.0,17300,24400,45000,57900,92400,130000.0
01576000,05-20,14300.0,16800,23900,42200,58100,94300,138000.0
01576000,05-21,13800.0,16300,23100,40600,55000,92000,131000.0
01576000,05-22,13900.0,16300,25000,39300,62200,91300,107000.0
01576000,05-23,14200.0,16200,23500,38700,65000,85900,124000.0
01576000,05-24,14300.0,16700,22900,37200,60800,100000,116000.0
01576000,05-25,14100.0,16400,21800,36100,56100,93400,117000.0
01576000,05-26,14100.0,15400,20800,33500,52300,88000,105000.0
01576000,05-27,13800.0,14600,20000,32300,53700,88300,115000.0
01576000,05-28,13300.0,14300,19300,30700,50900,88300,108000.0
01576000,05-29,12800.0,13500,19100,30000,51500,82900,107000.0
01576000,05-30,12300.0,13100,18900,28400,50200,83000,100000.0
01576000,05-31,11800.0,13300,18500,29600,46200,78000,98700.0
01576000,06-01,11400.0,13000,18200,29300,46300,69000,111000.0
01576000,06-02,10900.0,12600,17600,27600,41600,69800,103000.0
01576000,06-03,10500.0,11900,17000,26200,39600,65300,104000.0
01576000,06-04,10000.0,11300,17900,25800,41800,61800,83800.0
01576000,06-05,10200.0,11700,17900,23400,43200,61400,77600.0
01576000,06-06,9880.0,11400,17900,24000,42300,60300,75900.0
01576000,06-07,9670.0,11400,18000,23100,39100,59100,67300.0
01576000,06-08,9270.0,11200,16600,22700,39000,53900,80100.0
01576000,06-09,8900.0,12000,15800,22700,37400,51900,78700.0
01576000,06-10,8440.0,11700,15300,22200,33300,47500,75700.0
01576000,06-11,8190.0,11500,14800,23100,32300,42600,70300.0
01576000,06-12,8260.0,11200,14200,23900,31900,43200,56300.0
01576000,06-13,8710.0,11600,14500,24000,30100,42400,52200.0
01576000,06-14,9610.0,11200,13500,23800,29900,42900,59100.0
01576000,06-15,9510.0,11200,13600,21700,28900,50500,62900.0
01576000,06-16,8960.0,10900,14000,20700,28500,51700,58400.0
01576000,06-17,8630.0,10500,13400,20200,28700,57400,75100.0
01576000,06-18,7940.0,10200,13600,19400,29700,53000,63700.0
01576000,06-19,8880.0,9840,13400,19200,32400,45700,62700.0
01576000,06-20,9120.0,10200,13400,19400,32200,46100,80100.0
01576000,06-21,8670.0,10300,12900,18400,31900,49200,71800.0
01576000,06-22,8320.0,9580,12300,18700,31600,54200,75600.0
01576000,06-23,7840.0,9220,11900,18900,30000,53500,123000.0
01576000,06-24,7630.0,8980,11400,18800,28200,49100,102000.0
01576000,06-25,7490.0,8710,11400,17600,26800,45100,76000.0
01576000,06-26,7420.0,8440,11200,16900,26600,42900,60700.0
01576000,06-27,7240.0,8690,10800,16800,26400,47100,54200.0
01576000,06-28,7080.0,8450,10900,16100,26400,40400,48000.0
01576000,06-29,6570.0,8070,10800,16000,27300,37300,48700.0
01576000,06-30,6030.0,7720,10300,15300,28100,35800,61000.0
01576000,07-01,5830.0,7630,9930,14700,28000,46300,67000.0
01576000,07-02,5990.0,7510,9370,14300,25600,44400,61700.0
01576000,07-03,5600.0,7160,9900,14400,23700,43400,70700.0
01576000,07-04,5660.0,7030,9780,14100,22800,39200,65300.0
01576000,07-05,5820.0,7280,9400,15100,24100,37100,55700.0
01576000,07-06,5430.0,6960,9410,14400,23400,33800,54800.0
01576000,07-07,5570.0,6870,8820,13700,23100,29600,56000.0
01576000,07-08,5480.0,7180,9500,13700,22000,30500,48800.0
01576000,07-09,5410.0,6590,9360,13700,21500,31000,43800.0
01576000,07-10,5470.0,6350,8920,13900,20800,37200,49200.0
01576000,07-11,5560.0,6380,8860,13300,19300,35400,54400.0
01576000,07-12,5190.0,6330,8620,12700,18300,33000,49400.0
01576000,07-13,5610.0,6230,8840,12300,19700,31800,39800.0
01576000,07-14,5280.0,6010,8670,12600,19700,32100,45700.0
01576000,07-15,5340.0,6210,8580,12000,20000,32600,43200.0
01576000,07-16,4870.0,5680,8120,12900,18900,33900,42200.0
01576000,07-17,4480.0,5800,7980,12900,18500,34700,48800.0
01576000,07-18,4700.0,5840,8110,12100,18900,34500,55500.0
01576000,07-19,4490.0,5600,7380,11300,18800,34300,45400.0
01576000,07-20,4230.0,5050,7080,11600,18000,35100,44800.0
01576000,07-21,4100.0,5340,7000,11400,18800,34800,48800.0
01576000,07-22,4120.0,5190,7320,11300,19200,35600,41900.0
01576000,07-23,4140.0,5130,7290,10900,19400,35200,44000.0
01576000,07-24,3920.0,4990,7360,11200,21600,31900,41000.0
01576000,07-25,3890.0,4890,7210,11600,20600,30100,43700.0
01576000,07-26,3920.0,4520,7310,11500,21100,30400,39400.0
01576000,07-27,3990.0,4520,7700,11300,20800,28300,35400.0
01576000,07-28,3850.0,4880,7580,11600,19800,26700,37700.0
01576000,07-29,3690.0,4930,7310,11000,19300,27100,35000.0
01576000,07-30,3670.0,4900,7040,11700,18500,27200,40800.0
01576000,07-31,3650.0,4940,7050,11700,16900,27600,38200.0
01576000,08-01,3800.0,4750,6820,11600,17700,24300,31700.0
01576000,08-02,3810.0,4510,7150,11600,17400,25700,32900.0
01576000,08-03,3800.0,4810,6760,11300,17500,25900,43200.0
01576000,08-04,3620.0,4740,6950,11200,17600,30200,49600.0
01576000,08-05,3730.0,5150,6440,10400,16600,30500,40400.0
01576000,08-06,3180.0,5170,6210,9930,17000,31200,35400.0
01576000,08-07,3250.0,5150,6190,10500,15500,28200,33700.0
01576000,08-08,3470.0,5130,5890,10000,16400,25000,34100.0
01576000,08-09,3860.0,5050,6330,9760,17200,25600,37000.0
01576000,08-10,4090.0,4860,6570,9410,16700,25600,41400.0
01576000,08-11,4220.0,4840,6320,9760,15800,26800,40000.0
01576000,08-12,4260.0,4900,6160,10100,15700,25800,34700.0
01576000,08-13,4030.0,4790,6220,10400,16700,28200,37000.0
01576000,08-14,4190.0,4560,6510,9320,16100,29000,45500.0
01576000,08-15,4050.0,4500,6010,9100,16000,27200,50700.0
01576000,08-16,4150.0,4340,6340,9200,15400,26200,46900.0
01576000,08-17,3930.0,4570,5880,9390,14900,26900,44800.0
01576000,08-18,3980.0,4510,5930,9190,14500,25700,45600.0
01576000,08-19,4030.0,4350,5850,9010,14400,30200,46500.0
01576000,08-20,3850.0,4310,5890,9680,14400,27400,49700.0
01576000,08-21,3730.0,4400,5840,9200,15700,27800,62000.0
01576000,08-22,4090.0,4500,5990,9230,15800,27000,43100.0
01576000,08-23,3860.0,4300,6020,9020,16000,26200,36900.0
01576000,08-24,3880.0,4460,5790,8420,14800,26600,51700.0
01576000,08-25,3810.0,4050,5660,8260,14500,24100,48300.0
01576000,08-26,3560.0,4380,5400,8570,13600,21800,43100.0
01576000,08-27,3520.0,4270,5400,8340,12600,24000,37100.0
01576000,08-28,3620.0,3980,5480,8250,13100,21200,31900.0
01576000,08-29,3630.0,4160,5650,8440,12600,22800,29100.0
01576000,08-30,3570.0,4040,5610,7840,11600,22100,34500.0
01576000,08-31,3650.0,3940,5560,8230,12600,24900,38400.0
01576000,09-01,3470.0,4070,5450,8460,13200,29100,39700.0
01576000,09-02,3200.0,4120,5600,8460,13700,29900,39200.0
01576000,09-03,3220.0,4020,5820,8590,16100,26500,40400.0
01576000,09-04,3020.0,3870,5840,8510,16400,28200,35700.0
01576000,09-05,3280.0,4050,5800,8110,15500,26700,51100.0
01576000,09-06,3260.0,4320,5720,7870,13700,25300,61600.0
01576000,09-07,3210.0,4250,5780,7730,14500,22000,59000.0
01576000,09-08,3250.0,4200,5690,8070,13400,30100,55200.0
01576000,09-09,3210.0,4280,5510,7840,12600,27200,50400.0
01576000,09-10,3330.0,4180,5310,8260,11700,28600,43900.0
01576000,09-11,3390.0,3960,5320,7950,11700,27800,38200.0
01576000,09-12,3150.0,3930,5290,8190,12300,26000,34600.0
01576000,09-13,2940.0,3910,5130,8350,12100,24600,33900.0
01576000,09-14,3230.0,4020,4830,8040,11800,25700,63200.0
01576000,09-15,3220.0,3900,4840,7640,12800,28900,60300.0
01576000,09-16,2940.0,3800,4800,8040,13500,30100,48200.0
01576000,09-17,3270.0,3780,4610,7540,16200,31900,58300.0
01576000,09-18,3320.0,3650,4680,7440,15000,32200,78200.0
01576000,09-19,3180.0,3780,4790,7550,13600,37200,77300.0
01576000,09-20,2970.0,3650,4770,7700,15300,33500,69700.0
01576000,09-21,3230.0,3590,4730,7670,15000,36100,58200.0
01576000,09-22,3140.0,3570,5060,7580,17000,38000,55700.0
01576000,09-23,3220.0,3590,4810,7600,16600,36700,57600.0
01576000,09-24,3080.0,3430,4750,7070,16700,40600,74000.0
01576000,09-25,2960.0,3510,4820,7580,17400,37700,76300.0
01576000,09-26,2780.0,3400,4950,7560,17200,32300,85200.0
01576000,09-27,2680.0,3180,5120,7370,16600,35400,78800.0
01576000,09-28,2780.0,3580,5450,8350,17300,34300,79800.0
01576000,09-29,2900.0,3850,5440,8750,16600,37600,109000.0
01576000,09-30,3070.0,3860,5580,8800,18400,44400,94000.0
01576000,10-01,3540.0,3910,5320,9610,18000,42600,77400.0
01576000,10-02,3690.0,4000,5350,9610,18700,43000,72200.0
01576000,10-03,3650.0,4020,5510,9880,20100,39200,61000.0
01576000,10-04,3570.0,4090,5480,10100,18400,43300,61300.0
01576000,10-05,3580.0,3970,5480,9640,18000,37600,70700.0
01576000,10-06,3700.0,4150,5580,9150,16900,41400,60000.0
01576000,10-07,3740.0,4260,5750,8610,15700,39500,52300.0
01576000,10-08,3640.0,4320,5720,8680,15800,37500,53500.0
01576000,10-09,3540.0,4420,6130,8510,17000,37200,60200.0
01576000,10-10,3530.0,4460,6120,9270,17100,35300,52600.0
01576000,10-11,3700.0,4130,6010,10200,18200,37400,55500.0
01576000,10-12,3680.0,4240,5880,9470,18700,34600,63900.0
01576000,10-13,3640.0,4560,5870,9500,19000,35900,58100.0
01576000,10-14,3820.0,4580,5600,9420,17700,37900,53400.0
01576000,10-15,3850.0,4510,5940,9120,16800,38300,74600.0
01576000,10-16,3910.0,4430,5830,9040,18100,34900,67000.0
01576000,10-17,3920.0,4520,5950,8920,19300,34900,60200.0
01576000,10-18,3900.0,4400,5750,9200,21100,44100,62900.0
01576000,10-19,3930.0,4290,6640,10000,19400,46000,69500.0
01576000,10-20,3890.0,4200,7060,9650,20800,42200,97200.0
01576000,10-21,3670.0,4320,6950,10100,21600,44500,90400.0
01576000,10-22,3600.0,4290,6700,9660,22600,65400,85900.0
01576000,10-23,3580.0,4060,6750,9950,21600,63600,114000.0
01576000,10-24,3470.0,4150,6720,10500,21300,66200,104000.0
01576000,10-25,3730.0,4400,6580,10300,22500,59800,83700.0
01576000,10-26,3320.0,4270,6770,10700,24700,52400,81200.0
01576000,10-27,3360.0,4290,6780,11000,27200,57600,76800.0
01576000,10-28,3780.0,4570,6780,11600,30000,56600,74900.0
01576000,10-29,3850.0,4800,7210,13000,28000,65800,87600.0
01576000,10-30,3890.0,4770,7390,12800,28000,74000,95000.0
01576000,10-31,3880.0,4700,8010,14400,36200,82900,124000.0
01576000,11-01,4180.0,4800,7920,13800,32700,77500,97300.0
01576000,11-02,4050.0,4940,8370,16500,31200,71500,90900.0
01576000,11-03,4330.0,5290,8280,17800,32300,63900,84700.0
01576000,11-04,4300.0,5260,8340,17600,30900,62200,76400.0
01576000,11-05,4200.0,5120,8430,19400,33800,53600,79300.0
01576000,11-06,4320.0,5400,9580,18100,34400,56200,70600.0
01576000,11-07,4840.0,5730,10400,18100,32900,52300,63700.0
01576000,11-08,4730.0,5920,10100,19200,32600,48500,73500.0
01576000,11-09,4710.0,6050,11300,18800,34000,51400,88900.0
01576000,11-10,4890.0,5850,11300,20800,32900,47300,95000.0
01576000,11-11,5130.0,5620,11200,20900,34100,53500,115000.0
01576000,11-12,5110.0,5800,10900,21000,34000,63000,104000.0
01576000,11-13,4920.0,5900,12000,22600,34000,60100,95100.0
01576000,11-14,5170.0,5940,11500,22000,36600,76100,102000.0
01576000,11-15,5440.0,6480,11400,21600,33500,83400,99200.0
01576000,11-16,5420.0,6920,11400,20600,36200,73800,98400.0
01576000,11-17,5340.0,7510,11700,21500,34800,69200,97000.0
01576000,11-18,5350.0,6840,12600,22300,38200,65800,98900.0
01576000,11-19,5520.0,6850,12300,23100,40600,62900,101000.0
01576000,11-20,5900.0,6990,12000,23100,41200,65900,90100.0
01576000,11-21,5740.0,7640,13100,23400,42600,69900,98800.0
01576000,11-22,5660.0,7880,13700,23800,42400,69800,96200.0
01576000,11-23,5600.0,8300,13100,25500,42600,73200,91400.0
01576000,11-24,5880.0,8400,14200,26300,40300,68800,91800.0
01576000,11-25,5990.0,9010,14300,26300,41000,61400,94900.0
01576000,11-26,6560.0,9510,14400,26200,40300,57300,90800.0
01576000,11-27,6930.0,9050,15500,26300,41800,58800,86700.0
01576000,11-28,6680.0,9280,17300,28100,40900,66500,98300.0
01576000,11-29,6510.0,11000,18300,27900,41000,77600,165000.0
01576000,11-30,7200.0,12000,18600,28900,48000,109000,140000.0
01576000,12-01,7990.0,13500,18700,28300,52300,100000,144000.0
01576000,12-02,8590.0,13200,18700,28500,51600,106000,136000.0
01576000,12-03,8840.0,12800,19400,28000,49400,97800,156000.0
01576000,12-04,9200.0,12900,18700,27500,44800,96400,125000.0
01576000,12-05,8250.0,12500,18700,27200,48800,102000,116000.0
01576000,12-06,7990.0,12000,18000,26300,50300,91800,126000.0
01576000,12-07,10000.0,12900,18000,27700,52900,88100,109000.0
01576000,12-08,9970.0,12600,17900,30000,50600,87100,106000.0
01576000,12-09,9810.0,12300,18000,29700,48700,79800,103000.0
01576000,12-10,9850.0,11600,17800,29000,49800,79500,100000.0
01576000,12-11,9670.0,11400,17900,29200,48700,79600,111000.0
01576000,12-12,8730.0,11200,17300,30900,53900,89400,128000.0
01576000,12-13,8310.0,11000,17900,32700,57300,88200,116000.0
01576000,12-14,8430.0,10900,18000,32700,54300,95800,143000.0
01576000,12-15,7890.0,10200,17800,34000,60300,85900,127000.0
01576000,12-16,8300.0,10400,16000,31700,57200,82200,118000.0
01576000,12-17,7640.0,10900,17000,32300,54400,85500,108000.0
01576000,12-18,8120.0,10600,18000,31600,57300,84000,103000.0
01576000,12-19,7520.0,9910,18000,31300,52500,76800,112000.0
01576000,12-20,7960.0,10300,17900,32200,51800,80400,99900.0
01576000,12-21,7760.0,9780,19100,33700,54700,77300,97300.0
01576000,12-22,8080.0,9800,18400,32200,49400,73300,127000.0
01576000,12-23,7950.0,10500,18000,31900,46300,82800,125000.0
01576000,12-24,7970.0,11700,18500,31900,48000,86400,119000.0
01576000,12-25,8140.0,12700,18000,31500,55800,98400,118000.0
01576000,12-26,8520.0,12500,17900,29700,54000,105000,130000.0
01576000,12-27,9520.0,12300,18100,30800,53500,101000,119000.0
01576000,12-28,10400.0,12700,17900,30800,56300,90000,107000.0
01576000,12-29,10400.0,12000,17300,32600,54400,83700,98800.0
01576000,12-30,10200.0,12500,17000,32300,52900,81000,101000.0
01576000,12-31,9960.0,11600,16500,32300,58800,82500,120000.0
01576500,01-01,76.0,108,184,320,616,1020,1380.0
01576500,01-02,74.0,120,195,376,644,1310,1710.0
01576500,01-03,95.0,141,206,384,597,995,1560.0
01576500,01-04,89.0,134,210,365,601,995,1590.0
01576500,01-05,93.0,137,186,330,600,1080,1300.0
01576500,01-06,102.0,135,192,324,570,943,1190.0
01576500,01-07,104.0,137,200,360,612,880,1180.0
01576500,01-08,103.0,136,196,336,579,859,1180.0
01576500,01-09,88.0,127,195,351,623,1040,1310.0
01576500,01-10,98.0,134,194,364,594,952,1300.0
01576500,01-11,98.0,130,194,345,597,828,1010.0
01576500,01-12,95.0,130,202,344,560,816,1040.0
01576500,01-13,94.0,127,199,351,557,816,1050.0
01576500,01-14,101.0,120,207,328,563,785,1270.0
01576500,01-15,89.0,134,202,352,560,885,1030.0
01576500,01-16,83.0,123,204,337,578,778,1050.0
01576500,01-17,86.0,128,190,306,501,688,922.0
01576500,01-18,74.0,128,196,321,467,850,1150.0
01576500,01-19,83.0,140,200,332,498,852,1040.0
01576500,01-20,82.0,138,210,349,558,880,1480.0
01576500,01-21,71.0,131,207,357,610,919,1120.0
01576500,01-22,78.0,134,201,347,590,932,1380.0
01576500,01-23,80.0,135,211,348,527,881,1170.0
01576500,01-24,98.0,128,227,350,624,1160,1620.0
01576500,01-25,87.0,126,237,353,625,1400,2090.0
01576500,01-26,93.0,119,226,357,675,1530,1930.0
01576500,01-27,91.0,123,211,338,605,1070,1500.0
01576500,01-28,88.0,106,204,338,604,1190,2060.0
01576500,01-29,85.0,105,200,328,550,1120,1560.0
01576500,01-30,82.0,104,218,335,567,976,1230.0
01576500,01-31,89.0,109,227,342,663,943,1150.0
01576500,02-01,101.0,137,217,344,606,904,1070.0
01576500,02-02,100.0,143,215,356,614,918,1610.0
01576500,02-03,101.0,124,223,404,665,1170,1730.0
01576500,02-04,93.0,108,230,403,660,1320,2050.0
01576500,02-05,93.0,106,241,400,699,1070,1420.0
01576500,02-06,89.0,110,233,385,623,934,1200.0
01576500,02-07,89.0,157,233,456,676,1100,1790.0
01576500,02-08,88.0,163,232,435,656,975,1430.0
01576500,02-09,90.0,145,231,386,626,881,985.0
01576500,02-10,100.0,152,244,378,593,960,1040.0
01576500,02-11,133.0,160,239,370,628,887,1280.0
01576500,02-12,142.0,180,251,389,673,941,1300.0
01576500,02-13,144.0,175,235,398,671,970,1040.0
01576500,02-14,156.0,165,244,379,660,935,1560.0
01576500,02-15,151.0,156,250,381,690,1050,1500.0
01576500,02-16,149.0,168,281,403,677,1120,1550.0
01576500,02-17,156.0,175,292,419,751,1030,1240.0
01576500,02-18,156.0,180,284,460,668,1060,1290.0
01576500,02-19,168.0,199,275,427,669,1070,1500.0
01576500,02-20,160.0,191,257,459,655,1030,1420.0
01576500,02-21,160.0,187,254,443,629,974,1560.0
01576500,02-22,160.0,191,265,423,654,1110,1760.0
01576500,02-23,174.0,200,271,460,673,1100,1620.0
01576500,02-24,150.0,198,276,487,710,1390,1970.0
01576500,02-25,147.0,199,264,470,759,1400,2160.0
01576500,02-26,149.0,201,302,466,852,1390,1990.0
01576500,02-27,142.0,199,292,449,832,1420,2230.0
01576500,02-28,141.0,189,292,463,804,1530,1810.0
01576500,02-29,150.0,204,266,476,859,1140,1290.0
01576500,03-01,134.0,178,257,486,780,1400,1800.0
01576500,03-02,147.0,187,292,464,753,1180,2070.0
01576500,03-03,158.0,201,315,480,799,1100,1390.0
01576500,03-04,168.0,202,337,571,869,1120,1450.0
01576500,03-05,166.0,206,358,566,875,1370,1760.0
01576500,03-06,180.0,208,392,579,785,1170,1670.0
01576500,03-07,199.0,239,384,542,820,1220,1750.0
01576500,03-08,197.0,242,380,531,797,1080,1330.0
01576500,03-09,215.0,241,354,516,749,1170,1540.0
01576500,03-10,205.0,234,357,478,701,1340,1870.0
01576500,03-11,187.0,233,364,505,725,1210,2010.0
01576500,03-12,161.0,245,356,498,779,1290,2400.0
01576500,03-13,164.0,246,362,560,822,1190,2190.0
01576500,03-14,163.0,245,362,556,831,1440,1890.0
01576500,03-15,155.0,257,386,568,813,1560,2760.0
01576500,03-16,158.0,240,362,541,749,1320,1670.0
01576500,03-17,174.0,264,376,529,778,1110,1420.0
01576500,03-18,175.0,289,381,533,779,1020,1470.0
01576500,03-19,207.0,287,375,559,800,1090,1300.0
01576500,03-20,184.0,285,370,557,795,1130,1440.0
01576500,03-21,199.0,278,404,589,793,1260,1640.0
01576500,03-22,176.0,272,399,601,840,1590,2010.0
01576500,03-23,181.0,259,391,575,826,1330,2510.0
01576500,03-24,160.0,251,399,544,931,1460,1800.0
01576500,03-25,167.0,259,398,556,828,1290,1430.0
01576500,03-26,166.0,272,395,542,736,1170,2060.0
01576500,03-27,196.0,283,388,506,725,1230,2060.0
01576500,03-28,216.0,256,396,507,774,1530,2370.0
01576500,03-29,218.0,263,381,513,805,1360,2010.0
01576500,03-30,218.0,280,384,511,763,1110,1770.0
01576500,03-31,222.0,264,358,529,837,1230,1970.0
01576500,04-01,231.0,285,378,537,861,1200,1820.0
01576500,04-02,246.0,301,380,549,853,1220,2130.0
01576500,04-03,218.0,291,373,600,773,1310,1820.0
01576500,04-04,217.0,284,367,543,866,1350,1710.0
01576500,04-05,223.0,279,360,533,782,1390,2040.0
01576500,04-06,238.0,295,405,534,832,1410,1930.0
01576500,04-07,225.0,277,391,536,853,1430,1800.0
01576500,04-08,228.0,284,385,527,862,1200,1470.0
01576500,04-09,215.0,281,363,510,879,1200,1390.0
01576500,04-10,210.0,275,358,534,887,1130,1540.0
01576500,04-11,211.0,265,348,496,761,1030,1300.0
01576500,04-12,214.0,258,357,496,739,1080,1590.0
01576500,04-13,207.0,251,348,544,832,1270,1530.0
01576500,04-14,205.0,247,347,485,787,1140,1430.0
01576500,04-15,210.0,245,346,495,795,1130,1420.0
01576500,04-16,214.0,270,334,562,821,1160,2120.0
01576500,04-17,205.0,248,316,527,748,1380,2560.0
01576500,04-18,202.0,231,326,493,714,1020,1470.0
01576500,04-19,195.0,227,322,516,689,924,1230.0
01576500,04-20,188.0,216,320,487,721,963,1330.0
01576500,04-21,182.0,220,311,471,673,828,1070.0
01576500,04-22,202.0,242,324,476,635,810,1040.0
01576500,04-23,212.0,248,331,465,629,866,1010.0
01576500,04-24,202.0,238,310,450,613,882,1080.0
01576500,04-25,193.0,232,302,436,603,996,1190.0
01576500,04-26,190.0,232,297,432,622,930,1310.0
01576500,04-27,183.0,236,304,419,671,1080,1520.0
01576500,04-28,198.0,224,305,427,641,971,1230.0
01576500,04-29,193.0,225,310,406,602,970,1110.0
01576500,04-30,196.0,219,302,403,586,927,1420.0
01576500,05-01,179.0,236,295,385,580,1030,1620.0
01576500,05-02,193.0,235,293,402,582,863,1080.0
01576500,05-03,189.0,225,295,421,622,880,1190.0
01576500,05-04,177.0,232,289,397,663,965,1230.0
01576500,05-05,169.0,230,281,399,569,913,1080.0
01576500,05-06,163.0,217,284,381,599,903,1180.0
01576500,05-07,170.0,209,264,374,607,921,1440.0
01576500,05-08,186.0,205,274,364,582,894,1200.0
01576500,05-09,193.0,209,276,363,624,1010,1300.0
01576500,05-10,184.0,197,265,380,576,818,1220.0
01576500,05-11,182.0,197,251,366,549,792,1240.0
01576500,05-12,179.0,201,255,351,526,783,1230.0
01576500,05-13,167.0,203,247,367,558,945,1460.0
01576500,05-14,161.0,193,238,358,592,1030,1330.0
01576500,05-15,154.0,186,247,343,576,733,1020.0
01576500,05-16,163.0,191,252,344,572,973,1150.0
01576500,05-17,169.0,189,249,354,562,937,1340.0
01576500,05-18,156.0,180,240,337,510,824,1210.0
01576500,05-19,153.0,182,236,344,502,837,1380.0
01576500,05-20,156.0,180,236,332,518,811,1260.0
01576500,05-21,144.0,192,235,332,527,831,1200.0
01576500,05-22,139.0,174,227,332,533,758,987.0
01576500,05-23,138.0,166,216,347,498,794,1020.0
01576500,05-24,136.0,171,219,322,498,858,1110.0
01576500,05-25,133.0,167,218,312,439,781,1100.0
01576500,05-26,130.0,160,210,307,535,796,1030.0
01576500,05-27,130.0,153,210,321,515,734,891.0
01576500,05-28,126.0,169,210,305,482,654,813.0
01576500,05-29,126.0,159,207,291,513,753,1040.0
01576500,05-30,129.0,153,215,295,474,785,1210.0
01576500,05-31,114.0,146,206,281,503,847,1100.0
01576500,06-01,117.0,138,197,289,488,790,1100.0
01576500,06-02,113.0,146,191,284,462,774,1160.0
01576500,06-03,137.0,158,192,286,459,733,966.0
01576500,06-04,132.0,155,206,298,493,743,975.0
01576500,06-05,124.0,143,184,268,477,737,873.0
01576500,06-06,118.0,138,198,284,468,643,992.0
01576500,06-07,117.0,130,191,310,477,737,866.0
01576500,06-08,120.0,141,181,293,430,717,930.0
01576500,06-09,119.0,138,182,285,422,668,762.0
01576500,06-10,117.0,134,176,278,397,558,737.0
01576500,06-11,107.0,129,173,281,395,621,844.0
01576500,06-12,98.0,128,172,278,436,763,1040.0
01576500,06-13,105.0,137,178,281,401,942,1220.0
01576500,06-14,108.0,137,182,269,437,712,838.0
01576500,06-15,121.0,133,177,261,389,592,807.0
01576500,06-16,122.0,140,173,243,373,534,738.0
01576500,06-17,120.0,139,168,245,366,541,639.0
01576500,06-18,118.0,129,170,234,357,508,772.0
01576500,06-19,109.0,123,167,234,444,827,1270.0
01576500,06-20,108.0,122,172,252,415,585,996.0
01576500,06-21,99.0,118,163,243,369,609,878.0
01576500,06-22,91.0,113,158,255,386,668,1250.0
01576500,06-23,95.0,108,162,265,395,612,912.0
01576500,06-24,95.0,125,172,263,349,506,787.0
01576500,06-25,92.0,119,162,224,335,438,908.0
01576500,06-26,89.0,113,165,219,342,599,1050.0
01576500,06-27,87.0,108,158,220,335,731,993.0
01576500,06-28,85.0,109,160,218,359,739,1120.0
01576500,06-29,77.0,95,142,220,342,717,1420.0
01576500,06-30,82.0,109,153,208,365,728,1250.0
01576500,07-01,82.0,104,142,209,372,662,1080.0
01576500,07-02,76.0,96,152,201,338,542,792.0
01576500,07-03,72.0,94,141,213,357,665,989.0
01576500,07-04,75.0,94,140,213,314,558,945.0
01576500,07-05,78.0,94,136,210,293,512,920.0
01576500,07-06,78.0,104,139,220,306,650,916.0
01576500,07-07,77.0,103,139,214,290,654,824.0
01576500,07-08,73.0,95,145,198,312,662,1350.0
01576500,07-09,70.0,91,138,204,321,622,1080.0
01576500,07-10,65.0,87,140,201,303,652,1000.0
01576500,07-11,77.0,92,145,200,306,636,819.0
01576500,07-12,68.0,86,138,197,315,583,757.0
01576500,07-13,68.0,89,146,197,350,828,1190.0
01576500,07-14,68.0,93,139,203,362,734,897.0
01576500,07-15,69.0,89,131,201,371,814,1560.0
01576500,07-16,74.0,86,129,202,342,695,1230.0
01576500,07-17,69.0,76,125,197,304,635,906.0
01576500,07-18,65.0,70,127,189,328,739,1050.0
01576500,07-19,55.0,77,125,195,286,695,827.0
01576500,07-20,52.0,67,123,190,278,544,780.0
01576500,07-21,50.0,72,129,189,288,641,1380.0
01576500,07-22,58.0,77,126,171,293,599,968.0
01576500,07-23,50.0,64,117,195,343,790,1400.0
01576500,07-24,56.0,66,116,195,376,724,1790.0
01576500,07-25,58.0,71,112,186,312,489,912.0
01576500,07-26,54.0,65,128,205,314,602,849.0
01576500,07-27,52.0,64,121,189,312,657,1350.0
01576500,07-28,51.0,71,117,179,296,761,1120.0
01576500,07-29,54.0,72,121,189,335,511,933.0
01576500,07-30,56.0,80,126,182,315,529,920.0
01576500,07-31,52.0,72,117,184,289,636,711.0
01576500,08-01,50.0,69,112,180,312,583,716.0
01576500,08-02,47.0,64,110,179,334,490,646.0
01576500,08-03,52.0,64,109,168,338,479,811.0
01576500,08-04,48.0,71,111,172,313,494,2060.0
01576500,08-05,56.0,70,105,167,282,446,1310.0
01576500,08-06,49.0,69,106,167,295,468,704.0
01576500,08-07,44.0,63,105,172,329,566,878.0
01576500,08-08,45.0,63,111,154,303,462,637.0
01576500,08-09,42.0,59,108,157,286,399,715.0
01576500,08-10,41.0,63,106,184,304,568,681.0
01576500,08-11,36.0,67,119,185,312,510,770.0
01576500,08-12,49.0,73,118,171,297,433,561.0
01576500,08-13,38.0,68,117,166,310,588,1050.0
01576500,08-14,52.0,69,113,164,311,452,1410.0
01576500,08-15,46.0,66,107,167,270,402,605.0
01576500,08-16,51.0,71,103,160,253,355,436.0
01576500,08-17,49.0,73,99,154,255,349,532.0
01576500,08-18,46.0,71,92,154,275,399,861.0
01576500,08-19,47.0,65,94,152,268,480,1270.0
01576500,08-20,47.0,67,99,139,251,435,876.0
01576500,08-21,45.0,67,104,166,268,387,873.0
01576500,08-22,39.0,59,93,175,263,588,1540.0
01576500,08-23,40.0,66,99,161,252,715,1150.0
01576500,08-24,48.0,67,98,143,231,636,780.0
01576500,08-25,47.0,62,94,147,233,409,658.0
01576500,08-26,48.0,64,94,143,222,438,666.0
01576500,08-27,45.0,66,88,142,220,418,576.0
01576500,08-28,44.0,57,89,139,223,476,907.0
01576500,08-29,50.0,62,85,138,237,449,706.0
01576500,08-30,49.0,61,90,131,225,394,566.0
01576500,08-31,47.0,57,84,135,216,328,694.0
01576500,09-01,43.0,60,81,128,228,513,812.0
01576500,09-02,41.0,60,86,146,234,474,773.0
01576500,09-03,45.0,59,90,143,234,490,1070.0
01576500,09-04,48.0,60,85,142,248,543,826.0
01576500,09-05,48.0,64,86,137,218,423,727.0
01576500,09-06,46.0,59,87,137,247,366,694.0
01576500,09-07,40.0,60,87,144,241,542,825.0
01576500,09-08,42.0,61,84,144,224,389,701.0
01576500,09-09,45.0,59,84,150,203,435,608.0
01576500,09-10,47.0,60,83,151,208,400,672.0
01576500,09-11,40.0,56,83,149,202,517,862.0
01576500,09-12,35.0,55,88,135,190,466,1200.0
01576500,09-13,37.0,58,86,133,237,430,1110.0
01576500,09-14,42.0,58,85,135,235,447,680.0
01576500,09-15,46.0,56,83,140,246,600,911.0
01576500,09-16,52.0,60,80,140,244,669,1000.0
01576500,09-17,49.0,63,88,135,227,551,845.0
01576500,09-18,52.0,64,86,133,256,559,988.0
01576500,09-19,48.0,64,88,136,229,666,1200.0
01576500,09-20,47.0,56,81,130,234,466,844.0
01576500,09-21,39.0,58,78,127,203,510,673.0
01576500,09-22,48.0,62,78,128,218,520,730.0
01576500,09-23,45.0,57,81,132,216,569,908.0
01576500,09-24,42.0,56,77,127,212,476,748.0
01576500,09-25,39.0,50,79,138,213,665,1050.0
01576500,09-26,37.0,49,78,134,242,577,1040.0
01576500,09-27,40.0,54,79,139,295,516,903.0
01576500,09-28,46.0,59,78,142,269,530,1320.0
01576500,09-29,44.0,59,80,141,256,471,982.0
01576500,09-30,41.0,57,87,137,247,726,1160.0
01576500,10-01,54.0,66,90,134,228,552,873.0
01576500,10-02,51.0,66,88,150,261,637,887.0
01576500,10-03,54.0,67,95,140,264,824,1320.0
01576500,10-04,53.0,63,86,130,237,604,714.0
01576500,10-05,52.0,62,85,138,239,616,729.0
01576500,10-06,54.0,62,82,134,233,513,643.0
01576500,10-07,47.0,62,83,136,224,489,579.0
01576500,10-08,53.0,60,86,145,243,503,664.0
01576500,10-09,52.0,62,87,147,229,487,864.0
01576500,10-10,49.0,60,98,135,247,559,1190.0
01576500,10-11,46.0,58,96,132,237,535,837.0
01576500,10-12,46.0,60,94,130,230,510,689.0
01576500,10-13,52.0,59,91,128,234,462,648.0
01576500,10-14,49.0,62,90,121,230,433,573.0
01576500,10-15,45.0,61,91,128,217,508,789.0
01576500,10-16,52.0,63,92,135,234,519,656.0
01576500,10-17,53.0,65,87,125,256,570,867.0
01576500,10-18,51.0,64,92,120,288,518,658.0
01576500,10-19,48.0,65,94,131,276,513,890.0
01576500,10-20,52.0,63,86,135,296,521,1060.0
01576500,10-21,51.0,63,84,135,263,487,1080.0
01576500,10-22,49.0,56,87,131,245,499,772.0
01576500,10-23,53.0,56,88,135,315,511,796.0
01576500,10-24,52.0,56,89,138,302,507,767.0
01576500,10-25,55.0,58,95,150,255,441,683.0
01576500,10-26,50.0,61,100,159,285,452,756.0
01576500,10-27,52.0,61,99,154,276,610,965.0
01576500,10-28,50.0,60,99,149,284,832,1160.0
01576500,10-29,50.0,62,103,150,342,603,986.0
01576500,10-30,52.0,66,99,153,338,641,1030.0
01576500,10-31,54.0,71,102,150,295,588,1020.0
01576500,11-01,48.0,60,101,154,291,572,827.0
01576500,11-02,52.0,63,101,149,348,560,755.0
01576500,11-03,56.0,65,101,162,336,675,863.0
01576500,11-04,61.0,66,103,160,332,580,654.0
01576500,11-05,55.0,62,105,176,298,584,693.0
01576500,11-06,56.0,66,105,180,295,460,564.0
01576500,11-07,53.0,68,108,190,297,484,770.0
01576500,11-08,52.0,65,105,176,320,529,928.0
01576500,11-09,54.0,68,107,163,306,476,1050.0
01576500,11-10,62.0,70,108,166,298,460,1000.0
01576500,11-11,52.0,71,104,170,327,588,839.0
01576500,11-12,58.0,70,111,161,351,599,896.0
01576500,11-13,51.0,65,116,166,363,631,826.0
01576500,11-14,51.0,66,114,172,361,512,899.0
01576500,11-15,52.0,64,120,173,338,449,1000.0
01576500,11-16,48.0,70,110,175,356,610,1060.0
01576500,11-17,63.0,74,107,180,350,702,988.0
01576500,11-18,59.0,73,103,194,351,611,933.0
01576500,11-19,61.0,74,115,204,336,620,884.0
01576500,11-20,56.0,67,117,209,342,564,987.0
01576500,11-21,58.0,75,115,216,334,653,1070.0
01576500,11-22,55.0,70,116,224,357,719,803.0
01576500,11-23,56.0,74,114,221,321,690,891.0
01576500,11-24,58.0,71,118,217,330,548,934.0
01576500,11-25,62.0,72,119,217,360,748,1550.0
01576500,11-26,59.0,77,133,227,380,692,1310.0
01576500,11-27,59.0,76,131,224,406,780,1080.0
01576500,11-28,65.0,81,124,225,477,782,997.0
01576500,11-29,55.0,84,135,253,474,1240,1560.0
01576500,11-30,56.0,88,129,272,473,956,1080.0
01576500,12-01,67.0,89,134,259,445,931,1470.0
01576500,12-02,69.0,84,144,258,429,791,1510.0
01576500,12-03,65.0,78,151,250,427,821,1110.0
01576500,12-04,60.0,82,147,259,467,872,1160.0
01576500,12-05,70.0,87,146,254,500,795,1030.0
01576500,12-06,70.0,94,143,255,519,871,1300.0
01576500,12-07,69.0,92,141,266,593,950,1490.0
01576500,12-08,69.0,92,146,261,530,810,1130.0
01576500,12-09,73.0,88,151,281,500,745,1150.0
01576500,12-10,82.0,92,161,275,520,908,1170.0
01576500,12-11,70.0,93,176,292,543,1140,1890.0
01576500,12-12,83.0,97,178,302,538,1040,1820.0
01576500,12-13,82.0,100,182,298,506,956,1560.0
01576500,12-14,85.0,113,179,289,521,915,1550.0
01576500,12-15,90.0,107,177,305,489,1030,1650.0
01576500,12-16,91.0,110,159,305,531,1220,1620.0
01576500,12-17,82.0,97,164,330,582,1160,1690.0
01576500,12-18,84.0,99,182,314,566,954,1530.0
01576500,12-19,78.0,96,172,302,531,780,1290.0
01576500,12-20,72.0,87,173,290,494,826,1160.0
01576500,12-21,69.0,96,170,297,529,1010,1930.0
01576500,12-22,70.0,87,172,289,505,992,1650.0
01576500,12-23,75.0,87,173,285,524,967,1400.0
01576500,12-24,75.0,104,170,291,575,1000,1130.0
01576500,12-25,80.0,100,169,285,536,999,1350.0
01576500,12-26,78.0,116,171,284,533,977,1260.0
01576500,12-27,95.0,125,180,301,617,931,1110.0
01576500,12-28,78.0,119,176,294,572,843,1270.0
01576500,12-29,81.0,114,170,292,607,839,1100.0
01576500,12-30,86.0,114,190,285,621,814,1010.0
01576500,12-31,79.0,109,185,271,546,859,1430.0
01578310,01-01,1710.0,7100,14500,37000,61800,82200,91300.0
01578310,01-02,9150.0,16100,23700,49400,66900,80600,99400.0
01578310,01-03,7400.0,14500,25200,43600,66300,90600,123000.0
01578310,01-04,11600.0,15900,23800,40900,60300,104000,128000.0
01578310,01-05,11700.0,15300,26300,34900,58300,98200,120000.0
01578310,01-06,8540.0,9680,22500,37800,51300,94000,131000.0
01578310,01-07,4520.0,6550,22000,39200,56400,96300,117000.0
01578310,01-08,7560.0,11500,20300,34500,58500,93200,114000.0
01578310,01-09,3950.0,8870,21900,32400,55600,92100,117000.0
01578310,01-10,2050.0,11100,21100,32800,52100,93600,160000.0
01578310,01-11,4430.0,8640,16100,32000,56900,81700,199000.0
01578310,01-12,7800.0,12000,17400,29300,51700,81400,170000.0
01578310,01-13,7370.0,11300,17300,28800,52200,86800,136000.0
01578310,01-14,7410.0,10300,18800,32500,55100,107000,137000.0
01578310,01-15,6730.0,11000,22100,32700,62900,94100,118000.0
01578310,01-16,3740.0,7170,22500,33800,63200,83000,98200.0
01578310,01-17,5260.0,12100,16100,31500,62700,87900,107000.0
01578310,01-18,3770.0,8780,18100,31900,57900,87800,100000.0
01578310,01-19,7570.0,8730,16000,34800,50100,84200,118000.0
01578310,01-20,10400.0,13000,18700,32200,50700,87500,117000.0
01578310,01-21,8140.0,12300,19900,34700,48500,80700,156000.0
01578310,01-22,3000.0,8910,20100,33700,53800,85900,144000.0
01578310,01-23,3360.0,5990,16200,32600,50600,85300,133000.0
01578310,01-24,5030.0,12000,18100,30100,49700,94500,122000.0
01578310,01-25,4920.0,10200,17700,28600,58300,108000,199000.0
01578310,01-26,5650.0,9730,18600,30600,65400,119000,175000.0
01578310,01-27,7520.0,11500,19500,29100,70800,132000,194000.0
01578310,01-28,8330.0,11100,20900,32800,65400,168000,236000.0
01578310,01-29,9450.0,12100,20900,32700,67600,138000,207000.0
01578310,01-30,4730.0,12700,19400,32600,68200,122000,166000.0
01578310,01-31,2980.0,13800,17500,35100,64500,111000,126000.0
01578310,02-01,5130.0,10900,19200,33600,56700,95000,126000.0
01578310,02-02,5130.0,11600,17800,37200,58600,94300,99100.0
01578310,02-03,12000.0,15500,21000,38600,65900,82400,87600.0
01578310,02-04,12000.0,13700,22200,38500,66000,93600,147000.0
01578310,02-05,9560.0,14300,24600,41600,66100,124000,157000.0
01578310,02-06,9930.0,14200,22200,37400,61700,120000,142000.0
01578310,02-07,9990.0,13700,20700,34000,64700,86300,116000.0
01578310,02-08,5980.0,13400,22200,36000,56000,82100,110000.0
01578310,02-09,8910.0,12000,24300,33400,56000,82800,103000.0
01578310,02-10,6770.0,14900,22200,34700,49800,83500,93400.0
01578310,02-11,7310.0,11300,20200,31500,47400,76700,98700.0
01578310,02-12,13200.0,14800,22100,33400,46500,86700,105000.0
01578310,02-13,11700.0,14200,20800,34700,50600,81000,106000.0
01578310,02-14,12300.0,16200,21400,36300,57700,80200,88000.0
01578310,02-15,8450.0,13500,20200,32300,54000,82500,94700.0
01578310,02-16,7920.0,13300,21000,32000,57800,81100,83400.0
01578310,02-17,4120.0,17800,23500,33700,54000,78700,87400.0
01578310,02-18,8090.0,12400,21800,34400,53300,82500,123000.0
01578310,02-19,12100.0,14100,22600,35300,52400,98900,155000.0
01578310,02-20,9910.0,15900,26000,34800,50900,114000,199000.0
01578310,02-21,9180.0,15100,23300,36200,57700,111000,185000.0
01578310,02-22,9510.0,18200,24600,36200,61000,133000,160000.0
01578310,02-23,9070.0,19600,27300,39700,68400,128000,175000.0
01578310,02-24,15500.0,19000,27400,39000,61700,145000,177000.0
01578310,02-25,9240.0,18000,27300,47800,72800,150000,179000.0
01578310,02-26,15600.0,20300,28300,42300,84200,153000,217000.0
01578310,02-27,16900.0,20900,28900,45200,87600,160000,202000.0
01578310,02-28,7340.0,17900,27000,45800,81900,145000,172000.0
01578310,02-29,,19500,35200,44600,81300,147000,
01578310,03-01,9390.0,23600,29000,46700,81200,119000,158000.0
01578310,03-02,3580.0,19300,29600,44600,78100,116000,137000.0
01578310,03-03,14500.0,19200,30400,48400,79100,139000,156000.0
01578310,03-04,11600.0,18600,33400,49500,73400,113000,167000.0
01578310,03-05,13100.0,20800,34300,52700,82000,125000,140000.0
01578310,03-06,18300.0,21500,33800,53200,81000,151000,211000.0
01578310,03-07,18400.0,19400,32500,53400,79900,158000,194000.0
01578310,03-08,7590.0,20000,34100,49900,76000,144000,226000.0
01578310,03-09,1920.0,17000,31000,51100,73200,125000,217000.0
01578310,03-10,18000.0,20600,30000,50000,83000,136000,184000.0
01578310,03-11,16800.0,18300,34700,51700,82300,138000,201000.0
01578310,03-12,13700.0,26400,36000,52200,76000,132000,181000.0
01578310,03-13,25400.0,30900,38700,52300,72400,115000,154000.0
01578310,03-14,27500.0,29600,43800,60400,75800,118000,142000.0
01578310,03-15,26400.0,31400,41000,63500,78900,130000,205000.0
01578310,03-16,10200.0,31200,40300,63100,83000,149000,212000.0
01578310,03-17,18200.0,31100,41900,62200,80700,151000,190000.0
01578310,03-18,24400.0,27200,44600,60100,81900,138000,195000.0
01578310,03-19,26600.0,31100,42200,56300,85000,131000,157000.0
01578310,03-20,24800.0,32300,41700,55000,86100,129000,161000.0
01578310,03-21,23600.0,33700,43400,58100,96100,120000,144000.0
01578310,03-22,15300.0,31900,44100,63000,107000,141000,168000.0
01578310,03-23,29400.0,33800,42800,64200,106000,143000,210000.0
01578310,03-24,25700.0,31000,46300,67600,109000,152000,212000.0
01578310,03-25,27300.0,33900,47500,65900,100000,163000,206000.0
01578310,03-26,22600.0,30400,45800,64700,89100,148000,187000.0
01578310,03-27,25600.0,35400,50900,63500,80500,134000,175000.0
01578310,03-28,28600.0,33300,47000,66100,89100,130000,176000.0
01578310,03-29,25000.0,28100,47700,63700,86100,149000,249000.0
01578310,03-30,23800.0,26700,50100,67700,91600,148000,286000.0
01578310,03-31,21700.0,30300,50700,63100,97900,136000,248000.0
01578310,04-01,20300.0,27300,50500,66600,96600,158000,201000.0
01578310,04-02,24300.0,32500,50700,66600,99700,156000,205000.0
01578310,04-03,26800.0,33000,50400,74300,99200,171000,282000.0
01578310,04-04,23300.0,30000,53000,67200,111000,210000,349000.0
01578310,04-05,26200.0,29000,56000,68800,114000,236000,294000.0
01578310,04-06,22200.0,31300,53600,70400,113000,214000,263000.0
01578310,04-07,24200.0,29200,51600,71900,122000,203000,221000.0
01578310,04-08,26700.0,34300,52400,70700,111000,175000,207000.0
01578310,04-09,26000.0,31300,46200,68500,106000,143000,188000.0
01578310,04-10,30700.0,36800,47600,63700,111000,154000,163000.0
01578310,04-11,23900.0,31700,42100,63400,114000,145000,159000.0
01578310,04-12,31600.0,35200,44400,62300,104000,156000,164000.0
01578310,04-13,28200.0,33000,39800,61900,94900,132000,156000.0
01578310,04-14,24200.0,31600,41500,63900,87600,119000,166000.0
01578310,04-15,25200.0,34900,43100,65500,86400,116000,162000.0
01578310,04-16,25700.0,26600,46400,62800,85800,147000,172000.0
01578310,04-17,21500.0,28300,42400,67400,104000,154000,189000.0
01578310,04-18,27100.0,32100,42000,61000,108000,149000,238000.0
01578310,04-19,25900.0,28400,38200,56000,93000,147000,218000.0
01578310,04-20,18700.0,23600,33700,57900,81500,125000,169000.0
01578310,04-21,16900.0,26700,37200,53700,83600,121000,137000.0
01578310,04-22,16500.0,28400,31300,53500,82800,116000,143000.0
01578310,04-23,22500.0,24700,33800,55900,76200,108000,133000.0
01578310,04-24,15200.0,24500,33700,52400,74900,105000,112000.0
01578310,04-25,20900.0,25200,33700,46400,79000,102000,120000.0
01578310,04-26,22300.0,25600,34900,50400,71600,91300,129000.0
01578310,04-27,19500.0,22500,29700,47500,69500,88800,143000.0
01578310,04-28,20700.0,24500,35200,45200,69400,86400,169000.0
01578310,04-29,18000.0,25800,35900,45800,62700,80000,143000.0
01578310,04-30,15700.0,24100,35800,46700,62900,80100,120000.0
01578310,05-01,19400.0,24400,32800,46100,63800,86500,140000.0
01578310,05-02,22000.0,26400,30300,46300,58900,112000,167000.0
01578310,05-03,25700.0,26600,32700,41700,62500,107000,162000.0
01578310,05-04,18700.0,23500,30200,39500,61100,84000,147000.0
01578310,05-05,23500.0,25400,34400,43300,64500,87700,119000.0
01578310,05-06,16500.0,21900,32200,45800,65700,87400,100000.0
01578310,05-07,20200.0,22800,31300,49500,69500,97300,117000.0
01578310,05-08,18700.0,21600,30200,44300,68200,101000,162000.0
01578310,05-09,14900.0,20300,29700,43000,60400,89100,173000.0
01578310,05-10,17100.0,20200,28100,38400,60800,87400,130000.0
01578310,05-11,15900.0,21400,27300,39500,59300,96800,112000.0
01578310,05-12,11400.0,22100,30200,44200,63400,85700,138000.0
01578310,05-13,18200.0,19500,29200,44600,61600,107000,161000.0
01578310,05-14,12800.0,16600,30000,46600,64000,93900,184000.0
01578310,05-15,16000.0,19000,26600,43500,67300,140000,162000.0
01578310,05-16,13300.0,18400,29600,47800,68200,129000,158000.0
01578310,05-17,13700.0,19500,29000,47400,77100,116000,151000.0
01578310,05-18,12700.0,18000,28100,43200,66300,99200,173000.0
01578310,05-19,13000.0,18200,24800,45300,67000,95200,174000.0
01578310,05-20,13200.0,21900,27000,44600,62700,124000,136000.0
01578310,05-21,15300.0,17500,26900,42100,59700,106000,136000.0
01578310,05-22,11500.0,19600,24800,40000,63100,88300,114000.0
01578310,05-23,14400.0,16700,23900,38700,62400,79400,97900.0
01578310,05-24,16800.0,18200,23900,34800,64300,86300,108000.0
01578310,05-25,14300.0,17000,20800,33500,59500,85000,104000.0
01578310,05-26,13500.0,15000,25400,34300,53600,82000,88500.0
01578310,05-27,14100.0,16900,21600,32000,53500,75800,80700.0
01578310,05-28,14700.0,15700,21500,32700,52800,71800,77300.0
01578310,05-29,12300.0,15900,19900,30900,52000,66100,102000.0
01578310,05-30,10600.0,12200,22000,30300,47600,69000,113000.0
01578310,05-31,8910.0,12800,19400,27600,48200,80300,105000.0
01578310,06-01,9010.0,12000,20800,29200,48700,77500,93900.0
01578310,06-02,10700.0,14800,19300,28700,51000,76300,85500.0
01578310,06-03,13400.0,14800,18900,29700,43700,68600,102000.0
01578310,06-04,11100.0,12700,18500,27600,46900,69300,81100.0
01578310,06-05,7290.0,10200,19400,28700,46900,60300,71000.0
01578310,06-06,7870.0,11000,19600,28400,42600,57600,79800.0
01578310,06-07,10000.0,11700,17200,26600,38700,54700,75600.0
01578310,06-08,8780.0,12500,17500,28400,40000,52200,83400.0
01578310,06-09,6600.0,12600,19200,25400,40800,51000,116000.0
01578310,06-10,7560.0,11100,18800,25500,33500,60800,96100.0
01578310,06-11,7330.0,11200,16700,26100,32900,53600,84800.0
01578310,06-12,7560.0,8200,16200,26500,35400,58500,79700.0
01578310,06-13,6360.0,8880,16800,27100,35200,51200,69100.0
01578310,06-14,5810.0,10100,15900,24800,33800,50700,57600.0
01578310,06-15,5800.0,7760,16100,26700,35200,49500,55300.0
01578310,06-16,4940.0,10200,16600,22100,35600,53700,64800.0
01578310,06-17,7780.0,9800,15300,20800,38600,60100,66400.0
01578310,06-18,6270.0,8020,15000,24500,42800,58300,74200.0
01578310,06-19,6180.0,8040,16100,25000,42200,54900,71700.0
01578310,06-20,6540.0,8740,14200,23500,34900,60200,75800.0
01578310,06-21,6780.0,11100,14200,21900,34100,61700,79600.0
01578310,06-22,6100.0,10100,13200,21300,42800,68000,104000.0
01578310,06-23,4950.0,7480,14700,21000,33600,63700,144000.0
01578310,06-24,5790.0,6810,13900,20200,34900,69200,133000.0
01578310,06-25,4970.0,6150,11200,18900,35700,54800,101000.0
01578310,06-26,4900.0,6390,14600,20200,33100,60200,78300.0
01578310,06-27,5370.0,6220,12400,20400,32500,53400,93100.0
01578310,06-28,5190.0,7110,12100,19400,31200,43600,83000.0
01578310,06-29,5010.0,5450,11200,19800,33500,43300,79200.0
01578310,06-30,5010.0,7970,11600,21500,35600,47400,81800.0
01578310,07-01,6070.0,8340,11100,20300,35600,61300,82300.0
01578310,07-02,5050.0,6240,11800,20800,36300,62600,93400.0
01578310,07-03,5040.0,6080,11300,20500,34400,54300,87300.0
01578310,07-04,2250.0,5090,6490,16600,26100,55400,88400.0
01578310,07-05,5870.0,6680,11800,20600,28300,53200,77300.0
01578310,07-06,5850.0,6600,10400,20000,28500,53900,66400.0
01578310,07-07,5110.0,6700,12600,20700,26400,52800,71600.0
01578310,07-08,5600.0,6670,11500,19100,27700,48200,65700.0
01578310,07-09,5450.0,6010,11700,18200,27500,44600,58300.0
01578310,07-10,4870.0,5610,10500,17200,24900,42500,49300.0
01578310,07-11,4760.0,5800,9700,14500,22400,42400,65500.0
01578310,07-12,4590.0,5430,7510,15900,25800,36400,40300.0
01578310,07-13,4860.0,5800,8630,14900,24500,39100,48300.0
01578310,07-14,4830.0,5900,8420,16600,25100,41200,51300.0
01578310,07-15,3690.0,5920,8500,18200,25900,41000,50300.0
01578310,07-16,5090.0,5920,9270,15900,24000,37200,51000.0
01578310,07-17,4860.0,5790,8090,15000,25900,45500,56900.0
01578310,07-18,4400.0,5290,8260,16100,24500,39900,59700.0
01578310,07-19,3180.0,5420,7240,12000,21900,39800,61300.0
01578310,07-20,3500.0,5060,7050,13100,26300,42800,46900.0
01578310,07-21,2260.0,5000,6960,14700,26300,35900,43700.0
01578310,07-22,4500.0,6020,8360,13900,21700,36400,46400.0
01578310,07-23,4870.0,5800,8690,14800,24500,38500,49800.0
01578310,07-24,5050.0,5590,8210,15700,26000,35700,53100.0
01578310,07-25,4940.0,5580,8440,14200,24600,36400,53500.0
01578310,07-26,3930.0,4930,6150,14800,24400,36600,60200.0
01578310,07-27,3520.0,5850,7070,14100,24700,34700,60800.0
01578310,07-28,1600.0,5200,6210,15400,24000,35100,57200.0
01578310,07-29,3130.0,5790,8380,15000,22000,30400,52800.0
01578310,07-30,4930.0,5650,7780,13900,19500,38100,51500.0
01578310,07-31,5290.0,5690,6950,14100,21500,32700,42600.0
01578310,08-01,4730.0,5450,8150,14700,19100,27600,36200.0
01578310,08-02,3820.0,4950,6500,14000,20000,30900,49500.0
01578310,08-03,2830.0,4990,7350,14800,22900,38000,64900.0
01578310,08-04,4620.0,5030,8470,13400,20700,44200,64200.0
01578310,08-05,4180.0,4960,7490,15000,20700,42600,65900.0
01578310,08-06,4590.0,5040,6410,11800,20300,33900,54200.0
01578310,08-07,3770.0,5020,6060,11500,22100,33800,64200.0
01578310,08-08,4140.0,5040,6720,13300,19900,30300,46700.0
01578310,08-09,2400.0,4310,6560,14100,20100,27300,38400.0
01578310,08-10,2480.0,4620,5980,11000,17400,30400,45900.0
01578310,08-11,2420.0,5370,6180,13100,19800,29500,42300.0
01578310,08-12,4910.0,5680,6640,12600,19300,26100,53700.0
01578310,08-13,4380.0,5100,6800,11700,19900,39400,71700.0
01578310,08-14,4450.0,5050,6610,12400,23800,46200,74000.0
01578310,08-15,2880.0,4540,6040,10100,21200,31900,61700.0
01578310,08-16,2250.0,3890,6160,10600,19100,34000,56300.0
01578310,08-17,1200.0,4840,5690,11900,19200,42400,48200.0
01578310,08-18,3950.0,4660,7790,11400,19800,38400,53800.0
01578310,08-19,3740.0,4480,5620,9500,18300,42300,54600.0
01578310,08-20,3350.0,4570,5900,11300,17700,40800,66600.0
01578310,08-21,4250.0,4960,5990,12100,20100,40700,68600.0
01578310,08-22,2860.0,5070,6490,10700,17500,37600,78000.0
01578310,08-23,1560.0,4330,6130,10600,18100,35900,68600.0
01578310,08-24,1600.0,4160,5760,9740,17400,30300,66100.0
01578310,08-25,3750.0,4190,6260,11400,16200,30700,58700.0
01578310,08-26,1180.0,3600,5990,10100,16400,25800,52600.0
01578310,08-27,1800.0,4520,5950,9500,18100,30800,42300.0
01578310,08-28,3660.0,4850,5700,9690,16400,32300,36400.0
01578310,08-29,2610.0,4570,5670,9940,15800,28000,40700.0
01578310,08-30,2330.0,4510,5620,9780,14400,25900,35200.0
01578310,08-31,1230.0,3670,5570,9240,16500,28600,45800.0
01578310,09-01,2380.0,3650,5510,8140,17800,36100,46500.0
01578310,09-02,2620.0,4560,5450,9420,18200,31700,46700.0
01578310,09-03,4140.0,4880,5800,12100,17600,30700,46900.0
01578310,09-04,3190.0,4090,5300,11000,19300,31200,51500.0
01578310,09-05,2610.0,3620,5400,9000,18100,31700,80400.0
01578310,09-06,2630.0,4020,5400,9830,16800,44500,67900.0
01578310,09-07,1790.0,2860,5100,10700,15300,37900,70900.0
01578310,09-08,2780.0,4440,5920,11600,19600,45400,67200.0
01578310,09-09,1190.0,4280,5870,11500,19400,48100,59100.0
01578310,09-10,1210.0,4470,5880,11000,16700,44500,75200.0
01578310,09-11,3030.0,4160,5790,12400,18000,41200,121000.0
01578310,09-12,2340.0,3290,5770,9890,19000,36100,154000.0
01578310,09-13,949.0,2600,5180,10100,17300,36500,122000.0
01578310,09-14,1500.0,4380,5540,9620,19300,35800,98300.0
01578310,09-15,3620.0,3740,4700,10000,18100,42000,89900.0
01578310,09-16,2740.0,3630,4400,12000,21700,47000,65300.0
01578310,09-17,1100.0,3360,4220,9280,23300,47300,60000.0
01578310,09-18,2470.0,3820,4590,9920,21400,51500,66000.0
01578310,09-19,1370.0,2710,4030,8700,21000,45500,90300.0
01578310,09-20,893.0,2190,3880,10200,23900,38600,86600.0
01578310,09-21,990.0,2360,4130,10800,20400,36700,68300.0
01578310,09-22,1000.0,2820,4300,10400,22200,50800,55800.0
01578310,09-23,1440.0,3510,4240,10300,18600,48100,66600.0
01578310,09-24,1070.0,3460,4220,8780,24400,58100,121000.0
01578310,09-25,2910.0,3640,4680,10200,21400,62200,107000.0
01578310,09-26,932.0,2670,3980,11300,21600,84000,99600.0
01578310,09-27,1390.0,3490,3970,11800,25000,70300,101000.0
01578310,09-28,1550.0,3170,4320,12400,19400,74000,149000.0
01578310,09-29,1510.0,3870,5560,12200,20800,75400,142000.0
01578310,09-30,1190.0,3710,6010,12100,24600,82100,135000.0
01578310,10-01,1770.0,3780,6020,14900,25000,75000,108000.0
01578310,10-02,3440.0,3790,6770,15400,29300,61500,91800.0
01578310,10-03,3420.0,3910,5490,14300,27700,62200,90100.0
01578310,10-04,2660.0,3780,6070,12200,27300,59900,82300.0
01578310,10-05,882.0,3670,5450,11500,22900,61100,83100.0
01578310,10-06,1110.0,3680,4550,12000,22700,55700,74200.0
01578310,10-07,3440.0,4070,5600,11000,24000,51400,80400.0
01578310,10-08,1730.0,3810,6300,14700,22800,48100,70000.0
01578310,10-09,992.0,3980,6650,12200,28700,50800,60000.0
01578310,10-10,3800.0,4020,6500,12200,22300,46800,59100.0
01578310,10-11,1250.0,3580,5680,12300,24600,48000,78600.0
01578310,10-12,785.0,3750,5960,12200,22100,45000,72700.0
01578310,10-13,950.0,3720,6020,12700,25100,47900,60300.0
01578310,10-14,1270.0,4130,6380,12000,25400,51600,78400.0
01578310,10-15,1200.0,3790,5810,12300,21100,46900,75200.0
01578310,10-16,3900.0,4550,7980,13100,23800,39500,74200.0
01578310,10-17,3700.0,4570,7650,14600,22500,46100,65600.0
01578310,10-18,2680.0,4050,6530,12400,22300,49000,77400.0
01578310,10-19,825.0,3660,7020,14200,30500,50100,77800.0
01578310,10-20,1420.0,3330,6520,13800,31600,50700,101000.0
01578310,10-21,3710.0,4590,8280,14300,27100,70300,142000.0
01578310,10-22,1630.0,4160,8550,14700,28700,81300,129000.0
01578310,10-23,3730.0,4820,8810,15300,30500,89400,115000.0
01578310,10-24,1060.0,4030,7050,15100,35600,97500,117000.0
01578310,10-25,3060.0,3960,7920,16300,34200,81600,99400.0
01578310,10-26,943.0,2790,5880,16200,37500,65100,85300.0
01578310,10-27,1350.0,4220,9950,17700,41200,63800,86700.0
01578310,10-28,1480.0,5290,8100,19100,35900,61900,99000.0
01578310,10-29,1400.0,4390,9060,17800,42000,78600,101000.0
01578310,10-30,4490.0,5250,7650,22000,41800,85100,108000.0
01578310,10-31,4470.0,5800,10200,19100,48900,84500,119000.0
01578310,11-01,1190.0,4460,13400,20800,46800,78400,109000.0
01578310,11-02,938.0,4040,9970,25500,45400,80000,90600.0
01578310,11-03,969.0,3990,11400,24000,37800,77500,90700.0
01578310,11-04,4530.0,5820,9240,22300,43400,61200,79400.0
01578310,11-05,2390.0,4710,10400,23400,42200,69100,83400.0
01578310,11-06,4620.0,6280,12800,24500,40900,64500,73000.0
01578310,11-07,3410.0,6960,12100,19700,33400,58800,73100.0
01578310,11-08,4410.0,5260,11500,22000,33900,55400,70600.0
01578310,11-09,4430.0,5730,12600,22100,44400,58100,71100.0
01578310,11-10,4040.0,5780,13400,25400,40500,54900,100000.0
01578310,11-11,1920.0,4540,14100,22900,39500,56800,108000.0
01578310,11-12,4680.0,6520,13000,24700,38400,75600,109000.0
01578310,11-13,4480.0,6630,13600,26000,46700,70700,118000.0
01578310,11-14,3350.0,5840,14300,25500,46700,81000,114000.0
01578310,11-15,4040.0,6360,15500,27000,46000,90300,99300.0
01578310,11-16,3960.0,5620,16100,25600,41700,80400,104000.0
01578310,11-17,5640.0,8930,16100,26300,45000,78700,118000.0
01578310,11-18,3720.0,4640,13400,28800,56400,73100,126000.0
01578310,11-19,4140.0,5740,16400,31100,53000,68900,99900.0
01578310,11-20,4870.0,7520,16400,32400,52700,69100,123000.0
01578310,11-21,3490.0,7740,19400,31400,49900,75700,132000.0
01578310,11-22,1000.0,7930,14000,29200,53600,75400,103000.0
01578310,11-23,2960.0,4800,17100,35500,52700,71000,84100.0
01578310,11-24,4630.0,7360,16300,32900,46700,72100,85800.0
01578310,11-25,3600.0,6090,18300,30400,45900,70000,102000.0
01578310,11-26,4510.0,6630,20100,32900,46500,62900,97800.0
01578310,11-27,3820.0,11100,15100,31400,49000,82200,97900.0
01578310,11-28,9550.0,11900,22400,33200,45900,81800,102000.0
01578310,11-29,10600.0,13500,24200,33900,53700,88100,177000.0
01578310,11-30,8750.0,14800,23800,39200,58400,131000,144000.0
01578310,12-01,12000.0,18800,27500,37400,60000,112000,180000.0
01578310,12-02,10200.0,16900,25100,39100,68200,101000,151000.0
01578310,12-03,7100.0,15600,27000,37100,60200,111000,201000.0
01578310,12-04,10100.0,17700,26200,39900,59100,105000,186000.0
01578310,12-05,9010.0,15000,23600,37400,58900,112000,146000.0
01578310,12-06,11100.0,13600,22300,35800,58300,113000,140000.0
01578310,12-07,9380.0,15700,24800,38800,65200,97900,120000.0
01578310,12-08,12400.0,18800,26700,40300,73200,98300,112000.0
01578310,12-09,11500.0,12300,25000,38100,59900,99700,109000.0
01578310,12-10,5150.0,15100,22700,35200,62600,84200,112000.0
01578310,12-11,7910.0,14700,23600,37000,63000,84600,111000.0
01578310,12-12,8030.0,13800,27200,38000,61600,106000,140000.0
01578310,12-13,9800.0,15700,22300,40100,73400,88100,136000.0
01578310,12-14,10500.0,15900,23300,42000,73500,92400,185000.0
01578310,12-15,14800.0,15500,23200,42000,64600,88700,160000.0
01578310,12-16,6680.0,11400,23800,41300,65700,82300,131000.0
01578310,12-17,4260.0,12700,26000,42100,65800,90300,137000.0
01578310,12-18,8000.0,16100,27300,40700,63300,95700,135000.0
01578310,12-19,9410.0,12500,27800,43000,59700,92100,130000.0
01578310,12-20,3740.0,13100,28100,41300,61400,85400,111000.0
01578310,12-21,8680.0,13200,23500,42100,65600,76100,101000.0
01578310,12-22,9600.0,15100,26800,40500,60500,112000,128000.0
01578310,12-23,7440.0,16100,26400,43100,57200,107000,137000.0
01578310,12-24,6890.0,14900,28100,36800,62500,102000,138000.0
01578310,12-25,1160.0,3030,17000,32300,63800,97100,138000.0
01578310,12-26,6260.0,9610,26700,38000,73300,122000,146000.0
01578310,12-27,7300.0,19900,28200,38900,76000,114000,140000.0
01578310,12-28,6400.0,13700,27100,41700,70300,102000,121000.0
01578310,12-29,7740.0,14500,26500,41900,69400,89200,112000.0
01578310,12-30,11700.0,18400,27000,43600,62000,83100,94900.0
01578310,12-31,6300.0,9030,19100,44100,64000,85000,94700.0
