SiteCode,MonthDay,p05,p10,p25,p50,p75,p90,p95
01610000,01-01,503,694,1390,2630,4310,9560,16600
01610000,01-02,549,697,1410,2550,4550,11300,15200
01610000,01-03,513,748,1430,2600,5130,9390,14200
01610000,01-04,628,758,1570,2720,5520,8700,12000
01610000,01-05,586,973,1470,2640,6090,8400,10300
01610000,01-06,504,789,1380,2710,5550,8430,9930
01610000,01-07,515,828,1510,2920,5000,7070,9510
01610000,01-08,531,768,1570,2660,4670,6620,11000
01610000,01-09,573,717,1550,2570,4710,6290,8960
01610000,01-10,544,753,1520,2730,4990,7410,11100
01610000,01-11,559,729,1480,2700,4650,6760,13300
01610000,01-12,584,792,1470,2710,4600,9110,10200
01610000,01-13,589,780,1500,2780,4800,8240,11300
01610000,01-14,667,741,1470,2610,5000,7340,10900
01610000,01-15,587,848,1460,2630,5140,8730,9810
01610000,01-16,615,829,1450,2510,4290,7850,13000
01610000,01-17,572,882,1510,2530,4050,7680,10600
01610000,01-18,576,871,1450,2290,3850,7100,10600
01610000,01-19,575,887,1420,2330,3730,8530,13000
01610000,01-20,529,798,1630,2290,4740,9660,11300
01610000,01-21,548,810,1470,2370,4920,7970,11700
01610000,01-22,572,782,1560,2250,4570,8190,10600
01610000,01-23,606,782,1540,2510,4880,7490,8500
01610000,01-24,586,796,1460,2700,4870,8770,11800
01610000,01-25,563,824,1550,2610,5110,8860,18500
01610000,01-26,612,870,1630,2630,5310,13000,15200
01610000,01-27,654,884,1670,2680,5260,12100,16600
01610000,01-28,655,944,1630,2680,6300,9520,17700
01610000,01-29,659,848,1620,2590,5950,10100,18000
01610000,01-30,694,1010,1660,2620,5850,10700,12100
01610000,01-31,677,980,1610,2800,5420,10100,12900
01610000,02-01,673,1030,1620,2840,4930,8960,15200
01610000,02-02,677,1100,1700,2770,5130,9910,14100
01610000,02-03,693,1070,1870,2810,5160,10100,17000
01610000,02-04,687,1080,1850,2880,5290,10400,15200
01610000,02-05,720,1070,1860,2840,6090,10000,14800
01610000,02-06,718,1040,1810,2910,6250,10200,13200
01610000,02-07,768,964,1910,3200,6360,10200,16600
01610000,02-08,716,1170,2010,3260,6560,10500,13700
01610000,02-09,664,1160,1880,3270,6100,9300,11700
01610000,02-10,651,1130,1700,3100,5580,9090,10700
01610000,02-11,789,1150,1890,3040,5130,8560,12000
01610000,02-12,948,1200,1780,3430,5290,10000,11800
01610000,02-13,892,1190,1830,3440,6480,9780,11500
01610000,02-14,981,1290,1900,3250,7320,9150,13100
01610000,02-15,1060,1330,2050,3510,6350,10000,13100
01610000,02-16,1090,1520,2040,3930,6120,9360,10900
01610000,02-17,1120,1520,2330,3760,6220,9100,13600
01610000,02-18,1070,1280,2460,3860,6010,10000,13300
01610000,02-19,1200,1380,2440,3940,6160,11200,15800
01610000,02-20,1230,1360,2500,3830,6510,10800,19300
01610000,02-21,1170,1350,2560,3780,6200,12800,19500
01610000,02-22,1150,1320,2580,3670,6300,13900,17100
01610000,02-23,1100,1400,2480,4020,7930,12600,17100
01610000,02-24,1130,1430,2570,4100,8210,15600,23500
01610000,02-25,1110,1450,2530,3930,8200,16300,23300
01610000,02-26,1080,1600,2300,4230,8690,14400,18400
01610000,02-27,1050,1420,2410,4000,8610,14000,25900
01610000,02-28,1040,1490,2380,4220,7830,12800,19200
01610000,02-29,1140,1700,2570,4560,7410,14000,16800
01610000,03-01,1050,1280,2440,4330,7900,14000,22800
01610000,03-02,1040,1270,2610,4360,8170,15600,19400
01610000,03-03,1050,1350,2580,4150,8470,13000,18500
01610000,03-04,1140,1650,2550,4630,8270,13800,20800
01610000,03-05,1160,1710,2960,5090,10600,18600,30300
01610000,03-06,1410,2000,3030,4930,10800,20700,28800
01610000,03-07,1340,2040,3000,4850,8880,17900,26100
01610000,03-08,1500,1900,3050,5180,8650,16200,20100
01610000,03-09,1490,1940,3080,5190,9030,12200,16500
01610000,03-10,1510,1980,3010,4940,8070,13800,22100
01610000,03-11,1590,2020,3100,4770,7160,13100,18200
01610000,03-12,1650,2190,3170,4900,7710,12900,20000
01610000,03-13,1730,2230,3300,5060,8850,14800,17000
01610000,03-14,1770,2290,3510,5220,9010,16400,21500
01610000,03-15,1760,2280,3500,5270,9290,16300,23100
01610000,03-16,1790,2230,3190,5720,9080,14200,20600
01610000,03-17,1800,2180,3040,5210,8050,14200,19000
01610000,03-18,1750,2110,3010,4860,7630,12900,15700
01610000,03-19,1720,2190,3170,5210,7720,11300,17300
01610000,03-20,1850,2130,3240,5020,9060,12500,16700
01610000,03-21,1940,2240,3150,5340,9430,15600,27600
01610000,03-22,1840,2210,3240,5540,9820,17700,25800
01610000,03-23,1750,2170,3270,5200,10500,15500,19400
01610000,03-24,1690,2250,3190,5600,9980,17200,22900
01610000,03-25,1730,2120,3500,6160,9590,15100,20400
01610000,03-26,1740,2110,3390,5840,9560,13300,18700
01610000,03-27,1710,2140,3250,5610,7690,12100,18100
01610000,03-28,1920,2400,3380,5280,7000,11700,16100
01610000,03-29,1960,2510,3300,4950,6700,12300,29000
01610000,03-30,1970,2410,3050,4620,6530,12700,28600
01610000,03-31,2210,2390,3110,4650,8030,13100,20600
01610000,04-01,1920,2340,3340,4540,7420,12800,16900
01610000,04-02,1870,2230,3180,4750,8120,12900,15900
01610000,04-03,1810,2230,3230,4710,7900,11900,17300
01610000,04-04,1740,2210,3370,4730,7710,10800,17400
01610000,04-05,1950,2170,3150,4380,7750,14300,19800
01610000,04-06,1940,2140,3030,4300,6790,12300,24300
01610000,04-07,1920,2330,2920,4500,7260,13200,18000
01610000,04-08,1890,2320,2810,4270,6990,12600,16700
01610000,04-09,1970,2310,2890,4220,6870,12600,16700
01610000,04-10,1880,2210,2790,4690,7420,12100,18500
01610000,04-11,1780,2060,2690,4520,7040,11700,17900
01610000,04-12,1840,2000,2620,4400,6950,10800,15000
01610000,04-13,1810,2010,2560,4150,8100,15100,18800
01610000,04-14,1750,2020,2610,4140,7880,15700,19800
01610000,04-15,1660,1890,2580,4080,7730,13900,16500
01610000,04-16,1700,1840,2600,4180,8820,13500,19500
01610000,04-17,1670,1850,2740,3900,7680,16000,32600
01610000,04-18,1590,1760,2660,4410,6890,15300,23400
01610000,04-19,1570,1720,2500,4120,6340,10900,16000
01610000,04-20,1490,1710,2380,3960,6040,11500,22900
01610000,04-21,1420,1650,2250,3920,5530,13200,19600
01610000,04-22,1400,1610,2140,3730,5930,12900,14800
01610000,04-23,1410,1590,2050,3420,5790,11500,15900
01610000,04-24,1350,1750,2100,3400,5740,10500,13700
01610000,04-25,1380,1760,2140,3600,6280,10400,12500
01610000,04-26,1430,1690,2230,3480,6570,10200,15000
01610000,04-27,1400,1570,2250,3360,6480,11400,13500
01610000,04-28,1370,1540,2160,3580,6520,11600,15100
01610000,04-29,1320,1630,2190,3390,6320,11700,23100
01610000,04-30,1370,1600,2150,3280,5930,12700,16100
01610000,05-01,1360,1640,2060,3320,5610,10500,17400
01610000,05-02,1350,1570,2190,3500,5600,8950,12700
01610000,05-03,1300,1570,2290,3760,5940,8740,12400
01610000,05-04,1240,1370,2180,3740,6260,9370,13900
01610000,05-05,1230,1440,2100,3570,7230,10700,12300
01610000,05-06,1160,1530,2070,4070,7240,14900,19900
01610000,05-07,1140,1550,2150,4350,7640,13600,23900
01610000,05-08,1080,1700,2280,4180,7700,15700,24600
01610000,05-09,1070,1550,2190,3650,7340,15300,20000
01610000,05-10,1070,1550,1970,3350,7120,11900,18200
01610000,05-11,1040,1470,1970,3280,6490,10900,13900
01610000,05-12,1090,1430,2000,3090,6650,10500,16000
01610000,05-13,1200,1430,1930,3060,6310,10100,13700
01610000,05-14,1170,1410,1960,3300,5980,9380,16200
01610000,05-15,1030,1480,2070,3710,5790,10300,13100
01610000,05-16,982,1390,2100,3710,5830,12300,16800
01610000,05-17,1100,1380,1960,3600,6110,14800,20600
01610000,05-18,1130,1460,1850,3420,5750,12300,20300
01610000,05-19,1190,1470,2050,3250,5210,11300,15300
01610000,05-20,1380,1510,2140,3050,5050,9610,11400
01610000,05-21,1340,1450,2230,2990,5500,8640,15700
01610000,05-22,1290,1410,2010,2780,5940,8070,14300
01610000,05-23,1210,1340,2010,2680,5280,8910,13700
01610000,05-24,1130,1400,2010,2720,4830,8900,12600
01610000,05-25,1060,1520,1950,2710,4890,8320,10300
01610000,05-26,1070,1380,1850,2680,4300,7350,10100
01610000,05-27,1020,1300,1740,2540,4410,7170,9680
01610000,05-28,962,1180,1640,2610,4290,8470,13900
01610000,05-29,880,1230,1750,2510,4650,11100,17000
01610000,05-30,821,1110,1710,2550,4280,8670,14900
01610000,05-31,782,1060,1590,2550,4180,7690,14200
01610000,06-01,751,986,1460,2340,4030,9260,11900
01610000,06-02,767,913,1480,2420,3820,7490,10900
01610000,06-03,836,936,1400,2270,3930,8440,12900
01610000,06-04,825,987,1540,2180,3870,7600,13500
01610000,06-05,816,917,1500,2110,4400,8170,12700
01610000,06-06,728,858,1440,2180,4050,7680,11100
01610000,06-07,713,816,1330,2060,3580,6260,9200
01610000,06-08,705,860,1290,2120,3190,5470,8050
01610000,06-09,673,870,1230,1930,3210,4920,6860
01610000,06-10,637,832,1180,1800,3030,5150,6720
01610000,06-11,625,783,1120,1820,2760,7830,10000
01610000,06-12,620,762,1150,1680,2720,6860,10600
01610000,06-13,611,772,1060,1610,2770,6800,12800
01610000,06-14,581,751,1050,1590,2610,5540,8670
01610000,06-15,588,717,1020,1650,2570,4800,7820
01610000,06-16,577,795,1040,1550,2450,3900,7500
01610000,06-17,585,775,1020,1570,2540,3950,7060
01610000,06-18,613,814,1030,1580,2540,4250,8460
01610000,06-19,592,765,985,1500,2380,4770,7840
01610000,06-20,571,765,973,1630,2550,5090,9740
01610000,06-21,568,730,954,1560,2730,6060,9200
01610000,06-22,522,686,918,1470,2430,5180,8970
01610000,06-23,525,656,922,1410,2390,4120,7750
01610000,06-24,480,665,915,1360,2640,3860,8230
01610000,06-25,453,657,899,1310,2360,3330,6300
01610000,06-26,435,631,904,1250,2170,2780,5080
01610000,06-27,446,617,898,1160,1920,2950,5270
01610000,06-28,447,603,843,1150,1690,3510,5470
01610000,06-29,499,600,795,1090,1680,3680,8190
01610000,06-30,437,562,732,1030,1680,4360,7500
01610000,07-01,421,544,742,1080,1640,3730,6340
01610000,07-02,433,526,756,1100,1520,3900,5020
01610000,07-03,427,521,704,1080,1730,3020,3650
01610000,07-04,395,516,688,1110,1640,2790,4030
01610000,07-05,359,513,668,1050,1880,2910,3680
01610000,07-06,385,470,639,1020,1860,3020,3990
01610000,07-07,385,487,638,952,1810,3050,4150
01610000,07-08,372,502,634,976,1900,2680,4140
01610000,07-09,380,494,616,936,1820,3490,5470
01610000,07-10,372,488,633,1060,1770,3290,4320
01610000,07-11,368,469,631,1070,1540,3130,4260
01610000,07-12,364,472,661,996,1450,3260,3850
01610000,07-13,412,486,664,970,1450,3110,3780
01610000,07-14,394,444,677,933,1640,2860,3890
01610000,07-15,407,504,640,936,1500,2680,3470
01610000,07-16,408,462,634,873,1460,2500,3410
01610000,07-17,383,424,610,794,1510,2350,3940
01610000,07-18,369,431,583,853,1340,2230,3220
01610000,07-19,354,419,595,842,1280,1980,2960
01610000,07-20,375,422,545,827,1280,2200,3180
01610000,07-21,372,429,571,820,1350,1950,3310
01610000,07-22,383,425,595,809,1340,2200,3660
01610000,07-23,389,418,611,806,1400,2320,3530
01610000,07-24,376,428,611,834,1310,2160,3180
01610000,07-25,365,410,567,800,1370,1920,3400
01610000,07-26,357,398,524,777,1200,2190,2880
01610000,07-27,340,405,542,797,1180,1940,2320
01610000,07-28,335,409,583,788,1200,1910,3230
01610000,07-29,341,392,560,848,1340,2490,3500
01610000,07-30,338,376,552,795,1320,2770,4940
01610000,07-31,332,355,561,806,1440,3020,7250
01610000,08-01,321,382,548,826,1360,3210,5600
01610000,08-02,329,368,517,801,1360,2970,3770
01610000,08-03,344,360,510,802,1500,2340,2630
01610000,08-04,319,372,490,762,1420,2240,3260
01610000,08-05,305,379,497,713,1220,2420,4250
01610000,08-06,291,376,511,714,1360,2650,4530
01610000,08-07,304,385,525,695,1340,2180,6480
01610000,08-08,303,374,532,748,1300,2190,3840
01610000,08-09,308,379,513,724,1300,2560,3710
01610000,08-10,306,397,526,729,1240,2450,4000
01610000,08-11,295,377,537,718,1090,2630,3670
01610000,08-12,326,374,515,689,1120,1890,3960
01610000,08-13,334,354,481,718,1140,2370,4490
01610000,08-14,333,370,520,686,1100,2430,4440
01610000,08-15,333,368,479,686,1220,2080,5360
01610000,08-16,313,367,490,707,1070,2550,3980
01610000,08-17,304,371,498,692,1070,2160,4520
01610000,08-18,311,353,515,738,1200,2920,5240
01610000,08-19,307,327,507,758,1080,2610,5720
01610000,08-20,290,343,474,724,1090,2750,4480
01610000,08-21,289,337,438,741,1390,2840,3950
01610000,08-22,290,329,448,770,1210,2860,3810
01610000,08-23,280,318,440,731,1100,2470,3460
01610000,08-24,286,318,467,742,1350,2440,3220
01610000,08-25,286,318,469,705,1420,2240,3350
01610000,08-26,267,322,481,695,1280,1930,2600
01610000,08-27,264,324,475,686,1220,2160,2640
01610000,08-28,251,315,467,712,1170,1970,2410
01610000,08-29,246,308,468,730,1230,1800,2410
01610000,08-30,247,297,495,690,1210,1770,2950
01610000,08-31,247,294,500,712,1080,2000,2680
01610000,09-01,244,320,473,659,1040,2000,2970
01610000,09-02,241,345,471,651,1160,1990,2910
01610000,09-03,237,341,473,632,1110,2250,3050
01610000,09-04,237,324,453,673,1100,2020,2450
01610000,09-05,246,330,471,637,985,1740,2380
01610000,09-06,258,310,481,641,1040,1630,3130
01610000,09-07,250,297,487,631,1080,1870,5200
01610000,09-08,243,303,486,619,1110,1780,4100
01610000,09-09,245,312,460,636,1070,2310,8410
01610000,09-10,244,318,443,629,1010,1890,7300
01610000,09-11,240,292,429,614,1010,1620,4310
01610000,09-12,245,301,425,611,996,1630,3750
01610000,09-13,252,321,451,611,971,2080,4610
01610000,09-14,271,318,431,600,943,2110,4040
01610000,09-15,281,332,430,620,906,1910,4340
01610000,09-16,272,336,418,591,911,2150,3120
01610000,09-17,266,333,415,600,887,2030,2750
01610000,09-18,257,322,442,577,875,1940,9860
01610000,09-19,259,315,438,578,956,1750,11500
01610000,09-20,254,311,433,580,1090,1920,7630
01610000,09-21,262,301,443,584,976,2380,5640
01610000,09-22,267,307,435,591,901,3250,5550
01610000,09-23,266,298,425,578,853,3980,6470
01610000,09-24,263,314,414,580,846,3800,9990
01610000,09-25,262,307,424,582,1080,3620,7230
01610000,09-26,262,290,419,560,929,3060,5010
01610000,09-27,256,283,418,583,891,2810,4980
01610000,09-28,254,274,439,581,1000,2830,5080
01610000,09-29,252,301,453,673,1170,3160,5520
01610000,09-30,246,300,496,690,1380,2650,4420
01610000,10-01,256,328,503,696,1470,3410,4570
01610000,10-02,257,338,482,714,1340,3150,6320
01610000,10-03,261,338,464,682,1520,3420,6190
01610000,10-04,259,311,449,662,1260,3960,4960
01610000,10-05,256,309,457,649,1140,3210,4170
01610000,10-06,254,314,461,645,1120,2820,4850
01610000,10-07,265,307,477,639,1120,2270,3950
01610000,10-08,272,309,487,645,1210,2210,4720
01610000,10-09,260,299,503,659,1260,2040,5960
01610000,10-10,268,305,486,640,1240,2140,4440
01610000,10-11,270,319,482,644,1190,2220,3780
01610000,10-12,270,324,477,619,1170,2470,4050
01610000,10-13,267,331,465,609,1100,2190,4420
01610000,10-14,275,348,476,614,983,2150,4930
01610000,10-15,279,362,469,615,994,2210,5710
01610000,10-16,277,346,446,616,885,1950,4900
01610000,10-17,272,339,439,639,939,2620,3860
01610000,10-18,274,319,450,627,968,2880,4700
01610000,10-19,277,329,443,619,1100,2920,3910
01610000,10-20,275,320,461,617,897,2650,4610
01610000,10-21,283,317,447,664,1070,3340,6460
01610000,10-22,278,323,477,672,1250,3060,5460
01610000,10-23,276,346,474,650,1220,2870,5670
01610000,10-24,278,331,460,658,1180,3810,5110
01610000,10-25,276,344,459,642,1320,3270,5270
01610000,10-26,274,347,464,738,1480,3000,5950
01610000,10-27,279,363,498,728,1740,2980,4380
01610000,10-28,290,365,499,714,1560,3000,3890
01610000,10-29,293,349,499,747,1750,3090,4620
01610000,10-30,290,354,516,804,2150,3520,5780
01610000,10-31,297,377,510,804,2060,3620,5870
01610000,11-01,321,365,490,811,2070,3560,4900
01610000,11-02,332,395,512,781,2090,3300,4460
01610000,11-03,317,399,571,870,2140,3460,5010
01610000,11-04,311,404,563,878,2070,3000,5540
01610000,11-05,316,396,578,953,1910,3320,6250
01610000,11-06,321,396,531,961,1880,3420,6040
01610000,11-07,343,424,521,981,1860,4670,5990
01610000,11-08,347,441,565,1020,1840,4450,6790
01610000,11-09,359,439,568,967,1980,4220,12100
01610000,11-10,354,439,578,963,2020,3790,8950
01610000,11-11,356,434,565,962,2200,3550,8030
01610000,11-12,378,447,554,1070,2220,4740,6890
01610000,11-13,377,456,568,1040,2070,5440,7180
01610000,11-14,361,431,575,1070,2110,4680,6620
01610000,11-15,347,400,566,1130,1940,4440,7100
01610000,11-16,340,393,562,1090,1950,4020,6140
01610000,11-17,340,392,611,1060,2220,4560,8520
01610000,11-18,343,391,621,1050,1980,4240,7530
01610000,11-19,338,429,639,1040,1910,3810,7130
01610000,11-20,353,464,589,1130,2050,4880,6490
01610000,11-21,356,468,605,1110,2410,4560,9100
01610000,11-22,385,422,653,1080,2410,5090,11000
01610000,11-23,401,447,659,1130,2160,5840,9180
01610000,11-24,400,489,663,1080,2350,4820,7490
01610000,11-25,407,493,737,1160,2370,4790,7530
01610000,11-26,401,498,788,1200,2430,5530,7040
01610000,11-27,401,478,821,1250,2330,5400,9380
01610000,11-28,398,471,862,1320,2670,5610,8600
01610000,11-29,395,498,848,1530,3040,6590,8900
01610000,11-30,415,518,835,1510,3890,8080,10200
01610000,12-01,400,515,825,1410,4200,7980,10700
01610000,12-02,384,523,868,1370,4020,6720,10400
01610000,12-03,360,527,867,1660,3660,5790,9470
01610000,12-04,359,575,864,1750,3460,6120,8710
01610000,12-05,355,615,855,1940,3690,6070,10600
01610000,12-06,357,637,925,1830,3400,5970,9830
01610000,12-07,385,603,898,1850,3140,6210,10400
01610000,12-08,404,571,860,1760,2930,7730,12000
01610000,12-09,416,573,889,1770,3310,7240,13900
01610000,12-10,411,566,924,1860,3920,7020,12200
01610000,12-11,395,553,1050,1910,4190,7960,12000
01610000,12-12,382,541,1270,2000,3870,7420,11400
01610000,12-13,419,539,1270,2030,3880,7050,11800
01610000,12-14,420,599,1170,2300,3990,8140,10200
01610000,12-15,455,568,1320,2230,3980,7480,11700
01610000,12-16,537,589,1310,2290,4280,7320,9720
01610000,12-17,498,674,1210,2380,4210,6940,8620
01610000,12-18,483,651,1190,2370,4330,7190,8480
01610000,12-19,467,614,1200,2300,4560,7070,9000
01610000,12-20,452,621,1150,2230,3970,6390,8500
01610000,12-21,445,629,1200,2210,3900,5940,7640
01610000,12-22,478,648,1200,2150,3980,7210,9990
01610000,12-23,456,613,1210,2080,3900,6420,9250
01610000,12-24,433,724,1270,2120,3880,7370,9890
01610000,12-25,465,693,1250,2330,4770,7820,11700
01610000,12-26,484,618,1420,2510,5190,9630,11300
01610000,12-27,484,598,1390,2550,4800,8310,10700
01610000,12-28,484,647,1310,2400,4970,7770,9280
01610000,12-29,497,732,1390,2370,4460,6990,8720
01610000,12-30,495,694,1490,2580,4580,6240,12700
01610000,12-31,519,726,1420,2620,4460,7840,12100
01611500,01-01,80,104,160,322,687,1880,3220
01611500,01-02,92,103,184,347,718,1770,2180
01611500,01-03,86,109,192,352,712,1540,2280
01611500,01-04,86,123,198,371,730,1480,1890
01611500,01-05,87,115,200,369,812,1350,1860
01611500,01-06,91,115,200,438,753,1360,1620
01611500,01-07,81,113,199,413,684,1180,1360
01611500,01-08,78,113,191,387,681,1100,1570
01611500,01-09,77,111,182,374,660,1080,1620
01611500,01-10,79,100,183,351,658,1140,1640
01611500,01-11,86,100,190,330,642,1140,2260
01611500,01-12,80,99,186,374,678,1120,1730
01611500,01-13,82,117,189,360,685,1130,2110
01611500,01-14,85,117,193,359,666,1300,1680
01611500,01-15,85,103,197,346,621,1330,1730
01611500,01-16,88,104,188,350,606,1410,2220
01611500,01-17,85,100,171,324,584,1520,2220
01611500,01-18,85,103,177,327,617,1280,1780
01611500,01-19,87,112,188,306,593,1370,1800
01611500,01-20,87,115,178,351,668,1580,2300
01611500,01-21,90,120,179,345,762,1260,2260
01611500,01-22,92,127,194,356,696,1480,2060
01611500,01-23,87,130,193,354,657,1390,2130
01611500,01-24,87,128,190,374,753,1730,2610
01611500,01-25,92,140,199,400,800,2270,3500
01611500,01-26,102,140,192,361,780,2470,3500
01611500,01-27,109,141,198,419,743,1850,2440
01611500,01-28,105,140,191,385,915,1780,2660
01611500,01-29,99,134,179,404,813,1650,3260
01611500,01-30,98,138,183,421,869,1720,2450
01611500,01-31,102,140,192,423,773,1570,2370
01611500,02-01,103,140,194,423,684,1480,1730
01611500,02-02,103,132,184,465,818,1600,3280
01611500,02-03,102,140,195,418,895,1780,3460
01611500,02-04,106,137,222,471,911,1940,3250
01611500,02-05,104,145,234,469,900,2170,3600
01611500,02-06,104,144,230,461,903,1920,2550
01611500,02-07,95,138,244,497,933,1710,2740
01611500,02-08,103,132,261,548,996,1770,2450
01611500,02-09,118,125,265,533,940,1540,2170
01611500,02-10,120,136,264,475,833,1560,2120
01611500,02-11,125,143,259,448,774,1430,2370
01611500,02-12,121,155,301,454,725,1530,2510
01611500,02-13,115,161,289,483,838,1640,2070
01611500,02-14,122,164,263,475,870,2050,3120
01611500,02-15,125,169,275,481,980,2070,2610
01611500,02-16,122,170,292,516,877,1860,2000
01611500,02-17,120,163,286,512,862,1540,2020
01611500,02-18,121,164,292,528,1030,1540,2190
01611500,02-19,120,162,294,588,975,1930,2760
01611500,02-20,126,170,317,554,972,1930,4280
01611500,02-21,144,170,303,564,895,2240,3440
01611500,02-22,144,170,300,540,884,2350,3320
01611500,02-23,142,173,310,501,995,2270,3990
01611500,02-24,140,170,299,510,1120,3060,4090
01611500,02-25,142,170,312,481,1310,2780,4280
01611500,02-26,138,167,333,522,1340,2840,4590
01611500,02-27,130,167,338,502,1320,2630,4590
01611500,02-28,125,168,323,523,1140,2370,3550
01611500,02-29,151,203,337,440,1000,2330,4580
01611500,03-01,120,163,320,575,1170,3140,3510
01611500,03-02,144,171,295,565,1130,3020,3710
01611500,03-03,140,179,295,587,1180,2420,3420
01611500,03-04,139,195,286,637,1250,2100,3020
01611500,03-05,153,217,319,595,1470,2470,3660
01611500,03-06,180,215,328,636,1380,2960,6300
01611500,03-07,171,241,350,667,1410,3000,4490
01611500,03-08,180,225,410,679,1360,2530,3390
01611500,03-09,184,220,408,689,1370,2230,2690
01611500,03-10,195,230,372,722,1300,2100,2750
01611500,03-11,209,265,374,679,1200,2040,3080
01611500,03-12,208,258,395,698,1190,2170,3700
01611500,03-13,199,258,392,780,1230,2190,3220
01611500,03-14,196,245,451,754,1390,2940,4760
01611500,03-15,187,232,443,759,1460,2660,4350
01611500,03-16,180,233,419,777,1400,2250,3810
01611500,03-17,173,244,465,691,1310,2700,3500
01611500,03-18,166,254,448,741,1310,2460,3200
01611500,03-19,163,261,457,728,1250,2540,3360
01611500,03-20,166,268,478,787,1560,2760,4500
01611500,03-21,162,267,506,835,1530,3010,6500
01611500,03-22,175,249,475,877,1810,3180,4500
01611500,03-23,193,260,460,918,1870,3060,4300
01611500,03-24,188,263,468,894,1750,3290,4610
01611500,03-25,179,257,460,832,1560,3530,3970
01611500,03-26,183,269,504,859,1430,2570,3350
01611500,03-27,178,301,506,790,1250,2380,3820
01611500,03-28,214,323,469,771,1110,2310,4210
01611500,03-29,289,342,469,719,1090,3360,7820
01611500,03-30,278,328,441,699,1160,2580,5520
01611500,03-31,262,328,431,675,1240,2680,4060
01611500,04-01,250,318,431,658,1300,2480,3260
01611500,04-02,267,305,451,779,1430,2460,2930
01611500,04-03,252,290,473,752,1440,2380,3100
01611500,04-04,250,276,463,754,1210,2140,2980
01611500,04-05,251,288,434,761,1240,2240,3490
01611500,04-06,245,288,430,713,1220,2160,5240
01611500,04-07,239,316,406,708,1310,2440,3430
01611500,04-08,236,303,429,669,1350,2360,2720
01611500,04-09,228,294,406,672,1320,2250,3190
01611500,04-10,223,281,411,694,1410,2340,2720
01611500,04-11,223,276,407,654,1370,2180,3150
01611500,04-12,238,288,389,777,1260,2410,3140
01611500,04-13,239,277,408,719,1310,2340,4010
01611500,04-14,238,276,409,718,1360,2390,4270
01611500,04-15,232,271,401,754,1490,2450,3080
01611500,04-16,219,267,396,703,1570,2350,3770
01611500,04-17,224,263,378,653,1400,2930,5790
01611500,04-18,237,257,408,614,1230,2470,4140
01611500,04-19,240,262,427,669,1060,1910,2710
01611500,04-20,232,259,395,665,1060,1780,3770
01611500,04-21,219,258,378,626,1040,2170,3260
01611500,04-22,229,255,359,611,1080,2130,4340
01611500,04-23,231,267,346,579,1010,2780,4210
01611500,04-24,234,277,342,578,1260,2230,3010
01611500,04-25,230,275,356,551,1160,1950,2450
01611500,04-26,228,289,382,564,1130,1980,2970
01611500,04-27,233,283,344,586,1120,1790,3420
01611500,04-28,243,278,342,567,1120,1980,3410
01611500,04-29,236,270,329,564,1230,2460,3730
01611500,04-30,225,260,329,521,1170,2380,2900
01611500,05-01,217,260,318,570,1050,2060,4180
01611500,05-02,218,251,308,567,1010,1890,3240
01611500,05-03,217,249,315,631,1160,1910,2400
01611500,05-04,207,249,301,652,1140,1790,2480
01611500,05-05,216,237,334,659,1200,2100,3580
01611500,05-06,206,231,365,621,1100,2420,3500
01611500,05-07,206,226,374,652,1270,2100,3700
01611500,05-08,191,228,367,680,1260,2580,5220
01611500,05-09,189,220,334,621,1270,2750,4750
01611500,05-10,191,212,327,585,1290,2400,2900
01611500,05-11,191,204,308,540,1200,2070,2600
01611500,05-12,176,196,293,568,1140,2650,3850
01611500,05-13,168,188,290,562,1100,2300,2900
01611500,05-14,161,185,296,597,1190,2080,3530
01611500,05-15,153,182,298,618,1310,2010,2420
01611500,05-16,160,179,297,589,1250,1940,3070
01611500,05-17,158,189,304,590,1310,2420,5310
01611500,05-18,157,195,279,562,1130,1920,3750
01611500,05-19,151,206,309,526,1010,1920,2910
01611500,05-20,145,224,308,506,946,1650,2110
01611500,05-21,151,210,357,549,1070,1660,2710
01611500,05-22,145,202,325,493,1030,2140,2450
01611500,05-23,140,188,287,467,955,1740,2070
01611500,05-24,148,181,271,487,870,1480,2230
01611500,05-25,145,185,263,500,866,1500,1890
01611500,05-26,145,178,264,479,730,1170,1590
01611500,05-27,144,166,265,419,703,1020,1430
01611500,05-28,117,168,259,384,724,1200,1560
01611500,05-29,110,163,254,374,654,1420,1880
01611500,05-30,115,153,250,362,642,1230,2060
01611500,05-31,112,144,226,346,655,1020,2060
01611500,06-01,102,136,212,328,618,1330,2740
01611500,06-02,110,127,200,306,563,1060,2120
01611500,06-03,111,134,194,306,524,1370,2040
01611500,06-04,104,148,186,299,492,1470,2490
01611500,06-05,91,135,181,298,615,1470,1810
01611500,06-06,91,129,175,285,644,1120,1660
01611500,06-07,93,129,175,274,631,1030,1350
01611500,06-08,92,134,176,273,533,874,1130
01611500,06-09,88,127,185,277,464,694,958
01611500,06-10,95,126,176,251,436,714,1400
01611500,06-11,99,115,167,242,420,1010,1690
01611500,06-12,97,110,155,239,411,1110,1690
01611500,06-13,97,104,145,233,363,899,1710
01611500,06-14,95,104,139,206,369,817,2000
01611500,06-15,90,105,133,216,358,1100,1980
01611500,06-16,90,99,138,205,369,1150,1550
01611500,06-17,90,97,136,202,393,979,1390
01611500,06-18,90,101,134,194,420,740,1090
01611500,06-19,89,105,134,185,388,697,1040
01611500,06-20,92,106,134,189,394,786,1070
01611500,06-21,89,101,131,189,424,786,1340
01611500,06-22,86,95,134,178,388,824,1370
01611500,06-23,79,97,127,184,357,746,1060
01611500,06-24,74,97,122,176,313,693,1620
01611500,06-25,73,96,121,168,298,634,1200
01611500,06-26,72,96,114,168,302,452,995
01611500,06-27,70,93,111,155,265,396,816
01611500,06-28,68,91,116,151,269,577,1400
01611500,06-29,71,88,113,145,254,755,1510
01611500,06-30,68,84,107,154,231,721,1250
01611500,07-01,64,79,100,147,219,516,996
01611500,07-02,64,77,104,143,228,475,923
01611500,07-03,63,72,103,152,260,521,940
01611500,07-04,62,72,100,143,234,397,823
01611500,07-05,60,72,96,138,250,528,853
01611500,07-06,59,70,104,135,230,443,751
01611500,07-07,59,67,97,133,247,444,574
01611500,07-08,60,66,94,129,232,384,899
01611500,07-09,60,68,92,141,216,544,741
01611500,07-10,59,65,89,135,211,498,644
01611500,07-11,60,70,95,143,226,382,499
01611500,07-12,57,68,95,133,216,337,652
01611500,07-13,58,66,92,125,207,422,615
01611500,07-14,58,65,91,126,181,360,650
01611500,07-15,58,69,86,118,185,433,694
01611500,07-16,57,70,83,119,200,350,766
01611500,07-17,55,67,81,108,206,350,655
01611500,07-18,53,63,79,108,179,358,591
01611500,07-19,52,60,79,108,170,339,525
01611500,07-20,50,59,78,104,163,292,471
01611500,07-21,50,57,78,106,169,250,535
01611500,07-22,47,56,78,107,151,295,621
01611500,07-23,52,55,78,111,162,355,531
01611500,07-24,52,58,77,110,176,400,864
01611500,07-25,52,56,77,108,181,323,656
01611500,07-26,51,56,77,112,164,340,490
01611500,07-27,49,58,78,105,172,300,387
01611500,07-28,49,58,78,105,160,330,444
01611500,07-29,51,57,78,106,164,301,686
01611500,07-30,50,58,73,108,183,334,448
01611500,07-31,50,57,73,110,180,315,807
01611500,08-01,52,56,71,106,176,471,755
01611500,08-02,51,58,71,101,182,401,1080
01611500,08-03,51,57,70,102,164,369,695
01611500,08-04,53,56,70,95,171,360,825
01611500,08-05,50,56,70,100,169,382,1530
01611500,08-06,49,55,68,97,165,530,944
01611500,08-07,46,59,79,100,164,544,1030
01611500,08-08,50,59,76,107,177,381,955
01611500,08-09,49,58,77,106,190,425,695
01611500,08-10,49,56,77,108,156,362,616
01611500,08-11,47,56,73,103,158,349,584
01611500,08-12,47,54,70,106,150,329,645
01611500,08-13,45,54,67,101,147,308,956
01611500,08-14,44,53,68,97,157,384,1010
01611500,08-15,47,52,69,93,192,379,755
01611500,08-16,46,51,70,91,184,297,493
01611500,08-17,44,53,68,87,171,354,516
01611500,08-18,44,53,68,93,166,452,674
01611500,08-19,45,54,70,94,157,349,1030
01611500,08-20,46,51,68,96,173,307,925
01611500,08-21,44,53,70,104,163,339,669
01611500,08-22,44,53,68,103,158,361,720
01611500,08-23,47,52,65,102,148,394,1140
01611500,08-24,45,51,65,99,162,355,680
01611500,08-25,43,50,64,94,151,424,881
01611500,08-26,43,50,62,90,164,598,1400
01611500,08-27,43,50,65,86,161,413,877
01611500,08-28,42,49,66,84,155,328,572
01611500,08-29,42,49,65,86,145,355,571
01611500,08-30,43,50,63,84,143,321,470
01611500,08-31,42,50,64,82,149,276,461
01611500,09-01,43,50,63,82,134,320,402
01611500,09-02,42,49,64,86,154,317,469
01611500,09-03,41,51,64,84,152,267,596
01611500,09-04,40,49,64,82,146,327,474
01611500,09-05,40,50,64,81,156,377,453
01611500,09-06,39,51,62,88,143,378,763
01611500,09-07,40,50,64,88,143,444,1130
01611500,09-08,44,50,64,85,145,367,692
01611500,09-09,43,48,63,85,148,411,661
01611500,09-10,41,47,63,91,137,374,484
01611500,09-11,40,48,62,86,130,309,377
01611500,09-12,41,49,60,84,124,256,316
01611500,09-13,42,50,58,84,126,230,452
01611500,09-14,45,51,61,84,130,231,362
01611500,09-15,42,51,62,86,129,271,314
01611500,09-16,41,51,62,82,131,266,449
01611500,09-17,41,51,64,78,134,258,521
01611500,09-18,41,49,63,78,130,245,682
01611500,09-19,41,50,61,79,128,259,917
01611500,09-20,48,53,62,77,123,229,861
01611500,09-21,49,53,61,81,151,379,1160
01611500,09-22,49,52,62,80,126,530,1130
01611500,09-23,49,52,60,78,118,558,835
01611500,09-24,49,51,60,80,117,452,1590
01611500,09-25,49,52,59,80,118,410,1130
01611500,09-26,49,53,61,78,117,332,758
01611500,09-27,50,51,63,77,124,332,666
01611500,09-28,48,51,62,78,130,360,916
01611500,09-29,48,50,63,83,164,436,1290
01611500,09-30,46,51,65,85,167,492,1150
01611500,10-01,44,51,68,97,235,660,1250
01611500,10-02,45,52,64,100,228,716,1520
01611500,10-03,49,52,63,96,253,838,1650
01611500,10-04,45,51,64,92,216,948,1240
01611500,10-05,47,52,63,90,189,612,1000
01611500,10-06,50,52,64,90,209,643,863
01611500,10-07,49,53,63,92,201,493,677
01611500,10-08,49,53,65,101,186,441,609
01611500,10-09,48,52,64,94,160,370,645
01611500,10-10,47,52,63,91,170,336,705
01611500,10-11,47,52,62,89,165,335,513
01611500,10-12,47,52,62,89,150,341,453
01611500,10-13,47,52,60,88,153,309,709
01611500,10-14,48,53,63,89,167,332,988
01611500,10-15,48,51,64,85,157,397,905
01611500,10-16,48,52,64,85,152,512,864
01611500,10-17,47,55,68,91,156,440,724
01611500,10-18,48,55,67,90,178,437,1170
01611500,10-19,49,54,67,92,204,682,1300
01611500,10-20,49,55,67,91,179,611,1760
01611500,10-21,51,56,68,90,168,669,1550
01611500,10-22,46,59,70,91,186,545,1630
01611500,10-23,47,58,70,91,184,891,1170
01611500,10-24,49,58,69,91,183,630,1330
01611500,10-25,48,58,70,92,177,646,1110
01611500,10-26,48,59,70,98,180,761,1040
01611500,10-27,50,59,74,102,197,580,954
01611500,10-28,51,60,77,105,228,499,1380
01611500,10-29,51,60,77,110,221,616,1180
01611500,10-30,53,60,77,113,271,730,1110
01611500,10-31,54,60,79,110,291,748,1300
01611500,11-01,54,62,79,117,268,671,1020
01611500,11-02,55,62,79,120,272,626,881
01611500,11-03,54,61,81,121,297,613,893
01611500,11-04,55,61,83,121,307,673,1040
01611500,11-05,55,63,87,122,309,681,926
01611500,11-06,55,66,85,124,281,635,1130
01611500,11-07,61,71,86,121,278,635,975
01611500,11-08,61,70,87,130,286,577,1190
01611500,11-09,66,70,88,131,270,935,1600
01611500,11-10,63,71,87,121,340,839,2190
01611500,11-11,61,72,87,126,320,892,1800
01611500,11-12,59,73,89,131,319,805,1000
01611500,11-13,60,71,87,141,345,758,1470
01611500,11-14,61,69,91,141,333,1190,1900
01611500,11-15,62,69,89,145,343,1040,1480
01611500,11-16,62,69,90,136,353,822,1280
01611500,11-17,60,68,93,128,335,769,1460
01611500,11-18,60,68,92,138,309,802,1970
01611500,11-19,60,68,92,142,359,779,1690
01611500,11-20,61,74,91,150,358,939,2710
01611500,11-21,61,73,92,149,381,998,2320
01611500,11-22,62,74,91,148,416,875,1960
01611500,11-23,69,75,94,153,432,1010,1790
01611500,11-24,69,78,94,164,389,985,1340
01611500,11-25,68,79,95,172,399,859,1260
01611500,11-26,70,77,101,159,400,748,1050
01611500,11-27,68,78,101,153,378,785,1490
01611500,11-28,68,76,102,152,407,862,1600
01611500,11-29,70,82,103,159,404,1420,1710
01611500,11-30,68,81,103,180,421,1750,2940
01611500,12-01,67,79,106,205,497,1550,2590
01611500,12-02,66,80,111,231,577,1410,1930
01611500,12-03,64,82,114,225,560,1210,1740
01611500,12-04,64,82,111,230,609,1180,1510
01611500,12-05,68,81,111,220,547,987,1790
01611500,12-06,71,80,112,248,502,899,1500
01611500,12-07,70,82,109,254,516,1070,1590
01611500,12-08,69,83,118,232,474,1480,1820
01611500,12-09,72,83,120,230,449,1410,1950
01611500,12-10,68,81,118,241,499,1390,2310
01611500,12-11,68,84,124,245,497,1520,3080
01611500,12-12,64,80,134,253,597,1520,2380
01611500,12-13,70,82,133,244,597,1440,2000
01611500,12-14,66,80,131,254,503,1180,2020
01611500,12-15,66,84,149,281,574,1310,1820
01611500,12-16,64,84,139,300,586,1330,1800
01611500,12-17,65,82,130,310,596,1210,1800
01611500,12-18,65,90,138,321,653,1110,1640
01611500,12-19,65,89,139,310,621,1190,1670
01611500,12-20,66,89,142,293,521,1100,1600
01611500,12-21,65,91,141,290,467,1090,1400
01611500,12-22,65,92,135,276,477,854,2060
01611500,12-23,65,89,135,265,509,1140,2500
01611500,12-24,65,89,136,260,488,1130,2130
01611500,12-25,65,84,141,296,635,1120,2160
01611500,12-26,77,91,159,293,734,1720,2000
01611500,12-27,75,97,155,320,618,1710,2030
01611500,12-28,74,92,162,335,749,1550,1790
01611500,12-29,71,91,167,307,722,1310,1870
01611500,12-30,75,91,160,311,740,1300,2060
01611500,12-31,73,98,165,307,648,1530,3770
01613000,01-01,619,941,1750,3250,5100,13000,20100
01613000,01-02,610,928,1850,3210,5460,12100,16800
01613000,01-03,573,1020,1800,3200,5700,12000,18800
01613000,01-04,745,1070,1900,3240,6470,11900,16000
01613000,01-05,812,1260,2040,3210,7440,10700,12900
01613000,01-06,731,1100,1920,3530,7140,10200,11600
01613000,01-07,680,1070,1960,3330,6450,9150,12400
01613000,01-08,693,910,1970,3290,6320,9280,13300
01613000,01-09,687,942,1910,3130,5760,10300,12900
01613000,01-10,718,1010,2030,3300,5780,9580,12500
01613000,01-11,696,1000,1960,3370,5750,10200,19100
01613000,01-12,710,991,1850,3370,5610,9970,14000
01613000,01-13,777,1070,1880,3410,5950,11300,12800
01613000,01-14,860,1030,1950,3500,5790,9170,13500
01613000,01-15,879,1070,1870,3300,5770,9390,11500
01613000,01-16,865,1080,1840,3060,5930,9970,14100
01613000,01-17,851,1050,2000,3150,5240,10000,14500
01613000,01-18,820,1080,1820,3080,4800,8980,12000
01613000,01-19,805,1060,1790,2900,4880,10300,14700
01613000,01-20,798,995,1710,2900,5380,10600,13500
01613000,01-21,699,1030,1750,2900,5680,10900,17300
01613000,01-22,815,1020,1830,2890,5640,10700,16000
01613000,01-23,761,1020,1840,2820,5970,10200,15100
01613000,01-24,708,980,1780,3140,6300,11000,16100
01613000,01-25,733,1010,1880,3360,5920,14600,24500
01613000,01-26,772,1080,2030,3360,7660,17500,21200
01613000,01-27,786,1180,2100,3290,7020,16100,19100
01613000,01-28,825,1220,2070,3580,6950,12700,19000
01613000,01-29,800,1120,2000,3470,7570,12400,21900
01613000,01-30,800,1140,1980,3490,7410,10500,16700
01613000,01-31,832,1150,2000,3430,6400,12600,15900
01613000,02-01,892,1200,1940,3450,6010,10800,13900
01613000,02-02,905,1300,2100,3660,6090,10000,18100
01613000,02-03,865,1300,2160,3410,6570,12000,20000
01613000,02-04,877,1330,2230,3560,6340,12800,22700
01613000,02-05,895,1370,2190,3610,7160,12000,17900
01613000,02-06,935,1320,2240,3600,7510,14100,18200
01613000,02-07,995,1210,2240,3670,7540,12100,17300
01613000,02-08,983,1360,2260,3870,7800,11700,17100
01613000,02-09,925,1290,2290,3740,7280,11400,14300
01613000,02-10,830,1350,2110,3850,6990,11300,14200
01613000,02-11,838,1410,2200,3820,6710,10600,15100
01613000,02-12,910,1440,2200,4110,6700,11800,15300
01613000,02-13,990,1500,2070,4110,7450,12300,15900
01613000,02-14,1160,1570,2180,3900,8230,12000,17300
01613000,02-15,1280,1660,2470,4080,8100,13000,16400
01613000,02-16,1300,1720,2670,4670,7200,11000,16200
01613000,02-17,1280,1840,2940,4830,7840,11800,14500
01613000,02-18,1250,1720,2960,4800,8190,12400,17300
01613000,02-19,1280,1630,3020,4730,7990,13400,19900
01613000,02-20,1350,1650,3140,4560,8340,13600,20000
01613000,02-21,1460,1700,3270,4390,8630,14600,23700
01613000,02-22,1360,1680,3080,4260,8090,14900,22300
01613000,02-23,1370,1730,3090,4530,8530,17300,20900
01613000,02-24,1380,1730,3070,4710,9760,19300,26100
01613000,02-25,1400,1820,3130,4480,10200,16700,27300
01613000,02-26,1340,1900,2930,4980,9920,16900,24600
01613000,02-27,1280,1710,2800,5100,10400,17500,30500
01613000,02-28,1250,1620,2910,5180,9980,15100,31200
01613000,02-29,1570,2290,3280,5700,9730,20700,29600
01613000,03-01,1250,1570,2870,5280,8490,17400,24800
01613000,03-02,1310,1430,2870,5350,9280,19000,24100
01613000,03-03,1320,1510,2990,5250,9470,15700,24900
01613000,03-04,1290,1880,2970,5210,10100,15200,24000
01613000,03-05,1420,2130,3280,5810,11000,19400,26600
01613000,03-06,1670,2230,3550,5880,13000,22100,37300
01613000,03-07,1690,2480,3620,5660,11100,21000,32700
01613000,03-08,1800,2380,3740,5910,10000,18900,25700
01613000,03-09,1850,2350,3690,6270,11200,15800,18200
01613000,03-10,1820,2300,3700,6130,10500,16700,24500
01613000,03-11,1960,2460,3660,5670,8930,14300,23900
01613000,03-12,2100,2690,3780,5770,8550,16100,24800
01613000,03-13,2040,2760,3750,5950,10000,18400,24800
01613000,03-14,2100,2770,4050,6370,10900,19800,28300
01613000,03-15,2090,2810,4200,6580,12200,21800,28900
01613000,03-16,2060,2750,4160,7110,11000,19100,25400
01613000,03-17,2060,2630,3880,6540,11000,16700,27800
01613000,03-18,2060,2670,3720,6060,10400,15700,21100
01613000,03-19,2030,2620,3680,5880,9610,14100,21700
01613000,03-20,2210,2670,3730,6030,10400,16100,30800
01613000,03-21,2240,2720,4030,6650,10700,23000,33000
01613000,03-22,2130,2780,3930,6940,13000,24100,30500
01613000,03-23,2040,2810,3950,6660,12700,20000,24400
01613000,03-24,1980,2770,3980,7100,12700,20000,29700
01613000,03-25,1940,2750,4330,6610,11500,21000,27400
01613000,03-26,2060,2550,4080,6970,11300,18700,20500
01613000,03-27,2080,2650,3960,6780,9630,15100,22300
01613000,03-28,2210,2810,4200,6580,8580,13700,23200
01613000,03-29,2330,3030,4090,6250,8170,16300,32800
01613000,03-30,2400,3040,3850,5610,8250,16200,35700
01613000,03-31,2500,3000,3800,5610,8890,14600,27100
01613000,04-01,2430,2940,3930,5460,9670,14700,25000
01613000,04-02,2350,2890,3870,6080,8860,15600,21800
01613000,04-03,2340,2740,3970,5560,9150,15800,19500
01613000,04-04,2310,2660,4130,5840,9160,14000,20900
01613000,04-05,2360,2660,3820,5410,8650,17200,24400
01613000,04-06,2350,2750,3660,5540,8950,16400,28000
01613000,04-07,2350,2880,3570,5530,8590,15000,24800
01613000,04-08,2380,2820,3510,5300,8560,16900,21600
01613000,04-09,2320,2720,3390,4960,8560,15900,19200
01613000,04-10,2430,2670,3400,5600,8670,16500,19500
01613000,04-11,2290,2590,3360,5520,9070,17000,24100
01613000,04-12,2220,2350,3290,5440,8560,15800,19100
01613000,04-13,2230,2430,3100,5240,10100,17200,18700
01613000,04-14,2230,2440,3190,5050,10200,20200,27300
01613000,04-15,2100,2420,3130,5070,9510,16800,19800
01613000,04-16,2000,2310,3070,4930,10600,15300,20500
01613000,04-17,2090,2260,3130,5010,9960,18400,35500
01613000,04-18,2070,2180,3230,4940,8850,19900,31700
01613000,04-19,1950,2090,3150,5000,7940,14700,20500
01613000,04-20,1880,2130,3040,4940,7250,12700,28800
01613000,04-21,1790,2120,2870,4650,6990,15900,26200
01613000,04-22,1730,2010,2700,4640,6630,15400,20200
01613000,04-23,1820,2000,2570,4280,6920,16000,20600
01613000,04-24,1780,2140,2640,4150,6850,13700,16200
01613000,04-25,1730,2150,2730,4230,7610,11700,14900
01613000,04-26,1860,2120,2740,4210,7870,13200,22400
01613000,04-27,1840,2040,2760,4170,7930,14900,20500
01613000,04-28,1800,1960,2690,4090,7670,13100,17600
01613000,04-29,1790,2010,2630,4020,8150,16500,26600
01613000,04-30,1700,1930,2550,3980,7800,15400,21000
01613000,05-01,1610,1950,2530,3890,7200,14200,17200
01613000,05-02,1580,1860,2410,4020,6720,10800,15000
01613000,05-03,1600,1780,2670,4470,7050,9580,14000
01613000,05-04,1550,1770,2610,4380,7340,11700,15000
01613000,05-05,1490,1670,2530,4660,8130,11500,15200
01613000,05-06,1450,1790,2580,4880,8520,14400,22000
01613000,05-07,1340,1900,2590,5450,8620,16900,28600
01613000,05-08,1400,2040,2570,5240,8990,18300,28900
01613000,05-09,1310,1880,2590,4770,9400,19400,28000
01613000,05-10,1260,1760,2430,4290,8890,16300,21600
01613000,05-11,1230,1720,2390,4200,7920,14000,17800
01613000,05-12,1280,1630,2360,3870,7850,14300,21100
01613000,05-13,1300,1610,2350,3750,7080,12900,18700
01613000,05-14,1340,1570,2320,3790,7470,12500,20500
01613000,05-15,1310,1540,2350,4320,7170,11300,14900
01613000,05-16,1260,1800,2400,4340,7600,14000,18100
01613000,05-17,1250,1760,2340,4490,7790,18400,20600
01613000,05-18,1400,1780,2400,4210,7390,16400,25400
01613000,05-19,1410,1740,2390,3980,6910,13600,19900
01613000,05-20,1430,1750,2430,3780,6350,11600,14400
01613000,05-21,1640,1790,2630,3730,7090,10500,13800
01613000,05-22,1550,1760,2480,3450,7470,10600,16400
01613000,05-23,1500,1590,2430,3450,6580,9780,16900
01613000,05-24,1380,1520,2320,3450,5910,9590,16100
01613000,05-25,1350,1510,2340,3370,5800,9680,14300
01613000,05-26,1240,1560,2280,3560,5410,9860,11900
01613000,05-27,1170,1540,2140,3300,5010,8750,10100
01613000,05-28,1090,1470,2080,3180,5040,8250,14800
01613000,05-29,1080,1410,1940,3340,5320,12900,18000
01613000,05-30,1110,1310,2100,3250,4950,10300,18100
01613000,05-31,1030,1280,2020,3010,5070,9190,14900
01613000,06-01,973,1190,1860,2920,4710,10000,17900
01613000,06-02,930,1110,1780,2740,4640,8900,13400
01613000,06-03,958,1080,1710,2750,4800,9650,12500
01613000,06-04,968,1070,1670,2620,4560,8370,17200
01613000,06-05,941,1180,1710,2430,4560,9010,14500
01613000,06-06,890,1060,1650,2450,5160,9380,12400
01613000,06-07,821,995,1630,2410,4750,7840,10100
01613000,06-08,804,1050,1560,2340,4060,6370,8610
01613000,06-09,811,1020,1470,2320,3860,5790,8670
01613000,06-10,779,1000,1440,2170,3560,5400,8260
01613000,06-11,738,1010,1440,2080,3350,6020,11600
01613000,06-12,755,945,1410,2130,3310,8910,12600
01613000,06-13,778,901,1300,1970,3020,8380,14500
01613000,06-14,749,899,1310,1920,3300,7440,12200
01613000,06-15,702,850,1280,1840,2990,6870,9010
01613000,06-16,708,817,1220,1770,2900,5800,9360
01613000,06-17,709,921,1180,1740,3100,5080,7650
01613000,06-18,740,964,1190,1830,3170,5430,7510
01613000,06-19,759,953,1190,1800,3010,5460,9830
01613000,06-20,765,938,1180,1840,3080,5450,9270
01613000,06-21,772,869,1140,2020,3080,6240,10100
01613000,06-22,704,814,1090,1890,2860,6330,10900
01613000,06-23,625,773,1080,1810,2800,5320,8030
01613000,06-24,600,800,1060,1700,2830,4540,9130
01613000,06-25,567,809,1040,1670,2830,4170,7780
01613000,06-26,525,746,1000,1580,2560,3570,6340
01613000,06-27,498,738,1020,1480,2460,3640,5410
01613000,06-28,535,696,957,1400,2120,3860,7270
01613000,06-29,522,689,929,1340,2050,3760,8430
01613000,06-30,527,687,895,1290,1840,4210,9380
01613000,07-01,471,657,847,1240,1920,4330,6230
01613000,07-02,486,647,858,1210,1820,3940,6220
01613000,07-03,471,645,895,1170,1790,4010,4840
01613000,07-04,473,622,813,1230,1950,3240,4050
01613000,07-05,446,604,806,1270,2130,3160,4120
01613000,07-06,450,593,816,1190,2190,3230,4180
01613000,07-07,424,558,753,1170,2070,3230,5100
01613000,07-08,454,533,747,1130,2060,3440,4990
01613000,07-09,445,560,731,1170,1970,3570,4250
01613000,07-10,457,524,699,1210,2290,3720,6050
01613000,07-11,459,544,721,1220,1940,3760,5020
01613000,07-12,435,544,752,1250,1890,3530,4420
01613000,07-13,467,562,806,1190,1750,3700,4120
01613000,07-14,474,549,763,1140,1730,3440,4390
01613000,07-15,468,579,758,1070,1790,3090,3910
01613000,07-16,498,597,753,1080,1670,3050,4030
01613000,07-17,481,550,728,983,1670,2830,4450
01613000,07-18,462,532,702,960,1670,2490,4090
01613000,07-19,467,512,676,925,1500,2420,3540
01613000,07-20,446,494,697,983,1410,2370,3790
01613000,07-21,436,479,681,977,1530,2400,4370
01613000,07-22,444,475,661,957,1550,2670,4160
01613000,07-23,444,474,673,938,1520,2690,4660
01613000,07-24,451,484,673,932,1610,2720,5480
01613000,07-25,438,498,667,943,1580,2630,4220
01613000,07-26,449,501,614,898,1590,2380,4210
01613000,07-27,423,475,611,906,1370,2680,3240
01613000,07-28,425,449,663,952,1400,2540,3120
01613000,07-29,404,458,654,988,1490,2790,4620
01613000,07-30,402,464,633,1010,1680,3140,4350
01613000,07-31,384,435,627,948,1880,3220,8730
01613000,08-01,391,440,623,952,1630,2990,6830
01613000,08-02,383,431,620,920,1640,3920,5150
01613000,08-03,394,442,630,887,1650,3410,3810
01613000,08-04,401,450,578,874,1700,2780,4310
01613000,08-05,382,451,578,903,1510,3020,6630
01613000,08-06,364,455,580,860,1400,3230,5490
01613000,08-07,356,462,607,819,1630,2990,6050
01613000,08-08,366,448,623,890,1730,2840,5750
01613000,08-09,391,422,616,954,1680,3610,4910
01613000,08-10,367,444,593,870,1530,3200,4180
01613000,08-11,378,470,595,840,1460,3040,4790
01613000,08-12,385,450,613,804,1320,3130,4860
01613000,08-13,383,442,591,858,1390,2690,4690
01613000,08-14,394,432,538,887,1440,2750,6150
01613000,08-15,387,428,549,828,1290,2970,6330
01613000,08-16,391,433,568,880,1390,2490,5400
01613000,08-17,374,418,597,883,1340,2940,4650
01613000,08-18,365,418,582,866,1330,3490,5390
01613000,08-19,363,400,608,853,1310,3460,6780
01613000,08-20,359,400,589,840,1240,3410,5550
01613000,08-21,341,383,579,849,1350,3250,4640
01613000,08-22,356,380,540,868,1460,3560,5210
01613000,08-23,346,405,538,840,1390,3540,4190
01613000,08-24,343,373,525,839,1290,3010,4500
01613000,08-25,338,373,530,843,1580,2910,5050
01613000,08-26,343,376,532,822,1630,3100,5900
01613000,08-27,319,384,531,795,1510,2710,4170
01613000,08-28,310,389,554,752,1430,2550,4420
01613000,08-29,305,392,546,790,1390,2420,3570
01613000,08-30,302,371,548,776,1420,2440,3620
01613000,08-31,312,369,552,758,1420,2290,3370
01613000,09-01,305,350,571,810,1360,2420,3670
01613000,09-02,300,359,544,766,1410,2110,3370
01613000,09-03,292,380,538,742,1410,2290,3760
01613000,09-04,288,362,517,747,1380,2180,3590
01613000,09-05,293,382,495,768,1370,2410,3020
01613000,09-06,315,377,519,754,1240,2490,5760
01613000,09-07,316,364,540,745,1270,3250,9330
01613000,09-08,313,366,570,750,1340,2890,7310
01613000,09-09,302,362,547,770,1290,3540,8230
01613000,09-10,298,341,534,748,1260,2830,7800
01613000,09-11,295,324,525,754,1160,2380,5180
01613000,09-12,304,340,526,719,1190,2110,4740
01613000,09-13,310,373,497,705,1230,2250,4560
01613000,09-14,335,377,503,679,1170,2510,4850
01613000,09-15,318,380,505,651,1150,2480,4240
01613000,09-16,303,399,535,679,1140,2350,5560
01613000,09-17,348,395,505,680,1110,2390,5550
01613000,09-18,337,391,531,728,1100,2600,10800
01613000,09-19,331,377,530,736,1030,3130,16700
01613000,09-20,333,379,514,689,1170,2420,10300
01613000,09-21,340,376,540,684,1290,2570,7220
01613000,09-22,318,370,546,732,1130,3650,6300
01613000,09-23,332,355,528,694,1100,3610,6560
01613000,09-24,322,361,518,706,1040,3970,10900
01613000,09-25,316,371,502,693,1060,3660,9400
01613000,09-26,319,374,502,677,1200,3050,6530
01613000,09-27,317,358,519,672,1030,3530,5720
01613000,09-28,308,338,515,684,1130,3190,5400
01613000,09-29,302,365,519,726,1180,3580,7470
01613000,09-30,299,362,566,793,1450,3700,5720
01613000,10-01,304,371,580,799,1640,3650,5990
01613000,10-02,300,396,564,794,1780,4680,7850
01613000,10-03,307,405,538,820,1660,3950,8160
01613000,10-04,309,380,523,793,1490,4410,7090
01613000,10-05,311,376,513,746,1420,3820,5950
01613000,10-06,315,380,510,775,1310,3360,4570
01613000,10-07,327,391,533,744,1330,3180,5310
01613000,10-08,337,385,541,762,1390,2650,4490
01613000,10-09,315,379,566,742,1500,2380,5650
01613000,10-10,312,377,569,774,1530,2380,5170
01613000,10-11,344,383,551,747,1400,2520,4670
01613000,10-12,330,405,559,733,1350,3050,3990
01613000,10-13,322,424,558,718,1350,2980,4410
01613000,10-14,337,402,567,713,1320,2600,3810
01613000,10-15,343,410,572,727,1200,2540,5810
01613000,10-16,340,426,558,744,1210,2470,5900
01613000,10-17,340,452,543,750,1140,3090,4830
01613000,10-18,342,431,530,772,1210,3510,8520
01613000,10-19,347,402,541,757,1380,3790,8970
01613000,10-20,342,411,535,728,1410,4260,6910
01613000,10-21,365,408,536,763,1280,4460,7800
01613000,10-22,339,420,553,786,1540,3680,8630
01613000,10-23,337,432,558,802,1580,4870,7950
01613000,10-24,338,433,564,798,1430,4630,6700
01613000,10-25,339,439,571,794,1460,4570,6160
01613000,10-26,349,440,554,809,1770,4310,7460
01613000,10-27,350,454,588,841,1780,4110,6100
01613000,10-28,365,450,591,828,2030,3870,5190
01613000,10-29,365,443,603,904,1890,4050,6940
01613000,10-30,362,450,605,930,2170,4580,8300
01613000,10-31,362,460,621,961,2560,4550,9720
01613000,11-01,385,468,625,1040,2450,5200,7460
01613000,11-02,394,493,605,1020,2440,4810,5760
01613000,11-03,413,508,637,987,2500,4490,6010
01613000,11-04,421,508,654,1020,2390,4110,6670
01613000,11-05,402,502,679,1120,2420,4000,7040
01613000,11-06,401,503,667,1240,2320,4260,7300
01613000,11-07,458,518,632,1240,2380,4940,6580
01613000,11-08,489,516,651,1210,2510,5070,7830
01613000,11-09,475,544,681,1170,2470,5180,13100
01613000,11-10,466,548,697,1150,2700,4890,12900
01613000,11-11,458,543,731,1190,2570,4580,10600
01613000,11-12,457,548,728,1240,2540,4740,8400
01613000,11-13,456,538,719,1280,2770,5640,8620
01613000,11-14,447,547,748,1340,2540,5610,9350
01613000,11-15,417,540,729,1260,2690,5800,8530
01613000,11-16,424,531,718,1280,2630,5400,7050
01613000,11-17,413,526,735,1330,2800,4960,10300
01613000,11-18,417,526,780,1320,2580,5200,10400
01613000,11-19,424,553,759,1250,2580,4800,7460
01613000,11-20,446,563,773,1310,2560,5350,9020
01613000,11-21,455,580,754,1340,3060,6050,14800
01613000,11-22,455,576,752,1350,2970,5780,14200
01613000,11-23,493,573,804,1410,2840,6470,12700
01613000,11-24,475,564,827,1360,3080,6130,9150
01613000,11-25,477,599,867,1500,2970,5690,7850
01613000,11-26,495,627,922,1420,3150,5330,8230
01613000,11-27,499,667,960,1420,2780,6150,10800
01613000,11-28,506,670,983,1550,2760,6260,12100
01613000,11-29,509,647,1020,1860,3410,8130,10800
01613000,11-30,546,621,1040,1870,4070,8860,11400
01613000,12-01,533,674,1050,1940,5280,10700,12900
01613000,12-02,522,662,985,1760,4950,9450,16200
01613000,12-03,500,693,1030,1960,4440,7740,13700
01613000,12-04,473,700,1000,2000,4420,7700,10500
01613000,12-05,474,736,1020,2010,3980,7740,10300
01613000,12-06,480,737,1060,2120,3870,7270,12100
01613000,12-07,492,743,1060,2200,3790,8170,11800
01613000,12-08,506,711,1060,2210,3460,8630,14900
01613000,12-09,531,697,1060,2120,3910,8960,14300
01613000,12-10,545,678,1070,2140,4700,8500,15900
01613000,12-11,539,664,1220,2240,4790,11100,14500
01613000,12-12,509,682,1240,2310,5380,8860,14500
01613000,12-13,525,662,1470,2380,4590,9130,14200
01613000,12-14,530,663,1420,2590,4430,8790,13100
01613000,12-15,520,699,1480,2620,4990,8900,12100
01613000,12-16,581,740,1490,2730,4930,9020,12500
01613000,12-17,616,805,1390,2760,5210,8630,10700
01613000,12-18,593,766,1430,2980,5200,8310,10400
01613000,12-19,600,734,1370,2940,6120,8250,10500
01613000,12-20,593,780,1400,2970,4950,8340,11600
01613000,12-21,575,773,1390,2890,4740,7630,9340
01613000,12-22,575,790,1470,2720,4690,7470,10700
01613000,12-23,575,784,1510,2520,4540,8150,11700
01613000,12-24,581,861,1700,2510,4610,8000,10800
01613000,12-25,568,854,1700,2830,4780,9050,14200
01613000,12-26,575,810,1710,3090,5560,10100,13400
01613000,12-27,586,790,1750,3180,5590,11200,14100
01613000,12-28,611,779,1650,2980,5870,9460,11500
01613000,12-29,592,790,1700,3070,5780,9130,11400
01613000,12-30,596,877,1760,3120,5560,8540,14700
01613000,12-31,621,970,1720,3190,5530,8830,17900
01614500,01-01,100,122,238,451,796,1230,2400
01614500,01-02,102,125,253,474,842,1580,2340
01614500,01-03,110,129,270,531,801,1500,1940
01614500,01-04,107,159,302,521,899,1600,2020
01614500,01-05,105,130,274,487,824,1630,2030
01614500,01-06,110,130,261,490,767,1600,1740
01614500,01-07,109,158,250,494,808,1250,1640
01614500,01-08,110,150,250,469,765,1350,1960
01614500,01-09,105,149,270,493,826,1390,1890
01614500,01-10,112,150,268,471,878,1670,2010
01614500,01-11,111,166,270,454,786,1300,2430
01614500,01-12,116,160,269,455,788,1410,1950
01614500,01-13,118,153,270,442,829,1250,1610
01614500,01-14,120,168,270,464,837,1190,1360
01614500,01-15,129,164,270,437,822,1160,1820
01614500,01-16,133,165,250,447,738,1380,1900
01614500,01-17,129,159,254,428,701,1190,1760
01614500,01-18,116,158,240,417,658,1380,1640
01614500,01-19,118,153,247,442,674,1280,1730
01614500,01-20,129,159,239,454,798,1300,1750
01614500,01-21,143,162,250,438,711,1450,2000
01614500,01-22,111,147,260,440,752,1190,2870
01614500,01-23,110,150,285,429,777,1390,1800
01614500,01-24,120,150,278,426,750,1830,2830
01614500,01-25,130,158,280,430,903,2020,3750
01614500,01-26,119,149,275,454,1040,2110,2780
01614500,01-27,114,159,258,479,1060,2040,2890
01614500,01-28,114,159,259,425,1050,2220,3070
01614500,01-29,110,150,250,430,951,1730,2510
01614500,01-30,108,148,250,462,907,1450,1860
01614500,01-31,115,154,250,456,919,1480,2110
01614500,02-01,119,154,252,422,866,1310,1650
01614500,02-02,128,154,283,425,884,1410,1660
01614500,02-03,134,156,283,506,915,1400,2200
01614500,02-04,139,154,280,552,878,1480,3000
01614500,02-05,142,164,268,513,952,1680,2480
01614500,02-06,140,154,291,538,854,1470,1890
01614500,02-07,135,150,314,610,934,1520,2250
01614500,02-08,140,150,311,589,1020,1510,2190
01614500,02-09,130,150,286,535,930,1300,1700
01614500,02-10,140,169,292,519,819,1350,1620
01614500,02-11,144,199,328,524,799,1340,1630
01614500,02-12,139,189,354,508,789,1320,1560
01614500,02-13,125,198,340,524,835,1330,1970
01614500,02-14,130,204,376,542,821,1540,3210
01614500,02-15,143,207,352,523,939,1440,1940
01614500,02-16,162,222,371,508,884,1430,2240
01614500,02-17,185,217,381,557,881,1670,2490
01614500,02-18,198,231,369,546,987,1510,1950
01614500,02-19,209,254,396,562,934,1780,2340
01614500,02-20,206,279,406,575,1010,1870,2450
01614500,02-21,187,256,405,542,1110,1850,2630
01614500,02-22,221,272,386,579,1120,1900,3430
01614500,02-23,221,298,384,588,1250,2040,3150
01614500,02-24,228,287,374,614,1260,2320,3350
01614500,02-25,219,276,372,671,1170,2550,4110
01614500,02-26,175,265,366,731,1260,2030,2940
01614500,02-27,169,252,363,765,1310,2190,3270
01614500,02-28,165,260,394,720,1250,2360,3250
01614500,02-29,198,271,424,707,1390,2210,2900
01614500,03-01,189,256,367,721,1330,2400,3360
01614500,03-02,200,289,368,678,1300,2170,2960
01614500,03-03,220,274,389,687,1150,1930,2160
01614500,03-04,240,286,435,841,1310,1930,2470
01614500,03-05,250,296,483,865,1420,2520,4790
01614500,03-06,258,306,480,853,1430,3050,4710
01614500,03-07,275,308,493,834,1330,2690,3590
01614500,03-08,274,337,507,853,1370,2510,2840
01614500,03-09,274,360,531,823,1350,2280,3150
01614500,03-10,279,339,523,751,1210,2430,3150
01614500,03-11,279,310,528,751,1150,1980,2950
01614500,03-12,259,315,524,767,1240,2050,3320
01614500,03-13,263,309,580,857,1340,2410,3270
01614500,03-14,258,348,577,855,1450,2500,3460
01614500,03-15,225,347,549,885,1550,2390,3280
01614500,03-16,232,335,524,865,1490,2100,2700
01614500,03-17,250,333,521,893,1390,2200,2920
01614500,03-18,255,366,498,849,1300,2130,2300
01614500,03-19,250,372,541,808,1370,1890,2530
01614500,03-20,268,381,628,849,1320,2120,3660
01614500,03-21,278,376,609,910,1340,2560,4270
01614500,03-22,268,363,581,900,1350,3550,4970
01614500,03-23,259,351,579,895,1520,2810,3640
01614500,03-24,247,351,583,898,1640,2710,4150
01614500,03-25,260,367,591,842,1620,2130,3370
01614500,03-26,252,349,585,801,1430,2020,3380
01614500,03-27,293,323,551,783,1250,1740,2910
01614500,03-28,297,324,536,781,1200,1860,2910
01614500,03-29,287,366,561,795,1260,2270,3120
01614500,03-30,281,351,556,814,1340,1990,2660
01614500,03-31,281,396,541,774,1220,2350,3630
01614500,04-01,282,391,553,831,1310,2480,3250
01614500,04-02,283,417,537,789,1430,2720,3880
01614500,04-03,277,397,547,815,1340,2460,4700
01614500,04-04,303,389,523,812,1360,2790,3920
01614500,04-05,292,376,505,818,1390,2820,4080
01614500,04-06,268,361,551,767,1360,2610,3270
01614500,04-07,290,384,549,801,1350,2050,2290
01614500,04-08,270,392,526,767,1440,1970,2740
01614500,04-09,327,400,495,741,1240,2020,2360
01614500,04-10,335,384,473,707,1310,1970,2450
01614500,04-11,311,377,466,716,1220,1880,2320
01614500,04-12,311,365,479,735,1290,1900,2190
01614500,04-13,298,351,474,771,1260,1930,3150
01614500,04-14,315,345,467,778,1400,2050,2700
01614500,04-15,309,352,453,766,1270,2180,3140
01614500,04-16,326,346,450,812,1280,2700,3640
01614500,04-17,318,336,470,722,1240,2350,4760
01614500,04-18,299,333,449,727,1080,2020,3080
01614500,04-19,306,329,433,700,1070,1800,2230
01614500,04-20,289,325,423,716,1070,1770,3660
01614500,04-21,290,300,417,691,1010,1890,3250
01614500,04-22,292,332,426,668,989,1950,3020
01614500,04-23,280,336,428,655,1100,1750,2350
01614500,04-24,285,321,420,643,999,1600,1890
01614500,04-25,268,319,430,633,961,1480,1690
01614500,04-26,266,304,423,600,1020,1630,2430
01614500,04-27,249,294,422,582,1080,1620,3280
01614500,04-28,247,289,424,591,1030,1570,3310
01614500,04-29,263,293,396,583,973,1600,2430
01614500,04-30,262,293,398,558,895,1480,2460
01614500,05-01,259,309,410,570,887,1590,2200
01614500,05-02,274,302,399,580,898,1430,1780
01614500,05-03,256,299,401,600,1070,1580,2000
01614500,05-04,256,288,391,590,1060,1570,1960
01614500,05-05,270,296,397,577,1010,1370,2480
01614500,05-06,265,299,384,598,1030,1450,2440
01614500,05-07,262,277,382,614,1010,1900,2580
01614500,05-08,250,276,392,597,1030,1750,2790
01614500,05-09,240,281,375,543,1040,1840,2750
01614500,05-10,247,270,393,549,973,1650,2260
01614500,05-11,247,260,367,560,989,1610,2010
01614500,05-12,243,273,353,597,1000,1930,2450
01614500,05-13,238,266,339,558,996,1650,2740
01614500,05-14,236,255,362,545,965,1510,2660
01614500,05-15,232,250,355,579,926,1480,2020
01614500,05-16,230,258,339,567,906,1600,3340
01614500,05-17,224,259,322,536,949,1560,2510
01614500,05-18,224,257,314,559,865,1760,3150
01614500,05-19,227,247,331,556,833,1940,2680
01614500,05-20,237,248,324,516,765,1980,2550
01614500,05-21,229,239,321,521,859,1710,2010
01614500,05-22,222,238,303,494,927,1460,1860
01614500,05-23,214,234,321,497,821,1490,2320
01614500,05-24,204,231,308,487,830,1580,1930
01614500,05-25,209,224,311,463,905,1320,1640
01614500,05-26,206,230,300,460,849,1200,1540
01614500,05-27,193,215,283,447,851,1260,1360
01614500,05-28,186,218,286,453,802,1240,1500
01614500,05-29,190,215,270,422,777,1260,2260
01614500,05-30,185,212,267,420,789,1210,1640
01614500,05-31,175,204,258,422,741,1130,1540
01614500,06-01,175,198,248,415,708,1390,1700
01614500,06-02,171,203,257,393,649,1170,1540
01614500,06-03,164,194,255,392,613,1160,1210
01614500,06-04,162,184,266,399,596,1000,1230
01614500,06-05,152,174,264,402,645,1020,1550
01614500,06-06,152,177,249,354,651,1170,1650
01614500,06-07,168,184,262,353,591,936,1290
01614500,06-08,158,183,237,353,557,854,1070
01614500,06-09,147,182,232,352,513,782,1180
01614500,06-10,149,178,224,354,547,770,930
01614500,06-11,147,168,226,358,534,718,1350
01614500,06-12,149,165,209,316,533,900,1640
01614500,06-13,150,174,228,340,517,1160,2430
01614500,06-14,147,169,222,336,503,1020,1490
01614500,06-15,142,173,224,309,488,1030,1560
01614500,06-16,137,164,228,313,481,848,1040
01614500,06-17,153,163,216,300,486,788,1010
01614500,06-18,160,167,214,274,474,784,1030
01614500,06-19,156,170,210,301,504,956,1150
01614500,06-20,148,158,192,304,501,892,1200
01614500,06-21,140,147,196,286,463,842,1430
01614500,06-22,130,139,186,287,543,1190,2270
01614500,06-23,131,145,191,278,552,798,1560
01614500,06-24,123,145,200,295,498,965,1440
01614500,06-25,123,139,190,281,461,946,1440
01614500,06-26,121,135,183,261,429,857,1190
01614500,06-27,116,135,182,262,447,904,1620
01614500,06-28,113,134,175,260,429,835,2270
01614500,06-29,112,139,168,240,458,882,2050
01614500,06-30,101,131,165,250,445,818,1800
01614500,07-01,100,121,156,244,372,736,1130
01614500,07-02,99,125,164,240,359,680,1040
01614500,07-03,99,120,162,260,385,771,887
01614500,07-04,86,121,151,255,387,776,1090
01614500,07-05,91,116,149,236,415,744,1390
01614500,07-06,91,120,150,224,378,669,1080
01614500,07-07,101,114,148,224,356,703,1100
01614500,07-08,105,115,156,229,352,806,1020
01614500,07-09,97,108,157,222,318,751,1060
01614500,07-10,90,108,147,221,319,635,906
01614500,07-11,91,106,150,215,350,804,1390
01614500,07-12,92,112,148,214,378,809,1110
01614500,07-13,90,110,147,204,316,590,907
01614500,07-14,83,102,155,208,369,573,763
01614500,07-15,89,105,145,198,373,638,1430
01614500,07-16,79,108,140,184,358,619,979
01614500,07-17,70,102,129,183,318,1010,1370
01614500,07-18,72,97,134,182,300,732,1180
01614500,07-19,83,95,125,183,298,703,865
01614500,07-20,84,95,122,177,295,627,832
01614500,07-21,85,97,126,183,308,543,1250
01614500,07-22,78,103,136,194,305,543,1100
01614500,07-23,75,100,130,186,303,594,901
01614500,07-24,69,97,131,194,340,552,675
01614500,07-25,76,90,133,188,315,401,627
01614500,07-26,74,88,133,175,274,365,562
01614500,07-27,79,93,130,176,277,424,751
01614500,07-28,71,99,126,178,267,507,746
01614500,07-29,66,95,124,190,268,476,658
01614500,07-30,62,99,126,187,271,498,838
01614500,07-31,65,98,119,174,258,462,694
01614500,08-01,64,97,117,167,258,463,738
01614500,08-02,66,95,118,173,258,479,698
01614500,08-03,80,93,117,172,258,455,781
01614500,08-04,80,90,116,159,270,602,724
01614500,08-05,72,90,115,160,262,462,888
01614500,08-06,79,88,115,152,261,428,682
01614500,08-07,75,85,119,168,254,418,596
01614500,08-08,74,86,115,170,242,487,772
01614500,08-09,67,92,111,162,232,513,802
01614500,08-10,76,92,116,160,261,393,734
01614500,08-11,73,93,117,159,243,407,1010
01614500,08-12,60,86,115,154,278,470,799
01614500,08-13,66,88,116,167,267,569,753
01614500,08-14,61,89,114,166,241,558,878
01614500,08-15,64,84,112,165,246,421,582
01614500,08-16,64,83,109,158,224,349,525
01614500,08-17,65,78,115,154,225,436,625
01614500,08-18,61,83,112,148,223,494,808
01614500,08-19,62,82,111,149,232,399,903
01614500,08-20,68,81,116,152,251,526,845
01614500,08-21,64,84,113,158,262,517,902
01614500,08-22,64,93,111,161,239,665,1080
01614500,08-23,64,90,109,151,224,517,766
01614500,08-24,72,92,117,146,203,468,840
01614500,08-25,68,88,112,143,206,441,654
01614500,08-26,65,84,110,136,213,387,520
01614500,08-27,66,87,105,134,205,372,544
01614500,08-28,64,79,109,134,217,368,603
01614500,08-29,63,83,109,131,203,337,504
01614500,08-30,64,80,103,127,219,314,419
01614500,08-31,64,77,100,144,214,288,454
01614500,09-01,61,74,101,141,221,422,478
01614500,09-02,59,76,101,138,215,328,630
01614500,09-03,61,75,99,129,207,405,616
01614500,09-04,65,71,100,127,216,350,916
01614500,09-05,61,74,102,136,221,415,889
01614500,09-06,58,74,103,144,222,473,759
01614500,09-07,60,75,104,144,246,423,623
01614500,09-08,61,74,99,146,231,383,651
01614500,09-09,54,74,97,134,214,399,989
01614500,09-10,60,72,101,138,196,351,919
01614500,09-11,58,79,101,141,200,458,945
01614500,09-12,58,79,102,131,210,398,710
01614500,09-13,54,79,99,123,202,351,1200
01614500,09-14,60,80,100,127,203,344,986
01614500,09-15,60,80,95,131,209,525,1920
01614500,09-16,67,79,95,132,198,372,1750
01614500,09-17,64,78,93,130,188,402,1190
01614500,09-18,69,78,92,133,200,507,2200
01614500,09-19,62,77,88,127,211,732,1750
01614500,09-20,72,77,92,121,199,610,1290
01614500,09-21,65,76,91,121,197,568,1100
01614500,09-22,69,79,94,119,203,599,1100
01614500,09-23,70,77,92,120,220,721,1270
01614500,09-24,68,74,94,120,195,643,1010
01614500,09-25,64,75,91,121,178,558,945
01614500,09-26,66,73,91,127,185,518,805
01614500,09-27,64,75,93,123,247,502,804
01614500,09-28,66,76,93,126,244,643,2420
01614500,09-29,68,83,94,144,235,602,1600
01614500,09-30,74,82,97,141,261,765,1920
01614500,10-01,72,84,97,141,252,813,1830
01614500,10-02,71,80,99,147,269,968,1450
01614500,10-03,68,82,102,142,260,1050,1650
01614500,10-04,66,81,98,137,233,856,1300
01614500,10-05,65,79,97,131,214,748,943
01614500,10-06,69,80,98,133,254,661,838
01614500,10-07,68,79,102,135,242,553,723
01614500,10-08,68,80,103,134,251,582,943
01614500,10-09,68,79,102,132,221,577,913
01614500,10-10,67,79,100,141,202,514,997
01614500,10-11,67,74,98,137,230,517,1390
01614500,10-12,66,78,98,130,212,655,1240
01614500,10-13,64,73,95,126,205,654,1270
01614500,10-14,65,77,98,127,224,681,1080
01614500,10-15,66,78,96,129,228,813,1160
01614500,10-16,65,80,101,130,213,865,998
01614500,10-17,69,81,102,130,258,722,1090
01614500,10-18,72,83,98,126,301,761,881
01614500,10-19,76,79,102,134,330,640,1570
01614500,10-20,71,83,102,134,295,692,1210
01614500,10-21,76,80,103,147,272,793,1380
01614500,10-22,74,81,103,149,273,696,1390
01614500,10-23,73,81,101,149,278,760,1570
01614500,10-24,71,81,101,150,284,929,1290
01614500,10-25,69,82,103,160,286,805,1300
01614500,10-26,68,79,105,157,325,1110,1530
01614500,10-27,65,80,107,172,385,974,1210
01614500,10-28,66,85,110,168,453,1010,1340
01614500,10-29,67,83,109,170,426,913,1290
01614500,10-30,67,81,106,181,462,905,1490
01614500,10-31,66,83,106,178,473,815,1710
01614500,11-01,66,86,105,167,457,1120,1770
01614500,11-02,70,86,106,176,462,1010,1420
01614500,11-03,70,84,107,181,521,1080,1540
01614500,11-04,70,81,107,191,483,884,1250
01614500,11-05,71,85,110,191,562,888,1370
01614500,11-06,71,84,114,179,486,806,1200
01614500,11-07,67,90,119,186,458,837,1110
01614500,11-08,69,92,116,201,497,803,1000
01614500,11-09,70,91,114,195,510,734,1280
01614500,11-10,76,89,118,189,468,654,1320
01614500,11-11,77,99,118,195,445,720,1320
01614500,11-12,71,95,119,204,479,997,1700
01614500,11-13,74,88,115,207,490,1160,1740
01614500,11-14,75,86,121,201,463,953,1700
01614500,11-15,73,86,125,198,452,882,1880
01614500,11-16,68,81,126,191,484,921,1190
01614500,11-17,72,85,133,204,467,1030,1580
01614500,11-18,74,84,132,201,449,1020,1520
01614500,11-19,74,82,136,199,439,956,1360
01614500,11-20,71,83,140,254,487,1070,1730
01614500,11-21,66,92,136,239,548,1120,1930
01614500,11-22,67,88,136,224,611,1070,1530
01614500,11-23,67,98,139,239,570,1010,1970
01614500,11-24,70,106,142,286,495,839,1340
01614500,11-25,76,99,146,275,518,1170,2240
01614500,11-26,76,112,146,268,556,1040,1940
01614500,11-27,71,114,143,272,607,1260,1910
01614500,11-28,89,111,146,270,577,1240,1980
01614500,11-29,91,116,150,330,615,1390,2100
01614500,11-30,90,111,161,332,704,1560,2280
01614500,12-01,86,112,176,294,753,1590,2500
01614500,12-02,83,109,184,295,650,1410,2240
01614500,12-03,81,114,184,313,630,1410,1740
01614500,12-04,78,116,182,307,639,1320,1980
01614500,12-05,81,120,189,304,665,1210,2040
01614500,12-06,80,125,187,309,667,1450,1870
01614500,12-07,75,123,188,309,866,1510,2550
01614500,12-08,74,120,179,315,652,1430,1950
01614500,12-09,101,120,178,325,649,1450,1840
01614500,12-10,100,118,178,328,777,1400,2380
01614500,12-11,100,117,179,366,750,1900,2830
01614500,12-12,95,125,183,396,734,1660,2710
01614500,12-13,90,132,188,441,794,1740,2380
01614500,12-14,100,130,178,435,843,1560,2380
01614500,12-15,109,129,193,445,789,1710,2470
01614500,12-16,103,130,190,435,845,1670,2430
01614500,12-17,103,129,191,425,896,1700,2020
01614500,12-18,108,120,209,436,938,1560,1750
01614500,12-19,103,120,211,428,835,1430,1740
01614500,12-20,100,121,210,429,749,1200,1420
01614500,12-21,99,120,217,400,722,1320,2370
01614500,12-22,97,119,230,376,696,1310,2260
01614500,12-23,90,122,224,407,699,1310,2010
01614500,12-24,92,124,206,431,696,1370,2350
01614500,12-25,92,120,212,449,786,1770,2380
01614500,12-26,100,124,207,472,864,1580,2010
01614500,12-27,103,121,214,426,855,1500,1960
01614500,12-28,100,125,210,461,870,1380,1940
01614500,12-29,109,128,226,445,849,1230,1940
01614500,12-30,105,130,234,464,879,1220,2030
01614500,12-31,96,110,229,423,839,1270,1880
01616500,01-01,51,59,95,168,269,533,914
01616500,01-02,52,64,104,177,294,575,1300
01616500,01-03,51,64,108,190,259,605,1090
01616500,01-04,51,67,110,178,335,596,824
01616500,01-05,51,66,110,190,337,529,697
01616500,01-06,53,68,99,182,314,440,607
01616500,01-07,60,66,98,181,296,458,589
01616500,01-08,51,65,103,166,285,503,642
01616500,01-09,50,66,102,179,297,547,677
01616500,01-10,50,65,100,180,297,530,1100
01616500,01-11,50,67,108,178,286,494,659
01616500,01-12,55,65,109,185,283,443,786
01616500,01-13,55,66,104,186,280,482,687
01616500,01-14,54,65,115,209,294,466,629
01616500,01-15,53,68,110,196,310,501,837
01616500,01-16,54,67,109,188,284,499,933
01616500,01-17,57,70,101,174,277,400,692
01616500,01-18,56,66,106,171,264,403,548
01616500,01-19,56,62,111,180,279,439,612
01616500,01-20,54,69,110,180,298,504,1380
01616500,01-21,56,72,111,175,289,612,895
01616500,01-22,54,74,111,172,263,570,997
01616500,01-23,54,82,120,177,340,558,803
01616500,01-24,60,81,119,204,341,821,1580
01616500,01-25,50,81,110,203,388,881,1550
01616500,01-26,60,79,110,207,382,874,1040
01616500,01-27,50,76,109,217,381,692,769
01616500,01-28,53,73,110,202,364,805,1500
01616500,01-29,54,64,106,201,361,600,1070
01616500,01-30,51,70,102,198,332,599,813
01616500,01-31,55,71,113,196,326,501,751
01616500,02-01,60,72,119,202,306,518,636
01616500,02-02,60,67,126,205,312,617,849
01616500,02-03,60,67,143,237,383,538,757
01616500,02-04,56,70,134,229,354,755,930
01616500,02-05,53,76,127,226,345,653,1250
01616500,02-06,59,83,128,235,343,530,823
01616500,02-07,54,72,141,239,384,798,1200
01616500,02-08,55,70,136,234,351,751,1100
01616500,02-09,54,75,128,215,314,517,675
01616500,02-10,53,77,134,203,317,591,735
01616500,02-11,55,80,137,210,302,510,716
01616500,02-12,54,82,146,230,344,549,723
01616500,02-13,65,84,145,223,371,632,1100
01616500,02-14,77,100,144,214,330,646,1680
01616500,02-15,75,104,164,220,340,656,848
01616500,02-16,73,112,164,248,373,545,656
01616500,02-17,74,111,157,248,414,541,643
01616500,02-18,86,100,159,237,378,638,799
01616500,02-19,89,105,152,232,386,650,1170
01616500,02-20,87,108,147,226,391,715,1220
01616500,02-21,85,107,146,220,359,852,1110
01616500,02-22,86,112,151,224,387,846,1010
01616500,02-23,87,113,155,234,431,807,1140
01616500,02-24,93,118,151,221,522,1160,1710
01616500,02-25,97,113,165,226,479,1020,1660
01616500,02-26,96,113,160,224,488,865,1400
01616500,02-27,86,110,156,224,447,705,961
01616500,02-28,78,107,165,237,429,772,989
01616500,02-29,131,134,165,253,398,952,1080
01616500,03-01,89,106,162,252,424,730,1190
01616500,03-02,97,119,159,255,447,784,1020
01616500,03-03,95,111,155,252,420,761,1070
01616500,03-04,94,128,163,242,474,795,932
01616500,03-05,97,129,176,290,489,1100,1850
01616500,03-06,120,142,182,303,443,965,1680
01616500,03-07,123,144,189,293,458,1050,1730
01616500,03-08,118,141,183,283,508,719,1160
01616500,03-09,112,138,175,286,491,676,1030
01616500,03-10,115,133,170,273,427,686,1200
01616500,03-11,110,122,168,263,392,751,1040
01616500,03-12,106,118,167,265,447,843,1080
01616500,03-13,103,125,170,291,501,664,1140
01616500,03-14,100,135,177,293,470,927,1560
01616500,03-15,97,131,185,287,456,804,1930
01616500,03-16,95,124,176,276,471,989,1310
01616500,03-17,105,128,181,259,464,933,1190
01616500,03-18,102,122,177,245,463,857,971
01616500,03-19,98,114,175,272,513,757,1140
01616500,03-20,96,125,186,306,542,1010,1510
01616500,03-21,94,126,204,331,577,1010,1400
01616500,03-22,92,120,194,322,605,1310,2190
01616500,03-23,86,116,194,331,578,932,1230
01616500,03-24,87,114,189,358,554,853,1450
01616500,03-25,94,113,196,328,475,701,1060
01616500,03-26,91,119,194,305,467,816,1100
01616500,03-27,92,121,186,285,425,648,1040
01616500,03-28,90,131,194,272,421,554,1350
01616500,03-29,90,116,181,290,394,800,2290
01616500,03-30,89,113,179,278,428,968,1650
01616500,03-31,90,106,188,268,413,803,1240
01616500,04-01,94,114,199,292,489,750,919
01616500,04-02,98,117,197,295,490,899,1210
01616500,04-03,99,113,187,292,467,823,1390
01616500,04-04,92,112,184,284,460,867,1000
01616500,04-05,93,115,182,261,412,816,2020
01616500,04-06,101,123,182,249,415,714,1190
01616500,04-07,93,136,182,277,438,639,733
01616500,04-08,89,131,181,276,445,618,947
01616500,04-09,87,132,185,286,407,568,864
01616500,04-10,85,127,178,267,405,682,905
01616500,04-11,91,121,166,253,371,651,1160
01616500,04-12,94,130,167,266,384,651,937
01616500,04-13,110,145,184,263,444,731,1920
01616500,04-14,113,139,180,271,462,831,1280
01616500,04-15,109,144,176,277,454,832,1080
01616500,04-16,120,144,172,274,501,795,1840
01616500,04-17,107,125,168,243,400,723,1500
01616500,04-18,114,129,168,226,373,550,1170
01616500,04-19,112,131,159,244,363,499,907
01616500,04-20,104,127,155,244,383,540,924
01616500,04-21,101,127,157,240,371,766,985
01616500,04-22,109,130,158,229,349,654,1440
01616500,04-23,112,129,174,228,359,561,1170
01616500,04-24,118,129,178,217,326,668,934
01616500,04-25,108,121,177,218,320,663,814
01616500,04-26,97,117,167,225,344,612,1190
01616500,04-27,105,110,159,230,371,589,1520
01616500,04-28,107,123,163,235,350,570,1480
01616500,04-29,107,116,163,226,336,585,931
01616500,04-30,108,114,159,208,335,683,882
01616500,05-01,104,119,161,198,324,618,873
01616500,05-02,101,128,155,216,323,549,596
01616500,05-03,101,125,158,208,387,494,585
01616500,05-04,109,132,153,213,397,646,926
01616500,05-05,107,128,146,229,373,610,902
01616500,05-06,104,125,147,224,387,833,1420
01616500,05-07,103,119,143,220,397,918,1290
01616500,05-08,108,113,139,239,369,820,961
01616500,05-09,101,109,144,226,394,695,784
01616500,05-10,97,111,153,211,348,611,718
01616500,05-11,95,106,147,210,341,556,614
01616500,05-12,99,118,139,208,315,563,910
01616500,05-13,101,115,140,229,321,507,970
01616500,05-14,96,117,142,233,353,539,999
01616500,05-15,107,114,147,213,317,423,864
01616500,05-16,107,116,136,208,372,674,1440
01616500,05-17,100,113,135,211,362,1130,2040
01616500,05-18,95,109,134,207,341,811,1050
01616500,05-19,96,112,136,209,339,660,1510
01616500,05-20,97,112,133,203,311,651,924
01616500,05-21,97,112,128,198,319,507,953
01616500,05-22,94,104,125,191,296,518,842
01616500,05-23,91,103,123,202,330,524,743
01616500,05-24,93,102,124,200,339,517,631
01616500,05-25,91,97,119,199,312,434,620
01616500,05-26,88,97,126,195,309,398,789
01616500,05-27,83,97,120,190,299,400,620
01616500,05-28,82,96,122,179,298,528,748
01616500,05-29,85,99,124,180,311,528,876
01616500,05-30,92,100,127,178,291,476,678
01616500,05-31,95,99,121,172,289,466,927
01616500,06-01,87,98,121,170,277,668,977
01616500,06-02,84,103,131,181,291,505,803
01616500,06-03,82,102,132,173,267,459,798
01616500,06-04,76,95,124,181,296,471,981
01616500,06-05,74,92,129,175,292,698,830
01616500,06-06,73,97,130,183,269,688,793
01616500,06-07,72,89,127,171,253,428,582
01616500,06-08,75,91,123,163,237,349,386
01616500,06-09,75,90,120,163,228,307,328
01616500,06-10,76,93,115,155,214,301,422
01616500,06-11,83,91,113,166,241,350,536
01616500,06-12,80,88,114,162,230,363,523
01616500,06-13,78,88,113,162,241,458,640
01616500,06-14,78,86,113,157,227,411,728
01616500,06-15,80,84,108,159,221,381,531
01616500,06-16,78,82,108,157,210,308,521
01616500,06-17,75,85,112,143,217,361,374
01616500,06-18,74,84,111,142,204,323,658
01616500,06-19,71,87,109,145,199,321,590
01616500,06-20,69,85,110,152,195,267,452
01616500,06-21,68,84,102,152,200,384,550
01616500,06-22,65,83,100,150,214,320,441
01616500,06-23,63,82,109,149,205,314,483
01616500,06-24,63,85,102,143,203,280,350
01616500,06-25,62,80,99,130,179,222,660
01616500,06-26,61,81,102,138,178,258,574
01616500,06-27,72,80,95,139,182,354,586
01616500,06-28,73,80,91,139,185,343,643
01616500,06-29,71,78,93,135,185,303,500
01616500,06-30,68,74,90,135,177,323,409
01616500,07-01,61,73,91,129,191,284,388
01616500,07-02,58,76,93,131,187,248,342
01616500,07-03,66,76,94,126,180,246,409
01616500,07-04,66,74,96,132,168,292,419
01616500,07-05,66,72,100,127,178,265,357
01616500,07-06,65,70,98,123,169,232,385
01616500,07-07,65,69,93,123,171,252,323
01616500,07-08,56,69,89,119,165,232,403
01616500,07-09,58,70,93,118,177,272,367
01616500,07-10,53,72,92,122,168,219,312
01616500,07-11,64,74,93,122,160,242,371
01616500,07-12,62,71,89,125,162,214,336
01616500,07-13,61,69,88,122,157,243,376
01616500,07-14,53,71,86,120,171,252,309
01616500,07-15,60,69,94,123,165,253,323
01616500,07-16,61,68,91,120,153,238,300
01616500,07-17,59,65,89,115,150,204,292
01616500,07-18,54,65,85,114,157,264,335
01616500,07-19,56,64,88,116,157,213,299
01616500,07-20,59,65,86,115,147,232,304
01616500,07-21,57,64,87,113,141,253,418
01616500,07-22,58,64,87,110,138,247,320
01616500,07-23,57,69,87,109,159,266,428
01616500,07-24,59,65,88,109,163,260,431
01616500,07-25,58,65,87,109,138,237,310
01616500,07-26,51,61,85,107,129,220,255
01616500,07-27,48,58,85,103,134,209,239
01616500,07-28,50,62,84,101,139,210,228
01616500,07-29,54,64,86,100,153,223,346
01616500,07-30,56,65,80,104,137,187,373
01616500,07-31,53,61,78,101,135,206,373
01616500,08-01,51,56,77,103,141,223,326
01616500,08-02,53,56,76,100,143,224,357
01616500,08-03,49,57,76,99,148,202,320
01616500,08-04,47,57,80,104,144,350,436
01616500,08-05,48,56,84,104,140,275,350
01616500,08-06,48,54,84,102,140,231,346
01616500,08-07,46,55,83,102,147,204,570
01616500,08-08,43,55,81,104,142,272,468
01616500,08-09,39,55,78,98,134,211,392
01616500,08-10,46,56,79,97,126,191,374
01616500,08-11,46,56,77,96,120,189,384
01616500,08-12,46,55,75,98,130,335,415
01616500,08-13,44,54,75,94,132,308,590
01616500,08-14,42,53,73,93,144,216,395
01616500,08-15,47,53,72,93,152,291,424
01616500,08-16,48,54,71,93,141,242,305
01616500,08-17,49,58,73,93,140,225,284
01616500,08-18,46,55,73,94,131,284,510
01616500,08-19,48,59,69,96,131,225,415
01616500,08-20,50,57,73,99,133,239,296
01616500,08-21,50,61,81,101,145,254,432
01616500,08-22,53,59,78,97,139,228,400
01616500,08-23,50,54,73,91,122,204,375
01616500,08-24,51,54,72,94,119,162,367
01616500,08-25,50,54,68,89,117,157,376
01616500,08-26,51,55,70,87,112,171,273
01616500,08-27,51,54,69,89,112,210,293
01616500,08-28,49,53,67,90,123,162,282
01616500,08-29,50,52,65,86,125,186,252
01616500,08-30,49,53,64,85,121,187,230
01616500,08-31,48,51,65,88,128,198,257
01616500,09-01,45,50,65,85,122,258,409
01616500,09-02,44,50,64,87,116,232,607
01616500,09-03,44,49,64,87,118,200,333
01616500,09-04,46,49,64,84,116,229,255
01616500,09-05,46,49,65,81,116,190,266
01616500,09-06,46,48,66,82,128,247,581
01616500,09-07,45,48,65,83,124,256,574
01616500,09-08,45,48,63,85,125,214,435
01616500,09-09,47,48,63,86,112,236,778
01616500,09-10,46,47,67,86,130,205,338
01616500,09-11,42,47,66,85,127,187,402
01616500,09-12,43,46,65,84,120,189,466
01616500,09-13,42,45,67,83,124,227,700
01616500,09-14,43,46,65,81,120,254,589
01616500,09-15,44,46,66,82,119,224,519
01616500,09-16,43,48,68,83,122,213,264
01616500,09-17,43,48,67,80,116,179,513
01616500,09-18,44,47,67,81,112,182,503
01616500,09-19,44,48,65,78,121,234,637
01616500,09-20,45,52,64,79,114,182,446
01616500,09-21,45,49,65,82,114,262,497
01616500,09-22,45,50,62,83,116,262,576
01616500,09-23,41,50,62,81,119,280,538
01616500,09-24,43,48,62,77,119,254,732
01616500,09-25,44,48,62,75,116,189,430
01616500,09-26,43,48,61,77,110,180,496
01616500,09-27,39,48,62,80,114,217,418
01616500,09-28,38,47,64,86,125,292,557
01616500,09-29,45,47,63,87,123,270,796
01616500,09-30,45,46,64,83,128,380,1010
01616500,10-01,45,47,63,85,129,505,731
01616500,10-02,45,49,62,85,132,358,561
01616500,10-03,42,49,63,76,140,346,482
01616500,10-04,36,45,62,79,114,272,490
01616500,10-05,38,47,63,78,107,293,401
01616500,10-06,40,50,62,77,130,259,383
01616500,10-07,38,49,62,78,134,267,474
01616500,10-08,39,49,62,81,127,250,347
01616500,10-09,38,48,61,79,120,293,558
01616500,10-10,38,47,60,77,117,274,509
01616500,10-11,37,46,58,78,127,319,400
01616500,10-12,36,46,57,79,128,296,424
01616500,10-13,39,45,56,78,130,321,462
01616500,10-14,41,45,57,82,129,311,512
01616500,10-15,44,47,61,81,129,306,477
01616500,10-16,44,47,60,81,118,292,416
01616500,10-17,43,47,61,80,120,255,325
01616500,10-18,39,46,60,82,115,298,357
01616500,10-19,40,48,61,81,128,225,376
01616500,10-20,42,46,62,80,130,242,453
01616500,10-21,42,46,63,82,120,297,547
01616500,10-22,44,49,62,84,125,281,367
01616500,10-23,41,49,64,83,134,286,504
01616500,10-24,41,51,62,83,128,282,475
01616500,10-25,39,47,66,84,138,292,668
01616500,10-26,41,46,63,89,145,347,558
01616500,10-27,40,46,61,89,126,340,425
01616500,10-28,38,46,62,92,140,338,431
01616500,10-29,38,45,64,89,172,325,391
01616500,10-30,38,46,66,90,185,359,765
01616500,10-31,37,46,61,88,191,337,389
01616500,11-01,37,48,62,88,175,300,351
01616500,11-02,39,48,62,91,172,283,311
01616500,11-03,40,48,61,86,173,278,411
01616500,11-04,43,50,66,92,166,260,517
01616500,11-05,39,50,63,89,169,283,370
01616500,11-06,43,50,67,86,166,265,320
01616500,11-07,44,51,70,85,169,297,595
01616500,11-08,46,52,67,90,187,407,728
01616500,11-09,42,51,64,85,176,266,628
01616500,11-10,42,54,66,86,147,264,387
01616500,11-11,44,53,65,88,171,287,550
01616500,11-12,49,55,68,90,220,435,572
01616500,11-13,50,53,66,90,210,498,915
01616500,11-14,48,52,65,88,201,420,624
01616500,11-15,48,53,63,89,181,357,691
01616500,11-16,47,51,62,89,179,386,555
01616500,11-17,44,52,62,92,203,356,504
01616500,11-18,46,50,62,93,190,278,371
01616500,11-19,47,50,61,98,165,319,432
01616500,11-20,46,52,70,104,186,346,434
01616500,11-21,46,52,70,99,185,327,705
01616500,11-22,45,51,68,96,209,371,502
01616500,11-23,45,50,66,95,211,411,890
01616500,11-24,49,55,70,89,203,366,606
01616500,11-25,50,54,67,91,220,344,540
01616500,11-26,46,54,71,93,187,401,1100
01616500,11-27,43,50,73,98,203,358,803
01616500,11-28,42,49,71,102,211,427,589
01616500,11-29,44,52,72,113,263,566,1450
01616500,11-30,41,49,68,111,279,587,1250
01616500,12-01,45,50,66,116,282,524,678
01616500,12-02,47,50,67,117,259,426,716
01616500,12-03,46,50,68,120,256,407,537
01616500,12-04,49,52,73,121,242,465,690
01616500,12-05,47,52,73,128,229,425,637
01616500,12-06,43,53,73,132,270,376,593
01616500,12-07,45,56,76,136,293,540,721
01616500,12-08,45,56,71,122,256,558,1120
01616500,12-09,45,55,70,132,275,551,858
01616500,12-10,47,58,73,145,253,607,1010
01616500,12-11,47,55,81,150,297,634,1540
01616500,12-12,47,60,84,147,276,701,1210
01616500,12-13,47,60,89,149,270,559,1170
01616500,12-14,47,60,89,156,302,476,807
01616500,12-15,48,59,90,153,329,637,1010
01616500,12-16,48,60,84,160,326,726,1310
01616500,12-17,50,60,84,164,311,698,938
01616500,12-18,50,60,79,178,341,621,714
01616500,12-19,49,58,75,170,320,532,620
01616500,12-20,52,58,79,170,270,425,586
01616500,12-21,52,55,84,161,246,430,630
01616500,12-22,54,55,80,148,271,467,865
01616500,12-23,52,58,85,140,308,529,1020
01616500,12-24,52,56,84,154,304,701,847
01616500,12-25,51,56,85,150,331,573,912
01616500,12-26,49,55,86,173,317,636,695
01616500,12-27,49,53,84,175,311,556,802
01616500,12-28,48,53,85,176,287,420,548
01616500,12-29,50,58,86,173,292,445,700
01616500,12-30,50,59,86,178,290,442,643
01616500,12-31,49,60,87,172,271,463,780
01618000,01-01,910,1200,2160,4880,7740,18300,27200
01618000,01-02,953,1270,2410,4530,8330,22000,28600
01618000,01-03,918,1220,2420,4540,8880,19300,26700
01618000,01-04,859,1210,2570,4720,9100,17200,26600
01618000,01-05,900,1220,2540,4780,9940,15600,21200
01618000,01-06,961,1310,2580,5090,10200,16300,19200
01618000,01-07,973,1220,2730,4770,9890,14800,16100
01618000,01-08,969,1450,2670,5080,9310,12300,21600
01618000,01-09,955,1410,2760,5010,8470,12500,16700
01618000,01-10,1000,1310,2630,4840,8360,13200,16000
01618000,01-11,1050,1340,2700,4500,7960,13300,22200
01618000,01-12,1130,1480,2730,4200,7600,14800,25300
01618000,01-13,1240,1520,2630,4420,7280,14500,20400
01618000,01-14,1250,1420,2620,4310,7650,13500,18400
01618000,01-15,1120,1540,2610,4690,8230,12000,18100
01618000,01-16,1190,1480,2480,4370,7690,13800,15700
01618000,01-17,1250,1390,2470,4030,7190,13400,20800
01618000,01-18,1180,1220,2440,3980,6050,12600,16000
01618000,01-19,1060,1340,2430,3910,6040,11500,16500
01618000,01-20,1040,1330,2300,3820,6360,12200,19400
01618000,01-21,964,1300,2300,4180,6530,13000,22400
01618000,01-22,1110,1410,2510,4290,7340,14800,23600
01618000,01-23,1060,1420,2600,4090,7990,15400,21000
01618000,01-24,977,1410,2510,4310,8530,16200,22400
01618000,01-25,903,1370,2480,4780,7690,15800,35800
01618000,01-26,911,1560,2620,4950,9410,23900,32800
01618000,01-27,821,1450,2800,4730,10600,23800,28100
01618000,01-28,960,1350,2830,4910,9990,19000,29500
01618000,01-29,1060,1550,2710,4520,10600,17400,29800
01618000,01-30,1230,1430,2630,4530,10600,15700,28000
01618000,01-31,1200,1620,2770,5010,9330,17700,24600
01618000,02-01,1200,1600,2440,5290,9200,15800,19800
01618000,02-02,1200,1620,2540,4810,8310,14700,24100
01618000,02-03,1250,1740,2730,5350,8960,14400,25000
01618000,02-04,1280,1800,3210,5110,8870,16400,24000
01618000,02-05,1300,1800,3020,5050,9480,18600,25100
01618000,02-06,1300,1920,3200,4600,9320,18800,25300
01618000,02-07,1350,1640,3310,5500,10100,17200,20600
01618000,02-08,1300,1610,3400,5800,10600,15900,26100
01618000,02-09,1250,1700,3120,5830,11000,17400,23400
01618000,02-10,1250,1530,3150,5590,9810,17800,24400
01618000,02-11,1250,1560,3090,5550,10200,15500,23100
01618000,02-12,1300,2150,3200,5230,9970,17100,22800
01618000,02-13,1380,2030,3100,5550,10500,17800,22400
01618000,02-14,1560,2010,3010,5770,12600,18000,29800
01618000,02-15,1410,2300,3160,5640,11900,18000,27600
01618000,02-16,1650,2300,3330,6170,11300,18600,26700
01618000,02-17,1900,2410,3450,7070,10900,18700,22300
01618000,02-18,1920,2280,3890,7230,11800,16200,29800
01618000,02-19,1960,2190,4000,6810,12600,20900,22800
01618000,02-20,1860,2400,4120,6780,11900,19100,23600
01618000,02-21,2010,2730,4020,6650,12400,19500,32100
01618000,02-22,2040,2870,4090,6210,11500,20400,35400
01618000,02-23,1920,2810,4160,6170,11000,24200,30500
01618000,02-24,2020,2810,4100,6880,13300,23800,36200
01618000,02-25,2110,2770,4380,6520,14900,26100,43700
01618000,02-26,2160,2760,4250,6670,14200,26400,39700
01618000,02-27,1990,2620,4020,7180,14600,28200,52700
01618000,02-28,1770,2490,4060,7530,14300,27000,49100
01618000,02-29,2050,2430,3760,5850,15000,34500,57400
01618000,03-01,1740,2390,4380,7340,12300,31700,39500
01618000,03-02,1900,2290,4240,7370,13100,33000,38200
01618000,03-03,1980,2310,4190,7360,13600,25500,33600
01618000,03-04,1920,2450,4170,7100,14600,21900,28600
01618000,03-05,2150,2920,4310,7710,15400,24500,31500
01618000,03-06,2530,3470,4580,8430,17400,27300,60600
01618000,03-07,2600,3610,5110,8960,16700,40400,52100
01618000,03-08,2640,3600,5250,8780,14200,32900,38100
01618000,03-09,2860,3690,5480,9290,15800,24900,29500
01618000,03-10,3020,3710,5210,8530,13700,24400,32000
01618000,03-11,3080,3760,5300,7920,12200,22300,32200
01618000,03-12,3290,3680,5320,7730,11300,19200,32100
01618000,03-13,2920,3790,5310,7850,12600,22500,30200
01618000,03-14,2880,4060,5590,8650,15100,27600,37900
01618000,03-15,2910,4200,5870,8700,16800,32700,40800
01618000,03-16,2800,3870,5740,9690,16200,29800,38100
01618000,03-17,2750,3950,5530,9320,16800,25700,39500
01618000,03-18,2730,4100,5350,8820,15200,26200,34600
01618000,03-19,2900,4110,5430,8090,15000,24500,30100
01618000,03-20,3040,3840,5780,8460,13900,25400,32500
01618000,03-21,3240,3900,5920,9200,14100,27700,48800
01618000,03-22,3200,3750,5980,10100,18900,32000,50000
01618000,03-23,3110,3950,5700,9430,18500,33600,36800
01618000,03-24,3050,4130,5550,8870,19800,30400,39600
01618000,03-25,2970,4000,5900,9600,18100,32500,45800
01618000,03-26,3040,3710,5980,9930,16800,28400,36400
01618000,03-27,3290,3710,5440,9770,15500,27700,35400
01618000,03-28,3180,4020,5630,9160,12700,22500,38700
01618000,03-29,3330,4520,5700,9110,13000,23300,47600
01618000,03-30,3810,4290,5740,9230,12900,22900,51900
01618000,03-31,3780,4260,5500,8170,13600,25000,46800
01618000,04-01,3650,4240,5580,8350,13300,25600,42200
01618000,04-02,3630,4270,5570,9310,16500,25700,38600
01618000,04-03,3470,4380,5560,9380,15800,23900,32600
01618000,04-04,3410,4090,5890,9060,14700,24400,36000
01618000,04-05,3540,3930,5840,8340,13700,27500,39300
01618000,04-06,3550,4120,5600,8380,14700,30400,40300
01618000,04-07,3610,4250,5430,8180,13500,23200,40000
01618000,04-08,4030,4400,5660,8670,15200,27200,34100
01618000,04-09,3410,4390,5270,8360,14300,26900,29000
01618000,04-10,3660,4080,5320,9080,12700,24000,28200
01618000,04-11,3590,3840,5500,9130,14700,23400,32500
01618000,04-12,3480,3760,5400,8590,14600,24300,32100
01618000,04-13,3340,3670,5150,8190,15100,24700,27900
01618000,04-14,3190,3550,5070,8080,16400,28200,35000
01618000,04-15,3200,3610,4930,8940,15500,26300,37500
01618000,04-16,3090,3360,4960,8070,17200,24700,31000
01618000,04-17,3000,3240,4700,8350,15200,27500,42700
01618000,04-18,3090,3320,4630,8000,13300,32100,51900
01618000,04-19,3010,3200,4740,7340,12300,25600,36100
01618000,04-20,2980,3210,4540,7530,11300,19700,29400
01618000,04-21,2870,3130,4390,6980,10200,19400,29400
01618000,04-22,2800,3090,4170,6630,9620,17900,32200
01618000,04-23,2710,3210,4130,6570,8770,20600,33300
01618000,04-24,2740,3100,3940,6320,9370,18900,26900
01618000,04-25,2820,3310,4030,5960,9480,18000,22000
01618000,04-26,2900,3150,4040,6080,11200,19600,29700
01618000,04-27,2850,3120,3790,6070,12700,24000,37100
01618000,04-28,2760,3090,3600,6170,12000,18500,30900
01618000,04-29,2760,2990,3690,6350,11700,19600,27000
01618000,04-30,2760,3010,3760,6080,11800,19900,36500
01618000,05-01,2630,2890,3780,6010,10500,21800,27100
01618000,05-02,2650,2860,3750,5930,10400,18000,33300
01618000,05-03,2550,2800,3930,6950,10200,15400,22400
01618000,05-04,2570,2820,3790,6660,11900,18000,20700
01618000,05-05,2340,2820,3820,6570,11900,16300,21100
01618000,05-06,2290,2530,4060,6800,11700,19200,35200
01618000,05-07,2300,2620,4010,7400,12100,23000,35400
01618000,05-08,2210,2670,3900,7710,13200,22900,44200
01618000,05-09,2110,2660,4050,7170,14900,28300,41100
01618000,05-10,2050,2510,4090,6820,13100,23600,32900
01618000,05-11,2010,2400,4050,6190,11000,19800,32200
01618000,05-12,2000,2270,3810,5990,11000,19300,28600
01618000,05-13,2000,2100,3560,6220,10500,20900,31100
01618000,05-14,1960,2150,3460,6280,11200,21100,29300
01618000,05-15,1850,2370,3340,6180,10800,19700,29500
01618000,05-16,1860,2460,3460,5980,10400,18700,24400
01618000,05-17,1910,2510,3600,6120,9780,18700,30300
01618000,05-18,1990,2370,3580,5770,10100,21600,35100
01618000,05-19,2080,2370,3730,5580,9890,17000,27100
01618000,05-20,1980,2620,3510,5360,9380,16600,23000
01618000,05-21,2040,2670,3480,5150,9940,14800,20500
01618000,05-22,2320,2680,3480,5330,10600,16000,23100
01618000,05-23,2260,2580,3540,5150,10300,15300,24200
01618000,05-24,2120,2490,3480,5180,8470,15900,27000
01618000,05-25,1910,2370,3550,4950,8570,15800,22600
01618000,05-26,1790,2220,3360,5170,8350,17000,18900
01618000,05-27,1670,2170,3350,4830,7670,13400,17700
01618000,05-28,1640,2250,3230,4660,7600,13000,17800
01618000,05-29,1560,2120,2890,4520,7610,14600,21800
01618000,05-30,1470,2020,3030,4860,7080,15700,24400
01618000,05-31,1630,1980,3010,5190,7680,12500,21400
01618000,06-01,1620,1800,2880,4620,7550,13400,27900
01618000,06-02,1500,1750,2790,4270,7130,16300,22200
01618000,06-03,1520,1750,2620,4030,6680,14100,19000
01618000,06-04,1460,1710,2510,3830,6330,12400,29200
01618000,06-05,1430,1750,2420,4020,6480,11100,19500
01618000,06-06,1430,1730,2370,3930,7380,11600,14100
01618000,06-07,1340,1650,2470,3560,6590,10300,16800
01618000,06-08,1290,1520,2500,3550,5920,9850,13800
01618000,06-09,1280,1520,2490,3670,5530,9590,13400
01618000,06-10,1280,1480,2350,3620,4860,7790,11500
01618000,06-11,1280,1530,2340,3440,4740,8150,14100
01618000,06-12,1320,1500,2400,3380,4820,11900,14500
01618000,06-13,1330,1600,2270,3200,4620,10000,16900
01618000,06-14,1250,1550,2230,3090,4520,8060,22000
01618000,06-15,1230,1460,2080,2790,5160,9160,13800
01618000,06-16,1110,1450,2010,2810,4490,9770,13500
01618000,06-17,1270,1460,1990,2760,4480,7590,13800
01618000,06-18,1360,1510,1940,2740,4280,7580,11500
01618000,06-19,1330,1590,1960,2940,4060,6390,14000
01618000,06-20,1310,1600,2070,2910,4350,7310,10700
01618000,06-21,1320,1440,2090,2910,4540,8360,12500
01618000,06-22,1160,1400,2040,2940,4470,10600,18000
01618000,06-23,1110,1270,1970,2930,4380,8460,13700
01618000,06-24,1070,1370,1850,2790,4240,7340,15400
01618000,06-25,1020,1340,1910,2590,4030,5950,14000
01618000,06-26,905,1350,1720,2510,3860,5270,11900
01618000,06-27,877,1200,1660,2390,3540,4860,10300
01618000,06-28,974,1220,1690,2340,3340,4880,9180
01618000,06-29,988,1190,1680,2280,3120,5080,8080
01618000,06-30,938,1200,1620,2230,3080,6510,9670
01618000,07-01,680,1200,1550,2130,3010,5740,7860
01618000,07-02,882,1060,1480,1980,2780,5160,7100
01618000,07-03,811,1050,1500,2040,3020,5420,7020
01618000,07-04,671,955,1500,2020,3020,4960,6320
01618000,07-05,658,903,1370,2100,3140,4850,6900
01618000,07-06,672,876,1430,1940,3330,4620,7330
01618000,07-07,750,879,1400,1900,3420,5090,7600
01618000,07-08,672,830,1470,1920,3060,6230,8790
01618000,07-09,666,862,1350,1960,3130,5590,8460
01618000,07-10,802,869,1340,2010,3080,5250,8860
01618000,07-11,779,922,1330,2090,3180,6190,7310
01618000,07-12,783,918,1380,2170,3300,5520,7880
01618000,07-13,815,875,1400,2180,3210,5810,7110
01618000,07-14,716,991,1340,2040,3170,5040,5550
01618000,07-15,725,978,1300,1850,3450,4670,5410
01618000,07-16,719,1050,1310,1810,2980,4190,6070
01618000,07-17,851,1000,1320,1740,2910,4310,7340
01618000,07-18,820,890,1230,1670,2820,4560,8170
01618000,07-19,696,873,1180,1740,2670,4350,6540
01618000,07-20,699,880,1250,1710,2440,3730,6150
01618000,07-21,679,888,1270,1710,2310,4350,5060
01618000,07-22,633,812,1130,1670,2360,4270,7370
01618000,07-23,611,835,1220,1610,2660,4540,6440
01618000,07-24,621,851,1200,1610,2940,4280,6890
01618000,07-25,708,863,1210,1600,2660,4590,7650
01618000,07-26,694,863,1190,1630,2760,4520,7530
01618000,07-27,545,821,1030,1530,2380,3520,5030
01618000,07-28,654,835,1080,1490,2150,3810,4180
01618000,07-29,683,779,1040,1590,2670,4120,6580
01618000,07-30,571,822,1130,1660,2580,4200,6560
01618000,07-31,568,833,1040,1580,2970,4780,7320
01618000,08-01,532,772,1020,1520,2910,5020,9620
01618000,08-02,641,805,1050,1510,2640,5400,8110
01618000,08-03,690,754,1010,1510,2600,4920,6250
01618000,08-04,680,772,988,1540,2700,4590,5780
01618000,08-05,696,777,1010,1500,2650,3750,8940
01618000,08-06,653,717,1000,1580,2400,4160,9170
01618000,08-07,637,730,993,1630,2510,5390,7690
01618000,08-08,587,730,1010,1600,2490,4740,6020
01618000,08-09,602,847,1070,1610,2540,3990,9480
01618000,08-10,657,739,1050,1690,2490,4300,8100
01618000,08-11,682,801,1010,1580,2370,3660,7240
01618000,08-12,660,754,1030,1480,2180,5180,7400
01618000,08-13,529,690,1020,1580,2170,5060,7560
01618000,08-14,564,641,979,1580,2260,4980,8010
01618000,08-15,532,665,974,1510,2300,5390,8000
01618000,08-16,629,729,946,1490,2390,4240,7290
01618000,08-17,564,730,1050,1460,2370,3900,6010
01618000,08-18,518,729,912,1500,2230,5030,7470
01618000,08-19,533,653,953,1510,2310,5280,7680
01618000,08-20,564,699,980,1490,2380,5330,9810
01618000,08-21,497,680,988,1470,2490,5290,7120
01618000,08-22,509,720,930,1420,2510,5290,8350
01618000,08-23,514,691,942,1410,2420,5380,8210
01618000,08-24,512,665,892,1390,2310,5280,8020
01618000,08-25,504,684,964,1570,2160,4890,8110
01618000,08-26,455,667,871,1540,2740,5700,6930
01618000,08-27,459,627,900,1480,2620,5030,6660
01618000,08-28,447,641,873,1490,2360,4750,5770
01618000,08-29,474,629,822,1300,2490,4130,5840
01618000,08-30,481,640,910,1340,2380,3770,5200
01618000,08-31,485,598,928,1250,2330,3630,5180
01618000,09-01,436,565,940,1350,2640,3760,4500
01618000,09-02,445,518,853,1310,2290,3860,7450
01618000,09-03,483,575,860,1260,2170,3500,6920
01618000,09-04,503,557,822,1310,2180,3400,5700
01618000,09-05,483,600,870,1340,2280,3390,4400
01618000,09-06,473,637,863,1330,2230,3870,5950
01618000,09-07,440,609,821,1290,2110,4040,7940
01618000,09-08,425,625,838,1320,2320,3930,6340
01618000,09-09,475,596,889,1260,2280,3650,8610
01618000,09-10,458,566,915,1230,2330,3720,6160
01618000,09-11,426,637,860,1210,2200,3450,4690
01618000,09-12,456,607,886,1330,2080,3400,4780
01618000,09-13,437,607,820,1260,1930,2990,4960
01618000,09-14,445,665,819,1170,1900,3090,6150
01618000,09-15,446,631,803,1230,1920,3320,5670
01618000,09-16,439,630,842,1130,2020,4030,4420
01618000,09-17,386,588,873,1150,2080,3560,7020
01618000,09-18,410,545,842,1200,1910,3630,15800
01618000,09-19,410,618,815,1300,2040,4020,11500
01618000,09-20,467,601,817,1200,2060,3830,22500
01618000,09-21,492,640,823,1180,2030,3670,13100
01618000,09-22,485,587,853,1070,2030,6460,9760
01618000,09-23,475,630,868,1150,1990,5970,10500
01618000,09-24,486,559,860,1120,1880,7060,15500
01618000,09-25,516,599,863,1170,1910,5060,16100
01618000,09-26,520,633,832,1190,2130,4560,12400
01618000,09-27,463,592,802,1130,1980,5150,8820
01618000,09-28,497,544,821,1110,1970,4530,7020
01618000,09-29,514,574,836,1150,1950,3700,18800
01618000,09-30,495,596,839,1160,2010,4260,8990
01618000,10-01,487,616,833,1220,2530,5300,10500
01618000,10-02,486,598,841,1330,2560,5970,8530
01618000,10-03,537,565,836,1310,2690,6990,16200
01618000,10-04,503,563,832,1240,2460,6070,14200
01618000,10-05,502,574,838,1190,2340,5690,11800
01618000,10-06,468,566,838,1190,2110,4870,9450
01618000,10-07,530,599,832,1260,2550,4460,7120
01618000,10-08,574,640,806,1260,2290,4700,9010
01618000,10-09,532,620,818,1240,2160,4070,8370
01618000,10-10,497,603,866,1240,2260,3820,11900
01618000,10-11,503,558,819,1240,2190,3530,9560
01618000,10-12,511,622,811,1230,2040,3520,7990
01618000,10-13,514,576,792,1240,1960,4550,10300
01618000,10-14,542,600,785,1240,1930,3800,9680
01618000,10-15,516,597,829,1180,1980,4400,11300
01618000,10-16,516,636,843,1170,1820,5440,9350
01618000,10-17,513,589,806,1220,1840,4620,7780
01618000,10-18,492,533,841,1220,1890,6280,11400
01618000,10-19,512,608,840,1230,1940,6650,14800
01618000,10-20,524,597,810,1220,2210,7000,9920
01618000,10-21,494,596,820,1200,1960,6890,12800
01618000,10-22,542,648,839,1230,2200,5770,11700
01618000,10-23,585,650,875,1270,2510,8280,13400
01618000,10-24,553,603,843,1280,2450,7970,11300
01618000,10-25,485,606,893,1240,2660,7620,11100
01618000,10-26,522,625,888,1270,2350,8300,15000
01618000,10-27,503,587,900,1280,2620,7390,12800
01618000,10-28,552,677,913,1400,3010,6690,10100
01618000,10-29,542,664,947,1410,3010,7070,11500
01618000,10-30,542,671,932,1390,2870,7360,10100
01618000,10-31,542,643,933,1370,3060,7020,11100
01618000,11-01,639,677,965,1430,3760,6390,13800
01618000,11-02,629,729,962,1530,3890,7000,10500
01618000,11-03,532,712,955,1440,4000,7580,11000
01618000,11-04,566,719,971,1450,3920,7490,10200
01618000,11-05,570,760,1040,1500,3740,7490,12400
01618000,11-06,568,839,998,1720,3700,6930,15100
01618000,11-07,644,778,1060,1850,3930,8050,12000
01618000,11-08,618,753,1030,1920,4010,7380,10600
01618000,11-09,610,826,1050,1930,3870,7010,8970
01618000,11-10,632,757,1050,1950,4310,6700,19900
01618000,11-11,619,806,1100,2030,3990,6590,15600
01618000,11-12,641,852,1110,2100,3940,6690,14100
01618000,11-13,641,861,1070,2060,4380,9540,12700
01618000,11-14,642,787,1100,1980,4370,8960,15600
01618000,11-15,679,741,1060,1920,4200,9810,13200
01618000,11-16,678,741,1050,2040,3760,8100,16300
01618000,11-17,702,819,1080,1940,3940,8930,13100
01618000,11-18,679,819,1140,1810,4060,8340,13800
01618000,11-19,632,755,1130,1730,3660,8570,13200
01618000,11-20,623,901,1180,1780,3870,8900,22500
01618000,11-21,728,807,1120,1980,4570,11000,23600
01618000,11-22,675,864,1200,2130,4340,10600,20700
01618000,11-23,741,861,1150,2140,4530,11300,17700
01618000,11-24,746,820,1210,2130,3970,9790,16200
01618000,11-25,659,855,1290,2230,4800,8790,13300
01618000,11-26,808,915,1350,2270,4660,8510,13200
01618000,11-27,832,914,1380,2280,4640,8500,15400
01618000,11-28,821,981,1390,2330,4640,8490,19700
01618000,11-29,819,917,1430,2370,4550,10900,16500
01618000,11-30,874,998,1370,2530,5460,11600,25000
01618000,12-01,847,914,1400,2730,6570,15200,21100
01618000,12-02,708,926,1430,2780,6560,13000,17000
01618000,12-03,680,952,1410,2950,5930,11200,22000
01618000,12-04,655,968,1580,2920,6490,10500,17400
01618000,12-05,766,919,1610,3090,5650,12300,15400
01618000,12-06,753,898,1590,3160,5330,10900,16300
01618000,12-07,791,1070,1560,2990,4950,11000,16800
01618000,12-08,820,1110,1620,2850,5020,11400,20000
01618000,12-09,765,1030,1670,2920,4780,13500,18300
01618000,12-10,781,1020,1630,2830,5670,11100,14100
01618000,12-11,733,994,1690,3050,6090,13400,21500
01618000,12-12,834,1050,1720,3120,6370,14200,24200
01618000,12-13,811,950,1720,3250,6260,13200,23400
01618000,12-14,743,1030,1800,3820,6120,11300,21600
01618000,12-15,731,954,1930,4080,6690,12000,18800
01618000,12-16,751,1010,1860,4190,6900,13800,24000
01618000,12-17,887,1080,1840,3830,6890,14400,18000
01618000,12-18,842,1050,1690,3800,7320,13200,18400
01618000,12-19,889,1240,1750,4060,8530,12600,17200
01618000,12-20,833,1110,1730,4060,7430,12500,17500
01618000,12-21,797,1180,1720,4190,6890,11500,14000
01618000,12-22,759,1180,1690,4060,6670,10800,17300
01618000,12-23,724,1250,1850,3810,6490,12000,23900
01618000,12-24,724,1130,2010,3470,6210,13000,19300
01618000,12-25,722,1130,1850,3850,6270,14000,24700
01618000,12-26,730,1170,1860,3920,7650,15700,21300
01618000,12-27,922,1020,2040,4200,8000,17300,21600
01618000,12-28,902,980,2240,4170,8020,15200,16800
01618000,12-29,912,1020,2070,4230,8300,12600,18700
01618000,12-30,896,1080,2150,4440,8360,12600,16200
01618000,12-31,881,1080,2160,4700,8090,11400,23800
01619500,01-01,74,92,122,228,336,561,777
01619500,01-02,80,97,134,229,373,570,821
01619500,01-03,82,98,145,237,368,567,742
01619500,01-04,83,100,147,239,382,600,702
01619500,01-05,83,96,145,235,360,580,686
01619500,01-06,86,95,139,227,350,542,626
01619500,01-07,89,98,140,231,346,517,596
01619500,01-08,87,98,134,216,387,515,570
01619500,01-09,84,97,131,239,398,508,669
01619500,01-10,88,98,135,232,408,541,782
01619500,01-11,84,102,141,224,390,500,692
01619500,01-12,84,100,144,232,386,500,698
01619500,01-13,82,98,146,233,381,527,644
01619500,01-14,79,98,143,234,404,537,602
01619500,01-15,81,93,146,229,398,539,592
01619500,01-16,75,100,146,226,372,555,711
01619500,01-17,82,101,144,215,359,531,628
01619500,01-18,75,90,143,218,382,524,622
01619500,01-19,82,101,146,211,391,505,672
01619500,01-20,75,105,142,226,384,517,652
01619500,01-21,72,108,150,241,378,540,762
01619500,01-22,69,105,145,233,374,665,881
01619500,01-23,69,108,148,234,377,590,737
01619500,01-24,78,112,153,249,382,603,1060
01619500,01-25,77,111,144,252,382,622,1180
01619500,01-26,85,110,141,265,416,804,1110
01619500,01-27,84,108,141,266,423,711,935
01619500,01-28,75,107,142,242,429,774,1100
01619500,01-29,74,104,146,247,411,718,887
01619500,01-30,78,100,151,258,424,646,782
01619500,01-31,87,100,151,261,430,614,789
01619500,02-01,84,95,151,258,391,600,753
01619500,02-02,79,100,161,269,392,569,782
01619500,02-03,79,98,158,277,430,627,747
01619500,02-04,79,109,169,275,465,608,823
01619500,02-05,78,115,163,283,438,602,781
01619500,02-06,80,115,169,281,433,637,723
01619500,02-07,91,118,166,288,443,670,1080
01619500,02-08,89,120,169,300,437,604,757
01619500,02-09,87,119,168,280,433,590,671
01619500,02-10,99,116,167,268,411,617,684
01619500,02-11,101,115,178,277,408,585,660
01619500,02-12,98,116,184,267,398,599,671
01619500,02-13,96,119,181,260,416,586,808
01619500,02-14,96,122,186,272,435,653,805
01619500,02-15,107,131,186,298,427,584,703
01619500,02-16,106,124,187,284,415,641,683
01619500,02-17,114,138,182,290,420,574,692
01619500,02-18,110,137,188,282,425,542,723
01619500,02-19,110,131,189,289,438,615,704
01619500,02-20,100,140,211,289,462,663,728
01619500,02-21,103,139,207,297,464,715,833
01619500,02-22,105,147,208,303,447,750,1010
01619500,02-23,114,142,209,305,456,730,1000
01619500,02-24,118,138,207,302,464,895,1320
01619500,02-25,116,141,209,300,481,894,1170
01619500,02-26,116,145,215,321,492,904,1160
01619500,02-27,114,137,215,320,482,875,1010
01619500,02-28,109,134,218,310,549,823,1060
01619500,02-29,107,160,231,302,521,944,1050
01619500,03-01,110,151,221,312,531,794,1080
01619500,03-02,118,160,218,322,551,737,979
01619500,03-03,116,163,225,329,545,731,884
01619500,03-04,122,161,248,351,536,699,885
01619500,03-05,135,163,254,365,543,946,1160
01619500,03-06,137,175,257,381,528,837,1120
01619500,03-07,146,181,258,386,522,837,1030
01619500,03-08,148,181,249,396,522,766,893
01619500,03-09,147,183,239,385,519,733,918
01619500,03-10,138,172,241,372,491,775,919
01619500,03-11,134,163,240,369,502,796,975
01619500,03-12,131,166,252,379,544,782,955
01619500,03-13,129,176,266,391,557,732,1050
01619500,03-14,130,186,263,390,577,760,1030
01619500,03-15,128,184,266,378,586,817,1280
01619500,03-16,122,182,264,378,568,758,1060
01619500,03-17,135,176,269,386,560,792,876
01619500,03-18,150,195,269,378,561,784,958
01619500,03-19,150,200,266,390,558,782,903
01619500,03-20,152,207,265,379,599,839,1020
01619500,03-21,147,210,269,397,569,851,1250
01619500,03-22,145,203,275,393,597,1100,1360
01619500,03-23,139,195,269,425,616,953,1270
01619500,03-24,137,192,275,411,667,921,1160
01619500,03-25,152,193,284,401,606,785,1070
01619500,03-26,151,198,285,398,590,788,1040
01619500,03-27,163,198,270,391,566,759,1070
01619500,03-28,178,196,298,387,550,842,1040
01619500,03-29,180,194,307,387,559,865,1080
01619500,03-30,181,195,295,392,546,876,1110
01619500,03-31,172,196,302,409,595,800,1140
01619500,04-01,171,199,314,416,579,810,975
01619500,04-02,169,207,309,423,600,842,1140
01619500,04-03,168,215,305,411,572,839,1220
01619500,04-04,162,213,302,393,605,928,1110
01619500,04-05,159,202,301,393,588,946,1330
01619500,04-06,160,200,302,389,572,947,1080
01619500,04-07,171,202,299,397,562,832,1040
01619500,04-08,170,203,295,386,578,768,902
01619500,04-09,162,203,286,388,575,777,846
01619500,04-10,152,200,278,385,593,773,941
01619500,04-11,162,195,284,378,546,723,873
01619500,04-12,159,198,285,402,538,716,804
01619500,04-13,163,200,287,392,587,765,840
01619500,04-14,157,196,276,387,578,746,926
01619500,04-15,155,192,272,389,552,875,944
01619500,04-16,152,193,278,386,574,971,1300
01619500,04-17,166,194,267,381,555,901,1140
01619500,04-18,162,193,261,363,530,793,991
01619500,04-19,158,185,259,374,531,736,876
01619500,04-20,156,182,257,377,504,740,1050
01619500,04-21,154,176,261,381,522,739,1040
01619500,04-22,168,206,272,372,505,751,913
01619500,04-23,165,199,273,367,511,705,876
01619500,04-24,167,194,270,366,498,682,871
01619500,04-25,161,191,269,365,481,669,795
01619500,04-26,163,190,261,359,483,745,1120
01619500,04-27,165,185,262,346,496,723,1270
01619500,04-28,162,187,260,345,505,669,1150
01619500,04-29,163,186,255,338,462,720,968
01619500,04-30,165,176,251,334,513,723,964
01619500,05-01,160,192,255,338,498,728,1020
01619500,05-02,157,190,267,341,459,702,870
01619500,05-03,153,187,273,346,499,658,795
01619500,05-04,155,190,270,344,495,721,831
01619500,05-05,165,199,259,329,460,693,838
01619500,05-06,157,203,257,344,508,709,777
01619500,05-07,156,200,253,344,527,692,968
01619500,05-08,151,193,252,342,522,719,861
01619500,05-09,163,191,251,330,493,685,944
01619500,05-10,164,203,247,331,493,664,859
01619500,05-11,164,197,241,329,492,690,775
01619500,05-12,146,195,243,334,469,697,1010
01619500,05-13,143,188,239,335,459,669,844
01619500,05-14,161,194,234,344,481,670,1120
01619500,05-15,161,189,240,320,462,657,977
01619500,05-16,154,188,234,310,500,725,996
01619500,05-17,149,186,234,305,495,675,996
01619500,05-18,150,190,236,302,473,725,886
01619500,05-19,165,183,233,295,477,743,1040
01619500,05-20,160,179,230,300,436,728,894
01619500,05-21,159,178,221,303,452,703,825
01619500,05-22,155,177,227,300,439,700,821
01619500,05-23,154,187,225,310,443,628,747
01619500,05-24,150,187,236,320,435,646,703
01619500,05-25,147,177,226,310,445,589,632
01619500,05-26,145,176,223,305,434,550,627
01619500,05-27,144,164,220,293,422,549,646
01619500,05-28,144,166,216,289,412,554,634
01619500,05-29,139,164,219,293,433,542,710
01619500,05-30,137,162,213,286,409,540,712
01619500,05-31,141,159,208,275,423,571,785
01619500,06-01,136,151,208,258,413,560,750
01619500,06-02,135,162,209,270,406,537,737
01619500,06-03,147,181,211,273,391,526,616
01619500,06-04,137,169,205,271,399,496,719
01619500,06-05,125,152,199,275,389,503,641
01619500,06-06,119,148,201,263,382,448,528
01619500,06-07,123,145,202,265,368,446,602
01619500,06-08,118,161,201,266,357,428,571
01619500,06-09,118,161,193,269,344,420,481
01619500,06-10,117,161,195,251,339,410,478
01619500,06-11,117,151,192,252,328,409,539
01619500,06-12,116,152,191,249,325,429,699
01619500,06-13,115,149,185,252,323,492,666
01619500,06-14,130,152,184,251,306,516,703
01619500,06-15,124,150,184,238,299,502,630
01619500,06-16,119,141,180,236,321,434,565
01619500,06-17,124,142,179,236,313,467,556
01619500,06-18,116,143,177,232,319,424,546
01619500,06-19,111,142,177,226,329,481,728
01619500,06-20,114,141,175,233,316,463,564
01619500,06-21,110,135,170,227,320,455,729
01619500,06-22,114,130,165,229,364,515,620
01619500,06-23,119,131,161,231,325,461,568
01619500,06-24,116,134,163,223,301,449,574
01619500,06-25,114,134,164,217,281,402,443
01619500,06-26,111,130,164,213,298,406,683
01619500,06-27,108,128,159,218,292,410,686
01619500,06-28,112,128,155,210,319,410,661
01619500,06-29,114,128,153,218,292,401,588
01619500,06-30,106,122,148,215,291,392,571
01619500,07-01,97,119,148,206,287,353,545
01619500,07-02,104,129,148,205,268,356,624
01619500,07-03,103,126,145,203,283,394,550
01619500,07-04,104,117,146,203,261,371,507
01619500,07-05,103,115,145,201,258,396,476
01619500,07-06,104,118,151,195,249,364,463
01619500,07-07,103,117,148,193,256,344,462
01619500,07-08,103,112,146,187,262,349,449
01619500,07-09,101,116,145,186,246,385,534
01619500,07-10,98,114,149,188,259,358,482
01619500,07-11,97,119,149,184,252,348,445
01619500,07-12,104,120,144,191,246,327,486
01619500,07-13,102,118,143,184,259,350,428
01619500,07-14,101,121,142,180,255,336,426
01619500,07-15,101,118,142,175,250,345,444
01619500,07-16,98,116,138,176,246,335,428
01619500,07-17,92,109,136,174,250,331,405
01619500,07-18,83,106,135,175,241,307,373
01619500,07-19,85,107,132,174,228,306,356
01619500,07-20,92,111,129,173,236,304,408
01619500,07-21,93,110,132,175,233,292,450
01619500,07-22,100,109,127,170,229,315,451
01619500,07-23,96,107,133,168,238,346,555
01619500,07-24,96,103,134,180,238,331,418
01619500,07-25,93,101,133,176,212,332,486
01619500,07-26,90,99,131,164,209,309,419
01619500,07-27,91,104,133,169,215,296,420
01619500,07-28,89,99,131,166,222,294,393
01619500,07-29,87,98,132,170,219,298,363
01619500,07-30,85,103,133,173,203,284,363
01619500,07-31,85,106,124,160,205,274,435
01619500,08-01,84,102,129,160,216,266,379
01619500,08-02,85,99,123,155,209,288,357
01619500,08-03,86,97,122,153,202,249,323
01619500,08-04,80,98,119,164,209,333,377
01619500,08-05,80,94,126,158,196,287,353
01619500,08-06,84,99,121,159,202,267,298
01619500,08-07,83,98,121,156,202,264,290
01619500,08-08,76,97,123,155,200,268,338
01619500,08-09,84,101,123,154,190,255,370
01619500,08-10,88,98,121,153,189,266,353
01619500,08-11,85,97,121,156,205,290,417
01619500,08-12,84,95,120,153,208,256,401
01619500,08-13,82,91,117,150,193,280,654
01619500,08-14,82,94,115,151,190,253,735
01619500,08-15,80,94,114,151,180,258,396
01619500,08-16,83,94,114,148,180,255,331
01619500,08-17,79,94,115,147,180,243,489
01619500,08-18,76,92,122,149,175,299,542
01619500,08-19,77,90,122,145,176,280,469
01619500,08-20,79,94,121,148,204,264,475
01619500,08-21,79,93,122,146,190,298,455
01619500,08-22,87,93,115,147,189,256,435
01619500,08-23,83,92,112,140,177,246,429
01619500,08-24,80,91,114,138,173,264,447
01619500,08-25,80,88,114,136,172,255,385
01619500,08-26,82,88,112,133,180,312,369
01619500,08-27,78,88,110,133,174,308,354
01619500,08-28,78,84,109,133,190,250,325
01619500,08-29,80,85,111,133,173,241,322
01619500,08-30,78,87,110,132,169,229,310
01619500,08-31,76,88,106,139,165,257,338
01619500,09-01,74,86,110,135,172,285,374
01619500,09-02,71,86,108,136,185,279,461
01619500,09-03,71,84,110,135,184,278,378
01619500,09-04,72,86,110,135,181,257,351
01619500,09-05,69,86,112,133,174,245,306
01619500,09-06,70,84,111,132,177,256,338
01619500,09-07,70,81,108,130,177,270,412
01619500,09-08,72,83,104,130,178,237,412
01619500,09-09,71,81,102,127,166,258,383
01619500,09-10,73,81,103,133,169,244,337
01619500,09-11,73,82,104,133,173,242,432
01619500,09-12,72,85,102,128,170,232,317
01619500,09-13,77,83,103,131,170,221,296
01619500,09-14,78,85,102,130,175,265,374
01619500,09-15,75,84,103,125,161,250,421
01619500,09-16,75,83,102,131,179,287,474
01619500,09-17,75,83,105,128,165,254,344
01619500,09-18,75,85,105,124,172,281,494
01619500,09-19,75,86,100,123,175,280,799
01619500,09-20,71,90,102,125,160,252,357
01619500,09-21,75,89,101,126,172,279,394
01619500,09-22,71,89,99,127,183,254,500
01619500,09-23,80,88,100,126,173,284,737
01619500,09-24,79,86,102,123,168,242,666
01619500,09-25,74,80,101,121,165,238,651
01619500,09-26,74,82,101,120,162,235,554
01619500,09-27,73,87,100,120,172,261,453
01619500,09-28,73,88,101,129,193,325,612
01619500,09-29,78,87,102,133,188,269,673
01619500,09-30,79,89,101,131,184,295,600
01619500,10-01,81,86,99,134,183,389,574
01619500,10-02,80,87,102,130,187,348,551
01619500,10-03,79,84,100,128,186,310,539
01619500,10-04,73,82,100,126,174,272,524
01619500,10-05,72,82,98,119,164,286,480
01619500,10-06,77,84,97,120,164,283,477
01619500,10-07,77,85,100,122,165,258,436
01619500,10-08,81,88,99,121,171,250,490
01619500,10-09,77,84,98,122,168,251,556
01619500,10-10,75,84,94,124,171,234,546
01619500,10-11,75,80,94,121,162,236,657
01619500,10-12,74,80,95,120,168,229,664
01619500,10-13,73,81,95,120,165,248,606
01619500,10-14,72,83,95,120,161,318,580
01619500,10-15,73,87,98,128,164,413,651
01619500,10-16,75,83,99,131,157,407,599
01619500,10-17,73,84,96,126,184,286,515
01619500,10-18,71,83,96,126,172,308,525
01619500,10-19,75,84,96,126,174,338,516
01619500,10-20,74,84,99,128,175,366,504
01619500,10-21,73,88,103,126,173,331,489
01619500,10-22,76,86,104,122,172,302,449
01619500,10-23,78,86,102,126,172,371,542
01619500,10-24,80,87,100,130,168,359,582
01619500,10-25,78,85,99,131,175,339,554
01619500,10-26,75,81,97,132,175,389,609
01619500,10-27,74,82,99,133,177,381,513
01619500,10-28,74,82,99,131,181,401,552
01619500,10-29,72,84,106,132,183,400,621
01619500,10-30,78,83,105,129,189,464,612
01619500,10-31,75,83,104,130,185,391,534
01619500,11-01,75,83,101,130,195,413,597
01619500,11-02,75,86,100,130,199,425,592
01619500,11-03,76,85,101,131,194,442,620
01619500,11-04,78,86,101,137,194,411,530
01619500,11-05,77,88,103,138,201,415,526
01619500,11-06,77,88,102,137,202,428,510
01619500,11-07,81,88,105,135,192,418,489
01619500,11-08,77,86,107,134,205,394,521
01619500,11-09,78,86,103,134,204,349,496
01619500,11-10,76,88,103,134,201,388,533
01619500,11-11,76,87,102,137,207,415,515
01619500,11-12,75,86,104,144,223,404,544
01619500,11-13,74,85,103,139,210,424,605
01619500,11-14,77,85,105,136,193,405,543
01619500,11-15,77,85,105,140,197,394,490
01619500,11-16,77,84,102,139,193,381,468
01619500,11-17,80,86,101,136,203,361,480
01619500,11-18,78,83,101,134,196,365,432
01619500,11-19,78,86,101,139,207,368,501
01619500,11-20,80,85,108,145,225,365,557
01619500,11-21,76,84,108,143,241,356,536
01619500,11-22,73,85,107,144,241,356,523
01619500,11-23,73,87,106,142,234,371,573
01619500,11-24,74,87,108,140,229,355,536
01619500,11-25,82,91,108,138,245,370,638
01619500,11-26,78,91,109,143,236,385,602
01619500,11-27,84,89,107,146,230,438,635
01619500,11-28,83,90,108,147,262,470,564
01619500,11-29,81,90,112,153,262,474,812
01619500,11-30,80,90,110,160,268,478,688
01619500,12-01,77,90,114,160,270,473,572
01619500,12-02,72,89,112,162,279,473,678
01619500,12-03,75,86,112,166,286,443,564
01619500,12-04,78,87,115,165,285,471,524
01619500,12-05,78,87,114,169,290,455,554
01619500,12-06,77,86,112,164,279,484,735
01619500,12-07,83,88,112,171,339,509,779
01619500,12-08,83,88,114,164,302,532,786
01619500,12-09,84,90,117,162,303,461,889
01619500,12-10,82,90,117,164,338,612,718
01619500,12-11,80,89,118,178,324,633,814
01619500,12-12,80,94,116,189,345,614,802
01619500,12-13,78,99,124,186,336,551,762
01619500,12-14,77,94,124,199,323,580,727
01619500,12-15,78,90,121,194,330,555,801
01619500,12-16,75,85,126,191,354,557,727
01619500,12-17,75,85,119,207,362,523,727
01619500,12-18,77,87,121,203,354,498,672
01619500,12-19,75,91,122,203,345,475,781
01619500,12-20,74,89,124,198,337,468,666
01619500,12-21,75,88,122,194,340,470,693
01619500,12-22,73,89,121,187,332,463,702
01619500,12-23,70,89,122,186,334,520,710
01619500,12-24,74,88,127,193,327,533,702
01619500,12-25,72,90,122,209,352,552,714
01619500,12-26,74,89,119,207,344,582,745
01619500,12-27,81,92,123,218,357,546,760
01619500,12-28,79,95,125,201,349,559,676
01619500,12-29,80,95,117,208,354,531,660
01619500,12-30,72,90,117,209,329,560,675
01619500,12-31,68,85,119,224,320,557,689
