SiteCode,MonthDay,p05,p10,p25,p50,p75,p90,p95
01439500,01-01,54.0,93.0,130.0,200,356.0,512.0,638.0
01439500,01-02,54.0,92.0,130.0,200,343.0,525.0,749.0
01439500,01-03,54.0,83.0,130.0,200,366.0,526.0,703.0
01439500,01-04,60.0,86.0,130.0,220,375.0,523.0,649.0
01439500,01-05,63.0,74.0,120.0,220,334.0,542.0,644.0
01439500,01-06,68.0,86.0,125.0,210,349.0,549.0,607.0
01439500,01-07,71.0,88.0,125.0,199,360.0,525.0,725.0
01439500,01-08,68.0,82.0,120.0,184,329.0,580.0,721.0
01439500,01-09,69.0,85.0,121.0,188,335.0,547.0,710.0
01439500,01-10,72.0,83.0,124.0,182,353.0,581.0,697.0
01439500,01-11,70.0,90.0,120.0,189,362.0,582.0,646.0
01439500,01-12,70.0,88.0,125.0,200,320.0,526.0,651.0
01439500,01-13,68.0,80.0,119.0,198,324.0,523.0,790.0
01439500,01-14,63.0,80.0,115.0,190,316.0,503.0,736.0
01439500,01-15,60.0,80.0,122.0,187,336.0,505.0,659.0
01439500,01-16,60.0,80.0,118.0,180,327.0,491.0,595.0
01439500,01-17,58.0,80.0,117.0,180,314.0,425.0,532.0
01439500,01-18,60.0,84.0,120.0,181,286.0,407.0,652.0
01439500,01-19,60.0,84.0,120.0,190,293.0,433.0,574.0
01439500,01-20,60.0,87.0,120.0,191,295.0,452.0,568.0
01439500,01-21,66.0,92.0,127.0,191,292.0,452.0,606.0
01439500,01-22,64.0,87.0,140.0,197,299.0,462.0,605.0
01439500,01-23,62.0,88.0,140.0,204,310.0,481.0,704.0
01439500,01-24,61.0,84.0,132.0,214,340.0,592.0,857.0
01439500,01-25,64.0,84.0,127.0,213,348.0,617.0,1170.0
01439500,01-26,60.0,86.0,127.0,210,360.0,818.0,1100.0
01439500,01-27,60.0,89.0,129.0,196,390.0,686.0,1080.0
01439500,01-28,66.0,86.0,129.0,201,361.0,647.0,1030.0
01439500,01-29,64.0,83.0,128.0,190,363.0,594.0,867.0
01439500,01-30,58.0,83.0,130.0,189,352.0,554.0,693.0
01439500,01-31,56.0,82.0,125.0,201,337.0,541.0,626.0
01439500,02-01,56.0,79.0,126.0,193,329.0,526.0,630.0
01439500,02-02,57.0,76.0,130.0,201,348.0,481.0,616.0
01439500,02-03,56.0,70.0,127.0,214,354.0,542.0,681.0
01439500,02-04,54.0,70.0,133.0,220,342.0,560.0,832.0
01439500,02-05,55.0,70.0,119.0,200,319.0,476.0,925.0
01439500,02-06,56.0,70.0,124.0,200,307.0,427.0,779.0
01439500,02-07,55.0,79.0,127.0,205,320.0,527.0,659.0
01439500,02-08,56.0,78.0,116.0,198,313.0,494.0,578.0
01439500,02-09,60.0,76.0,115.0,192,282.0,431.0,500.0
01439500,02-10,62.0,73.0,120.0,192,280.0,386.0,471.0
01439500,02-11,65.0,76.0,124.0,190,286.0,415.0,591.0
01439500,02-12,66.0,78.0,127.0,181,270.0,428.0,557.0
01439500,02-13,66.0,80.0,130.0,183,294.0,480.0,655.0
01439500,02-14,70.0,85.0,120.0,190,281.0,471.0,704.0
01439500,02-15,70.0,90.0,135.0,200,316.0,476.0,599.0
01439500,02-16,68.0,90.0,130.0,195,323.0,475.0,610.0
01439500,02-17,66.0,92.0,134.0,200,322.0,447.0,618.0
01439500,02-18,64.0,90.0,141.0,206,314.0,476.0,618.0
01439500,02-19,64.0,82.0,140.0,210,306.0,476.0,644.0
01439500,02-20,70.0,84.0,134.0,225,340.0,480.0,651.0
01439500,02-21,70.0,90.0,134.0,220,344.0,558.0,752.0
01439500,02-22,70.0,91.0,135.0,220,360.0,647.0,802.0
01439500,02-23,78.0,87.0,140.0,220,385.0,627.0,782.0
01439500,02-24,73.0,92.0,150.0,242,434.0,642.0,742.0
01439500,02-25,74.0,97.0,149.0,228,455.0,698.0,1170.0
01439500,02-26,74.0,90.0,154.0,237,421.0,793.0,1320.0
01439500,02-27,75.0,87.0,154.0,245,425.0,689.0,933.0
01439500,02-28,73.0,95.0,150.0,260,413.0,707.0,825.0
01439500,02-29,55.0,60.0,133.0,239,388.0,576.0,758.0
01439500,03-01,66.0,101.0,165.0,273,389.0,669.0,844.0
01439500,03-02,70.0,109.0,168.0,265,400.0,640.0,748.0
01439500,03-03,78.0,109.0,169.0,261,397.0,601.0,741.0
01439500,03-04,74.0,110.0,170.0,269,461.0,618.0,760.0
01439500,03-05,97.0,120.0,181.0,268,454.0,625.0,800.0
01439500,03-06,98.0,135.0,181.0,266,440.0,683.0,903.0
01439500,03-07,99.0,130.0,189.0,265,459.0,664.0,986.0
01439500,03-08,96.0,133.0,197.0,297,451.0,694.0,906.0
01439500,03-09,100.0,130.0,190.0,314,447.0,804.0,1040.0
01439500,03-10,113.0,132.0,180.0,306,440.0,818.0,1310.0
01439500,03-11,114.0,150.0,179.0,310,457.0,852.0,1160.0
01439500,03-12,110.0,136.0,200.0,322,503.0,780.0,991.0
01439500,03-13,105.0,140.0,210.0,321,562.0,786.0,980.0
01439500,03-14,101.0,146.0,225.0,355,577.0,797.0,1000.0
01439500,03-15,105.0,143.0,218.0,368,550.0,917.0,1190.0
01439500,03-16,110.0,141.0,225.0,364,527.0,850.0,1050.0
01439500,03-17,111.0,149.0,238.0,395,575.0,866.0,1080.0
01439500,03-18,120.0,150.0,233.0,382,602.0,810.0,1080.0
01439500,03-19,133.0,152.0,245.0,362,567.0,791.0,941.0
01439500,03-20,135.0,155.0,252.0,373,553.0,780.0,914.0
01439500,03-21,133.0,153.0,256.0,386,535.0,748.0,1010.0
01439500,03-22,124.0,169.0,250.0,388,611.0,836.0,971.0
01439500,03-23,130.0,176.0,243.0,386,580.0,912.0,1210.0
01439500,03-24,145.0,199.0,253.0,373,565.0,891.0,1130.0
01439500,03-25,138.0,192.0,267.0,406,585.0,861.0,1060.0
01439500,03-26,125.0,192.0,285.0,419,580.0,806.0,1050.0
01439500,03-27,130.0,191.0,289.0,398,557.0,845.0,959.0
01439500,03-28,153.0,186.0,299.0,401,589.0,888.0,1340.0
01439500,03-29,149.0,189.0,295.0,396,584.0,901.0,1430.0
01439500,03-30,137.0,191.0,283.0,381,602.0,914.0,1280.0
01439500,03-31,134.0,210.0,295.0,381,609.0,1100.0,1310.0
01439500,04-01,151.0,200.0,291.0,405,634.0,1030.0,1260.0
01439500,04-02,154.0,196.0,291.0,412,647.0,989.0,1250.0
01439500,04-03,140.0,185.0,274.0,428,667.0,928.0,1170.0
01439500,04-04,136.0,178.0,265.0,403,633.0,981.0,1380.0
01439500,04-05,137.0,169.0,253.0,434,648.0,1110.0,1300.0
01439500,04-06,160.0,175.0,240.0,424,659.0,1080.0,1380.0
01439500,04-07,151.0,180.0,241.0,417,655.0,1070.0,1260.0
01439500,04-08,155.0,178.0,230.0,400,621.0,932.0,1140.0
01439500,04-09,147.0,177.0,231.0,399,575.0,831.0,942.0
01439500,04-10,143.0,168.0,230.0,384,562.0,789.0,957.0
01439500,04-11,139.0,162.0,225.0,358,515.0,733.0,953.0
01439500,04-12,141.0,156.0,226.0,375,535.0,688.0,860.0
01439500,04-13,138.0,154.0,233.0,374,526.0,706.0,783.0
01439500,04-14,130.0,147.0,252.0,348,521.0,663.0,824.0
01439500,04-15,136.0,145.0,243.0,350,506.0,693.0,890.0
01439500,04-16,136.0,167.0,244.0,342,488.0,754.0,948.0
01439500,04-17,128.0,166.0,236.0,336,527.0,848.0,1150.0
01439500,04-18,122.0,163.0,221.0,332,524.0,737.0,1100.0
01439500,04-19,120.0,156.0,211.0,324,480.0,728.0,923.0
01439500,04-20,114.0,159.0,207.0,332,501.0,753.0,821.0
01439500,04-21,107.0,149.0,209.0,323,491.0,654.0,720.0
01439500,04-22,130.0,151.0,205.0,304,491.0,603.0,702.0
01439500,04-23,128.0,163.0,206.0,317,477.0,626.0,725.0
01439500,04-24,130.0,161.0,214.0,311,459.0,630.0,782.0
01439500,04-25,128.0,154.0,212.0,296,455.0,626.0,706.0
01439500,04-26,126.0,170.0,209.0,294,435.0,566.0,732.0
01439500,04-27,115.0,166.0,201.0,295,433.0,557.0,785.0
01439500,04-28,131.0,157.0,202.0,311,427.0,603.0,781.0
01439500,04-29,129.0,153.0,200.0,294,424.0,610.0,731.0
01439500,04-30,132.0,148.0,188.0,287,405.0,597.0,807.0
01439500,05-01,134.0,147.0,200.0,276,402.0,673.0,824.0
01439500,05-02,133.0,150.0,199.0,276,393.0,588.0,789.0
01439500,05-03,130.0,152.0,196.0,273,366.0,556.0,724.0
01439500,05-04,121.0,151.0,201.0,264,398.0,581.0,676.0
01439500,05-05,118.0,149.0,200.0,261,383.0,571.0,689.0
01439500,05-06,128.0,152.0,195.0,260,382.0,525.0,702.0
01439500,05-07,126.0,146.0,195.0,253,395.0,521.0,703.0
01439500,05-08,127.0,138.0,192.0,243,384.0,499.0,674.0
01439500,05-09,121.0,135.0,191.0,254,367.0,493.0,579.0
01439500,05-10,120.0,135.0,183.0,257,357.0,490.0,556.0
01439500,05-11,115.0,133.0,185.0,247,339.0,577.0,781.0
01439500,05-12,113.0,128.0,178.0,241,372.0,618.0,840.0
01439500,05-13,111.0,126.0,173.0,234,385.0,624.0,972.0
01439500,05-14,106.0,124.0,175.0,228,405.0,606.0,891.0
01439500,05-15,104.0,124.0,172.0,235,408.0,568.0,805.0
01439500,05-16,105.0,118.0,162.0,239,398.0,582.0,762.0
01439500,05-17,101.0,114.0,159.0,248,428.0,568.0,978.0
01439500,05-18,96.0,111.0,160.0,236,405.0,608.0,867.0
01439500,05-19,92.0,114.0,165.0,238,374.0,608.0,842.0
01439500,05-20,92.0,113.0,162.0,245,359.0,571.0,713.0
01439500,05-21,94.0,111.0,160.0,246,384.0,546.0,636.0
01439500,05-22,102.0,107.0,157.0,245,393.0,541.0,637.0
01439500,05-23,93.0,118.0,152.0,244,367.0,500.0,694.0
01439500,05-24,96.0,110.0,162.0,246,357.0,554.0,734.0
01439500,05-25,94.0,105.0,156.0,241,356.0,533.0,739.0
01439500,05-26,89.0,105.0,152.0,233,331.0,502.0,661.0
01439500,05-27,84.0,100.0,149.0,221,332.0,455.0,657.0
01439500,05-28,82.0,99.0,148.0,215,311.0,459.0,589.0
01439500,05-29,80.0,94.0,149.0,220,332.0,487.0,844.0
01439500,05-30,74.0,91.0,143.0,213,314.0,535.0,703.0
01439500,05-31,73.0,89.0,134.0,208,325.0,512.0,745.0
01439500,06-01,76.0,97.0,126.0,192,303.0,545.0,823.0
01439500,06-02,82.0,94.0,136.0,190,334.0,467.0,931.0
01439500,06-03,76.0,91.0,133.0,186,323.0,435.0,743.0
01439500,06-04,73.0,93.0,131.0,167,299.0,477.0,641.0
01439500,06-05,76.0,84.0,121.0,162,291.0,468.0,571.0
01439500,06-06,73.0,82.0,114.0,163,281.0,445.0,564.0
01439500,06-07,68.0,83.0,110.0,165,289.0,489.0,644.0
01439500,06-08,62.0,76.0,104.0,163,277.0,493.0,595.0
01439500,06-09,61.0,70.0,100.0,162,281.0,404.0,513.0
01439500,06-10,55.0,68.0,99.0,160,282.0,377.0,500.0
01439500,06-11,58.0,62.0,97.0,156,265.0,346.0,438.0
01439500,06-12,55.0,70.0,97.0,147,242.0,350.0,477.0
01439500,06-13,59.0,72.0,96.0,146,247.0,374.0,528.0
01439500,06-14,57.0,68.0,92.0,140,232.0,399.0,507.0
01439500,06-15,52.0,66.0,89.0,139,236.0,377.0,519.0
01439500,06-16,52.0,62.0,87.0,132,226.0,360.0,471.0
01439500,06-17,53.0,62.0,80.0,124,240.0,370.0,506.0
01439500,06-18,50.0,58.0,75.0,130,257.0,356.0,444.0
01439500,06-19,47.0,52.0,78.0,140,246.0,365.0,526.0
01439500,06-20,47.0,51.0,70.0,132,227.0,359.0,502.0
01439500,06-21,44.0,49.0,68.0,126,214.0,341.0,616.0
01439500,06-22,41.0,46.0,63.0,120,201.0,432.0,542.0
01439500,06-23,38.0,42.0,69.0,119,185.0,388.0,481.0
01439500,06-24,38.0,41.0,66.0,115,181.0,373.0,421.0
01439500,06-25,34.0,40.0,65.0,106,176.0,322.0,383.0
01439500,06-26,32.0,40.0,64.0,104,164.0,284.0,362.0
01439500,06-27,31.0,40.0,61.0,101,163.0,301.0,446.0
01439500,06-28,31.0,35.0,62.0,103,168.0,273.0,539.0
01439500,06-29,31.0,38.0,59.0,100,169.0,298.0,561.0
01439500,06-30,30.0,41.0,64.0,99,161.0,316.0,509.0
01439500,07-01,29.0,39.0,60.0,89,152.0,323.0,884.0
01439500,07-02,28.0,38.0,53.0,88,156.0,300.0,653.0
01439500,07-03,27.0,34.0,52.0,88,159.0,278.0,556.0
01439500,07-04,29.0,32.0,48.0,82,148.0,276.0,453.0
01439500,07-05,28.0,31.0,53.0,82,138.0,247.0,480.0
01439500,07-06,26.0,31.0,51.0,76,138.0,259.0,383.0
01439500,07-07,24.0,31.0,47.0,72,127.0,231.0,359.0
01439500,07-08,23.0,29.0,46.0,80,125.0,279.0,434.0
01439500,07-09,25.0,27.0,41.0,76,139.0,282.0,499.0
01439500,07-10,21.0,27.0,41.0,77,143.0,281.0,502.0
01439500,07-11,19.0,26.0,43.0,71,139.0,314.0,409.0
01439500,07-12,19.0,25.0,41.0,70,142.0,260.0,407.0
01439500,07-13,16.0,23.0,39.0,70,146.0,250.0,333.0
01439500,07-14,16.0,25.0,42.0,69,140.0,258.0,355.0
01439500,07-15,17.0,26.0,41.0,69,145.0,258.0,351.0
01439500,07-16,15.0,25.0,39.0,76,143.0,231.0,362.0
01439500,07-17,14.0,24.0,35.0,66,141.0,205.0,362.0
01439500,07-18,14.0,22.0,36.0,68,133.0,189.0,335.0
01439500,07-19,16.0,20.0,33.0,64,126.0,200.0,342.0
01439500,07-20,16.0,20.0,36.0,64,120.0,179.0,403.0
01439500,07-21,14.0,20.0,36.0,70,119.0,201.0,323.0
01439500,07-22,16.0,23.0,36.0,69,124.0,234.0,372.0
01439500,07-23,16.0,21.0,36.0,62,124.0,275.0,619.0
01439500,07-24,15.0,21.0,33.0,70,130.0,290.0,507.0
01439500,07-25,15.0,24.0,34.0,65,131.0,268.0,543.0
01439500,07-26,14.0,24.0,32.0,60,127.0,242.0,525.0
01439500,07-27,13.0,22.0,30.0,61,127.0,239.0,467.0
01439500,07-28,15.0,21.0,30.0,60,128.0,272.0,509.0
01439500,07-29,13.0,20.0,30.0,62,135.0,231.0,408.0
01439500,07-30,13.0,18.0,29.0,66,117.0,272.0,366.0
01439500,07-31,12.0,16.0,31.0,64,121.0,219.0,395.0
01439500,08-01,12.0,16.0,31.0,64,110.0,239.0,387.0
01439500,08-02,11.0,15.0,30.0,65,115.0,322.0,415.0
01439500,08-03,11.0,13.0,32.0,63,122.0,294.0,471.0
01439500,08-04,11.0,15.0,31.0,60,117.0,293.0,642.0
01439500,08-05,11.0,15.0,31.0,53,112.0,266.0,530.0
01439500,08-06,11.0,14.0,28.0,57,108.0,262.0,411.0
01439500,08-07,11.0,13.0,28.0,53,108.0,304.0,416.0
01439500,08-08,11.0,13.0,27.0,52,106.0,278.0,447.0
01439500,08-09,9.9,12.0,25.0,53,143.0,241.0,392.0
01439500,08-10,11.0,14.0,24.0,55,118.0,283.0,376.0
01439500,08-11,11.0,16.0,26.0,54,132.0,295.0,374.0
01439500,08-12,12.0,16.0,26.0,53,129.0,255.0,347.0
01439500,08-13,12.0,15.0,26.0,52,138.0,289.0,352.0
01439500,08-14,12.0,15.0,26.0,51,124.0,286.0,411.0
01439500,08-15,12.0,14.0,26.0,52,123.0,260.0,421.0
01439500,08-16,12.0,15.0,25.0,47,110.0,251.0,405.0
01439500,08-17,12.0,14.0,26.0,49,113.0,234.0,341.0
01439500,08-18,11.0,14.0,26.0,48,119.0,272.0,420.0
01439500,08-19,10.0,14.0,26.0,48,115.0,297.0,372.0
01439500,08-20,12.0,14.0,24.0,47,106.0,265.0,321.0
01439500,08-21,11.0,13.0,21.0,44,116.0,246.0,338.0
01439500,08-22,11.0,13.0,21.0,44,110.0,237.0,441.0
01439500,08-23,11.0,13.0,23.0,45,102.0,231.0,465.0
01439500,08-24,9.5,13.0,22.0,44,101.0,216.0,544.0
01439500,08-25,9.6,12.0,21.0,44,104.0,264.0,503.0
01439500,08-26,10.0,12.0,20.0,41,95.0,251.0,507.0
01439500,08-27,9.7,11.0,20.0,38,97.0,254.0,404.0
01439500,08-28,9.8,12.0,20.0,38,95.0,293.0,414.0
01439500,08-29,10.0,12.0,20.0,38,104.0,259.0,364.0
01439500,08-30,9.8,12.0,20.0,42,100.0,250.0,345.0
01439500,08-31,9.0,13.0,20.0,44,90.0,246.0,388.0
01439500,09-01,9.0,12.0,21.0,42,95.0,258.0,398.0
01439500,09-02,9.0,11.0,20.0,39,104.0,243.0,642.0
01439500,09-03,9.0,10.0,19.0,42,109.0,236.0,514.0
01439500,09-04,9.0,11.0,18.0,42,102.0,211.0,586.0
01439500,09-05,8.9,12.0,19.0,40,94.0,231.0,585.0
01439500,09-06,8.7,12.0,20.0,39,105.0,228.0,484.0
01439500,09-07,8.6,11.0,19.0,39,106.0,259.0,428.0
01439500,09-08,8.4,10.0,18.0,39,107.0,240.0,342.0
01439500,09-09,8.3,9.9,17.0,41,102.0,227.0,326.0
01439500,09-10,8.0,10.0,18.0,41,99.0,250.0,354.0
01439500,09-11,7.8,9.9,19.0,41,100.0,227.0,324.0
01439500,09-12,7.7,11.0,18.0,42,96.0,230.0,398.0
01439500,09-13,7.9,11.0,17.0,40,98.0,197.0,407.0
01439500,09-14,8.0,10.0,16.0,41,113.0,211.0,350.0
01439500,09-15,8.0,11.0,16.0,40,107.0,240.0,511.0
01439500,09-16,7.6,11.0,17.0,46,109.0,213.0,380.0
01439500,09-17,9.5,11.0,19.0,54,112.0,197.0,434.0
01439500,09-18,9.0,12.0,18.0,48,113.0,285.0,476.0
01439500,09-19,8.8,12.0,20.0,48,107.0,257.0,625.0
01439500,09-20,8.8,12.0,20.0,46,102.0,250.0,624.0
01439500,09-21,8.4,11.0,20.0,46,102.0,276.0,614.0
01439500,09-22,8.4,10.0,20.0,48,99.0,336.0,520.0
01439500,09-23,8.0,12.0,20.0,49,96.0,346.0,501.0
01439500,09-24,8.0,11.0,20.0,44,102.0,312.0,504.0
01439500,09-25,8.0,11.0,19.0,42,105.0,334.0,586.0
01439500,09-26,7.5,10.0,20.0,43,97.0,381.0,469.0
01439500,09-27,7.7,9.7,19.0,44,111.0,370.0,514.0
01439500,09-28,8.4,10.0,20.0,42,121.0,310.0,641.0
01439500,09-29,8.5,12.0,21.0,45,121.0,295.0,699.0
01439500,09-30,9.7,13.0,23.0,50,170.0,335.0,656.0
01439500,10-01,9.3,12.0,23.0,53,174.0,326.0,616.0
01439500,10-02,9.9,13.0,21.0,58,172.0,299.0,573.0
01439500,10-03,11.0,12.0,22.0,59,158.0,359.0,547.0
01439500,10-04,10.0,13.0,22.0,59,153.0,334.0,430.0
01439500,10-05,11.0,14.0,22.0,55,144.0,317.0,387.0
01439500,10-06,10.0,12.0,23.0,55,154.0,297.0,414.0
01439500,10-07,9.7,14.0,22.0,50,146.0,269.0,457.0
01439500,10-08,11.0,14.0,23.0,51,143.0,261.0,412.0
01439500,10-09,12.0,14.0,25.0,54,136.0,280.0,374.0
01439500,10-10,11.0,14.0,25.0,54,152.0,255.0,376.0
01439500,10-11,12.0,16.0,24.0,55,149.0,276.0,370.0
01439500,10-12,12.0,16.0,23.0,64,154.0,257.0,391.0
01439500,10-13,12.0,15.0,24.0,66,147.0,232.0,393.0
01439500,10-14,12.0,15.0,24.0,61,135.0,222.0,442.0
01439500,10-15,12.0,15.0,26.0,64,142.0,257.0,431.0
01439500,10-16,13.0,16.0,27.0,65,140.0,239.0,425.0
01439500,10-17,13.0,16.0,27.0,64,144.0,245.0,421.0
01439500,10-18,12.0,16.0,27.0,60,135.0,333.0,494.0
01439500,10-19,12.0,16.0,26.0,60,141.0,358.0,523.0
01439500,10-20,13.0,16.0,28.0,67,137.0,444.0,591.0
01439500,10-21,14.0,16.0,27.0,64,168.0,428.0,653.0
01439500,10-22,14.0,18.0,30.0,64,159.0,379.0,604.0
01439500,10-23,13.0,18.0,29.0,64,164.0,421.0,615.0
01439500,10-24,12.0,17.0,28.0,85,169.0,394.0,609.0
01439500,10-25,12.0,16.0,29.0,103,221.0,464.0,627.0
01439500,10-26,14.0,18.0,32.0,106,233.0,488.0,598.0
01439500,10-27,12.0,17.0,34.0,106,240.0,456.0,571.0
01439500,10-28,14.0,18.0,31.0,102,266.0,478.0,674.0
01439500,10-29,16.0,19.0,38.0,98,249.0,431.0,630.0
01439500,10-30,16.0,21.0,43.0,117,263.0,482.0,677.0
01439500,10-31,16.0,24.0,42.0,122,246.0,447.0,639.0
01439500,11-01,16.0,24.0,39.0,121,248.0,443.0,662.0
01439500,11-02,16.0,23.0,41.0,123,268.0,387.0,624.0
01439500,11-03,16.0,23.0,48.0,133,294.0,477.0,637.0
01439500,11-04,17.0,28.0,45.0,126,272.0,428.0,556.0
01439500,11-05,17.0,29.0,48.0,133,251.0,381.0,563.0
01439500,11-06,17.0,28.0,51.0,138,242.0,360.0,526.0
01439500,11-07,18.0,27.0,58.0,126,229.0,333.0,500.0
01439500,11-08,16.0,26.0,62.0,135,223.0,382.0,507.0
01439500,11-09,16.0,26.0,61.0,141,233.0,401.0,793.0
01439500,11-10,20.0,27.0,66.0,132,231.0,477.0,788.0
01439500,11-11,20.0,30.0,62.0,139,226.0,471.0,742.0
01439500,11-12,23.0,29.0,59.0,143,225.0,500.0,725.0
01439500,11-13,22.0,27.0,57.0,137,295.0,525.0,714.0
01439500,11-14,21.0,25.0,61.0,132,274.0,544.0,690.0
01439500,11-15,20.0,27.0,60.0,130,281.0,479.0,717.0
01439500,11-16,20.0,28.0,60.0,136,275.0,511.0,817.0
01439500,11-17,19.0,30.0,61.0,127,311.0,586.0,754.0
01439500,11-18,18.0,35.0,58.0,134,331.0,571.0,817.0
01439500,11-19,19.0,36.0,55.0,140,305.0,558.0,772.0
01439500,11-20,18.0,35.0,60.0,154,325.0,598.0,707.0
01439500,11-21,24.0,32.0,61.0,160,325.0,586.0,696.0
01439500,11-22,23.0,34.0,74.0,172,325.0,546.0,604.0
01439500,11-23,21.0,37.0,83.0,174,327.0,512.0,665.0
01439500,11-24,21.0,37.0,82.0,184,294.0,462.0,566.0
01439500,11-25,22.0,36.0,81.0,198,309.0,453.0,584.0
01439500,11-26,32.0,43.0,83.0,197,303.0,469.0,704.0
01439500,11-27,25.0,48.0,84.0,198,296.0,550.0,834.0
01439500,11-28,29.0,40.0,95.0,201,315.0,603.0,793.0
01439500,11-29,31.0,40.0,96.0,197,337.0,627.0,863.0
01439500,11-30,31.0,38.0,103.0,203,390.0,620.0,827.0
01439500,12-01,30.0,47.0,118.0,209,405.0,664.0,926.0
01439500,12-02,31.0,40.0,115.0,207,377.0,727.0,882.0
01439500,12-03,34.0,43.0,114.0,203,364.0,666.0,793.0
01439500,12-04,35.0,44.0,107.0,200,394.0,634.0,793.0
01439500,12-05,34.0,51.0,101.0,204,405.0,574.0,790.0
01439500,12-06,38.0,49.0,108.0,200,411.0,600.0,1040.0
01439500,12-07,37.0,48.0,115.0,207,438.0,580.0,877.0
01439500,12-08,39.0,53.0,116.0,204,388.0,583.0,1010.0
01439500,12-09,35.0,48.0,112.0,195,360.0,551.0,966.0
01439500,12-10,36.0,50.0,109.0,217,350.0,594.0,879.0
01439500,12-11,38.0,52.0,117.0,223,339.0,712.0,873.0
01439500,12-12,36.0,54.0,110.0,220,385.0,655.0,845.0
01439500,12-13,37.0,56.0,105.0,205,348.0,666.0,754.0
01439500,12-14,47.0,58.0,125.0,205,359.0,597.0,851.0
01439500,12-15,43.0,60.0,121.0,211,373.0,577.0,807.0
01439500,12-16,36.0,59.0,119.0,198,362.0,556.0,666.0
01439500,12-17,39.0,62.0,118.0,200,372.0,592.0,694.0
01439500,12-18,39.0,62.0,119.0,201,340.0,553.0,735.0
01439500,12-19,44.0,62.0,130.0,216,344.0,497.0,603.0
01439500,12-20,48.0,62.0,115.0,208,324.0,487.0,554.0
01439500,12-21,52.0,71.0,119.0,203,343.0,508.0,681.0
01439500,12-22,52.0,70.0,125.0,207,317.0,497.0,873.0
01439500,12-23,52.0,74.0,122.0,213,333.0,521.0,748.0
01439500,12-24,48.0,72.0,128.0,221,356.0,565.0,850.0
01439500,12-25,48.0,75.0,127.0,219,362.0,638.0,738.0
01439500,12-26,49.0,79.0,124.0,203,358.0,604.0,687.0
01439500,12-27,57.0,80.0,124.0,210,356.0,538.0,642.0
01439500,12-28,56.0,80.0,128.0,208,330.0,497.0,696.0
01439500,12-29,57.0,74.0,127.0,211,339.0,529.0,686.0
01439500,12-30,52.0,73.0,127.0,200,358.0,601.0,687.0
01439500,12-31,50.0,74.0,123.0,197,353.0,560.0,654.0
01442500,01-01,137.0,207.0,300.0,457,926.0,1210.0,1360.0
01442500,01-02,121.0,220.0,315.0,499,852.0,1140.0,1860.0
01442500,01-03,156.0,206.0,300.0,473,808.0,1220.0,2000.0
01442500,01-04,165.0,206.0,300.0,527,746.0,1360.0,1820.0
01442500,01-05,160.0,187.0,285.0,498,756.0,1560.0,1780.0
01442500,01-06,152.0,186.0,289.0,460,781.0,1340.0,1420.0
01442500,01-07,148.0,198.0,274.0,493,804.0,1120.0,1270.0
01442500,01-08,137.0,201.0,269.0,450,767.0,1070.0,1790.0
01442500,01-09,168.0,202.0,272.0,428,779.0,1270.0,1640.0
01442500,01-10,176.0,200.0,265.0,410,720.0,1340.0,2390.0
01442500,01-11,178.0,210.0,260.0,440,722.0,1180.0,2110.0
01442500,01-12,179.0,216.0,260.0,462,670.0,1200.0,1990.0
01442500,01-13,178.0,210.0,270.0,458,720.0,1100.0,1920.0
01442500,01-14,160.0,200.0,260.0,443,714.0,1380.0,1850.0
01442500,01-15,149.0,193.0,240.0,432,775.0,1170.0,1740.0
01442500,01-16,152.0,200.0,250.0,400,716.0,1150.0,1700.0
01442500,01-17,160.0,201.0,260.0,407,662.0,980.0,1250.0
01442500,01-18,177.0,203.0,270.0,390,632.0,961.0,1280.0
01442500,01-19,173.0,203.0,270.0,410,592.0,952.0,1240.0
01442500,01-20,154.0,200.0,269.0,410,711.0,1060.0,1490.0
01442500,01-21,173.0,192.0,270.0,422,651.0,976.0,1410.0
01442500,01-22,152.0,190.0,267.0,424,687.0,1060.0,2270.0
01442500,01-23,148.0,190.0,260.0,419,742.0,1500.0,1890.0
01442500,01-24,141.0,188.0,270.0,407,886.0,1640.0,3380.0
01442500,01-25,133.0,182.0,270.0,429,895.0,2560.0,3780.0
01442500,01-26,131.0,184.0,255.0,434,1070.0,2290.0,3600.0
01442500,01-27,127.0,180.0,257.0,400,1130.0,1920.0,3190.0
01442500,01-28,123.0,168.0,247.0,504,1210.0,1880.0,2560.0
01442500,01-29,124.0,178.0,250.0,450,1030.0,1480.0,2280.0
01442500,01-30,123.0,175.0,280.0,428,913.0,1380.0,1820.0
01442500,01-31,122.0,166.0,280.0,461,832.0,1240.0,1570.0
01442500,02-01,120.0,160.0,269.0,460,768.0,1130.0,1490.0
01442500,02-02,136.0,156.0,272.0,450,784.0,1300.0,1620.0
01442500,02-03,136.0,160.0,280.0,470,803.0,1310.0,2240.0
01442500,02-04,135.0,162.0,296.0,520,850.0,1660.0,2980.0
01442500,02-05,134.0,171.0,290.0,530,790.0,1320.0,2510.0
01442500,02-06,126.0,183.0,280.0,500,790.0,1140.0,1970.0
01442500,02-07,142.0,190.0,277.0,480,818.0,1260.0,1690.0
01442500,02-08,140.0,180.0,265.0,470,742.0,1270.0,1470.0
01442500,02-09,146.0,188.0,260.0,440,689.0,1110.0,1230.0
01442500,02-10,146.0,188.0,263.0,430,657.0,982.0,1210.0
01442500,02-11,159.0,201.0,270.0,460,640.0,1010.0,1680.0
01442500,02-12,167.0,201.0,270.0,449,652.0,1030.0,1960.0
01442500,02-13,172.0,193.0,300.0,440,719.0,1180.0,1780.0
01442500,02-14,197.0,223.0,270.0,410,685.0,1390.0,1850.0
01442500,02-15,184.0,216.0,280.0,420,683.0,1230.0,1460.0
01442500,02-16,189.0,226.0,280.0,426,665.0,1120.0,1470.0
01442500,02-17,191.0,225.0,280.0,422,699.0,1070.0,1460.0
01442500,02-18,192.0,220.0,281.0,418,693.0,1010.0,1570.0
01442500,02-19,182.0,218.0,290.0,449,631.0,1020.0,1500.0
01442500,02-20,174.0,218.0,290.0,470,625.0,1140.0,1470.0
01442500,02-21,185.0,219.0,300.0,473,721.0,1250.0,1780.0
01442500,02-22,209.0,224.0,300.0,460,738.0,1450.0,1720.0
01442500,02-23,208.0,221.0,320.0,460,894.0,1340.0,1860.0
01442500,02-24,218.0,241.0,350.0,456,1060.0,1580.0,1950.0
01442500,02-25,225.0,240.0,342.0,470,957.0,1870.0,3220.0
01442500,02-26,207.0,230.0,346.0,507,910.0,1600.0,2930.0
01442500,02-27,196.0,226.0,354.0,536,867.0,1640.0,2180.0
01442500,02-28,198.0,219.0,350.0,521,820.0,1580.0,2620.0
01442500,02-29,175.0,210.0,336.0,579,902.0,1220.0,2270.0
01442500,03-01,194.0,220.0,349.0,563,877.0,1390.0,1880.0
01442500,03-02,198.0,236.0,371.0,556,923.0,1590.0,1780.0
01442500,03-03,198.0,275.0,391.0,565,890.0,1410.0,1870.0
01442500,03-04,198.0,283.0,412.0,610,970.0,1760.0,2010.0
01442500,03-05,198.0,306.0,448.0,604,950.0,1650.0,1830.0
01442500,03-06,191.0,333.0,441.0,610,1020.0,1930.0,3090.0
01442500,03-07,189.0,328.0,433.0,571,980.0,1660.0,2260.0
01442500,03-08,202.0,306.0,428.0,637,990.0,1460.0,1890.0
01442500,03-09,234.0,320.0,437.0,654,975.0,1450.0,1980.0
01442500,03-10,240.0,324.0,440.0,657,980.0,1430.0,3520.0
01442500,03-11,310.0,341.0,434.0,663,1000.0,1750.0,2780.0
01442500,03-12,268.0,349.0,444.0,712,1040.0,1930.0,2220.0
01442500,03-13,291.0,358.0,506.0,710,1120.0,1670.0,2300.0
01442500,03-14,286.0,348.0,484.0,725,1080.0,1580.0,2040.0
01442500,03-15,303.0,343.0,466.0,757,1110.0,1790.0,2630.0
01442500,03-16,298.0,326.0,432.0,794,1160.0,1680.0,2200.0
01442500,03-17,297.0,324.0,486.0,776,1190.0,1530.0,2070.0
01442500,03-18,290.0,361.0,518.0,781,1090.0,1700.0,2320.0
01442500,03-19,335.0,365.0,530.0,752,1140.0,1600.0,2040.0
01442500,03-20,304.0,372.0,551.0,791,1150.0,1700.0,2440.0
01442500,03-21,320.0,349.0,566.0,811,1110.0,1600.0,2460.0
01442500,03-22,306.0,357.0,564.0,798,1450.0,2390.0,2880.0
01442500,03-23,300.0,334.0,551.0,800,1450.0,2560.0,3040.0
01442500,03-24,284.0,366.0,551.0,846,1380.0,2020.0,2430.0
01442500,03-25,275.0,351.0,547.0,868,1270.0,1910.0,2240.0
01442500,03-26,260.0,359.0,574.0,877,1160.0,1680.0,2420.0
01442500,03-27,270.0,363.0,557.0,870,1230.0,1830.0,2720.0
01442500,03-28,269.0,381.0,608.0,816,1100.0,1890.0,3460.0
01442500,03-29,273.0,378.0,590.0,773,1190.0,1890.0,3550.0
01442500,03-30,269.0,391.0,575.0,785,1190.0,2480.0,3460.0
01442500,03-31,295.0,389.0,574.0,758,1260.0,2390.0,2880.0
01442500,04-01,295.0,436.0,580.0,820,1360.0,2080.0,2800.0
01442500,04-02,353.0,442.0,572.0,909,1400.0,2050.0,3480.0
01442500,04-03,345.0,399.0,559.0,844,1430.0,2200.0,3550.0
01442500,04-04,314.0,381.0,554.0,915,1570.0,2450.0,4410.0
01442500,04-05,334.0,366.0,499.0,900,1510.0,3060.0,4910.0
01442500,04-06,312.0,378.0,502.0,810,1320.0,2940.0,3760.0
01442500,04-07,343.0,365.0,487.0,858,1370.0,2470.0,3850.0
01442500,04-08,339.0,370.0,490.0,784,1350.0,2130.0,2800.0
01442500,04-09,335.0,350.0,444.0,711,1330.0,1960.0,2290.0
01442500,04-10,327.0,340.0,469.0,709,1340.0,2020.0,2750.0
01442500,04-11,310.0,329.0,457.0,692,1190.0,1670.0,2170.0
01442500,04-12,300.0,331.0,480.0,762,1110.0,1530.0,1970.0
01442500,04-13,286.0,335.0,494.0,815,1260.0,1640.0,2180.0
01442500,04-14,276.0,336.0,465.0,733,1180.0,1590.0,1990.0
01442500,04-15,301.0,348.0,459.0,718,1280.0,1700.0,2150.0
01442500,04-16,280.0,347.0,475.0,714,1190.0,2010.0,4050.0
01442500,04-17,263.0,340.0,489.0,716,1240.0,2510.0,3930.0
01442500,04-18,254.0,327.0,474.0,679,1160.0,1860.0,2550.0
01442500,04-19,249.0,323.0,453.0,631,1060.0,1750.0,2010.0
01442500,04-20,246.0,305.0,426.0,660,1130.0,1520.0,2030.0
01442500,04-21,247.0,292.0,418.0,690,955.0,1340.0,1510.0
01442500,04-22,273.0,295.0,418.0,689,1000.0,1310.0,1590.0
01442500,04-23,278.0,337.0,411.0,652,990.0,1450.0,1500.0
01442500,04-24,294.0,337.0,439.0,639,908.0,1310.0,1450.0
01442500,04-25,285.0,319.0,448.0,621,945.0,1240.0,1400.0
01442500,04-26,274.0,323.0,436.0,658,898.0,1160.0,1480.0
01442500,04-27,273.0,319.0,441.0,659,930.0,1330.0,1910.0
01442500,04-28,273.0,319.0,432.0,656,955.0,1400.0,2100.0
01442500,04-29,259.0,339.0,433.0,616,909.0,1380.0,1810.0
01442500,04-30,275.0,338.0,424.0,586,897.0,1700.0,2180.0
01442500,05-01,281.0,324.0,426.0,568,910.0,1590.0,3000.0
01442500,05-02,298.0,317.0,440.0,552,861.0,1510.0,1920.0
01442500,05-03,296.0,339.0,438.0,589,815.0,1350.0,1630.0
01442500,05-04,297.0,349.0,412.0,579,880.0,1330.0,1410.0
01442500,05-05,307.0,348.0,419.0,570,845.0,1240.0,1390.0
01442500,05-06,299.0,339.0,394.0,584,868.0,1140.0,1460.0
01442500,05-07,291.0,323.0,378.0,570,849.0,1250.0,1900.0
01442500,05-08,314.0,340.0,382.0,528,779.0,1240.0,1530.0
01442500,05-09,300.0,323.0,411.0,556,823.0,1290.0,1490.0
01442500,05-10,298.0,311.0,389.0,562,779.0,1160.0,1810.0
01442500,05-11,281.0,298.0,406.0,551,747.0,1620.0,3000.0
01442500,05-12,277.0,315.0,419.0,566,908.0,1710.0,2500.0
01442500,05-13,264.0,309.0,401.0,558,859.0,1570.0,2670.0
01442500,05-14,255.0,288.0,380.0,528,910.0,1840.0,2180.0
01442500,05-15,246.0,282.0,368.0,495,850.0,1470.0,1730.0
01442500,05-16,244.0,272.0,351.0,555,963.0,1690.0,2880.0
01442500,05-17,242.0,269.0,339.0,564,911.0,1580.0,2760.0
01442500,05-18,228.0,258.0,326.0,540,860.0,1840.0,2070.0
01442500,05-19,230.0,257.0,327.0,528,779.0,1430.0,1660.0
01442500,05-20,219.0,261.0,338.0,521,815.0,1360.0,2330.0
01442500,05-21,209.0,268.0,322.0,540,781.0,1210.0,1800.0
01442500,05-22,202.0,254.0,298.0,505,751.0,1210.0,1500.0
01442500,05-23,200.0,262.0,301.0,493,759.0,1070.0,1470.0
01442500,05-24,220.0,254.0,329.0,497,690.0,1110.0,1680.0
01442500,05-25,211.0,250.0,323.0,461,609.0,1040.0,1730.0
01442500,05-26,197.0,236.0,292.0,428,640.0,1040.0,1540.0
01442500,05-27,187.0,219.0,288.0,402,620.0,1050.0,1570.0
01442500,05-28,197.0,213.0,296.0,389,606.0,995.0,1370.0
01442500,05-29,183.0,205.0,300.0,434,810.0,1250.0,1830.0
01442500,05-30,182.0,197.0,273.0,410,659.0,1160.0,1830.0
01442500,05-31,178.0,197.0,266.0,396,689.0,1450.0,2690.0
01442500,06-01,176.0,206.0,264.0,436,708.0,1290.0,2500.0
01442500,06-02,190.0,208.0,273.0,395,697.0,1800.0,2200.0
01442500,06-03,179.0,195.0,273.0,382,745.0,1270.0,1510.0
01442500,06-04,175.0,191.0,276.0,370,714.0,1080.0,1460.0
01442500,06-05,165.0,183.0,257.0,340,618.0,936.0,1410.0
01442500,06-06,162.0,178.0,245.0,366,597.0,994.0,1120.0
01442500,06-07,156.0,174.0,234.0,353,595.0,1050.0,1770.0
01442500,06-08,145.0,164.0,222.0,356,565.0,969.0,1350.0
01442500,06-09,146.0,162.0,227.0,324,540.0,834.0,1410.0
01442500,06-10,143.0,153.0,237.0,339,541.0,862.0,1100.0
01442500,06-11,137.0,144.0,229.0,335,503.0,699.0,912.0
01442500,06-12,135.0,149.0,216.0,334,512.0,780.0,1010.0
01442500,06-13,134.0,167.0,216.0,310,526.0,891.0,1440.0
01442500,06-14,150.0,168.0,204.0,319,507.0,853.0,1240.0
01442500,06-15,138.0,166.0,204.0,306,532.0,888.0,1420.0
01442500,06-16,132.0,159.0,190.0,292,532.0,783.0,1270.0
01442500,06-17,125.0,147.0,185.0,297,539.0,836.0,1170.0
01442500,06-18,124.0,143.0,179.0,286,473.0,835.0,968.0
01442500,06-19,122.0,134.0,179.0,306,455.0,772.0,970.0
01442500,06-20,120.0,132.0,184.0,280,453.0,697.0,899.0
01442500,06-21,114.0,133.0,177.0,265,384.0,804.0,1530.0
01442500,06-22,107.0,130.0,171.0,250,398.0,856.0,1500.0
01442500,06-23,101.0,121.0,167.0,254,454.0,819.0,1210.0
01442500,06-24,108.0,120.0,164.0,268,421.0,720.0,1510.0
01442500,06-25,105.0,120.0,157.0,262,375.0,668.0,1400.0
01442500,06-26,96.0,116.0,157.0,231,365.0,613.0,1140.0
01442500,06-27,93.0,116.0,164.0,237,388.0,704.0,910.0
01442500,06-28,93.0,119.0,157.0,222,382.0,580.0,1150.0
01442500,06-29,97.0,118.0,160.0,222,348.0,953.0,1450.0
01442500,06-30,92.0,119.0,149.0,220,402.0,862.0,1750.0
01442500,07-01,91.0,114.0,136.0,201,397.0,867.0,2080.0
01442500,07-02,92.0,105.0,137.0,208,385.0,749.0,1690.0
01442500,07-03,85.0,103.0,134.0,206,345.0,773.0,1310.0
01442500,07-04,81.0,98.0,128.0,193,329.0,744.0,1070.0
01442500,07-05,87.0,101.0,128.0,191,313.0,637.0,888.0
01442500,07-06,88.0,98.0,126.0,185,349.0,584.0,878.0
01442500,07-07,78.0,98.0,125.0,181,308.0,546.0,784.0
01442500,07-08,73.0,96.0,129.0,201,306.0,633.0,718.0
01442500,07-09,74.0,93.0,125.0,191,360.0,615.0,860.0
01442500,07-10,70.0,87.0,126.0,183,276.0,602.0,884.0
01442500,07-11,77.0,92.0,120.0,178,281.0,514.0,831.0
01442500,07-12,74.0,91.0,118.0,185,330.0,504.0,601.0
01442500,07-13,69.0,83.0,118.0,173,325.0,511.0,791.0
01442500,07-14,69.0,88.0,124.0,191,346.0,615.0,878.0
01442500,07-15,67.0,92.0,124.0,191,312.0,615.0,738.0
01442500,07-16,65.0,89.0,114.0,186,330.0,565.0,805.0
01442500,07-17,64.0,84.0,112.0,172,302.0,477.0,670.0
01442500,07-18,63.0,85.0,113.0,175,293.0,420.0,529.0
01442500,07-19,67.0,84.0,109.0,161,263.0,410.0,494.0
01442500,07-20,65.0,80.0,121.0,176,278.0,392.0,433.0
01442500,07-21,58.0,76.0,111.0,171,284.0,455.0,608.0
01442500,07-22,58.0,85.0,110.0,175,287.0,416.0,600.0
01442500,07-23,57.0,86.0,115.0,163,261.0,414.0,528.0
01442500,07-24,56.0,83.0,112.0,182,274.0,422.0,586.0
01442500,07-25,54.0,79.0,112.0,170,263.0,372.0,449.0
01442500,07-26,55.0,78.0,110.0,170,240.0,356.0,446.0
01442500,07-27,54.0,72.0,106.0,159,255.0,464.0,634.0
01442500,07-28,54.0,69.0,110.0,173,283.0,416.0,1060.0
01442500,07-29,56.0,69.0,102.0,175,259.0,473.0,740.0
01442500,07-30,56.0,73.0,102.0,162,266.0,473.0,606.0
01442500,07-31,59.0,74.0,108.0,161,261.0,446.0,578.0
01442500,08-01,60.0,67.0,104.0,180,253.0,454.0,715.0
01442500,08-02,58.0,64.0,108.0,175,227.0,485.0,1280.0
01442500,08-03,54.0,62.0,99.0,170,226.0,623.0,1590.0
01442500,08-04,58.0,67.0,109.0,166,245.0,717.0,2230.0
01442500,08-05,53.0,66.0,103.0,157,234.0,664.0,1480.0
01442500,08-06,52.0,66.0,105.0,155,237.0,550.0,1290.0
01442500,08-07,58.0,65.0,101.0,147,270.0,673.0,1050.0
01442500,08-08,56.0,64.0,102.0,148,287.0,599.0,969.0
01442500,08-09,54.0,71.0,100.0,153,295.0,565.0,888.0
01442500,08-10,58.0,70.0,102.0,157,281.0,636.0,946.0
01442500,08-11,56.0,71.0,102.0,152,291.0,596.0,744.0
01442500,08-12,61.0,65.0,102.0,170,271.0,519.0,647.0
01442500,08-13,61.0,69.0,98.0,156,301.0,575.0,1030.0
01442500,08-14,58.0,74.0,96.0,153,274.0,509.0,1110.0
01442500,08-15,58.0,72.0,100.0,151,240.0,501.0,975.0
01442500,08-16,58.0,74.0,92.0,141,250.0,525.0,751.0
01442500,08-17,58.0,67.0,95.0,149,239.0,480.0,634.0
01442500,08-18,53.0,63.0,91.0,137,267.0,480.0,906.0
01442500,08-19,54.0,64.0,89.0,127,235.0,550.0,960.0
01442500,08-20,58.0,66.0,88.0,122,211.0,483.0,708.0
01442500,08-21,62.0,66.0,82.0,134,263.0,508.0,572.0
01442500,08-22,60.0,68.0,82.0,145,266.0,583.0,2140.0
01442500,08-23,57.0,64.0,87.0,142,226.0,440.0,1480.0
01442500,08-24,56.0,64.0,86.0,139,209.0,427.0,996.0
01442500,08-25,54.0,64.0,88.0,139,236.0,641.0,1140.0
01442500,08-26,54.0,64.0,83.0,137,220.0,558.0,828.0
01442500,08-27,54.0,60.0,84.0,133,221.0,464.0,636.0
01442500,08-28,50.0,64.0,80.0,137,203.0,510.0,757.0
01442500,08-29,51.0,64.0,80.0,139,212.0,553.0,723.0
01442500,08-30,49.0,59.0,78.0,137,255.0,566.0,748.0
01442500,08-31,50.0,64.0,82.0,128,224.0,511.0,760.0
01442500,09-01,48.0,64.0,84.0,126,244.0,401.0,830.0
01442500,09-02,47.0,65.0,80.0,130,210.0,487.0,1110.0
01442500,09-03,57.0,65.0,82.0,135,210.0,544.0,1180.0
01442500,09-04,57.0,65.0,80.0,131,228.0,561.0,895.0
01442500,09-05,56.0,65.0,78.0,128,216.0,489.0,1170.0
01442500,09-06,56.0,64.0,81.0,129,275.0,507.0,856.0
01442500,09-07,50.0,60.0,79.0,129,274.0,573.0,1000.0
01442500,09-08,50.0,58.0,80.0,124,255.0,497.0,1040.0
01442500,09-09,48.0,57.0,78.0,123,247.0,428.0,2160.0
01442500,09-10,46.0,55.0,87.0,124,237.0,393.0,2020.0
01442500,09-11,49.0,54.0,89.0,124,220.0,715.0,1830.0
01442500,09-12,48.0,54.0,81.0,131,236.0,841.0,1490.0
01442500,09-13,49.0,57.0,74.0,123,267.0,710.0,1180.0
01442500,09-14,49.0,62.0,76.0,134,256.0,622.0,1030.0
01442500,09-15,53.0,60.0,74.0,126,299.0,790.0,1580.0
01442500,09-16,54.0,61.0,84.0,142,285.0,744.0,1930.0
01442500,09-17,56.0,66.0,81.0,148,253.0,726.0,1170.0
01442500,09-18,57.0,67.0,95.0,145,254.0,752.0,2090.0
01442500,09-19,58.0,66.0,93.0,148,285.0,726.0,2670.0
01442500,09-20,56.0,64.0,89.0,146,219.0,769.0,1730.0
01442500,09-21,59.0,65.0,84.0,141,243.0,808.0,1460.0
01442500,09-22,55.0,62.0,88.0,144,262.0,710.0,1220.0
01442500,09-23,54.0,63.0,91.0,136,257.0,845.0,1260.0
01442500,09-24,53.0,64.0,85.0,126,253.0,774.0,1680.0
01442500,09-25,51.0,60.0,84.0,130,255.0,1240.0,2010.0
01442500,09-26,53.0,59.0,80.0,131,299.0,1040.0,1460.0
01442500,09-27,53.0,67.0,89.0,135,356.0,889.0,1310.0
01442500,09-28,52.0,65.0,88.0,161,388.0,840.0,2280.0
01442500,09-29,62.0,73.0,90.0,176,394.0,906.0,1730.0
01442500,09-30,63.0,72.0,90.0,179,452.0,885.0,1270.0
01442500,10-01,67.0,70.0,90.0,172,478.0,642.0,1420.0
01442500,10-02,59.0,68.0,89.0,170,430.0,777.0,1450.0
01442500,10-03,62.0,68.0,93.0,168,380.0,687.0,1110.0
01442500,10-04,66.0,70.0,90.0,152,378.0,697.0,1290.0
01442500,10-05,64.0,67.0,83.0,150,394.0,787.0,1290.0
01442500,10-06,59.0,65.0,87.0,152,376.0,737.0,1040.0
01442500,10-07,60.0,62.0,98.0,162,340.0,544.0,986.0
01442500,10-08,59.0,71.0,100.0,174,343.0,648.0,971.0
01442500,10-09,58.0,70.0,109.0,178,358.0,712.0,1100.0
01442500,10-10,59.0,70.0,99.0,173,377.0,707.0,1030.0
01442500,10-11,58.0,70.0,96.0,170,368.0,731.0,1170.0
01442500,10-12,59.0,72.0,93.0,189,375.0,814.0,1400.0
01442500,10-13,55.0,71.0,98.0,188,340.0,783.0,1190.0
01442500,10-14,56.0,70.0,95.0,175,339.0,728.0,1400.0
01442500,10-15,55.0,75.0,118.0,182,328.0,744.0,1520.0
01442500,10-16,51.0,76.0,115.0,178,331.0,754.0,1230.0
01442500,10-17,50.0,75.0,107.0,170,342.0,677.0,1400.0
01442500,10-18,61.0,77.0,107.0,168,307.0,823.0,1440.0
01442500,10-19,61.0,77.0,116.0,175,362.0,919.0,2260.0
01442500,10-20,58.0,79.0,114.0,172,383.0,1280.0,2250.0
01442500,10-21,57.0,75.0,113.0,165,376.0,1190.0,2700.0
01442500,10-22,56.0,76.0,109.0,166,364.0,1170.0,1910.0
01442500,10-23,56.0,73.0,109.0,172,458.0,1010.0,1380.0
01442500,10-24,56.0,78.0,110.0,217,516.0,934.0,1180.0
01442500,10-25,60.0,83.0,119.0,231,520.0,890.0,1110.0
01442500,10-26,60.0,86.0,126.0,240,536.0,989.0,1710.0
01442500,10-27,60.0,88.0,124.0,236,590.0,881.0,1330.0
01442500,10-28,61.0,94.0,119.0,242,649.0,1150.0,2160.0
01442500,10-29,70.0,95.0,119.0,252,582.0,906.0,2210.0
01442500,10-30,76.0,97.0,116.0,274,601.0,1500.0,1900.0
01442500,10-31,76.0,92.0,110.0,254,547.0,1090.0,1620.0
01442500,11-01,76.0,83.0,112.0,283,625.0,1090.0,1370.0
01442500,11-02,75.0,86.0,113.0,312,572.0,1100.0,1280.0
01442500,11-03,72.0,87.0,110.0,371,766.0,1120.0,1280.0
01442500,11-04,70.0,85.0,114.0,330,601.0,928.0,1050.0
01442500,11-05,68.0,89.0,141.0,391,628.0,842.0,945.0
01442500,11-06,69.0,85.0,161.0,366,600.0,736.0,870.0
01442500,11-07,71.0,88.0,191.0,362,544.0,744.0,956.0
01442500,11-08,70.0,86.0,193.0,357,539.0,763.0,2020.0
01442500,11-09,78.0,89.0,182.0,332,493.0,764.0,2250.0
01442500,11-10,79.0,97.0,183.0,330,529.0,1480.0,2350.0
01442500,11-11,90.0,97.0,187.0,365,514.0,1360.0,1740.0
01442500,11-12,90.0,96.0,179.0,370,500.0,1350.0,1740.0
01442500,11-13,84.0,92.0,168.0,369,620.0,1370.0,2030.0
01442500,11-14,81.0,90.0,179.0,345,553.0,1150.0,1720.0
01442500,11-15,80.0,89.0,195.0,354,538.0,979.0,1680.0
01442500,11-16,79.0,86.0,173.0,366,708.0,1200.0,1520.0
01442500,11-17,77.0,84.0,192.0,356,715.0,1380.0,2170.0
01442500,11-18,74.0,86.0,204.0,358,605.0,1210.0,1740.0
01442500,11-19,73.0,84.0,195.0,357,638.0,1160.0,1590.0
01442500,11-20,77.0,87.0,212.0,378,690.0,1280.0,1350.0
01442500,11-21,77.0,92.0,200.0,400,806.0,1190.0,1990.0
01442500,11-22,75.0,96.0,214.0,402,805.0,1200.0,1410.0
01442500,11-23,72.0,103.0,211.0,461,743.0,1210.0,2430.0
01442500,11-24,72.0,119.0,232.0,417,651.0,1060.0,1870.0
01442500,11-25,74.0,119.0,247.0,488,698.0,1150.0,1840.0
01442500,11-26,114.0,173.0,272.0,451,714.0,1250.0,1860.0
01442500,11-27,128.0,169.0,265.0,447,758.0,1620.0,2270.0
01442500,11-28,118.0,160.0,298.0,442,799.0,1650.0,2680.0
01442500,11-29,147.0,188.0,306.0,446,864.0,1890.0,2690.0
01442500,11-30,166.0,192.0,301.0,452,810.0,1820.0,2370.0
01442500,12-01,142.0,195.0,301.0,501,853.0,1970.0,2530.0
01442500,12-02,121.0,203.0,305.0,474,808.0,1770.0,2130.0
01442500,12-03,132.0,197.0,323.0,472,910.0,1530.0,1940.0
01442500,12-04,130.0,211.0,296.0,480,980.0,1400.0,2180.0
01442500,12-05,143.0,204.0,304.0,486,940.0,1580.0,2160.0
01442500,12-06,144.0,198.0,304.0,473,907.0,1700.0,2620.0
01442500,12-07,130.0,192.0,304.0,476,1050.0,1900.0,2340.0
01442500,12-08,102.0,166.0,326.0,465,950.0,1710.0,3010.0
01442500,12-09,108.0,155.0,327.0,470,885.0,1700.0,2510.0
01442500,12-10,119.0,146.0,332.0,556,860.0,1620.0,2300.0
01442500,12-11,126.0,158.0,333.0,540,967.0,1940.0,2930.0
01442500,12-12,136.0,160.0,312.0,540,1160.0,1620.0,2940.0
01442500,12-13,136.0,159.0,294.0,498,1010.0,1860.0,2990.0
01442500,12-14,135.0,196.0,312.0,480,1000.0,1830.0,2300.0
01442500,12-15,108.0,207.0,292.0,532,964.0,1650.0,1860.0
01442500,12-16,116.0,194.0,286.0,585,1020.0,1460.0,1830.0
01442500,12-17,129.0,181.0,291.0,515,978.0,1420.0,1970.0
01442500,12-18,123.0,182.0,304.0,521,950.0,1240.0,1990.0
01442500,12-19,127.0,200.0,296.0,492,856.0,1170.0,1560.0
01442500,12-20,129.0,185.0,279.0,484,871.0,1100.0,1550.0
01442500,12-21,126.0,179.0,278.0,520,844.0,1760.0,4860.0
01442500,12-22,119.0,206.0,277.0,500,763.0,1830.0,3060.0
01442500,12-23,130.0,196.0,288.0,520,882.0,1760.0,2380.0
01442500,12-24,120.0,210.0,280.0,530,922.0,1970.0,2660.0
01442500,12-25,117.0,226.0,304.0,489,1080.0,1730.0,2510.0
01442500,12-26,140.0,215.0,284.0,493,998.0,1610.0,1960.0
01442500,12-27,140.0,210.0,281.0,492,945.0,1400.0,2500.0
01442500,12-28,122.0,208.0,301.0,465,915.0,1660.0,2170.0
01442500,12-29,130.0,215.0,330.0,477,909.0,1490.0,1770.0
01442500,12-30,122.0,208.0,310.0,506,964.0,1390.0,1470.0
01442500,12-31,121.0,198.0,292.0,460,892.0,1270.0,1480.0
01446500,01-01,2110.0,2790.0,4150.0,6360,11100.0,17600.0,23300.0
01446500,01-02,2320.0,2770.0,3920.0,6340,12300.0,17400.0,20100.0
01446500,01-03,2100.0,2720.0,3830.0,6780,12600.0,17300.0,26900.0
01446500,01-04,2380.0,2960.0,4280.0,6600,11400.0,15800.0,20700.0
01446500,01-05,2450.0,2970.0,4300.0,6600,11400.0,16000.0,18700.0
01446500,01-06,2640.0,2930.0,4320.0,6570,11000.0,15600.0,20600.0
01446500,01-07,2630.0,2790.0,4400.0,6480,11000.0,15400.0,17800.0
01446500,01-08,2560.0,3040.0,4010.0,6620,11200.0,17800.0,21400.0
01446500,01-09,2350.0,3040.0,3800.0,6440,9860.0,16200.0,27300.0
01446500,01-10,2360.0,2850.0,3670.0,6190,9850.0,18500.0,25500.0
01446500,01-11,2250.0,2870.0,3920.0,5920,9360.0,16800.0,24300.0
01446500,01-12,2470.0,2870.0,3920.0,6330,9050.0,19400.0,27500.0
01446500,01-13,2410.0,2940.0,3700.0,6300,9020.0,15100.0,26000.0
01446500,01-14,2390.0,2940.0,3950.0,6050,10400.0,14300.0,22000.0
01446500,01-15,2320.0,2960.0,3970.0,5960,9600.0,14400.0,19800.0
01446500,01-16,2180.0,2830.0,3710.0,6400,9660.0,14400.0,18800.0
01446500,01-17,1950.0,2660.0,3600.0,6350,9050.0,14900.0,20500.0
01446500,01-18,2210.0,2740.0,3800.0,5750,9050.0,13100.0,17100.0
01446500,01-19,2290.0,2870.0,3900.0,5890,8660.0,12600.0,16800.0
01446500,01-20,2220.0,2770.0,4110.0,6090,9120.0,13500.0,16800.0
01446500,01-21,2280.0,3190.0,4000.0,5980,9060.0,14300.0,16000.0
01446500,01-22,2090.0,2710.0,4150.0,6380,8780.0,13100.0,17500.0
01446500,01-23,2300.0,2990.0,4200.0,6250,9320.0,13400.0,23000.0
01446500,01-24,1980.0,2920.0,3940.0,6410,10200.0,17500.0,21700.0
01446500,01-25,1940.0,2740.0,4070.0,6460,11000.0,19000.0,33500.0
01446500,01-26,2320.0,2880.0,4150.0,7050,12200.0,25900.0,38400.0
01446500,01-27,2510.0,2810.0,4070.0,6350,12100.0,27400.0,34800.0
01446500,01-28,2360.0,2780.0,3860.0,6180,11900.0,21300.0,26900.0
01446500,01-29,2260.0,2680.0,4000.0,6180,11900.0,19900.0,30400.0
01446500,01-30,1980.0,2720.0,3830.0,6150,10600.0,15700.0,27100.0
01446500,01-31,1940.0,2340.0,4170.0,6080,10600.0,16400.0,21400.0
01446500,02-01,1860.0,2320.0,4120.0,6250,9860.0,15200.0,21800.0
01446500,02-02,2180.0,2380.0,4250.0,5850,9270.0,14800.0,18700.0
01446500,02-03,2180.0,2810.0,4120.0,6150,9800.0,16000.0,18800.0
01446500,02-04,2120.0,2760.0,4300.0,6280,9970.0,15600.0,20400.0
01446500,02-05,2120.0,2820.0,4300.0,6200,9970.0,15300.0,22500.0
01446500,02-06,2160.0,2590.0,4220.0,5930,9060.0,13000.0,19200.0
01446500,02-07,2410.0,2800.0,4530.0,6150,8860.0,13500.0,17000.0
01446500,02-08,2440.0,2930.0,4300.0,5880,8400.0,14600.0,19700.0
01446500,02-09,2500.0,2770.0,4190.0,5790,8450.0,15200.0,17800.0
01446500,02-10,2360.0,2720.0,4000.0,5780,8090.0,13600.0,15900.0
01446500,02-11,2430.0,2870.0,3890.0,5960,8220.0,13400.0,17800.0
01446500,02-12,2480.0,2970.0,3940.0,5740,8830.0,13700.0,19900.0
01446500,02-13,2420.0,3040.0,3970.0,5860,8750.0,12800.0,20300.0
01446500,02-14,2440.0,3190.0,4030.0,5890,8900.0,14400.0,19800.0
01446500,02-15,2750.0,3170.0,4110.0,5850,9420.0,14300.0,17000.0
01446500,02-16,2830.0,3140.0,4110.0,5910,9820.0,14200.0,23000.0
01446500,02-17,2830.0,3180.0,4320.0,6260,9600.0,15100.0,20600.0
01446500,02-18,3020.0,3250.0,4380.0,6540,9730.0,16400.0,22700.0
01446500,02-19,2840.0,3210.0,4470.0,6280,9780.0,14300.0,18400.0
01446500,02-20,2580.0,3240.0,4550.0,6130,9060.0,14600.0,17400.0
01446500,02-21,2770.0,3280.0,4500.0,6240,9770.0,15500.0,19700.0
01446500,02-22,2910.0,3240.0,4490.0,6130,10000.0,17900.0,28100.0
01446500,02-23,2900.0,3260.0,4290.0,6200,11200.0,21300.0,27300.0
01446500,02-24,2950.0,3360.0,4280.0,6430,13500.0,20400.0,24400.0
01446500,02-25,2830.0,3190.0,4430.0,7110,14500.0,21600.0,29200.0
01446500,02-26,2750.0,3110.0,4680.0,6930,14800.0,21900.0,35900.0
01446500,02-27,2770.0,3280.0,4740.0,6840,14100.0,20500.0,30400.0
01446500,02-28,2770.0,3360.0,4750.0,7310,13500.0,20200.0,23600.0
01446500,02-29,2530.0,2780.0,4600.0,6760,12500.0,20000.0,37600.0
01446500,03-01,2770.0,3460.0,4760.0,7790,13200.0,17500.0,25900.0
01446500,03-02,2770.0,3340.0,5040.0,8150,12700.0,18400.0,22400.0
01446500,03-03,2950.0,3390.0,4840.0,7970,12100.0,18200.0,21500.0
01446500,03-04,2860.0,3950.0,5460.0,8390,11400.0,17500.0,19300.0
01446500,03-05,3360.0,3730.0,5690.0,8460,12800.0,16900.0,21200.0
01446500,03-06,3410.0,4180.0,5720.0,8340,14400.0,19200.0,33600.0
01446500,03-07,3650.0,4110.0,5990.0,8460,14900.0,24400.0,30000.0
01446500,03-08,3480.0,4490.0,6220.0,8150,14100.0,22200.0,37300.0
01446500,03-09,3490.0,4430.0,6030.0,9370,14800.0,21400.0,33500.0
01446500,03-10,3540.0,4530.0,6030.0,8740,13900.0,28400.0,36300.0
01446500,03-11,3500.0,4480.0,6060.0,8960,14100.0,24700.0,42800.0
01446500,03-12,3950.0,4570.0,6310.0,9540,15000.0,24200.0,36500.0
01446500,03-13,4000.0,4750.0,6390.0,9780,17100.0,24700.0,32300.0
01446500,03-14,3510.0,4940.0,6520.0,10400,16400.0,24400.0,38200.0
01446500,03-15,4070.0,4550.0,7160.0,11300,16300.0,21700.0,49200.0
01446500,03-16,3890.0,4830.0,7230.0,11600,15600.0,25100.0,45600.0
01446500,03-17,4020.0,4950.0,7970.0,11600,15500.0,30400.0,35200.0
01446500,03-18,4220.0,5560.0,7770.0,11400,16600.0,29400.0,46700.0
01446500,03-19,4370.0,5320.0,7500.0,11300,16600.0,29000.0,41100.0
01446500,03-20,4570.0,5360.0,7910.0,11400,17500.0,28200.0,36600.0
01446500,03-21,4960.0,5440.0,7920.0,11100,17000.0,25300.0,44600.0
01446500,03-22,4850.0,5710.0,8430.0,12400,17900.0,30000.0,48400.0
01446500,03-23,4740.0,5680.0,8050.0,12600,22500.0,31100.0,43100.0
01446500,03-24,4560.0,5410.0,8300.0,11700,19600.0,30300.0,35800.0
01446500,03-25,4550.0,5340.0,8830.0,12900,18900.0,28400.0,33200.0
01446500,03-26,4430.0,5520.0,9070.0,13800,19300.0,28500.0,33800.0
01446500,03-27,4320.0,7170.0,9670.0,13300,18000.0,29300.0,31500.0
01446500,03-28,4130.0,7220.0,10500.0,13300,18800.0,25300.0,34000.0
01446500,03-29,4340.0,6880.0,10200.0,13700,17900.0,28800.0,40900.0
01446500,03-30,4840.0,7690.0,10300.0,13200,17200.0,31800.0,42300.0
01446500,03-31,4730.0,7300.0,10200.0,12900,18800.0,33500.0,46000.0
01446500,04-01,4330.0,7120.0,9960.0,13100,20300.0,32200.0,48600.0
01446500,04-02,4520.0,7370.0,10200.0,12900,22800.0,33900.0,51700.0
01446500,04-03,4970.0,7060.0,9890.0,13500,22900.0,34200.0,38600.0
01446500,04-04,5680.0,6760.0,9700.0,14100,23300.0,35900.0,42000.0
01446500,04-05,4930.0,6290.0,9280.0,15100,24100.0,36700.0,48200.0
01446500,04-06,4910.0,6150.0,9400.0,15700,24900.0,46000.0,63400.0
01446500,04-07,4900.0,6100.0,9410.0,15700,24000.0,47400.0,60500.0
01446500,04-08,5100.0,5500.0,9320.0,15000,24500.0,40600.0,48100.0
01446500,04-09,5220.0,6350.0,8950.0,14900,24000.0,32000.0,36700.0
01446500,04-10,5150.0,6500.0,8500.0,14900,22600.0,27800.0,33000.0
01446500,04-11,5420.0,6250.0,8090.0,14200,21000.0,30500.0,35900.0
01446500,04-12,5160.0,6250.0,7690.0,14300,19600.0,26200.0,30800.0
01446500,04-13,4850.0,6520.0,7840.0,13900,19600.0,25100.0,32400.0
01446500,04-14,4480.0,5950.0,8600.0,13700,19000.0,25300.0,30000.0
01446500,04-15,4470.0,6040.0,8400.0,13800,19000.0,25400.0,27200.0
01446500,04-16,4530.0,6040.0,8000.0,12800,19000.0,26100.0,43500.0
01446500,04-17,4450.0,5710.0,8660.0,12200,19400.0,30700.0,36100.0
01446500,04-18,4260.0,5810.0,8100.0,11500,18400.0,31800.0,41400.0
01446500,04-19,4160.0,5620.0,7850.0,11300,18600.0,28200.0,32300.0
01446500,04-20,3810.0,5090.0,7540.0,11000,17800.0,26200.0,28700.0
01446500,04-21,3830.0,5000.0,7320.0,11400,16400.0,24000.0,27100.0
01446500,04-22,3810.0,4840.0,7250.0,11400,16800.0,22000.0,28500.0
01446500,04-23,3980.0,5380.0,7470.0,10700,15500.0,24600.0,29600.0
01446500,04-24,3840.0,5630.0,7580.0,10900,16200.0,22100.0,28400.0
01446500,04-25,4520.0,5490.0,7540.0,10800,16600.0,21900.0,26600.0
01446500,04-26,4600.0,5570.0,7460.0,9540,15300.0,21900.0,26400.0
01446500,04-27,4710.0,5550.0,7240.0,10000,14300.0,20300.0,29000.0
01446500,04-28,4480.0,4910.0,6950.0,10500,14300.0,19400.0,27500.0
01446500,04-29,4560.0,5470.0,6870.0,10100,14000.0,20900.0,24700.0
01446500,04-30,4410.0,5120.0,6790.0,9720,13200.0,22000.0,25800.0
01446500,05-01,4640.0,5130.0,6520.0,9510,12800.0,21000.0,32400.0
01446500,05-02,4530.0,4980.0,6840.0,9100,12300.0,21300.0,30600.0
01446500,05-03,4560.0,5040.0,7010.0,9060,12300.0,20100.0,25400.0
01446500,05-04,4220.0,4800.0,6880.0,8910,13300.0,18700.0,23500.0
01446500,05-05,4220.0,4560.0,6660.0,8710,12400.0,19800.0,22700.0
01446500,05-06,4120.0,4600.0,6610.0,8070,12300.0,20100.0,22900.0
01446500,05-07,4290.0,4560.0,6290.0,7930,12300.0,17600.0,20700.0
01446500,05-08,4020.0,4310.0,5930.0,7960,12100.0,17400.0,19100.0
01446500,05-09,4090.0,4350.0,5790.0,7650,11700.0,16400.0,19300.0
01446500,05-10,3960.0,4520.0,5670.0,7810,11900.0,15800.0,17600.0
01446500,05-11,3840.0,4360.0,5420.0,8240,12300.0,16900.0,19100.0
01446500,05-12,3780.0,4210.0,5710.0,8270,11800.0,17200.0,25500.0
01446500,05-13,3550.0,3970.0,5630.0,8200,12800.0,20700.0,30400.0
01446500,05-14,3330.0,3700.0,5340.0,7750,13100.0,21100.0,30200.0
01446500,05-15,3180.0,3580.0,5060.0,7920,13500.0,20000.0,25100.0
01446500,05-16,2990.0,3530.0,5300.0,8100,13200.0,18700.0,26000.0
01446500,05-17,3140.0,3590.0,5050.0,8360,12900.0,18700.0,28700.0
01446500,05-18,3120.0,3710.0,4920.0,7560,13000.0,19500.0,27100.0
01446500,05-19,3160.0,3650.0,4760.0,7800,12200.0,20300.0,26000.0
01446500,05-20,3230.0,3720.0,4940.0,8050,12100.0,20300.0,23300.0
01446500,05-21,3230.0,3630.0,4900.0,8090,12300.0,18300.0,22900.0
01446500,05-22,3270.0,3570.0,4740.0,8000,12900.0,17500.0,20000.0
01446500,05-23,2990.0,3550.0,4470.0,7650,11900.0,17900.0,25500.0
01446500,05-24,2830.0,3290.0,4440.0,7420,10900.0,18900.0,21800.0
01446500,05-25,2750.0,3300.0,4390.0,7200,11600.0,17400.0,21400.0
01446500,05-26,2780.0,3260.0,4260.0,6920,10600.0,16600.0,28300.0
01446500,05-27,2700.0,3140.0,4060.0,6840,9490.0,17200.0,29600.0
01446500,05-28,2710.0,2920.0,4130.0,6650,8960.0,14100.0,23600.0
01446500,05-29,2530.0,3020.0,4240.0,6340,9350.0,13900.0,18900.0
01446500,05-30,2350.0,2940.0,4310.0,6090,9290.0,15800.0,19100.0
01446500,05-31,2180.0,2800.0,4190.0,5870,8320.0,13900.0,20200.0
01446500,06-01,2160.0,2890.0,4070.0,5620,8980.0,13800.0,19000.0
01446500,06-02,2430.0,2970.0,4040.0,5970,9270.0,15200.0,27300.0
01446500,06-03,2600.0,2960.0,3840.0,5620,8780.0,15200.0,24700.0
01446500,06-04,2730.0,2870.0,3710.0,5550,8050.0,13700.0,20800.0
01446500,06-05,2640.0,2890.0,3630.0,5300,7570.0,12900.0,18200.0
01446500,06-06,2410.0,2770.0,3550.0,5170,7660.0,13100.0,16800.0
01446500,06-07,2420.0,2730.0,3560.0,5140,8240.0,14900.0,20000.0
01446500,06-08,2340.0,2650.0,3420.0,4850,8790.0,14700.0,19100.0
01446500,06-09,2170.0,2670.0,3400.0,4750,8790.0,12800.0,17300.0
01446500,06-10,2260.0,2650.0,3450.0,4550,8430.0,11600.0,13700.0
01446500,06-11,2330.0,2600.0,3360.0,4660,8160.0,11100.0,13200.0
01446500,06-12,2390.0,2610.0,3340.0,4480,8260.0,10500.0,12300.0
01446500,06-13,2460.0,2630.0,3110.0,4400,7610.0,10300.0,14100.0
01446500,06-14,2420.0,2620.0,3150.0,4410,7530.0,10700.0,17100.0
01446500,06-15,2220.0,2540.0,3140.0,4700,7540.0,11000.0,17900.0
01446500,06-16,2460.0,2590.0,3220.0,4810,7080.0,12400.0,16600.0
01446500,06-17,2270.0,2490.0,3170.0,4630,6840.0,11800.0,15300.0
01446500,06-18,2320.0,2530.0,3090.0,4230,7430.0,11100.0,12900.0
01446500,06-19,2290.0,2480.0,3060.0,4310,7260.0,10700.0,14700.0
01446500,06-20,2190.0,2470.0,2920.0,4230,7350.0,11700.0,14100.0
01446500,06-21,2190.0,2430.0,2800.0,4010,6970.0,11300.0,14700.0
01446500,06-22,2090.0,2360.0,2890.0,3940,6310.0,10700.0,14800.0
01446500,06-23,2010.0,2400.0,2770.0,3820,6080.0,11900.0,14600.0
01446500,06-24,2040.0,2260.0,2670.0,3920,5800.0,11200.0,15400.0
01446500,06-25,1990.0,2260.0,2690.0,3860,5740.0,11000.0,16000.0
01446500,06-26,2020.0,2190.0,2620.0,3880,5940.0,9460.0,16700.0
01446500,06-27,1860.0,2140.0,2730.0,3600,5970.0,10800.0,14900.0
01446500,06-28,1810.0,2110.0,2600.0,3650,5970.0,10800.0,15200.0
01446500,06-29,1830.0,2140.0,2750.0,3530,5520.0,11900.0,19500.0
01446500,06-30,1900.0,2220.0,2630.0,3540,5330.0,11500.0,17900.0
01446500,07-01,1880.0,2180.0,2620.0,3470,5640.0,10900.0,25600.0
01446500,07-02,1750.0,2080.0,2680.0,3480,5820.0,11900.0,27900.0
01446500,07-03,1660.0,2050.0,2530.0,3450,5290.0,10600.0,22700.0
01446500,07-04,1590.0,1890.0,2380.0,3280,5530.0,10900.0,19300.0
01446500,07-05,1610.0,1820.0,2400.0,3040,5090.0,8940.0,16600.0
01446500,07-06,1590.0,1730.0,2260.0,3090,5180.0,8720.0,15600.0
01446500,07-07,1560.0,1790.0,2370.0,3040,4920.0,8490.0,13400.0
01446500,07-08,1580.0,1920.0,2390.0,3250,4870.0,8020.0,11500.0
01446500,07-09,1580.0,1970.0,2410.0,3290,4700.0,9180.0,12900.0
01446500,07-10,1540.0,1820.0,2500.0,3160,4890.0,10500.0,13000.0
01446500,07-11,1390.0,1730.0,2360.0,3260,4880.0,9560.0,13900.0
01446500,07-12,1430.0,1690.0,2300.0,3150,4550.0,9140.0,11200.0
01446500,07-13,1460.0,1790.0,2210.0,3050,5030.0,8700.0,11200.0
01446500,07-14,1440.0,1850.0,2350.0,2990,4970.0,8680.0,11700.0
01446500,07-15,1330.0,1800.0,2370.0,3090,5350.0,8550.0,10600.0
01446500,07-16,1410.0,1810.0,2360.0,3120,5050.0,7900.0,14100.0
01446500,07-17,1420.0,1710.0,2340.0,3120,4850.0,7800.0,15000.0
01446500,07-18,1240.0,1620.0,2310.0,3050,4750.0,7960.0,13800.0
01446500,07-19,1390.0,1730.0,2290.0,3110,4520.0,7360.0,13200.0
01446500,07-20,1380.0,1690.0,2300.0,3220,4390.0,6560.0,11200.0
01446500,07-21,1200.0,1730.0,2250.0,3050,4520.0,6290.0,9690.0
01446500,07-22,1350.0,1770.0,2230.0,3170,4380.0,6450.0,9090.0
01446500,07-23,1390.0,1690.0,2270.0,3210,4330.0,7370.0,11200.0
01446500,07-24,1260.0,1650.0,2330.0,3030,4710.0,7400.0,12400.0
01446500,07-25,1120.0,1610.0,2320.0,3150,4790.0,7910.0,12700.0
01446500,07-26,1290.0,1600.0,2230.0,2960,4550.0,8320.0,12100.0
01446500,07-27,1380.0,1620.0,2160.0,2830,4640.0,7510.0,10400.0
01446500,07-28,1270.0,1530.0,2110.0,2860,4530.0,7460.0,12000.0
01446500,07-29,1440.0,1670.0,2190.0,2970,5150.0,7910.0,15500.0
01446500,07-30,1470.0,1580.0,2180.0,2970,4900.0,7510.0,11400.0
01446500,07-31,1370.0,1640.0,2200.0,2860,4800.0,7450.0,9540.0
01446500,08-01,1230.0,1580.0,2130.0,3020,4720.0,6860.0,8550.0
01446500,08-02,1320.0,1520.0,2120.0,3120,4320.0,6910.0,8660.0
01446500,08-03,1220.0,1570.0,2160.0,3060,4500.0,7350.0,11700.0
01446500,08-04,1210.0,1570.0,2080.0,3020,4430.0,7890.0,13400.0
01446500,08-05,1320.0,1570.0,2120.0,3090,3890.0,7190.0,11400.0
01446500,08-06,1260.0,1510.0,2080.0,2900,3990.0,6920.0,11000.0
01446500,08-07,1270.0,1510.0,2030.0,2830,4090.0,6430.0,11500.0
01446500,08-08,1160.0,1590.0,2100.0,2740,4330.0,7250.0,10700.0
01446500,08-09,1130.0,1520.0,2040.0,2660,4690.0,8090.0,9920.0
01446500,08-10,1260.0,1360.0,2020.0,2710,4590.0,8590.0,11800.0
01446500,08-11,1200.0,1440.0,2030.0,2750,4440.0,9140.0,14300.0
01446500,08-12,1200.0,1520.0,2030.0,2840,4410.0,8560.0,13700.0
01446500,08-13,1200.0,1530.0,2050.0,2920,4470.0,7610.0,14400.0
01446500,08-14,1260.0,1620.0,2000.0,2670,4460.0,7600.0,14900.0
01446500,08-15,1190.0,1470.0,2060.0,2770,4160.0,8440.0,12000.0
01446500,08-16,1210.0,1510.0,2070.0,2730,4210.0,8820.0,12100.0
01446500,08-17,1260.0,1440.0,2140.0,2680,4680.0,7700.0,12700.0
01446500,08-18,1270.0,1480.0,2140.0,2620,4230.0,9050.0,12900.0
01446500,08-19,1200.0,1470.0,2060.0,2600,4320.0,9720.0,13600.0
01446500,08-20,1190.0,1490.0,2010.0,2540,4360.0,9110.0,14000.0
01446500,08-21,1100.0,1450.0,1920.0,2560,4000.0,7030.0,12000.0
01446500,08-22,1070.0,1480.0,1950.0,2730,4060.0,7480.0,11100.0
01446500,08-23,1090.0,1510.0,1980.0,2630,4040.0,7580.0,14700.0
01446500,08-24,1020.0,1440.0,2010.0,2650,3970.0,7230.0,14100.0
01446500,08-25,1060.0,1510.0,1980.0,2650,3770.0,7800.0,10700.0
01446500,08-26,1020.0,1380.0,1960.0,2720,4050.0,8210.0,10400.0
01446500,08-27,1110.0,1370.0,2010.0,2670,3790.0,7600.0,10200.0
01446500,08-28,993.0,1500.0,2080.0,2540,3700.0,7610.0,9240.0
01446500,08-29,1110.0,1460.0,2060.0,2610,3980.0,7510.0,13000.0
01446500,08-30,1300.0,1590.0,1960.0,2540,3880.0,7280.0,9470.0
01446500,08-31,1500.0,1590.0,2030.0,2540,4120.0,7100.0,10100.0
01446500,09-01,1430.0,1640.0,2080.0,2550,4200.0,7700.0,10600.0
01446500,09-02,1250.0,1460.0,2030.0,2410,3960.0,7520.0,12200.0
01446500,09-03,1310.0,1450.0,1910.0,2370,4030.0,7880.0,17200.0
01446500,09-04,1200.0,1360.0,1920.0,2440,3710.0,8240.0,16200.0
01446500,09-05,1190.0,1410.0,1930.0,2420,3540.0,6830.0,15300.0
01446500,09-06,1120.0,1380.0,1890.0,2440,3850.0,7030.0,13000.0
01446500,09-07,1140.0,1350.0,1900.0,2400,4060.0,7680.0,13700.0
01446500,09-08,1190.0,1340.0,1850.0,2410,3720.0,7150.0,12100.0
01446500,09-09,1280.0,1420.0,1920.0,2410,3580.0,8010.0,11700.0
01446500,09-10,1310.0,1390.0,1990.0,2510,3800.0,7550.0,9750.0
01446500,09-11,1360.0,1510.0,2030.0,2600,3750.0,7010.0,13400.0
01446500,09-12,1390.0,1530.0,2010.0,2630,3790.0,7030.0,10700.0
01446500,09-13,1240.0,1460.0,1980.0,2580,3760.0,6880.0,11200.0
01446500,09-14,1100.0,1480.0,1990.0,2600,3730.0,5960.0,10600.0
01446500,09-15,1190.0,1550.0,1980.0,2380,4140.0,8030.0,13800.0
01446500,09-16,1270.0,1440.0,1970.0,2500,3930.0,9650.0,14800.0
01446500,09-17,1190.0,1480.0,2090.0,2720,3820.0,11400.0,15500.0
01446500,09-18,1270.0,1530.0,2000.0,2660,3790.0,11600.0,15500.0
01446500,09-19,1250.0,1450.0,1990.0,2710,3890.0,11100.0,16900.0
01446500,09-20,1110.0,1550.0,1900.0,2660,3830.0,10800.0,17900.0
01446500,09-21,1200.0,1370.0,2050.0,2700,4170.0,10200.0,17900.0
01446500,09-22,1240.0,1500.0,2040.0,2580,4030.0,10200.0,14100.0
01446500,09-23,1410.0,1530.0,2000.0,2630,3730.0,10300.0,13000.0
01446500,09-24,1310.0,1440.0,2020.0,2570,3920.0,9760.0,18000.0
01446500,09-25,1150.0,1450.0,1980.0,2530,4090.0,9860.0,17500.0
01446500,09-26,1080.0,1500.0,1990.0,2540,4010.0,9560.0,20300.0
01446500,09-27,1090.0,1480.0,2030.0,2620,3910.0,10300.0,16600.0
01446500,09-28,1200.0,1360.0,1960.0,2580,4010.0,13800.0,23300.0
01446500,09-29,1210.0,1440.0,1960.0,2610,4360.0,12800.0,28900.0
01446500,09-30,1260.0,1480.0,1960.0,2630,4250.0,12200.0,21600.0
01446500,10-01,1300.0,1480.0,2140.0,2620,4970.0,12800.0,20600.0
01446500,10-02,1350.0,1620.0,2090.0,2540,5150.0,11000.0,16900.0
01446500,10-03,1210.0,1560.0,2050.0,2550,4930.0,10700.0,19800.0
01446500,10-04,1180.0,1440.0,2050.0,2710,4820.0,11100.0,15000.0
01446500,10-05,1170.0,1420.0,2080.0,2630,5430.0,10400.0,14800.0
01446500,10-06,1220.0,1570.0,2030.0,2720,5660.0,10300.0,17000.0
01446500,10-07,1250.0,1500.0,2050.0,2630,5540.0,10800.0,17200.0
01446500,10-08,1370.0,1560.0,2070.0,2670,4880.0,11500.0,14000.0
01446500,10-09,1400.0,1540.0,2050.0,2750,4980.0,10200.0,13200.0
01446500,10-10,1340.0,1480.0,2040.0,3020,4770.0,10900.0,14900.0
01446500,10-11,1200.0,1550.0,2050.0,2980,4850.0,9030.0,13400.0
01446500,10-12,1190.0,1490.0,2100.0,2740,5280.0,8710.0,12900.0
01446500,10-13,1130.0,1300.0,2070.0,2720,5400.0,7820.0,13200.0
01446500,10-14,1070.0,1320.0,2060.0,2650,5130.0,9270.0,11800.0
01446500,10-15,1190.0,1380.0,2120.0,2630,4800.0,9290.0,15000.0
01446500,10-16,1370.0,1580.0,2020.0,2830,4670.0,8630.0,14000.0
01446500,10-17,1320.0,1560.0,2100.0,2870,4590.0,8340.0,14000.0
01446500,10-18,1140.0,1490.0,2070.0,2700,4850.0,8800.0,13900.0
01446500,10-19,1200.0,1490.0,2180.0,2720,5150.0,9350.0,15900.0
01446500,10-20,1200.0,1470.0,2080.0,2860,5540.0,10700.0,24600.0
01446500,10-21,1170.0,1350.0,2110.0,2740,5580.0,11600.0,25800.0
01446500,10-22,1110.0,1440.0,2090.0,2620,4910.0,12500.0,25300.0
01446500,10-23,1220.0,1480.0,2010.0,2820,5010.0,12500.0,19400.0
01446500,10-24,1220.0,1550.0,2110.0,3080,4860.0,14000.0,18600.0
01446500,10-25,1120.0,1490.0,2230.0,3220,6500.0,12700.0,17100.0
01446500,10-26,1210.0,1400.0,2180.0,3420,7400.0,13000.0,16100.0
01446500,10-27,1170.0,1370.0,2270.0,3280,7720.0,11600.0,18700.0
01446500,10-28,1050.0,1520.0,2220.0,3780,8560.0,12100.0,19800.0
01446500,10-29,1400.0,1690.0,2140.0,3900,8320.0,16200.0,19200.0
01446500,10-30,1530.0,1660.0,2290.0,4070,7840.0,14100.0,17200.0
01446500,10-31,1380.0,1640.0,2170.0,4070,7670.0,14200.0,21400.0
01446500,11-01,1390.0,1580.0,2180.0,4490,7920.0,12800.0,17900.0
01446500,11-02,1370.0,1690.0,2180.0,4350,8010.0,12600.0,19200.0
01446500,11-03,1310.0,1650.0,2240.0,4660,7810.0,12700.0,17900.0
01446500,11-04,1320.0,1550.0,2280.0,4680,8610.0,13900.0,17100.0
01446500,11-05,1380.0,1740.0,2390.0,4710,7850.0,13400.0,17700.0
01446500,11-06,1490.0,1770.0,2520.0,4580,7660.0,12800.0,17100.0
01446500,11-07,1490.0,1910.0,2740.0,5030,7270.0,11100.0,16600.0
01446500,11-08,1500.0,1950.0,2790.0,4880,7380.0,11000.0,14900.0
01446500,11-09,1440.0,1930.0,2700.0,4860,7430.0,12900.0,20400.0
01446500,11-10,1320.0,1970.0,2580.0,4840,8200.0,14200.0,24700.0
01446500,11-11,1440.0,1920.0,2790.0,4530,8200.0,16200.0,27100.0
01446500,11-12,1420.0,1920.0,3050.0,4440,8460.0,15100.0,21900.0
01446500,11-13,1400.0,1770.0,3100.0,4800,7860.0,14400.0,22300.0
01446500,11-14,1380.0,2010.0,3040.0,4690,9920.0,17700.0,22100.0
01446500,11-15,1400.0,2090.0,2970.0,4800,9050.0,16100.0,23000.0
01446500,11-16,1430.0,1980.0,2880.0,5100,9120.0,17300.0,21100.0
01446500,11-17,1510.0,1860.0,2770.0,5060,9210.0,18100.0,24600.0
01446500,11-18,1670.0,1890.0,2780.0,4760,9910.0,17000.0,26200.0
01446500,11-19,1660.0,2040.0,2750.0,4800,10700.0,17100.0,22000.0
01446500,11-20,1670.0,2210.0,2910.0,4770,9810.0,17300.0,23800.0
01446500,11-21,1610.0,2190.0,2940.0,5390,9970.0,16600.0,20000.0
01446500,11-22,1820.0,2080.0,2930.0,5700,11200.0,17400.0,23300.0
01446500,11-23,1830.0,2140.0,3020.0,5800,10700.0,15300.0,19500.0
01446500,11-24,1890.0,2160.0,3300.0,5940,9590.0,15500.0,20800.0
01446500,11-25,1910.0,2300.0,3210.0,6540,9220.0,15300.0,18500.0
01446500,11-26,1920.0,2260.0,3330.0,6230,9330.0,14400.0,16900.0
01446500,11-27,1960.0,2350.0,3450.0,6180,9600.0,14200.0,21600.0
01446500,11-28,2090.0,2240.0,3600.0,6290,9600.0,16300.0,22300.0
01446500,11-29,1970.0,2460.0,4200.0,6070,10900.0,21400.0,25500.0
01446500,11-30,2040.0,2670.0,4170.0,6810,11500.0,18900.0,27300.0
01446500,12-01,1940.0,2660.0,4200.0,6300,12200.0,20900.0,24800.0
01446500,12-02,2100.0,2580.0,4060.0,6620,11500.0,20500.0,25500.0
01446500,12-03,2470.0,2790.0,3850.0,6780,10500.0,17900.0,28900.0
01446500,12-04,2440.0,2790.0,3930.0,6620,10700.0,18700.0,22900.0
01446500,12-05,2230.0,2760.0,3800.0,6400,11300.0,18100.0,20300.0
01446500,12-06,2170.0,2630.0,4020.0,6270,10800.0,17300.0,27100.0
01446500,12-07,2150.0,2650.0,4260.0,6270,10800.0,18200.0,23900.0
01446500,12-08,2000.0,2580.0,4000.0,6550,12200.0,19400.0,29500.0
01446500,12-09,2070.0,2460.0,4190.0,6760,11600.0,17700.0,30900.0
01446500,12-10,1980.0,2390.0,4460.0,6550,10900.0,19300.0,26100.0
01446500,12-11,2090.0,2420.0,4180.0,6890,11500.0,22200.0,26900.0
01446500,12-12,1920.0,2400.0,3850.0,6700,11300.0,22700.0,30100.0
01446500,12-13,1780.0,2360.0,3940.0,6570,12100.0,21300.0,26300.0
01446500,12-14,2030.0,2700.0,3880.0,6540,11800.0,20800.0,34500.0
01446500,12-15,1960.0,2840.0,3910.0,6880,12800.0,18600.0,25600.0
01446500,12-16,1940.0,2620.0,3880.0,7150,12000.0,17100.0,23000.0
01446500,12-17,2010.0,2630.0,4330.0,6840,11000.0,16500.0,21500.0
01446500,12-18,1980.0,2820.0,4120.0,6720,9820.0,17300.0,21800.0
01446500,12-19,2160.0,2810.0,4120.0,6700,10200.0,16500.0,22200.0
01446500,12-20,1990.0,2790.0,4380.0,6620,10100.0,15200.0,22700.0
01446500,12-21,1940.0,2830.0,4180.0,7040,9980.0,17300.0,24400.0
01446500,12-22,1960.0,2570.0,4360.0,6440,10600.0,16400.0,27000.0
01446500,12-23,1900.0,2620.0,4120.0,6830,10700.0,15400.0,23200.0
01446500,12-24,2150.0,2890.0,4150.0,6620,10500.0,18900.0,20900.0
01446500,12-25,2100.0,2800.0,4340.0,6410,10400.0,19700.0,22800.0
01446500,12-26,1960.0,2590.0,4070.0,6110,10100.0,17900.0,21600.0
01446500,12-27,2010.0,2670.0,3820.0,6160,11100.0,17200.0,20100.0
01446500,12-28,2300.0,2840.0,4070.0,5960,10400.0,16300.0,23800.0
01446500,12-29,2310.0,3010.0,3920.0,6240,10400.0,16600.0,22000.0
01446500,12-30,2340.0,2950.0,4060.0,6520,10300.0,16500.0,22700.0
01446500,12-31,2020.0,2710.0,3970.0,6620,10600.0,17500.0,21000.0
01457500,01-01,,,10000.0,18200,23900.0,,
01457500,01-02,,,11300.0,16700,22000.0,,
01457500,01-03,,,11100.0,17700,20200.0,,
01457500,01-04,,,11300.0,16800,19800.0,,
01457500,01-05,,,10400.0,15100,20900.0,,
01457500,01-06,,,9550.0,14500,19600.0,,
01457500,01-07,,,8610.0,14100,17400.0,,
01457500,01-08,,,8010.0,13200,15400.0,,
01457500,01-09,,,7640.0,11700,16600.0,,
01457500,01-10,,,6970.0,10700,21200.0,,
01457500,01-11,,,7160.0,10100,19600.0,,
01457500,01-12,,,7050.0,10100,17000.0,,
01457500,01-13,,,7430.0,10800,15800.0,,
01457500,01-14,,,7200.0,11800,15500.0,,
01457500,01-15,,,6520.0,10900,15000.0,,
01457500,01-16,,,5710.0,10700,13800.0,,
01457500,01-17,,,6490.0,10700,13000.0,,
01457500,01-18,,,6050.0,10300,12400.0,,
01457500,01-19,,,5880.0,9510,12100.0,,
01457500,01-20,,,5790.0,9170,15800.0,,
01457500,01-21,,,5240.0,8860,18200.0,,
01457500,01-22,,,4880.0,8570,15600.0,,
01457500,01-23,,,4640.0,8280,16000.0,,
01457500,01-24,,,4570.0,8040,18500.0,,
01457500,01-25,,,4860.0,9200,17800.0,,
01457500,01-26,,,4710.0,13000,27400.0,,
01457500,01-27,,,4480.0,13600,33100.0,,
01457500,01-28,,,4530.0,12800,29100.0,,
01457500,01-29,,,4730.0,10900,24000.0,,
01457500,01-30,,,4370.0,9640,20900.0,,
01457500,01-31,,,4650.0,9300,18000.0,,
01457500,02-01,,,4630.0,9040,15100.0,,
01457500,02-02,,,4540.0,8360,14400.0,,
01457500,02-03,,,4780.0,9240,14100.0,,
01457500,02-04,,,5250.0,11000,18700.0,,
01457500,02-05,,,5220.0,10400,17500.0,,
01457500,02-06,,,5340.0,11000,17200.0,,
01457500,02-07,,,5190.0,11900,17000.0,,
01457500,02-08,,,4440.0,12400,17600.0,,
01457500,02-09,,,4470.0,11800,19000.0,,
01457500,02-10,,,4360.0,10700,16300.0,,
01457500,02-11,,,4290.0,10200,16600.0,,
01457500,02-12,,,4310.0,9720,16000.0,,
01457500,02-13,,,4420.0,9850,17100.0,,
01457500,02-14,,,4690.0,9700,17800.0,,
01457500,02-15,,,4560.0,8600,16700.0,,
01457500,02-16,,,5680.0,8190,14000.0,,
01457500,02-17,,,8090.0,9000,13200.0,,
01457500,02-18,,,7180.0,9510,13300.0,,
01457500,02-19,,,6880.0,9240,14500.0,,
01457500,02-20,,,6780.0,8740,13700.0,,
01457500,02-21,,,7180.0,8360,14600.0,,
01457500,02-22,,,7500.0,8410,13200.0,,
01457500,02-23,,,7170.0,8540,13800.0,,
01457500,02-24,,,6870.0,8560,14800.0,,
01457500,02-25,,,6670.0,8870,15700.0,,
01457500,02-26,,,6650.0,8840,15600.0,,
01457500,02-27,,,6200.0,9140,14300.0,,
01457500,02-28,,,7410.0,11200,15100.0,,
01457500,02-29,,,,16700,,,
01457500,03-01,,,8390.0,13000,16000.0,,
01457500,03-02,,,8400.0,11700,17100.0,,
01457500,03-03,,,8340.0,11400,17000.0,,
01457500,03-04,,,11800.0,12700,16900.0,,
01457500,03-05,,,11100.0,13300,16900.0,,
01457500,03-06,,,11900.0,13700,15000.0,,
01457500,03-07,,,11000.0,12800,31300.0,,
01457500,03-08,,,10900.0,14700,24100.0,,
01457500,03-09,,,10500.0,13900,22200.0,,
01457500,03-10,,,11400.0,12900,18900.0,,
01457500,03-11,,,12400.0,13100,16500.0,,
01457500,03-12,,,12300.0,13200,19100.0,,
01457500,03-13,,,12000.0,12700,31800.0,,
01457500,03-14,,,11600.0,13100,32000.0,,
01457500,03-15,,,10600.0,13800,25600.0,,
01457500,03-16,,,9710.0,15000,20000.0,,
01457500,03-17,,,12100.0,16700,20600.0,,
01457500,03-18,,,12800.0,17300,19100.0,,
01457500,03-19,,,14300.0,17600,19500.0,,
01457500,03-20,,,13900.0,15800,18500.0,,
01457500,03-21,,,13400.0,14300,19300.0,,
01457500,03-22,,,12300.0,14300,20500.0,,
01457500,03-23,,,12400.0,17100,19500.0,,
01457500,03-24,,,13700.0,16900,28400.0,,
01457500,03-25,,,13500.0,17400,25100.0,,
01457500,03-26,,,13900.0,17400,27400.0,,
01457500,03-27,,,13000.0,16700,23700.0,,
01457500,03-28,,,12700.0,16900,22600.0,,
01457500,03-29,,,13700.0,15400,21800.0,,
01457500,03-30,,,13400.0,15200,20000.0,,
01457500,03-31,,,12700.0,15200,17900.0,,
01457500,04-01,,,14800.0,16800,20500.0,,
01457500,04-02,,,14800.0,17100,20400.0,,
01457500,04-03,,,14200.0,16400,26100.0,,
01457500,04-04,,,12800.0,15700,23700.0,,
01457500,04-05,,,11400.0,14300,23300.0,,
01457500,04-06,,,10800.0,13500,23900.0,,
01457500,04-07,,,10700.0,12800,29600.0,,
01457500,04-08,,,11200.0,12300,29400.0,,
01457500,04-09,,,10500.0,12200,27300.0,,
01457500,04-10,,,10100.0,11000,24400.0,,
01457500,04-11,,,9860.0,11700,22100.0,,
01457500,04-12,,,10800.0,12400,25700.0,,
01457500,04-13,,,14100.0,15700,35000.0,,
01457500,04-14,,,14400.0,24900,33900.0,,
01457500,04-15,,,13200.0,26400,35000.0,,
01457500,04-16,,,12300.0,22600,30700.0,,
01457500,04-17,,,11800.0,19200,26400.0,,
01457500,04-18,,,10700.0,18200,22700.0,,
01457500,04-19,,,9630.0,18000,28500.0,,
01457500,04-20,,,8690.0,17000,34100.0,,
01457500,04-21,,,8210.0,16400,32900.0,,
01457500,04-22,,,7990.0,15600,30100.0,,
01457500,04-23,,,8430.0,15000,27100.0,,
01457500,04-24,,,7950.0,13900,25000.0,,
01457500,04-25,,,7790.0,13400,22600.0,,
01457500,04-26,,,7510.0,12100,20500.0,,
01457500,04-27,,,7340.0,10600,18500.0,,
01457500,04-28,,,9410.0,11200,24200.0,,
01457500,04-29,,,9270.0,12000,21600.0,,
01457500,04-30,,,8430.0,14200,19300.0,,
01457500,05-01,,,8100.0,12400,32400.0,,
01457500,05-02,,,9870.0,11900,52800.0,,
01457500,05-03,,,9540.0,12000,45000.0,,
01457500,05-04,,,8520.0,11800,34700.0,,
01457500,05-05,,,11500.0,13300,29800.0,,
01457500,05-06,,,12500.0,26500,32900.0,,
01457500,05-07,,,20200.0,22800,30600.0,,
01457500,05-08,,,17400.0,22300,29000.0,,
01457500,05-09,,,17800.0,18900,23300.0,,
01457500,05-10,,,15400.0,18700,19900.0,,
01457500,05-11,,,13700.0,15500,22500.0,,
01457500,05-12,,,12900.0,13500,24400.0,,
01457500,05-13,,,11800.0,13000,34000.0,,
01457500,05-14,,,11700.0,12100,35900.0,,
01457500,05-15,,,10800.0,11600,42400.0,,
01457500,05-16,,,11000.0,11200,39200.0,,
01457500,05-17,,,10100.0,12800,32700.0,,
01457500,05-18,,,9480.0,12400,27800.0,,
01457500,05-19,,,8890.0,12100,24400.0,,
01457500,05-20,,,8210.0,11000,20800.0,,
01457500,05-21,,,7480.0,9870,18600.0,,
01457500,05-22,,,6790.0,9110,19600.0,,
01457500,05-23,,,6330.0,8800,19600.0,,
01457500,05-24,,,5900.0,9960,18500.0,,
01457500,05-25,,,5580.0,9220,17300.0,,
01457500,05-26,,,5310.0,8410,14600.0,,
01457500,05-27,,,5570.0,8200,13200.0,,
01457500,05-28,,,5590.0,10800,13000.0,,
01457500,05-29,,,7440.0,12800,13700.0,,
01457500,05-30,,,7910.0,11300,12900.0,,
01457500,05-31,,,8030.0,11200,18600.0,,
01457500,06-01,,,7710.0,9830,26400.0,,
01457500,06-02,,,6820.0,10400,21800.0,,
01457500,06-03,,,6930.0,9330,18100.0,,
01457500,06-04,,,7260.0,9030,15600.0,,
01457500,06-05,,,6950.0,9930,13800.0,,
01457500,06-06,,,7220.0,9170,12300.0,,
01457500,06-07,,,6790.0,7780,11700.0,,
01457500,06-08,,,6690.0,7640,11100.0,,
01457500,06-09,,,6320.0,9810,12400.0,,
01457500,06-10,,,5910.0,9420,16500.0,,
01457500,06-11,,,5620.0,9580,15100.0,,
01457500,06-12,,,5760.0,11600,16300.0,,
01457500,06-13,,,5550.0,10600,14600.0,,
01457500,06-14,,,5260.0,9540,12700.0,,
01457500,06-15,,,5300.0,8540,11700.0,,
01457500,06-16,,,5400.0,7850,10100.0,,
01457500,06-17,,,5020.0,7120,11900.0,,
01457500,06-18,,,4790.0,6660,13100.0,,
01457500,06-19,,,4680.0,6460,15500.0,,
01457500,06-20,,,4800.0,6410,16900.0,,
01457500,06-21,,,4850.0,5900,15100.0,,
01457500,06-22,,,5080.0,5770,12600.0,,
01457500,06-23,,,5450.0,6030,13600.0,,
01457500,06-24,,,5290.0,5840,17000.0,,
01457500,06-25,,,5170.0,5860,16500.0,,
01457500,06-26,,,4800.0,7230,13800.0,,
01457500,06-27,,,4960.0,9850,12800.0,,
01457500,06-28,,,5080.0,8390,11400.0,,
01457500,06-29,,,4850.0,7610,10800.0,,
01457500,06-30,,,5020.0,6930,9340.0,,
01457500,07-01,,,5190.0,6540,8490.0,,
01457500,07-02,,,5110.0,6230,7990.0,,
01457500,07-03,,,5240.0,6070,7690.0,,
01457500,07-04,,,4970.0,7240,7420.0,,
01457500,07-05,,,5160.0,6920,8860.0,,
01457500,07-06,,,4900.0,7100,7820.0,,
01457500,07-07,,,5350.0,6830,7480.0,,
01457500,07-08,,,5150.0,6460,6700.0,,
01457500,07-09,,,5190.0,6550,9990.0,,
01457500,07-10,,,5030.0,7700,17600.0,,
01457500,07-11,,,5510.0,9570,14400.0,,
01457500,07-12,,,4920.0,12100,15000.0,,
01457500,07-13,,,5300.0,8390,14600.0,,
01457500,07-14,,,4960.0,7300,11200.0,,
01457500,07-15,,,4660.0,8270,21400.0,,
01457500,07-16,,,4510.0,6940,18000.0,,
01457500,07-17,,,4810.0,6110,13600.0,,
01457500,07-18,,,5560.0,9020,13900.0,,
01457500,07-19,,,5490.0,8490,20600.0,,
01457500,07-20,,,5170.0,7420,16500.0,,
01457500,07-21,,,4960.0,6570,14500.0,,
01457500,07-22,,,4670.0,5900,13000.0,,
01457500,07-23,,,4690.0,5970,13100.0,,
01457500,07-24,,,4550.0,5490,11000.0,,
01457500,07-25,,,4930.0,5480,9680.0,,
01457500,07-26,,,4870.0,6260,9710.0,,
01457500,07-27,,,4720.0,7240,8370.0,,
01457500,07-28,,,4420.0,5810,7600.0,,
01457500,07-29,,,4270.0,5160,7150.0,,
01457500,07-30,,,3920.0,5340,8160.0,,
01457500,07-31,,,4070.0,5210,6860.0,,
01457500,08-01,,,3930.0,6070,7570.0,,
01457500,08-02,,,4500.0,6010,6850.0,,
01457500,08-03,,,5170.0,6140,6560.0,,
01457500,08-04,,,5560.0,6070,7140.0,,
01457500,08-05,,,4580.0,5860,6420.0,,
01457500,08-06,,,4160.0,5530,6290.0,,
01457500,08-07,,,3980.0,7010,9710.0,,
01457500,08-08,,,3920.0,7930,10900.0,,
01457500,08-09,,,3900.0,8070,12900.0,,
01457500,08-10,,,4280.0,7310,12000.0,,
01457500,08-11,,,4230.0,6640,10000.0,,
01457500,08-12,,,3880.0,5950,8540.0,,
01457500,08-13,,,4140.0,5360,8310.0,,
01457500,08-14,,,5010.0,5270,9490.0,,
01457500,08-15,,,4780.0,5250,9650.0,,
01457500,08-16,,,4350.0,5060,8380.0,,
01457500,08-17,,,4200.0,5050,7450.0,,
01457500,08-18,,,4040.0,5680,8090.0,,
01457500,08-19,,,3550.0,6770,17700.0,,
01457500,08-20,,,3440.0,6020,14800.0,,
01457500,08-21,,,3710.0,5840,11700.0,,
01457500,08-22,,,4380.0,5630,9610.0,,
01457500,08-23,,,4790.0,6660,9730.0,,
01457500,08-24,,,4410.0,5530,8610.0,,
01457500,08-25,,,4140.0,5560,9780.0,,
01457500,08-26,,,3430.0,4850,13400.0,,
01457500,08-27,,,3180.0,4680,13200.0,,
01457500,08-28,,,3260.0,4520,10500.0,,
01457500,08-29,,,3170.0,4890,9090.0,,
01457500,08-30,,,3140.0,5340,8620.0,,
01457500,08-31,,,3690.0,5520,11100.0,,
01457500,09-01,,,3440.0,4920,12300.0,,
01457500,09-02,,,3470.0,4800,9460.0,,
01457500,09-03,,,3180.0,5120,8420.0,,
01457500,09-04,,,3410.0,4720,8880.0,,
01457500,09-05,,,4080.0,5650,7190.0,,
01457500,09-06,,,3970.0,4620,6810.0,,
01457500,09-07,,,3730.0,5660,10300.0,,
01457500,09-08,,,3720.0,5150,19000.0,,
01457500,09-09,,,3750.0,5090,13800.0,,
01457500,09-10,,,3620.0,4920,10600.0,,
01457500,09-11,,,3540.0,5080,10500.0,,
01457500,09-12,,,3800.0,4590,10700.0,,
01457500,09-13,,,4060.0,4510,10500.0,,
01457500,09-14,,,3890.0,4420,9460.0,,
01457500,09-15,,,3810.0,4490,8930.0,,
01457500,09-16,,,3670.0,4470,7890.0,,
01457500,09-17,,,3630.0,4390,6810.0,,
01457500,09-18,,,3410.0,4270,6790.0,,
01457500,09-19,,,3330.0,4210,7100.0,,
01457500,09-20,,,3180.0,4130,7310.0,,
01457500,09-21,,,3060.0,4060,6680.0,,
01457500,09-22,,,3180.0,4080,6190.0,,
01457500,09-23,,,3190.0,3870,7300.0,,
01457500,09-24,,,3330.0,3830,8360.0,,
01457500,09-25,,,3330.0,3970,18600.0,,
01457500,09-26,,,3420.0,4080,28700.0,,
01457500,09-27,,,3400.0,4190,22200.0,,
01457500,09-28,,,3570.0,4440,18300.0,,
01457500,09-29,,,3530.0,4180,15500.0,,
01457500,09-30,,,3430.0,4280,15400.0,,
01457500,10-01,,,3630.0,5230,14100.0,,
01457500,10-02,,,3440.0,5360,12900.0,,
01457500,10-03,,,3430.0,4690,12000.0,,
01457500,10-04,,,3470.0,4600,11900.0,,
01457500,10-05,,,3390.0,6550,17000.0,,
01457500,10-06,,,3360.0,6380,20800.0,,
01457500,10-07,,,3340.0,6990,16700.0,,
01457500,10-08,,,3430.0,7150,15400.0,,
01457500,10-09,,,3280.0,5800,16200.0,,
01457500,10-10,,,3090.0,5170,13600.0,,
01457500,10-11,,,3500.0,4780,12100.0,,
01457500,10-12,,,3750.0,5190,10700.0,,
01457500,10-13,,,4060.0,5420,10000.0,,
01457500,10-14,,,3680.0,6240,12000.0,,
01457500,10-15,,,3260.0,6270,12000.0,,
01457500,10-16,,,3710.0,6170,10200.0,,
01457500,10-17,,,3680.0,8270,9720.0,,
01457500,10-18,,,3360.0,8390,9720.0,,
01457500,10-19,,,3320.0,7840,10400.0,,
01457500,10-20,,,3550.0,6700,8810.0,,
01457500,10-21,,,3480.0,6030,8530.0,,
01457500,10-22,,,3470.0,5470,8080.0,,
01457500,10-23,,,3340.0,5700,7460.0,,
01457500,10-24,,,3350.0,5450,7370.0,,
01457500,10-25,,,3390.0,5840,7290.0,,
01457500,10-26,,,3380.0,5670,9900.0,,
01457500,10-27,,,3280.0,6130,10900.0,,
01457500,10-28,,,3310.0,6040,13600.0,,
01457500,10-29,,,3520.0,5780,16900.0,,
01457500,10-30,,,4250.0,8430,16100.0,,
01457500,10-31,,,4930.0,10500,16400.0,,
01457500,11-01,,,4950.0,12200,25500.0,,
01457500,11-02,,,5100.0,10600,22300.0,,
01457500,11-03,,,4800.0,9330,26400.0,,
01457500,11-04,,,4480.0,8370,20000.0,,
01457500,11-05,,,4110.0,7580,16500.0,,
01457500,11-06,,,3860.0,6930,14100.0,,
01457500,11-07,,,3600.0,6640,13200.0,,
01457500,11-08,,,3500.0,6350,12600.0,,
01457500,11-09,,,3500.0,6180,11900.0,,
01457500,11-10,,,3600.0,5920,11600.0,,
01457500,11-11,,,3900.0,5840,11100.0,,
01457500,11-12,,,5380.0,6430,12300.0,,
01457500,11-13,,,5180.0,6770,22600.0,,
01457500,11-14,,,4650.0,6930,25600.0,,
01457500,11-15,,,4390.0,6340,22800.0,,
01457500,11-16,,,4290.0,6440,20700.0,,
01457500,11-17,,,4180.0,6520,18200.0,,
01457500,11-18,,,4460.0,6480,16400.0,,
01457500,11-19,,,4810.0,6280,15000.0,,
01457500,11-20,,,4440.0,6200,14200.0,,
01457500,11-21,,,4250.0,6110,13300.0,,
01457500,11-22,,,4350.0,7050,13300.0,,
01457500,11-23,,,4650.0,6710,13600.0,,
01457500,11-24,,,4980.0,7220,13400.0,,
01457500,11-25,,,5010.0,8280,12600.0,,
01457500,11-26,,,4970.0,7980,12100.0,,
01457500,11-27,,,4870.0,8950,13000.0,,
01457500,11-28,,,6590.0,8710,16800.0,,
01457500,11-29,,,7660.0,9250,15700.0,,
01457500,11-30,,,8170.0,10600,14500.0,,
01457500,12-01,,,7450.0,10700,26800.0,,
01457500,12-02,,,6760.0,10600,25500.0,,
01457500,12-03,,,6290.0,10700,19600.0,,
01457500,12-04,,,5560.0,10300,16800.0,,
01457500,12-05,,,5260.0,9860,16600.0,,
01457500,12-06,,,4910.0,9730,14500.0,,
01457500,12-07,,,4760.0,10700,15200.0,,
01457500,12-08,,,4580.0,10000,18000.0,,
01457500,12-09,,,4560.0,9450,16100.0,,
01457500,12-10,,,5090.0,9590,14300.0,,
01457500,12-11,,,6210.0,10800,15500.0,,
01457500,12-12,,,8510.0,13300,22800.0,,
01457500,12-13,,,8550.0,12700,24800.0,,
01457500,12-14,,,8140.0,11900,19200.0,,
01457500,12-15,,,8170.0,11500,17400.0,,
01457500,12-16,,,7770.0,11400,17200.0,,
01457500,12-17,,,7690.0,12600,18900.0,,
01457500,12-18,,,7420.0,12400,24300.0,,
01457500,12-19,,,7370.0,12200,21000.0,,
01457500,12-20,,,8540.0,11800,18100.0,,
01457500,12-21,,,8690.0,11800,29100.0,,
01457500,12-22,,,8570.0,9980,34200.0,,
01457500,12-23,,,7810.0,9840,28300.0,,
01457500,12-24,,,7560.0,8940,31000.0,,
01457500,12-25,,,7130.0,16500,33000.0,,
01457500,12-26,,,6550.0,15100,27600.0,,
01457500,12-27,,,6620.0,13500,24000.0,,
01457500,12-28,,,7010.0,13200,38500.0,,
01457500,12-29,,,7300.0,12300,33300.0,,
01457500,12-30,,,9410.0,12000,28800.0,,
01457500,12-31,,,9930.0,16300,23900.0,,
01463500,01-01,3170.0,3960.0,6330.0,9770,17400.0,26400.0,30900.0
01463500,01-02,3190.0,4190.0,6500.0,10200,16700.0,24500.0,29300.0
01463500,01-03,3330.0,4320.0,6030.0,10200,17600.0,24500.0,34800.0
01463500,01-04,3330.0,4560.0,6440.0,10000,18000.0,27200.0,33400.0
01463500,01-05,3330.0,4780.0,6690.0,10100,17100.0,25800.0,30100.0
01463500,01-06,3400.0,4490.0,6620.0,10300,16400.0,25100.0,30400.0
01463500,01-07,3570.0,4760.0,6750.0,10000,17200.0,22100.0,27600.0
01463500,01-08,3720.0,4570.0,6500.0,9900,17200.0,27200.0,32300.0
01463500,01-09,3830.0,4820.0,6060.0,9900,16600.0,28700.0,43900.0
01463500,01-10,3820.0,4780.0,6130.0,9900,15900.0,26600.0,37500.0
01463500,01-11,3360.0,4610.0,6090.0,9080,15200.0,24600.0,35900.0
01463500,01-12,3810.0,4820.0,5960.0,9440,14500.0,26300.0,33200.0
01463500,01-13,3830.0,5000.0,6140.0,9500,14800.0,24000.0,37500.0
01463500,01-14,3830.0,4660.0,5920.0,9410,14800.0,24400.0,35100.0
01463500,01-15,3970.0,4740.0,6010.0,9690,15600.0,24900.0,29700.0
01463500,01-16,3770.0,4440.0,6010.0,9880,14900.0,20800.0,26500.0
01463500,01-17,3360.0,4240.0,5650.0,10100,14500.0,22000.0,26000.0
01463500,01-18,3360.0,4340.0,5780.0,9750,14000.0,20800.0,24500.0
01463500,01-19,3570.0,4420.0,5780.0,9050,13700.0,20800.0,27400.0
01463500,01-20,3770.0,4260.0,6180.0,9150,14000.0,21100.0,28700.0
01463500,01-21,3970.0,4390.0,6200.0,9710,14600.0,22800.0,27100.0
01463500,01-22,3540.0,4280.0,6120.0,9990,14700.0,22100.0,30100.0
01463500,01-23,3350.0,4030.0,6050.0,10000,14800.0,21400.0,30200.0
01463500,01-24,3630.0,4350.0,6460.0,9910,15700.0,24900.0,39000.0
01463500,01-25,3500.0,4490.0,6170.0,10200,18400.0,28000.0,45600.0
01463500,01-26,3660.0,4440.0,6390.0,10300,19200.0,38900.0,51000.0
01463500,01-27,3570.0,4280.0,6200.0,9800,18600.0,37300.0,55800.0
01463500,01-28,3400.0,4320.0,5900.0,9510,20200.0,34400.0,44000.0
01463500,01-29,3540.0,4100.0,6130.0,9830,18700.0,30300.0,40900.0
01463500,01-30,3450.0,4000.0,6390.0,9860,16300.0,25600.0,39800.0
01463500,01-31,3290.0,4000.0,6330.0,9660,15500.0,24600.0,34300.0
01463500,02-01,3190.0,3860.0,6810.0,9500,15100.0,23700.0,35300.0
01463500,02-02,3200.0,3800.0,6580.0,9320,15200.0,24600.0,31700.0
01463500,02-03,3200.0,3830.0,6700.0,9860,17200.0,25300.0,28700.0
01463500,02-04,3470.0,3940.0,7050.0,9670,16300.0,27600.0,31300.0
01463500,02-05,3340.0,4050.0,6750.0,9750,15800.0,23700.0,30900.0
01463500,02-06,3340.0,3960.0,6730.0,9960,15500.0,19500.0,29500.0
01463500,02-07,3470.0,4040.0,7080.0,10000,15000.0,21000.0,24900.0
01463500,02-08,3470.0,4550.0,6890.0,10100,14900.0,20200.0,28800.0
01463500,02-09,3450.0,4400.0,6500.0,10000,13300.0,22200.0,25800.0
01463500,02-10,3570.0,4350.0,6660.0,9700,12900.0,20500.0,23300.0
01463500,02-11,3470.0,4160.0,6550.0,9780,13200.0,19700.0,23700.0
01463500,02-12,3770.0,4200.0,6250.0,9830,13500.0,20300.0,25400.0
01463500,02-13,3890.0,4610.0,6410.0,9750,13400.0,20300.0,26800.0
01463500,02-14,4120.0,5000.0,6360.0,9090,13600.0,21500.0,28800.0
01463500,02-15,4380.0,5030.0,6450.0,8900,14700.0,21700.0,26100.0
01463500,02-16,4400.0,5110.0,6670.0,9500,15700.0,20700.0,26800.0
01463500,02-17,4550.0,5090.0,6600.0,9840,14100.0,22600.0,31000.0
01463500,02-18,4830.0,5260.0,6900.0,10400,14700.0,23400.0,33300.0
01463500,02-19,4860.0,5150.0,6920.0,10000,15500.0,22700.0,31800.0
01463500,02-20,4550.0,5380.0,7070.0,10000,15200.0,23100.0,27100.0
01463500,02-21,4510.0,5340.0,6950.0,9600,15700.0,23400.0,30400.0
01463500,02-22,4630.0,5270.0,6940.0,9890,16200.0,25700.0,37600.0
01463500,02-23,4610.0,5090.0,6940.0,9730,17500.0,29700.0,39000.0
01463500,02-24,4840.0,5110.0,6910.0,10100,19000.0,31000.0,35000.0
01463500,02-25,4810.0,5470.0,7060.0,10900,22800.0,31100.0,36300.0
01463500,02-26,4700.0,5140.0,7180.0,11400,21400.0,32100.0,56100.0
01463500,02-27,4340.0,5340.0,7520.0,12000,21600.0,34300.0,46900.0
01463500,02-28,4440.0,5310.0,7510.0,12300,21700.0,32900.0,37200.0
01463500,02-29,3560.0,4340.0,6830.0,11300,20400.0,29500.0,44400.0
01463500,03-01,4390.0,5440.0,8160.0,12900,20300.0,28800.0,38700.0
01463500,03-02,4720.0,5310.0,8120.0,13300,20500.0,27300.0,34100.0
01463500,03-03,5120.0,5830.0,8000.0,12800,19000.0,28700.0,32800.0
01463500,03-04,4950.0,6450.0,8640.0,13400,19300.0,26200.0,35700.0
01463500,03-05,5830.0,6510.0,9240.0,13500,19900.0,26400.0,36300.0
01463500,03-06,5750.0,6690.0,9710.0,13500,20100.0,27100.0,40800.0
01463500,03-07,5780.0,7280.0,9720.0,13800,21900.0,34400.0,45300.0
01463500,03-08,5960.0,7130.0,9770.0,13500,21500.0,32800.0,42800.0
01463500,03-09,5650.0,7130.0,9830.0,14600,20200.0,35300.0,51600.0
01463500,03-10,5780.0,7550.0,10000.0,14300,21600.0,40500.0,50700.0
01463500,03-11,6090.0,7420.0,9600.0,14300,21700.0,38600.0,58300.0
01463500,03-12,6140.0,7640.0,9780.0,14900,22000.0,38000.0,54900.0
01463500,03-13,6360.0,7600.0,10500.0,14800,24900.0,37900.0,44000.0
01463500,03-14,6370.0,7750.0,11200.0,16000,24400.0,37700.0,53600.0
01463500,03-15,6090.0,8050.0,12100.0,16900,26500.0,36700.0,57900.0
01463500,03-16,6340.0,7520.0,11800.0,17000,24900.0,33600.0,59800.0
01463500,03-17,5980.0,8030.0,12000.0,17400,24200.0,40400.0,49400.0
01463500,03-18,6430.0,7860.0,12100.0,17800,25400.0,39400.0,57200.0
01463500,03-19,6970.0,8110.0,11600.0,17300,25700.0,37600.0,53100.0
01463500,03-20,7360.0,8370.0,11800.0,17000,26200.0,37200.0,46300.0
01463500,03-21,7400.0,8460.0,12200.0,16000,25900.0,36200.0,53200.0
01463500,03-22,7690.0,8600.0,12400.0,17800,26500.0,41000.0,50400.0
01463500,03-23,7510.0,8340.0,13000.0,17300,29200.0,38100.0,56700.0
01463500,03-24,7340.0,7940.0,12900.0,17200,30900.0,43000.0,50800.0
01463500,03-25,7360.0,8420.0,13000.0,17800,28100.0,39800.0,51400.0
01463500,03-26,6940.0,8730.0,13000.0,18000,25800.0,39400.0,46100.0
01463500,03-27,6620.0,9780.0,13900.0,19500,26500.0,38400.0,49100.0
01463500,03-28,6720.0,10700.0,15200.0,18800,27200.0,37300.0,61800.0
01463500,03-29,6690.0,10400.0,15100.0,19800,27600.0,44500.0,65600.0
01463500,03-30,6730.0,11100.0,15000.0,19200,27500.0,50000.0,67100.0
01463500,03-31,6650.0,11000.0,14800.0,18300,28800.0,48400.0,60300.0
01463500,04-01,6670.0,10800.0,14300.0,18800,31200.0,51600.0,66700.0
01463500,04-02,6980.0,10700.0,13700.0,18900,32800.0,51400.0,71700.0
01463500,04-03,7020.0,10400.0,14200.0,19900,33500.0,49300.0,58200.0
01463500,04-04,6910.0,9970.0,14200.0,21100,36300.0,49300.0,60600.0
01463500,04-05,6890.0,9400.0,13700.0,22500,33000.0,53500.0,58900.0
01463500,04-06,6500.0,9140.0,13500.0,22400,33500.0,50200.0,72200.0
01463500,04-07,6750.0,9290.0,13400.0,22700,36500.0,56700.0,75000.0
01463500,04-08,7000.0,8930.0,12600.0,21500,33500.0,55500.0,64100.0
01463500,04-09,7430.0,9260.0,12400.0,21300,32200.0,47300.0,55400.0
01463500,04-10,7210.0,9440.0,12300.0,20400,32400.0,41800.0,49800.0
01463500,04-11,7690.0,9140.0,12300.0,20300,29500.0,40400.0,50800.0
01463500,04-12,8150.0,9190.0,12300.0,19600,27600.0,37600.0,45400.0
01463500,04-13,7820.0,9110.0,11700.0,20400,27500.0,35300.0,40900.0
01463500,04-14,7240.0,8950.0,11900.0,21100,27600.0,33700.0,40200.0
01463500,04-15,7180.0,8890.0,12200.0,19600,26500.0,36300.0,40100.0
01463500,04-16,7030.0,9100.0,12500.0,19400,27600.0,35900.0,56200.0
01463500,04-17,6950.0,8820.0,11800.0,18100,28300.0,41400.0,53900.0
01463500,04-18,6920.0,8800.0,12300.0,17400,27500.0,41400.0,56300.0
01463500,04-19,6560.0,8420.0,12100.0,16700,27500.0,37300.0,47000.0
01463500,04-20,6350.0,8000.0,11500.0,16300,26400.0,34600.0,41500.0
01463500,04-21,6060.0,7760.0,11400.0,16200,23800.0,32600.0,39400.0
01463500,04-22,5950.0,7370.0,11300.0,16200,22300.0,32500.0,41200.0
01463500,04-23,6500.0,8200.0,11200.0,15300,22800.0,32900.0,38700.0
01463500,04-24,6440.0,7910.0,11000.0,15500,22900.0,31500.0,39200.0
01463500,04-25,7110.0,8200.0,11100.0,15100,22300.0,30600.0,34300.0
01463500,04-26,6980.0,8320.0,11000.0,14600,21800.0,29300.0,34800.0
01463500,04-27,7080.0,8170.0,10300.0,15200,20500.0,30100.0,39700.0
01463500,04-28,6860.0,8050.0,10300.0,15500,20700.0,31400.0,39700.0
01463500,04-29,6860.0,7860.0,10500.0,15100,19600.0,29700.0,39400.0
01463500,04-30,6690.0,7860.0,10200.0,14400,19000.0,29500.0,38400.0
01463500,05-01,6800.0,7500.0,9900.0,14000,18200.0,30200.0,41300.0
01463500,05-02,6930.0,7470.0,9930.0,13600,18000.0,27400.0,41200.0
01463500,05-03,7030.0,7660.0,10200.0,13300,17100.0,26000.0,34400.0
01463500,05-04,6620.0,7470.0,10300.0,13200,18500.0,26900.0,32100.0
01463500,05-05,6780.0,7590.0,9950.0,12900,17500.0,27700.0,30500.0
01463500,05-06,6540.0,7360.0,9850.0,12800,17400.0,26400.0,32700.0
01463500,05-07,6100.0,6970.0,9280.0,12400,18100.0,26500.0,29500.0
01463500,05-08,6270.0,6770.0,9210.0,12200,17200.0,24900.0,29000.0
01463500,05-09,6080.0,6930.0,8850.0,11900,16300.0,24400.0,25900.0
01463500,05-10,6140.0,6690.0,8730.0,11900,17200.0,21500.0,25600.0
01463500,05-11,6060.0,6690.0,8930.0,12000,17200.0,22800.0,26400.0
01463500,05-12,5910.0,6800.0,8950.0,12100,16400.0,24600.0,30100.0
01463500,05-13,5580.0,6340.0,8870.0,11900,17000.0,26800.0,35900.0
01463500,05-14,5400.0,6100.0,8480.0,12200,18200.0,29100.0,39500.0
01463500,05-15,5160.0,5960.0,8460.0,11700,18500.0,29400.0,34200.0
01463500,05-16,4900.0,6070.0,8330.0,11600,18100.0,28500.0,31500.0
01463500,05-17,4590.0,5900.0,8090.0,11600,18000.0,28400.0,38800.0
01463500,05-18,4920.0,5780.0,7830.0,10900,18600.0,27100.0,35600.0
01463500,05-19,4930.0,5790.0,8080.0,11600,17500.0,26500.0,35900.0
01463500,05-20,5000.0,5900.0,7660.0,11500,17100.0,29500.0,35100.0
01463500,05-21,4980.0,5880.0,7210.0,11500,16400.0,25900.0,34400.0
01463500,05-22,5000.0,5680.0,7200.0,11900,16600.0,24200.0,32200.0
01463500,05-23,4800.0,6030.0,6930.0,11800,17100.0,25300.0,35000.0
01463500,05-24,4500.0,5810.0,6960.0,11100,16500.0,26400.0,33800.0
01463500,05-25,4630.0,5460.0,7060.0,11200,16300.0,24200.0,30100.0
01463500,05-26,4460.0,5270.0,7100.0,10700,15700.0,25800.0,39800.0
01463500,05-27,4280.0,5070.0,7210.0,10200,15000.0,25300.0,34900.0
01463500,05-28,4130.0,5020.0,6550.0,10100,14000.0,21700.0,34800.0
01463500,05-29,4240.0,4890.0,7120.0,9430,14100.0,20900.0,28000.0
01463500,05-30,4210.0,4880.0,7010.0,9230,13600.0,23600.0,30500.0
01463500,05-31,3800.0,4560.0,6740.0,9130,13200.0,21200.0,31300.0
01463500,06-01,3640.0,5070.0,6010.0,8800,13500.0,21300.0,29600.0
01463500,06-02,3730.0,4920.0,6000.0,9390,13000.0,20900.0,35200.0
01463500,06-03,3940.0,4960.0,5970.0,9010,13000.0,20700.0,36400.0
01463500,06-04,4190.0,4720.0,5790.0,8450,12600.0,18400.0,30100.0
01463500,06-05,4340.0,4710.0,5700.0,8380,12100.0,19200.0,28700.0
01463500,06-06,4310.0,4550.0,5680.0,8370,11600.0,18800.0,25300.0
01463500,06-07,4060.0,4430.0,5450.0,8270,12400.0,19800.0,25000.0
01463500,06-08,3940.0,4340.0,5530.0,7850,12700.0,23900.0,29500.0
01463500,06-09,3750.0,4140.0,5380.0,7400,12700.0,21000.0,25300.0
01463500,06-10,3730.0,3980.0,5460.0,7540,12900.0,18100.0,20600.0
01463500,06-11,3490.0,3820.0,5480.0,7120,12700.0,16400.0,18100.0
01463500,06-12,3520.0,3970.0,5360.0,7170,12700.0,15500.0,19500.0
01463500,06-13,3610.0,4140.0,5100.0,6920,11800.0,18200.0,23200.0
01463500,06-14,3960.0,4220.0,4970.0,6780,11400.0,17100.0,25200.0
01463500,06-15,3860.0,4230.0,4920.0,7100,10700.0,17700.0,24500.0
01463500,06-16,3800.0,4130.0,4870.0,7300,10800.0,17800.0,21800.0
01463500,06-17,3730.0,4210.0,4790.0,7300,10500.0,18200.0,25000.0
01463500,06-18,3560.0,3940.0,4560.0,6730,10900.0,16400.0,22100.0
01463500,06-19,3600.0,4070.0,4710.0,6670,11000.0,16400.0,24000.0
01463500,06-20,3410.0,3910.0,4600.0,6640,11500.0,16500.0,21700.0
01463500,06-21,3390.0,3790.0,4640.0,6400,11200.0,15700.0,19800.0
01463500,06-22,3340.0,3690.0,4520.0,6330,10400.0,14900.0,21000.0
01463500,06-23,3120.0,3520.0,4510.0,6470,9560.0,15700.0,22100.0
01463500,06-24,3000.0,3680.0,4490.0,6490,9270.0,15600.0,22800.0
01463500,06-25,3130.0,3540.0,4560.0,6380,9930.0,14200.0,20600.0
01463500,06-26,3020.0,3390.0,4360.0,6310,8590.0,13400.0,19400.0
01463500,06-27,3090.0,3460.0,4350.0,6030,8980.0,14200.0,23200.0
01463500,06-28,2990.0,3220.0,4460.0,5620,8930.0,16100.0,21700.0
01463500,06-29,2920.0,3250.0,4300.0,5500,8510.0,18100.0,23800.0
01463500,06-30,3010.0,3300.0,4140.0,5430,8170.0,16900.0,27400.0
01463500,07-01,2840.0,3480.0,4180.0,5280,8810.0,15800.0,28000.0
01463500,07-02,2940.0,3250.0,4100.0,5180,9220.0,17300.0,36500.0
01463500,07-03,2700.0,3250.0,4050.0,5490,8800.0,16400.0,34500.0
01463500,07-04,2520.0,3230.0,3900.0,5520,8200.0,14800.0,28100.0
01463500,07-05,2490.0,2900.0,3850.0,5390,7900.0,14300.0,24200.0
01463500,07-06,2490.0,2740.0,3720.0,5060,7750.0,12400.0,21300.0
01463500,07-07,2520.0,2850.0,3610.0,4880,7770.0,12500.0,20300.0
01463500,07-08,2570.0,3000.0,3780.0,4990,7260.0,12500.0,17700.0
01463500,07-09,2500.0,2900.0,3920.0,5290,7450.0,11900.0,18400.0
01463500,07-10,2480.0,2920.0,3880.0,5290,8040.0,16500.0,21400.0
01463500,07-11,2380.0,2940.0,3770.0,5160,7560.0,16500.0,24500.0
01463500,07-12,2290.0,2770.0,3580.0,4970,8190.0,14900.0,19400.0
01463500,07-13,2270.0,2690.0,3690.0,5190,9390.0,14600.0,18400.0
01463500,07-14,2300.0,2950.0,3700.0,4820,8460.0,14900.0,20200.0
01463500,07-15,2230.0,2910.0,3710.0,4850,8490.0,13900.0,19700.0
01463500,07-16,2260.0,2890.0,3670.0,5000,8030.0,14200.0,20400.0
01463500,07-17,2250.0,2840.0,3660.0,5260,7570.0,11500.0,19100.0
01463500,07-18,2230.0,2670.0,3610.0,5310,7720.0,12000.0,19200.0
01463500,07-19,2030.0,2640.0,3570.0,5240,8010.0,11500.0,17800.0
01463500,07-20,2250.0,2650.0,3560.0,5220,7470.0,11000.0,17800.0
01463500,07-21,2410.0,2750.0,3560.0,5070,7400.0,11100.0,16400.0
01463500,07-22,2270.0,2670.0,3480.0,4930,7310.0,11900.0,15200.0
01463500,07-23,2090.0,2610.0,3480.0,5050,7670.0,12600.0,18800.0
01463500,07-24,2150.0,2710.0,3570.0,5040,8140.0,13000.0,21100.0
01463500,07-25,2250.0,2770.0,3800.0,5090,7990.0,15600.0,24100.0
01463500,07-26,2160.0,2580.0,3660.0,5080,7470.0,13100.0,21600.0
01463500,07-27,2070.0,2560.0,3620.0,4820,7630.0,14000.0,20000.0
01463500,07-28,2270.0,2520.0,3330.0,4690,7900.0,14000.0,20500.0
01463500,07-29,2270.0,2500.0,3380.0,4900,7820.0,14300.0,21800.0
01463500,07-30,2340.0,2690.0,3370.0,5190,7810.0,12300.0,19000.0
01463500,07-31,2300.0,2730.0,3360.0,5150,7650.0,13100.0,15000.0
01463500,08-01,2300.0,2630.0,3460.0,5070,7510.0,11900.0,15100.0
01463500,08-02,2310.0,2490.0,3410.0,5050,7280.0,11600.0,15700.0
01463500,08-03,2150.0,2490.0,3410.0,5130,7200.0,11000.0,16700.0
01463500,08-04,2010.0,2410.0,3350.0,5020,7200.0,13300.0,24900.0
01463500,08-05,2070.0,2460.0,3420.0,4730,6790.0,13200.0,20900.0
01463500,08-06,2150.0,2410.0,3400.0,4790,6050.0,11600.0,22300.0
01463500,08-07,2100.0,2390.0,3090.0,4660,6820.0,11700.0,20100.0
01463500,08-08,2060.0,2500.0,3150.0,4530,7330.0,12600.0,19000.0
01463500,08-09,2190.0,2450.0,3210.0,4450,7580.0,13300.0,17200.0
01463500,08-10,2090.0,2330.0,3140.0,4320,8020.0,13200.0,17800.0
01463500,08-11,2050.0,2260.0,3100.0,4480,7660.0,14300.0,17100.0
01463500,08-12,2030.0,2490.0,3200.0,4810,7570.0,12900.0,19700.0
01463500,08-13,2070.0,2510.0,3260.0,4670,8010.0,12400.0,18900.0
01463500,08-14,2050.0,2550.0,3260.0,4710,7760.0,13400.0,23900.0
01463500,08-15,2030.0,2600.0,3150.0,4590,7300.0,11000.0,19500.0
01463500,08-16,2000.0,2390.0,3190.0,4460,7780.0,12400.0,17200.0
01463500,08-17,1910.0,2310.0,3240.0,4420,7650.0,11700.0,17100.0
01463500,08-18,1980.0,2280.0,3220.0,4310,7610.0,13300.0,18200.0
01463500,08-19,2020.0,2510.0,3230.0,4200,7850.0,13800.0,17700.0
01463500,08-20,1950.0,2470.0,3160.0,4150,7190.0,12900.0,16900.0
01463500,08-21,2010.0,2320.0,2980.0,4040,6810.0,11700.0,16800.0
01463500,08-22,1930.0,2330.0,2910.0,4210,6790.0,10600.0,16200.0
01463500,08-23,2000.0,2240.0,3020.0,4480,7030.0,12000.0,24600.0
01463500,08-24,1920.0,2330.0,2930.0,4290,6300.0,10100.0,21400.0
01463500,08-25,1840.0,2240.0,2970.0,4280,6260.0,11200.0,18200.0
01463500,08-26,1830.0,2360.0,2970.0,4310,6300.0,11400.0,17000.0
01463500,08-27,1770.0,2100.0,2960.0,4470,6370.0,12300.0,14800.0
01463500,08-28,1880.0,2130.0,3140.0,4230,5900.0,12100.0,17700.0
01463500,08-29,1940.0,2090.0,3130.0,4240,5780.0,11000.0,16100.0
01463500,08-30,1830.0,2130.0,3110.0,4180,5870.0,11000.0,17000.0
01463500,08-31,1990.0,2310.0,2980.0,4110,5800.0,11100.0,15100.0
01463500,09-01,2150.0,2450.0,3050.0,4060,6570.0,12300.0,15600.0
01463500,09-02,2050.0,2470.0,3210.0,4020,6260.0,11300.0,17700.0
01463500,09-03,2050.0,2200.0,3170.0,3910,6050.0,11400.0,21500.0
01463500,09-04,1980.0,2270.0,2970.0,3870,5960.0,11400.0,24400.0
01463500,09-05,1960.0,2230.0,2910.0,3930,5820.0,11400.0,22400.0
01463500,09-06,1880.0,2300.0,2950.0,3880,5690.0,11300.0,18400.0
01463500,09-07,1960.0,2310.0,2820.0,3820,6400.0,9740.0,20000.0
01463500,09-08,2000.0,2360.0,2810.0,4040,6250.0,11300.0,17900.0
01463500,09-09,2000.0,2230.0,2820.0,3860,5970.0,12700.0,16500.0
01463500,09-10,1900.0,2180.0,2850.0,3940,5680.0,11200.0,14200.0
01463500,09-11,1940.0,2090.0,2880.0,4000,5810.0,10100.0,15500.0
01463500,09-12,2050.0,2230.0,2890.0,4100,6050.0,10300.0,20200.0
01463500,09-13,2000.0,2230.0,2900.0,3930,6160.0,11500.0,18500.0
01463500,09-14,2010.0,2240.0,2850.0,3990,5970.0,10900.0,18600.0
01463500,09-15,1960.0,2220.0,2880.0,4040,6240.0,11600.0,17900.0
01463500,09-16,1900.0,2180.0,2870.0,4120,6270.0,14000.0,24100.0
01463500,09-17,1930.0,2170.0,2980.0,4160,6200.0,14100.0,27300.0
01463500,09-18,1950.0,2180.0,3020.0,4190,6270.0,15700.0,25300.0
01463500,09-19,1940.0,2230.0,2940.0,4270,6090.0,16700.0,28300.0
01463500,09-20,1860.0,2180.0,2940.0,4130,6340.0,18200.0,28700.0
01463500,09-21,1860.0,2220.0,2900.0,4100,5880.0,16600.0,28300.0
01463500,09-22,1900.0,2320.0,2950.0,4060,6320.0,15800.0,22700.0
01463500,09-23,2030.0,2330.0,3040.0,4030,6140.0,16200.0,20500.0
01463500,09-24,2200.0,2260.0,3060.0,4060,5530.0,16000.0,24700.0
01463500,09-25,2000.0,2210.0,3080.0,4100,5770.0,14500.0,29400.0
01463500,09-26,1970.0,2130.0,3080.0,3920,6560.0,14500.0,30600.0
01463500,09-27,1830.0,2150.0,3090.0,4060,6330.0,14900.0,27200.0
01463500,09-28,1900.0,2080.0,2940.0,3890,6740.0,19800.0,34000.0
01463500,09-29,1820.0,2080.0,2890.0,3850,6890.0,18200.0,37100.0
01463500,09-30,1860.0,2080.0,2980.0,4090,7350.0,17100.0,34900.0
01463500,10-01,1890.0,2170.0,3040.0,4210,8220.0,17300.0,30300.0
01463500,10-02,1830.0,2260.0,3120.0,4190,8200.0,18300.0,28600.0
01463500,10-03,1860.0,2310.0,3160.0,4100,8650.0,18300.0,26800.0
01463500,10-04,1900.0,2320.0,3220.0,4050,7770.0,15100.0,25300.0
01463500,10-05,1820.0,2170.0,3110.0,4140,8650.0,15500.0,21000.0
01463500,10-06,1770.0,2270.0,3070.0,3970,8450.0,15200.0,19700.0
01463500,10-07,1790.0,2170.0,3030.0,4120,8770.0,15700.0,21200.0
01463500,10-08,1850.0,2300.0,3090.0,4300,8500.0,15300.0,22900.0
01463500,10-09,1880.0,2500.0,3110.0,4320,7930.0,14600.0,20500.0
01463500,10-10,2050.0,2390.0,3120.0,4440,7870.0,14600.0,20300.0
01463500,10-11,2020.0,2260.0,3130.0,4680,7510.0,14100.0,20900.0
01463500,10-12,1940.0,2350.0,3150.0,4670,7200.0,13200.0,19200.0
01463500,10-13,1820.0,2220.0,3040.0,4670,7560.0,11500.0,18300.0
01463500,10-14,1770.0,2010.0,3060.0,4360,7560.0,11300.0,18200.0
01463500,10-15,1820.0,2030.0,3190.0,4220,7510.0,13600.0,19600.0
01463500,10-16,1740.0,2200.0,3340.0,4090,7130.0,11700.0,18000.0
01463500,10-17,1990.0,2320.0,3200.0,4300,6960.0,11700.0,21500.0
01463500,10-18,2070.0,2260.0,3190.0,4220,7170.0,12300.0,22100.0
01463500,10-19,1980.0,2470.0,3260.0,4150,7580.0,13600.0,28900.0
01463500,10-20,2010.0,2540.0,3320.0,4170,7570.0,15200.0,34600.0
01463500,10-21,1930.0,2430.0,3220.0,4490,8150.0,15200.0,33700.0
01463500,10-22,1880.0,2400.0,3270.0,4520,8290.0,19000.0,34100.0
01463500,10-23,1860.0,2400.0,3250.0,4710,7720.0,17100.0,32500.0
01463500,10-24,1970.0,2430.0,3160.0,4900,8090.0,19900.0,27200.0
01463500,10-25,1950.0,2640.0,3210.0,4850,9230.0,20400.0,26700.0
01463500,10-26,1920.0,2620.0,3410.0,5220,11000.0,19300.0,23000.0
01463500,10-27,1860.0,2470.0,3450.0,5600,12800.0,18200.0,24800.0
01463500,10-28,1870.0,2690.0,3470.0,5460,13500.0,20000.0,25600.0
01463500,10-29,2010.0,2590.0,3360.0,5820,12400.0,20200.0,28700.0
01463500,10-30,2150.0,2760.0,3370.0,6280,12100.0,20600.0,25600.0
01463500,10-31,2120.0,2620.0,3430.0,6060,11700.0,19500.0,28500.0
01463500,11-01,2110.0,2540.0,3370.0,6470,11400.0,19500.0,29300.0
01463500,11-02,2160.0,2550.0,3460.0,6970,12000.0,18700.0,30500.0
01463500,11-03,2100.0,2610.0,3460.0,7110,12100.0,20400.0,27600.0
01463500,11-04,2080.0,2630.0,3540.0,7470,12200.0,18800.0,25300.0
01463500,11-05,2010.0,2600.0,3710.0,7110,12400.0,18500.0,22800.0
01463500,11-06,2010.0,2660.0,3940.0,7480,11400.0,17200.0,22700.0
01463500,11-07,2200.0,2830.0,4030.0,7420,10800.0,15500.0,24700.0
01463500,11-08,2260.0,2880.0,4180.0,7890,10800.0,16500.0,22300.0
01463500,11-09,2140.0,2800.0,4230.0,7500,10800.0,19400.0,28600.0
01463500,11-10,2070.0,2780.0,4170.0,7300,11500.0,19800.0,35900.0
01463500,11-11,2050.0,2880.0,4130.0,7470,11800.0,23300.0,39900.0
01463500,11-12,2050.0,2820.0,4220.0,7000,12300.0,22800.0,33500.0
01463500,11-13,2080.0,2920.0,4140.0,7500,11900.0,23000.0,32700.0
01463500,11-14,2030.0,2760.0,4140.0,7090,12900.0,26200.0,30400.0
01463500,11-15,2080.0,2880.0,4170.0,7240,13000.0,24200.0,33900.0
01463500,11-16,2070.0,3020.0,4120.0,7370,14100.0,22800.0,31700.0
01463500,11-17,2130.0,2860.0,4100.0,7580,13700.0,27300.0,33600.0
01463500,11-18,2440.0,2900.0,4290.0,7650,14100.0,27800.0,36700.0
01463500,11-19,2430.0,2890.0,4480.0,7260,14400.0,25400.0,31400.0
01463500,11-20,2540.0,2890.0,4480.0,7740,14000.0,26500.0,31600.0
01463500,11-21,2560.0,2950.0,4500.0,8290,13800.0,25100.0,28800.0
01463500,11-22,2560.0,2860.0,4550.0,8980,14200.0,26100.0,29700.0
01463500,11-23,2460.0,2870.0,4670.0,8620,14400.0,24300.0,32200.0
01463500,11-24,2520.0,3090.0,4860.0,8450,13800.0,21500.0,31200.0
01463500,11-25,2660.0,3220.0,4820.0,9500,13600.0,21800.0,30600.0
01463500,11-26,2560.0,3480.0,4990.0,9460,14400.0,21900.0,27300.0
01463500,11-27,2720.0,3650.0,5480.0,9290,14000.0,22600.0,28100.0
01463500,11-28,2850.0,3670.0,5310.0,9500,14900.0,21800.0,34300.0
01463500,11-29,2820.0,3560.0,5680.0,9040,16400.0,32800.0,37200.0
01463500,11-30,2610.0,3920.0,5900.0,9710,16600.0,28900.0,43900.0
01463500,12-01,2820.0,4320.0,6250.0,9760,17700.0,32400.0,36300.0
01463500,12-02,2530.0,4140.0,6070.0,9860,17300.0,33100.0,35700.0
01463500,12-03,2910.0,4080.0,6030.0,10600,16500.0,27900.0,40300.0
01463500,12-04,3200.0,4070.0,6020.0,10400,17400.0,29200.0,38500.0
01463500,12-05,3510.0,4190.0,5850.0,9590,17800.0,30600.0,36800.0
01463500,12-06,3760.0,4060.0,5740.0,9070,17600.0,27800.0,36300.0
01463500,12-07,3340.0,3930.0,5930.0,9140,18200.0,26200.0,35400.0
01463500,12-08,3370.0,3910.0,6330.0,9460,18200.0,26800.0,41900.0
01463500,12-09,3380.0,3780.0,6420.0,9680,17200.0,26500.0,43900.0
01463500,12-10,3100.0,3690.0,6390.0,10300,16900.0,27800.0,38400.0
01463500,12-11,2960.0,3570.0,6470.0,10500,16700.0,31300.0,38300.0
01463500,12-12,3100.0,3650.0,5830.0,10600,16300.0,31900.0,38400.0
01463500,12-13,3070.0,3790.0,5680.0,9820,17600.0,31900.0,38800.0
01463500,12-14,3340.0,4040.0,6000.0,9500,18800.0,30300.0,45000.0
01463500,12-15,3360.0,4080.0,6040.0,9830,17800.0,27700.0,39900.0
01463500,12-16,3290.0,4240.0,5990.0,10600,17100.0,26100.0,35100.0
01463500,12-17,3160.0,3860.0,6070.0,10400,17200.0,25600.0,34100.0
01463500,12-18,3290.0,4110.0,6160.0,9890,16900.0,26300.0,34400.0
01463500,12-19,3230.0,4040.0,6570.0,9800,16600.0,23000.0,29700.0
01463500,12-20,3310.0,4240.0,6330.0,9740,15700.0,23700.0,30500.0
01463500,12-21,3260.0,4250.0,6420.0,9770,15900.0,27300.0,32600.0
01463500,12-22,3180.0,4250.0,6690.0,9470,15100.0,24600.0,42500.0
01463500,12-23,3180.0,4340.0,6380.0,10000,14800.0,22600.0,35300.0
01463500,12-24,3230.0,4320.0,6580.0,10200,16000.0,28700.0,30100.0
01463500,12-25,3250.0,4220.0,6790.0,10400,15500.0,28600.0,36200.0
01463500,12-26,3250.0,4370.0,6450.0,9860,17100.0,27500.0,34500.0
01463500,12-27,3400.0,4370.0,6290.0,9560,17100.0,26700.0,31200.0
01463500,12-28,3680.0,4600.0,6190.0,9500,16200.0,26300.0,33900.0
01463500,12-29,3720.0,4640.0,6360.0,10000,16600.0,28200.0,33900.0
01463500,12-30,3500.0,4550.0,6450.0,10000,16000.0,27300.0,34600.0
01463500,12-31,3470.0,4260.0,6100.0,9990,15300.0,25700.0,31500.0
