SiteCode,MonthDay,p05,p10,p25,p50,p75,p90,p95
01500000,01-01,42.0,57.0,89,170,307,468.0,607.0
01500000,01-02,42.0,59.0,88,162,257,403.0,539.0
01500000,01-03,45.0,60.0,84,135,247,371.0,561.0
01500000,01-04,47.0,55.0,83,166,297,391.0,608.0
01500000,01-05,44.0,52.0,77,157,278,523.0,783.0
01500000,01-06,39.0,49.0,72,148,274,428.0,511.0
01500000,01-07,42.0,48.0,76,151,235,356.0,698.0
01500000,01-08,42.0,48.0,68,123,210,301.0,608.0
01500000,01-09,42.0,48.0,75,122,206,353.0,404.0
01500000,01-10,34.0,45.0,75,123,210,319.0,490.0
01500000,01-11,34.0,48.0,66,130,225,481.0,842.0
01500000,01-12,34.0,47.0,90,136,222,556.0,919.0
01500000,01-13,33.0,46.0,88,139,263,565.0,718.0
01500000,01-14,33.0,47.0,74,123,236,489.0,579.0
01500000,01-15,33.0,48.0,71,127,275,401.0,553.0
01500000,01-16,39.0,48.0,75,121,269,434.0,576.0
01500000,01-17,42.0,48.0,70,109,205,357.0,415.0
01500000,01-18,41.0,53.0,72,108,203,354.0,459.0
01500000,01-19,33.0,41.0,68,104,211,288.0,424.0
01500000,01-20,28.0,40.0,68,114,200,326.0,511.0
01500000,01-21,33.0,42.0,69,112,204,386.0,594.0
01500000,01-22,32.0,42.0,63,100,194,349.0,649.0
01500000,01-23,32.0,40.0,65,102,188,396.0,652.0
01500000,01-24,33.0,42.0,62,119,249,542.0,673.0
01500000,01-25,42.0,51.0,71,145,277,544.0,1130.0
01500000,01-26,30.0,50.0,73,133,319,885.0,1350.0
01500000,01-27,36.0,49.0,73,120,320,926.0,1100.0
01500000,01-28,38.0,47.0,69,119,284,803.0,1010.0
01500000,01-29,38.0,43.0,64,120,241,536.0,1160.0
01500000,01-30,33.0,41.0,72,119,244,521.0,779.0
01500000,01-31,31.0,40.0,72,126,237,419.0,642.0
01500000,02-01,29.0,40.0,68,120,234,445.0,516.0
01500000,02-02,31.0,48.0,66,123,268,506.0,727.0
01500000,02-03,29.0,43.0,65,111,269,614.0,789.0
01500000,02-04,28.0,45.0,67,121,223,420.0,499.0
01500000,02-05,28.0,43.0,64,117,205,367.0,571.0
01500000,02-06,28.0,35.0,63,132,185,306.0,428.0
01500000,02-07,32.0,44.0,67,112,191,346.0,452.0
01500000,02-08,35.0,47.0,67,113,193,369.0,663.0
01500000,02-09,35.0,47.0,69,112,164,365.0,860.0
01500000,02-10,34.0,41.0,73,108,187,386.0,833.0
01500000,02-11,34.0,47.0,70,110,232,496.0,664.0
01500000,02-12,28.0,43.0,62,101,214,488.0,643.0
01500000,02-13,34.0,41.0,65,102,227,429.0,607.0
01500000,02-14,34.0,51.0,64,90,200,379.0,767.0
01500000,02-15,35.0,45.0,70,107,195,413.0,495.0
01500000,02-16,35.0,47.0,69,115,203,430.0,736.0
01500000,02-17,33.0,40.0,69,114,214,375.0,744.0
01500000,02-18,31.0,41.0,65,101,198,366.0,870.0
01500000,02-19,31.0,43.0,62,126,229,431.0,954.0
01500000,02-20,36.0,45.0,62,118,227,679.0,852.0
01500000,02-21,34.0,45.0,63,126,310,508.0,1040.0
01500000,02-22,42.0,46.0,66,131,266,639.0,798.0
01500000,02-23,42.0,49.0,64,143,255,560.0,877.0
01500000,02-24,46.0,52.0,70,142,318,649.0,767.0
01500000,02-25,38.0,52.0,69,134,329,602.0,838.0
01500000,02-26,34.0,47.0,61,140,272,505.0,910.0
01500000,02-27,35.0,45.0,63,154,271,821.0,902.0
01500000,02-28,34.0,43.0,75,145,288,616.0,1580.0
01500000,02-29,30.0,41.0,60,156,304,422.0,1270.0
01500000,03-01,41.0,51.0,91,170,323,633.0,1560.0
01500000,03-02,43.0,55.0,88,179,307,723.0,990.0
01500000,03-03,42.0,53.0,93,170,258,465.0,559.0
01500000,03-04,40.0,56.0,94,178,302,516.0,638.0
01500000,03-05,38.0,56.0,89,170,291,583.0,813.0
01500000,03-06,30.0,41.0,81,164,283,665.0,811.0
01500000,03-07,34.0,50.0,80,173,377,663.0,889.0
01500000,03-08,31.0,56.0,86,195,377,793.0,996.0
01500000,03-09,27.0,48.0,86,173,319,879.0,1650.0
01500000,03-10,36.0,56.0,94,173,344,728.0,1040.0
01500000,03-11,34.0,58.0,99,194,433,840.0,1210.0
01500000,03-12,40.0,58.0,123,212,433,1140.0,1700.0
01500000,03-13,43.0,62.0,149,224,607,1150.0,1610.0
01500000,03-14,37.0,74.0,150,252,516,1080.0,1660.0
01500000,03-15,26.0,92.0,147,245,412,785.0,1600.0
01500000,03-16,30.0,96.0,139,230,369,542.0,1290.0
01500000,03-17,73.0,108.0,150,254,407,710.0,988.0
01500000,03-18,62.0,97.0,151,209,436,859.0,1260.0
01500000,03-19,77.0,112.0,161,233,417,741.0,1160.0
01500000,03-20,66.0,104.0,151,253,397,600.0,829.0
01500000,03-21,74.0,85.0,169,252,418,670.0,790.0
01500000,03-22,58.0,82.0,156,234,477,749.0,1110.0
01500000,03-23,52.0,114.0,156,230,382,636.0,876.0
01500000,03-24,86.0,109.0,145,237,417,747.0,1290.0
01500000,03-25,88.0,108.0,158,257,500,950.0,1220.0
01500000,03-26,94.0,116.0,161,311,484,960.0,1390.0
01500000,03-27,80.0,98.0,175,319,570,954.0,1230.0
01500000,03-28,83.0,97.0,164,302,571,904.0,1380.0
01500000,03-29,82.0,118.0,167,300,442,892.0,1160.0
01500000,03-30,15.0,108.0,193,304,485,832.0,1310.0
01500000,03-31,26.0,116.0,196,295,553,980.0,1290.0
01500000,04-01,16.0,97.0,183,292,535,1010.0,1420.0
01500000,04-02,100.0,115.0,192,321,594,1010.0,1320.0
01500000,04-03,104.0,162.0,243,419,667,1170.0,1640.0
01500000,04-04,92.0,143.0,214,360,668,1170.0,1370.0
01500000,04-05,12.0,41.0,201,313,646,849.0,1530.0
01500000,04-06,46.0,133.0,201,302,642,1400.0,1630.0
01500000,04-07,46.0,149.0,209,306,590,1190.0,1900.0
01500000,04-08,130.0,154.0,204,330,539,1190.0,1670.0
01500000,04-09,61.0,147.0,186,285,491,1340.0,1790.0
01500000,04-10,66.0,122.0,195,281,495,1210.0,1820.0
01500000,04-11,68.0,117.0,186,278,459,1350.0,1810.0
01500000,04-12,92.0,120.0,181,272,484,1410.0,1700.0
01500000,04-13,104.0,120.0,191,288,497,1450.0,1640.0
01500000,04-14,100.0,111.0,176,271,439,1080.0,1630.0
01500000,04-15,103.0,115.0,183,273,480,952.0,1300.0
01500000,04-16,95.0,117.0,183,246,482,800.0,995.0
01500000,04-17,76.0,108.0,172,245,425,875.0,1070.0
01500000,04-18,64.0,106.0,153,225,423,883.0,1140.0
01500000,04-19,64.0,88.0,149,225,433,940.0,1270.0
01500000,04-20,64.0,87.0,150,224,408,635.0,1020.0
01500000,04-21,64.0,87.0,160,218,388,518.0,651.0
01500000,04-22,51.0,85.0,151,220,367,566.0,804.0
01500000,04-23,60.0,84.0,147,218,352,686.0,833.0
01500000,04-24,57.0,90.0,136,212,393,661.0,969.0
01500000,04-25,53.0,81.0,122,205,327,498.0,654.0
01500000,04-26,57.0,84.0,120,202,348,450.0,616.0
01500000,04-27,35.0,57.0,111,198,323,510.0,860.0
01500000,04-28,34.0,56.0,107,173,293,473.0,577.0
01500000,04-29,34.0,58.0,108,174,259,452.0,568.0
01500000,04-30,22.0,40.0,98,156,268,411.0,531.0
01500000,05-01,22.0,35.0,94,143,246,352.0,639.0
01500000,05-02,27.0,30.0,82,155,233,447.0,736.0
01500000,05-03,22.0,30.0,77,136,226,437.0,621.0
01500000,05-04,23.0,31.0,71,133,256,470.0,598.0
01500000,05-05,17.0,30.0,70,131,249,440.0,588.0
01500000,05-06,17.0,29.0,65,128,241,420.0,901.0
01500000,05-07,19.0,27.0,59,126,209,450.0,628.0
01500000,05-08,26.0,32.0,57,123,243,399.0,678.0
01500000,05-09,26.0,34.0,68,118,253,407.0,732.0
01500000,05-10,29.0,37.0,66,123,261,379.0,442.0
01500000,05-11,26.0,33.0,69,127,206,528.0,625.0
01500000,05-12,23.0,31.0,69,146,241,435.0,575.0
01500000,05-13,24.0,40.0,70,167,286,411.0,617.0
01500000,05-14,23.0,40.0,71,148,281,554.0,913.0
01500000,05-15,23.0,37.0,70,138,254,492.0,728.0
01500000,05-16,23.0,31.0,70,145,278,532.0,673.0
01500000,05-17,21.0,35.0,71,143,281,406.0,554.0
01500000,05-18,25.0,43.0,71,140,225,367.0,616.0
01500000,05-19,31.0,47.0,71,146,228,302.0,570.0
01500000,05-20,34.0,39.0,68,131,214,472.0,668.0
01500000,05-21,33.0,35.0,63,135,200,395.0,844.0
01500000,05-22,28.0,38.0,60,124,191,379.0,621.0
01500000,05-23,25.0,34.0,59,111,192,326.0,478.0
01500000,05-24,23.0,33.0,62,113,204,350.0,421.0
01500000,05-25,27.0,34.0,63,105,196,313.0,373.0
01500000,05-26,27.0,29.0,64,105,171,250.0,551.0
01500000,05-27,26.0,30.0,64,93,176,236.0,566.0
01500000,05-28,28.0,39.0,63,90,160,271.0,694.0
01500000,05-29,27.0,33.0,55,83,147,328.0,688.0
01500000,05-30,25.0,32.0,43,81,138,314.0,489.0
01500000,05-31,24.0,31.0,38,71,127,238.0,538.0
01500000,06-01,19.0,26.0,38,76,145,294.0,426.0
01500000,06-02,19.0,29.0,37,78,135,281.0,445.0
01500000,06-03,23.0,32.0,39,78,128,294.0,488.0
01500000,06-04,23.0,28.0,37,74,139,252.0,330.0
01500000,06-05,21.0,25.0,35,63,142,225.0,299.0
01500000,06-06,22.0,26.0,41,72,149,303.0,544.0
01500000,06-07,20.0,26.0,39,67,145,272.0,418.0
01500000,06-08,19.0,24.0,36,69,128,213.0,349.0
01500000,06-09,15.0,25.0,34,61,132,322.0,570.0
01500000,06-10,15.0,23.0,34,67,139,374.0,459.0
01500000,06-11,15.0,20.0,32,65,129,261.0,526.0
01500000,06-12,15.0,23.0,34,67,110,275.0,467.0
01500000,06-13,18.0,24.0,33,68,137,330.0,436.0
01500000,06-14,14.0,23.0,37,67,172,431.0,556.0
01500000,06-15,14.0,18.0,33,67,165,424.0,488.0
01500000,06-16,14.0,20.0,30,54,144,379.0,486.0
01500000,06-17,15.0,20.0,29,54,176,282.0,457.0
01500000,06-18,15.0,19.0,25,46,127,272.0,463.0
01500000,06-19,15.0,17.0,24,49,159,271.0,367.0
01500000,06-20,14.0,16.0,24,44,138,227.0,347.0
01500000,06-21,14.0,15.0,23,38,108,222.0,339.0
01500000,06-22,13.0,14.0,23,38,107,240.0,402.0
01500000,06-23,12.0,13.0,23,42,110,298.0,407.0
01500000,06-24,12.0,13.0,24,46,132,259.0,308.0
01500000,06-25,12.0,12.0,22,50,119,204.0,310.0
01500000,06-26,11.0,13.0,22,48,114,213.0,331.0
01500000,06-27,11.0,13.0,24,45,97,189.0,348.0
01500000,06-28,12.0,13.0,21,46,96,211.0,373.0
01500000,06-29,11.0,12.0,20,41,98,244.0,517.0
01500000,06-30,10.0,12.0,19,40,122,369.0,520.0
01500000,07-01,9.0,12.0,19,34,102,335.0,898.0
01500000,07-02,9.8,12.0,20,32,95,265.0,567.0
01500000,07-03,11.0,12.0,19,41,95,262.0,456.0
01500000,07-04,9.4,11.0,19,41,99,284.0,513.0
01500000,07-05,8.7,11.0,17,42,92,264.0,409.0
01500000,07-06,8.6,9.7,14,44,91,212.0,233.0
01500000,07-07,8.5,9.6,14,41,91,148.0,200.0
01500000,07-08,8.4,9.6,13,37,90,180.0,342.0
01500000,07-09,8.3,9.6,14,33,80,135.0,274.0
01500000,07-10,8.3,9.7,13,33,73,112.0,473.0
01500000,07-11,8.5,9.3,14,31,69,106.0,418.0
01500000,07-12,7.5,9.4,14,32,67,140.0,323.0
01500000,07-13,8.0,10.0,14,29,67,175.0,365.0
01500000,07-14,7.8,9.4,14,33,66,142.0,252.0
01500000,07-15,7.5,9.4,13,34,66,140.0,194.0
01500000,07-16,7.2,8.9,13,31,61,118.0,223.0
01500000,07-17,6.6,8.8,14,33,63,103.0,240.0
01500000,07-18,7.1,8.4,14,32,58,110.0,238.0
01500000,07-19,6.5,8.5,14,28,56,147.0,228.0
01500000,07-20,6.4,8.3,14,30,57,118.0,205.0
01500000,07-21,6.1,8.6,14,30,55,125.0,243.0
01500000,07-22,6.7,8.6,15,28,55,93.0,183.0
01500000,07-23,7.5,8.7,14,30,53,107.0,252.0
01500000,07-24,7.4,9.6,14,28,63,100.0,172.0
01500000,07-25,7.2,9.6,14,30,54,101.0,138.0
01500000,07-26,7.5,9.7,14,26,47,110.0,190.0
01500000,07-27,7.6,9.7,14,25,41,146.0,200.0
01500000,07-28,7.6,9.6,14,24,55,159.0,220.0
01500000,07-29,6.4,8.4,14,24,56,123.0,274.0
01500000,07-30,6.6,9.5,14,25,53,80.0,247.0
01500000,07-31,6.2,8.2,14,25,60,99.0,252.0
01500000,08-01,6.1,7.8,13,25,60,154.0,204.0
01500000,08-02,5.7,7.0,13,24,50,127.0,205.0
01500000,08-03,6.3,8.4,13,26,50,128.0,165.0
01500000,08-04,5.8,9.5,13,27,57,115.0,202.0
01500000,08-05,5.7,9.5,14,25,51,94.0,156.0
01500000,08-06,5.6,9.5,13,23,49,110.0,164.0
01500000,08-07,6.3,9.5,13,21,39,102.0,196.0
01500000,08-08,6.2,10.0,13,22,45,98.0,163.0
01500000,08-09,6.2,10.0,13,20,60,104.0,273.0
01500000,08-10,5.8,10.0,13,26,58,184.0,481.0
01500000,08-11,6.6,9.9,13,27,54,172.0,284.0
01500000,08-12,6.4,9.6,13,27,54,144.0,253.0
01500000,08-13,6.2,9.3,13,23,49,172.0,532.0
01500000,08-14,6.2,9.8,13,26,51,150.0,264.0
01500000,08-15,6.1,10.0,14,25,52,121.0,290.0
01500000,08-16,6.3,8.3,13,26,52,160.0,215.0
01500000,08-17,5.5,8.5,12,22,44,146.0,238.0
01500000,08-18,4.8,8.4,12,20,50,144.0,268.0
01500000,08-19,4.4,8.3,12,20,56,168.0,392.0
01500000,08-20,4.4,7.6,11,19,52,171.0,258.0
01500000,08-21,4.4,6.4,11,23,56,140.0,260.0
01500000,08-22,4.4,6.5,11,21,57,124.0,238.0
01500000,08-23,4.6,6.8,11,20,52,125.0,263.0
01500000,08-24,4.5,6.4,11,18,41,110.0,214.0
01500000,08-25,4.0,5.8,11,16,41,89.0,163.0
01500000,08-26,4.4,6.1,11,16,36,115.0,185.0
01500000,08-27,4.3,5.8,11,15,35,111.0,179.0
01500000,08-28,4.3,5.8,10,17,55,133.0,284.0
01500000,08-29,4.3,5.8,10,17,49,142.0,236.0
01500000,08-30,4.3,5.6,10,18,45,114.0,383.0
01500000,08-31,4.9,5.7,10,17,63,148.0,428.0
01500000,09-01,4.4,6.3,11,20,64,114.0,463.0
01500000,09-02,4.4,6.3,10,21,54,178.0,435.0
01500000,09-03,4.4,6.3,10,17,56,151.0,488.0
01500000,09-04,4.4,6.2,10,17,43,100.0,395.0
01500000,09-05,4.4,6.1,10,16,40,78.0,333.0
01500000,09-06,4.6,6.4,10,16,40,193.0,293.0
01500000,09-07,4.6,6.7,10,18,37,189.0,262.0
01500000,09-08,4.6,7.1,11,21,36,109.0,141.0
01500000,09-09,4.3,6.4,11,23,49,90.0,171.0
01500000,09-10,4.3,6.7,11,22,47,106.0,175.0
01500000,09-11,4.4,6.4,12,23,41,113.0,217.0
01500000,09-12,4.4,7.0,11,19,40,113.0,222.0
01500000,09-13,4.8,6.7,11,21,39,113.0,216.0
01500000,09-14,4.7,7.9,11,21,51,156.0,382.0
01500000,09-15,4.8,7.7,12,26,47,163.0,246.0
01500000,09-16,4.5,7.6,11,26,70,133.0,269.0
01500000,09-17,4.3,9.1,12,26,55,160.0,436.0
01500000,09-18,4.4,8.9,11,23,50,175.0,339.0
01500000,09-19,4.8,7.9,11,23,69,237.0,481.0
01500000,09-20,4.8,8.1,12,23,62,176.0,381.0
01500000,09-21,5.1,7.6,12,24,56,183.0,271.0
01500000,09-22,4.8,7.1,12,23,64,199.0,405.0
01500000,09-23,4.8,7.1,12,23,91,238.0,390.0
01500000,09-24,5.3,7.1,12,22,84,235.0,518.0
01500000,09-25,6.3,9.3,13,21,66,241.0,455.0
01500000,09-26,6.2,8.8,13,26,54,208.0,272.0
01500000,09-27,6.3,9.8,14,24,73,214.0,300.0
01500000,09-28,5.9,9.1,14,26,79,241.0,414.0
01500000,09-29,7.1,9.8,15,27,92,249.0,434.0
01500000,09-30,7.8,11.0,14,28,92,256.0,693.0
01500000,10-01,7.9,10.0,14,29,92,216.0,487.0
01500000,10-02,6.6,8.8,14,31,105,224.0,458.0
01500000,10-03,5.4,8.6,15,35,105,179.0,418.0
01500000,10-04,5.2,8.0,14,29,107,178.0,359.0
01500000,10-05,7.0,10.0,15,30,115,237.0,271.0
01500000,10-06,6.8,11.0,16,34,97,231.0,332.0
01500000,10-07,6.9,11.0,15,35,107,231.0,338.0
01500000,10-08,5.2,9.9,16,33,115,209.0,263.0
01500000,10-09,8.4,11.0,16,36,102,249.0,327.0
01500000,10-10,8.5,12.0,17,41,94,182.0,273.0
01500000,10-11,8.5,13.0,17,36,96,141.0,222.0
01500000,10-12,8.7,11.0,17,45,97,177.0,227.0
01500000,10-13,7.6,11.0,16,35,99,171.0,217.0
01500000,10-14,8.5,11.0,17,44,98,174.0,192.0
01500000,10-15,8.8,11.0,19,44,93,190.0,309.0
01500000,10-16,9.0,11.0,20,52,85,276.0,381.0
01500000,10-17,8.7,10.0,18,45,100,259.0,365.0
01500000,10-18,8.3,11.0,16,42,93,315.0,515.0
01500000,10-19,7.8,11.0,16,40,96,255.0,456.0
01500000,10-20,7.7,13.0,20,43,138,321.0,554.0
01500000,10-21,7.7,13.0,20,47,140,264.0,628.0
01500000,10-22,7.7,13.0,20,39,145,286.0,608.0
01500000,10-23,7.3,13.0,19,41,158,333.0,872.0
01500000,10-24,7.3,13.0,18,58,172,338.0,686.0
01500000,10-25,7.9,13.0,20,69,202,310.0,549.0
01500000,10-26,7.6,13.0,22,72,214,457.0,621.0
01500000,10-27,7.4,13.0,21,68,204,425.0,596.0
01500000,10-28,7.4,13.0,22,69,197,588.0,866.0
01500000,10-29,7.4,13.0,23,69,223,489.0,865.0
01500000,10-30,7.2,13.0,23,77,231,490.0,676.0
01500000,10-31,7.2,13.0,23,89,219,391.0,513.0
01500000,11-01,7.2,13.0,23,90,195,388.0,408.0
01500000,11-02,7.8,13.0,24,93,182,356.0,371.0
01500000,11-03,7.6,13.0,31,105,225,366.0,748.0
01500000,11-04,7.3,13.0,38,95,205,362.0,576.0
01500000,11-05,7.3,13.0,43,101,193,378.0,446.0
01500000,11-06,7.7,13.0,44,105,190,366.0,439.0
01500000,11-07,9.8,13.0,38,100,216,310.0,543.0
01500000,11-08,11.0,16.0,37,101,214,266.0,514.0
01500000,11-09,11.0,16.0,45,100,201,308.0,457.0
01500000,11-10,11.0,16.0,46,100,209,362.0,533.0
01500000,11-11,13.0,21.0,56,102,205,382.0,912.0
01500000,11-12,13.0,21.0,58,126,206,361.0,931.0
01500000,11-13,13.0,21.0,53,132,207,439.0,782.0
01500000,11-14,13.0,21.0,60,130,216,384.0,501.0
01500000,11-15,13.0,21.0,62,130,230,424.0,545.0
01500000,11-16,13.0,22.0,61,118,246,376.0,471.0
01500000,11-17,13.0,20.0,62,130,266,369.0,553.0
01500000,11-18,13.0,22.0,66,124,276,416.0,661.0
01500000,11-19,13.0,19.0,67,134,255,377.0,494.0
01500000,11-20,13.0,18.0,61,143,248,378.0,488.0
01500000,11-21,13.0,20.0,63,156,277,471.0,985.0
01500000,11-22,13.0,35.0,66,141,243,500.0,739.0
01500000,11-23,13.0,33.0,86,164,237,447.0,594.0
01500000,11-24,13.0,50.0,99,167,239,398.0,536.0
01500000,11-25,21.0,50.0,97,171,262,434.0,571.0
01500000,11-26,32.0,52.0,104,178,288,445.0,515.0
01500000,11-27,16.0,52.0,103,196,278,555.0,680.0
01500000,11-28,48.0,66.0,126,203,292,478.0,624.0
01500000,11-29,56.0,82.0,122,214,375,509.0,634.0
01500000,11-30,62.0,97.0,154,237,363,596.0,698.0
01500000,12-01,66.0,99.0,154,247,380,573.0,1040.0
01500000,12-02,57.0,74.0,140,237,374,549.0,786.0
01500000,12-03,52.0,69.0,127,260,375,492.0,689.0
01500000,12-04,40.0,59.0,120,280,362,602.0,668.0
01500000,12-05,51.0,65.0,127,265,337,444.0,495.0
01500000,12-06,56.0,71.0,136,240,318,439.0,523.0
01500000,12-07,61.0,90.0,127,234,300,449.0,862.0
01500000,12-08,60.0,83.0,132,219,300,558.0,738.0
01500000,12-09,52.0,73.0,132,208,281,431.0,750.0
01500000,12-10,49.0,58.0,134,195,278,443.0,800.0
01500000,12-11,51.0,70.0,120,200,326,616.0,1060.0
01500000,12-12,52.0,87.0,113,176,310,578.0,934.0
01500000,12-13,51.0,82.0,106,170,326,641.0,1070.0
01500000,12-14,45.0,62.0,94,158,304,528.0,791.0
01500000,12-15,50.0,56.0,99,174,302,472.0,534.0
01500000,12-16,48.0,53.0,96,162,271,449.0,636.0
01500000,12-17,48.0,53.0,98,165,251,396.0,591.0
01500000,12-18,46.0,67.0,101,166,237,418.0,523.0
01500000,12-19,43.0,56.0,97,151,243,392.0,572.0
01500000,12-20,45.0,59.0,91,144,259,409.0,545.0
01500000,12-21,42.0,59.0,97,153,259,512.0,924.0
01500000,12-22,54.0,64.0,103,158,247,506.0,817.0
01500000,12-23,58.0,66.0,102,157,275,513.0,678.0
01500000,12-24,47.0,67.0,93,139,264,636.0,1020.0
01500000,12-25,46.0,60.0,102,137,273,624.0,819.0
01500000,12-26,46.0,61.0,99,154,309,523.0,683.0
01500000,12-27,48.0,56.0,89,160,287,451.0,545.0
01500000,12-28,50.0,57.0,83,174,281,413.0,478.0
01500000,12-29,46.0,59.0,92,170,297,457.0,737.0
01500000,12-30,41.0,54.0,98,182,316,504.0,862.0
01500000,12-31,41.0,48.0,86,159,326,555.0,759.0
01500500,01-01,500.0,607.0,793,1300,2920,5000.0,7240.0
01500500,01-02,475.0,581.0,838,1360,2910,4690.0,7600.0
01500500,01-03,510.0,600.0,830,1200,2830,4480.0,6150.0
01500500,01-04,465.0,600.0,792,1300,2860,4280.0,5490.0
01500500,01-05,435.0,520.0,750,1390,2780,4720.0,5200.0
01500500,01-06,415.0,568.0,720,1400,2580,3600.0,4300.0
01500500,01-07,415.0,540.0,725,1300,2390,3210.0,5060.0
01500500,01-08,430.0,560.0,713,1300,2100,2880.0,4760.0
01500500,01-09,395.0,515.0,730,1200,2020,2990.0,3850.0
01500500,01-10,380.0,520.0,760,1300,2030,3030.0,3950.0
01500500,01-11,427.0,560.0,725,1260,2070,3540.0,4870.0
01500500,01-12,377.0,600.0,800,1300,1930,3050.0,4240.0
01500500,01-13,395.0,542.0,830,1200,1910,3560.0,3950.0
01500500,01-14,370.0,525.0,790,1160,1890,3530.0,4060.0
01500500,01-15,395.0,520.0,671,1200,2100,2920.0,3370.0
01500500,01-16,380.0,560.0,745,1200,1860,2950.0,3650.0
01500500,01-17,395.0,520.0,770,1100,1970,2740.0,2990.0
01500500,01-18,390.0,494.0,740,1100,1940,2430.0,2770.0
01500500,01-19,370.0,471.0,750,1130,1900,2300.0,3210.0
01500500,01-20,360.0,500.0,740,1120,1850,2710.0,2970.0
01500500,01-21,365.0,520.0,696,1150,1920,3000.0,3480.0
01500500,01-22,360.0,500.0,710,1160,1980,2730.0,3590.0
01500500,01-23,395.0,500.0,739,1140,2050,3220.0,3780.0
01500500,01-24,385.0,511.0,730,1100,2140,3690.0,4920.0
01500500,01-25,365.0,560.0,717,1200,2520,4200.0,4640.0
01500500,01-26,370.0,560.0,697,1250,2870,4320.0,6530.0
01500500,01-27,395.0,560.0,691,1200,2840,4900.0,7300.0
01500500,01-28,380.0,540.0,665,1200,2340,4530.0,6540.0
01500500,01-29,375.0,500.0,675,1200,2280,4010.0,4990.0
01500500,01-30,420.0,470.0,650,1140,2160,3600.0,4430.0
01500500,01-31,350.0,460.0,670,1100,2040,3410.0,3940.0
01500500,02-01,360.0,410.0,690,1270,2100,3320.0,3490.0
01500500,02-02,350.0,470.0,707,1320,2170,3250.0,4630.0
01500500,02-03,345.0,390.0,694,1220,2310,4130.0,5250.0
01500500,02-04,330.0,400.0,670,1200,2240,4000.0,4420.0
01500500,02-05,340.0,420.0,669,1230,1940,3390.0,3550.0
01500500,02-06,350.0,440.0,670,1300,1800,2700.0,3490.0
01500500,02-07,375.0,400.0,655,1260,1720,2860.0,3140.0
01500500,02-08,375.0,450.0,660,1180,1720,2760.0,3630.0
01500500,02-09,380.0,440.0,647,1100,1550,2880.0,3170.0
01500500,02-10,360.0,430.0,655,1080,1670,2480.0,3580.0
01500500,02-11,375.0,450.0,680,1080,1890,2800.0,4740.0
01500500,02-12,350.0,480.0,665,1060,2000,2500.0,4490.0
01500500,02-13,390.0,490.0,690,1000,1770,3380.0,4290.0
01500500,02-14,400.0,519.0,700,1010,1760,3600.0,4930.0
01500500,02-15,415.0,500.0,660,1100,1800,3400.0,4440.0
01500500,02-16,400.0,500.0,710,1200,1900,3780.0,5470.0
01500500,02-17,400.0,513.0,811,1200,1900,4400.0,6710.0
01500500,02-18,395.0,494.0,790,1190,2050,3800.0,7080.0
01500500,02-19,415.0,486.0,800,1200,2000,3600.0,6760.0
01500500,02-20,405.0,505.0,760,1140,2140,5500.0,7200.0
01500500,02-21,440.0,517.0,732,1110,2650,5310.0,7560.0
01500500,02-22,440.0,500.0,739,1220,2900,6690.0,7990.0
01500500,02-23,470.0,520.0,741,1270,3120,5710.0,6320.0
01500500,02-24,463.0,540.0,774,1340,3080,5730.0,6450.0
01500500,02-25,430.0,500.0,780,1360,3440,6780.0,8000.0
01500500,02-26,430.0,515.0,753,1560,3270,6450.0,8570.0
01500500,02-27,427.0,485.0,750,1570,3060,5680.0,7090.0
01500500,02-28,420.0,500.0,719,1620,3100,4810.0,6580.0
01500500,02-29,,396.0,645,1400,2400,4090.0,
01500500,03-01,409.0,611.0,710,1680,2800,5140.0,6000.0
01500500,03-02,417.0,560.0,720,1680,2710,4410.0,4860.0
01500500,03-03,425.0,519.0,820,1700,2690,3850.0,4850.0
01500500,03-04,440.0,560.0,945,1720,2680,3910.0,5570.0
01500500,03-05,434.0,560.0,1030,1700,2920,5350.0,7740.0
01500500,03-06,431.0,531.0,988,1860,3590,6220.0,7890.0
01500500,03-07,418.0,640.0,900,1900,3920,6700.0,9880.0
01500500,03-08,435.0,660.0,1010,1850,3600,7190.0,10700.0
01500500,03-09,461.0,588.0,960,2280,3880,6610.0,10200.0
01500500,03-10,490.0,620.0,970,2120,3440,7640.0,9630.0
01500500,03-11,522.0,600.0,990,2370,3520,7510.0,8980.0
01500500,03-12,510.0,640.0,1130,2310,3800,6790.0,8290.0
01500500,03-13,534.0,780.0,1140,2300,3900,6560.0,8310.0
01500500,03-14,631.0,840.0,1360,2560,3780,6080.0,6550.0
01500500,03-15,710.0,944.0,1400,2540,3660,5290.0,8100.0
01500500,03-16,708.0,989.0,1570,2440,4070,6400.0,7680.0
01500500,03-17,780.0,1060.0,1560,2570,4120,10300.0,11900.0
01500500,03-18,728.0,1000.0,1510,2380,4310,7600.0,12000.0
01500500,03-19,835.0,1100.0,1440,2580,4150,6730.0,9310.0
01500500,03-20,858.0,1140.0,1580,2630,3700,6090.0,8740.0
01500500,03-21,821.0,1150.0,1550,2780,3890,5760.0,8010.0
01500500,03-22,771.0,1120.0,1600,2900,4340,5960.0,8720.0
01500500,03-23,764.0,1090.0,1630,2780,4150,6770.0,8470.0
01500500,03-24,953.0,1110.0,1630,2900,4640,6390.0,7880.0
01500500,03-25,856.0,1130.0,1900,2900,4770,7440.0,7890.0
01500500,03-26,913.0,1280.0,1930,3130,4840,7130.0,7730.0
01500500,03-27,953.0,1480.0,2170,3250,5590,6930.0,7540.0
01500500,03-28,896.0,1480.0,2170,3350,5030,6550.0,8060.0
01500500,03-29,1160.0,1520.0,2040,3300,4700,6770.0,7340.0
01500500,03-30,1330.0,1620.0,2300,3460,4800,6480.0,10400.0
01500500,03-31,1170.0,1600.0,2270,3290,5130,9630.0,12000.0
01500500,04-01,1210.0,1700.0,2240,3280,5320,9650.0,14200.0
01500500,04-02,1510.0,1710.0,2430,3580,6220,8560.0,13400.0
01500500,04-03,1320.0,1870.0,2810,3690,6370,9630.0,10600.0
01500500,04-04,1270.0,1800.0,2750,4060,7160,8930.0,10300.0
01500500,04-05,1310.0,1710.0,2650,4080,6870,9250.0,12800.0
01500500,04-06,1360.0,1790.0,2590,4340,6560,11200.0,13000.0
01500500,04-07,1600.0,1780.0,2560,4040,6540,10500.0,12700.0
01500500,04-08,1570.0,2130.0,2430,4160,6190,10000.0,12600.0
01500500,04-09,1420.0,2090.0,2350,3650,5700,9010.0,10500.0
01500500,04-10,1510.0,1950.0,2210,3470,5560,8900.0,9550.0
01500500,04-11,1470.0,1770.0,2270,3550,5520,8490.0,10000.0
01500500,04-12,1410.0,1690.0,2510,3240,5330,8000.0,8800.0
01500500,04-13,1310.0,1510.0,2450,3120,5100,7480.0,8410.0
01500500,04-14,1190.0,1480.0,2360,3380,4840,7690.0,8490.0
01500500,04-15,1150.0,1400.0,2180,3240,4770,6800.0,8330.0
01500500,04-16,1270.0,1420.0,2400,3140,4430,6440.0,8460.0
01500500,04-17,1080.0,1450.0,2310,3080,4400,8010.0,9770.0
01500500,04-18,1120.0,1290.0,2130,2890,3940,8270.0,9540.0
01500500,04-19,1040.0,1310.0,1960,2860,4050,7680.0,8680.0
01500500,04-20,874.0,1240.0,2040,2660,4170,5820.0,7840.0
01500500,04-21,909.0,1150.0,1900,2690,3880,5730.0,6980.0
01500500,04-22,912.0,1150.0,1800,2710,3920,5750.0,7780.0
01500500,04-23,769.0,1090.0,1740,2540,3830,6130.0,8100.0
01500500,04-24,871.0,1240.0,1680,2470,3800,5810.0,7870.0
01500500,04-25,957.0,1170.0,1760,2690,3440,6040.0,6770.0
01500500,04-26,933.0,1300.0,1750,2530,3810,5600.0,6380.0
01500500,04-27,898.0,1230.0,1720,2460,3690,4990.0,5980.0
01500500,04-28,978.0,1220.0,1670,2340,3660,4450.0,5400.0
01500500,04-29,1040.0,1160.0,1610,2240,3220,4860.0,5440.0
01500500,04-30,1010.0,1120.0,1570,2110,2990,4410.0,4950.0
01500500,05-01,939.0,1030.0,1510,2200,3150,4200.0,6120.0
01500500,05-02,943.0,1130.0,1430,2130,3010,3940.0,5880.0
01500500,05-03,826.0,1030.0,1310,2000,3040,4190.0,5200.0
01500500,05-04,815.0,954.0,1330,1900,2940,4220.0,5050.0
01500500,05-05,807.0,906.0,1230,1720,3000,4110.0,5000.0
01500500,05-06,739.0,825.0,1190,1740,2970,4800.0,5770.0
01500500,05-07,737.0,809.0,1140,1640,2890,4460.0,6270.0
01500500,05-08,726.0,889.0,1110,1660,2840,4520.0,5950.0
01500500,05-09,670.0,793.0,1040,1640,2660,4600.0,5760.0
01500500,05-10,708.0,750.0,1090,1650,2760,4160.0,5580.0
01500500,05-11,632.0,805.0,999,1580,2730,3870.0,6870.0
01500500,05-12,602.0,834.0,1180,1620,2690,4550.0,5730.0
01500500,05-13,592.0,785.0,1130,1740,2940,3840.0,4610.0
01500500,05-14,637.0,794.0,1060,1680,2840,4530.0,5440.0
01500500,05-15,527.0,701.0,1010,1570,2700,4200.0,5110.0
01500500,05-16,540.0,633.0,994,1550,2480,3880.0,4900.0
01500500,05-17,549.0,642.0,941,1550,2430,3520.0,4070.0
01500500,05-18,550.0,643.0,858,1500,2310,3740.0,4780.0
01500500,05-19,552.0,577.0,849,1460,2380,3430.0,4870.0
01500500,05-20,540.0,614.0,879,1520,2460,3700.0,4640.0
01500500,05-21,509.0,644.0,833,1540,2220,3780.0,6220.0
01500500,05-22,463.0,628.0,864,1400,2280,3720.0,6590.0
01500500,05-23,475.0,596.0,832,1380,2200,4360.0,5700.0
01500500,05-24,496.0,607.0,852,1320,2390,3650.0,4580.0
01500500,05-25,469.0,573.0,796,1300,2340,3470.0,4290.0
01500500,05-26,462.0,499.0,749,1330,2090,3290.0,3950.0
01500500,05-27,447.0,524.0,710,1170,1970,2910.0,3860.0
01500500,05-28,434.0,508.0,718,1160,1670,2550.0,3260.0
01500500,05-29,459.0,508.0,700,1110,1740,2490.0,3340.0
01500500,05-30,429.0,473.0,698,1140,1640,2770.0,4210.0
01500500,05-31,367.0,415.0,657,1090,1590,2500.0,4020.0
01500500,06-01,400.0,445.0,614,1020,1750,2510.0,3970.0
01500500,06-02,368.0,391.0,624,930,1690,2690.0,4140.0
01500500,06-03,379.0,424.0,606,848,1690,2620.0,3260.0
01500500,06-04,341.0,412.0,585,813,1540,2400.0,3850.0
01500500,06-05,312.0,386.0,513,857,1600,2390.0,3100.0
01500500,06-06,330.0,368.0,530,899,1680,2500.0,3120.0
01500500,06-07,309.0,335.0,498,743,1720,2800.0,3190.0
01500500,06-08,304.0,358.0,468,798,1510,2520.0,3040.0
01500500,06-09,287.0,337.0,492,740,1440,2590.0,3040.0
01500500,06-10,305.0,322.0,467,850,1650,2270.0,2970.0
01500500,06-11,267.0,283.0,440,827,1340,2190.0,2750.0
01500500,06-12,269.0,300.0,459,782,1170,2090.0,3300.0
01500500,06-13,256.0,292.0,455,695,1390,2600.0,2870.0
01500500,06-14,309.0,358.0,433,750,1510,2560.0,3050.0
01500500,06-15,292.0,327.0,438,731,1410,2300.0,3800.0
01500500,06-16,302.0,324.0,433,687,1470,2940.0,3250.0
01500500,06-17,292.0,315.0,407,613,1470,2190.0,3460.0
01500500,06-18,261.0,302.0,378,617,1410,2320.0,3440.0
01500500,06-19,255.0,280.0,367,585,1340,2020.0,2730.0
01500500,06-20,247.0,266.0,364,531,1300,1830.0,2750.0
01500500,06-21,231.0,248.0,377,521,1170,2040.0,2410.0
01500500,06-22,225.0,265.0,349,544,1190,2110.0,2720.0
01500500,06-23,216.0,246.0,338,571,1190,1790.0,2450.0
01500500,06-24,233.0,260.0,330,543,1150,1640.0,2600.0
01500500,06-25,238.0,259.0,348,532,1020,1910.0,2440.0
01500500,06-26,211.0,250.0,336,527,1010,1660.0,2070.0
01500500,06-27,184.0,240.0,312,520,865,1370.0,1750.0
01500500,06-28,175.0,232.0,337,549,906,1390.0,1730.0
01500500,06-29,211.0,226.0,350,504,949,1620.0,2800.0
01500500,06-30,156.0,210.0,339,493,963,2070.0,2980.0
01500500,07-01,174.0,228.0,326,465,927,2160.0,4310.0
01500500,07-02,193.0,217.0,290,474,995,1950.0,3020.0
01500500,07-03,199.0,210.0,282,483,864,1740.0,2530.0
01500500,07-04,188.0,212.0,276,464,805,1730.0,3380.0
01500500,07-05,172.0,185.0,272,456,749,1440.0,2770.0
01500500,07-06,171.0,195.0,246,499,785,1530.0,2270.0
01500500,07-07,180.0,195.0,252,463,761,1420.0,1730.0
01500500,07-08,160.0,189.0,248,410,921,1410.0,1970.0
01500500,07-09,162.0,185.0,245,373,905,1500.0,1790.0
01500500,07-10,144.0,171.0,239,383,826,1370.0,2240.0
01500500,07-11,138.0,169.0,236,361,708,1250.0,1720.0
01500500,07-12,135.0,147.0,242,396,747,1210.0,1470.0
01500500,07-13,124.0,149.0,230,394,689,1180.0,1820.0
01500500,07-14,131.0,153.0,244,418,671,1210.0,1610.0
01500500,07-15,140.0,160.0,226,417,614,1060.0,1830.0
01500500,07-16,139.0,162.0,246,387,596,1070.0,1590.0
01500500,07-17,134.0,140.0,238,372,560,1140.0,1390.0
01500500,07-18,130.0,153.0,234,353,559,1110.0,1620.0
01500500,07-19,123.0,140.0,212,349,491,1030.0,1610.0
01500500,07-20,127.0,152.0,221,340,472,1000.0,1510.0
01500500,07-21,126.0,173.0,219,379,519,914.0,1330.0
01500500,07-22,160.0,173.0,214,370,592,902.0,1470.0
01500500,07-23,130.0,157.0,218,357,544,1010.0,1460.0
01500500,07-24,133.0,149.0,216,349,584,1070.0,1330.0
01500500,07-25,126.0,134.0,220,316,559,1050.0,1560.0
01500500,07-26,120.0,137.0,210,318,529,1170.0,1460.0
01500500,07-27,115.0,129.0,215,329,491,1030.0,1230.0
01500500,07-28,119.0,137.0,216,330,505,992.0,1160.0
01500500,07-29,113.0,162.0,209,298,532,1090.0,1580.0
01500500,07-30,111.0,144.0,219,323,560,1150.0,1640.0
01500500,07-31,106.0,138.0,209,369,603,1140.0,1410.0
01500500,08-01,117.0,140.0,211,358,655,1130.0,1730.0
01500500,08-02,113.0,142.0,214,324,532,891.0,1870.0
01500500,08-03,107.0,128.0,213,308,527,901.0,1610.0
01500500,08-04,104.0,124.0,198,310,575,1010.0,1230.0
01500500,08-05,99.0,124.0,209,363,595,1110.0,1340.0
01500500,08-06,95.0,112.0,199,321,581,934.0,1280.0
01500500,08-07,95.0,117.0,202,332,543,949.0,1360.0
01500500,08-08,96.0,130.0,202,322,585,870.0,966.0
01500500,08-09,101.0,146.0,188,327,575,960.0,1520.0
01500500,08-10,101.0,139.0,195,304,569,973.0,1370.0
01500500,08-11,98.0,142.0,177,317,675,1170.0,1950.0
01500500,08-12,101.0,133.0,190,313,648,997.0,1310.0
01500500,08-13,105.0,138.0,183,309,632,845.0,991.0
01500500,08-14,109.0,122.0,195,294,593,884.0,1210.0
01500500,08-15,96.0,119.0,183,296,498,886.0,1150.0
01500500,08-16,97.0,122.0,181,300,525,819.0,1020.0
01500500,08-17,101.0,120.0,167,269,467,1180.0,1590.0
01500500,08-18,100.0,123.0,179,256,522,1410.0,2460.0
01500500,08-19,95.0,109.0,162,274,620,1230.0,2620.0
01500500,08-20,93.0,98.0,170,273,600,1270.0,1970.0
01500500,08-21,93.0,102.0,158,268,539,1090.0,1460.0
01500500,08-22,92.0,96.0,147,264,495,1040.0,1260.0
01500500,08-23,92.0,102.0,149,255,533,967.0,1310.0
01500500,08-24,98.0,104.0,152,249,485,767.0,1100.0
01500500,08-25,92.0,112.0,159,253,433,780.0,872.0
01500500,08-26,87.0,104.0,155,240,394,710.0,997.0
01500500,08-27,85.0,105.0,152,222,393,719.0,1160.0
01500500,08-28,82.0,94.0,150,222,421,862.0,1200.0
01500500,08-29,88.0,94.0,155,218,486,822.0,1310.0
01500500,08-30,88.0,92.0,148,237,474,773.0,1360.0
01500500,08-31,87.0,95.0,148,243,522,1080.0,1530.0
01500500,09-01,89.0,97.0,170,268,516,860.0,1070.0
01500500,09-02,86.0,99.0,165,251,464,933.0,1220.0
01500500,09-03,87.0,96.0,165,281,460,855.0,1180.0
01500500,09-04,86.0,99.0,160,265,434,720.0,964.0
01500500,09-05,88.0,118.0,162,281,413,588.0,774.0
01500500,09-06,89.0,117.0,161,252,413,656.0,1090.0
01500500,09-07,89.0,117.0,166,246,389,650.0,1260.0
01500500,09-08,84.0,103.0,155,231,364,661.0,935.0
01500500,09-09,81.0,107.0,154,239,350,567.0,835.0
01500500,09-10,85.0,114.0,147,249,378,652.0,994.0
01500500,09-11,88.0,121.0,140,234,373,640.0,1140.0
01500500,09-12,106.0,118.0,148,228,357,679.0,1510.0
01500500,09-13,98.0,112.0,144,233,360,622.0,1550.0
01500500,09-14,97.0,111.0,138,228,375,824.0,1780.0
01500500,09-15,99.0,113.0,164,235,407,1190.0,1800.0
01500500,09-16,94.0,115.0,157,243,416,1280.0,1370.0
01500500,09-17,95.0,110.0,170,239,373,991.0,1600.0
01500500,09-18,95.0,113.0,161,216,410,959.0,1990.0
01500500,09-19,91.0,102.0,168,232,449,1260.0,4660.0
01500500,09-20,89.0,98.0,176,234,463,1300.0,3020.0
01500500,09-21,87.0,102.0,157,235,426,1360.0,2960.0
01500500,09-22,86.0,117.0,158,221,535,1250.0,2900.0
01500500,09-23,85.0,117.0,164,241,614,1760.0,2040.0
01500500,09-24,84.0,121.0,157,236,545,1610.0,3550.0
01500500,09-25,89.0,121.0,154,259,523,1710.0,2630.0
01500500,09-26,81.0,102.0,173,256,586,1890.0,3930.0
01500500,09-27,99.0,114.0,176,287,596,1570.0,3750.0
01500500,09-28,104.0,118.0,179,247,627,1710.0,4760.0
01500500,09-29,87.0,124.0,171,221,594,1440.0,3690.0
01500500,09-30,96.0,137.0,165,258,612,1490.0,3160.0
01500500,10-01,112.0,135.0,172,272,670,1650.0,2220.0
01500500,10-02,114.0,135.0,188,262,547,1190.0,2640.0
01500500,10-03,99.0,143.0,186,274,492,1220.0,4280.0
01500500,10-04,101.0,135.0,175,255,476,1470.0,3660.0
01500500,10-05,102.0,130.0,178,268,445,1400.0,3640.0
01500500,10-06,115.0,139.0,166,247,557,1410.0,2920.0
01500500,10-07,100.0,135.0,173,270,731,1430.0,2700.0
01500500,10-08,115.0,137.0,172,315,882,1780.0,2470.0
01500500,10-09,105.0,124.0,172,291,875,1680.0,3020.0
01500500,10-10,100.0,122.0,168,293,789,1270.0,3430.0
01500500,10-11,97.0,125.0,160,289,691,1200.0,3440.0
01500500,10-12,88.0,118.0,167,300,679,1210.0,3260.0
01500500,10-13,91.0,117.0,171,324,676,1080.0,3020.0
01500500,10-14,101.0,118.0,169,323,678,1100.0,2810.0
01500500,10-15,94.0,114.0,177,298,685,1240.0,3190.0
01500500,10-16,95.0,134.0,186,339,692,1950.0,3340.0
01500500,10-17,108.0,122.0,192,376,741,2560.0,4250.0
01500500,10-18,113.0,122.0,193,352,674,2540.0,5440.0
01500500,10-19,111.0,130.0,193,377,748,2240.0,5680.0
01500500,10-20,105.0,125.0,191,350,774,2460.0,4230.0
01500500,10-21,109.0,127.0,188,340,798,2250.0,6930.0
01500500,10-22,96.0,122.0,194,342,745,2410.0,5270.0
01500500,10-23,96.0,127.0,181,370,693,2500.0,4120.0
01500500,10-24,105.0,133.0,186,410,903,2230.0,3780.0
01500500,10-25,108.0,135.0,187,403,1100,2310.0,3380.0
01500500,10-26,111.0,130.0,211,420,1230,2620.0,4150.0
01500500,10-27,104.0,140.0,209,480,1600,2460.0,3470.0
01500500,10-28,102.0,155.0,220,453,1530,2890.0,3970.0
01500500,10-29,104.0,142.0,246,451,1460,3050.0,4320.0
01500500,10-30,102.0,149.0,272,500,1500,2690.0,3640.0
01500500,10-31,113.0,150.0,270,524,1500,2890.0,3510.0
01500500,11-01,111.0,150.0,268,605,1430,2420.0,3500.0
01500500,11-02,114.0,165.0,303,629,1240,2370.0,2980.0
01500500,11-03,117.0,142.0,323,678,1600,2730.0,3430.0
01500500,11-04,121.0,165.0,325,641,1540,3010.0,4540.0
01500500,11-05,138.0,203.0,315,676,1490,2660.0,3550.0
01500500,11-06,133.0,194.0,327,767,1600,2760.0,3670.0
01500500,11-07,145.0,233.0,346,829,1660,2610.0,3940.0
01500500,11-08,155.0,212.0,404,812,1700,2430.0,4460.0
01500500,11-09,143.0,209.0,420,898,1650,3430.0,4780.0
01500500,11-10,157.0,215.0,420,870,1620,3150.0,4430.0
01500500,11-11,166.0,230.0,463,903,1810,2760.0,5490.0
01500500,11-12,159.0,213.0,482,1020,1830,2430.0,4880.0
01500500,11-13,176.0,207.0,497,1090,1940,3440.0,3730.0
01500500,11-14,164.0,214.0,458,973,1890,3130.0,3950.0
01500500,11-15,166.0,303.0,469,1040,2040,3330.0,3690.0
01500500,11-16,206.0,225.0,526,1020,2120,3100.0,3440.0
01500500,11-17,200.0,254.0,501,956,2010,3070.0,3840.0
01500500,11-18,200.0,249.0,522,1000,1910,3120.0,3450.0
01500500,11-19,191.0,226.0,462,1190,1960,2850.0,3170.0
01500500,11-20,172.0,274.0,469,1200,2130,2630.0,3360.0
01500500,11-21,199.0,294.0,461,1380,2340,3120.0,4050.0
01500500,11-22,198.0,322.0,547,1360,2170,3710.0,3920.0
01500500,11-23,239.0,330.0,642,1300,2020,2880.0,3930.0
01500500,11-24,302.0,366.0,727,1290,2230,2990.0,3730.0
01500500,11-25,277.0,388.0,788,1290,2270,2930.0,3860.0
01500500,11-26,323.0,374.0,861,1300,2220,3090.0,4680.0
01500500,11-27,322.0,380.0,839,1310,2250,3910.0,6260.0
01500500,11-28,326.0,421.0,827,1460,2300,3460.0,4820.0
01500500,11-29,373.0,531.0,879,1480,2350,3890.0,4640.0
01500500,11-30,351.0,598.0,904,1520,2270,3310.0,4610.0
01500500,12-01,297.0,590.0,878,1580,2300,3020.0,4220.0
01500500,12-02,320.0,476.0,825,1460,2270,3370.0,4560.0
01500500,12-03,325.0,491.0,739,1400,2160,3320.0,5170.0
01500500,12-04,314.0,467.0,776,1500,2520,3560.0,4920.0
01500500,12-05,329.0,445.0,805,1450,2210,3950.0,4140.0
01500500,12-06,400.0,525.0,1010,1450,2520,3380.0,4730.0
01500500,12-07,401.0,570.0,1010,1500,2550,3720.0,6070.0
01500500,12-08,359.0,634.0,1020,1480,2510,3530.0,5460.0
01500500,12-09,407.0,682.0,1020,1650,2300,3340.0,5830.0
01500500,12-10,329.0,675.0,988,1670,2360,3960.0,5870.0
01500500,12-11,329.0,740.0,990,1730,2560,4710.0,6400.0
01500500,12-12,368.0,650.0,950,1520,2470,4680.0,6190.0
01500500,12-13,498.0,620.0,924,1600,2420,5020.0,6530.0
01500500,12-14,477.0,560.0,934,1520,2580,4550.0,5330.0
01500500,12-15,387.0,540.0,901,1460,2570,3690.0,4650.0
01500500,12-16,410.0,503.0,840,1450,2310,3630.0,4110.0
01500500,12-17,445.0,542.0,900,1350,2170,3490.0,4300.0
01500500,12-18,459.0,623.0,878,1350,2210,3150.0,4050.0
01500500,12-19,450.0,640.0,881,1230,2390,3120.0,4170.0
01500500,12-20,425.0,560.0,869,1270,2210,3100.0,3430.0
01500500,12-21,405.0,620.0,862,1450,2280,3050.0,5220.0
01500500,12-22,415.0,640.0,860,1320,2170,3240.0,5590.0
01500500,12-23,410.0,580.0,827,1380,2180,3830.0,4460.0
01500500,12-24,465.0,624.0,886,1350,2120,3470.0,4190.0
01500500,12-25,450.0,599.0,919,1460,2240,3450.0,4830.0
01500500,12-26,430.0,540.0,944,1390,2220,3450.0,4600.0
01500500,12-27,505.0,600.0,890,1310,2160,3200.0,5090.0
01500500,12-28,495.0,600.0,892,1300,2150,3590.0,4550.0
01500500,12-29,530.0,644.0,852,1300,2560,4190.0,5210.0
01500500,12-30,520.0,597.0,890,1260,2650,4360.0,7520.0
01500500,12-31,510.0,600.0,820,1140,2970,5170.0,7000.0
01502500,01-01,259.0,309.0,464,740,1410,2470.0,3210.0
01502500,01-02,243.0,300.0,453,770,1340,2320.0,3610.0
01502500,01-03,234.0,298.0,432,730,1410,1990.0,3340.0
01502500,01-04,238.0,289.0,434,803,1400,2190.0,2740.0
01502500,01-05,239.0,289.0,427,763,1300,2240.0,2520.0
01502500,01-06,216.0,270.0,410,792,1310,1880.0,2150.0
01502500,01-07,225.0,269.0,420,789,1270,1770.0,2730.0
01502500,01-08,232.0,260.0,425,700,1150,1910.0,2790.0
01502500,01-09,229.0,260.0,430,625,1050,1560.0,2420.0
01502500,01-10,226.0,278.0,410,720,1080,1690.0,2470.0
01502500,01-11,226.0,270.0,420,738,985,1750.0,2900.0
01502500,01-12,227.0,287.0,425,700,1030,1920.0,2430.0
01502500,01-13,222.0,286.0,427,687,1080,2090.0,2910.0
01502500,01-14,225.0,276.0,403,640,1100,2500.0,2980.0
01502500,01-15,230.0,284.0,376,615,1160,2010.0,3100.0
01502500,01-16,219.0,249.0,390,627,1210,2080.0,2500.0
01502500,01-17,216.0,250.0,383,610,1130,1750.0,1980.0
01502500,01-18,210.0,249.0,377,585,1240,1520.0,2250.0
01502500,01-19,207.0,249.0,390,570,1080,1370.0,2420.0
01502500,01-20,199.0,239.0,405,582,1040,1540.0,2010.0
01502500,01-21,202.0,239.0,400,562,995,1670.0,2340.0
01502500,01-22,212.0,229.0,402,565,943,1780.0,2540.0
01502500,01-23,212.0,257.0,403,580,1050,1930.0,2340.0
01502500,01-24,212.0,268.0,393,560,1230,2180.0,3030.0
01502500,01-25,210.0,288.0,395,610,1330,2380.0,3400.0
01502500,01-26,202.0,269.0,380,620,1410,2860.0,3930.0
01502500,01-27,209.0,270.0,380,606,1510,2410.0,4180.0
01502500,01-28,197.0,260.0,383,593,1230,2820.0,3620.0
01502500,01-29,190.0,250.0,365,600,1220,1960.0,2570.0
01502500,01-30,190.0,240.0,376,600,1180,1630.0,2380.0
01502500,01-31,188.0,240.0,365,620,1100,1920.0,2260.0
01502500,02-01,193.0,260.0,375,621,1110,1700.0,2100.0
01502500,02-02,185.0,260.0,375,620,1110,1760.0,2200.0
01502500,02-03,180.0,245.0,383,610,1300,1960.0,2800.0
01502500,02-04,170.0,245.0,370,580,1070,2040.0,2980.0
01502500,02-05,170.0,240.0,352,600,1060,1690.0,2570.0
01502500,02-06,170.0,230.0,365,600,963,1600.0,2340.0
01502500,02-07,185.0,230.0,375,582,935,1570.0,2210.0
01502500,02-08,190.0,250.0,387,560,944,1470.0,2560.0
01502500,02-09,185.0,230.0,369,580,856,1550.0,2310.0
01502500,02-10,180.0,220.0,351,573,930,1390.0,2510.0
01502500,02-11,180.0,270.0,352,560,1000,1800.0,3160.0
01502500,02-12,190.0,260.0,360,550,970,1780.0,2910.0
01502500,02-13,195.0,250.0,350,520,910,1800.0,2910.0
01502500,02-14,185.0,270.0,365,520,904,2190.0,3580.0
01502500,02-15,177.0,260.0,360,560,957,1800.0,2810.0
01502500,02-16,195.0,260.0,365,580,1020,1950.0,3850.0
01502500,02-17,230.0,260.0,376,600,1040,2500.0,4150.0
01502500,02-18,223.0,260.0,381,604,1040,2200.0,3890.0
01502500,02-19,223.0,280.0,368,620,920,2020.0,3360.0
01502500,02-20,220.0,300.0,370,597,1030,2330.0,3370.0
01502500,02-21,217.0,270.0,395,600,1130,2630.0,4040.0
01502500,02-22,215.0,270.0,404,636,1220,2540.0,5660.0
01502500,02-23,235.0,289.0,378,700,1640,2980.0,3840.0
01502500,02-24,235.0,300.0,413,739,1520,3140.0,3800.0
01502500,02-25,230.0,270.0,413,715,1300,2990.0,4840.0
01502500,02-26,225.0,260.0,408,700,1330,2520.0,4650.0
01502500,02-27,225.0,270.0,415,694,1420,2900.0,3380.0
01502500,02-28,220.0,270.0,425,720,1430,2620.0,3330.0
01502500,02-29,152.0,262.0,295,548,1090,1920.0,2990.0
01502500,03-01,227.0,280.0,420,770,1310,2180.0,3220.0
01502500,03-02,242.0,270.0,408,780,1360,2080.0,2580.0
01502500,03-03,247.0,280.0,450,820,1250,2120.0,2920.0
01502500,03-04,237.0,320.0,454,800,1510,2000.0,3620.0
01502500,03-05,240.0,300.0,453,850,1400,3170.0,5090.0
01502500,03-06,250.0,310.0,469,870,1550,4200.0,5570.0
01502500,03-07,250.0,320.0,457,946,2050,4310.0,5980.0
01502500,03-08,275.0,320.0,484,970,2150,4110.0,6450.0
01502500,03-09,270.0,317.0,505,950,1990,3690.0,6320.0
01502500,03-10,270.0,310.0,487,900,1940,3730.0,5660.0
01502500,03-11,290.0,320.0,485,1020,1970,3850.0,4750.0
01502500,03-12,285.0,350.0,605,1180,2130,3730.0,4910.0
01502500,03-13,316.0,400.0,630,1190,2210,3750.0,6080.0
01502500,03-14,325.0,420.0,694,1400,2240,3090.0,4190.0
01502500,03-15,348.0,440.0,748,1490,2230,3060.0,3620.0
01502500,03-16,350.0,460.0,779,1450,2210,3300.0,4860.0
01502500,03-17,355.0,560.0,871,1390,2300,4380.0,7500.0
01502500,03-18,366.0,560.0,819,1300,2370,4240.0,7780.0
01502500,03-19,411.0,580.0,811,1240,2250,3990.0,5700.0
01502500,03-20,445.0,557.0,801,1370,2090,3960.0,5200.0
01502500,03-21,495.0,620.0,800,1440,2170,3810.0,4490.0
01502500,03-22,506.0,529.0,916,1490,2390,3540.0,5230.0
01502500,03-23,500.0,620.0,864,1450,2440,4020.0,5420.0
01502500,03-24,552.0,620.0,831,1440,2440,4030.0,4870.0
01502500,03-25,553.0,619.0,896,1650,2650,4190.0,4950.0
01502500,03-26,560.0,670.0,915,1570,2920,4550.0,5490.0
01502500,03-27,567.0,758.0,1050,1590,2920,5290.0,6420.0
01502500,03-28,584.0,745.0,1020,1770,2730,4100.0,5920.0
01502500,03-29,605.0,725.0,1070,1720,2660,4280.0,6220.0
01502500,03-30,649.0,717.0,1110,1690,2680,4490.0,6630.0
01502500,03-31,654.0,750.0,1150,1670,3050,5410.0,7780.0
01502500,04-01,636.0,773.0,1180,1780,3290,6060.0,9230.0
01502500,04-02,789.0,900.0,1290,1900,3460,5320.0,7870.0
01502500,04-03,713.0,971.0,1360,2040,3510,5450.0,7280.0
01502500,04-04,644.0,844.0,1310,2120,3340,5590.0,6840.0
01502500,04-05,629.0,883.0,1330,2040,3660,5830.0,9020.0
01502500,04-06,681.0,870.0,1220,2140,3420,5210.0,8070.0
01502500,04-07,796.0,969.0,1370,2070,3180,4740.0,8420.0
01502500,04-08,733.0,1050.0,1260,2040,2860,5610.0,7290.0
01502500,04-09,758.0,978.0,1220,1860,2870,4730.0,5960.0
01502500,04-10,769.0,883.0,1230,1700,2470,4060.0,6310.0
01502500,04-11,715.0,821.0,1180,1690,2350,4550.0,6190.0
01502500,04-12,699.0,760.0,1220,1750,2300,4040.0,5320.0
01502500,04-13,670.0,761.0,1140,1730,2420,4120.0,4690.0
01502500,04-14,649.0,697.0,1060,1640,2450,3860.0,5080.0
01502500,04-15,618.0,698.0,994,1560,2470,3430.0,4530.0
01502500,04-16,596.0,704.0,1040,1530,2350,3760.0,4410.0
01502500,04-17,550.0,728.0,1060,1440,2290,3970.0,5930.0
01502500,04-18,540.0,702.0,953,1400,2100,3880.0,4820.0
01502500,04-19,520.0,630.0,873,1370,2060,3290.0,3980.0
01502500,04-20,474.0,586.0,890,1310,2170,2910.0,3660.0
01502500,04-21,462.0,576.0,792,1320,2100,2820.0,3750.0
01502500,04-22,474.0,560.0,775,1260,1760,2940.0,4000.0
01502500,04-23,479.0,579.0,811,1260,1850,3170.0,3750.0
01502500,04-24,494.0,584.0,848,1270,1900,2660.0,3200.0
01502500,04-25,501.0,579.0,766,1150,1780,2590.0,3460.0
01502500,04-26,488.0,592.0,854,1080,1650,2540.0,3240.0
01502500,04-27,473.0,584.0,830,1140,1710,2350.0,3160.0
01502500,04-28,437.0,549.0,773,1100,1540,2130.0,2870.0
01502500,04-29,470.0,520.0,769,1050,1460,2150.0,2590.0
01502500,04-30,436.0,491.0,755,1030,1480,2010.0,2510.0
01502500,05-01,399.0,479.0,715,1020,1450,2020.0,2970.0
01502500,05-02,417.0,485.0,682,993,1350,2040.0,2340.0
01502500,05-03,397.0,503.0,618,958,1300,2050.0,2540.0
01502500,05-04,376.0,442.0,655,878,1420,2270.0,2580.0
01502500,05-05,366.0,413.0,607,847,1290,2220.0,3120.0
01502500,05-06,357.0,394.0,575,784,1170,2370.0,3060.0
01502500,05-07,338.0,414.0,549,785,1350,2040.0,2930.0
01502500,05-08,363.0,404.0,543,757,1310,1940.0,2880.0
01502500,05-09,336.0,415.0,510,832,1280,2200.0,2950.0
01502500,05-10,315.0,381.0,545,836,1280,2040.0,2320.0
01502500,05-11,309.0,381.0,505,788,1300,1970.0,2560.0
01502500,05-12,308.0,409.0,513,771,1330,1760.0,2440.0
01502500,05-13,298.0,374.0,512,759,1320,1960.0,2640.0
01502500,05-14,306.0,368.0,461,705,1260,2120.0,3120.0
01502500,05-15,279.0,339.0,475,730,1180,1960.0,2580.0
01502500,05-16,265.0,327.0,477,737,1210,2000.0,2400.0
01502500,05-17,278.0,367.0,453,748,1180,1890.0,2190.0
01502500,05-18,266.0,344.0,435,702,1120,1760.0,2380.0
01502500,05-19,245.0,328.0,425,641,1110,1810.0,2800.0
01502500,05-20,238.0,322.0,425,707,1100,1870.0,2140.0
01502500,05-21,231.0,329.0,447,645,1190,1690.0,2840.0
01502500,05-22,247.0,327.0,402,639,1120,1500.0,3350.0
01502500,05-23,267.0,309.0,384,620,1030,1640.0,2590.0
01502500,05-24,276.0,303.0,370,661,968,1700.0,1970.0
01502500,05-25,259.0,288.0,364,663,1050,1510.0,1640.0
01502500,05-26,239.0,262.0,354,605,982,1440.0,2160.0
01502500,05-27,228.0,250.0,350,596,947,1380.0,1850.0
01502500,05-28,221.0,252.0,354,564,847,1430.0,1870.0
01502500,05-29,229.0,256.0,344,517,803,1430.0,1780.0
01502500,05-30,212.0,256.0,305,499,748,1460.0,2450.0
01502500,05-31,194.0,223.0,293,499,735,1160.0,1870.0
01502500,06-01,185.0,226.0,289,453,909,1390.0,1890.0
01502500,06-02,181.0,214.0,284,439,950,1540.0,2010.0
01502500,06-03,177.0,229.0,309,423,758,1460.0,2490.0
01502500,06-04,178.0,219.0,300,439,814,1280.0,2310.0
01502500,06-05,184.0,209.0,290,398,806,1270.0,2030.0
01502500,06-06,182.0,205.0,276,378,858,1250.0,1750.0
01502500,06-07,172.0,211.0,263,414,768,1310.0,1700.0
01502500,06-08,168.0,188.0,248,424,697,1170.0,2070.0
01502500,06-09,153.0,180.0,232,406,632,1470.0,1770.0
01502500,06-10,156.0,174.0,227,419,725,1260.0,1610.0
01502500,06-11,145.0,173.0,219,397,612,1250.0,1670.0
01502500,06-12,138.0,172.0,232,381,587,1080.0,1600.0
01502500,06-13,139.0,158.0,227,364,672,1270.0,1680.0
01502500,06-14,141.0,162.0,235,350,705,1200.0,1730.0
01502500,06-15,136.0,159.0,215,325,702,1260.0,2070.0
01502500,06-16,132.0,153.0,211,316,717,1280.0,2210.0
01502500,06-17,131.0,149.0,200,300,713,1290.0,2010.0
01502500,06-18,120.0,147.0,196,302,689,1200.0,1840.0
01502500,06-19,118.0,140.0,195,334,611,994.0,1590.0
01502500,06-20,117.0,136.0,192,303,588,998.0,1320.0
01502500,06-21,114.0,129.0,191,280,584,1030.0,1410.0
01502500,06-22,110.0,130.0,182,275,612,1280.0,1640.0
01502500,06-23,106.0,122.0,180,282,613,1160.0,1630.0
01502500,06-24,107.0,126.0,176,270,602,1050.0,1780.0
01502500,06-25,108.0,128.0,167,258,550,1080.0,1760.0
01502500,06-26,108.0,127.0,168,271,540,1150.0,1660.0
01502500,06-27,102.0,119.0,173,252,539,1040.0,1670.0
01502500,06-28,94.0,113.0,170,265,508,937.0,1860.0
01502500,06-29,93.0,120.0,173,252,537,1030.0,2320.0
01502500,06-30,95.0,116.0,160,259,560,1340.0,2990.0
01502500,07-01,94.0,127.0,159,246,473,2100.0,3000.0
01502500,07-02,92.0,124.0,160,238,468,1680.0,1940.0
01502500,07-03,104.0,120.0,157,265,572,1320.0,1630.0
01502500,07-04,103.0,116.0,152,257,465,1170.0,1640.0
01502500,07-05,103.0,112.0,139,265,467,902.0,1160.0
01502500,07-06,93.0,107.0,139,265,444,846.0,1330.0
01502500,07-07,84.0,101.0,132,268,470,794.0,1260.0
01502500,07-08,84.0,96.0,133,236,472,943.0,1200.0
01502500,07-09,78.0,90.0,135,225,468,938.0,1280.0
01502500,07-10,75.0,90.0,128,226,372,773.0,1440.0
01502500,07-11,71.0,92.0,128,223,420,716.0,1100.0
01502500,07-12,71.0,92.0,125,217,389,743.0,1030.0
01502500,07-13,70.0,92.0,125,220,342,693.0,1100.0
01502500,07-14,74.0,90.0,120,224,350,671.0,936.0
01502500,07-15,78.0,86.0,130,211,380,638.0,884.0
01502500,07-16,74.0,86.0,127,207,349,630.0,762.0
01502500,07-17,71.0,86.0,123,198,303,697.0,929.0
01502500,07-18,69.0,83.0,118,196,271,535.0,775.0
01502500,07-19,70.0,83.0,113,189,260,508.0,698.0
01502500,07-20,74.0,82.0,117,177,299,513.0,834.0
01502500,07-21,72.0,80.0,116,189,299,516.0,910.0
01502500,07-22,70.0,79.0,117,182,289,692.0,1060.0
01502500,07-23,70.0,76.0,121,184,304,843.0,2230.0
01502500,07-24,67.0,76.0,115,178,328,813.0,1610.0
01502500,07-25,67.0,75.0,118,172,352,859.0,1330.0
01502500,07-26,63.0,77.0,122,181,320,701.0,1010.0
01502500,07-27,63.0,78.0,137,190,300,613.0,824.0
01502500,07-28,65.0,78.0,130,175,279,668.0,796.0
01502500,07-29,60.0,72.0,127,179,278,660.0,1030.0
01502500,07-30,61.0,73.0,117,185,317,651.0,815.0
01502500,07-31,62.0,69.0,115,170,347,611.0,1450.0
01502500,08-01,59.0,67.0,116,165,338,827.0,1630.0
01502500,08-02,57.0,68.0,116,155,286,860.0,1510.0
01502500,08-03,56.0,70.0,115,160,270,597.0,1020.0
01502500,08-04,56.0,75.0,109,164,323,538.0,936.0
01502500,08-05,57.0,78.0,112,182,343,707.0,893.0
01502500,08-06,57.0,75.0,110,174,310,600.0,718.0
01502500,08-07,58.0,73.0,117,179,300,485.0,687.0
01502500,08-08,57.0,70.0,108,169,285,522.0,758.0
01502500,08-09,56.0,71.0,102,158,284,573.0,713.0
01502500,08-10,54.0,71.0,102,168,280,547.0,684.0
01502500,08-11,53.0,72.0,102,173,300,563.0,738.0
01502500,08-12,55.0,74.0,103,170,310,536.0,669.0
01502500,08-13,53.0,73.0,99,152,300,528.0,644.0
01502500,08-14,53.0,75.0,99,143,287,573.0,774.0
01502500,08-15,53.0,76.0,96,139,240,531.0,827.0
01502500,08-16,59.0,74.0,87,145,249,450.0,680.0
01502500,08-17,60.0,72.0,86,137,292,471.0,832.0
01502500,08-18,58.0,71.0,91,141,300,643.0,1010.0
01502500,08-19,60.0,68.0,90,138,280,615.0,1150.0
01502500,08-20,58.0,65.0,89,144,290,619.0,974.0
01502500,08-21,55.0,64.0,85,140,291,704.0,832.0
01502500,08-22,53.0,63.0,86,130,262,452.0,660.0
01502500,08-23,53.0,59.0,85,131,266,389.0,1130.0
01502500,08-24,53.0,69.0,86,136,246,463.0,990.0
01502500,08-25,53.0,72.0,88,127,214,450.0,789.0
01502500,08-26,53.0,71.0,84,122,206,389.0,646.0
01502500,08-27,51.0,68.0,82,130,207,477.0,616.0
01502500,08-28,53.0,67.0,80,140,240,459.0,587.0
01502500,08-29,53.0,64.0,80,142,272,726.0,1160.0
01502500,08-30,52.0,62.0,80,150,280,892.0,2140.0
01502500,08-31,53.0,68.0,88,140,300,717.0,1080.0
01502500,09-01,59.0,64.0,85,137,281,568.0,1040.0
01502500,09-02,60.0,71.0,86,137,290,634.0,1170.0
01502500,09-03,54.0,72.0,90,133,269,607.0,915.0
01502500,09-04,51.0,70.0,94,135,288,528.0,972.0
01502500,09-05,55.0,69.0,90,138,259,564.0,858.0
01502500,09-06,59.0,66.0,90,137,250,535.0,742.0
01502500,09-07,58.0,64.0,87,130,245,450.0,728.0
01502500,09-08,55.0,62.0,85,125,214,405.0,674.0
01502500,09-09,53.0,60.0,83,122,226,347.0,619.0
01502500,09-10,52.0,62.0,85,118,230,518.0,651.0
01502500,09-11,54.0,65.0,86,136,250,601.0,857.0
01502500,09-12,59.0,63.0,85,131,239,698.0,1090.0
01502500,09-13,59.0,64.0,85,125,240,601.0,932.0
01502500,09-14,55.0,64.0,82,130,247,519.0,893.0
01502500,09-15,56.0,64.0,85,130,255,546.0,980.0
01502500,09-16,55.0,70.0,93,139,254,627.0,1020.0
01502500,09-17,56.0,63.0,96,148,260,537.0,1020.0
01502500,09-18,53.0,61.0,96,139,249,564.0,902.0
01502500,09-19,52.0,59.0,95,133,260,675.0,1390.0
01502500,09-20,52.0,58.0,91,125,300,666.0,1370.0
01502500,09-21,49.0,62.0,87,124,382,631.0,1190.0
01502500,09-22,47.0,64.0,87,130,316,610.0,1020.0
01502500,09-23,46.0,67.0,85,142,334,720.0,976.0
01502500,09-24,52.0,68.0,88,137,409,868.0,1810.0
01502500,09-25,53.0,65.0,92,150,359,788.0,1750.0
01502500,09-26,51.0,69.0,87,144,338,748.0,1460.0
01502500,09-27,48.0,69.0,89,140,359,731.0,1710.0
01502500,09-28,48.0,69.0,92,141,351,1110.0,2840.0
01502500,09-29,47.0,73.0,88,156,338,1020.0,2540.0
01502500,09-30,53.0,71.0,92,153,348,899.0,1510.0
01502500,10-01,58.0,71.0,96,145,393,815.0,1300.0
01502500,10-02,56.0,71.0,94,154,374,779.0,1760.0
01502500,10-03,56.0,68.0,94,144,327,701.0,2090.0
01502500,10-04,58.0,69.0,96,139,328,1060.0,1910.0
01502500,10-05,59.0,70.0,96,145,320,993.0,2020.0
01502500,10-06,59.0,76.0,95,155,390,1170.0,1730.0
01502500,10-07,61.0,77.0,98,155,430,1100.0,1380.0
01502500,10-08,57.0,77.0,98,187,500,1070.0,1550.0
01502500,10-09,60.0,74.0,93,185,485,938.0,2050.0
01502500,10-10,57.0,71.0,94,210,414,841.0,1510.0
01502500,10-11,58.0,70.0,93,189,396,755.0,1440.0
01502500,10-12,58.0,70.0,91,182,342,711.0,1330.0
01502500,10-13,59.0,71.0,88,180,376,880.0,1570.0
01502500,10-14,58.0,70.0,103,178,375,861.0,1490.0
01502500,10-15,59.0,70.0,106,198,445,1050.0,1510.0
01502500,10-16,60.0,70.0,104,203,507,1440.0,2550.0
01502500,10-17,61.0,72.0,107,190,490,1710.0,3100.0
01502500,10-18,63.0,72.0,105,184,522,1470.0,3010.0
01502500,10-19,62.0,74.0,102,202,646,1320.0,2250.0
01502500,10-20,62.0,74.0,106,213,781,1360.0,2090.0
01502500,10-21,60.0,75.0,110,227,709,1090.0,3700.0
01502500,10-22,60.0,74.0,115,227,666,1100.0,2550.0
01502500,10-23,57.0,75.0,115,231,693,1430.0,2040.0
01502500,10-24,58.0,74.0,113,250,698,1550.0,2270.0
01502500,10-25,58.0,77.0,113,267,778,1610.0,2330.0
01502500,10-26,57.0,76.0,116,332,881,1470.0,2420.0
01502500,10-27,57.0,75.0,119,330,1030,1800.0,2180.0
01502500,10-28,68.0,79.0,131,321,1090,2160.0,3460.0
01502500,10-29,69.0,83.0,139,309,969,2310.0,3500.0
01502500,10-30,68.0,87.0,162,359,872,1910.0,2860.0
01502500,10-31,67.0,90.0,173,415,801,1930.0,2360.0
01502500,11-01,66.0,86.0,173,443,749,1840.0,2070.0
01502500,11-02,70.0,96.0,180,402,780,1580.0,1880.0
01502500,11-03,78.0,96.0,189,413,1000,1550.0,2420.0
01502500,11-04,84.0,98.0,206,438,972,1520.0,2390.0
01502500,11-05,89.0,105.0,215,477,926,1480.0,1960.0
01502500,11-06,90.0,106.0,214,509,990,1390.0,1700.0
01502500,11-07,89.0,110.0,228,500,1010,1430.0,2140.0
01502500,11-08,91.0,136.0,222,498,913,1580.0,2530.0
01502500,11-09,90.0,132.0,240,490,909,1790.0,2120.0
01502500,11-10,93.0,118.0,253,502,953,1820.0,2530.0
01502500,11-11,99.0,111.0,260,508,962,1540.0,3470.0
01502500,11-12,98.0,126.0,300,492,962,1400.0,2160.0
01502500,11-13,106.0,122.0,308,514,965,1530.0,2000.0
01502500,11-14,103.0,121.0,308,498,1010,1790.0,2090.0
01502500,11-15,99.0,143.0,307,542,1050,1710.0,2040.0
01502500,11-16,95.0,128.0,315,589,1220,1960.0,2220.0
01502500,11-17,97.0,127.0,310,630,1220,1780.0,3280.0
01502500,11-18,92.0,142.0,322,658,1210,1900.0,2850.0
01502500,11-19,90.0,134.0,323,667,1080,1800.0,2140.0
01502500,11-20,89.0,136.0,307,665,1280,1630.0,2690.0
01502500,11-21,94.0,147.0,292,693,1200,2150.0,2720.0
01502500,11-22,97.0,167.0,336,682,1160,1970.0,2220.0
01502500,11-23,105.0,171.0,355,712,1240,1740.0,2490.0
01502500,11-24,128.0,238.0,377,665,1200,1800.0,2250.0
01502500,11-25,137.0,232.0,432,679,1180,1670.0,2240.0
01502500,11-26,165.0,231.0,430,691,1260,1850.0,2550.0
01502500,11-27,169.0,230.0,427,721,1230,2150.0,2950.0
01502500,11-28,156.0,225.0,415,775,1300,2110.0,2560.0
01502500,11-29,163.0,231.0,433,865,1340,1900.0,3150.0
01502500,11-30,198.0,267.0,448,798,1250,2110.0,2920.0
01502500,12-01,195.0,279.0,442,768,1210,1930.0,2710.0
01502500,12-02,192.0,265.0,424,735,1160,2240.0,3070.0
01502500,12-03,195.0,238.0,418,713,1230,1910.0,2840.0
01502500,12-04,198.0,229.0,412,752,1340,2030.0,2570.0
01502500,12-05,194.0,263.0,400,802,1230,2150.0,2980.0
01502500,12-06,188.0,280.0,442,773,1430,2030.0,2490.0
01502500,12-07,182.0,308.0,504,783,1400,1900.0,2460.0
01502500,12-08,172.0,312.0,492,836,1390,1810.0,2440.0
01502500,12-09,170.0,316.0,513,852,1300,1760.0,2090.0
01502500,12-10,180.0,321.0,520,858,1250,2030.0,2710.0
01502500,12-11,179.0,339.0,502,848,1350,2660.0,3700.0
01502500,12-12,205.0,336.0,470,905,1390,2420.0,3960.0
01502500,12-13,234.0,352.0,475,830,1340,2680.0,3700.0
01502500,12-14,210.0,340.0,520,795,1440,2100.0,2720.0
01502500,12-15,223.0,289.0,485,802,1240,1790.0,2700.0
01502500,12-16,215.0,291.0,480,762,1250,1950.0,2960.0
01502500,12-17,200.0,268.0,465,828,1210,1800.0,2650.0
01502500,12-18,209.0,298.0,472,760,1300,1910.0,2270.0
01502500,12-19,214.0,324.0,480,720,1270,1900.0,3000.0
01502500,12-20,202.0,329.0,479,723,1210,1880.0,2310.0
01502500,12-21,187.0,357.0,482,790,1190,2010.0,3000.0
01502500,12-22,213.0,337.0,471,741,1240,2180.0,3600.0
01502500,12-23,222.0,297.0,453,710,1270,2290.0,2670.0
01502500,12-24,243.0,340.0,483,757,1370,2110.0,2720.0
01502500,12-25,236.0,347.0,483,834,1360,2000.0,3330.0
01502500,12-26,234.0,340.0,561,766,1340,2070.0,2500.0
01502500,12-27,263.0,327.0,550,750,1220,2000.0,2520.0
01502500,12-28,278.0,329.0,502,750,1310,2030.0,2640.0
01502500,12-29,310.0,349.0,489,830,1380,2360.0,3340.0
01502500,12-30,280.0,314.0,470,799,1490,2740.0,3820.0
01502500,12-31,270.0,308.0,482,735,1430,2580.0,3870.0
01502632,01-01,,1690.0,3080,4300,5810,6500.0,
01502632,01-02,,1690.0,2730,3940,4990,6930.0,
01502632,01-03,,1480.0,2780,3870,4670,5530.0,
01502632,01-04,,1380.0,2590,3830,4550,5930.0,
01502632,01-05,,1320.0,2600,3100,4800,7130.0,
01502632,01-06,,1510.0,2350,3130,4840,6160.0,
01502632,01-07,,1590.0,2200,3130,3690,6070.0,
01502632,01-08,,1630.0,2020,2600,3720,4660.0,
01502632,01-09,,1540.0,1820,2400,3290,4230.0,
01502632,01-10,,1350.0,1890,2400,3630,5730.0,
01502632,01-11,,1280.0,1880,2440,4410,7760.0,
01502632,01-12,,1430.0,2060,2910,5130,7870.0,
01502632,01-13,,1390.0,2120,4160,6180,8740.0,
01502632,01-14,,1420.0,2080,3850,6820,8120.0,
01502632,01-15,,1350.0,1930,3590,5810,8410.0,
01502632,01-16,,1190.0,1770,3460,4740,6660.0,
01502632,01-17,,1180.0,1680,3330,4430,5560.0,
01502632,01-18,,1350.0,1720,3400,4280,5250.0,
01502632,01-19,,1500.0,1780,2650,3910,4940.0,
01502632,01-20,,1390.0,1800,2580,3720,5710.0,
01502632,01-21,,1310.0,1710,2000,3370,5740.0,
01502632,01-22,,1280.0,1480,1950,3020,5080.0,
01502632,01-23,,1200.0,1360,2000,3490,4670.0,
01502632,01-24,,1100.0,1370,1900,4030,7090.0,
01502632,01-25,,1070.0,1480,1900,5730,9240.0,
01502632,01-26,,1010.0,1450,1800,6370,12700.0,
01502632,01-27,,999.0,1320,1800,6520,12600.0,
01502632,01-28,,994.0,1230,1900,5960,10900.0,
01502632,01-29,,991.0,1190,2000,4960,8370.0,
01502632,01-30,,957.0,1240,2500,4010,6500.0,
01502632,01-31,,905.0,1260,2210,3620,6620.0,
01502632,02-01,,884.0,1260,2440,3340,6210.0,
01502632,02-02,,872.0,1210,2260,3210,5590.0,
01502632,02-03,,927.0,1150,2280,3440,4820.0,
01502632,02-04,,914.0,1260,2230,4010,4390.0,
01502632,02-05,,898.0,1330,2040,3720,4440.0,
01502632,02-06,,881.0,1400,2110,3210,4470.0,
01502632,02-07,,862.0,1220,2190,3000,5230.0,
01502632,02-08,,842.0,1130,2300,3050,7080.0,
01502632,02-09,,824.0,1070,2070,2850,7340.0,
01502632,02-10,,813.0,1030,2270,2880,5250.0,
01502632,02-11,,806.0,990,2130,3430,4730.0,
01502632,02-12,,803.0,984,1750,3340,4290.0,
01502632,02-13,,799.0,993,1650,3350,4200.0,
01502632,02-14,,793.0,1060,1560,3160,3960.0,
01502632,02-15,,781.0,1120,1560,2780,3810.0,
01502632,02-16,,865.0,1140,1900,2770,4890.0,
01502632,02-17,,1000.0,1400,2000,3150,5970.0,
01502632,02-18,,1020.0,1440,2340,3810,5950.0,
01502632,02-19,,1020.0,1330,2160,3700,7050.0,
01502632,02-20,,1070.0,1290,1990,4030,6670.0,
01502632,02-21,,1040.0,1380,1810,3970,6870.0,
01502632,02-22,,1000.0,1480,2160,3640,6640.0,
01502632,02-23,,1020.0,1470,2290,4500,10300.0,
01502632,02-24,,1030.0,1490,2230,4440,10200.0,
01502632,02-25,,1060.0,1480,2410,5840,12300.0,
01502632,02-26,,1040.0,1430,2300,4690,16200.0,
01502632,02-27,,1140.0,1490,2470,5250,11200.0,
01502632,02-28,,1150.0,1680,2240,5880,8770.0,
01502632,02-29,,,2230,4470,5850,,
01502632,03-01,,1080.0,1860,2900,5110,8870.0,
01502632,03-02,,1040.0,1890,2880,4590,8160.0,
01502632,03-03,,1030.0,1760,2840,5090,6340.0,
01502632,03-04,,1040.0,1700,2820,4890,6820.0,
01502632,03-05,,1020.0,1630,3330,4310,6480.0,
01502632,03-06,,988.0,1530,3150,6150,11700.0,
01502632,03-07,,1020.0,1470,3080,9040,13500.0,
01502632,03-08,,1150.0,1490,3600,9960,14900.0,
01502632,03-09,,1170.0,1640,4030,8440,13600.0,
01502632,03-10,,1260.0,1850,3750,7830,14500.0,
01502632,03-11,,1230.0,2050,3790,6180,15700.0,
01502632,03-12,,1300.0,3270,5810,6840,14100.0,
01502632,03-13,,1480.0,3020,5480,8350,17300.0,
01502632,03-14,,1780.0,2680,5690,7610,13400.0,
01502632,03-15,,2060.0,3090,5080,6250,10600.0,
01502632,03-16,,2130.0,2950,4840,6100,11000.0,
01502632,03-17,,2300.0,2930,4650,7250,11200.0,
01502632,03-18,,2250.0,2740,4520,6600,12200.0,
01502632,03-19,,2160.0,2600,4300,7810,12000.0,
01502632,03-20,,2140.0,2570,4160,6210,11900.0,
01502632,03-21,,2030.0,2820,4050,5860,10600.0,
01502632,03-22,,2000.0,2820,3960,5700,9790.0,
01502632,03-23,,1970.0,2550,4140,5900,11600.0,
01502632,03-24,,1900.0,2340,4090,5430,14400.0,
01502632,03-25,,1760.0,2250,3910,6070,13100.0,
01502632,03-26,,1750.0,2270,4090,5970,11600.0,
01502632,03-27,,1890.0,2500,3840,6390,10400.0,
01502632,03-28,,2140.0,2670,3930,6740,9450.0,
01502632,03-29,,2270.0,2990,4610,6240,9790.0,
01502632,03-30,,2190.0,3110,4990,7530,13000.0,
01502632,03-31,,1960.0,3070,4580,10600,14200.0,
01502632,04-01,,1980.0,3180,5080,9560,15800.0,
01502632,04-02,,2270.0,3410,4590,10400,13100.0,
01502632,04-03,,2150.0,3700,5460,9410,11300.0,
01502632,04-04,,2040.0,3410,5310,9110,15200.0,
01502632,04-05,,1950.0,3350,5640,10800,16000.0,
01502632,04-06,,1890.0,3420,4950,9050,16700.0,
01502632,04-07,,2250.0,3270,5570,7950,16200.0,
01502632,04-08,,2070.0,3520,6010,9400,20800.0,
01502632,04-09,,1940.0,3630,5320,8580,18600.0,
01502632,04-10,,1790.0,4270,4990,6720,15600.0,
01502632,04-11,,1710.0,3630,5020,6860,12700.0,
01502632,04-12,,1780.0,3410,5290,8240,10900.0,
01502632,04-13,,1990.0,3420,5160,8000,11500.0,
01502632,04-14,,1800.0,3090,5170,7210,9830.0,
01502632,04-15,,1660.0,2890,5080,7510,8450.0,
01502632,04-16,,1840.0,3030,4650,6300,11000.0,
01502632,04-17,,2030.0,3040,5000,6890,9630.0,
01502632,04-18,,1900.0,3090,4710,6000,8440.0,
01502632,04-19,,1730.0,2660,4470,6130,6770.0,
01502632,04-20,,1610.0,2530,4230,6520,8660.0,
01502632,04-21,,1560.0,2330,4840,7700,10000.0,
01502632,04-22,,1630.0,2140,4350,7210,9900.0,
01502632,04-23,,1950.0,2430,4070,6350,8550.0,
01502632,04-24,,1800.0,2260,4290,5680,8880.0,
01502632,04-25,,1700.0,2150,4180,4940,7380.0,
01502632,04-26,,1790.0,2510,3530,4800,10600.0,
01502632,04-27,,2160.0,2960,3660,5930,10600.0,
01502632,04-28,,1860.0,2680,3220,5720,11500.0,
01502632,04-29,,2130.0,2420,3120,4850,12000.0,
01502632,04-30,,1930.0,2880,3380,5430,11500.0,
01502632,05-01,,1830.0,2550,3960,6590,13500.0,
01502632,05-02,,2040.0,2340,4050,5650,10700.0,
01502632,05-03,,1850.0,2520,3630,5870,8760.0,
01502632,05-04,,1740.0,2680,4230,5720,9930.0,
01502632,05-05,,1720.0,2570,4080,6720,10300.0,
01502632,05-06,,1590.0,2370,3720,7380,10600.0,
01502632,05-07,,1530.0,2180,3380,7060,10400.0,
01502632,05-08,,1300.0,2340,3080,5920,8760.0,
01502632,05-09,,1420.0,2440,3150,6050,8380.0,
01502632,05-10,,1340.0,2140,3310,5180,9230.0,
01502632,05-11,,1500.0,1880,3040,4680,8230.0,
01502632,05-12,,1530.0,1980,2740,4230,6300.0,
01502632,05-13,,1480.0,1970,2580,4020,6280.0,
01502632,05-14,,1370.0,2260,2590,3870,7060.0,
01502632,05-15,,1160.0,2150,2740,4550,7710.0,
01502632,05-16,,1160.0,1960,2970,4570,8350.0,
01502632,05-17,,1120.0,1940,2720,4110,10800.0,
01502632,05-18,,1140.0,1750,2400,4030,9440.0,
01502632,05-19,,1220.0,1690,2170,3950,6420.0,
01502632,05-20,,1210.0,1720,2240,3530,6130.0,
01502632,05-21,,1200.0,1480,1990,3030,6290.0,
01502632,05-22,,1250.0,1430,1810,3100,4870.0,
01502632,05-23,,1100.0,1370,2510,3640,4410.0,
01502632,05-24,,992.0,1270,2270,3490,4160.0,
01502632,05-25,,955.0,1170,1850,3450,4330.0,
01502632,05-26,,934.0,1110,1680,3400,5010.0,
01502632,05-27,,849.0,1040,1510,3260,4460.0,
01502632,05-28,,857.0,1010,1570,2820,4650.0,
01502632,05-29,,803.0,1000,1720,2610,4650.0,
01502632,05-30,,724.0,1080,1920,2600,6800.0,
01502632,05-31,,707.0,981,1810,2760,6880.0,
01502632,06-01,,811.0,938,1500,2200,5550.0,
01502632,06-02,,790.0,1000,1460,2090,4340.0,
01502632,06-03,,752.0,954,1550,2260,3790.0,
01502632,06-04,,765.0,863,1380,2630,3700.0,
01502632,06-05,,744.0,856,1470,2590,3930.0,
01502632,06-06,,743.0,861,1530,2880,6630.0,
01502632,06-07,,703.0,919,1460,3130,9100.0,
01502632,06-08,,708.0,903,1340,2060,10100.0,
01502632,06-09,,740.0,1070,1390,3450,6900.0,
01502632,06-10,,669.0,1100,1510,2950,5870.0,
01502632,06-11,,771.0,1240,1450,2320,6040.0,
01502632,06-12,,721.0,1150,1400,2430,6060.0,
01502632,06-13,,782.0,1060,1790,2880,5380.0,
01502632,06-14,,819.0,1040,1750,2700,10400.0,
01502632,06-15,,771.0,949,1570,2690,8720.0,
01502632,06-16,,723.0,923,1510,2950,5860.0,
01502632,06-17,,653.0,837,1490,2970,5100.0,
01502632,06-18,,620.0,784,1490,2720,4970.0,
01502632,06-19,,622.0,747,1250,2970,5200.0,
01502632,06-20,,622.0,711,1210,2990,4490.0,
01502632,06-21,,598.0,674,1200,2620,3980.0,
01502632,06-22,,566.0,616,1170,2590,5940.0,
01502632,06-23,,538.0,611,1230,2630,7590.0,
01502632,06-24,,522.0,597,1530,2280,6330.0,
01502632,06-25,,508.0,679,1300,2360,5060.0,
01502632,06-26,,493.0,749,1160,2660,4770.0,
01502632,06-27,,482.0,668,1050,2700,3680.0,
01502632,06-28,,512.0,724,1200,2330,5990.0,
01502632,06-29,,540.0,758,1290,2190,8920.0,
01502632,06-30,,574.0,744,1350,1940,7600.0,
01502632,07-01,,540.0,720,1210,2680,9720.0,
01502632,07-02,,540.0,672,1270,2400,11700.0,
01502632,07-03,,537.0,873,1390,2840,9200.0,
01502632,07-04,,493.0,767,1240,3560,7220.0,
01502632,07-05,,450.0,660,1130,2880,5100.0,
01502632,07-06,,424.0,684,998,2050,4130.0,
01502632,07-07,,413.0,610,1010,1720,3500.0,
01502632,07-08,,407.0,540,974,2470,3910.0,
01502632,07-09,,402.0,593,887,2430,4170.0,
01502632,07-10,,382.0,539,1320,2680,5500.0,
01502632,07-11,,361.0,575,1230,2230,4750.0,
01502632,07-12,,344.0,628,1030,2010,6130.0,
01502632,07-13,,330.0,649,934,2550,5290.0,
01502632,07-14,,315.0,599,1000,2480,5670.0,
01502632,07-15,,305.0,580,976,2440,4690.0,
01502632,07-16,,299.0,552,996,2350,3620.0,
01502632,07-17,,337.0,577,854,1890,3540.0,
01502632,07-18,,383.0,702,936,1640,5660.0,
01502632,07-19,,379.0,709,905,1770,5660.0,
01502632,07-20,,338.0,621,749,1770,4490.0,
01502632,07-21,,310.0,533,667,1540,5210.0,
01502632,07-22,,307.0,503,702,1420,4270.0,
01502632,07-23,,335.0,494,687,1460,6410.0,
01502632,07-24,,367.0,480,852,1290,5090.0,
01502632,07-25,,396.0,519,1010,1770,3550.0,
01502632,07-26,,448.0,621,954,1460,3080.0,
01502632,07-27,,436.0,543,876,1360,2380.0,
01502632,07-28,,400.0,499,740,1360,2290.0,
01502632,07-29,,426.0,497,676,1680,2400.0,
01502632,07-30,,420.0,498,593,1600,2020.0,
01502632,07-31,,411.0,473,691,1410,1760.0,
01502632,08-01,,395.0,465,638,1280,2430.0,
01502632,08-02,,373.0,488,680,1150,3580.0,
01502632,08-03,,340.0,496,732,1110,2230.0,
01502632,08-04,,336.0,490,748,1160,1850.0,
01502632,08-05,,408.0,537,894,1370,2890.0,
01502632,08-06,,386.0,572,860,1130,2440.0,
01502632,08-07,,363.0,598,855,984,2120.0,
01502632,08-08,,355.0,543,855,1000,2400.0,
01502632,08-09,,332.0,512,821,1770,6510.0,
01502632,08-10,,329.0,524,778,1280,7150.0,
01502632,08-11,,308.0,589,743,1380,3930.0,
01502632,08-12,,298.0,571,748,1660,2780.0,
01502632,08-13,,328.0,515,788,1500,3050.0,
01502632,08-14,,363.0,510,851,1640,2970.0,
01502632,08-15,,364.0,486,729,1620,3490.0,
01502632,08-16,,319.0,604,750,1510,2490.0,
01502632,08-17,,291.0,579,950,1360,2100.0,
01502632,08-18,,267.0,536,764,1500,3980.0,
01502632,08-19,,256.0,496,850,1370,4960.0,
01502632,08-20,,302.0,504,872,1240,3110.0,
01502632,08-21,,293.0,611,942,1320,2320.0,
01502632,08-22,,288.0,696,933,1340,1960.0,
01502632,08-23,,283.0,643,995,1490,4210.0,
01502632,08-24,,285.0,533,896,1380,4740.0,
01502632,08-25,,284.0,538,757,1210,3320.0,
01502632,08-26,,278.0,540,769,950,2430.0,
01502632,08-27,,299.0,475,758,1360,2280.0,
01502632,08-28,,394.0,515,756,1740,3770.0,
01502632,08-29,,347.0,508,692,1660,6230.0,
01502632,08-30,,328.0,521,641,1630,5870.0,
01502632,08-31,,367.0,467,627,1410,4920.0,
01502632,09-01,,328.0,454,617,1230,3870.0,
01502632,09-02,,304.0,387,616,1430,4310.0,
01502632,09-03,,292.0,373,642,1280,5480.0,
01502632,09-04,,289.0,369,594,1230,3940.0,
01502632,09-05,,332.0,463,604,1080,4040.0,
01502632,09-06,,347.0,437,621,1380,3750.0,
01502632,09-07,,321.0,422,613,1170,7560.0,
01502632,09-08,,355.0,404,575,1110,15700.0,
01502632,09-09,,331.0,423,601,1100,15700.0,
01502632,09-10,,323.0,439,625,1030,11400.0,
01502632,09-11,,306.0,447,561,1640,8390.0,
01502632,09-12,,303.0,395,536,2000,5590.0,
01502632,09-13,,319.0,390,505,1440,4900.0,
01502632,09-14,,307.0,391,533,1130,4550.0,
01502632,09-15,,305.0,372,525,1510,3800.0,
01502632,09-16,,296.0,357,506,1410,5190.0,
01502632,09-17,,292.0,351,448,1290,4240.0,
01502632,09-18,,282.0,356,425,1900,6960.0,
01502632,09-19,,290.0,370,565,1970,5350.0,
01502632,09-20,,274.0,360,613,1710,3580.0,
01502632,09-21,,266.0,352,556,1520,3030.0,
01502632,09-22,,269.0,359,499,1430,2800.0,
01502632,09-23,,257.0,345,478,1770,2650.0,
01502632,09-24,,310.0,329,466,1690,4910.0,
01502632,09-25,,295.0,329,476,2030,4720.0,
01502632,09-26,,291.0,328,476,2510,4400.0,
01502632,09-27,,299.0,331,457,1830,4070.0,
01502632,09-28,,286.0,316,507,1510,6570.0,
01502632,09-29,,293.0,323,607,1370,7610.0,
01502632,09-30,,305.0,359,818,1390,6170.0,
01502632,10-01,,315.0,378,929,2080,8210.0,
01502632,10-02,,299.0,396,743,1430,8700.0,
01502632,10-03,,308.0,386,670,1300,9740.0,
01502632,10-04,,281.0,405,628,2480,7200.0,
01502632,10-05,,276.0,395,567,2890,8220.0,
01502632,10-06,,283.0,370,563,2670,6690.0,
01502632,10-07,,278.0,340,636,2400,5540.0,
01502632,10-08,,284.0,400,1480,2840,5040.0,
01502632,10-09,,269.0,417,1530,2570,4240.0,
01502632,10-10,,260.0,423,1140,2050,3660.0,
01502632,10-11,,253.0,432,806,1820,4060.0,
01502632,10-12,,250.0,404,678,1670,4400.0,
01502632,10-13,,270.0,391,636,1520,3640.0,
01502632,10-14,,348.0,389,639,1480,3430.0,
01502632,10-15,,316.0,488,826,1460,4560.0,
01502632,10-16,,322.0,491,858,3700,6800.0,
01502632,10-17,,341.0,471,785,4700,7740.0,
01502632,10-18,,341.0,470,1000,4130,8830.0,
01502632,10-19,,319.0,455,1050,3640,6820.0,
01502632,10-20,,333.0,439,999,3850,4660.0,
01502632,10-21,,355.0,472,984,3360,4560.0,
01502632,10-22,,345.0,498,976,2960,3980.0,
01502632,10-23,,339.0,481,977,2740,4170.0,
01502632,10-24,,346.0,539,1480,3040,3960.0,
01502632,10-25,,358.0,618,959,2980,5310.0,
01502632,10-26,,353.0,618,894,3120,7240.0,
01502632,10-27,,358.0,628,850,3690,9990.0,
01502632,10-28,,348.0,596,1280,5980,9300.0,
01502632,10-29,,383.0,631,1820,5200,10600.0,
01502632,10-30,,469.0,1070,2860,4780,8490.0,
01502632,10-31,,457.0,1420,2580,4780,7160.0,
01502632,11-01,,450.0,1400,2530,4020,8440.0,
01502632,11-02,,446.0,1380,2130,4220,8040.0,
01502632,11-03,,436.0,1290,1740,3920,8100.0,
01502632,11-04,,430.0,1220,1600,3610,7290.0,
01502632,11-05,,427.0,1230,1460,3580,5890.0,
01502632,11-06,,426.0,1120,1500,3350,5930.0,
01502632,11-07,,565.0,1060,1800,3120,5530.0,
01502632,11-08,,709.0,994,1810,2840,5140.0,
01502632,11-09,,655.0,909,1680,2610,4460.0,
01502632,11-10,,556.0,865,1570,2390,4740.0,
01502632,11-11,,619.0,976,1790,3040,6810.0,
01502632,11-12,,655.0,1170,1840,3340,6270.0,
01502632,11-13,,624.0,1220,1800,3250,5710.0,
01502632,11-14,,595.0,1140,1820,2900,5690.0,
01502632,11-15,,585.0,1190,2030,2620,4980.0,
01502632,11-16,,771.0,1250,2060,2790,4870.0,
01502632,11-17,,935.0,1310,1840,3410,5090.0,
01502632,11-18,,974.0,1370,2080,3510,4660.0,
01502632,11-19,,854.0,1420,1910,3120,4490.0,
01502632,11-20,,861.0,1490,2170,3320,4250.0,
01502632,11-21,,895.0,1360,1920,3330,4050.0,
01502632,11-22,,914.0,1390,1720,2780,3880.0,
01502632,11-23,,1060.0,1410,1850,3050,4530.0,
01502632,11-24,,1250.0,1450,2000,3150,4600.0,
01502632,11-25,,1290.0,1410,1830,3290,4980.0,
01502632,11-26,,1270.0,1580,1750,3490,5270.0,
01502632,11-27,,1360.0,1820,2590,4340,5820.0,
01502632,11-28,,1320.0,2060,2530,4440,7290.0,
01502632,11-29,,1270.0,2020,2520,4100,5550.0,
01502632,11-30,,1210.0,1910,2660,3630,6460.0,
01502632,12-01,,1240.0,1840,2680,4270,5810.0,
01502632,12-02,,1240.0,1720,2740,4300,7300.0,
01502632,12-03,,1260.0,2010,3170,3990,7690.0,
01502632,12-04,,1240.0,2020,3480,3860,7370.0,
01502632,12-05,,1200.0,1790,3130,3540,6850.0,
01502632,12-06,,1370.0,1770,2990,4200,5340.0,
01502632,12-07,,1320.0,1780,2940,4150,6250.0,
01502632,12-08,,1450.0,1630,3060,4060,5640.0,
01502632,12-09,,1260.0,1570,2760,3690,4780.0,
01502632,12-10,,1370.0,1780,2670,3900,5410.0,
01502632,12-11,,1330.0,1800,3180,4270,9630.0,
01502632,12-12,,1280.0,1690,2950,4390,10200.0,
01502632,12-13,,1160.0,1720,3240,4770,8090.0,
01502632,12-14,,892.0,1720,2910,4140,6490.0,
01502632,12-15,,852.0,1670,3110,3610,6430.0,
01502632,12-16,,942.0,1620,2880,3890,5750.0,
01502632,12-17,,941.0,1430,2700,4110,5380.0,
01502632,12-18,,1020.0,1940,2850,4810,7460.0,
01502632,12-19,,1320.0,2100,2780,4800,9900.0,
01502632,12-20,,1620.0,1990,3130,4550,9690.0,
01502632,12-21,,1520.0,2000,3560,5210,7780.0,
01502632,12-22,,1710.0,1960,3350,7610,11200.0,
01502632,12-23,,1720.0,1990,3390,7170,9610.0,
01502632,12-24,,1750.0,2050,3460,6120,9990.0,
01502632,12-25,,1830.0,2570,3950,6420,12700.0,
01502632,12-26,,1650.0,2310,4350,5450,14100.0,
01502632,12-27,,1510.0,2310,4000,4960,10200.0,
01502632,12-28,,1430.0,2850,3920,5870,7950.0,
01502632,12-29,,1410.0,3380,3950,5660,7680.0,
01502632,12-30,,1460.0,3540,4770,6290,6840.0,
01502632,12-31,,1400.0,3210,4630,5410,6340.0,
01502731,01-01,,1980.0,3540,4860,6720,7550.0,
01502731,01-02,,2130.0,3310,4550,5980,8230.0,
01502731,01-03,,1810.0,3390,4420,5590,6690.0,
01502731,01-04,,1660.0,3010,4580,5390,6640.0,
01502731,01-05,,1640.0,2900,3650,5470,8180.0,
01502731,01-06,,1840.0,2730,3740,6010,7000.0,
01502731,01-07,,1900.0,2500,3650,4500,6910.0,
01502731,01-08,,1900.0,2350,3000,4350,5540.0,
01502731,01-09,,1880.0,2120,2500,3980,5090.0,
01502731,01-10,,1650.0,2240,2700,4250,6510.0,
01502731,01-11,,1450.0,2330,2650,5340,8540.0,
01502731,01-12,,1710.0,2460,3000,5900,8940.0,
01502731,01-13,,1550.0,2310,4470,6910,10500.0,
01502731,01-14,,1610.0,2200,4430,7290,9490.0,
01502731,01-15,,1590.0,2100,4070,6860,9140.0,
01502731,01-16,,1340.0,1960,3960,5660,7600.0,
01502731,01-17,,1390.0,1870,3680,5000,6270.0,
01502731,01-18,,1600.0,1980,3750,4690,6220.0,
01502731,01-19,,1760.0,2050,3270,4330,6000.0,
01502731,01-20,,1670.0,2020,2880,4120,6380.0,
01502731,01-21,,1540.0,1880,2450,3970,6660.0,
01502731,01-22,,1470.0,1670,2350,3440,6620.0,
01502731,01-23,,1360.0,1590,2360,3790,6390.0,
01502731,01-24,,1250.0,1590,2200,4890,6820.0,
01502731,01-25,,1180.0,1640,2200,7040,11100.0,
01502731,01-26,,1180.0,1580,2100,7130,13800.0,
01502731,01-27,,1160.0,1460,2200,6910,14500.0,
01502731,01-28,,1170.0,1420,2200,6770,11700.0,
01502731,01-29,,1190.0,1400,2400,5610,9600.0,
01502731,01-30,,1200.0,1420,3160,4690,7320.0,
01502731,01-31,,1190.0,1480,2650,4250,7580.0,
01502731,02-01,,1200.0,1510,2740,4060,7620.0,
01502731,02-02,,1180.0,1500,2580,3910,6300.0,
01502731,02-03,,1150.0,1490,2430,3800,5440.0,
01502731,02-04,,1110.0,1630,2580,4300,5070.0,
01502731,02-05,,1060.0,1710,2400,4010,5280.0,
01502731,02-06,,1030.0,1680,2420,3690,5440.0,
01502731,02-07,,973.0,1580,2610,3470,5900.0,
01502731,02-08,,899.0,1490,2660,3490,8120.0,
01502731,02-09,,869.0,1420,2370,3280,8580.0,
01502731,02-10,,859.0,1350,2760,3280,6420.0,
01502731,02-11,,862.0,1280,2570,4030,5420.0,
01502731,02-12,,859.0,1210,2130,3840,5160.0,
01502731,02-13,,853.0,1220,1960,3760,4850.0,
01502731,02-14,,854.0,1310,1860,3580,4490.0,
01502731,02-15,,871.0,1380,1790,3270,4530.0,
01502731,02-16,,950.0,1400,2160,3120,5440.0,
01502731,02-17,,1090.0,1480,2290,3520,6330.0,
01502731,02-18,,1110.0,1680,2670,4620,6340.0,
01502731,02-19,,1190.0,1600,2600,4360,9220.0,
01502731,02-20,,1260.0,1460,2380,4670,8480.0,
01502731,02-21,,1150.0,1660,2200,4720,9010.0,
01502731,02-22,,1150.0,1710,2280,4230,8300.0,
01502731,02-23,,1150.0,1740,2430,5490,11700.0,
01502731,02-24,,1200.0,1740,2480,5550,12000.0,
01502731,02-25,,1230.0,1670,2730,7500,13800.0,
01502731,02-26,,1280.0,1710,3330,6020,17400.0,
01502731,02-27,,1300.0,1770,2990,5960,13100.0,
01502731,02-28,,1420.0,1880,2740,7180,10100.0,
01502731,02-29,,,2640,5510,6830,,
01502731,03-01,,1350.0,2190,3660,6100,9770.0,
01502731,03-02,,1280.0,2520,3360,5320,9800.0,
01502731,03-03,,1260.0,2240,3570,5610,8140.0,
01502731,03-04,,1290.0,2310,3320,5660,7570.0,
01502731,03-05,,1240.0,2100,4010,4950,6910.0,
01502731,03-06,,1220.0,1910,3580,7210,12000.0,
01502731,03-07,,1220.0,1730,3660,9500,15600.0,
01502731,03-08,,1400.0,1710,3410,11700,17100.0,
01502731,03-09,,1390.0,1970,4650,8950,15800.0,
01502731,03-10,,1480.0,2260,4310,9080,15700.0,
01502731,03-11,,1610.0,2400,4370,7220,17300.0,
01502731,03-12,,1940.0,3710,6170,8840,16800.0,
01502731,03-13,,1960.0,3470,6400,11300,17800.0,
01502731,03-14,,2080.0,3170,6300,10200,15400.0,
01502731,03-15,,2410.0,3600,5860,8280,11000.0,
01502731,03-16,,2510.0,3480,5920,7180,11700.0,
01502731,03-17,,2780.0,3400,5340,8750,12200.0,
01502731,03-18,,2650.0,3450,5400,8660,13300.0,
01502731,03-19,,2460.0,3220,5280,8910,11600.0,
01502731,03-20,,2570.0,3210,4810,7330,12600.0,
01502731,03-21,,2410.0,3410,4550,8160,11300.0,
01502731,03-22,,2360.0,3520,5130,7450,10000.0,
01502731,03-23,,2350.0,3280,5060,7210,11500.0,
01502731,03-24,,2320.0,2950,4980,7620,13400.0,
01502731,03-25,,2250.0,2760,4470,6900,14000.0,
01502731,03-26,,2150.0,2590,5190,6890,12600.0,
01502731,03-27,,2210.0,2830,4590,7600,11200.0,
01502731,03-28,,2340.0,3330,4270,8420,10400.0,
01502731,03-29,,2360.0,3610,5450,7370,10100.0,
01502731,03-30,,2460.0,3500,6020,8100,14400.0,
01502731,03-31,,2200.0,3620,5740,10500,14300.0,
01502731,04-01,,2150.0,3940,6640,12200,16000.0,
01502731,04-02,,2440.0,4320,5710,12000,17900.0,
01502731,04-03,,2460.0,4530,6510,10300,14800.0,
01502731,04-04,,2340.0,3980,6350,10600,15800.0,
01502731,04-05,,2250.0,3940,6910,11300,17000.0,
01502731,04-06,,2150.0,4210,6020,10400,17300.0,
01502731,04-07,,2600.0,3960,6580,9040,15800.0,
01502731,04-08,,2380.0,4160,7080,9590,21400.0,
01502731,04-09,,2200.0,4180,6550,9900,21100.0,
01502731,04-10,,2030.0,4880,5870,7860,19000.0,
01502731,04-11,,1910.0,4460,5520,7490,13700.0,
01502731,04-12,,1960.0,3950,5240,8460,11500.0,
01502731,04-13,,2330.0,3920,5020,8810,12100.0,
01502731,04-14,,2150.0,3610,5910,8330,10900.0,
01502731,04-15,,1910.0,3270,5630,8290,9220.0,
01502731,04-16,,1930.0,3330,5100,7340,12000.0,
01502731,04-17,,2320.0,3550,5050,8080,10200.0,
01502731,04-18,,2270.0,3600,4680,7020,9820.0,
01502731,04-19,,2030.0,3270,4970,6840,7800.0,
01502731,04-20,,1850.0,2920,4840,7210,9280.0,
01502731,04-21,,1750.0,2890,5730,8830,10700.0,
01502731,04-22,,1810.0,2550,5130,8170,11500.0,
01502731,04-23,,2260.0,2800,4680,7130,9360.0,
01502731,04-24,,2090.0,2540,4780,6360,9740.0,
01502731,04-25,,1950.0,2350,4420,5640,8600.0,
01502731,04-26,,1930.0,3120,3890,5520,10600.0,
01502731,04-27,,2480.0,3320,4350,6560,11200.0,
01502731,04-28,,2350.0,2970,3960,6640,11000.0,
01502731,04-29,,2370.0,2700,3590,5700,11200.0,
01502731,04-30,,2300.0,3010,3820,5840,11900.0,
01502731,05-01,,2160.0,3170,4130,7610,15600.0,
01502731,05-02,,2400.0,2820,4780,6440,11800.0,
01502731,05-03,,2330.0,2760,3810,6480,9860.0,
01502731,05-04,,2280.0,2880,4550,6400,10300.0,
01502731,05-05,,2120.0,2700,4690,7270,10200.0,
01502731,05-06,,1940.0,2620,4180,7710,11700.0,
01502731,05-07,,1820.0,2690,3720,7350,11400.0,
01502731,05-08,,1630.0,2780,3380,6250,9660.0,
01502731,05-09,,1670.0,2950,3470,6780,8230.0,
01502731,05-10,,1600.0,2840,3780,6080,9620.0,
01502731,05-11,,1730.0,2440,3670,5250,9080.0,
01502731,05-12,,1790.0,2340,3190,4790,7160.0,
01502731,05-13,,1720.0,2270,3090,4440,7080.0,
01502731,05-14,,1590.0,2650,2910,4350,7620.0,
01502731,05-15,,1430.0,2520,3420,4930,7950.0,
01502731,05-16,,1320.0,2400,3140,5160,9650.0,
01502731,05-17,,1360.0,2460,3010,4700,10400.0,
01502731,05-18,,1310.0,2180,2660,4490,9520.0,
01502731,05-19,,1410.0,2060,2610,4190,7800.0,
01502731,05-20,,1330.0,2070,2630,3920,7380.0,
01502731,05-21,,1300.0,1830,2280,3420,7470.0,
01502731,05-22,,1330.0,1680,2030,3250,5930.0,
01502731,05-23,,1290.0,1600,3000,4040,5350.0,
01502731,05-24,,1130.0,1500,2850,3890,4900.0,
01502731,05-25,,1040.0,1380,2340,3750,4760.0,
01502731,05-26,,1080.0,1260,2080,4090,4990.0,
01502731,05-27,,958.0,1180,1860,3720,5470.0,
01502731,05-28,,901.0,1140,1730,3250,5460.0,
01502731,05-29,,907.0,1090,2000,2960,5280.0,
01502731,05-30,,831.0,1090,2040,3130,6990.0,
01502731,05-31,,777.0,1170,2160,3120,7880.0,
01502731,06-01,,821.0,1130,1790,3270,6390.0,
01502731,06-02,,910.0,1080,1590,2660,5060.0,
01502731,06-03,,827.0,1130,1830,2700,4160.0,
01502731,06-04,,814.0,972,1760,2990,4040.0,
01502731,06-05,,795.0,956,1810,2830,4290.0,
01502731,06-06,,830.0,971,1720,3180,6420.0,
01502731,06-07,,785.0,965,1770,3200,8670.0,
01502731,06-08,,795.0,1040,1680,2710,11700.0,
01502731,06-09,,772.0,1230,1460,3640,8150.0,
01502731,06-10,,799.0,1320,1720,3480,6800.0,
01502731,06-11,,893.0,1590,1940,2890,5990.0,
01502731,06-12,,834.0,1400,1750,3270,6560.0,
01502731,06-13,,812.0,1290,1810,3430,5580.0,
01502731,06-14,,994.0,1130,2090,3250,9820.0,
01502731,06-15,,899.0,1100,1880,3520,9880.0,
01502731,06-16,,859.0,1130,1780,3220,6840.0,
01502731,06-17,,773.0,1010,1730,3340,5740.0,
01502731,06-18,,719.0,906,1730,3210,5030.0,
01502731,06-19,,716.0,848,1610,3520,5790.0,
01502731,06-20,,699.0,788,1370,3290,5250.0,
01502731,06-21,,687.0,785,1430,3010,4510.0,
01502731,06-22,,659.0,718,1380,3150,6650.0,
01502731,06-23,,614.0,715,1320,3020,8240.0,
01502731,06-24,,613.0,686,1420,2670,8670.0,
01502731,06-25,,577.0,724,1640,2550,5970.0,
01502731,06-26,,570.0,789,1400,3300,5740.0,
01502731,06-27,,603.0,795,1210,3100,4580.0,
01502731,06-28,,620.0,789,1320,2890,6170.0,
01502731,06-29,,623.0,777,1580,2690,9770.0,
01502731,06-30,,671.0,832,1450,2350,9280.0,
01502731,07-01,,705.0,783,1450,2600,10900.0,
01502731,07-02,,616.0,788,1300,3070,12400.0,
01502731,07-03,,656.0,994,1540,2720,10500.0,
01502731,07-04,,609.0,939,1490,3420,7760.0,
01502731,07-05,,551.0,791,1390,3510,6090.0,
01502731,07-06,,510.0,744,1220,2450,4940.0,
01502731,07-07,,479.0,710,1170,1970,4040.0,
01502731,07-08,,472.0,649,1160,2360,4050.0,
01502731,07-09,,445.0,588,1070,2880,4460.0,
01502731,07-10,,435.0,673,1490,2570,5450.0,
01502731,07-11,,453.0,662,1490,2550,5530.0,
01502731,07-12,,424.0,695,1400,2320,7020.0,
01502731,07-13,,402.0,685,1170,2470,5700.0,
01502731,07-14,,394.0,626,1180,2650,6970.0,
01502731,07-15,,411.0,579,1020,2660,5740.0,
01502731,07-16,,376.0,570,1060,2810,4370.0,
01502731,07-17,,369.0,544,994,2320,4160.0,
01502731,07-18,,430.0,606,960,1940,5890.0,
01502731,07-19,,440.0,792,997,1960,6370.0,
01502731,07-20,,425.0,756,912,2010,5310.0,
01502731,07-21,,382.0,662,849,1700,6100.0,
01502731,07-22,,362.0,582,783,1560,5320.0,
01502731,07-23,,404.0,535,875,1710,7000.0,
01502731,07-24,,429.0,537,931,1700,6290.0,
01502731,07-25,,419.0,619,1350,2520,4400.0,
01502731,07-26,,487.0,631,1170,1770,3730.0,
01502731,07-27,,515.0,677,1050,1670,2950.0,
01502731,07-28,,469.0,660,868,1520,2610.0,
01502731,07-29,,457.0,574,722,2050,2680.0,
01502731,07-30,,468.0,590,688,1740,2500.0,
01502731,07-31,,481.0,594,678,1650,1990.0,
01502731,08-01,,459.0,562,729,1510,2420.0,
01502731,08-02,,440.0,534,781,1290,3700.0,
01502731,08-03,,411.0,533,852,1330,2790.0,
01502731,08-04,,372.0,537,875,1440,2250.0,
01502731,08-05,,378.0,630,1080,1540,1990.0,
01502731,08-06,,475.0,620,978,1480,3150.0,
01502731,08-07,,482.0,777,1040,1230,2350.0,
01502731,08-08,,462.0,634,976,1290,2940.0,
01502731,08-09,,388.0,549,944,2490,6060.0,
01502731,08-10,,383.0,535,929,2070,9750.0,
01502731,08-11,,443.0,585,895,1740,5170.0,
01502731,08-12,,426.0,666,853,2350,3650.0,
01502731,08-13,,417.0,601,876,1930,3640.0,
01502731,08-14,,458.0,600,931,2120,5210.0,
01502731,08-15,,461.0,615,925,2040,4800.0,
01502731,08-16,,456.0,643,852,1800,3380.0,
01502731,08-17,,437.0,703,863,1620,2570.0,
01502731,08-18,,413.0,666,955,1870,5090.0,
01502731,08-19,,390.0,605,915,1650,6420.0,
01502731,08-20,,389.0,559,943,1700,4090.0,
01502731,08-21,,367.0,633,1110,1370,3020.0,
01502731,08-22,,360.0,623,1200,1620,2430.0,
01502731,08-23,,356.0,645,1160,1810,3500.0,
01502731,08-24,,344.0,592,1080,1720,5580.0,
01502731,08-25,,336.0,522,937,1590,4020.0,
01502731,08-26,,327.0,564,828,1280,3010.0,
01502731,08-27,,321.0,612,820,1560,2450.0,
01502731,08-28,,438.0,651,886,2140,5060.0,
01502731,08-29,,396.0,637,801,1990,6990.0,
01502731,08-30,,371.0,612,742,1980,6370.0,
01502731,08-31,,425.0,607,746,1840,5530.0,
01502731,09-01,,426.0,534,722,1480,4440.0,
01502731,09-02,,378.0,489,732,1610,3920.0,
01502731,09-03,,340.0,449,788,1410,5760.0,
01502731,09-04,,332.0,422,783,1310,5120.0,
01502731,09-05,,352.0,487,733,1200,5110.0,
01502731,09-06,,368.0,491,769,1360,4590.0,
01502731,09-07,,372.0,467,738,1460,8410.0,
01502731,09-08,,375.0,487,684,1370,17400.0,
01502731,09-09,,356.0,496,672,1420,17500.0,
01502731,09-10,,339.0,494,754,1430,15200.0,
01502731,09-11,,347.0,486,688,1740,11300.0,
01502731,09-12,,334.0,489,688,2220,6920.0,
01502731,09-13,,344.0,431,661,2360,6330.0,
01502731,09-14,,345.0,423,631,1710,5520.0,
01502731,09-15,,340.0,410,617,1460,4500.0,
01502731,09-16,,325.0,394,592,1780,5660.0,
01502731,09-17,,308.0,384,583,1580,5270.0,
01502731,09-18,,324.0,394,552,2250,7710.0,
01502731,09-19,,307.0,423,599,2340,6760.0,
01502731,09-20,,316.0,408,625,2060,4370.0,
01502731,09-21,,297.0,398,685,1760,3560.0,
01502731,09-22,,290.0,400,598,1650,3620.0,
01502731,09-23,,296.0,404,545,1830,3170.0,
01502731,09-24,,287.0,385,530,2170,5110.0,
01502731,09-25,,323.0,372,505,2030,5470.0,
01502731,09-26,,304.0,381,539,2740,5390.0,
01502731,09-27,,304.0,388,498,2340,4910.0,
01502731,09-28,,311.0,374,616,1780,8420.0,
01502731,09-29,,304.0,355,640,1580,9220.0,
01502731,09-30,,336.0,397,703,1440,7330.0,
01502731,10-01,,343.0,417,1040,2030,8630.0,
01502731,10-02,,352.0,416,929,1920,9280.0,
01502731,10-03,,370.0,433,882,1480,10600.0,
01502731,10-04,,368.0,476,787,1750,7990.0,
01502731,10-05,,356.0,447,731,3290,8870.0,
01502731,10-06,,353.0,419,708,3020,7720.0,
01502731,10-07,,346.0,412,705,2770,6290.0,
01502731,10-08,,339.0,421,1270,3030,5640.0,
01502731,10-09,,332.0,414,1790,3000,4820.0,
01502731,10-10,,323.0,433,1580,2380,4120.0,
01502731,10-11,,317.0,456,1090,2050,4670.0,
01502731,10-12,,317.0,444,863,1880,5220.0,
01502731,10-13,,335.0,412,772,1700,4460.0,
01502731,10-14,,358.0,409,729,1620,3860.0,
01502731,10-15,,363.0,517,817,1630,4900.0,
01502731,10-16,,336.0,545,932,3560,6420.0,
01502731,10-17,,338.0,531,891,4960,8370.0,
01502731,10-18,,357.0,516,967,4960,9080.0,
01502731,10-19,,356.0,509,1180,4060,7740.0,
01502731,10-20,,349.0,484,1130,3850,5350.0,
01502731,10-21,,376.0,460,1140,3810,5110.0,
01502731,10-22,,379.0,555,1050,3410,4370.0,
01502731,10-23,,366.0,538,1130,3220,4120.0,
01502731,10-24,,352.0,569,1850,3010,4450.0,
01502731,10-25,,351.0,680,1390,3340,5470.0,
01502731,10-26,,357.0,675,1030,3370,8610.0,
01502731,10-27,,358.0,699,964,3740,10700.0,
01502731,10-28,,357.0,716,1260,6220,10600.0,
01502731,10-29,,368.0,715,1740,6040,12000.0,
01502731,10-30,,592.0,1290,2210,5100,9970.0,
01502731,10-31,,570.0,1730,2920,5020,8260.0,
01502731,11-01,,560.0,1580,3240,4530,9060.0,
01502731,11-02,,546.0,1570,2600,4640,8970.0,
01502731,11-03,,542.0,1450,2130,4440,8940.0,
01502731,11-04,,527.0,1340,1830,4110,8380.0,
01502731,11-05,,519.0,1440,1700,4290,6810.0,
01502731,11-06,,518.0,1380,1630,3960,6670.0,
01502731,11-07,,548.0,1260,2050,3780,6300.0,
01502731,11-08,,782.0,1150,2040,3450,5910.0,
01502731,11-09,,771.0,1040,1980,3190,5170.0,
01502731,11-10,,718.0,987,1910,2950,5210.0,
01502731,11-11,,700.0,1110,2090,3420,6240.0,
01502731,11-12,,803.0,1300,2040,3900,7220.0,
01502731,11-13,,765.0,1360,2080,4000,6380.0,
01502731,11-14,,737.0,1330,2340,3480,6450.0,
01502731,11-15,,716.0,1270,2170,3090,5670.0,
01502731,11-16,,829.0,1360,2460,3160,5430.0,
01502731,11-17,,937.0,1470,2170,4110,5830.0,
01502731,11-18,,1110.0,1530,2350,4070,5450.0,
01502731,11-19,,1070.0,1670,2120,3640,5320.0,
01502731,11-20,,1000.0,1760,2390,3610,4870.0,
01502731,11-21,,958.0,1620,2220,3920,4640.0,
01502731,11-22,,959.0,1660,1950,3420,4300.0,
01502731,11-23,,1090.0,1680,2110,3420,4930.0,
01502731,11-24,,1410.0,1650,2340,3450,5270.0,
01502731,11-25,,1520.0,1680,2130,3980,5560.0,
01502731,11-26,,1510.0,1730,1970,4000,5980.0,
01502731,11-27,,1530.0,2120,2920,4840,6470.0,
01502731,11-28,,1490.0,2550,3010,4980,8790.0,
01502731,11-29,,1450.0,2380,3080,4960,6780.0,
01502731,11-30,,1400.0,2230,3100,4490,7520.0,
01502731,12-01,,1390.0,2080,3130,4860,6960.0,
01502731,12-02,,1430.0,1910,3090,5050,8100.0,
01502731,12-03,,1370.0,2160,3590,4360,9380.0,
01502731,12-04,,1400.0,2320,3950,4350,8200.0,
01502731,12-05,,1320.0,2090,3620,4050,8080.0,
01502731,12-06,,1540.0,1910,3430,4510,6470.0,
01502731,12-07,,1580.0,2000,3430,5100,7320.0,
01502731,12-08,,1620.0,1920,3590,4950,6550.0,
01502731,12-09,,1340.0,1840,3390,4440,5600.0,
01502731,12-10,,1570.0,2060,3200,4530,6100.0,
01502731,12-11,,1550.0,2150,3540,5080,9970.0,
01502731,12-12,,1520.0,2080,3930,5040,12200.0,
01502731,12-13,,1420.0,1950,3610,5540,9580.0,
01502731,12-14,,1220.0,2040,3400,4930,7710.0,
01502731,12-15,,1110.0,1900,3520,4730,7290.0,
01502731,12-16,,1110.0,1890,3560,4600,6500.0,
01502731,12-17,,1150.0,1660,4110,4670,5950.0,
01502731,12-18,,1120.0,2160,3840,5210,8600.0,
01502731,12-19,,1260.0,2440,3410,5740,11800.0,
01502731,12-20,,1440.0,2450,3270,5220,11000.0,
01502731,12-21,,1640.0,2410,4200,5460,8870.0,
01502731,12-22,,1720.0,2360,3820,8110,11700.0,
01502731,12-23,,1700.0,2640,3970,8410,10700.0,
01502731,12-24,,2120.0,2530,3940,7060,11400.0,
01502731,12-25,,2280.0,2990,4890,7270,13100.0,
01502731,12-26,,2210.0,2760,4820,5910,15300.0,
01502731,12-27,,1870.0,2720,4340,5650,12200.0,
01502731,12-28,,1520.0,3170,4580,6210,9020.0,
01502731,12-29,,1480.0,3810,4620,6310,8590.0,
01502731,12-30,,1610.0,4050,5290,7250,7740.0,
01502731,12-31,,1770.0,3770,5360,6590,7210.0,
01503000,01-01,943.0,1190.0,1720,2880,5970,8740.0,13500.0
01503000,01-02,915.0,1200.0,1640,2930,5850,10300.0,15100.0
01503000,01-03,850.0,1200.0,1710,2750,5820,9930.0,12100.0
01503000,01-04,820.0,1180.0,1700,3050,6110,8960.0,11200.0
01503000,01-05,840.0,1100.0,1700,3400,5990,8520.0,10600.0
01503000,01-06,900.0,1130.0,1600,3480,5620,8400.0,9910.0
01503000,01-07,865.0,1100.0,1600,3690,5650,8140.0,12200.0
01503000,01-08,815.0,1130.0,1610,3330,5170,8750.0,12500.0
01503000,01-09,790.0,1100.0,1580,2960,4700,9620.0,12000.0
01503000,01-10,785.0,1110.0,1640,2850,4540,7700.0,11800.0
01503000,01-11,795.0,1040.0,1600,2800,4540,8200.0,12300.0
01503000,01-12,787.0,1030.0,1600,2950,4550,9500.0,13900.0
01503000,01-13,795.0,960.0,1540,2780,4670,8680.0,12300.0
01503000,01-14,790.0,990.0,1590,2600,4850,8950.0,11100.0
01503000,01-15,825.0,975.0,1440,2760,4830,8350.0,10700.0
01503000,01-16,843.0,1020.0,1490,2710,5180,7630.0,10600.0
01503000,01-17,838.0,940.0,1500,2600,4550,7790.0,9200.0
01503000,01-18,820.0,970.0,1530,2500,4560,6670.0,9630.0
01503000,01-19,815.0,930.0,1550,2600,4760,6700.0,10400.0
01503000,01-20,800.0,920.0,1590,2540,4660,7470.0,8630.0
01503000,01-21,840.0,960.0,1710,2700,4530,7580.0,9320.0
01503000,01-22,838.0,964.0,1800,2650,4470,8020.0,11100.0
01503000,01-23,815.0,933.0,1740,2500,4900,7900.0,12400.0
01503000,01-24,797.0,947.0,1740,2630,4870,9250.0,12800.0
01503000,01-25,787.0,1010.0,1600,2730,5640,10800.0,16500.0
01503000,01-26,787.0,995.0,1690,2800,5780,12300.0,19100.0
01503000,01-27,795.0,990.0,1630,2480,6090,12900.0,17200.0
01503000,01-28,790.0,1030.0,1600,2450,5470,12100.0,15500.0
01503000,01-29,820.0,980.0,1600,2600,4860,8980.0,13600.0
01503000,01-30,750.0,960.0,1610,2580,4910,7370.0,10600.0
01503000,01-31,730.0,960.0,1600,2400,5230,8660.0,9730.0
01503000,02-01,772.0,960.0,1680,2480,4820,7780.0,8800.0
01503000,02-02,738.0,980.0,1690,2400,5000,7030.0,9040.0
01503000,02-03,733.0,900.0,1660,2500,4770,7480.0,9790.0
01503000,02-04,733.0,935.0,1640,2270,4920,8080.0,10600.0
01503000,02-05,733.0,925.0,1500,2330,4400,7010.0,9890.0
01503000,02-06,733.0,935.0,1500,2590,4050,6000.0,9200.0
01503000,02-07,730.0,930.0,1600,2690,3800,5810.0,8420.0
01503000,02-08,775.0,1040.0,1590,2640,3500,6250.0,8720.0
01503000,02-09,785.0,970.0,1550,2430,3430,6390.0,8710.0
01503000,02-10,775.0,965.0,1500,2250,3430,6480.0,10100.0
01503000,02-11,790.0,955.0,1490,2400,3930,8040.0,10100.0
01503000,02-12,804.0,1010.0,1440,2350,4240,7000.0,11600.0
01503000,02-13,858.0,1120.0,1400,2170,3820,7000.0,10700.0
01503000,02-14,873.0,1100.0,1400,2200,3660,7390.0,10700.0
01503000,02-15,873.0,1100.0,1580,2270,3980,7610.0,10100.0
01503000,02-16,860.0,1020.0,1580,2510,4210,8450.0,11100.0
01503000,02-17,850.0,1020.0,1690,2700,4540,9800.0,13200.0
01503000,02-18,850.0,1020.0,1680,2650,4720,9080.0,11400.0
01503000,02-19,848.0,1040.0,1720,2650,4500,7570.0,15300.0
01503000,02-20,843.0,1000.0,1790,2600,4430,9540.0,12100.0
01503000,02-21,800.0,1000.0,1770,2630,4820,8320.0,12200.0
01503000,02-22,795.0,995.0,1690,2800,5650,9790.0,16600.0
01503000,02-23,800.0,1020.0,1700,2790,6450,12000.0,15400.0
01503000,02-24,800.0,1020.0,1690,2800,6520,11900.0,17300.0
01503000,02-25,875.0,980.0,1740,3100,7010,12200.0,17600.0
01503000,02-26,838.0,1050.0,1770,3220,7040,13600.0,19600.0
01503000,02-27,864.0,1040.0,1790,3300,6470,13000.0,14500.0
01503000,02-28,822.0,1160.0,1950,3280,6640,11300.0,14700.0
01503000,02-29,690.0,800.0,1330,2790,5390,8630.0,25100.0
01503000,03-01,805.0,1160.0,1900,3650,6800,11300.0,13300.0
01503000,03-02,841.0,1270.0,2120,3790,6800,10200.0,12300.0
01503000,03-03,880.0,1280.0,2050,3780,6370,9480.0,12400.0
01503000,03-04,900.0,1280.0,2300,3720,7030,9000.0,12700.0
01503000,03-05,1120.0,1380.0,2400,3770,6690,12300.0,18000.0
01503000,03-06,1190.0,1380.0,2300,4020,7120,14900.0,19300.0
01503000,03-07,1200.0,1470.0,2300,4040,9320,14700.0,21000.0
01503000,03-08,1310.0,1590.0,2500,4240,7930,17500.0,24300.0
01503000,03-09,1240.0,1540.0,2540,4630,8310,16100.0,22500.0
01503000,03-10,1200.0,1620.0,2470,4130,8020,16000.0,23100.0
01503000,03-11,1200.0,1680.0,2430,4800,8880,16300.0,20100.0
01503000,03-12,1200.0,1750.0,2600,5160,8970,15500.0,18100.0
01503000,03-13,1380.0,1800.0,2780,5440,9450,15400.0,19000.0
01503000,03-14,1520.0,1900.0,3000,5750,9420,14000.0,20500.0
01503000,03-15,1470.0,1870.0,3010,6400,9700,13100.0,21200.0
01503000,03-16,1580.0,1970.0,3470,5880,8930,14900.0,21300.0
01503000,03-17,1600.0,2010.0,3700,6040,9270,19500.0,25700.0
01503000,03-18,1680.0,2190.0,3600,5790,9880,17200.0,27300.0
01503000,03-19,1770.0,2280.0,3710,5380,10000,16800.0,23200.0
01503000,03-20,1810.0,2270.0,3590,5940,9500,15800.0,20800.0
01503000,03-21,1880.0,2550.0,3580,6040,9280,14800.0,18900.0
01503000,03-22,1950.0,2570.0,3690,6460,9730,15100.0,20600.0
01503000,03-23,1860.0,2610.0,3980,6200,9990,15500.0,20000.0
01503000,03-24,1980.0,2730.0,4010,6440,10200,16200.0,19800.0
01503000,03-25,1970.0,2820.0,4050,6180,10300,18200.0,20400.0
01503000,03-26,2380.0,3150.0,4380,6570,10300,17500.0,20800.0
01503000,03-27,2470.0,3240.0,4500,7130,11700,18000.0,22000.0
01503000,03-28,2710.0,3230.0,4890,7280,11300,18500.0,25500.0
01503000,03-29,2750.0,3300.0,5200,7580,11200,20100.0,32100.0
01503000,03-30,2780.0,3590.0,5080,7620,11000,18900.0,28100.0
01503000,03-31,2560.0,3480.0,4850,7130,12100,21300.0,28400.0
01503000,04-01,2420.0,3580.0,4950,7270,12700,21500.0,29000.0
01503000,04-02,2740.0,3460.0,5320,7480,13100,20100.0,28600.0
01503000,04-03,2710.0,3690.0,5540,7940,13300,19600.0,29100.0
01503000,04-04,2660.0,3560.0,5620,8450,14100,21900.0,25600.0
01503000,04-05,2600.0,3480.0,5450,8690,13900,21000.0,28000.0
01503000,04-06,2520.0,3460.0,5280,9040,14700,23300.0,26100.0
01503000,04-07,3080.0,3860.0,5080,8620,13400,20700.0,29600.0
01503000,04-08,3070.0,3800.0,5130,8750,13300,19500.0,26700.0
01503000,04-09,3460.0,3940.0,4920,7720,11700,19700.0,26100.0
01503000,04-10,3410.0,3780.0,4920,7220,10800,18400.0,23800.0
01503000,04-11,3140.0,3500.0,4840,7130,10500,16900.0,23500.0
01503000,04-12,2890.0,3400.0,4860,7160,10600,15900.0,19700.0
01503000,04-13,2740.0,3250.0,5090,7390,10700,16000.0,17600.0
01503000,04-14,2650.0,3170.0,4970,7040,11400,15000.0,17200.0
01503000,04-15,2470.0,3030.0,4640,7030,10400,14800.0,17200.0
01503000,04-16,2350.0,3010.0,4300,6440,9960,15200.0,17300.0
01503000,04-17,2480.0,3060.0,4310,6280,10000,15500.0,18500.0
01503000,04-18,2260.0,2940.0,4010,6100,9750,15300.0,19700.0
01503000,04-19,2340.0,2940.0,3990,5590,9070,13300.0,17100.0
01503000,04-20,2180.0,2780.0,4000,5660,9200,13200.0,15400.0
01503000,04-21,2010.0,2600.0,3710,5510,8770,12100.0,15700.0
01503000,04-22,2060.0,2520.0,3650,5160,8130,12200.0,17000.0
01503000,04-23,2220.0,2520.0,3670,5220,8580,13200.0,16200.0
01503000,04-24,2260.0,2490.0,3580,5310,8380,12400.0,15900.0
01503000,04-25,2120.0,2390.0,3460,5100,7810,12200.0,14600.0
01503000,04-26,2130.0,2410.0,3670,4860,7610,10900.0,17200.0
01503000,04-27,1990.0,2430.0,3610,4810,7340,10900.0,13500.0
01503000,04-28,1960.0,2630.0,3470,4660,7310,9600.0,11500.0
01503000,04-29,2030.0,2670.0,3310,4460,7040,9130.0,11400.0
01503000,04-30,2130.0,2590.0,3200,4450,6670,9270.0,10500.0
01503000,05-01,2020.0,2480.0,3040,4550,6170,9090.0,14100.0
01503000,05-02,1940.0,2330.0,2890,4340,6240,8870.0,12900.0
01503000,05-03,1860.0,2150.0,2790,4180,5990,8630.0,10700.0
01503000,05-04,1770.0,2020.0,2820,4150,5670,8070.0,11400.0
01503000,05-05,1690.0,2010.0,2790,3850,6130,8670.0,10200.0
01503000,05-06,1650.0,1810.0,2640,3810,6160,10200.0,12700.0
01503000,05-07,1570.0,1750.0,2490,3560,5950,10200.0,11900.0
01503000,05-08,1510.0,1780.0,2370,3440,5650,9260.0,12800.0
01503000,05-09,1530.0,1790.0,2340,3570,5630,8450.0,13400.0
01503000,05-10,1400.0,1690.0,2390,3520,5510,8820.0,10900.0
01503000,05-11,1360.0,1590.0,2230,3660,5790,8750.0,11600.0
01503000,05-12,1350.0,1770.0,2250,3710,5870,8110.0,12200.0
01503000,05-13,1280.0,1590.0,2220,3700,6100,8610.0,11200.0
01503000,05-14,1200.0,1500.0,2150,3360,5920,10400.0,13600.0
01503000,05-15,1240.0,1510.0,2060,3420,5380,10300.0,11400.0
01503000,05-16,1170.0,1460.0,1970,3420,5580,8810.0,11300.0
01503000,05-17,1160.0,1540.0,1910,3390,5480,8520.0,9660.0
01503000,05-18,1170.0,1480.0,1790,3220,5200,7430.0,8090.0
01503000,05-19,1070.0,1430.0,1800,3220,5110,7730.0,10400.0
01503000,05-20,1090.0,1320.0,1790,3080,5220,8560.0,11000.0
01503000,05-21,1090.0,1290.0,1790,2970,5660,8280.0,11600.0
01503000,05-22,1040.0,1200.0,1660,3020,4880,7650.0,11400.0
01503000,05-23,1050.0,1190.0,1670,2860,4770,7340.0,11500.0
01503000,05-24,1060.0,1260.0,1700,2750,4880,7490.0,10900.0
01503000,05-25,1090.0,1240.0,1610,2740,4380,7090.0,8250.0
01503000,05-26,1090.0,1210.0,1530,2720,4290,6460.0,9120.0
01503000,05-27,993.0,1150.0,1480,2580,4040,6900.0,9230.0
01503000,05-28,964.0,1180.0,1460,2440,3820,6040.0,9270.0
01503000,05-29,933.0,1120.0,1380,2440,3690,5850.0,7740.0
01503000,05-30,916.0,1060.0,1370,2330,3440,6410.0,7790.0
01503000,05-31,896.0,1010.0,1320,2230,3450,5760.0,6670.0
01503000,06-01,836.0,956.0,1340,2210,3500,5350.0,7560.0
01503000,06-02,817.0,980.0,1280,2140,3490,5840.0,7800.0
01503000,06-03,750.0,915.0,1250,1900,3560,5340.0,7360.0
01503000,06-04,720.0,865.0,1260,1940,3490,5780.0,7550.0
01503000,06-05,701.0,859.0,1220,1920,3180,5450.0,7230.0
01503000,06-06,715.0,828.0,1190,1910,3250,5320.0,6790.0
01503000,06-07,727.0,814.0,1110,1680,3440,5350.0,7010.0
01503000,06-08,677.0,801.0,1070,1620,3320,5330.0,7520.0
01503000,06-09,665.0,795.0,1100,1630,3030,5490.0,6710.0
01503000,06-10,642.0,762.0,1030,1740,2950,4870.0,6840.0
01503000,06-11,621.0,696.0,987,1800,3070,5010.0,6390.0
01503000,06-12,584.0,692.0,956,1630,2900,4890.0,6860.0
01503000,06-13,535.0,676.0,936,1610,2870,5200.0,6340.0
01503000,06-14,556.0,679.0,958,1560,3380,5690.0,7130.0
01503000,06-15,554.0,660.0,955,1450,3160,6050.0,9110.0
01503000,06-16,546.0,658.0,906,1400,2870,5510.0,8980.0
01503000,06-17,548.0,654.0,876,1460,2870,4850.0,7990.0
01503000,06-18,556.0,613.0,883,1440,2900,5200.0,7160.0
01503000,06-19,544.0,624.0,875,1420,2790,5220.0,6390.0
01503000,06-20,489.0,586.0,824,1340,2950,5270.0,6570.0
01503000,06-21,470.0,588.0,816,1300,2980,4920.0,6510.0
01503000,06-22,453.0,566.0,775,1220,2920,4980.0,7290.0
01503000,06-23,454.0,559.0,770,1220,2640,4920.0,6840.0
01503000,06-24,440.0,519.0,746,1260,2470,4920.0,6690.0
01503000,06-25,441.0,510.0,722,1190,2360,4520.0,6670.0
01503000,06-26,445.0,517.0,724,1200,2210,4560.0,5150.0
01503000,06-27,442.0,529.0,787,1190,2090,4320.0,6510.0
01503000,06-28,430.0,516.0,778,1170,2220,3850.0,6510.0
01503000,06-29,392.0,506.0,749,1080,2240,4720.0,8430.0
01503000,06-30,399.0,487.0,744,1170,2110,5910.0,10400.0
01503000,07-01,388.0,515.0,710,1150,2210,6830.0,11100.0
01503000,07-02,387.0,507.0,676,1150,2320,5920.0,9750.0
01503000,07-03,365.0,506.0,683,1170,2180,5080.0,8890.0
01503000,07-04,361.0,480.0,638,1130,2270,4420.0,6760.0
01503000,07-05,375.0,464.0,620,988,1990,4460.0,5980.0
01503000,07-06,394.0,488.0,609,1030,2020,4270.0,5180.0
01503000,07-07,356.0,449.0,585,1060,1910,3520.0,4150.0
01503000,07-08,371.0,421.0,596,1020,2000,3550.0,4240.0
01503000,07-09,372.0,402.0,557,940,2080,3200.0,5990.0
01503000,07-10,338.0,390.0,576,915,2050,3320.0,5420.0
01503000,07-11,315.0,384.0,540,946,1960,3360.0,5910.0
01503000,07-12,292.0,371.0,540,954,1790,4020.0,5220.0
01503000,07-13,281.0,351.0,504,969,1790,3510.0,4980.0
01503000,07-14,275.0,346.0,547,970,1690,3270.0,5600.0
01503000,07-15,275.0,334.0,543,966,1560,3460.0,4900.0
01503000,07-16,268.0,324.0,566,1000,1780,3400.0,5240.0
01503000,07-17,286.0,331.0,514,946,1660,2800.0,4550.0
01503000,07-18,298.0,337.0,501,880,1540,2760.0,4700.0
01503000,07-19,293.0,337.0,517,914,1570,2500.0,3700.0
01503000,07-20,273.0,332.0,521,880,1460,2290.0,3660.0
01503000,07-21,275.0,327.0,510,880,1350,2500.0,4160.0
01503000,07-22,267.0,319.0,492,896,1450,2640.0,4280.0
01503000,07-23,266.0,314.0,491,896,1510,2990.0,4820.0
01503000,07-24,258.0,320.0,475,838,1740,3910.0,8240.0
01503000,07-25,259.0,308.0,473,819,1780,3730.0,5990.0
01503000,07-26,258.0,302.0,473,812,1750,3440.0,3930.0
01503000,07-27,260.0,305.0,460,875,1620,3050.0,3330.0
01503000,07-28,252.0,298.0,454,826,1720,2740.0,3250.0
01503000,07-29,246.0,326.0,471,824,1550,2720.0,3140.0
01503000,07-30,225.0,319.0,524,833,1630,2840.0,3590.0
01503000,07-31,235.0,307.0,490,795,1710,2560.0,4310.0
01503000,08-01,252.0,299.0,451,764,1670,2390.0,4020.0
01503000,08-02,238.0,292.0,464,764,1510,2820.0,5140.0
01503000,08-03,226.0,278.0,448,740,1420,2670.0,4870.0
01503000,08-04,243.0,277.0,463,734,1300,2350.0,3750.0
01503000,08-05,239.0,273.0,442,704,1230,2550.0,3320.0
01503000,08-06,231.0,274.0,456,733,1390,2720.0,3230.0
01503000,08-07,225.0,288.0,469,719,1400,2380.0,3660.0
01503000,08-08,218.0,267.0,427,705,1310,2620.0,3080.0
01503000,08-09,222.0,303.0,421,673,1380,2490.0,4190.0
01503000,08-10,216.0,310.0,414,674,1230,2960.0,4790.0
01503000,08-11,215.0,302.0,401,692,1370,3020.0,5170.0
01503000,08-12,215.0,284.0,381,717,1420,3050.0,4290.0
01503000,08-13,224.0,290.0,376,770,1550,2810.0,3370.0
01503000,08-14,231.0,294.0,407,726,1460,2520.0,3700.0
01503000,08-15,255.0,286.0,371,775,1330,2620.0,4290.0
01503000,08-16,228.0,267.0,380,710,1210,2310.0,3660.0
01503000,08-17,216.0,278.0,367,656,1130,2120.0,3010.0
01503000,08-18,223.0,284.0,391,611,1270,2700.0,4090.0
01503000,08-19,227.0,266.0,356,650,1380,2590.0,4600.0
01503000,08-20,228.0,273.0,366,670,1390,2490.0,4270.0
01503000,08-21,217.0,261.0,356,656,1280,2490.0,3530.0
01503000,08-22,212.0,248.0,338,698,1210,2270.0,3240.0
01503000,08-23,208.0,246.0,345,580,1270,2150.0,3540.0
01503000,08-24,197.0,241.0,345,605,1270,2010.0,4450.0
01503000,08-25,192.0,233.0,338,576,1150,2020.0,3380.0
01503000,08-26,200.0,232.0,349,540,1060,1950.0,3580.0
01503000,08-27,203.0,254.0,368,530,988,1830.0,3120.0
01503000,08-28,204.0,258.0,369,600,1070,2360.0,3080.0
01503000,08-29,201.0,244.0,359,640,1180,2280.0,3070.0
01503000,08-30,187.0,251.0,356,635,1400,2510.0,3300.0
01503000,08-31,182.0,275.0,381,690,1200,2280.0,5070.0
01503000,09-01,175.0,264.0,382,677,1380,2790.0,3460.0
01503000,09-02,173.0,259.0,371,650,1340,2390.0,4010.0
01503000,09-03,171.0,271.0,363,650,1290,2600.0,3970.0
01503000,09-04,175.0,260.0,366,637,1120,2500.0,4390.0
01503000,09-05,181.0,276.0,352,628,1150,2050.0,4360.0
01503000,09-06,197.0,263.0,361,606,1110,1950.0,3550.0
01503000,09-07,207.0,266.0,376,630,1030,1890.0,2860.0
01503000,09-08,209.0,256.0,372,609,992,2000.0,2690.0
01503000,09-09,205.0,254.0,360,604,1010,1900.0,2410.0
01503000,09-10,208.0,255.0,341,580,1040,1630.0,2820.0
01503000,09-11,192.0,235.0,355,572,1040,1940.0,2700.0
01503000,09-12,189.0,234.0,348,574,1060,2370.0,4010.0
01503000,09-13,195.0,232.0,340,550,1080,2370.0,3750.0
01503000,09-14,206.0,249.0,351,546,1090,2230.0,5250.0
01503000,09-15,206.0,249.0,341,547,1090,2510.0,5190.0
01503000,09-16,220.0,248.0,364,563,1150,3140.0,3860.0
01503000,09-17,212.0,251.0,373,572,1250,2910.0,6470.0
01503000,09-18,208.0,261.0,373,574,1100,3520.0,6310.0
01503000,09-19,202.0,267.0,428,590,1130,3290.0,5150.0
01503000,09-20,204.0,250.0,390,588,1250,2930.0,5650.0
01503000,09-21,210.0,241.0,366,600,1340,3010.0,5470.0
01503000,09-22,212.0,254.0,391,600,1390,3450.0,4920.0
01503000,09-23,226.0,263.0,380,621,1490,3460.0,5130.0
01503000,09-24,227.0,268.0,370,599,1460,3740.0,5250.0
01503000,09-25,227.0,261.0,366,624,1450,3390.0,6630.0
01503000,09-26,225.0,273.0,360,644,1540,3430.0,4830.0
01503000,09-27,220.0,279.0,380,657,1510,3020.0,7120.0
01503000,09-28,245.0,276.0,405,684,1540,2770.0,8170.0
01503000,09-29,235.0,294.0,391,640,1530,3420.0,8210.0
01503000,09-30,225.0,300.0,385,634,1820,4200.0,7980.0
01503000,10-01,215.0,289.0,396,645,1610,3630.0,7680.0
01503000,10-02,234.0,290.0,400,615,1690,3420.0,7730.0
01503000,10-03,243.0,300.0,388,575,1650,3390.0,11400.0
01503000,10-04,235.0,316.0,404,586,1490,3220.0,8190.0
01503000,10-05,252.0,318.0,418,651,1590,3050.0,6400.0
01503000,10-06,252.0,301.0,409,600,1870,4750.0,7300.0
01503000,10-07,258.0,301.0,404,698,1830,4060.0,7360.0
01503000,10-08,273.0,315.0,397,707,1880,3700.0,6150.0
01503000,10-09,257.0,315.0,421,800,2040,3800.0,5810.0
01503000,10-10,258.0,295.0,404,864,1940,3400.0,4990.0
01503000,10-11,240.0,296.0,411,858,1640,2790.0,4810.0
01503000,10-12,235.0,266.0,400,877,1730,2720.0,5350.0
01503000,10-13,228.0,281.0,370,886,1680,2880.0,5050.0
01503000,10-14,235.0,283.0,392,824,1600,3250.0,5650.0
01503000,10-15,224.0,292.0,398,856,1670,3430.0,5630.0
01503000,10-16,234.0,275.0,397,910,1810,4450.0,6360.0
01503000,10-17,237.0,278.0,467,913,1810,5440.0,6800.0
01503000,10-18,239.0,276.0,454,938,1700,5350.0,8150.0
01503000,10-19,239.0,270.0,458,919,1820,4740.0,8560.0
01503000,10-20,254.0,296.0,465,1020,2630,4550.0,6640.0
01503000,10-21,257.0,309.0,464,984,2730,5140.0,11500.0
01503000,10-22,244.0,295.0,463,952,2780,4470.0,11400.0
01503000,10-23,240.0,292.0,474,1050,2700,4930.0,8750.0
01503000,10-24,246.0,297.0,477,1160,2660,4990.0,9010.0
01503000,10-25,249.0,292.0,472,1190,3160,5310.0,8390.0
01503000,10-26,261.0,312.0,496,1250,3460,5270.0,9300.0
01503000,10-27,253.0,308.0,514,1360,3590,6150.0,8690.0
01503000,10-28,259.0,319.0,550,1430,4040,7570.0,9180.0
01503000,10-29,245.0,319.0,609,1410,3530,7320.0,12700.0
01503000,10-30,284.0,356.0,645,1370,3220,7240.0,12800.0
01503000,10-31,290.0,360.0,731,1600,3510,7470.0,11400.0
01503000,11-01,292.0,360.0,791,1650,3620,7100.0,9030.0
01503000,11-02,290.0,371.0,785,1720,3350,7030.0,7640.0
01503000,11-03,288.0,387.0,807,2030,3340,6130.0,7390.0
01503000,11-04,267.0,380.0,749,1880,3910,6220.0,8250.0
01503000,11-05,317.0,396.0,744,1870,3490,5910.0,8790.0
01503000,11-06,340.0,415.0,764,1890,3800,5850.0,7820.0
01503000,11-07,342.0,461.0,964,2070,3800,5540.0,7370.0
01503000,11-08,340.0,535.0,939,2080,3870,6210.0,8460.0
01503000,11-09,345.0,549.0,985,2140,3800,6900.0,9890.0
01503000,11-10,344.0,550.0,1050,2090,3830,7400.0,10500.0
01503000,11-11,354.0,503.0,1080,2080,3870,7130.0,12700.0
01503000,11-12,366.0,550.0,1130,2140,4050,6140.0,10600.0
01503000,11-13,367.0,582.0,1140,2260,4110,7690.0,9490.0
01503000,11-14,365.0,623.0,1120,2190,4110,7570.0,9040.0
01503000,11-15,366.0,605.0,1080,2330,4130,6870.0,8240.0
01503000,11-16,409.0,578.0,1060,2500,4480,7540.0,9230.0
01503000,11-17,395.0,648.0,1090,2670,4470,7630.0,12900.0
01503000,11-18,392.0,688.0,1270,2660,5250,7540.0,12700.0
01503000,11-19,379.0,691.0,1320,2510,4950,8230.0,9830.0
01503000,11-20,416.0,688.0,1290,2550,5210,7860.0,12300.0
01503000,11-21,435.0,657.0,1260,2860,5380,8200.0,10900.0
01503000,11-22,498.0,690.0,1280,2800,5150,7890.0,9810.0
01503000,11-23,540.0,804.0,1450,3060,5070,7820.0,8670.0
01503000,11-24,545.0,890.0,1550,3000,4950,6830.0,9570.0
01503000,11-25,576.0,874.0,1770,2910,4630,7160.0,10000.0
01503000,11-26,639.0,884.0,1800,2900,4870,6990.0,9450.0
01503000,11-27,639.0,949.0,1830,2940,4990,8450.0,12100.0
01503000,11-28,696.0,884.0,1900,3040,5440,11000.0,13200.0
01503000,11-29,650.0,1050.0,1860,3130,5570,9110.0,14200.0
01503000,11-30,663.0,1140.0,1900,3270,5600,8780.0,12500.0
01503000,12-01,734.0,1100.0,1980,3310,5490,8530.0,10800.0
01503000,12-02,699.0,1040.0,1880,3260,5220,10700.0,13400.0
01503000,12-03,816.0,1140.0,1810,3240,5150,10600.0,12900.0
01503000,12-04,824.0,1220.0,1690,3000,5250,8990.0,12000.0
01503000,12-05,802.0,1200.0,1680,3150,5160,8570.0,11400.0
01503000,12-06,798.0,1200.0,1910,3140,5110,8150.0,11300.0
01503000,12-07,816.0,1340.0,1970,3220,5650,8190.0,11700.0
01503000,12-08,818.0,1310.0,1950,3130,5570,8830.0,13900.0
01503000,12-09,818.0,1260.0,2020,3090,5170,7840.0,11100.0
01503000,12-10,816.0,1260.0,2030,3260,5010,7420.0,12300.0
01503000,12-11,801.0,1310.0,1930,3530,5480,9590.0,12800.0
01503000,12-12,787.0,1290.0,1880,3350,5460,10300.0,15500.0
01503000,12-13,836.0,1230.0,1830,3300,5440,10500.0,13000.0
01503000,12-14,843.0,1220.0,1750,3300,5830,9480.0,13100.0
01503000,12-15,910.0,1200.0,1800,3130,5700,9210.0,11700.0
01503000,12-16,1020.0,1130.0,1820,3140,5370,7920.0,10500.0
01503000,12-17,864.0,1240.0,1950,3000,5070,7680.0,11100.0
01503000,12-18,857.0,1180.0,2000,3300,5160,8090.0,10900.0
01503000,12-19,864.0,1180.0,2000,3050,5130,8060.0,10700.0
01503000,12-20,824.0,1240.0,1910,3090,4810,7040.0,10300.0
01503000,12-21,774.0,1300.0,1800,3020,4890,7520.0,9520.0
01503000,12-22,840.0,1270.0,1700,3000,5140,7730.0,10700.0
01503000,12-23,877.0,1150.0,1800,3030,4970,8160.0,10600.0
01503000,12-24,980.0,1310.0,1910,3040,5100,8330.0,11000.0
01503000,12-25,958.0,1270.0,1880,2910,5560,8580.0,11000.0
01503000,12-26,970.0,1140.0,2000,3200,4930,8680.0,10800.0
01503000,12-27,942.0,1200.0,1900,3050,4950,7250.0,11500.0
01503000,12-28,994.0,1120.0,1770,2890,5060,7730.0,10100.0
01503000,12-29,1000.0,1220.0,1700,2800,5270,8090.0,10200.0
01503000,12-30,1000.0,1240.0,1700,2900,5690,8570.0,14500.0
01503000,12-31,950.0,1180.0,1710,2800,6310,8760.0,14000.0
01513500,01-01,2020.0,2140.0,2900,6430,13200,22400.0,33300.0
01513500,01-02,1900.0,2180.0,2580,6720,12300,19000.0,28400.0
01513500,01-03,1770.0,2120.0,2600,6280,11600,19600.0,24500.0
01513500,01-04,1620.0,2100.0,2780,6470,11600,18000.0,21800.0
01513500,01-05,1640.0,2030.0,2810,6240,11400,17700.0,24400.0
01513500,01-06,1700.0,1990.0,2690,6100,12000,15900.0,20200.0
01513500,01-07,1690.0,1900.0,2630,6620,10400,17700.0,22800.0
01513500,01-08,1620.0,1890.0,2390,6170,8800,15800.0,24500.0
01513500,01-09,1470.0,1700.0,2700,5400,8050,13100.0,18200.0
01513500,01-10,1490.0,1730.0,2870,5530,7680,13300.0,16500.0
01513500,01-11,1370.0,1650.0,3240,5260,7920,15200.0,20300.0
01513500,01-12,1420.0,1600.0,3330,5680,8240,16000.0,19600.0
01513500,01-13,1400.0,1570.0,3580,5730,10300,14700.0,21200.0
01513500,01-14,1340.0,1590.0,3130,4850,9030,16000.0,20100.0
01513500,01-15,1350.0,1720.0,3120,5100,8250,15400.0,19500.0
01513500,01-16,1340.0,1770.0,2990,5250,9350,13600.0,16600.0
01513500,01-17,1320.0,1770.0,3160,4750,8920,13800.0,14800.0
01513500,01-18,1280.0,1640.0,3000,4760,8790,11600.0,12900.0
01513500,01-19,1230.0,1480.0,3040,4490,8350,9870.0,15400.0
01513500,01-20,1200.0,1560.0,2960,4060,6910,12500.0,15000.0
01513500,01-21,1260.0,1730.0,3080,4470,6250,13100.0,15400.0
01513500,01-22,1320.0,1910.0,3180,4900,6550,13800.0,18800.0
01513500,01-23,1370.0,1820.0,3200,4200,8180,13000.0,21600.0
01513500,01-24,1410.0,1730.0,3180,3950,10100,16300.0,28500.0
01513500,01-25,1390.0,1740.0,2870,4100,12700,23100.0,26600.0
01513500,01-26,1330.0,1790.0,2850,4150,14700,25600.0,36400.0
01513500,01-27,1450.0,1850.0,2650,4200,13200,24600.0,32600.0
01513500,01-28,1470.0,1920.0,2700,4000,12500,23700.0,27800.0
01513500,01-29,1440.0,1830.0,2580,4350,11200,18000.0,22100.0
01513500,01-30,1390.0,1800.0,2550,4650,11200,13400.0,15300.0
01513500,01-31,1360.0,1790.0,2460,3960,9260,13100.0,19300.0
01513500,02-01,1280.0,1790.0,2510,3800,7340,12300.0,20300.0
01513500,02-02,1230.0,1740.0,2540,3990,6820,12900.0,19600.0
01513500,02-03,1190.0,1660.0,2500,4200,6950,12800.0,13500.0
01513500,02-04,1200.0,1570.0,2490,3500,6920,10800.0,12800.0
01513500,02-05,1170.0,1570.0,2580,3360,6750,10200.0,12800.0
01513500,02-06,1190.0,1550.0,2440,4080,6560,8750.0,15700.0
01513500,02-07,1300.0,1470.0,2460,4480,6880,8570.0,14100.0
01513500,02-08,1340.0,1680.0,2500,4250,6200,10900.0,16800.0
01513500,02-09,1350.0,1670.0,2650,4050,5800,12100.0,14000.0
01513500,02-10,1320.0,1610.0,2520,3960,5890,9720.0,17800.0
01513500,02-11,1390.0,1740.0,2490,4080,6830,10100.0,18700.0
01513500,02-12,1390.0,1880.0,2480,4040,7200,10200.0,18300.0
01513500,02-13,1400.0,1880.0,2450,3800,6630,11500.0,20900.0
01513500,02-14,1520.0,1840.0,2550,3800,6110,13100.0,21500.0
01513500,02-15,1640.0,1960.0,2700,3850,6730,13200.0,16200.0
01513500,02-16,1670.0,1890.0,2540,4850,7090,14600.0,21400.0
01513500,02-17,1700.0,2070.0,3150,5050,7920,20200.0,23200.0
01513500,02-18,1700.0,2030.0,3070,5000,8280,16500.0,18800.0
01513500,02-19,1720.0,2160.0,3410,4700,8110,13500.0,24900.0
01513500,02-20,1670.0,2320.0,3350,4860,9900,17600.0,22700.0
01513500,02-21,1650.0,2340.0,3180,4200,10300,19100.0,27700.0
01513500,02-22,1650.0,2270.0,3070,4550,9870,29200.0,32600.0
01513500,02-23,1770.0,2400.0,3030,4710,11900,26100.0,28700.0
01513500,02-24,1690.0,2440.0,3100,5000,13200,20500.0,27500.0
01513500,02-25,1730.0,2340.0,3150,5610,13400,23600.0,34700.0
01513500,02-26,1850.0,2070.0,3170,6030,12400,31900.0,36900.0
01513500,02-27,1820.0,2170.0,3100,6000,13300,23900.0,31500.0
01513500,02-28,1800.0,2130.0,3720,6020,12800,21900.0,26400.0
01513500,02-29,,2080.0,3160,5650,9830,15300.0,
01513500,03-01,1760.0,2110.0,3660,7710,13300,21100.0,25100.0
01513500,03-02,1680.0,2150.0,3380,7030,12100,18400.0,24300.0
01513500,03-03,1750.0,2260.0,3210,7220,12300,17200.0,20400.0
01513500,03-04,1780.0,2370.0,3570,7370,12200,16900.0,23900.0
01513500,03-05,1860.0,2350.0,3520,7280,11900,23000.0,30400.0
01513500,03-06,2140.0,2540.0,3650,7670,18300,26900.0,32700.0
01513500,03-07,2550.0,2800.0,3600,8320,20000,33200.0,39300.0
01513500,03-08,2640.0,2780.0,4040,7410,18900,34100.0,45600.0
01513500,03-09,2570.0,2910.0,4180,8310,16100,31500.0,45800.0
01513500,03-10,2590.0,3010.0,4150,7620,17000,35800.0,44700.0
01513500,03-11,2510.0,3330.0,4510,8300,16500,31600.0,45000.0
01513500,03-12,2470.0,3280.0,5270,9740,18000,32000.0,41200.0
01513500,03-13,3240.0,3590.0,5620,10800,21400,30900.0,37900.0
01513500,03-14,3340.0,4080.0,6590,10900,21100,27200.0,32100.0
01513500,03-15,3670.0,4710.0,7190,12300,18000,24000.0,25800.0
01513500,03-16,4080.0,5410.0,7360,12200,16100,25500.0,27900.0
01513500,03-17,4780.0,5860.0,7290,11100,20400,31900.0,47200.0
01513500,03-18,4610.0,5620.0,7220,10400,18900,43500.0,51100.0
01513500,03-19,4320.0,5230.0,6820,9400,16600,40000.0,44300.0
01513500,03-20,4440.0,5220.0,6390,9910,15500,32600.0,42400.0
01513500,03-21,4390.0,4970.0,6490,10500,15900,26100.0,36000.0
01513500,03-22,4210.0,5140.0,6630,10600,16900,22800.0,40500.0
01513500,03-23,4100.0,4990.0,6500,10200,17400,23400.0,35900.0
01513500,03-24,4090.0,5040.0,6020,11100,18200,27400.0,32500.0
01513500,03-25,4040.0,4950.0,6460,10600,18600,26100.0,35300.0
01513500,03-26,4090.0,4760.0,6690,12200,20100,28700.0,35500.0
01513500,03-27,4060.0,4590.0,7200,12500,20400,31200.0,36600.0
01513500,03-28,4050.0,4420.0,7380,12900,19300,30600.0,37600.0
01513500,03-29,4840.0,5030.0,8090,12800,18700,30900.0,47600.0
01513500,03-30,4830.0,5930.0,8710,13100,18600,30600.0,41100.0
01513500,03-31,4440.0,5190.0,8600,13300,26800,40100.0,49100.0
01513500,04-01,4250.0,4720.0,8960,13500,26200,37400.0,61900.0
01513500,04-02,4450.0,5500.0,9340,13300,26000,35500.0,57400.0
01513500,04-03,4640.0,5360.0,10100,13700,27300,35500.0,48500.0
01513500,04-04,4410.0,5300.0,9280,14400,26800,39300.0,47900.0
01513500,04-05,4140.0,4960.0,9080,14100,27600,42800.0,59300.0
01513500,04-06,4030.0,5490.0,9310,15300,29000,54700.0,62200.0
01513500,04-07,4440.0,6770.0,9150,14600,27700,53600.0,57300.0
01513500,04-08,4280.0,6990.0,9880,15800,25500,47100.0,56800.0
01513500,04-09,4000.0,7530.0,9620,15000,22700,38600.0,47400.0
01513500,04-10,4170.0,7280.0,9240,13300,21600,35200.0,42500.0
01513500,04-11,4240.0,6880.0,8420,12600,21400,31400.0,40000.0
01513500,04-12,4380.0,6340.0,8100,12800,18400,29100.0,35200.0
01513500,04-13,4300.0,6190.0,8570,13700,18400,27500.0,31100.0
01513500,04-14,3910.0,6040.0,8320,12800,19500,24400.0,30200.0
01513500,04-15,3710.0,5310.0,7830,12800,17800,24500.0,28700.0
01513500,04-16,3990.0,5060.0,7650,12000,16400,22600.0,29800.0
01513500,04-17,4350.0,5600.0,7880,11300,17200,24800.0,36200.0
01513500,04-18,3950.0,5750.0,7880,10200,15000,26000.0,34400.0
01513500,04-19,3550.0,5350.0,7630,10400,13900,22300.0,29800.0
01513500,04-20,3310.0,4870.0,8120,10300,16000,23800.0,27400.0
01513500,04-21,3280.0,4800.0,7680,10800,17500,23500.0,28400.0
01513500,04-22,3250.0,4510.0,7420,9480,16400,26500.0,32300.0
01513500,04-23,3940.0,4990.0,7490,9220,16000,21800.0,29400.0
01513500,04-24,3630.0,4810.0,7150,9540,14000,21600.0,24900.0
01513500,04-25,3430.0,4430.0,6710,9450,12700,20900.0,22700.0
01513500,04-26,4030.0,5030.0,6630,9110,11500,20100.0,27700.0
01513500,04-27,4180.0,5320.0,7480,9020,13700,17900.0,25600.0
01513500,04-28,3940.0,4960.0,6910,9110,13800,16200.0,22100.0
01513500,04-29,3970.0,4690.0,6290,8230,13100,16700.0,21100.0
01513500,04-30,3770.0,4490.0,6090,8090,11700,18600.0,20800.0
01513500,05-01,3500.0,4380.0,6030,8310,12300,21300.0,31100.0
01513500,05-02,3320.0,4000.0,5680,8150,12900,20100.0,23200.0
01513500,05-03,3270.0,3590.0,5620,7690,11100,18000.0,22000.0
01513500,05-04,2990.0,3300.0,5260,7790,12200,16500.0,20600.0
01513500,05-05,2790.0,3170.0,4790,7240,11700,16500.0,19000.0
01513500,05-06,2760.0,3030.0,4300,7210,11000,18700.0,22000.0
01513500,05-07,2680.0,2860.0,4260,7000,10400,17100.0,25300.0
01513500,05-08,2740.0,3210.0,3810,6800,11200,23800.0,28400.0
01513500,05-09,2520.0,3340.0,4110,6510,11500,19800.0,24800.0
01513500,05-10,2460.0,3220.0,4010,6100,10300,18600.0,20500.0
01513500,05-11,2580.0,3060.0,4130,6990,11700,16200.0,21100.0
01513500,05-12,3040.0,3460.0,4510,6310,11600,14600.0,20600.0
01513500,05-13,2730.0,3550.0,4550,6250,11300,17400.0,18400.0
01513500,05-14,2570.0,3360.0,4140,6020,10400,16000.0,22300.0
01513500,05-15,2400.0,3080.0,3760,6580,10100,15000.0,18600.0
01513500,05-16,2310.0,2980.0,3510,6840,11000,15100.0,19700.0
01513500,05-17,2160.0,3000.0,3880,6240,9620,15200.0,18800.0
01513500,05-18,2080.0,2820.0,3530,5800,9250,13800.0,17700.0
01513500,05-19,1940.0,2550.0,3240,5570,9360,13500.0,19200.0
01513500,05-20,1810.0,2370.0,3290,6210,10400,15500.0,17600.0
01513500,05-21,1740.0,2260.0,3210,5990,9530,16700.0,21700.0
01513500,05-22,1750.0,2180.0,3380,5560,9520,16200.0,25800.0
01513500,05-23,1830.0,2090.0,3290,5490,9080,16400.0,24300.0
01513500,05-24,1850.0,2120.0,3030,5850,8840,17300.0,23700.0
01513500,05-25,1910.0,2060.0,2830,5140,8010,13900.0,19600.0
01513500,05-26,1900.0,1950.0,2730,4940,7910,15000.0,16100.0
01513500,05-27,1690.0,1840.0,2670,4820,7900,13100.0,21000.0
01513500,05-28,1600.0,1780.0,2580,4630,7220,12200.0,18700.0
01513500,05-29,1540.0,1690.0,2510,4340,6400,9830.0,15300.0
01513500,05-30,1550.0,1660.0,2720,4220,6250,11500.0,15800.0
01513500,05-31,1470.0,1650.0,2640,3810,6290,12400.0,17400.0
01513500,06-01,1410.0,1550.0,2460,3920,5890,9890.0,14300.0
01513500,06-02,1370.0,1450.0,2470,3830,6350,9520.0,12900.0
01513500,06-03,1280.0,1340.0,2620,3620,7180,8850.0,17800.0
01513500,06-04,1210.0,1290.0,2380,3600,6680,11300.0,19200.0
01513500,06-05,1190.0,1480.0,2210,3330,6060,11900.0,15300.0
01513500,06-06,1220.0,1430.0,2040,3120,6380,11500.0,13700.0
01513500,06-07,1190.0,1530.0,1990,3090,5740,9830.0,12200.0
01513500,06-08,1210.0,1480.0,1960,3000,5600,9540.0,17200.0
01513500,06-09,1190.0,1370.0,2100,3340,5300,9640.0,15200.0
01513500,06-10,1190.0,1280.0,1990,3510,7130,10400.0,12100.0
01513500,06-11,1140.0,1190.0,1780,3490,5580,10200.0,12200.0
01513500,06-12,1050.0,1240.0,1760,3390,6630,10100.0,13500.0
01513500,06-13,1040.0,1220.0,1730,3450,5610,9400.0,13400.0
01513500,06-14,1010.0,1180.0,1960,3000,5870,9290.0,13600.0
01513500,06-15,1030.0,1110.0,2050,2950,5880,12800.0,19900.0
01513500,06-16,1050.0,1110.0,1850,2910,5810,11500.0,19000.0
01513500,06-17,1040.0,1090.0,1720,2840,5890,10200.0,15400.0
01513500,06-18,1030.0,1040.0,1740,2670,5750,8810.0,14000.0
01513500,06-19,975.0,997.0,1680,2450,5570,8740.0,10600.0
01513500,06-20,920.0,959.0,1530,2430,5160,8430.0,10400.0
01513500,06-21,882.0,1030.0,1410,2150,4660,7860.0,10300.0
01513500,06-22,852.0,1010.0,1390,2180,4530,8210.0,8880.0
01513500,06-23,810.0,945.0,1390,2320,4420,7170.0,10800.0
01513500,06-24,802.0,920.0,1380,2160,3850,8170.0,15900.0
01513500,06-25,797.0,852.0,1300,2220,4330,6690.0,13700.0
01513500,06-26,812.0,871.0,1390,2440,4130,7060.0,8950.0
01513500,06-27,800.0,836.0,1410,2300,3890,6500.0,8040.0
01513500,06-28,746.0,895.0,1420,2270,3890,6160.0,7190.0
01513500,06-29,679.0,777.0,1330,2070,3930,5410.0,11600.0
01513500,06-30,660.0,763.0,1370,2150,3510,5670.0,12800.0
01513500,07-01,645.0,899.0,1300,2020,3810,5570.0,19400.0
01513500,07-02,642.0,850.0,1220,1980,3510,7400.0,21500.0
01513500,07-03,640.0,810.0,1110,1940,3800,8160.0,17500.0
01513500,07-04,650.0,824.0,1080,1870,4390,7150.0,12000.0
01513500,07-05,632.0,831.0,1040,1800,3470,6560.0,9810.0
01513500,07-06,619.0,824.0,1040,2220,3210,5020.0,7910.0
01513500,07-07,603.0,741.0,973,2070,3080,4320.0,6680.0
01513500,07-08,594.0,712.0,963,1970,3290,5180.0,10500.0
01513500,07-09,638.0,681.0,945,1690,3390,5760.0,13000.0
01513500,07-10,588.0,634.0,1080,1540,3070,6700.0,11600.0
01513500,07-11,554.0,604.0,1040,1730,2680,7370.0,11400.0
01513500,07-12,580.0,583.0,954,1730,2870,7650.0,10200.0
01513500,07-13,545.0,622.0,968,1740,2790,5780.0,7130.0
01513500,07-14,525.0,598.0,939,1710,3320,6350.0,13500.0
01513500,07-15,521.0,600.0,865,1670,2970,5820.0,12500.0
01513500,07-16,502.0,573.0,919,1580,2430,4730.0,9900.0
01513500,07-17,492.0,578.0,791,1530,2260,5000.0,7710.0
01513500,07-18,514.0,573.0,765,1480,2660,4590.0,11300.0
01513500,07-19,552.0,587.0,774,1430,2360,4200.0,7440.0
01513500,07-20,529.0,596.0,799,1350,2130,5360.0,7970.0
01513500,07-21,484.0,565.0,807,1480,2250,5890.0,9130.0
01513500,07-22,510.0,542.0,817,1450,2530,5430.0,6860.0
01513500,07-23,505.0,532.0,838,1460,3050,5450.0,11400.0
01513500,07-24,491.0,525.0,778,1410,3040,7480.0,16000.0
01513500,07-25,491.0,520.0,802,1420,3710,8650.0,10200.0
01513500,07-26,470.0,485.0,865,1310,3220,5920.0,11300.0
01513500,07-27,450.0,495.0,866,1340,2790,5160.0,6820.0
01513500,07-28,470.0,500.0,881,1380,2200,4720.0,5180.0
01513500,07-29,458.0,471.0,802,1380,2510,4830.0,6170.0
01513500,07-30,440.0,496.0,814,1420,3050,4600.0,5340.0
01513500,07-31,408.0,481.0,887,1360,3000,4080.0,4210.0
01513500,08-01,405.0,467.0,845,1470,2840,3580.0,4300.0
01513500,08-02,409.0,480.0,817,1390,2630,3840.0,5980.0
01513500,08-03,398.0,463.0,776,1410,2280,4070.0,5550.0
01513500,08-04,388.0,421.0,759,1370,2040,3540.0,4570.0
01513500,08-05,398.0,446.0,775,1350,2430,3140.0,3770.0
01513500,08-06,391.0,446.0,810,1310,2560,3330.0,4150.0
01513500,08-07,379.0,460.0,803,1650,2420,3520.0,5320.0
01513500,08-08,372.0,455.0,782,1420,2190,4100.0,4670.0
01513500,08-09,381.0,480.0,752,1390,2330,4690.0,14400.0
01513500,08-10,350.0,460.0,766,1320,2000,5380.0,15200.0
01513500,08-11,347.0,477.0,755,1390,1890,4230.0,10800.0
01513500,08-12,362.0,512.0,680,1320,2050,4680.0,8890.0
01513500,08-13,362.0,540.0,729,1280,2040,5010.0,7900.0
01513500,08-14,349.0,522.0,765,1280,2000,4830.0,7880.0
01513500,08-15,349.0,547.0,710,1300,2180,4830.0,7390.0
01513500,08-16,337.0,560.0,704,1440,2150,4080.0,5500.0
01513500,08-17,329.0,538.0,698,1300,1980,3720.0,6520.0
01513500,08-18,324.0,502.0,725,1340,2040,3860.0,13000.0
01513500,08-19,336.0,468.0,690,1330,2880,6130.0,13900.0
01513500,08-20,325.0,446.0,685,1270,2730,6700.0,10600.0
01513500,08-21,356.0,431.0,665,1300,2220,5530.0,8110.0
01513500,08-22,360.0,465.0,660,1320,2450,5290.0,7070.0
01513500,08-23,345.0,456.0,640,1270,2300,3890.0,6480.0
01513500,08-24,358.0,447.0,665,1160,2340,4470.0,8940.0
01513500,08-25,361.0,425.0,660,1100,1980,4480.0,9280.0
01513500,08-26,375.0,405.0,698,1170,1760,4100.0,6900.0
01513500,08-27,384.0,426.0,740,1190,1630,3800.0,5490.0
01513500,08-28,387.0,431.0,710,1190,1800,4610.0,6060.0
01513500,08-29,378.0,440.0,685,1140,1920,4180.0,5060.0
01513500,08-30,364.0,428.0,679,1100,1980,4270.0,7600.0
01513500,08-31,370.0,415.0,760,1210,1910,3660.0,7940.0
01513500,09-01,359.0,407.0,718,1180,2050,5050.0,10600.0
01513500,09-02,350.0,386.0,769,1210,2090,4320.0,7570.0
01513500,09-03,352.0,380.0,753,1260,2320,4040.0,12100.0
01513500,09-04,346.0,433.0,725,1250,1910,4250.0,12300.0
01513500,09-05,339.0,438.0,743,1210,1910,2990.0,8470.0
01513500,09-06,345.0,429.0,735,1090,1620,3510.0,8450.0
01513500,09-07,351.0,448.0,677,1050,1530,3860.0,6970.0
01513500,09-08,367.0,451.0,649,1090,1660,3430.0,7050.0
01513500,09-09,341.0,431.0,666,1010,1510,3490.0,4540.0
01513500,09-10,369.0,415.0,644,1000,1690,3930.0,5170.0
01513500,09-11,332.0,432.0,652,945,1550,4500.0,12000.0
01513500,09-12,303.0,430.0,672,925,1490,7890.0,10200.0
01513500,09-13,310.0,460.0,640,930,1370,7800.0,17300.0
01513500,09-14,325.0,469.0,646,864,1380,6800.0,14400.0
01513500,09-15,315.0,478.0,649,900,1580,6000.0,9250.0
01513500,09-16,310.0,490.0,620,964,1750,5880.0,6410.0
01513500,09-17,315.0,478.0,598,947,2220,4630.0,8220.0
01513500,09-18,315.0,447.0,567,931,1960,4930.0,9520.0
01513500,09-19,295.0,460.0,574,1040,1740,4610.0,17400.0
01513500,09-20,285.0,451.0,568,995,2190,5390.0,14400.0
01513500,09-21,290.0,434.0,564,946,2040,5180.0,9730.0
01513500,09-22,295.0,419.0,571,935,2910,4710.0,9580.0
01513500,09-23,344.0,402.0,588,939,2800,4640.0,7010.0
01513500,09-24,352.0,406.0,645,937,2900,6380.0,7800.0
01513500,09-25,356.0,415.0,652,977,2660,7400.0,10100.0
01513500,09-26,346.0,415.0,656,985,2370,6650.0,7920.0
01513500,09-27,350.0,404.0,632,985,2390,4970.0,7610.0
01513500,09-28,360.0,390.0,613,992,2450,5760.0,18200.0
01513500,09-29,354.0,430.0,611,984,2300,4930.0,17000.0
01513500,09-30,362.0,442.0,700,1020,2580,6540.0,12800.0
01513500,10-01,383.0,488.0,720,1000,2600,6430.0,17400.0
01513500,10-02,373.0,474.0,718,1010,2870,7400.0,16200.0
01513500,10-03,401.0,526.0,738,970,2620,8420.0,23900.0
01513500,10-04,410.0,558.0,744,955,2230,7180.0,18700.0
01513500,10-05,418.0,570.0,764,1040,2340,12100.0,17500.0
01513500,10-06,474.0,580.0,777,1110,2870,10900.0,15500.0
01513500,10-07,483.0,574.0,726,1180,3430,9210.0,12700.0
01513500,10-08,524.0,608.0,760,1320,4380,7970.0,10900.0
01513500,10-09,504.0,568.0,774,1430,4020,6810.0,11600.0
01513500,10-10,467.0,548.0,758,1470,3610,6050.0,9270.0
01513500,10-11,458.0,534.0,789,1510,3420,5190.0,9610.0
01513500,10-12,436.0,514.0,732,1410,3260,5580.0,17000.0
01513500,10-13,405.0,496.0,738,1440,2930,5370.0,10800.0
01513500,10-14,427.0,548.0,700,1480,2680,5800.0,9200.0
01513500,10-15,382.0,564.0,682,1390,3010,6070.0,10400.0
01513500,10-16,377.0,543.0,667,1490,2960,10600.0,11200.0
01513500,10-17,368.0,568.0,699,1470,2930,11600.0,15900.0
01513500,10-18,367.0,568.0,670,1420,2820,11300.0,15100.0
01513500,10-19,375.0,574.0,680,1450,2850,8910.0,14600.0
01513500,10-20,363.0,514.0,740,1440,3350,8330.0,11600.0
01513500,10-21,408.0,490.0,859,1440,3420,7480.0,10300.0
01513500,10-22,421.0,497.0,828,1420,4550,7200.0,9020.0
01513500,10-23,422.0,514.0,826,1490,4230,6690.0,8400.0
01513500,10-24,413.0,500.0,850,1710,5220,6400.0,8010.0
01513500,10-25,413.0,521.0,840,1810,5010,8340.0,11000.0
01513500,10-26,413.0,544.0,807,1830,5260,8330.0,12600.0
01513500,10-27,411.0,554.0,796,2130,7200,10400.0,14100.0
01513500,10-28,418.0,540.0,826,2090,6200,14600.0,16000.0
01513500,10-29,419.0,560.0,876,2110,5570,14900.0,26800.0
01513500,10-30,457.0,610.0,1060,2220,7570,14200.0,21500.0
01513500,10-31,432.0,664.0,1060,2470,8020,13900.0,19700.0
01513500,11-01,423.0,636.0,1210,3180,7950,12500.0,21500.0
01513500,11-02,440.0,642.0,1290,3180,7260,12800.0,16400.0
01513500,11-03,442.0,667.0,1410,3030,6950,13000.0,17400.0
01513500,11-04,445.0,674.0,1470,3070,6900,12200.0,21300.0
01513500,11-05,452.0,721.0,1630,3250,6640,12400.0,16600.0
01513500,11-06,468.0,774.0,1560,3360,5650,12600.0,16200.0
01513500,11-07,618.0,789.0,1690,3480,5550,9640.0,16200.0
01513500,11-08,651.0,859.0,1880,3320,6090,9560.0,14100.0
01513500,11-09,675.0,931.0,1960,3320,6310,10600.0,16600.0
01513500,11-10,689.0,1020.0,2030,3440,5770,8760.0,14900.0
01513500,11-11,701.0,1010.0,2200,3500,5290,8340.0,14500.0
01513500,11-12,719.0,984.0,2300,3700,6600,10700.0,12200.0
01513500,11-13,736.0,1030.0,2240,3710,6120,10000.0,13700.0
01513500,11-14,734.0,1100.0,2100,3540,6180,8540.0,13100.0
01513500,11-15,716.0,1130.0,1980,3650,6070,10600.0,13000.0
01513500,11-16,702.0,1090.0,1920,3480,6220,11100.0,13400.0
01513500,11-17,725.0,1060.0,2020,3580,6870,11000.0,14000.0
01513500,11-18,732.0,1050.0,2280,3550,7290,11400.0,12500.0
01513500,11-19,748.0,1030.0,2290,3870,6650,10200.0,12000.0
01513500,11-20,788.0,1010.0,2340,4360,6110,10800.0,11700.0
01513500,11-21,885.0,1160.0,2270,4990,6970,10900.0,11300.0
01513500,11-22,922.0,1260.0,2300,4740,7000,9740.0,17200.0
01513500,11-23,1070.0,1290.0,2440,5240,7060,10100.0,16700.0
01513500,11-24,1120.0,1470.0,2790,5010,7170,9190.0,15700.0
01513500,11-25,1090.0,1780.0,3280,4630,7000,11600.0,15900.0
01513500,11-26,1040.0,1850.0,3470,4720,7320,11800.0,19400.0
01513500,11-27,991.0,1820.0,3380,4940,7330,11500.0,24000.0
01513500,11-28,1040.0,1630.0,3180,5520,8100,15600.0,25000.0
01513500,11-29,1040.0,1900.0,2980,5420,8230,13200.0,18700.0
01513500,11-30,1020.0,2260.0,2830,5200,7920,11400.0,17000.0
01513500,12-01,984.0,2150.0,2880,5450,8450,11500.0,17200.0
01513500,12-02,971.0,1970.0,2820,5010,7500,14400.0,20400.0
01513500,12-03,1100.0,1900.0,2690,4660,7680,13600.0,22200.0
01513500,12-04,1480.0,1840.0,2760,4890,7880,15600.0,23200.0
01513500,12-05,1540.0,1830.0,2790,4810,8250,13400.0,20500.0
01513500,12-06,1510.0,2020.0,3070,4810,8980,14000.0,23400.0
01513500,12-07,1450.0,2140.0,3400,5380,9820,14400.0,21900.0
01513500,12-08,1470.0,2170.0,3650,5750,9710,14300.0,21000.0
01513500,12-09,1360.0,2030.0,3660,5930,9880,12700.0,17400.0
01513500,12-10,1340.0,1840.0,3530,6340,8800,14200.0,20800.0
01513500,12-11,1200.0,2180.0,3520,6190,9660,17500.0,22000.0
01513500,12-12,1080.0,2360.0,3550,5900,9480,18600.0,33400.0
01513500,12-13,1430.0,2530.0,3380,5960,9420,20900.0,30600.0
01513500,12-14,1570.0,2630.0,3240,5760,8880,17200.0,25500.0
01513500,12-15,1720.0,2300.0,3250,5600,9750,15900.0,20900.0
01513500,12-16,1810.0,2250.0,3580,5420,8860,13000.0,17500.0
01513500,12-17,1790.0,1920.0,3460,5080,8700,13300.0,15600.0
01513500,12-18,1700.0,1980.0,3570,5000,8450,13300.0,14700.0
01513500,12-19,1680.0,2020.0,3590,4730,8730,13800.0,19000.0
01513500,12-20,1570.0,2400.0,3470,4690,8840,14500.0,18300.0
01513500,12-21,1320.0,2320.0,3200,5470,8530,14300.0,25000.0
01513500,12-22,1420.0,2360.0,3180,5230,9390,19000.0,27900.0
01513500,12-23,1350.0,2240.0,3190,5320,8730,18800.0,21400.0
01513500,12-24,1540.0,2600.0,3380,5650,10200,16500.0,24100.0
01513500,12-25,1560.0,2270.0,3270,5280,10900,20600.0,22600.0
01513500,12-26,1900.0,2180.0,3350,5230,10700,16100.0,23500.0
01513500,12-27,1770.0,2210.0,3260,5700,10100,14100.0,22500.0
01513500,12-28,1850.0,2180.0,3170,5200,10500,16400.0,19400.0
01513500,12-29,2100.0,2370.0,2900,6340,11800,17600.0,23700.0
01513500,12-30,2080.0,2210.0,3070,7200,12000,23000.0,35300.0
01513500,12-31,2100.0,2130.0,3100,6450,12900,21000.0,42000.0
01515000,01-01,2380.0,2650.0,3950,7400,15300,23500.0,31300.0
01515000,01-02,2440.0,2550.0,3830,6890,14600,23900.0,33400.0
01515000,01-03,2410.0,2600.0,3810,6730,12800,21700.0,30600.0
01515000,01-04,2120.0,2630.0,3710,6740,13400,19900.0,26900.0
01515000,01-05,2120.0,2570.0,3430,6860,12800,18700.0,23800.0
01515000,01-06,2050.0,2600.0,3400,6960,13300,20200.0,21900.0
01515000,01-07,2120.0,2400.0,3200,7090,12500,17900.0,20600.0
01515000,01-08,2020.0,2370.0,3200,6670,10800,15800.0,24700.0
01515000,01-09,1920.0,2350.0,3150,6100,9740,16300.0,23900.0
01515000,01-10,1910.0,2320.0,3120,6000,9300,15700.0,22000.0
01515000,01-11,1820.0,2300.0,3200,5730,9090,17900.0,22700.0
01515000,01-12,1760.0,2400.0,3620,6340,9110,17100.0,24000.0
01515000,01-13,1640.0,2400.0,4020,5950,10700,17700.0,23000.0
01515000,01-14,1630.0,2230.0,3750,5200,10600,18300.0,25200.0
01515000,01-15,1560.0,2050.0,3650,5600,10700,18400.0,24700.0
01515000,01-16,1650.0,2150.0,3570,6000,10300,16600.0,23400.0
01515000,01-17,1610.0,2100.0,3400,5400,10000,16300.0,18600.0
01515000,01-18,1580.0,2000.0,3330,5320,9270,14500.0,21100.0
01515000,01-19,1720.0,1950.0,3200,5120,8780,13500.0,18400.0
01515000,01-20,1700.0,1850.0,3120,4840,8560,13200.0,17900.0
01515000,01-21,1700.0,1950.0,3100,5200,8050,15200.0,20900.0
01515000,01-22,1630.0,2070.0,3270,5650,8510,15200.0,23900.0
01515000,01-23,1700.0,2200.0,3130,5450,8260,15400.0,19800.0
01515000,01-24,1650.0,2200.0,3200,5170,9990,17000.0,20300.0
01515000,01-25,1560.0,2170.0,3190,5470,11400,24600.0,28400.0
01515000,01-26,1700.0,2170.0,3200,5170,12900,23200.0,40200.0
01515000,01-27,1700.0,2200.0,3000,5750,14700,25100.0,34500.0
01515000,01-28,1690.0,2340.0,3050,5650,12700,26000.0,30800.0
01515000,01-29,1800.0,2200.0,3150,5600,11100,21100.0,29100.0
01515000,01-30,1710.0,1980.0,3100,5750,11300,17200.0,22200.0
01515000,01-31,1630.0,2050.0,3120,5250,11200,17900.0,22000.0
01515000,02-01,1600.0,2100.0,3200,5410,9350,16500.0,20800.0
01515000,02-02,1600.0,2150.0,3100,5650,9990,16900.0,22200.0
01515000,02-03,1550.0,1980.0,3140,6050,10000,18100.0,26000.0
01515000,02-04,1550.0,1980.0,3100,5880,10900,20300.0,24100.0
01515000,02-05,1520.0,1900.0,3120,5510,10900,17200.0,22900.0
01515000,02-06,1610.0,1900.0,3040,5600,9600,16300.0,21800.0
01515000,02-07,1640.0,2000.0,3120,5620,8850,14900.0,20400.0
01515000,02-08,1610.0,2270.0,3370,5640,8130,14000.0,20600.0
01515000,02-09,1550.0,2100.0,3250,5300,7790,15000.0,17400.0
01515000,02-10,1600.0,2000.0,3200,5200,8150,14000.0,22900.0
01515000,02-11,1710.0,2250.0,3100,5140,8230,16500.0,22800.0
01515000,02-12,1690.0,2210.0,3000,5400,8890,15700.0,24700.0
01515000,02-13,1740.0,2200.0,3050,4850,8750,15300.0,27000.0
01515000,02-14,1850.0,2330.0,3130,5100,8820,18200.0,24000.0
01515000,02-15,2060.0,2400.0,3000,5090,8920,17900.0,22000.0
01515000,02-16,2100.0,2350.0,3230,5400,9000,18500.0,25100.0
01515000,02-17,2060.0,2370.0,3430,5590,9850,22800.0,28000.0
01515000,02-18,2000.0,2350.0,3400,5620,10300,20700.0,34800.0
01515000,02-19,2060.0,2350.0,3520,5400,9950,17600.0,34800.0
01515000,02-20,1990.0,2400.0,3490,5590,11800,24000.0,29700.0
01515000,02-21,1980.0,2300.0,3400,5440,11600,21400.0,30800.0
01515000,02-22,1910.0,2250.0,3700,5880,12000,24000.0,37400.0
01515000,02-23,2030.0,2400.0,3600,6790,14100,28900.0,33800.0
01515000,02-24,2060.0,2500.0,3650,6750,13900,24500.0,34800.0
01515000,02-25,2100.0,2500.0,3660,7550,15000,27500.0,36000.0
01515000,02-26,2070.0,2420.0,3610,7130,14200,27800.0,39400.0
01515000,02-27,2040.0,2450.0,3520,7360,13700,26400.0,32500.0
01515000,02-28,2000.0,2450.0,4060,7370,13400,25900.0,32600.0
01515000,02-29,1250.0,2220.0,2760,6040,11300,19500.0,30400.0
01515000,03-01,1990.0,2500.0,4100,8200,14100,26000.0,29800.0
01515000,03-02,2030.0,2660.0,4030,8270,13700,22700.0,28400.0
01515000,03-03,2060.0,2800.0,4160,8400,14100,21200.0,28900.0
01515000,03-04,2070.0,2720.0,4470,8200,14200,20900.0,35500.0
01515000,03-05,2180.0,2660.0,4550,7900,14700,32600.0,41100.0
01515000,03-06,2330.0,2700.0,4610,8430,15400,36500.0,44700.0
01515000,03-07,2400.0,2960.0,4690,8610,20300,39000.0,49500.0
01515000,03-08,2500.0,3400.0,4980,8470,19500,40200.0,51900.0
01515000,03-09,2620.0,3240.0,5000,10000,18200,36500.0,51300.0
01515000,03-10,2630.0,3060.0,4910,9530,18500,36800.0,50800.0
01515000,03-11,2790.0,3160.0,5830,9800,17900,35500.0,42200.0
01515000,03-12,2900.0,3500.0,6010,10900,19300,33300.0,42200.0
01515000,03-13,3060.0,3860.0,6310,10600,20900,33900.0,39600.0
01515000,03-14,3600.0,4020.0,7060,12600,19200,29300.0,38600.0
01515000,03-15,3290.0,4070.0,7760,12400,21800,29400.0,35000.0
01515000,03-16,3530.0,4560.0,7850,13300,19200,31100.0,41700.0
01515000,03-17,3790.0,5920.0,8220,13100,19600,36500.0,52000.0
01515000,03-18,3820.0,5850.0,8540,12100,23100,35900.0,55000.0
01515000,03-19,4180.0,6000.0,8090,11100,22100,35300.0,47500.0
01515000,03-20,4500.0,6340.0,7830,11700,20600,36800.0,43000.0
01515000,03-21,5370.0,6060.0,8800,12000,19300,32800.0,42100.0
01515000,03-22,5420.0,5960.0,8840,13800,21200,32900.0,48200.0
01515000,03-23,4980.0,5970.0,8320,13300,23600,31900.0,46700.0
01515000,03-24,5070.0,5910.0,8130,13900,21900,36700.0,44000.0
01515000,03-25,5340.0,6310.0,9290,14000,22100,36800.0,43000.0
01515000,03-26,5430.0,6080.0,9660,15300,23000,35000.0,40800.0
01515000,03-27,5290.0,6680.0,9690,15400,25800,37700.0,42100.0
01515000,03-28,5220.0,7040.0,9410,15800,26500,37100.0,46600.0
01515000,03-29,6110.0,6800.0,9560,16100,25100,37000.0,48800.0
01515000,03-30,5920.0,6940.0,10300,15800,24000,39800.0,50400.0
01515000,03-31,5730.0,7160.0,10200,15800,31500,42600.0,55000.0
01515000,04-01,5510.0,7490.0,10800,15800,29400,43200.0,59300.0
01515000,04-02,5870.0,7140.0,11000,17100,29800,41800.0,62700.0
01515000,04-03,6060.0,7540.0,11800,17300,30400,43100.0,61200.0
01515000,04-04,6000.0,7490.0,12000,18900,30800,45600.0,57400.0
01515000,04-05,5840.0,7330.0,11200,19300,33400,46500.0,63900.0
01515000,04-06,6040.0,7310.0,11400,20600,35400,57000.0,70900.0
01515000,04-07,6360.0,7840.0,11400,18100,31800,53600.0,65000.0
01515000,04-08,6550.0,8350.0,10700,17200,30200,44200.0,59300.0
01515000,04-09,6490.0,8650.0,10700,16200,25100,43000.0,47400.0
01515000,04-10,6310.0,8620.0,10300,15100,24700,40400.0,47100.0
01515000,04-11,6070.0,7780.0,10000,14600,24200,37500.0,51500.0
01515000,04-12,7060.0,7320.0,9530,14800,22400,34500.0,42700.0
01515000,04-13,6660.0,6790.0,9660,16400,21500,31200.0,38700.0
01515000,04-14,6090.0,6470.0,9660,15200,23800,32800.0,36800.0
01515000,04-15,5690.0,6530.0,9110,14700,21900,32600.0,38600.0
01515000,04-16,5270.0,6290.0,9250,13900,21500,33400.0,36500.0
01515000,04-17,5020.0,6370.0,9520,13300,20700,36700.0,42700.0
01515000,04-18,4810.0,6140.0,9130,12700,20200,34200.0,42100.0
01515000,04-19,4540.0,5740.0,8580,12400,18300,32500.0,37900.0
01515000,04-20,4460.0,5560.0,8040,12000,18500,29100.0,31000.0
01515000,04-21,4150.0,5710.0,7680,11800,19500,27100.0,37800.0
01515000,04-22,4050.0,5210.0,8210,11000,19100,28100.0,35100.0
01515000,04-23,4230.0,5530.0,8070,10300,17700,28100.0,35800.0
01515000,04-24,4670.0,5530.0,7880,10800,16600,26600.0,30800.0
01515000,04-25,4510.0,5130.0,7700,10500,16700,25700.0,30100.0
01515000,04-26,4660.0,5580.0,7650,10900,15900,23100.0,36800.0
01515000,04-27,4740.0,5500.0,7890,10700,15700,20300.0,33200.0
01515000,04-28,4930.0,5590.0,7630,10500,15600,18600.0,26900.0
01515000,04-29,4630.0,5540.0,7530,10100,14900,18600.0,24300.0
01515000,04-30,4260.0,5180.0,6960,9950,14100,19100.0,24500.0
01515000,05-01,3960.0,4850.0,6750,9600,13900,21700.0,38400.0
01515000,05-02,4110.0,4890.0,6330,9020,12800,18200.0,28000.0
01515000,05-03,3950.0,4700.0,6270,8730,12900,17800.0,24300.0
01515000,05-04,3760.0,4390.0,6100,9030,13800,18200.0,26100.0
01515000,05-05,3440.0,4120.0,5770,8480,13600,18000.0,25900.0
01515000,05-06,3220.0,3850.0,5760,7870,12700,20200.0,26300.0
01515000,05-07,3210.0,3590.0,5380,7850,12100,19800.0,29400.0
01515000,05-08,3230.0,3480.0,5180,7470,12100,20300.0,30500.0
01515000,05-09,3130.0,3570.0,5030,7170,12200,22800.0,30400.0
01515000,05-10,2970.0,3510.0,5170,7350,11500,21700.0,25300.0
01515000,05-11,2860.0,3420.0,5010,7760,12000,18400.0,28400.0
01515000,05-12,2940.0,3820.0,4900,7540,12400,16800.0,26100.0
01515000,05-13,2780.0,3710.0,4830,7540,11900,18600.0,22900.0
01515000,05-14,2640.0,3320.0,4800,7010,12300,20700.0,29200.0
01515000,05-15,2530.0,3290.0,4670,7010,11800,18700.0,24100.0
01515000,05-16,2400.0,3090.0,4380,7080,11700,18100.0,23800.0
01515000,05-17,2350.0,2870.0,4440,7280,11400,19000.0,21700.0
01515000,05-18,2220.0,3210.0,4500,7080,10800,16400.0,21200.0
01515000,05-19,2270.0,3070.0,4210,6960,11000,14500.0,23100.0
01515000,05-20,2180.0,2770.0,4430,7060,10900,18700.0,21600.0
01515000,05-21,2160.0,2550.0,4540,7210,11100,21000.0,24000.0
01515000,05-22,2110.0,2570.0,4320,6540,10800,21400.0,25800.0
01515000,05-23,2060.0,2610.0,3940,6270,10500,17600.0,26100.0
01515000,05-24,2370.0,2850.0,3730,6490,10100,16500.0,22600.0
01515000,05-25,2340.0,2720.0,3810,6140,9220,14600.0,18600.0
01515000,05-26,2280.0,2570.0,3500,6040,9590,13500.0,20000.0
01515000,05-27,2120.0,2450.0,3360,5920,9360,13400.0,22500.0
01515000,05-28,1960.0,2300.0,3350,5630,8940,14300.0,21300.0
01515000,05-29,1930.0,2260.0,3180,5370,7860,13200.0,17600.0
01515000,05-30,1840.0,2260.0,2900,5110,7650,12300.0,19400.0
01515000,05-31,1830.0,2160.0,3060,4660,7380,11800.0,18600.0
01515000,06-01,1770.0,2200.0,2830,4600,8440,15100.0,22100.0
01515000,06-02,1680.0,2110.0,2950,4550,8290,13700.0,22900.0
01515000,06-03,1580.0,2060.0,3080,4330,8550,15100.0,19100.0
01515000,06-04,1570.0,1990.0,2930,4220,7810,14000.0,21500.0
01515000,06-05,1550.0,1910.0,2800,4200,7420,12600.0,18200.0
01515000,06-06,1530.0,1830.0,2710,4170,7900,14200.0,17600.0
01515000,06-07,1490.0,1870.0,2570,4200,7410,12700.0,15500.0
01515000,06-08,1520.0,1820.0,2430,3660,7480,11900.0,13900.0
01515000,06-09,1460.0,1820.0,2470,3740,6170,10400.0,13200.0
01515000,06-10,1440.0,1710.0,2400,4120,6650,10900.0,14300.0
01515000,06-11,1410.0,1570.0,2350,4170,6150,9740.0,13200.0
01515000,06-12,1380.0,1600.0,2370,4050,6050,10600.0,13600.0
01515000,06-13,1300.0,1780.0,2200,3800,5960,9960.0,13500.0
01515000,06-14,1240.0,1640.0,2340,3420,6240,9940.0,14600.0
01515000,06-15,1240.0,1620.0,2510,3650,6300,14100.0,18700.0
01515000,06-16,1310.0,1610.0,2360,3400,6250,12200.0,20700.0
01515000,06-17,1350.0,1470.0,2170,3290,6250,11700.0,18200.0
01515000,06-18,1310.0,1390.0,2050,3350,6490,11200.0,17900.0
01515000,06-19,1210.0,1340.0,1900,3430,6110,10800.0,12600.0
01515000,06-20,1140.0,1320.0,1950,3300,6030,9550.0,10800.0
01515000,06-21,1110.0,1240.0,1800,3100,5250,8880.0,13200.0
01515000,06-22,1090.0,1220.0,1680,2940,5670,9770.0,19000.0
01515000,06-23,1060.0,1200.0,1710,2730,5660,11400.0,16900.0
01515000,06-24,993.0,1210.0,1750,2760,5340,11200.0,15500.0
01515000,06-25,940.0,1140.0,1730,3000,5170,10000.0,17700.0
01515000,06-26,920.0,1060.0,1600,2850,5030,9060.0,12000.0
01515000,06-27,941.0,1070.0,1550,2720,4950,9020.0,12700.0
01515000,06-28,904.0,1140.0,1650,2550,5360,9010.0,17000.0
01515000,06-29,844.0,1060.0,1640,2510,5030,9530.0,19100.0
01515000,06-30,796.0,1010.0,1710,2620,5300,12400.0,19400.0
01515000,07-01,818.0,1080.0,1610,2570,5090,14400.0,20900.0
01515000,07-02,778.0,1110.0,1450,2600,4740,12900.0,20900.0
01515000,07-03,756.0,1060.0,1420,2460,4710,11100.0,16100.0
01515000,07-04,713.0,1040.0,1400,2220,4820,8900.0,12800.0
01515000,07-05,708.0,1000.0,1320,2470,4550,7960.0,12800.0
01515000,07-06,745.0,954.0,1380,2750,4160,7060.0,11100.0
01515000,07-07,759.0,925.0,1360,2570,4280,6330.0,9340.0
01515000,07-08,744.0,888.0,1310,2370,4280,6540.0,9450.0
01515000,07-09,738.0,936.0,1210,2230,4320,6960.0,9860.0
01515000,07-10,691.0,914.0,1270,2000,4330,7010.0,8360.0
01515000,07-11,670.0,851.0,1250,1970,3930,6500.0,11100.0
01515000,07-12,622.0,810.0,1190,2130,3520,6150.0,11400.0
01515000,07-13,658.0,788.0,1120,2130,3330,5850.0,8640.0
01515000,07-14,631.0,770.0,1090,2150,3250,6360.0,10200.0
01515000,07-15,658.0,743.0,1080,2190,3170,5760.0,10600.0
01515000,07-16,652.0,745.0,1080,2030,2800,5570.0,9360.0
01515000,07-17,635.0,720.0,1050,1990,2620,5610.0,7620.0
01515000,07-18,648.0,731.0,1030,1940,3120,5630.0,7460.0
01515000,07-19,624.0,746.0,1090,1860,2910,5090.0,6960.0
01515000,07-20,644.0,742.0,1100,1730,2620,5650.0,6130.0
01515000,07-21,632.0,682.0,1030,1790,2720,4960.0,7590.0
01515000,07-22,611.0,673.0,1080,1750,2700,6280.0,7930.0
01515000,07-23,602.0,689.0,1100,1780,3130,5800.0,11000.0
01515000,07-24,577.0,704.0,1120,1770,3250,8070.0,14700.0
01515000,07-25,556.0,681.0,1080,1690,3370,8750.0,13100.0
01515000,07-26,553.0,694.0,1080,1560,3000,7580.0,9610.0
01515000,07-27,546.0,721.0,1070,1690,3070,6610.0,9330.0
01515000,07-28,532.0,719.0,1040,1680,2930,5800.0,7310.0
01515000,07-29,552.0,695.0,1080,1700,2840,5850.0,6970.0
01515000,07-30,536.0,686.0,996,1640,2800,5520.0,6520.0
01515000,07-31,512.0,689.0,1090,1720,3360,5380.0,9030.0
01515000,08-01,494.0,668.0,1100,1640,3280,4900.0,11300.0
01515000,08-02,479.0,640.0,1030,1560,3270,6290.0,10900.0
01515000,08-03,501.0,637.0,1030,1560,2970,6060.0,9840.0
01515000,08-04,464.0,619.0,975,1650,2920,5980.0,9130.0
01515000,08-05,496.0,599.0,959,1570,3020,4920.0,8040.0
01515000,08-06,505.0,589.0,944,1600,2970,5650.0,8020.0
01515000,08-07,489.0,600.0,963,1570,2960,5590.0,6980.0
01515000,08-08,480.0,546.0,990,1480,3220,5780.0,7730.0
01515000,08-09,503.0,556.0,977,1410,3060,5730.0,10200.0
01515000,08-10,495.0,619.0,924,1450,2840,5800.0,10700.0
01515000,08-11,475.0,657.0,898,1560,2570,5250.0,10800.0
01515000,08-12,456.0,658.0,867,1510,3050,4840.0,10900.0
01515000,08-13,538.0,666.0,842,1560,3450,6400.0,9640.0
01515000,08-14,550.0,656.0,820,1550,3170,5710.0,8550.0
01515000,08-15,572.0,651.0,867,1490,2780,5710.0,9610.0
01515000,08-16,604.0,631.0,836,1620,2660,5310.0,8110.0
01515000,08-17,589.0,651.0,808,1500,2720,5160.0,6060.0
01515000,08-18,554.0,634.0,806,1440,2590,5830.0,10100.0
01515000,08-19,523.0,584.0,791,1490,2570,5830.0,10600.0
01515000,08-20,476.0,567.0,748,1400,3170,5900.0,11900.0
01515000,08-21,449.0,540.0,772,1320,2670,5590.0,10300.0
01515000,08-22,460.0,544.0,723,1370,2480,5310.0,8120.0
01515000,08-23,477.0,528.0,729,1330,2530,4460.0,7770.0
01515000,08-24,476.0,519.0,723,1260,2460,4380.0,8040.0
01515000,08-25,462.0,522.0,730,1260,2370,4340.0,8560.0
01515000,08-26,445.0,508.0,690,1160,2130,4390.0,7670.0
01515000,08-27,441.0,536.0,724,1140,1850,4000.0,6960.0
01515000,08-28,444.0,558.0,800,1240,1800,5720.0,7610.0
01515000,08-29,434.0,598.0,765,1200,2280,5650.0,7890.0
01515000,08-30,436.0,591.0,740,1190,2330,5810.0,9020.0
01515000,08-31,429.0,582.0,751,1320,2690,5930.0,12200.0
01515000,09-01,418.0,564.0,768,1360,2910,6380.0,14200.0
01515000,09-02,406.0,556.0,764,1300,3030,6280.0,11600.0
01515000,09-03,383.0,577.0,732,1280,2760,5120.0,14300.0
01515000,09-04,400.0,584.0,789,1260,2780,4830.0,10700.0
01515000,09-05,444.0,595.0,776,1210,2280,4580.0,8820.0
01515000,09-06,432.0,588.0,806,1180,2110,5290.0,8370.0
01515000,09-07,445.0,564.0,798,1250,1930,5330.0,7020.0
01515000,09-08,481.0,546.0,781,1240,1990,4900.0,6700.0
01515000,09-09,453.0,545.0,745,1180,1890,4210.0,5710.0
01515000,09-10,440.0,536.0,748,1140,1990,4200.0,5080.0
01515000,09-11,434.0,515.0,735,1170,2140,4670.0,8770.0
01515000,09-12,435.0,510.0,709,1160,2200,6130.0,10900.0
01515000,09-13,446.0,519.0,694,1140,2170,7220.0,9890.0
01515000,09-14,431.0,510.0,713,1160,2060,6970.0,9200.0
01515000,09-15,431.0,517.0,766,1130,2400,5970.0,7480.0
01515000,09-16,435.0,528.0,742,1120,2330,5730.0,6910.0
01515000,09-17,462.0,524.0,715,1170,2630,5680.0,8300.0
01515000,09-18,461.0,512.0,735,1140,2430,5580.0,12900.0
01515000,09-19,440.0,512.0,707,1210,2390,5750.0,17100.0
01515000,09-20,448.0,505.0,779,1250,2850,5230.0,20800.0
01515000,09-21,449.0,512.0,758,1200,3000,7510.0,14200.0
01515000,09-22,421.0,520.0,709,1140,3100,6170.0,18300.0
01515000,09-23,424.0,524.0,712,1150,3340,5870.0,12400.0
01515000,09-24,419.0,526.0,762,1240,3280,7300.0,12000.0
01515000,09-25,429.0,540.0,766,1240,3610,10400.0,13100.0
01515000,09-26,434.0,537.0,772,1390,3560,9020.0,18000.0
01515000,09-27,439.0,553.0,757,1410,3580,7650.0,13000.0
01515000,09-28,463.0,621.0,873,1330,3540,8690.0,22900.0
01515000,09-29,466.0,620.0,879,1370,3510,10100.0,23900.0
01515000,09-30,462.0,599.0,848,1400,3520,9260.0,17300.0
01515000,10-01,443.0,629.0,871,1360,3720,8270.0,17300.0
01515000,10-02,465.0,655.0,852,1300,3690,7270.0,15600.0
01515000,10-03,487.0,630.0,842,1290,3640,6460.0,21600.0
01515000,10-04,552.0,623.0,860,1200,3160,6990.0,20500.0
01515000,10-05,553.0,666.0,849,1270,3150,8770.0,17000.0
01515000,10-06,543.0,699.0,847,1310,3150,8390.0,17100.0
01515000,10-07,548.0,708.0,854,1330,3890,7590.0,14100.0
01515000,10-08,539.0,695.0,859,1510,4460,8410.0,11400.0
01515000,10-09,560.0,682.0,873,1710,5090,7940.0,12800.0
01515000,10-10,550.0,646.0,857,1740,4860,7270.0,13400.0
01515000,10-11,520.0,633.0,926,1730,4220,6550.0,11600.0
01515000,10-12,515.0,620.0,963,1650,3980,7390.0,16700.0
01515000,10-13,508.0,589.0,902,1670,3690,7640.0,14000.0
01515000,10-14,523.0,583.0,852,1650,3680,7810.0,14900.0
01515000,10-15,533.0,646.0,781,1840,3650,9530.0,15100.0
01515000,10-16,539.0,635.0,785,1880,4080,10300.0,15200.0
01515000,10-17,545.0,614.0,783,2010,4560,12400.0,16000.0
01515000,10-18,543.0,612.0,814,1990,4250,13000.0,17100.0
01515000,10-19,536.0,622.0,898,1970,5390,11400.0,16200.0
01515000,10-20,547.0,630.0,931,1880,7080,12200.0,17300.0
01515000,10-21,557.0,647.0,966,2080,6560,11700.0,25100.0
01515000,10-22,540.0,651.0,1020,2180,6310,10600.0,29400.0
01515000,10-23,556.0,618.0,963,2260,6370,11700.0,22400.0
01515000,10-24,551.0,613.0,971,2310,6690,12400.0,21300.0
01515000,10-25,553.0,619.0,1000,2540,6960,13200.0,22800.0
01515000,10-26,585.0,633.0,1050,2740,7620,12900.0,20500.0
01515000,10-27,589.0,641.0,1060,3520,8960,12700.0,20200.0
01515000,10-28,587.0,641.0,1040,3500,10300,17400.0,30100.0
01515000,10-29,567.0,636.0,1280,3330,9640,23000.0,34000.0
01515000,10-30,581.0,685.0,1350,3330,9160,20600.0,32800.0
01515000,10-31,570.0,776.0,1510,4120,8460,17100.0,27200.0
01515000,11-01,584.0,789.0,1610,3950,8410,16100.0,22200.0
01515000,11-02,565.0,777.0,1550,3870,7960,15300.0,18500.0
01515000,11-03,584.0,805.0,1540,3940,8250,15800.0,17300.0
01515000,11-04,600.0,820.0,1740,4170,8210,14300.0,23100.0
01515000,11-05,624.0,910.0,1980,4120,8140,13300.0,17800.0
01515000,11-06,654.0,911.0,1950,4500,7930,12900.0,16700.0
01515000,11-07,661.0,975.0,2300,4700,8480,12400.0,14600.0
01515000,11-08,794.0,1110.0,2350,4970,8560,11800.0,18500.0
01515000,11-09,776.0,1160.0,2330,4810,8390,14800.0,24800.0
01515000,11-10,778.0,1170.0,2300,4720,8640,15000.0,22800.0
01515000,11-11,802.0,1150.0,2510,4790,8310,15100.0,21600.0
01515000,11-12,942.0,1110.0,2720,4760,8330,14600.0,17700.0
01515000,11-13,986.0,1130.0,2670,5080,8630,13600.0,19300.0
01515000,11-14,962.0,1240.0,2720,5020,9280,14700.0,19400.0
01515000,11-15,1010.0,1320.0,2470,5070,9360,15700.0,17600.0
01515000,11-16,1020.0,1350.0,2280,5420,9480,15500.0,18000.0
01515000,11-17,977.0,1500.0,2310,5110,11300,16900.0,24200.0
01515000,11-18,963.0,1540.0,2630,5460,9920,17500.0,26700.0
01515000,11-19,937.0,1480.0,2660,5470,9650,15300.0,22000.0
01515000,11-20,927.0,1420.0,2880,5700,9590,14300.0,22000.0
01515000,11-21,994.0,1550.0,2760,6200,11400,14100.0,21200.0
01515000,11-22,1090.0,1520.0,2820,5900,10800,16400.0,23000.0
01515000,11-23,1370.0,1690.0,3080,6350,10400,16800.0,20400.0
01515000,11-24,1250.0,1840.0,3250,6380,10100,16900.0,20600.0
01515000,11-25,1330.0,1910.0,3640,6750,9990,16300.0,20800.0
01515000,11-26,1480.0,2230.0,4100,6620,10600,16100.0,22400.0
01515000,11-27,1650.0,2350.0,4070,6580,10900,18300.0,25000.0
01515000,11-28,1640.0,2350.0,3870,7150,10700,23000.0,28000.0
01515000,11-29,2010.0,2670.0,4350,7430,10600,20100.0,30200.0
01515000,11-30,2390.0,2780.0,4670,7730,11900,19000.0,27900.0
01515000,12-01,2360.0,2790.0,5120,7430,11600,19700.0,22600.0
01515000,12-02,2190.0,2730.0,4920,7020,11100,19500.0,28400.0
01515000,12-03,2140.0,2870.0,4490,7220,11200,19700.0,28100.0
01515000,12-04,2020.0,2720.0,4420,6940,11600,20800.0,24900.0
01515000,12-05,2130.0,2580.0,4020,7580,11500,18900.0,24700.0
01515000,12-06,2200.0,2790.0,4090,7550,12100,19600.0,23100.0
01515000,12-07,2420.0,2910.0,4530,7460,12300,17800.0,20000.0
01515000,12-08,2270.0,3160.0,4650,7950,12300,17000.0,26100.0
01515000,12-09,2240.0,3370.0,5190,8170,11800,16800.0,27300.0
01515000,12-10,2120.0,3300.0,5320,8030,11000,17000.0,28700.0
01515000,12-11,1970.0,3060.0,4720,8350,12700,22200.0,28300.0
01515000,12-12,1930.0,3150.0,4570,7970,12800,24200.0,38200.0
01515000,12-13,1790.0,3000.0,4460,7650,13500,23700.0,33600.0
01515000,12-14,2350.0,3050.0,4660,7340,13600,21500.0,28500.0
01515000,12-15,2100.0,2850.0,4750,7510,13000,20100.0,26400.0
01515000,12-16,2150.0,2750.0,4490,7080,11700,17800.0,22100.0
01515000,12-17,2330.0,2760.0,4410,7430,10900,17200.0,21500.0
01515000,12-18,2230.0,2770.0,4410,7620,12200,16600.0,24400.0
01515000,12-19,2340.0,2960.0,4100,7190,11400,19600.0,23600.0
01515000,12-20,2290.0,3110.0,4050,6780,11100,17900.0,23100.0
01515000,12-21,2120.0,3100.0,3950,7220,10700,18300.0,22500.0
01515000,12-22,2290.0,3050.0,3750,7160,11900,18000.0,28900.0
01515000,12-23,2450.0,2850.0,3960,6740,11000,20500.0,25400.0
01515000,12-24,2440.0,3140.0,4530,6800,10600,20900.0,26600.0
01515000,12-25,2370.0,2900.0,4350,6690,12600,22800.0,28500.0
01515000,12-26,2180.0,2610.0,4650,7050,12700,18600.0,27100.0
01515000,12-27,2230.0,2550.0,4320,7210,12600,18300.0,26200.0
01515000,12-28,2330.0,2740.0,4060,6700,12200,17700.0,21800.0
01515000,12-29,2500.0,2650.0,4220,6840,12400,19800.0,27600.0
01515000,12-30,2460.0,2750.0,4100,7960,13500,20800.0,32000.0
01515000,12-31,2360.0,2750.0,4110,7550,14600,23900.0,35800.0
01513831,01-01,,3920.0,7850,10200,14200,16700.0,
01513831,01-02,,4450.0,7130,9780,13700,20000.0,
01513831,01-03,,4310.0,6440,9270,12500,16700.0,
01513831,01-04,,3850.0,6250,9730,12000,15100.0,
01513831,01-05,,3920.0,6050,8000,11400,18700.0,
01513831,01-06,,3850.0,6120,8100,12100,16500.0,
01513831,01-07,,3770.0,5620,7090,10400,16100.0,
01513831,01-08,,3620.0,5490,7150,8660,13200.0,
01513831,01-09,,3690.0,4960,6000,8890,11600.0,
01513831,01-10,,3530.0,4810,5920,9490,15500.0,
01513831,01-11,,3400.0,4760,5620,11300,18800.0,
01513831,01-12,,3680.0,4680,6320,14300,21600.0,
01513831,01-13,,3570.0,5090,10800,15100,23300.0,
01513831,01-14,,3490.0,4790,11400,17100,23200.0,
01513831,01-15,,3410.0,4540,9460,16700,22600.0,
01513831,01-16,,3250.0,4230,8620,13900,19300.0,
01513831,01-17,,3090.0,4200,8600,11200,15000.0,
01513831,01-18,,3220.0,4990,7640,10200,13300.0,
01513831,01-19,,3440.0,4640,7120,9740,12700.0,
01513831,01-20,,3450.0,4080,6480,8720,16500.0,
01513831,01-21,,3050.0,3730,6040,8030,15200.0,
01513831,01-22,,2760.0,3540,5370,6900,14600.0,
01513831,01-23,,2620.0,3700,4600,6280,13200.0,
01513831,01-24,,2710.0,3440,4200,9760,20400.0,
01513831,01-25,,2750.0,3150,4200,18600,24900.0,
01513831,01-26,,2590.0,3070,4400,17400,36900.0,
01513831,01-27,,2620.0,2930,4600,15800,35400.0,
01513831,01-28,,2550.0,2950,4600,14600,26500.0,
01513831,01-29,,2380.0,2900,4400,12700,24200.0,
01513831,01-30,,2280.0,2830,7020,11500,18000.0,
01513831,01-31,,2200.0,2760,6810,9490,21100.0,
01513831,02-01,,2120.0,2740,6340,7980,19800.0,
01513831,02-02,,2100.0,2730,5860,7480,16300.0,
01513831,02-03,,2160.0,2770,5560,6960,13100.0,
01513831,02-04,,2240.0,2840,5690,9050,11700.0,
01513831,02-05,,2410.0,2940,5030,9020,11900.0,
01513831,02-06,,2390.0,2730,4810,8440,11700.0,
01513831,02-07,,2110.0,2610,5200,7890,12900.0,
01513831,02-08,,2240.0,2540,5000,7430,18300.0,
01513831,02-09,,2270.0,2530,4800,7010,19100.0,
01513831,02-10,,2220.0,2550,4600,6950,16100.0,
01513831,02-11,,2220.0,2530,4480,8250,12300.0,
01513831,02-12,,2220.0,2470,4400,8320,11200.0,
01513831,02-13,,2210.0,2470,4000,7790,10800.0,
01513831,02-14,,2210.0,2530,3800,7730,9860.0,
01513831,02-15,,2130.0,2510,3880,7260,9050.0,
01513831,02-16,,2150.0,2550,4690,6890,11300.0,
01513831,02-17,,2130.0,3310,4840,7680,22600.0,
01513831,02-18,,2130.0,3710,5900,8330,19300.0,
01513831,02-19,,2120.0,3560,6240,9810,18600.0,
01513831,02-20,,2200.0,3560,6160,11700,19000.0,
01513831,02-21,,2360.0,3370,5590,11200,18500.0,
01513831,02-22,,2840.0,3580,5170,10700,18500.0,
01513831,02-23,,2830.0,3550,6580,9130,27700.0,
01513831,02-24,,2860.0,3770,6330,9630,28500.0,
01513831,02-25,,2830.0,4440,6190,17600,27700.0,
01513831,02-26,,2720.0,4480,6300,13800,36600.0,
01513831,02-27,,3020.0,4440,6720,14600,31500.0,
01513831,02-28,,3340.0,4880,5810,18400,23400.0,
01513831,02-29,,,5880,13200,16500,,
01513831,03-01,,3330.0,5710,7810,15200,19100.0,
01513831,03-02,,3120.0,5980,7760,12600,20900.0,
01513831,03-03,,3040.0,5430,8830,12700,18400.0,
01513831,03-04,,2980.0,4940,8690,12700,16500.0,
01513831,03-05,,2740.0,4490,9880,11500,15900.0,
01513831,03-06,,2660.0,4060,8950,16400,28100.0,
01513831,03-07,,2660.0,3560,9090,18800,35000.0,
01513831,03-08,,2580.0,3650,8180,25800,35500.0,
01513831,03-09,,2580.0,4220,10800,20700,33500.0,
01513831,03-10,,2600.0,4870,9830,20800,32600.0,
01513831,03-11,,3100.0,5740,9990,17600,36900.0,
01513831,03-12,,4430.0,8310,14200,21300,35100.0,
01513831,03-13,,4300.0,7430,15600,26700,38300.0,
01513831,03-14,,5280.0,7320,13200,24600,35000.0,
01513831,03-15,,5960.0,7960,12600,18800,26300.0,
01513831,03-16,,5860.0,7940,12700,16500,24900.0,
01513831,03-17,,6850.0,7870,11400,20000,26000.0,
01513831,03-18,,7520.0,8110,11000,19700,28600.0,
01513831,03-19,,6850.0,7790,10300,18600,25800.0,
01513831,03-20,,6670.0,7060,9440,16300,28300.0,
01513831,03-21,,6260.0,7270,8970,14600,26500.0,
01513831,03-22,,5810.0,7560,10200,14500,21900.0,
01513831,03-23,,5400.0,6980,10400,17100,22500.0,
01513831,03-24,,5360.0,6490,9910,17000,22800.0,
01513831,03-25,,5230.0,5890,9560,16600,25600.0,
01513831,03-26,,5280.0,5520,11000,16200,23500.0,
01513831,03-27,,4960.0,6250,9760,16800,22400.0,
01513831,03-28,,4760.0,6810,10500,15100,22700.0,
01513831,03-29,,5070.0,7590,10400,14400,21600.0,
01513831,03-30,,5330.0,8240,12200,15400,33300.0,
01513831,03-31,,5110.0,7980,11100,21200,33100.0,
01513831,04-01,,4770.0,8950,12800,26800,35700.0,
01513831,04-02,,5180.0,9300,12600,23300,36000.0,
01513831,04-03,,5400.0,9500,13900,21300,32300.0,
01513831,04-04,,5410.0,8600,12800,25800,33700.0,
01513831,04-05,,5190.0,8120,12400,25100,36800.0,
01513831,04-06,,5010.0,8180,11400,23300,36500.0,
01513831,04-07,,5110.0,7650,13200,20400,37300.0,
01513831,04-08,,5280.0,8550,14500,21000,42400.0,
01513831,04-09,,4880.0,8210,12900,21200,43800.0,
01513831,04-10,,4550.0,9010,11900,17900,38900.0,
01513831,04-11,,4320.0,8750,12600,15900,31700.0,
01513831,04-12,,5360.0,7880,11100,18900,25400.0,
01513831,04-13,,6090.0,7330,9830,19700,27200.0,
01513831,04-14,,5480.0,7730,10200,19300,24900.0,
01513831,04-15,,5030.0,7070,11600,16800,21200.0,
01513831,04-16,,4750.0,6790,10900,15800,24100.0,
01513831,04-17,,5040.0,7050,10700,18100,27700.0,
01513831,04-18,,5380.0,7030,10100,16100,22300.0,
01513831,04-19,,5200.0,6530,11000,14400,18400.0,
01513831,04-20,,4700.0,6110,13200,16000,21000.0,
01513831,04-21,,4260.0,5830,11400,20300,24100.0,
01513831,04-22,,3950.0,5540,10000,17000,27900.0,
01513831,04-23,,4900.0,5440,9210,15700,24500.0,
01513831,04-24,,4820.0,6260,9080,16400,22700.0,
01513831,04-25,,4510.0,5950,8900,13200,19900.0,
01513831,04-26,,4620.0,6130,9610,12300,19500.0,
01513831,04-27,,4510.0,7470,9270,13200,22100.0,
01513831,04-28,,4970.0,7050,8070,13300,23800.0,
01513831,04-29,,5540.0,6640,7090,11400,22700.0,
01513831,04-30,,5590.0,6720,8300,11100,26400.0,
01513831,05-01,,5180.0,6660,8610,14900,37700.0,
01513831,05-02,,5400.0,6190,8570,13900,29900.0,
01513831,05-03,,5160.0,6550,9320,14000,22600.0,
01513831,05-04,,4880.0,6250,9070,14200,26000.0,
01513831,05-05,,4740.0,5720,9600,14200,23100.0,
01513831,05-06,,4410.0,5900,8190,17700,24400.0,
01513831,05-07,,4010.0,6490,8180,16100,33000.0,
01513831,05-08,,3690.0,5960,7640,14400,28700.0,
01513831,05-09,,3560.0,5570,7090,13500,22900.0,
01513831,05-10,,3830.0,5870,7560,13500,23200.0,
01513831,05-11,,4200.0,5560,7610,11900,20700.0,
01513831,05-12,,4450.0,5670,6960,10600,16600.0,
01513831,05-13,,4530.0,5440,6570,9350,18000.0,
01513831,05-14,,4150.0,5490,6410,8700,18900.0,
01513831,05-15,,3550.0,5170,6880,11000,17000.0,
01513831,05-16,,3510.0,5130,7200,12400,21000.0,
01513831,05-17,,3660.0,4890,6320,10800,21300.0,
01513831,05-18,,3330.0,4840,5700,10100,18800.0,
01513831,05-19,,3010.0,4950,6000,9480,15200.0,
01513831,05-20,,2730.0,4670,7140,9100,17000.0,
01513831,05-21,,2620.0,4320,6190,8540,14700.0,
01513831,05-22,,2560.0,3860,5350,8560,12400.0,
01513831,05-23,,2880.0,3600,5300,9380,12400.0,
01513831,05-24,,2710.0,3330,5980,8940,10900.0,
01513831,05-25,,2540.0,2990,5570,8090,10200.0,
01513831,05-26,,2330.0,2760,5040,7590,9420.0,
01513831,05-27,,2160.0,2720,4550,8340,10800.0,
01513831,05-28,,2060.0,2560,3960,7130,13700.0,
01513831,05-29,,1950.0,2350,4850,6700,11300.0,
01513831,05-30,,1890.0,2210,4970,7670,13400.0,
01513831,05-31,,1910.0,2200,4570,7100,15900.0,
01513831,06-01,,1840.0,2320,4200,8720,15000.0,
01513831,06-02,,1920.0,2600,4430,7200,10700.0,
01513831,06-03,,1740.0,2510,4070,6270,8650.0,
01513831,06-04,,1630.0,2310,4230,6060,7810.0,
01513831,06-05,,1740.0,2180,3880,5850,8400.0,
01513831,06-06,,1850.0,2360,3560,5740,10300.0,
01513831,06-07,,1770.0,2310,4610,5660,18000.0,
01513831,06-08,,1690.0,2560,4310,5810,22100.0,
01513831,06-09,,2030.0,2810,3660,5410,18800.0,
01513831,06-10,,1900.0,2960,3930,7320,14300.0,
01513831,06-11,,1910.0,3150,4070,7430,12900.0,
01513831,06-12,,1810.0,3340,4050,8700,13900.0,
01513831,06-13,,1820.0,3090,3870,7500,11800.0,
01513831,06-14,,1850.0,2670,4500,7960,13100.0,
01513831,06-15,,2070.0,2260,4210,7140,21000.0,
01513831,06-16,,1860.0,2460,3790,6640,16800.0,
01513831,06-17,,1700.0,2350,4060,6640,13500.0,
01513831,06-18,,1540.0,2250,3510,6040,10100.0,
01513831,06-19,,1460.0,2120,3170,7340,9250.0,
01513831,06-20,,1500.0,1970,2780,7820,9790.0,
01513831,06-21,,1420.0,1970,2550,6730,12500.0,
01513831,06-22,,1360.0,1760,2510,6550,10300.0,
01513831,06-23,,1320.0,1620,2470,5780,16600.0,
01513831,06-24,,1270.0,1620,2540,5980,18800.0,
01513831,06-25,,1250.0,1840,2580,4970,16200.0,
01513831,06-26,,1180.0,1710,2630,5880,10900.0,
01513831,06-27,,1220.0,1620,2660,5670,9050.0,
01513831,06-28,,1250.0,1720,3560,6820,11400.0,
01513831,06-29,,1410.0,1780,3630,5890,18500.0,
01513831,06-30,,1240.0,1750,3130,5090,19500.0,
01513831,07-01,,1270.0,1830,3030,4650,27300.0,
01513831,07-02,,1270.0,1960,2780,5740,30500.0,
01513831,07-03,,1210.0,2090,3130,5000,25600.0,
01513831,07-04,,1130.0,1950,3890,7280,19100.0,
01513831,07-05,,1150.0,1730,3430,6950,14700.0,
01513831,07-06,,1030.0,1550,2870,5570,11400.0,
01513831,07-07,,922.0,1430,2620,4660,9570.0,
01513831,07-08,,899.0,1350,2550,4360,8950.0,
01513831,07-09,,847.0,1310,2770,5090,9150.0,
01513831,07-10,,904.0,1350,2480,5800,9400.0,
01513831,07-11,,1110.0,1550,2300,5370,11300.0,
01513831,07-12,,1020.0,1740,2680,4900,12700.0,
01513831,07-13,,938.0,1620,2590,4120,12500.0,
01513831,07-14,,960.0,1410,2620,6510,14700.0,
01513831,07-15,,945.0,1630,2290,6850,18000.0,
01513831,07-16,,967.0,1300,1970,5370,12800.0,
01513831,07-17,,896.0,1230,1930,4740,9840.0,
01513831,07-18,,878.0,1400,3280,4650,16200.0,
01513831,07-19,,860.0,1410,2330,4200,12900.0,
01513831,07-20,,874.0,1360,1950,3490,10900.0,
01513831,07-21,,886.0,1350,1880,3170,12100.0,
01513831,07-22,,872.0,1240,1780,2930,10700.0,
01513831,07-23,,837.0,1190,1990,4860,8360.0,
01513831,07-24,,856.0,1360,2430,4750,16600.0,
01513831,07-25,,855.0,1230,2660,8170,14100.0,
01513831,07-26,,930.0,1210,2740,6310,15000.0,
01513831,07-27,,1040.0,1410,2540,4750,9390.0,
01513831,07-28,,981.0,1300,2130,4330,6640.0,
01513831,07-29,,898.0,1330,2000,4090,6400.0,
01513831,07-30,,841.0,1190,1760,4180,6060.0,
01513831,07-31,,938.0,1120,1610,3820,4740.0,
01513831,08-01,,897.0,1460,1760,3220,3840.0,
01513831,08-02,,835.0,1350,2070,3340,4620.0,
01513831,08-03,,783.0,1230,1930,3350,5860.0,
01513831,08-04,,826.0,1200,2030,3640,6300.0,
01513831,08-05,,871.0,1400,2130,3250,4750.0,
01513831,08-06,,869.0,1300,2380,3400,4760.0,
01513831,08-07,,800.0,1350,2300,3960,5700.0,
01513831,08-08,,851.0,1370,2300,4560,6200.0,
01513831,08-09,,867.0,1320,2090,5560,16000.0,
01513831,08-10,,937.0,1190,1910,4850,26500.0,
01513831,08-11,,919.0,1530,1820,4240,16800.0,
01513831,08-12,,879.0,1530,2060,4310,11200.0,
01513831,08-13,,847.0,1380,2080,4310,8960.0,
01513831,08-14,,929.0,1370,2200,4050,18200.0,
01513831,08-15,,851.0,1410,2060,4940,21400.0,
01513831,08-16,,898.0,1590,2230,4370,11100.0,
01513831,08-17,,869.0,1390,2020,3610,7870.0,
01513831,08-18,,817.0,1330,1900,3560,16500.0,
01513831,08-19,,771.0,1330,2240,5080,17700.0,
01513831,08-20,,913.0,1150,2250,4610,12000.0,
01513831,08-21,,858.0,1250,1970,3900,9160.0,
01513831,08-22,,817.0,1380,2390,5190,7720.0,
01513831,08-23,,792.0,1640,2590,4280,9000.0,
01513831,08-24,,774.0,1480,2580,5140,10400.0,
01513831,08-25,,790.0,1430,2240,4860,11100.0,
01513831,08-26,,736.0,1540,2010,3700,8070.0,
01513831,08-27,,737.0,1390,1960,3070,5950.0,
01513831,08-28,,1110.0,1650,1980,4840,9080.0,
01513831,08-29,,1030.0,1510,2020,4490,14500.0,
01513831,08-30,,985.0,1510,1840,4250,10000.0,
01513831,08-31,,1090.0,1380,1790,3560,8970.0,
01513831,09-01,,1090.0,1260,1620,3210,7170.0,
01513831,09-02,,1000.0,1130,1570,3810,7200.0,
01513831,09-03,,940.0,1090,1660,3180,8880.0,
01513831,09-04,,896.0,1020,1690,3230,8630.0,
01513831,09-05,,859.0,1080,1610,2960,7680.0,
01513831,09-06,,863.0,1030,1710,2980,8320.0,
01513831,09-07,,855.0,1070,1660,3020,18800.0,
01513831,09-08,,816.0,1070,1570,3000,50100.0,
01513831,09-09,,851.0,1120,1570,3190,39200.0,
01513831,09-10,,798.0,1050,1490,3810,31800.0,
01513831,09-11,,753.0,988,1550,3800,27700.0,
01513831,09-12,,752.0,1030,1550,6970,17600.0,
01513831,09-13,,755.0,1020,1430,6630,12600.0,
01513831,09-14,,736.0,936,1400,5480,11100.0,
01513831,09-15,,738.0,885,1410,4270,9210.0,
01513831,09-16,,714.0,870,1420,4840,8320.0,
01513831,09-17,,667.0,857,1390,3970,10200.0,
01513831,09-18,,657.0,868,1290,4160,18900.0,
01513831,09-19,,640.0,947,1380,4240,16400.0,
01513831,09-20,,611.0,907,1420,3970,10900.0,
01513831,09-21,,583.0,879,1470,3480,8340.0,
01513831,09-22,,564.0,847,1340,3230,8970.0,
01513831,09-23,,579.0,821,1280,4460,7480.0,
01513831,09-24,,659.0,802,1180,4890,8270.0,
01513831,09-25,,657.0,925,1110,4100,10700.0,
01513831,09-26,,631.0,828,1230,3870,12200.0,
01513831,09-27,,602.0,770,1180,4160,11600.0,
01513831,09-28,,562.0,793,1350,3530,19000.0,
01513831,09-29,,594.0,789,1540,3050,25200.0,
01513831,09-30,,703.0,867,1840,3120,19200.0,
01513831,10-01,,712.0,962,2100,4170,23400.0,
01513831,10-02,,791.0,972,2000,3660,22200.0,
01513831,10-03,,794.0,949,1840,3570,20400.0,
01513831,10-04,,878.0,941,1810,3740,17800.0,
01513831,10-05,,884.0,988,1720,8060,16300.0,
01513831,10-06,,854.0,1020,1560,7020,16900.0,
01513831,10-07,,811.0,952,2230,6910,14300.0,
01513831,10-08,,775.0,1020,2040,8310,12300.0,
01513831,10-09,,758.0,1000,1830,7110,10600.0,
01513831,10-10,,731.0,969,3040,5900,9090.0,
01513831,10-11,,711.0,1040,2490,4890,8710.0,
01513831,10-12,,694.0,1100,2210,4150,9990.0,
01513831,10-13,,740.0,1070,1890,3800,9000.0,
01513831,10-14,,799.0,1060,1830,3550,8860.0,
01513831,10-15,,662.0,1130,1730,3440,11200.0,
01513831,10-16,,658.0,1200,2120,6210,11000.0,
01513831,10-17,,640.0,1180,2490,10700,15200.0,
01513831,10-18,,645.0,1180,2670,11300,13100.0,
01513831,10-19,,672.0,1160,2910,8830,14300.0,
01513831,10-20,,770.0,1130,2780,8000,10900.0,
01513831,10-21,,978.0,1320,3480,7300,10100.0,
01513831,10-22,,941.0,1260,4620,6830,9600.0,
01513831,10-23,,901.0,1200,4170,6870,9160.0,
01513831,10-24,,923.0,1220,4230,6580,8880.0,
01513831,10-25,,919.0,1350,4710,7060,9860.0,
01513831,10-26,,887.0,1340,4250,6870,15400.0,
01513831,10-27,,905.0,1410,3430,7990,21000.0,
01513831,10-28,,942.0,1450,3690,12700,21800.0,
01513831,10-29,,1110.0,1540,3570,11900,28700.0,
01513831,10-30,,1410.0,3080,5640,10100,24600.0,
01513831,10-31,,1340.0,4160,6790,11800,18400.0,
01513831,11-01,,1300.0,3850,7880,12600,23800.0,
01513831,11-02,,1300.0,3430,7120,10300,21600.0,
01513831,11-03,,1280.0,2990,6050,9520,20100.0,
01513831,11-04,,1230.0,2810,5290,8650,19100.0,
01513831,11-05,,1180.0,2600,4780,8060,16000.0,
01513831,11-06,,1150.0,2510,4420,8100,15000.0,
01513831,11-07,,1250.0,2430,4140,8430,14000.0,
01513831,11-08,,1540.0,2460,4330,7640,12000.0,
01513831,11-09,,1590.0,2480,3870,7040,10400.0,
01513831,11-10,,1580.0,2440,3760,6230,9920.0,
01513831,11-11,,1550.0,2720,5160,5670,9700.0,
01513831,11-12,,2190.0,3190,4880,8620,13000.0,
01513831,11-13,,2110.0,3390,4760,9150,15800.0,
01513831,11-14,,2020.0,3270,4770,7440,14700.0,
01513831,11-15,,1940.0,2990,4490,6600,12900.0,
01513831,11-16,,1930.0,2980,5540,7000,11900.0,
01513831,11-17,,1970.0,3110,4750,9640,13700.0,
01513831,11-18,,2260.0,3310,4290,9760,12600.0,
01513831,11-19,,2370.0,3600,4780,8380,11400.0,
01513831,11-20,,2210.0,3800,5220,6980,11300.0,
01513831,11-21,,2240.0,3530,5360,7480,11300.0,
01513831,11-22,,2220.0,3320,4740,6710,10100.0,
01513831,11-23,,2440.0,3190,5150,6960,10300.0,
01513831,11-24,,2840.0,3560,4870,6940,11400.0,
01513831,11-25,,3110.0,3560,4540,7590,12800.0,
01513831,11-26,,3060.0,4070,4640,7700,14000.0,
01513831,11-27,,2910.0,4810,6570,9560,16700.0,
01513831,11-28,,2800.0,5950,6760,9400,23300.0,
01513831,11-29,,2780.0,5530,7300,9040,18200.0,
01513831,11-30,,2720.0,5020,6830,10100,17000.0,
01513831,12-01,,2640.0,5090,6380,10600,15900.0,
01513831,12-02,,2710.0,4430,6620,12000,19100.0,
01513831,12-03,,3040.0,4560,7710,9930,23200.0,
01513831,12-04,,3010.0,4950,8120,10100,19500.0,
01513831,12-05,,2970.0,4500,7860,9020,18700.0,
01513831,12-06,,3160.0,4170,7040,10000,15200.0,
01513831,12-07,,3340.0,4160,7230,11200,15800.0,
01513831,12-08,,3310.0,4230,8090,11800,14600.0,
01513831,12-09,,2880.0,3930,7610,10700,12100.0,
01513831,12-10,,3370.0,4630,7130,9840,11600.0,
01513831,12-11,,3190.0,4940,8080,10600,19100.0,
01513831,12-12,,3120.0,4660,7440,11100,24600.0,
01513831,12-13,,3110.0,4330,7950,11600,19100.0,
01513831,12-14,,2860.0,4530,7500,11000,16300.0,
01513831,12-15,,2450.0,4300,7400,10100,16600.0,
01513831,12-16,,2640.0,4180,7780,9670,13700.0,
01513831,12-17,,2470.0,3930,8500,9710,12200.0,
01513831,12-18,,2550.0,4360,8060,12300,18900.0,
01513831,12-19,,2590.0,5290,7460,12300,25900.0,
01513831,12-20,,2870.0,5550,7040,13800,22800.0,
01513831,12-21,,3280.0,5590,8960,11700,24400.0,
01513831,12-22,,3600.0,5410,8110,16700,29700.0,
01513831,12-23,,3710.0,5930,8160,19600,26300.0,
01513831,12-24,,4690.0,5510,8630,16900,27300.0,
01513831,12-25,,4720.0,6790,11000,18900,32300.0,
01513831,12-26,,4910.0,6070,11100,14800,35400.0,
01513831,12-27,,4100.0,5920,9850,13100,27900.0,
01513831,12-28,,3590.0,6030,10700,13500,20400.0,
01513831,12-29,,3700.0,7320,10200,13500,19400.0,
01513831,12-30,,3760.0,8920,11400,14200,17500.0,
01513831,12-31,,3900.0,8470,11700,14200,16100.0,
