SiteCode,MonthDay,p05,p10,p25,p50,p75,p90,p95
01379000,01-01,10.0,14.0,33.0,75.0,150.0,254.0,372.0
01379000,01-02,9.2,12.0,35.0,76.0,157.0,254.0,358.0
01379000,01-03,10.0,15.0,38.0,86.0,169.0,270.0,353.0
01379000,01-04,9.6,16.0,41.0,82.0,160.0,301.0,357.0
01379000,01-05,12.0,17.0,42.0,85.0,153.0,230.0,325.0
01379000,01-06,11.0,18.0,39.0,89.0,150.0,223.0,276.0
01379000,01-07,12.0,22.0,37.0,81.0,152.0,253.0,375.0
01379000,01-08,12.0,17.0,36.0,75.0,134.0,261.0,462.0
01379000,01-09,11.0,17.0,35.0,67.0,124.0,279.0,413.0
01379000,01-10,12.0,17.0,33.0,65.0,127.0,322.0,461.0
01379000,01-11,12.0,17.0,35.0,70.0,126.0,280.0,379.0
01379000,01-12,13.0,19.0,35.0,65.0,128.0,242.0,317.0
01379000,01-13,12.0,17.0,34.0,68.0,129.0,240.0,282.0
01379000,01-14,11.0,19.0,35.0,62.0,123.0,203.0,259.0
01379000,01-15,12.0,18.0,35.0,67.0,118.0,210.0,274.0
01379000,01-16,12.0,17.0,33.0,62.0,130.0,200.0,281.0
01379000,01-17,12.0,17.0,33.0,68.0,123.0,210.0,253.0
01379000,01-18,12.0,17.0,36.0,67.0,123.0,192.0,259.0
01379000,01-19,13.0,19.0,34.0,66.0,133.0,195.0,276.0
01379000,01-20,13.0,18.0,35.0,71.0,127.0,187.0,297.0
01379000,01-21,15.0,20.0,34.0,70.0,125.0,209.0,274.0
01379000,01-22,14.0,21.0,35.0,68.0,125.0,217.0,294.0
01379000,01-23,14.0,22.0,37.0,68.0,136.0,247.0,348.0
01379000,01-24,15.0,20.0,37.0,66.0,142.0,287.0,345.0
01379000,01-25,14.0,18.0,40.0,66.0,166.0,336.0,469.0
01379000,01-26,13.0,18.0,38.0,61.0,179.0,419.0,534.0
01379000,01-27,12.0,19.0,40.0,63.0,213.0,415.0,490.0
01379000,01-28,11.0,17.0,36.0,56.0,228.0,330.0,518.0
01379000,01-29,12.0,17.0,35.0,51.0,187.0,350.0,483.0
01379000,01-30,10.0,16.0,36.0,55.0,148.0,282.0,496.0
01379000,01-31,8.2,16.0,35.0,60.0,130.0,232.0,373.0
01379000,02-01,8.4,18.0,33.0,59.0,135.0,228.0,272.0
01379000,02-02,13.0,19.0,37.0,60.0,127.0,203.0,264.0
01379000,02-03,12.0,18.0,38.0,58.0,137.0,230.0,317.0
01379000,02-04,11.0,18.0,36.0,70.0,125.0,245.0,337.0
01379000,02-05,12.0,21.0,35.0,66.0,126.0,227.0,426.0
01379000,02-06,12.0,21.0,34.0,73.0,125.0,214.0,334.0
01379000,02-07,13.0,22.0,35.0,78.0,151.0,247.0,307.0
01379000,02-08,16.0,23.0,36.0,81.0,155.0,277.0,364.0
01379000,02-09,16.0,22.0,33.0,83.0,132.0,267.0,349.0
01379000,02-10,18.0,21.0,36.0,74.0,147.0,237.0,305.0
01379000,02-11,18.0,22.0,37.0,70.0,145.0,208.0,263.0
01379000,02-12,21.0,26.0,36.0,67.0,133.0,196.0,265.0
01379000,02-13,20.0,26.0,40.0,73.0,123.0,213.0,249.0
01379000,02-14,21.0,25.0,41.0,80.0,125.0,193.0,396.0
01379000,02-15,19.0,27.0,44.0,85.0,137.0,250.0,460.0
01379000,02-16,20.0,28.0,51.0,85.0,144.0,313.0,432.0
01379000,02-17,22.0,29.0,53.0,82.0,157.0,262.0,377.0
01379000,02-18,23.0,27.0,53.0,88.0,161.0,286.0,350.0
01379000,02-19,24.0,27.0,54.0,96.0,171.0,258.0,353.0
01379000,02-20,23.0,28.0,53.0,108.0,167.0,268.0,317.0
01379000,02-21,21.0,29.0,55.0,108.0,160.0,241.0,348.0
01379000,02-22,25.0,33.0,60.0,101.0,178.0,305.0,430.0
01379000,02-23,24.0,33.0,58.0,105.0,190.0,335.0,418.0
01379000,02-24,23.0,33.0,58.0,108.0,210.0,322.0,454.0
01379000,02-25,26.0,36.0,55.0,106.0,217.0,401.0,538.0
01379000,02-26,25.0,40.0,66.0,127.0,203.0,401.0,575.0
01379000,02-27,25.0,38.0,61.0,118.0,211.0,400.0,624.0
01379000,02-28,25.0,35.0,59.0,108.0,200.0,407.0,575.0
01379000,02-29,27.0,39.0,60.0,128.0,180.0,305.0,395.0
01379000,03-01,24.0,40.0,59.0,117.0,182.0,378.0,574.0
01379000,03-02,27.0,37.0,61.0,105.0,173.0,403.0,507.0
01379000,03-03,32.0,44.0,64.0,104.0,179.0,393.0,466.0
01379000,03-04,41.0,49.0,69.0,113.0,207.0,376.0,465.0
01379000,03-05,42.0,55.0,73.0,113.0,251.0,367.0,465.0
01379000,03-06,45.0,54.0,69.0,130.0,248.0,351.0,436.0
01379000,03-07,48.0,55.0,71.0,173.0,252.0,430.0,605.0
01379000,03-08,42.0,56.0,73.0,161.0,228.0,453.0,604.0
01379000,03-09,51.0,55.0,90.0,152.0,236.0,404.0,514.0
01379000,03-10,48.0,55.0,84.0,138.0,239.0,330.0,455.0
01379000,03-11,49.0,56.0,81.0,135.0,226.0,320.0,520.0
01379000,03-12,50.0,56.0,85.0,120.0,194.0,345.0,519.0
01379000,03-13,51.0,56.0,89.0,139.0,208.0,361.0,500.0
01379000,03-14,48.0,57.0,94.0,130.0,234.0,412.0,534.0
01379000,03-15,47.0,59.0,91.0,136.0,247.0,424.0,583.0
01379000,03-16,46.0,53.0,85.0,141.0,228.0,375.0,573.0
01379000,03-17,47.0,57.0,85.0,139.0,238.0,337.0,563.0
01379000,03-18,47.0,57.0,86.0,132.0,213.0,421.0,478.0
01379000,03-19,51.0,58.0,84.0,135.0,200.0,374.0,444.0
01379000,03-20,48.0,59.0,92.0,136.0,235.0,363.0,430.0
01379000,03-21,45.0,58.0,98.0,135.0,225.0,333.0,504.0
01379000,03-22,41.0,63.0,95.0,149.0,235.0,406.0,605.0
01379000,03-23,39.0,58.0,91.0,142.0,234.0,392.0,668.0
01379000,03-24,38.0,57.0,83.0,142.0,253.0,458.0,639.0
01379000,03-25,38.0,58.0,79.0,127.0,234.0,408.0,593.0
01379000,03-26,39.0,61.0,80.0,117.0,200.0,399.0,505.0
01379000,03-27,40.0,64.0,80.0,113.0,191.0,323.0,444.0
01379000,03-28,39.0,58.0,77.0,113.0,205.0,303.0,441.0
01379000,03-29,36.0,58.0,73.0,110.0,196.0,332.0,603.0
01379000,03-30,38.0,55.0,69.0,109.0,179.0,316.0,571.0
01379000,03-31,43.0,53.0,68.0,112.0,199.0,362.0,477.0
01379000,04-01,44.0,54.0,71.0,110.0,211.0,407.0,494.0
01379000,04-02,42.0,55.0,71.0,113.0,236.0,424.0,534.0
01379000,04-03,38.0,56.0,72.0,117.0,239.0,389.0,476.0
01379000,04-04,38.0,49.0,67.0,116.0,234.0,358.0,446.0
01379000,04-05,39.0,46.0,66.0,113.0,207.0,355.0,596.0
01379000,04-06,34.0,47.0,67.0,116.0,197.0,401.0,614.0
01379000,04-07,34.0,47.0,65.0,118.0,210.0,420.0,581.0
01379000,04-08,34.0,46.0,60.0,119.0,206.0,398.0,585.0
01379000,04-09,34.0,45.0,63.0,108.0,224.0,427.0,545.0
01379000,04-10,32.0,41.0,65.0,97.0,198.0,402.0,526.0
01379000,04-11,30.0,38.0,59.0,97.0,177.0,333.0,450.0
01379000,04-12,32.0,39.0,58.0,102.0,184.0,276.0,339.0
01379000,04-13,32.0,37.0,57.0,105.0,198.0,299.0,343.0
01379000,04-14,30.0,35.0,56.0,94.0,173.0,260.0,359.0
01379000,04-15,29.0,35.0,53.0,92.0,175.0,288.0,364.0
01379000,04-16,29.0,42.0,61.0,92.0,191.0,297.0,356.0
01379000,04-17,28.0,40.0,59.0,94.0,184.0,361.0,529.0
01379000,04-18,27.0,37.0,57.0,94.0,168.0,300.0,477.0
01379000,04-19,25.0,34.0,54.0,94.0,154.0,283.0,454.0
01379000,04-20,26.0,32.0,52.0,88.0,158.0,261.0,433.0
01379000,04-21,25.0,30.0,49.0,83.0,142.0,256.0,327.0
01379000,04-22,27.0,31.0,49.0,80.0,140.0,228.0,265.0
01379000,04-23,28.0,34.0,51.0,79.0,145.0,220.0,242.0
01379000,04-24,28.0,37.0,51.0,73.0,141.0,219.0,250.0
01379000,04-25,28.0,39.0,49.0,76.0,134.0,174.0,250.0
01379000,04-26,31.0,38.0,51.0,80.0,123.0,191.0,276.0
01379000,04-27,30.0,37.0,52.0,80.0,136.0,221.0,314.0
01379000,04-28,33.0,36.0,56.0,79.0,130.0,244.0,375.0
01379000,04-29,32.0,35.0,54.0,73.0,141.0,240.0,425.0
01379000,04-30,31.0,35.0,47.0,73.0,132.0,259.0,376.0
01379000,05-01,30.0,36.0,51.0,76.0,129.0,241.0,322.0
01379000,05-02,29.0,37.0,48.0,73.0,123.0,209.0,304.0
01379000,05-03,27.0,37.0,48.0,76.0,123.0,196.0,279.0
01379000,05-04,26.0,34.0,44.0,80.0,117.0,225.0,294.0
01379000,05-05,25.0,33.0,42.0,73.0,117.0,235.0,270.0
01379000,05-06,24.0,30.0,40.0,70.0,104.0,223.0,275.0
01379000,05-07,23.0,28.0,41.0,68.0,123.0,206.0,304.0
01379000,05-08,23.0,28.0,43.0,64.0,117.0,198.0,300.0
01379000,05-09,23.0,28.0,41.0,68.0,122.0,203.0,279.0
01379000,05-10,23.0,28.0,38.0,64.0,117.0,202.0,280.0
01379000,05-11,22.0,28.0,41.0,60.0,103.0,186.0,360.0
01379000,05-12,22.0,28.0,40.0,60.0,99.0,189.0,323.0
01379000,05-13,21.0,25.0,42.0,61.0,110.0,220.0,404.0
01379000,05-14,20.0,26.0,39.0,59.0,117.0,243.0,415.0
01379000,05-15,21.0,26.0,40.0,61.0,108.0,254.0,396.0
01379000,05-16,20.0,25.0,37.0,55.0,107.0,290.0,337.0
01379000,05-17,19.0,25.0,36.0,57.0,118.0,236.0,391.0
01379000,05-18,21.0,24.0,36.0,56.0,99.0,214.0,377.0
01379000,05-19,19.0,23.0,36.0,61.0,99.0,198.0,347.0
01379000,05-20,17.0,24.0,35.0,60.0,97.0,203.0,291.0
01379000,05-21,17.0,22.0,33.0,63.0,97.0,226.0,279.0
01379000,05-22,16.0,22.0,35.0,55.0,112.0,184.0,259.0
01379000,05-23,16.0,21.0,33.0,53.0,105.0,185.0,227.0
01379000,05-24,17.0,19.0,33.0,52.0,114.0,190.0,235.0
01379000,05-25,16.0,19.0,32.0,47.0,101.0,177.0,241.0
01379000,05-26,15.0,18.0,30.0,46.0,98.0,178.0,368.0
01379000,05-27,13.0,17.0,30.0,43.0,91.0,192.0,392.0
01379000,05-28,13.0,17.0,28.0,44.0,95.0,171.0,330.0
01379000,05-29,12.0,16.0,26.0,42.0,103.0,229.0,286.0
01379000,05-30,14.0,16.0,24.0,41.0,108.0,218.0,299.0
01379000,05-31,13.0,15.0,24.0,40.0,95.0,188.0,383.0
01379000,06-01,13.0,18.0,22.0,47.0,99.0,192.0,363.0
01379000,06-02,15.0,16.0,25.0,41.0,93.0,262.0,406.0
01379000,06-03,13.0,16.0,21.0,42.0,98.0,235.0,433.0
01379000,06-04,13.0,16.0,23.0,45.0,93.0,210.0,354.0
01379000,06-05,12.0,17.0,20.0,41.0,88.0,204.0,278.0
01379000,06-06,12.0,16.0,22.0,42.0,82.0,173.0,239.0
01379000,06-07,14.0,15.0,22.0,43.0,82.0,134.0,212.0
01379000,06-08,12.0,14.0,21.0,39.0,78.0,133.0,178.0
01379000,06-09,12.0,14.0,22.0,35.0,68.0,140.0,215.0
01379000,06-10,11.0,13.0,22.0,33.0,64.0,154.0,241.0
01379000,06-11,10.0,13.0,20.0,32.0,61.0,164.0,229.0
01379000,06-12,11.0,12.0,19.0,30.0,64.0,140.0,178.0
01379000,06-13,11.0,13.0,20.0,30.0,66.0,151.0,216.0
01379000,06-14,10.0,13.0,19.0,32.0,64.0,158.0,259.0
01379000,06-15,11.0,13.0,19.0,29.0,66.0,150.0,244.0
01379000,06-16,10.0,13.0,20.0,30.0,60.0,122.0,212.0
01379000,06-17,9.1,12.0,18.0,33.0,57.0,128.0,197.0
01379000,06-18,8.3,12.0,17.0,29.0,51.0,139.0,162.0
01379000,06-19,7.8,11.0,17.0,29.0,56.0,125.0,211.0
01379000,06-20,7.4,10.0,17.0,27.0,65.0,142.0,187.0
01379000,06-21,7.3,9.9,17.0,24.0,60.0,105.0,214.0
01379000,06-22,7.4,9.8,17.0,28.0,52.0,91.0,178.0
01379000,06-23,6.5,10.0,17.0,28.0,49.0,87.0,175.0
01379000,06-24,6.3,9.5,16.0,27.0,47.0,76.0,166.0
01379000,06-25,6.3,9.6,16.0,26.0,49.0,87.0,141.0
01379000,06-26,6.4,8.0,14.0,25.0,47.0,90.0,141.0
01379000,06-27,5.7,7.3,14.0,24.0,39.0,90.0,151.0
01379000,06-28,5.8,7.4,15.0,24.0,37.0,79.0,199.0
01379000,06-29,5.6,8.0,15.0,22.0,37.0,88.0,183.0
01379000,06-30,6.0,8.5,15.0,21.0,43.0,89.0,197.0
01379000,07-01,6.2,7.8,14.0,20.0,42.0,79.0,200.0
01379000,07-02,6.1,8.0,14.0,20.0,46.0,121.0,181.0
01379000,07-03,6.2,8.3,13.0,20.0,42.0,95.0,227.0
01379000,07-04,6.0,7.6,11.0,20.0,41.0,90.0,177.0
01379000,07-05,5.4,6.4,12.0,20.0,42.0,87.0,130.0
01379000,07-06,4.7,6.1,12.0,22.0,38.0,81.0,149.0
01379000,07-07,4.0,5.5,11.0,22.0,35.0,63.0,123.0
01379000,07-08,4.2,5.0,11.0,21.0,33.0,64.0,118.0
01379000,07-09,4.1,6.4,10.0,22.0,42.0,90.0,109.0
01379000,07-10,4.0,6.1,11.0,21.0,43.0,90.0,153.0
01379000,07-11,3.9,5.8,12.0,19.0,39.0,87.0,182.0
01379000,07-12,3.1,4.9,11.0,18.0,43.0,93.0,196.0
01379000,07-13,2.9,4.5,9.9,17.0,49.0,122.0,195.0
01379000,07-14,3.2,4.9,11.0,17.0,48.0,135.0,227.0
01379000,07-15,3.1,5.5,10.0,18.0,45.0,129.0,225.0
01379000,07-16,3.8,5.6,9.9,18.0,43.0,99.0,217.0
01379000,07-17,2.8,4.7,9.8,17.0,42.0,90.0,189.0
01379000,07-18,3.3,4.9,11.0,19.0,37.0,97.0,166.0
01379000,07-19,3.1,5.0,9.9,17.0,34.0,90.0,153.0
01379000,07-20,3.1,4.9,10.0,15.0,32.0,74.0,144.0
01379000,07-21,2.6,4.7,9.9,16.0,34.0,90.0,131.0
01379000,07-22,2.4,3.9,9.0,15.0,36.0,82.0,187.0
01379000,07-23,2.4,4.7,9.0,18.0,48.0,122.0,212.0
01379000,07-24,2.1,4.5,9.4,18.0,48.0,154.0,305.0
01379000,07-25,2.0,4.1,10.0,18.0,46.0,129.0,326.0
01379000,07-26,2.2,4.7,9.7,18.0,41.0,111.0,281.0
01379000,07-27,2.5,4.5,9.8,19.0,53.0,129.0,274.0
01379000,07-28,1.8,3.9,9.3,18.0,51.0,166.0,252.0
01379000,07-29,1.9,3.8,8.7,19.0,47.0,142.0,253.0
01379000,07-30,1.9,4.1,9.7,23.0,45.0,131.0,208.0
01379000,07-31,1.9,4.3,9.4,23.0,50.0,111.0,160.0
01379000,08-01,1.7,4.0,8.3,22.0,66.0,122.0,169.0
01379000,08-02,1.6,3.8,8.7,20.0,55.0,115.0,250.0
01379000,08-03,1.9,4.1,8.6,18.0,48.0,125.0,271.0
01379000,08-04,2.0,5.1,9.3,18.0,44.0,140.0,232.0
01379000,08-05,1.7,3.9,8.7,17.0,46.0,142.0,216.0
01379000,08-06,1.6,3.6,8.3,18.0,39.0,155.0,214.0
01379000,08-07,1.6,3.8,7.8,18.0,40.0,139.0,211.0
01379000,08-08,1.9,3.6,7.1,17.0,53.0,129.0,194.0
01379000,08-09,2.0,4.1,7.9,17.0,49.0,126.0,179.0
01379000,08-10,2.0,3.9,7.5,17.0,45.0,128.0,213.0
01379000,08-11,2.0,3.6,9.4,17.0,42.0,158.0,285.0
01379000,08-12,1.6,3.3,9.0,18.0,48.0,145.0,251.0
01379000,08-13,1.7,3.7,8.0,17.0,54.0,149.0,300.0
01379000,08-14,3.0,3.7,8.3,18.0,47.0,133.0,266.0
01379000,08-15,2.5,4.0,8.5,18.0,39.0,99.0,253.0
01379000,08-16,2.2,3.7,8.4,15.0,35.0,140.0,223.0
01379000,08-17,2.1,3.5,7.9,15.0,41.0,122.0,199.0
01379000,08-18,2.3,3.9,8.2,16.0,43.0,136.0,199.0
01379000,08-19,2.7,3.9,7.4,18.0,41.0,117.0,222.0
01379000,08-20,2.6,3.9,7.7,17.0,42.0,113.0,190.0
01379000,08-21,2.5,3.8,8.6,19.0,37.0,106.0,180.0
01379000,08-22,2.2,4.0,8.8,19.0,45.0,115.0,217.0
01379000,08-23,2.2,4.0,7.9,18.0,46.0,179.0,250.0
01379000,08-24,1.8,3.4,7.5,18.0,43.0,156.0,220.0
01379000,08-25,1.9,3.0,7.7,17.0,47.0,120.0,196.0
01379000,08-26,2.0,3.0,8.8,18.0,46.0,108.0,180.0
01379000,08-27,1.8,3.5,8.1,17.0,36.0,102.0,144.0
01379000,08-28,1.6,3.4,8.8,17.0,36.0,88.0,203.0
01379000,08-29,2.2,3.3,8.2,15.0,35.0,94.0,183.0
01379000,08-30,2.2,3.6,7.5,15.0,36.0,75.0,142.0
01379000,08-31,1.9,3.6,7.5,14.0,34.0,68.0,104.0
01379000,09-01,2.0,3.8,6.7,15.0,34.0,75.0,222.0
01379000,09-02,2.1,3.9,6.7,16.0,31.0,73.0,325.0
01379000,09-03,2.1,3.1,6.8,17.0,32.0,99.0,315.0
01379000,09-04,2.1,3.1,6.5,16.0,33.0,176.0,294.0
01379000,09-05,2.2,2.9,6.4,15.0,33.0,172.0,280.0
01379000,09-06,2.0,2.9,6.6,15.0,32.0,175.0,232.0
01379000,09-07,1.7,3.5,6.8,15.0,33.0,164.0,261.0
01379000,09-08,1.7,2.9,6.4,14.0,34.0,139.0,208.0
01379000,09-09,1.6,2.9,6.8,14.0,30.0,116.0,177.0
01379000,09-10,1.6,2.8,6.9,15.0,30.0,93.0,179.0
01379000,09-11,1.4,2.7,6.8,16.0,35.0,73.0,140.0
01379000,09-12,1.1,2.9,6.2,15.0,33.0,87.0,154.0
01379000,09-13,1.6,3.4,6.1,14.0,33.0,78.0,118.0
01379000,09-14,2.3,3.1,7.0,13.0,38.0,89.0,175.0
01379000,09-15,2.5,3.9,7.2,15.0,39.0,122.0,179.0
01379000,09-16,3.0,4.3,7.5,16.0,36.0,126.0,265.0
01379000,09-17,3.8,4.7,9.0,15.0,35.0,105.0,229.0
01379000,09-18,3.3,4.1,9.2,15.0,36.0,99.0,226.0
01379000,09-19,3.1,4.3,8.4,17.0,47.0,102.0,364.0
01379000,09-20,2.7,4.2,7.4,14.0,40.0,155.0,367.0
01379000,09-21,2.6,4.5,7.5,14.0,40.0,142.0,345.0
01379000,09-22,2.6,4.4,8.3,15.0,44.0,131.0,266.0
01379000,09-23,2.8,4.1,7.9,15.0,42.0,132.0,211.0
01379000,09-24,2.6,3.9,7.3,14.0,37.0,137.0,182.0
01379000,09-25,2.5,3.6,7.4,14.0,46.0,130.0,187.0
01379000,09-26,2.4,3.6,7.5,14.0,46.0,112.0,228.0
01379000,09-27,2.3,4.6,8.2,15.0,42.0,143.0,229.0
01379000,09-28,2.3,4.3,8.3,15.0,48.0,113.0,275.0
01379000,09-29,3.2,4.5,8.6,16.0,42.0,121.0,306.0
01379000,09-30,3.2,4.5,8.4,18.0,51.0,97.0,298.0
01379000,10-01,3.0,5.2,8.8,19.0,45.0,126.0,255.0
01379000,10-02,3.1,5.4,9.0,21.0,50.0,135.0,206.0
01379000,10-03,3.7,5.7,9.4,21.0,51.0,140.0,162.0
01379000,10-04,3.9,5.3,8.9,20.0,45.0,103.0,125.0
01379000,10-05,3.8,5.0,7.9,19.0,45.0,87.0,116.0
01379000,10-06,3.5,5.0,8.1,18.0,41.0,81.0,106.0
01379000,10-07,3.9,5.0,8.6,20.0,47.0,70.0,101.0
01379000,10-08,3.7,6.0,9.5,20.0,42.0,72.0,104.0
01379000,10-09,4.0,5.4,11.0,19.0,44.0,84.0,135.0
01379000,10-10,4.3,5.7,11.0,18.0,42.0,83.0,162.0
01379000,10-11,4.1,5.2,10.0,18.0,44.0,87.0,171.0
01379000,10-12,3.9,5.2,9.6,18.0,42.0,118.0,192.0
01379000,10-13,3.9,5.2,9.0,18.0,39.0,97.0,190.0
01379000,10-14,3.9,5.4,9.0,17.0,37.0,101.0,163.0
01379000,10-15,4.4,6.4,10.0,18.0,40.0,114.0,150.0
01379000,10-16,4.2,6.1,9.9,20.0,45.0,96.0,134.0
01379000,10-17,4.0,6.8,9.3,20.0,46.0,83.0,127.0
01379000,10-18,4.2,6.5,9.5,20.0,47.0,105.0,204.0
01379000,10-19,4.1,6.8,9.1,21.0,47.0,108.0,299.0
01379000,10-20,3.8,7.0,9.6,21.0,51.0,138.0,302.0
01379000,10-21,3.8,6.0,10.0,20.0,49.0,151.0,241.0
01379000,10-22,3.9,5.6,11.0,21.0,56.0,140.0,291.0
01379000,10-23,3.8,5.1,11.0,22.0,64.0,117.0,212.0
01379000,10-24,4.7,7.5,11.0,26.0,61.0,115.0,227.0
01379000,10-25,4.7,7.8,13.0,28.0,60.0,145.0,204.0
01379000,10-26,5.4,7.2,15.0,29.0,65.0,160.0,208.0
01379000,10-27,5.0,7.0,14.0,31.0,64.0,144.0,192.0
01379000,10-28,4.8,7.3,15.0,29.0,89.0,168.0,264.0
01379000,10-29,4.6,8.0,15.0,31.0,88.0,160.0,347.0
01379000,10-30,4.6,7.9,16.0,35.0,88.0,231.0,319.0
01379000,10-31,5.6,7.6,16.0,34.0,86.0,228.0,285.0
01379000,11-01,6.1,7.6,17.0,35.0,94.0,213.0,263.0
01379000,11-02,6.4,7.9,17.0,35.0,92.0,207.0,247.0
01379000,11-03,6.7,8.0,16.0,40.0,93.0,185.0,254.0
01379000,11-04,6.3,8.1,17.0,41.0,107.0,179.0,208.0
01379000,11-05,6.2,9.3,19.0,44.0,100.0,146.0,192.0
01379000,11-06,5.8,8.9,19.0,47.0,92.0,134.0,202.0
01379000,11-07,6.3,8.8,20.0,49.0,83.0,123.0,204.0
01379000,11-08,7.4,9.2,20.0,44.0,71.0,156.0,278.0
01379000,11-09,8.2,9.0,20.0,41.0,67.0,150.0,415.0
01379000,11-10,7.9,9.9,20.0,39.0,71.0,151.0,493.0
01379000,11-11,7.2,9.5,22.0,40.0,83.0,186.0,432.0
01379000,11-12,8.8,9.4,20.0,39.0,87.0,187.0,359.0
01379000,11-13,8.0,9.5,21.0,42.0,105.0,212.0,284.0
01379000,11-14,8.1,9.9,22.0,44.0,108.0,210.0,326.0
01379000,11-15,8.9,12.0,19.0,43.0,96.0,218.0,342.0
01379000,11-16,8.8,11.0,20.0,42.0,92.0,194.0,308.0
01379000,11-17,8.0,11.0,22.0,44.0,98.0,242.0,290.0
01379000,11-18,8.7,11.0,21.0,48.0,101.0,220.0,265.0
01379000,11-19,8.4,11.0,22.0,44.0,100.0,203.0,252.0
01379000,11-20,9.4,11.0,22.0,47.0,104.0,191.0,288.0
01379000,11-21,9.7,12.0,26.0,48.0,110.0,204.0,314.0
01379000,11-22,8.8,12.0,26.0,49.0,107.0,224.0,399.0
01379000,11-23,10.0,13.0,24.0,47.0,110.0,256.0,399.0
01379000,11-24,10.0,14.0,25.0,53.0,101.0,223.0,342.0
01379000,11-25,9.4,13.0,25.0,54.0,141.0,202.0,341.0
01379000,11-26,11.0,14.0,27.0,59.0,123.0,232.0,287.0
01379000,11-27,12.0,15.0,28.0,56.0,128.0,230.0,319.0
01379000,11-28,12.0,16.0,27.0,70.0,134.0,247.0,319.0
01379000,11-29,11.0,16.0,33.0,64.0,150.0,320.0,401.0
01379000,11-30,11.0,16.0,32.0,81.0,164.0,302.0,344.0
01379000,12-01,9.9,15.0,36.0,79.0,168.0,269.0,329.0
01379000,12-02,12.0,16.0,37.0,76.0,150.0,245.0,385.0
01379000,12-03,12.0,14.0,37.0,78.0,153.0,244.0,325.0
01379000,12-04,10.0,15.0,36.0,69.0,152.0,268.0,344.0
01379000,12-05,12.0,18.0,36.0,69.0,149.0,305.0,371.0
01379000,12-06,12.0,19.0,36.0,67.0,151.0,254.0,440.0
01379000,12-07,14.0,23.0,36.0,65.0,168.0,244.0,378.0
01379000,12-08,13.0,21.0,36.0,65.0,149.0,271.0,390.0
01379000,12-09,15.0,20.0,33.0,62.0,137.0,244.0,394.0
01379000,12-10,13.0,22.0,31.0,74.0,131.0,287.0,402.0
01379000,12-11,14.0,20.0,32.0,72.0,141.0,316.0,360.0
01379000,12-12,14.0,19.0,30.0,64.0,169.0,297.0,351.0
01379000,12-13,16.0,20.0,31.0,66.0,154.0,261.0,450.0
01379000,12-14,15.0,21.0,35.0,66.0,156.0,295.0,443.0
01379000,12-15,15.0,19.0,33.0,67.0,139.0,333.0,406.0
01379000,12-16,13.0,17.0,34.0,72.0,147.0,258.0,354.0
01379000,12-17,13.0,17.0,31.0,68.0,158.0,258.0,367.0
01379000,12-18,14.0,20.0,40.0,65.0,146.0,294.0,345.0
01379000,12-19,13.0,19.0,41.0,62.0,138.0,264.0,309.0
01379000,12-20,12.0,19.0,34.0,55.0,143.0,222.0,282.0
01379000,12-21,11.0,20.0,36.0,60.0,152.0,243.0,487.0
01379000,12-22,11.0,16.0,31.0,56.0,142.0,282.0,567.0
01379000,12-23,10.0,17.0,30.0,67.0,145.0,285.0,455.0
01379000,12-24,11.0,17.0,36.0,77.0,139.0,283.0,412.0
01379000,12-25,11.0,16.0,37.0,74.0,166.0,276.0,347.0
01379000,12-26,11.0,18.0,34.0,68.0,148.0,253.0,299.0
01379000,12-27,12.0,18.0,36.0,69.0,143.0,247.0,391.0
01379000,12-28,11.0,17.0,34.0,66.0,154.0,301.0,367.0
01379000,12-29,14.0,17.0,36.0,74.0,157.0,275.0,362.0
01379000,12-30,13.0,17.0,34.0,76.0,155.0,274.0,398.0
01379000,12-31,12.0,15.0,28.0,70.0,155.0,262.0,349.0
01379500,01-01,26.0,37.0,66.0,143.0,301.0,570.0,766.0
01379500,01-02,24.0,37.0,68.0,150.0,308.0,524.0,722.0
01379500,01-03,29.0,39.0,79.0,160.0,319.0,534.0,646.0
01379500,01-04,29.0,40.0,85.0,165.0,321.0,551.0,662.0
01379500,01-05,30.0,43.0,82.0,168.0,293.0,479.0,609.0
01379500,01-06,28.0,46.0,82.0,169.0,288.0,470.0,599.0
01379500,01-07,31.0,44.0,76.0,167.0,297.0,463.0,726.0
01379500,01-08,31.0,41.0,72.0,148.0,283.0,511.0,808.0
01379500,01-09,30.0,38.0,76.0,150.0,302.0,525.0,704.0
01379500,01-10,30.0,40.0,77.0,146.0,280.0,534.0,778.0
01379500,01-11,30.0,46.0,69.0,136.0,242.0,528.0,745.0
01379500,01-12,28.0,46.0,79.0,128.0,243.0,484.0,648.0
01379500,01-13,26.0,46.0,80.0,138.0,235.0,458.0,519.0
01379500,01-14,26.0,47.0,71.0,120.0,261.0,429.0,558.0
01379500,01-15,26.0,50.0,70.0,140.0,262.0,402.0,563.0
01379500,01-16,26.0,45.0,71.0,138.0,294.0,378.0,463.0
01379500,01-17,26.0,43.0,74.0,128.0,243.0,352.0,480.0
01379500,01-18,27.0,42.0,76.0,128.0,254.0,344.0,482.0
01379500,01-19,30.0,42.0,71.0,136.0,252.0,406.0,579.0
01379500,01-20,34.0,43.0,67.0,154.0,275.0,390.0,622.0
01379500,01-21,36.0,41.0,63.0,146.0,243.0,474.0,641.0
01379500,01-22,37.0,40.0,58.0,140.0,270.0,501.0,573.0
01379500,01-23,37.0,44.0,65.0,124.0,295.0,496.0,643.0
01379500,01-24,33.0,45.0,66.0,135.0,285.0,504.0,723.0
01379500,01-25,31.0,40.0,73.0,156.0,314.0,642.0,851.0
01379500,01-26,27.0,45.0,74.0,135.0,352.0,807.0,901.0
01379500,01-27,25.0,45.0,76.0,138.0,381.0,802.0,967.0
01379500,01-28,28.0,42.0,72.0,125.0,441.0,790.0,1000.0
01379500,01-29,29.0,44.0,68.0,115.0,381.0,739.0,984.0
01379500,01-30,32.0,46.0,68.0,121.0,325.0,686.0,895.0
01379500,01-31,27.0,45.0,70.0,130.0,298.0,555.0,799.0
01379500,02-01,25.0,43.0,70.0,145.0,260.0,442.0,599.0
01379500,02-02,26.0,44.0,67.0,145.0,259.0,400.0,513.0
01379500,02-03,28.0,41.0,72.0,146.0,267.0,467.0,611.0
01379500,02-04,28.0,42.0,70.0,150.0,281.0,474.0,659.0
01379500,02-05,35.0,44.0,70.0,140.0,268.0,455.0,825.0
01379500,02-06,36.0,48.0,66.0,150.0,241.0,421.0,693.0
01379500,02-07,40.0,48.0,69.0,145.0,273.0,481.0,668.0
01379500,02-08,40.0,45.0,72.0,150.0,297.0,534.0,697.0
01379500,02-09,37.0,43.0,69.0,152.0,285.0,477.0,601.0
01379500,02-10,38.0,44.0,69.0,136.0,281.0,470.0,558.0
01379500,02-11,41.0,49.0,73.0,133.0,284.0,447.0,568.0
01379500,02-12,45.0,50.0,81.0,150.0,270.0,408.0,479.0
01379500,02-13,42.0,48.0,81.0,152.0,260.0,407.0,568.0
01379500,02-14,37.0,45.0,84.0,160.0,250.0,407.0,638.0
01379500,02-15,39.0,44.0,90.0,162.0,247.0,439.0,690.0
01379500,02-16,41.0,52.0,93.0,161.0,280.0,481.0,648.0
01379500,02-17,45.0,58.0,96.0,157.0,308.0,493.0,604.0
01379500,02-18,46.0,55.0,96.0,180.0,322.0,481.0,601.0
01379500,02-19,51.0,64.0,94.0,180.0,327.0,534.0,600.0
01379500,02-20,51.0,63.0,108.0,194.0,315.0,570.0,618.0
01379500,02-21,49.0,66.0,99.0,192.0,333.0,529.0,677.0
01379500,02-22,55.0,70.0,102.0,191.0,325.0,522.0,693.0
01379500,02-23,53.0,66.0,104.0,189.0,354.0,578.0,673.0
01379500,02-24,51.0,73.0,108.0,193.0,393.0,610.0,764.0
01379500,02-25,60.0,73.0,104.0,197.0,416.0,660.0,804.0
01379500,02-26,54.0,72.0,111.0,184.0,431.0,623.0,903.0
01379500,02-27,48.0,71.0,107.0,180.0,410.0,695.0,953.0
01379500,02-28,49.0,68.0,101.0,180.0,369.0,690.0,924.0
01379500,02-29,53.0,72.0,119.0,247.0,372.0,669.0,1150.0
01379500,03-01,55.0,66.0,99.0,217.0,406.0,736.0,1060.0
01379500,03-02,58.0,67.0,110.0,192.0,399.0,757.0,1060.0
01379500,03-03,65.0,76.0,110.0,184.0,426.0,756.0,980.0
01379500,03-04,74.0,84.0,118.0,216.0,433.0,753.0,968.0
01379500,03-05,75.0,90.0,142.0,212.0,466.0,664.0,899.0
01379500,03-06,72.0,88.0,130.0,240.0,495.0,718.0,820.0
01379500,03-07,75.0,91.0,130.0,277.0,478.0,708.0,955.0
01379500,03-08,68.0,85.0,123.0,305.0,451.0,747.0,992.0
01379500,03-09,72.0,90.0,138.0,262.0,422.0,777.0,979.0
01379500,03-10,75.0,93.0,141.0,247.0,423.0,777.0,1050.0
01379500,03-11,80.0,91.0,140.0,235.0,416.0,671.0,968.0
01379500,03-12,75.0,94.0,144.0,214.0,376.0,689.0,915.0
01379500,03-13,83.0,96.0,154.0,246.0,378.0,646.0,940.0
01379500,03-14,85.0,101.0,148.0,232.0,442.0,695.0,964.0
01379500,03-15,81.0,98.0,146.0,244.0,456.0,737.0,952.0
01379500,03-16,81.0,94.0,147.0,256.0,436.0,782.0,1000.0
01379500,03-17,77.0,85.0,132.0,254.0,474.0,658.0,1000.0
01379500,03-18,72.0,95.0,132.0,268.0,457.0,669.0,906.0
01379500,03-19,67.0,92.0,154.0,273.0,397.0,706.0,804.0
01379500,03-20,65.0,87.0,158.0,265.0,452.0,629.0,815.0
01379500,03-21,60.0,83.0,154.0,260.0,432.0,594.0,827.0
01379500,03-22,55.0,77.0,161.0,274.0,433.0,712.0,914.0
01379500,03-23,53.0,74.0,153.0,301.0,475.0,738.0,1000.0
01379500,03-24,52.0,74.0,140.0,282.0,490.0,797.0,960.0
01379500,03-25,50.0,73.0,137.0,257.0,507.0,870.0,1000.0
01379500,03-26,52.0,86.0,132.0,254.0,464.0,812.0,1010.0
01379500,03-27,60.0,94.0,140.0,226.0,440.0,705.0,884.0
01379500,03-28,58.0,87.0,132.0,218.0,402.0,645.0,846.0
01379500,03-29,56.0,91.0,120.0,203.0,389.0,566.0,814.0
01379500,03-30,57.0,87.0,117.0,201.0,370.0,574.0,999.0
01379500,03-31,65.0,85.0,117.0,210.0,369.0,625.0,909.0
01379500,04-01,77.0,89.0,130.0,206.0,402.0,772.0,842.0
01379500,04-02,72.0,96.0,128.0,193.0,439.0,831.0,941.0
01379500,04-03,68.0,90.0,124.0,210.0,487.0,761.0,922.0
01379500,04-04,62.0,77.0,115.0,211.0,496.0,797.0,870.0
01379500,04-05,60.0,77.0,109.0,214.0,414.0,755.0,995.0
01379500,04-06,60.0,71.0,104.0,208.0,421.0,789.0,996.0
01379500,04-07,57.0,66.0,99.0,207.0,430.0,786.0,965.0
01379500,04-08,60.0,63.0,102.0,186.0,403.0,783.0,911.0
01379500,04-09,49.0,65.0,101.0,192.0,549.0,759.0,952.0
01379500,04-10,53.0,67.0,111.0,197.0,458.0,823.0,953.0
01379500,04-11,51.0,64.0,105.0,179.0,385.0,718.0,889.0
01379500,04-12,50.0,62.0,99.0,181.0,335.0,620.0,791.0
01379500,04-13,47.0,59.0,101.0,181.0,349.0,531.0,692.0
01379500,04-14,45.0,58.0,91.0,167.0,346.0,524.0,681.0
01379500,04-15,48.0,60.0,96.0,169.0,353.0,607.0,864.0
01379500,04-16,47.0,60.0,102.0,159.0,425.0,615.0,918.0
01379500,04-17,45.0,60.0,98.0,160.0,366.0,690.0,1030.0
01379500,04-18,42.0,60.0,94.0,182.0,331.0,676.0,884.0
01379500,04-19,42.0,59.0,86.0,177.0,353.0,524.0,784.0
01379500,04-20,46.0,58.0,88.0,168.0,307.0,490.0,711.0
01379500,04-21,43.0,57.0,84.0,157.0,279.0,470.0,700.0
01379500,04-22,45.0,55.0,87.0,143.0,261.0,507.0,654.0
01379500,04-23,45.0,53.0,86.0,132.0,298.0,474.0,537.0
01379500,04-24,45.0,60.0,92.0,127.0,270.0,439.0,526.0
01379500,04-25,53.0,61.0,98.0,129.0,247.0,392.0,517.0
01379500,04-26,51.0,60.0,95.0,146.0,252.0,385.0,577.0
01379500,04-27,45.0,67.0,94.0,153.0,239.0,474.0,541.0
01379500,04-28,40.0,62.0,99.0,151.0,244.0,497.0,573.0
01379500,04-29,44.0,59.0,93.0,133.0,268.0,437.0,651.0
01379500,04-30,48.0,60.0,86.0,124.0,279.0,435.0,678.0
01379500,05-01,45.0,57.0,88.0,131.0,236.0,475.0,633.0
01379500,05-02,42.0,56.0,81.0,126.0,235.0,474.0,678.0
01379500,05-03,43.0,57.0,83.0,120.0,229.0,407.0,653.0
01379500,05-04,38.0,58.0,80.0,136.0,232.0,484.0,615.0
01379500,05-05,37.0,52.0,81.0,125.0,228.0,476.0,548.0
01379500,05-06,42.0,48.0,74.0,123.0,229.0,413.0,570.0
01379500,05-07,36.0,46.0,74.0,114.0,231.0,431.0,631.0
01379500,05-08,36.0,46.0,71.0,111.0,227.0,454.0,645.0
01379500,05-09,32.0,43.0,75.0,117.0,247.0,433.0,625.0
01379500,05-10,34.0,44.0,66.0,112.0,220.0,458.0,577.0
01379500,05-11,31.0,45.0,70.0,99.0,198.0,453.0,578.0
01379500,05-12,34.0,47.0,73.0,115.0,225.0,423.0,618.0
01379500,05-13,31.0,44.0,65.0,117.0,245.0,483.0,630.0
01379500,05-14,30.0,43.0,62.0,112.0,261.0,465.0,801.0
01379500,05-15,28.0,40.0,65.0,104.0,222.0,556.0,645.0
01379500,05-16,25.0,37.0,62.0,101.0,224.0,526.0,672.0
01379500,05-17,24.0,36.0,59.0,101.0,225.0,525.0,726.0
01379500,05-18,22.0,37.0,61.0,113.0,216.0,557.0,747.0
01379500,05-19,21.0,39.0,59.0,111.0,196.0,525.0,761.0
01379500,05-20,20.0,41.0,57.0,113.0,191.0,521.0,675.0
01379500,05-21,20.0,40.0,59.0,113.0,221.0,424.0,611.0
01379500,05-22,22.0,41.0,60.0,105.0,208.0,419.0,536.0
01379500,05-23,19.0,39.0,59.0,99.0,213.0,370.0,480.0
01379500,05-24,22.0,39.0,57.0,90.0,213.0,391.0,491.0
01379500,05-25,25.0,34.0,56.0,90.0,192.0,318.0,484.0
01379500,05-26,17.0,31.0,52.0,88.0,183.0,320.0,615.0
01379500,05-27,17.0,29.0,50.0,84.0,176.0,316.0,654.0
01379500,05-28,17.0,26.0,48.0,79.0,169.0,346.0,622.0
01379500,05-29,18.0,23.0,45.0,78.0,212.0,445.0,675.0
01379500,05-30,17.0,21.0,45.0,68.0,221.0,439.0,715.0
01379500,05-31,16.0,26.0,47.0,70.0,204.0,401.0,694.0
01379500,06-01,19.0,25.0,46.0,80.0,187.0,463.0,699.0
01379500,06-02,21.0,26.0,45.0,81.0,179.0,510.0,688.0
01379500,06-03,22.0,31.0,46.0,81.0,231.0,523.0,759.0
01379500,06-04,21.0,31.0,42.0,82.0,209.0,481.0,902.0
01379500,06-05,22.0,27.0,41.0,80.0,192.0,494.0,728.0
01379500,06-06,22.0,29.0,41.0,82.0,179.0,453.0,562.0
01379500,06-07,21.0,30.0,39.0,84.0,162.0,339.0,619.0
01379500,06-08,21.0,28.0,40.0,72.0,152.0,271.0,501.0
01379500,06-09,21.0,28.0,42.0,65.0,132.0,275.0,422.0
01379500,06-10,20.0,24.0,36.0,60.0,113.0,285.0,451.0
01379500,06-11,20.0,24.0,36.0,60.0,111.0,218.0,458.0
01379500,06-12,20.0,23.0,35.0,61.0,137.0,270.0,376.0
01379500,06-13,20.0,25.0,36.0,53.0,157.0,284.0,544.0
01379500,06-14,21.0,26.0,38.0,66.0,134.0,309.0,642.0
01379500,06-15,22.0,27.0,37.0,63.0,133.0,295.0,661.0
01379500,06-16,18.0,24.0,38.0,59.0,126.0,293.0,550.0
01379500,06-17,18.0,23.0,34.0,56.0,133.0,336.0,437.0
01379500,06-18,17.0,20.0,32.0,52.0,107.0,310.0,363.0
01379500,06-19,16.0,18.0,31.0,54.0,124.0,337.0,407.0
01379500,06-20,15.0,21.0,31.0,55.0,125.0,312.0,389.0
01379500,06-21,14.0,20.0,32.0,53.0,116.0,251.0,424.0
01379500,06-22,13.0,18.0,36.0,52.0,104.0,233.0,394.0
01379500,06-23,14.0,18.0,35.0,52.0,94.0,233.0,368.0
01379500,06-24,13.0,18.0,33.0,50.0,89.0,206.0,374.0
01379500,06-25,13.0,20.0,32.0,54.0,87.0,227.0,394.0
01379500,06-26,11.0,18.0,30.0,49.0,91.0,200.0,332.0
01379500,06-27,11.0,17.0,32.0,48.0,83.0,190.0,290.0
01379500,06-28,11.0,15.0,30.0,46.0,79.0,180.0,395.0
01379500,06-29,11.0,15.0,29.0,44.0,88.0,231.0,393.0
01379500,06-30,12.0,17.0,28.0,48.0,86.0,226.0,442.0
01379500,07-01,12.0,17.0,28.0,44.0,95.0,227.0,454.0
01379500,07-02,11.0,17.0,28.0,44.0,94.0,213.0,359.0
01379500,07-03,11.0,16.0,26.0,45.0,88.0,177.0,320.0
01379500,07-04,9.3,14.0,24.0,43.0,78.0,167.0,350.0
01379500,07-05,9.2,13.0,23.0,41.0,88.0,185.0,273.0
01379500,07-06,8.9,12.0,20.0,45.0,80.0,162.0,236.0
01379500,07-07,8.9,12.0,20.0,46.0,70.0,127.0,192.0
01379500,07-08,8.9,13.0,23.0,45.0,68.0,129.0,195.0
01379500,07-09,8.8,13.0,24.0,41.0,73.0,178.0,262.0
01379500,07-10,9.1,13.0,23.0,37.0,78.0,152.0,230.0
01379500,07-11,9.2,12.0,23.0,36.0,83.0,132.0,292.0
01379500,07-12,9.0,12.0,22.0,36.0,76.0,199.0,317.0
01379500,07-13,8.6,11.0,20.0,37.0,78.0,247.0,345.0
01379500,07-14,8.6,12.0,20.0,39.0,80.0,255.0,498.0
01379500,07-15,8.5,12.0,22.0,37.0,84.0,229.0,456.0
01379500,07-16,7.7,9.6,19.0,35.0,85.0,207.0,359.0
01379500,07-17,7.3,9.8,18.0,34.0,73.0,186.0,307.0
01379500,07-18,8.0,13.0,20.0,39.0,76.0,188.0,351.0
01379500,07-19,9.0,12.0,20.0,38.0,65.0,185.0,336.0
01379500,07-20,7.3,12.0,22.0,38.0,65.0,175.0,258.0
01379500,07-21,6.9,13.0,22.0,35.0,74.0,181.0,313.0
01379500,07-22,6.5,13.0,24.0,38.0,89.0,141.0,428.0
01379500,07-23,6.0,12.0,23.0,43.0,94.0,258.0,512.0
01379500,07-24,5.4,11.0,23.0,39.0,101.0,360.0,459.0
01379500,07-25,5.2,9.6,22.0,40.0,95.0,318.0,738.0
01379500,07-26,5.1,9.2,21.0,37.0,106.0,260.0,649.0
01379500,07-27,6.6,11.0,20.0,40.0,133.0,317.0,624.0
01379500,07-28,8.2,11.0,20.0,38.0,117.0,368.0,704.0
01379500,07-29,7.0,11.0,22.0,45.0,92.0,278.0,548.0
01379500,07-30,6.5,12.0,23.0,48.0,102.0,255.0,551.0
01379500,07-31,6.9,11.0,22.0,47.0,107.0,275.0,440.0
01379500,08-01,6.8,12.0,20.0,44.0,108.0,267.0,390.0
01379500,08-02,6.5,12.0,21.0,44.0,121.0,220.0,412.0
01379500,08-03,10.0,13.0,23.0,41.0,104.0,218.0,467.0
01379500,08-04,9.0,13.0,21.0,39.0,85.0,286.0,448.0
01379500,08-05,8.2,14.0,20.0,42.0,86.0,346.0,479.0
01379500,08-06,8.2,12.0,20.0,37.0,89.0,365.0,462.0
01379500,08-07,8.1,12.0,20.0,37.0,96.0,351.0,592.0
01379500,08-08,7.7,12.0,20.0,39.0,106.0,290.0,432.0
01379500,08-09,9.1,12.0,20.0,37.0,117.0,314.0,412.0
01379500,08-10,7.7,11.0,22.0,36.0,120.0,267.0,415.0
01379500,08-11,7.6,12.0,21.0,44.0,104.0,320.0,516.0
01379500,08-12,8.0,12.0,18.0,45.0,103.0,288.0,529.0
01379500,08-13,7.6,9.8,17.0,41.0,117.0,300.0,623.0
01379500,08-14,7.6,9.8,18.0,40.0,97.0,312.0,568.0
01379500,08-15,8.0,10.0,17.0,38.0,79.0,215.0,486.0
01379500,08-16,7.4,12.0,20.0,34.0,69.0,274.0,669.0
01379500,08-17,8.2,12.0,20.0,39.0,92.0,265.0,579.0
01379500,08-18,8.2,12.0,18.0,35.0,84.0,284.0,525.0
01379500,08-19,9.2,12.0,20.0,38.0,83.0,234.0,537.0
01379500,08-20,8.0,12.0,20.0,41.0,75.0,169.0,436.0
01379500,08-21,7.2,9.9,20.0,40.0,68.0,204.0,393.0
01379500,08-22,7.3,12.0,20.0,42.0,90.0,307.0,383.0
01379500,08-23,7.9,11.0,20.0,36.0,91.0,288.0,418.0
01379500,08-24,7.4,9.0,18.0,38.0,79.0,257.0,411.0
01379500,08-25,7.0,11.0,18.0,44.0,83.0,240.0,361.0
01379500,08-26,6.4,12.0,19.0,37.0,95.0,215.0,320.0
01379500,08-27,6.5,12.0,21.0,35.0,83.0,190.0,283.0
01379500,08-28,6.1,12.0,21.0,35.0,80.0,154.0,249.0
01379500,08-29,6.4,12.0,21.0,35.0,69.0,139.0,235.0
01379500,08-30,5.7,11.0,19.0,30.0,67.0,154.0,335.0
01379500,08-31,5.4,12.0,20.0,29.0,62.0,122.0,237.0
01379500,09-01,5.7,13.0,20.0,29.0,59.0,118.0,322.0
01379500,09-02,5.4,11.0,20.0,31.0,62.0,192.0,439.0
01379500,09-03,5.4,10.0,18.0,32.0,56.0,173.0,486.0
01379500,09-04,7.1,9.8,17.0,31.0,53.0,258.0,710.0
01379500,09-05,7.1,10.0,17.0,31.0,53.0,234.0,629.0
01379500,09-06,8.9,10.0,16.0,32.0,48.0,327.0,605.0
01379500,09-07,6.4,8.8,16.0,30.0,52.0,311.0,521.0
01379500,09-08,5.9,9.1,15.0,27.0,60.0,235.0,402.0
01379500,09-09,6.3,8.2,15.0,26.0,51.0,191.0,351.0
01379500,09-10,6.5,8.4,16.0,29.0,53.0,134.0,296.0
01379500,09-11,6.4,8.8,18.0,31.0,62.0,122.0,269.0
01379500,09-12,6.1,8.4,17.0,29.0,57.0,163.0,340.0
01379500,09-13,7.0,9.1,17.0,28.0,58.0,165.0,300.0
01379500,09-14,6.1,8.9,18.0,30.0,66.0,151.0,347.0
01379500,09-15,6.1,8.6,19.0,30.0,75.0,196.0,449.0
01379500,09-16,6.1,9.6,19.0,31.0,64.0,219.0,379.0
01379500,09-17,7.0,12.0,18.0,33.0,70.0,188.0,448.0
01379500,09-18,6.5,12.0,20.0,33.0,65.0,236.0,485.0
01379500,09-19,6.1,8.5,19.0,30.0,68.0,253.0,673.0
01379500,09-20,6.8,8.0,19.0,27.0,73.0,228.0,804.0
01379500,09-21,6.8,8.8,20.0,28.0,76.0,235.0,802.0
01379500,09-22,6.8,8.0,19.0,32.0,77.0,398.0,621.0
01379500,09-23,6.9,11.0,18.0,32.0,77.0,332.0,507.0
01379500,09-24,7.2,9.1,18.0,31.0,84.0,284.0,478.0
01379500,09-25,6.8,9.2,17.0,31.0,72.0,299.0,400.0
01379500,09-26,6.4,8.5,17.0,30.0,106.0,272.0,479.0
01379500,09-27,5.6,8.1,18.0,35.0,101.0,249.0,444.0
01379500,09-28,5.3,8.1,18.0,40.0,101.0,229.0,577.0
01379500,09-29,5.7,11.0,20.0,41.0,101.0,319.0,607.0
01379500,09-30,8.4,12.0,20.0,44.0,91.0,233.0,591.0
01379500,10-01,9.0,13.0,21.0,38.0,81.0,248.0,533.0
01379500,10-02,9.3,13.0,21.0,39.0,81.0,255.0,429.0
01379500,10-03,11.0,13.0,22.0,37.0,76.0,234.0,343.0
01379500,10-04,9.7,12.0,23.0,36.0,70.0,223.0,272.0
01379500,10-05,9.0,11.0,22.0,36.0,67.0,193.0,246.0
01379500,10-06,9.0,12.0,20.0,32.0,61.0,173.0,221.0
01379500,10-07,8.2,13.0,20.0,35.0,62.0,141.0,190.0
01379500,10-08,8.0,12.0,19.0,34.0,72.0,134.0,176.0
01379500,10-09,7.3,10.0,21.0,33.0,86.0,186.0,392.0
01379500,10-10,7.9,11.0,20.0,33.0,76.0,173.0,359.0
01379500,10-11,8.0,11.0,19.0,32.0,77.0,169.0,407.0
01379500,10-12,7.7,10.0,20.0,32.0,76.0,203.0,379.0
01379500,10-13,5.8,8.1,20.0,32.0,68.0,237.0,420.0
01379500,10-14,6.1,8.0,20.0,31.0,72.0,231.0,407.0
01379500,10-15,6.2,8.0,20.0,33.0,76.0,203.0,362.0
01379500,10-16,6.6,8.0,19.0,37.0,80.0,196.0,315.0
01379500,10-17,6.6,8.1,18.0,32.0,79.0,178.0,410.0
01379500,10-18,7.4,8.1,18.0,31.0,82.0,211.0,388.0
01379500,10-19,7.4,8.1,17.0,39.0,81.0,244.0,490.0
01379500,10-20,7.0,11.0,18.0,39.0,92.0,275.0,520.0
01379500,10-21,8.0,12.0,18.0,38.0,98.0,307.0,448.0
01379500,10-22,7.7,12.0,21.0,38.0,102.0,291.0,517.0
01379500,10-23,7.4,12.0,20.0,40.0,125.0,298.0,482.0
01379500,10-24,7.7,12.0,20.0,41.0,120.0,250.0,420.0
01379500,10-25,8.0,11.0,24.0,51.0,118.0,297.0,424.0
01379500,10-26,8.5,12.0,25.0,52.0,122.0,234.0,394.0
01379500,10-27,8.0,12.0,23.0,56.0,134.0,291.0,388.0
01379500,10-28,12.0,14.0,26.0,55.0,144.0,356.0,550.0
01379500,10-29,12.0,14.0,28.0,64.0,163.0,363.0,624.0
01379500,10-30,10.0,16.0,30.0,61.0,200.0,494.0,634.0
01379500,10-31,10.0,15.0,30.0,59.0,168.0,441.0,555.0
01379500,11-01,11.0,16.0,30.0,70.0,169.0,380.0,482.0
01379500,11-02,11.0,15.0,29.0,71.0,160.0,391.0,444.0
01379500,11-03,12.0,15.0,28.0,70.0,166.0,372.0,486.0
01379500,11-04,12.0,16.0,32.0,71.0,202.0,346.0,426.0
01379500,11-05,12.0,15.0,32.0,81.0,212.0,291.0,396.0
01379500,11-06,11.0,17.0,31.0,80.0,178.0,275.0,337.0
01379500,11-07,9.8,18.0,34.0,82.0,149.0,241.0,439.0
01379500,11-08,9.9,18.0,33.0,78.0,128.0,315.0,715.0
01379500,11-09,11.0,18.0,32.0,68.0,115.0,312.0,872.0
01379500,11-10,12.0,18.0,36.0,67.0,124.0,431.0,784.0
01379500,11-11,11.0,18.0,43.0,65.0,164.0,429.0,788.0
01379500,11-12,12.0,18.0,45.0,67.0,145.0,436.0,702.0
01379500,11-13,12.0,17.0,41.0,70.0,202.0,490.0,612.0
01379500,11-14,12.0,18.0,35.0,73.0,196.0,435.0,581.0
01379500,11-15,13.0,20.0,38.0,78.0,181.0,398.0,652.0
01379500,11-16,15.0,20.0,35.0,73.0,168.0,420.0,627.0
01379500,11-17,15.0,21.0,40.0,80.0,164.0,439.0,573.0
01379500,11-18,14.0,20.0,38.0,78.0,167.0,438.0,549.0
01379500,11-19,14.0,20.0,42.0,81.0,180.0,350.0,509.0
01379500,11-20,15.0,21.0,42.0,85.0,194.0,364.0,495.0
01379500,11-21,14.0,22.0,45.0,82.0,175.0,411.0,604.0
01379500,11-22,14.0,21.0,46.0,90.0,214.0,489.0,604.0
01379500,11-23,13.0,23.0,46.0,81.0,222.0,480.0,634.0
01379500,11-24,12.0,23.0,46.0,100.0,210.0,416.0,671.0
01379500,11-25,19.0,24.0,46.0,99.0,236.0,496.0,628.0
01379500,11-26,17.0,30.0,48.0,105.0,240.0,498.0,590.0
01379500,11-27,20.0,33.0,52.0,100.0,255.0,474.0,630.0
01379500,11-28,20.0,33.0,56.0,127.0,267.0,478.0,610.0
01379500,11-29,21.0,31.0,56.0,126.0,298.0,536.0,654.0
01379500,11-30,20.0,31.0,60.0,146.0,341.0,545.0,687.0
01379500,12-01,18.0,28.0,59.0,135.0,367.0,509.0,658.0
01379500,12-02,18.0,21.0,61.0,124.0,320.0,486.0,711.0
01379500,12-03,16.0,26.0,59.0,119.0,279.0,480.0,658.0
01379500,12-04,18.0,26.0,62.0,120.0,278.0,518.0,606.0
01379500,12-05,15.0,26.0,59.0,119.0,268.0,520.0,710.0
01379500,12-06,17.0,25.0,58.0,116.0,273.0,521.0,704.0
01379500,12-07,20.0,26.0,55.0,117.0,297.0,512.0,712.0
01379500,12-08,20.0,29.0,61.0,134.0,275.0,526.0,689.0
01379500,12-09,17.0,27.0,58.0,124.0,295.0,542.0,658.0
01379500,12-10,20.0,31.0,60.0,140.0,282.0,548.0,704.0
01379500,12-11,20.0,29.0,61.0,142.0,314.0,592.0,683.0
01379500,12-12,20.0,30.0,64.0,138.0,303.0,563.0,703.0
01379500,12-13,26.0,38.0,68.0,121.0,285.0,525.0,841.0
01379500,12-14,26.0,40.0,70.0,128.0,334.0,619.0,846.0
01379500,12-15,26.0,40.0,60.0,134.0,309.0,662.0,815.0
01379500,12-16,30.0,40.0,58.0,143.0,339.0,636.0,771.0
01379500,12-17,29.0,37.0,61.0,138.0,350.0,574.0,758.0
01379500,12-18,25.0,36.0,74.0,141.0,327.0,587.0,725.0
01379500,12-19,25.0,34.0,74.0,139.0,285.0,528.0,657.0
01379500,12-20,26.0,35.0,64.0,115.0,282.0,450.0,556.0
01379500,12-21,24.0,41.0,72.0,110.0,300.0,488.0,852.0
01379500,12-22,27.0,40.0,65.0,111.0,280.0,522.0,922.0
01379500,12-23,26.0,36.0,64.0,138.0,269.0,586.0,911.0
01379500,12-24,27.0,35.0,70.0,145.0,271.0,721.0,802.0
01379500,12-25,31.0,40.0,73.0,138.0,314.0,603.0,745.0
01379500,12-26,30.0,38.0,69.0,135.0,371.0,612.0,694.0
01379500,12-27,31.0,45.0,75.0,128.0,337.0,611.0,688.0
01379500,12-28,27.0,40.0,70.0,115.0,331.0,547.0,674.0
01379500,12-29,27.0,40.0,67.0,121.0,303.0,544.0,675.0
01379500,12-30,31.0,38.0,63.0,154.0,311.0,588.0,719.0
01379500,12-31,30.0,37.0,56.0,131.0,321.0,555.0,671.0
01380450,01-01,67.0,80.0,123.0,212.0,378.0,507.0,677.0
01380450,01-02,68.0,74.0,117.0,234.0,381.0,577.0,800.0
01380450,01-03,69.0,77.0,123.0,225.0,362.0,505.0,736.0
01380450,01-04,72.0,76.0,140.0,215.0,344.0,561.0,651.0
01380450,01-05,68.0,86.0,129.0,210.0,352.0,489.0,618.0
01380450,01-06,81.0,87.0,137.0,196.0,319.0,485.0,574.0
01380450,01-07,76.0,89.0,126.0,223.0,303.0,479.0,563.0
01380450,01-08,72.0,84.0,119.0,203.0,323.0,516.0,652.0
01380450,01-09,72.0,84.0,126.0,200.0,324.0,502.0,685.0
01380450,01-10,69.0,84.0,119.0,212.0,314.0,489.0,749.0
01380450,01-11,74.0,85.0,119.0,202.0,325.0,527.0,620.0
01380450,01-12,74.0,86.0,116.0,197.0,328.0,513.0,615.0
01380450,01-13,74.0,88.0,118.0,202.0,316.0,439.0,562.0
01380450,01-14,71.0,84.0,118.0,186.0,297.0,460.0,624.0
01380450,01-15,71.0,83.0,117.0,189.0,320.0,453.0,651.0
01380450,01-16,71.0,81.0,114.0,214.0,319.0,381.0,552.0
01380450,01-17,70.0,77.0,117.0,200.0,290.0,360.0,473.0
01380450,01-18,69.0,82.0,130.0,187.0,271.0,357.0,475.0
01380450,01-19,71.0,82.0,138.0,182.0,270.0,410.0,587.0
01380450,01-20,65.0,85.0,134.0,207.0,291.0,466.0,541.0
01380450,01-21,70.0,89.0,123.0,199.0,278.0,437.0,585.0
01380450,01-22,67.0,90.0,135.0,181.0,279.0,482.0,592.0
01380450,01-23,69.0,84.0,131.0,184.0,298.0,556.0,784.0
01380450,01-24,70.0,80.0,131.0,191.0,376.0,681.0,774.0
01380450,01-25,73.0,85.0,134.0,197.0,425.0,767.0,1330.0
01380450,01-26,76.0,82.0,132.0,191.0,455.0,973.0,1280.0
01380450,01-27,69.0,86.0,131.0,178.0,423.0,922.0,1210.0
01380450,01-28,67.0,77.0,130.0,171.0,406.0,787.0,981.0
01380450,01-29,62.0,76.0,122.0,168.0,394.0,730.0,905.0
01380450,01-30,62.0,79.0,121.0,192.0,377.0,579.0,680.0
01380450,01-31,63.0,87.0,121.0,184.0,364.0,516.0,614.0
01380450,02-01,66.0,81.0,114.0,200.0,331.0,483.0,551.0
01380450,02-02,66.0,80.0,119.0,190.0,328.0,474.0,590.0
01380450,02-03,61.0,75.0,135.0,207.0,351.0,512.0,649.0
01380450,02-04,61.0,70.0,123.0,221.0,353.0,606.0,871.0
01380450,02-05,58.0,87.0,126.0,217.0,326.0,520.0,782.0
01380450,02-06,59.0,92.0,120.0,216.0,326.0,472.0,575.0
01380450,02-07,56.0,90.0,119.0,210.0,344.0,478.0,583.0
01380450,02-08,53.0,92.0,123.0,211.0,354.0,485.0,704.0
01380450,02-09,57.0,85.0,120.0,226.0,305.0,388.0,493.0
01380450,02-10,58.0,79.0,120.0,215.0,300.0,369.0,469.0
01380450,02-11,71.0,85.0,130.0,210.0,302.0,390.0,499.0
01380450,02-12,76.0,87.0,137.0,204.0,281.0,378.0,486.0
01380450,02-13,74.0,90.0,138.0,230.0,290.0,402.0,478.0
01380450,02-14,85.0,92.0,140.0,224.0,289.0,405.0,778.0
01380450,02-15,82.0,99.0,137.0,211.0,301.0,459.0,678.0
01380450,02-16,84.0,99.0,159.0,217.0,330.0,448.0,585.0
01380450,02-17,90.0,104.0,160.0,213.0,325.0,525.0,615.0
01380450,02-18,88.0,103.0,151.0,226.0,323.0,454.0,601.0
01380450,02-19,85.0,110.0,150.0,217.0,312.0,473.0,562.0
01380450,02-20,89.0,105.0,150.0,228.0,303.0,501.0,632.0
01380450,02-21,86.0,115.0,148.0,218.0,333.0,507.0,572.0
01380450,02-22,94.0,113.0,150.0,218.0,344.0,564.0,598.0
01380450,02-23,98.0,111.0,153.0,226.0,357.0,550.0,598.0
01380450,02-24,109.0,118.0,161.0,225.0,382.0,561.0,709.0
01380450,02-25,105.0,120.0,161.0,236.0,372.0,629.0,860.0
01380450,02-26,103.0,115.0,163.0,240.0,389.0,563.0,882.0
01380450,02-27,99.0,113.0,154.0,235.0,401.0,576.0,814.0
01380450,02-28,93.0,112.0,149.0,227.0,393.0,596.0,756.0
01380450,02-29,99.0,110.0,164.0,297.0,418.0,525.0,547.0
01380450,03-01,84.0,115.0,157.0,245.0,399.0,559.0,761.0
01380450,03-02,87.0,123.0,157.0,240.0,384.0,651.0,821.0
01380450,03-03,99.0,125.0,170.0,235.0,366.0,606.0,753.0
01380450,03-04,116.0,120.0,178.0,255.0,418.0,658.0,775.0
01380450,03-05,119.0,131.0,194.0,290.0,401.0,619.0,733.0
01380450,03-06,123.0,137.0,202.0,283.0,438.0,618.0,863.0
01380450,03-07,125.0,144.0,208.0,283.0,458.0,725.0,984.0
01380450,03-08,128.0,137.0,206.0,293.0,441.0,626.0,1010.0
01380450,03-09,132.0,146.0,200.0,297.0,406.0,632.0,948.0
01380450,03-10,130.0,159.0,195.0,294.0,397.0,671.0,773.0
01380450,03-11,129.0,158.0,206.0,288.0,402.0,605.0,1000.0
01380450,03-12,124.0,154.0,214.0,290.0,422.0,655.0,826.0
01380450,03-13,118.0,157.0,221.0,303.0,503.0,719.0,1000.0
01380450,03-14,117.0,147.0,223.0,336.0,471.0,764.0,1070.0
01380450,03-15,130.0,147.0,230.0,339.0,505.0,733.0,977.0
01380450,03-16,126.0,134.0,237.0,340.0,464.0,743.0,894.0
01380450,03-17,127.0,142.0,248.0,327.0,534.0,715.0,815.0
01380450,03-18,122.0,143.0,234.0,342.0,544.0,644.0,725.0
01380450,03-19,123.0,148.0,223.0,331.0,479.0,588.0,709.0
01380450,03-20,131.0,173.0,225.0,351.0,469.0,747.0,851.0
01380450,03-21,123.0,184.0,238.0,357.0,494.0,631.0,844.0
01380450,03-22,113.0,182.0,250.0,337.0,535.0,861.0,1150.0
01380450,03-23,107.0,169.0,232.0,346.0,549.0,851.0,1250.0
01380450,03-24,108.0,151.0,225.0,353.0,552.0,877.0,1070.0
01380450,03-25,107.0,148.0,227.0,357.0,533.0,838.0,995.0
01380450,03-26,105.0,165.0,240.0,340.0,483.0,720.0,933.0
01380450,03-27,100.0,156.0,236.0,349.0,501.0,674.0,900.0
01380450,03-28,108.0,147.0,228.0,321.0,478.0,701.0,958.0
01380450,03-29,111.0,140.0,222.0,318.0,505.0,628.0,1300.0
01380450,03-30,106.0,150.0,216.0,313.0,491.0,811.0,1240.0
01380450,03-31,118.0,153.0,212.0,327.0,537.0,902.0,1110.0
01380450,04-01,121.0,145.0,227.0,353.0,566.0,867.0,1030.0
01380450,04-02,129.0,151.0,241.0,352.0,626.0,830.0,1040.0
01380450,04-03,120.0,145.0,234.0,348.0,555.0,813.0,1190.0
01380450,04-04,120.0,139.0,225.0,347.0,580.0,882.0,1190.0
01380450,04-05,121.0,145.0,213.0,365.0,552.0,984.0,1360.0
01380450,04-06,113.0,136.0,216.0,331.0,536.0,988.0,1270.0
01380450,04-07,109.0,140.0,202.0,341.0,560.0,905.0,1190.0
01380450,04-08,117.0,147.0,200.0,301.0,584.0,875.0,1080.0
01380450,04-09,121.0,141.0,205.0,316.0,529.0,855.0,1020.0
01380450,04-10,118.0,143.0,190.0,311.0,522.0,858.0,1020.0
01380450,04-11,108.0,132.0,181.0,310.0,482.0,752.0,905.0
01380450,04-12,108.0,140.0,177.0,326.0,472.0,684.0,811.0
01380450,04-13,104.0,133.0,197.0,319.0,509.0,684.0,809.0
01380450,04-14,103.0,124.0,192.0,305.0,473.0,693.0,839.0
01380450,04-15,104.0,131.0,194.0,292.0,468.0,684.0,787.0
01380450,04-16,109.0,139.0,196.0,294.0,475.0,698.0,953.0
01380450,04-17,99.0,135.0,201.0,313.0,470.0,951.0,1420.0
01380450,04-18,91.0,125.0,189.0,294.0,449.0,689.0,1200.0
01380450,04-19,91.0,122.0,177.0,293.0,421.0,731.0,933.0
01380450,04-20,97.0,121.0,185.0,293.0,418.0,652.0,797.0
01380450,04-21,96.0,113.0,194.0,291.0,428.0,579.0,684.0
01380450,04-22,100.0,120.0,186.0,271.0,384.0,538.0,663.0
01380450,04-23,105.0,120.0,180.0,270.0,400.0,616.0,712.0
01380450,04-24,104.0,122.0,186.0,259.0,401.0,525.0,654.0
01380450,04-25,107.0,126.0,189.0,258.0,401.0,544.0,767.0
01380450,04-26,111.0,151.0,195.0,275.0,426.0,560.0,696.0
01380450,04-27,118.0,134.0,188.0,258.0,436.0,589.0,718.0
01380450,04-28,115.0,144.0,181.0,252.0,413.0,600.0,757.0
01380450,04-29,110.0,133.0,172.0,262.0,400.0,684.0,801.0
01380450,04-30,112.0,133.0,173.0,240.0,376.0,523.0,790.0
01380450,05-01,113.0,134.0,172.0,263.0,358.0,547.0,734.0
01380450,05-02,123.0,131.0,168.0,245.0,359.0,547.0,663.0
01380450,05-03,120.0,131.0,163.0,243.0,377.0,530.0,648.0
01380450,05-04,116.0,125.0,159.0,243.0,389.0,532.0,710.0
01380450,05-05,111.0,121.0,162.0,229.0,356.0,522.0,656.0
01380450,05-06,106.0,120.0,157.0,251.0,329.0,515.0,600.0
01380450,05-07,107.0,118.0,149.0,252.0,356.0,516.0,678.0
01380450,05-08,104.0,120.0,146.0,228.0,371.0,498.0,578.0
01380450,05-09,102.0,121.0,163.0,230.0,360.0,498.0,621.0
01380450,05-10,100.0,114.0,163.0,233.0,354.0,478.0,679.0
01380450,05-11,99.0,121.0,154.0,235.0,314.0,489.0,866.0
01380450,05-12,107.0,121.0,153.0,233.0,344.0,601.0,742.0
01380450,05-13,98.0,108.0,153.0,233.0,348.0,536.0,974.0
01380450,05-14,86.0,102.0,148.0,216.0,368.0,702.0,891.0
01380450,05-15,83.0,104.0,151.0,205.0,344.0,603.0,772.0
01380450,05-16,79.0,98.0,142.0,203.0,362.0,566.0,741.0
01380450,05-17,84.0,99.0,139.0,205.0,364.0,565.0,712.0
01380450,05-18,84.0,105.0,134.0,206.0,350.0,496.0,865.0
01380450,05-19,82.0,103.0,141.0,220.0,363.0,490.0,987.0
01380450,05-20,76.0,99.0,137.0,235.0,327.0,591.0,864.0
01380450,05-21,70.0,98.0,132.0,204.0,320.0,550.0,728.0
01380450,05-22,70.0,105.0,136.0,209.0,298.0,483.0,637.0
01380450,05-23,69.0,96.0,134.0,201.0,301.0,485.0,532.0
01380450,05-24,73.0,85.0,135.0,197.0,282.0,455.0,626.0
01380450,05-25,67.0,84.0,142.0,176.0,279.0,469.0,597.0
01380450,05-26,64.0,83.0,121.0,171.0,286.0,470.0,629.0
01380450,05-27,61.0,83.0,113.0,164.0,263.0,497.0,690.0
01380450,05-28,57.0,88.0,111.0,150.0,287.0,455.0,613.0
01380450,05-29,57.0,77.0,106.0,164.0,309.0,493.0,586.0
01380450,05-30,58.0,75.0,97.0,151.0,323.0,511.0,656.0
01380450,05-31,56.0,71.0,92.0,152.0,301.0,512.0,954.0
01380450,06-01,64.0,71.0,99.0,160.0,285.0,722.0,1140.0
01380450,06-02,65.0,70.0,97.0,165.0,320.0,761.0,969.0
01380450,06-03,64.0,74.0,90.0,165.0,316.0,582.0,856.0
01380450,06-04,66.0,75.0,97.0,164.0,279.0,470.0,707.0
01380450,06-05,63.0,69.0,96.0,162.0,287.0,500.0,609.0
01380450,06-06,60.0,68.0,97.0,165.0,281.0,429.0,695.0
01380450,06-07,56.0,64.0,91.0,153.0,284.0,523.0,663.0
01380450,06-08,52.0,61.0,88.0,140.0,298.0,441.0,557.0
01380450,06-09,53.0,56.0,85.0,132.0,281.0,383.0,555.0
01380450,06-10,49.0,56.0,82.0,127.0,235.0,371.0,533.0
01380450,06-11,48.0,58.0,76.0,122.0,207.0,339.0,412.0
01380450,06-12,49.0,58.0,77.0,111.0,190.0,334.0,520.0
01380450,06-13,52.0,59.0,78.0,113.0,224.0,384.0,604.0
01380450,06-14,53.0,62.0,78.0,117.0,222.0,395.0,851.0
01380450,06-15,51.0,58.0,76.0,114.0,207.0,416.0,606.0
01380450,06-16,48.0,59.0,75.0,116.0,198.0,346.0,598.0
01380450,06-17,45.0,54.0,72.0,111.0,199.0,429.0,556.0
01380450,06-18,48.0,54.0,69.0,104.0,199.0,409.0,481.0
01380450,06-19,44.0,52.0,66.0,112.0,204.0,320.0,595.0
01380450,06-20,44.0,49.0,68.0,108.0,189.0,292.0,469.0
01380450,06-21,43.0,50.0,69.0,109.0,173.0,361.0,575.0
01380450,06-22,40.0,56.0,67.0,108.0,166.0,331.0,494.0
01380450,06-23,43.0,52.0,72.0,107.0,163.0,282.0,444.0
01380450,06-24,38.0,48.0,66.0,100.0,175.0,260.0,506.0
01380450,06-25,40.0,46.0,64.0,94.0,191.0,352.0,621.0
01380450,06-26,40.0,44.0,61.0,89.0,168.0,355.0,448.0
01380450,06-27,37.0,40.0,58.0,90.0,156.0,285.0,421.0
01380450,06-28,36.0,41.0,58.0,89.0,159.0,312.0,720.0
01380450,06-29,36.0,42.0,58.0,86.0,177.0,310.0,495.0
01380450,06-30,35.0,44.0,57.0,84.0,167.0,278.0,710.0
01380450,07-01,35.0,42.0,53.0,77.0,166.0,365.0,540.0
01380450,07-02,34.0,42.0,55.0,95.0,155.0,316.0,584.0
01380450,07-03,32.0,41.0,53.0,87.0,148.0,251.0,440.0
01380450,07-04,32.0,37.0,51.0,85.0,137.0,257.0,327.0
01380450,07-05,32.0,36.0,48.0,85.0,127.0,239.0,312.0
01380450,07-06,28.0,34.0,48.0,77.0,141.0,216.0,369.0
01380450,07-07,27.0,36.0,47.0,74.0,134.0,188.0,271.0
01380450,07-08,24.0,33.0,47.0,77.0,121.0,210.0,281.0
01380450,07-09,24.0,31.0,45.0,71.0,133.0,245.0,354.0
01380450,07-10,24.0,32.0,45.0,78.0,137.0,201.0,563.0
01380450,07-11,23.0,30.0,42.0,79.0,117.0,266.0,606.0
01380450,07-12,24.0,30.0,43.0,69.0,123.0,255.0,427.0
01380450,07-13,24.0,29.0,46.0,77.0,132.0,313.0,499.0
01380450,07-14,23.0,31.0,45.0,68.0,130.0,353.0,431.0
01380450,07-15,23.0,30.0,44.0,76.0,148.0,326.0,459.0
01380450,07-16,23.0,28.0,44.0,78.0,120.0,276.0,518.0
01380450,07-17,22.0,28.0,42.0,70.0,118.0,258.0,375.0
01380450,07-18,21.0,27.0,41.0,69.0,151.0,267.0,322.0
01380450,07-19,23.0,28.0,45.0,75.0,111.0,239.0,369.0
01380450,07-20,24.0,29.0,45.0,69.0,122.0,218.0,290.0
01380450,07-21,23.0,27.0,43.0,68.0,115.0,249.0,480.0
01380450,07-22,21.0,24.0,44.0,70.0,134.0,291.0,457.0
01380450,07-23,18.0,24.0,45.0,75.0,135.0,303.0,764.0
01380450,07-24,19.0,26.0,44.0,76.0,159.0,449.0,558.0
01380450,07-25,18.0,28.0,44.0,68.0,128.0,330.0,620.0
01380450,07-26,18.0,28.0,42.0,70.0,119.0,228.0,472.0
01380450,07-27,17.0,27.0,41.0,68.0,117.0,292.0,503.0
01380450,07-28,18.0,25.0,38.0,75.0,141.0,326.0,439.0
01380450,07-29,22.0,25.0,38.0,71.0,131.0,249.0,453.0
01380450,07-30,21.0,24.0,42.0,73.0,119.0,213.0,431.0
01380450,07-31,18.0,24.0,43.0,75.0,130.0,270.0,370.0
01380450,08-01,17.0,23.0,37.0,71.0,141.0,271.0,388.0
01380450,08-02,16.0,23.0,34.0,71.0,114.0,268.0,431.0
01380450,08-03,15.0,27.0,41.0,72.0,112.0,273.0,471.0
01380450,08-04,16.0,26.0,41.0,70.0,124.0,328.0,431.0
01380450,08-05,16.0,25.0,37.0,69.0,104.0,253.0,616.0
01380450,08-06,16.0,23.0,37.0,64.0,112.0,281.0,516.0
01380450,08-07,18.0,24.0,35.0,63.0,131.0,352.0,503.0
01380450,08-08,19.0,22.0,36.0,60.0,119.0,304.0,615.0
01380450,08-09,19.0,24.0,36.0,64.0,126.0,388.0,454.0
01380450,08-10,16.0,23.0,34.0,69.0,165.0,420.0,527.0
01380450,08-11,16.0,24.0,35.0,77.0,129.0,373.0,442.0
01380450,08-12,18.0,22.0,37.0,73.0,155.0,319.0,637.0
01380450,08-13,16.0,23.0,39.0,64.0,155.0,329.0,569.0
01380450,08-14,20.0,28.0,38.0,70.0,139.0,264.0,522.0
01380450,08-15,20.0,27.0,38.0,62.0,114.0,225.0,634.0
01380450,08-16,21.0,27.0,38.0,55.0,101.0,235.0,497.0
01380450,08-17,19.0,26.0,38.0,66.0,130.0,248.0,483.0
01380450,08-18,17.0,27.0,36.0,63.0,130.0,357.0,412.0
01380450,08-19,16.0,26.0,35.0,60.0,121.0,309.0,413.0
01380450,08-20,15.0,24.0,34.0,68.0,115.0,247.0,397.0
01380450,08-21,19.0,23.0,35.0,65.0,111.0,220.0,348.0
01380450,08-22,18.0,25.0,35.0,64.0,110.0,320.0,545.0
01380450,08-23,18.0,24.0,34.0,63.0,103.0,289.0,589.0
01380450,08-24,18.0,22.0,33.0,61.0,113.0,223.0,408.0
01380450,08-25,18.0,21.0,32.0,58.0,131.0,266.0,409.0
01380450,08-26,20.0,21.0,34.0,59.0,117.0,231.0,308.0
01380450,08-27,18.0,21.0,32.0,62.0,107.0,203.0,276.0
01380450,08-28,17.0,19.0,36.0,57.0,100.0,212.0,309.0
01380450,08-29,17.0,18.0,35.0,58.0,102.0,224.0,270.0
01380450,08-30,16.0,18.0,32.0,58.0,104.0,189.0,276.0
01380450,08-31,16.0,18.0,31.0,56.0,117.0,171.0,243.0
01380450,09-01,16.0,18.0,31.0,55.0,96.0,215.0,480.0
01380450,09-02,15.0,16.0,32.0,53.0,101.0,318.0,596.0
01380450,09-03,15.0,18.0,31.0,58.0,107.0,227.0,584.0
01380450,09-04,14.0,18.0,31.0,55.0,105.0,301.0,792.0
01380450,09-05,15.0,19.0,32.0,51.0,91.0,246.0,345.0
01380450,09-06,16.0,20.0,31.0,51.0,94.0,191.0,465.0
01380450,09-07,15.0,18.0,31.0,51.0,100.0,205.0,674.0
01380450,09-08,15.0,17.0,33.0,52.0,90.0,271.0,334.0
01380450,09-09,15.0,16.0,34.0,52.0,91.0,241.0,387.0
01380450,09-10,14.0,16.0,34.0,51.0,81.0,208.0,324.0
01380450,09-11,14.0,16.0,34.0,53.0,96.0,221.0,273.0
01380450,09-12,14.0,20.0,32.0,52.0,98.0,193.0,536.0
01380450,09-13,13.0,20.0,36.0,55.0,98.0,201.0,477.0
01380450,09-14,14.0,22.0,36.0,58.0,101.0,170.0,451.0
01380450,09-15,20.0,24.0,37.0,56.0,109.0,218.0,471.0
01380450,09-16,20.0,26.0,38.0,59.0,116.0,189.0,512.0
01380450,09-17,21.0,25.0,35.0,60.0,107.0,222.0,389.0
01380450,09-18,22.0,25.0,36.0,65.0,109.0,301.0,504.0
01380450,09-19,21.0,24.0,34.0,58.0,147.0,335.0,542.0
01380450,09-20,20.0,23.0,33.0,57.0,141.0,321.0,584.0
01380450,09-21,19.0,22.0,34.0,66.0,128.0,272.0,455.0
01380450,09-22,18.0,23.0,33.0,69.0,132.0,255.0,563.0
01380450,09-23,18.0,21.0,37.0,69.0,135.0,305.0,467.0
01380450,09-24,18.0,25.0,38.0,60.0,112.0,309.0,663.0
01380450,09-25,18.0,23.0,35.0,62.0,123.0,401.0,656.0
01380450,09-26,17.0,26.0,36.0,64.0,131.0,334.0,532.0
01380450,09-27,23.0,26.0,38.0,71.0,179.0,330.0,482.0
01380450,09-28,20.0,26.0,39.0,72.0,174.0,317.0,685.0
01380450,09-29,20.0,24.0,40.0,76.0,151.0,319.0,778.0
01380450,09-30,23.0,26.0,40.0,81.0,161.0,359.0,516.0
01380450,10-01,21.0,27.0,49.0,76.0,144.0,260.0,504.0
01380450,10-02,22.0,28.0,50.0,80.0,153.0,272.0,409.0
01380450,10-03,20.0,30.0,50.0,76.0,147.0,313.0,373.0
01380450,10-04,22.0,31.0,45.0,73.0,141.0,261.0,344.0
01380450,10-05,23.0,27.0,42.0,70.0,142.0,254.0,298.0
01380450,10-06,24.0,27.0,39.0,70.0,139.0,246.0,296.0
01380450,10-07,24.0,27.0,39.0,69.0,133.0,242.0,300.0
01380450,10-08,23.0,28.0,43.0,77.0,141.0,238.0,300.0
01380450,10-09,23.0,28.0,41.0,73.0,150.0,269.0,303.0
01380450,10-10,23.0,28.0,42.0,74.0,143.0,232.0,347.0
01380450,10-11,24.0,31.0,43.0,72.0,134.0,217.0,342.0
01380450,10-12,23.0,28.0,42.0,74.0,132.0,257.0,435.0
01380450,10-13,19.0,26.0,44.0,73.0,121.0,221.0,300.0
01380450,10-14,20.0,26.0,43.0,73.0,121.0,232.0,330.0
01380450,10-15,22.0,27.0,44.0,70.0,118.0,235.0,358.0
01380450,10-16,26.0,32.0,48.0,77.0,120.0,221.0,312.0
01380450,10-17,25.0,30.0,43.0,71.0,135.0,209.0,394.0
01380450,10-18,22.0,31.0,47.0,72.0,115.0,225.0,395.0
01380450,10-19,23.0,26.0,47.0,72.0,134.0,276.0,365.0
01380450,10-20,23.0,28.0,47.0,73.0,144.0,333.0,792.0
01380450,10-21,24.0,33.0,47.0,75.0,143.0,327.0,765.0
01380450,10-22,22.0,32.0,47.0,78.0,162.0,281.0,572.0
01380450,10-23,23.0,31.0,48.0,78.0,164.0,348.0,512.0
01380450,10-24,22.0,29.0,49.0,82.0,170.0,313.0,532.0
01380450,10-25,23.0,29.0,48.0,87.0,165.0,360.0,492.0
01380450,10-26,22.0,30.0,54.0,93.0,178.0,381.0,481.0
01380450,10-27,24.0,36.0,57.0,97.0,194.0,404.0,544.0
01380450,10-28,23.0,35.0,60.0,101.0,234.0,452.0,931.0
01380450,10-29,25.0,34.0,58.0,101.0,253.0,443.0,661.0
01380450,10-30,28.0,37.0,57.0,99.0,261.0,479.0,704.0
01380450,10-31,32.0,43.0,58.0,113.0,224.0,385.0,723.0
01380450,11-01,34.0,40.0,64.0,109.0,209.0,416.0,572.0
01380450,11-02,34.0,39.0,63.0,113.0,202.0,424.0,521.0
01380450,11-03,34.0,39.0,64.0,125.0,286.0,436.0,514.0
01380450,11-04,34.0,44.0,66.0,123.0,248.0,365.0,476.0
01380450,11-05,34.0,41.0,81.0,135.0,227.0,307.0,489.0
01380450,11-06,32.0,46.0,78.0,136.0,213.0,322.0,422.0
01380450,11-07,34.0,49.0,84.0,129.0,210.0,298.0,441.0
01380450,11-08,34.0,48.0,76.0,128.0,192.0,446.0,632.0
01380450,11-09,35.0,45.0,71.0,119.0,192.0,436.0,1180.0
01380450,11-10,39.0,52.0,84.0,117.0,213.0,479.0,799.0
01380450,11-11,45.0,61.0,85.0,117.0,239.0,480.0,630.0
01380450,11-12,44.0,54.0,83.0,115.0,279.0,422.0,518.0
01380450,11-13,41.0,49.0,78.0,131.0,289.0,516.0,742.0
01380450,11-14,43.0,49.0,79.0,134.0,256.0,456.0,789.0
01380450,11-15,42.0,49.0,79.0,131.0,237.0,504.0,748.0
01380450,11-16,42.0,51.0,82.0,135.0,245.0,457.0,757.0
01380450,11-17,42.0,50.0,84.0,135.0,252.0,598.0,701.0
01380450,11-18,41.0,52.0,82.0,141.0,241.0,486.0,667.0
01380450,11-19,40.0,51.0,83.0,131.0,224.0,476.0,535.0
01380450,11-20,40.0,47.0,89.0,149.0,239.0,458.0,505.0
01380450,11-21,42.0,56.0,95.0,157.0,264.0,556.0,788.0
01380450,11-22,45.0,55.0,93.0,166.0,296.0,557.0,725.0
01380450,11-23,47.0,59.0,87.0,165.0,307.0,505.0,879.0
01380450,11-24,47.0,66.0,90.0,164.0,274.0,453.0,648.0
01380450,11-25,44.0,70.0,90.0,167.0,287.0,480.0,693.0
01380450,11-26,50.0,70.0,104.0,178.0,307.0,521.0,770.0
01380450,11-27,48.0,69.0,103.0,183.0,349.0,576.0,962.0
01380450,11-28,48.0,67.0,116.0,172.0,384.0,582.0,715.0
01380450,11-29,54.0,67.0,113.0,185.0,398.0,680.0,796.0
01380450,11-30,48.0,72.0,121.0,186.0,395.0,571.0,859.0
01380450,12-01,52.0,66.0,119.0,186.0,355.0,696.0,825.0
01380450,12-02,49.0,81.0,120.0,173.0,353.0,673.0,851.0
01380450,12-03,51.0,72.0,124.0,198.0,353.0,585.0,665.0
01380450,12-04,51.0,68.0,120.0,183.0,372.0,511.0,675.0
01380450,12-05,52.0,65.0,123.0,197.0,357.0,570.0,709.0
01380450,12-06,52.0,72.0,120.0,186.0,373.0,527.0,887.0
01380450,12-07,54.0,74.0,129.0,202.0,402.0,635.0,768.0
01380450,12-08,47.0,69.0,130.0,195.0,351.0,568.0,870.0
01380450,12-09,45.0,67.0,126.0,204.0,321.0,513.0,1030.0
01380450,12-10,55.0,69.0,117.0,213.0,362.0,687.0,819.0
01380450,12-11,50.0,70.0,120.0,197.0,390.0,642.0,921.0
01380450,12-12,49.0,66.0,126.0,198.0,390.0,716.0,937.0
01380450,12-13,68.0,72.0,126.0,188.0,350.0,680.0,1030.0
01380450,12-14,64.0,74.0,129.0,198.0,411.0,706.0,848.0
01380450,12-15,55.0,69.0,115.0,213.0,407.0,607.0,745.0
01380450,12-16,47.0,82.0,118.0,214.0,415.0,545.0,669.0
01380450,12-17,52.0,72.0,131.0,209.0,372.0,591.0,760.0
01380450,12-18,60.0,81.0,134.0,202.0,354.0,613.0,723.0
01380450,12-19,65.0,80.0,127.0,193.0,347.0,497.0,658.0
01380450,12-20,65.0,82.0,114.0,170.0,353.0,434.0,503.0
01380450,12-21,68.0,91.0,122.0,179.0,325.0,567.0,1220.0
01380450,12-22,66.0,87.0,118.0,199.0,307.0,636.0,1460.0
01380450,12-23,66.0,84.0,124.0,203.0,359.0,698.0,973.0
01380450,12-24,70.0,87.0,128.0,209.0,386.0,640.0,858.0
01380450,12-25,71.0,79.0,124.0,208.0,355.0,602.0,879.0
01380450,12-26,66.0,76.0,117.0,213.0,364.0,597.0,716.0
01380450,12-27,70.0,81.0,122.0,197.0,377.0,640.0,941.0
01380450,12-28,71.0,85.0,130.0,194.0,371.0,608.0,973.0
01380450,12-29,70.0,83.0,131.0,214.0,380.0,705.0,820.0
01380450,12-30,77.0,87.0,130.0,203.0,423.0,652.0,725.0
01380450,12-31,63.0,86.0,128.0,188.0,420.0,591.0,702.0
01381000,01-01,0.3,0.5,10.0,104.0,284.0,471.0,662.0
01381000,01-02,0.3,0.6,10.0,113.0,275.0,443.0,615.0
01381000,01-03,0.21,0.52,9.4,117.0,270.0,436.0,607.0
01381000,01-04,0.21,0.5,10.0,108.0,274.0,412.0,605.0
01381000,01-05,0.21,0.5,10.0,102.0,270.0,427.0,587.0
01381000,01-06,0.3,0.53,11.0,106.0,257.0,476.0,566.0
01381000,01-07,0.3,0.51,12.0,117.0,251.0,414.0,513.0
01381000,01-08,0.3,0.42,11.0,119.0,268.0,440.0,517.0
01381000,01-09,0.3,0.5,10.0,124.0,250.0,414.0,562.0
01381000,01-10,0.3,0.42,11.0,126.0,240.0,425.0,564.0
01381000,01-11,0.21,0.41,13.0,117.0,232.0,408.0,474.0
01381000,01-12,0.21,0.4,12.0,114.0,269.0,426.0,521.0
01381000,01-13,0.21,0.4,15.0,114.0,249.0,396.0,519.0
01381000,01-14,0.2,0.41,14.0,119.0,247.0,430.0,538.0
01381000,01-15,0.21,0.54,12.0,114.0,251.0,382.0,698.0
01381000,01-16,0.2,0.51,12.0,101.0,239.0,348.0,594.0
01381000,01-17,0.3,0.41,12.0,103.0,222.0,371.0,547.0
01381000,01-18,0.3,0.5,11.0,102.0,216.0,366.0,499.0
01381000,01-19,0.3,0.51,13.0,114.0,216.0,396.0,486.0
01381000,01-20,0.3,0.79,17.0,118.0,216.0,349.0,477.0
01381000,01-21,0.4,0.83,19.0,128.0,201.0,373.0,558.0
01381000,01-22,0.4,2.3,34.0,113.0,222.0,354.0,459.0
01381000,01-23,0.4,2.3,40.0,113.0,214.0,362.0,583.0
01381000,01-24,0.3,2.3,40.0,106.0,267.0,467.0,680.0
01381000,01-25,0.3,2.3,42.0,112.0,260.0,594.0,729.0
01381000,01-26,0.4,2.0,41.0,104.0,287.0,623.0,1170.0
01381000,01-27,0.5,2.2,36.0,100.0,287.0,569.0,1060.0
01381000,01-28,0.4,2.2,40.0,104.0,298.0,623.0,798.0
01381000,01-29,0.4,2.1,32.0,98.0,276.0,579.0,742.0
01381000,01-30,0.41,1.0,36.0,97.0,249.0,502.0,601.0
01381000,01-31,0.4,1.3,30.0,110.0,256.0,423.0,496.0
01381000,02-01,0.21,1.2,27.0,112.0,257.0,375.0,506.0
01381000,02-02,0.21,1.7,31.0,108.0,245.0,441.0,594.0
01381000,02-03,0.3,1.1,34.0,116.0,262.0,439.0,525.0
01381000,02-04,0.3,1.9,48.0,117.0,256.0,478.0,637.0
01381000,02-05,0.4,1.9,43.0,121.0,247.0,417.0,603.0
01381000,02-06,0.4,1.9,36.0,117.0,235.0,385.0,532.0
01381000,02-07,0.45,4.3,35.0,130.0,243.0,368.0,433.0
01381000,02-08,0.47,5.1,33.0,136.0,266.0,356.0,484.0
01381000,02-09,2.0,7.1,36.0,135.0,230.0,308.0,427.0
01381000,02-10,1.9,9.0,37.0,129.0,199.0,289.0,356.0
01381000,02-11,1.9,6.2,33.0,118.0,202.0,278.0,380.0
01381000,02-12,2.0,7.2,36.0,108.0,193.0,274.0,373.0
01381000,02-13,1.9,8.9,41.0,115.0,185.0,286.0,375.0
01381000,02-14,1.2,9.7,45.0,118.0,188.0,316.0,388.0
01381000,02-15,2.9,9.3,61.0,122.0,214.0,336.0,520.0
01381000,02-16,1.0,9.1,65.0,124.0,206.0,358.0,592.0
01381000,02-17,1.0,9.2,63.0,125.0,246.0,360.0,650.0
01381000,02-18,0.91,7.4,54.0,135.0,237.0,395.0,489.0
01381000,02-19,1.0,9.0,51.0,139.0,234.0,378.0,451.0
01381000,02-20,1.9,14.0,62.0,152.0,242.0,368.0,450.0
01381000,02-21,2.2,11.0,68.0,140.0,255.0,363.0,556.0
01381000,02-22,1.8,9.6,68.0,141.0,258.0,436.0,680.0
01381000,02-23,1.3,10.0,66.0,148.0,262.0,456.0,633.0
01381000,02-24,1.4,11.0,63.0,149.0,290.0,462.0,643.0
01381000,02-25,1.6,8.9,67.0,154.0,307.0,558.0,764.0
01381000,02-26,1.0,7.5,70.0,155.0,313.0,606.0,1060.0
01381000,02-27,1.3,6.0,67.0,163.0,343.0,573.0,926.0
01381000,02-28,1.3,7.3,79.0,183.0,323.0,555.0,746.0
01381000,02-29,3.2,14.0,80.0,190.0,393.0,472.0,695.0
01381000,03-01,3.6,9.3,78.0,167.0,350.0,505.0,696.0
01381000,03-02,2.4,8.7,73.0,157.0,303.0,580.0,644.0
01381000,03-03,4.0,11.0,86.0,152.0,289.0,528.0,576.0
01381000,03-04,8.4,24.0,88.0,170.0,326.0,525.0,704.0
01381000,03-05,8.6,33.0,106.0,182.0,354.0,536.0,652.0
01381000,03-06,8.6,46.0,111.0,203.0,350.0,544.0,647.0
01381000,03-07,8.6,37.0,115.0,203.0,348.0,627.0,841.0
01381000,03-08,6.7,26.0,111.0,218.0,347.0,593.0,861.0
01381000,03-09,8.9,27.0,122.0,218.0,371.0,563.0,750.0
01381000,03-10,9.1,47.0,128.0,217.0,342.0,585.0,808.0
01381000,03-11,9.1,52.0,128.0,197.0,357.0,594.0,740.0
01381000,03-12,12.0,57.0,129.0,208.0,347.0,575.0,873.0
01381000,03-13,11.0,82.0,125.0,224.0,365.0,596.0,918.0
01381000,03-14,38.0,76.0,146.0,264.0,406.0,640.0,892.0
01381000,03-15,36.0,71.0,144.0,266.0,438.0,677.0,825.0
01381000,03-16,23.0,77.0,146.0,262.0,426.0,678.0,840.0
01381000,03-17,21.0,68.0,150.0,255.0,397.0,668.0,868.0
01381000,03-18,48.0,73.0,144.0,268.0,405.0,565.0,994.0
01381000,03-19,42.0,92.0,142.0,252.0,392.0,523.0,899.0
01381000,03-20,52.0,99.0,147.0,249.0,386.0,614.0,865.0
01381000,03-21,38.0,84.0,150.0,255.0,375.0,701.0,931.0
01381000,03-22,18.0,93.0,160.0,251.0,485.0,707.0,1270.0
01381000,03-23,32.0,83.0,157.0,249.0,425.0,750.0,1230.0
01381000,03-24,23.0,76.0,152.0,248.0,411.0,740.0,1110.0
01381000,03-25,21.0,74.0,139.0,258.0,429.0,722.0,1080.0
01381000,03-26,14.0,94.0,168.0,249.0,409.0,722.0,880.0
01381000,03-27,14.0,83.0,155.0,248.0,412.0,635.0,780.0
01381000,03-28,15.0,84.0,144.0,258.0,430.0,676.0,1100.0
01381000,03-29,11.0,85.0,155.0,249.0,434.0,698.0,1140.0
01381000,03-30,10.0,78.0,146.0,249.0,438.0,676.0,1040.0
01381000,03-31,11.0,74.0,150.0,273.0,434.0,684.0,1060.0
01381000,04-01,32.0,59.0,136.0,264.0,460.0,770.0,920.0
01381000,04-02,12.0,71.0,156.0,289.0,545.0,704.0,920.0
01381000,04-03,14.0,73.0,151.0,282.0,460.0,676.0,971.0
01381000,04-04,32.0,70.0,142.0,259.0,434.0,643.0,1030.0
01381000,04-05,13.0,69.0,132.0,266.0,414.0,723.0,1150.0
01381000,04-06,25.0,65.0,130.0,262.0,418.0,710.0,983.0
01381000,04-07,14.0,60.0,130.0,266.0,477.0,809.0,1060.0
01381000,04-08,11.0,62.0,120.0,239.0,459.0,688.0,1060.0
01381000,04-09,11.0,56.0,130.0,260.0,438.0,718.0,855.0
01381000,04-10,11.0,54.0,125.0,244.0,411.0,707.0,994.0
01381000,04-11,11.0,49.0,127.0,242.0,387.0,653.0,835.0
01381000,04-12,10.0,45.0,132.0,267.0,373.0,588.0,740.0
01381000,04-13,11.0,39.0,131.0,241.0,421.0,595.0,710.0
01381000,04-14,10.0,17.0,102.0,228.0,405.0,608.0,662.0
01381000,04-15,11.0,28.0,121.0,217.0,380.0,610.0,748.0
01381000,04-16,12.0,36.0,121.0,233.0,392.0,637.0,815.0
01381000,04-17,12.0,48.0,122.0,224.0,426.0,985.0,1370.0
01381000,04-18,21.0,52.0,119.0,230.0,384.0,773.0,1190.0
01381000,04-19,15.0,43.0,113.0,224.0,360.0,670.0,1000.0
01381000,04-20,16.0,39.0,111.0,209.0,335.0,632.0,778.0
01381000,04-21,21.0,32.0,118.0,215.0,335.0,565.0,752.0
01381000,04-22,14.0,34.0,112.0,199.0,329.0,473.0,676.0
01381000,04-23,11.0,44.0,115.0,196.0,348.0,460.0,516.0
01381000,04-24,13.0,56.0,115.0,188.0,358.0,492.0,564.0
01381000,04-25,21.0,52.0,112.0,185.0,321.0,439.0,564.0
01381000,04-26,10.0,54.0,112.0,190.0,312.0,434.0,643.0
01381000,04-27,25.0,61.0,98.0,184.0,323.0,533.0,600.0
01381000,04-28,17.0,54.0,107.0,176.0,310.0,502.0,652.0
01381000,04-29,22.0,50.0,86.0,180.0,338.0,497.0,659.0
01381000,04-30,11.0,37.0,83.0,165.0,316.0,506.0,611.0
01381000,05-01,10.0,46.0,85.0,160.0,293.0,472.0,675.0
01381000,05-02,11.0,43.0,83.0,182.0,276.0,468.0,597.0
01381000,05-03,9.7,40.0,87.0,174.0,274.0,422.0,518.0
01381000,05-04,9.3,36.0,83.0,172.0,288.0,396.0,658.0
01381000,05-05,9.3,28.0,91.0,166.0,255.0,398.0,491.0
01381000,05-06,5.0,15.0,70.0,165.0,269.0,364.0,520.0
01381000,05-07,2.4,19.0,73.0,168.0,294.0,444.0,564.0
01381000,05-08,1.2,22.0,72.0,160.0,265.0,405.0,535.0
01381000,05-09,1.1,17.0,81.0,164.0,281.0,402.0,509.0
01381000,05-10,1.5,9.6,70.0,152.0,282.0,404.0,514.0
01381000,05-11,1.0,9.5,58.0,151.0,256.0,403.0,641.0
01381000,05-12,1.0,11.0,67.0,144.0,277.0,426.0,668.0
01381000,05-13,1.0,8.8,73.0,149.0,255.0,438.0,770.0
01381000,05-14,1.0,11.0,65.0,150.0,283.0,485.0,734.0
01381000,05-15,0.7,6.6,69.0,134.0,273.0,493.0,648.0
01381000,05-16,1.0,7.4,60.0,129.0,273.0,448.0,652.0
01381000,05-17,1.0,9.6,55.0,133.0,246.0,481.0,733.0
01381000,05-18,0.9,9.7,59.0,129.0,280.0,441.0,528.0
01381000,05-19,1.1,11.0,56.0,121.0,261.0,405.0,750.0
01381000,05-20,0.9,13.0,54.0,128.0,247.0,417.0,696.0
01381000,05-21,0.9,12.0,51.0,126.0,239.0,419.0,551.0
01381000,05-22,0.6,8.8,60.0,126.0,238.0,384.0,576.0
01381000,05-23,0.6,13.0,46.0,115.0,220.0,352.0,486.0
01381000,05-24,0.9,4.0,57.0,104.0,218.0,387.0,468.0
01381000,05-25,0.8,11.0,54.0,107.0,212.0,353.0,535.0
01381000,05-26,1.0,9.3,44.0,92.0,210.0,357.0,563.0
01381000,05-27,0.9,3.7,35.0,92.0,195.0,408.0,472.0
01381000,05-28,0.8,3.0,27.0,90.0,215.0,349.0,447.0
01381000,05-29,0.6,1.7,23.0,90.0,204.0,370.0,500.0
01381000,05-30,0.5,1.0,16.0,75.0,205.0,394.0,503.0
01381000,05-31,0.5,0.9,15.0,73.0,188.0,395.0,777.0
01381000,06-01,0.02,0.72,14.0,70.0,175.0,452.0,877.0
01381000,06-02,0.02,0.6,13.0,72.0,177.0,476.0,735.0
01381000,06-03,0.02,0.61,11.0,70.0,173.0,427.0,740.0
01381000,06-04,0.02,0.62,10.0,62.0,182.0,407.0,632.0
01381000,06-05,0.02,0.71,9.6,64.0,176.0,360.0,474.0
01381000,06-06,0.01,0.51,10.0,58.0,176.0,337.0,406.0
01381000,06-07,0.01,0.5,9.9,65.0,172.0,332.0,502.0
01381000,06-08,0.0,0.41,10.0,62.0,176.0,315.0,465.0
01381000,06-09,0.01,0.6,9.6,56.0,186.0,284.0,394.0
01381000,06-10,0.01,0.6,9.0,43.0,162.0,242.0,451.0
01381000,06-11,0.41,0.71,10.0,38.0,135.0,221.0,336.0
01381000,06-12,0.3,0.7,10.0,36.0,133.0,261.0,308.0
01381000,06-13,0.3,0.8,10.0,28.0,130.0,276.0,446.0
01381000,06-14,0.41,0.71,7.1,24.0,125.0,330.0,454.0
01381000,06-15,0.4,0.71,6.6,25.0,114.0,285.0,398.0
01381000,06-16,0.41,0.6,7.4,25.0,115.0,247.0,445.0
01381000,06-17,0.3,0.51,5.5,22.0,120.0,275.0,548.0
01381000,06-18,0.21,0.5,5.1,23.0,120.0,304.0,426.0
01381000,06-19,0.21,0.5,5.2,20.0,118.0,291.0,454.0
01381000,06-20,0.21,0.5,4.3,17.0,103.0,265.0,415.0
01381000,06-21,0.21,0.5,2.6,21.0,100.0,231.0,341.0
01381000,06-22,0.3,0.5,2.8,19.0,111.0,235.0,307.0
01381000,06-23,0.4,0.5,3.1,15.0,90.0,204.0,299.0
01381000,06-24,0.4,0.5,3.3,18.0,107.0,175.0,325.0
01381000,06-25,0.4,0.5,2.6,16.0,95.0,229.0,421.0
01381000,06-26,0.3,0.5,2.9,15.0,77.0,209.0,379.0
01381000,06-27,0.21,0.4,2.2,14.0,73.0,197.0,322.0
01381000,06-28,0.3,0.4,2.3,13.0,67.0,163.0,296.0
01381000,06-29,0.3,0.41,2.8,14.0,66.0,173.0,261.0
01381000,06-30,0.3,0.41,2.8,13.0,75.0,175.0,461.0
01381000,07-01,0.21,0.5,2.7,13.0,81.0,203.0,407.0
01381000,07-02,0.21,0.4,2.2,13.0,61.0,208.0,438.0
01381000,07-03,0.21,0.41,2.3,13.0,54.0,177.0,347.0
01381000,07-04,0.2,0.4,1.8,13.0,53.0,169.0,310.0
01381000,07-05,0.01,0.4,1.7,13.0,42.0,162.0,215.0
01381000,07-06,0.01,0.4,1.4,12.0,43.0,137.0,263.0
01381000,07-07,0.0,0.4,1.5,12.0,44.0,102.0,215.0
01381000,07-08,0.0,0.4,1.4,12.0,34.0,88.0,187.0
01381000,07-09,0.0,0.4,1.1,12.0,42.0,101.0,165.0
01381000,07-10,0.0,0.4,0.9,12.0,41.0,119.0,435.0
01381000,07-11,0.0,0.31,0.83,12.0,42.0,133.0,339.0
01381000,07-12,0.01,0.31,0.83,12.0,46.0,120.0,497.0
01381000,07-13,0.01,0.31,0.93,12.0,41.0,210.0,299.0
01381000,07-14,0.01,0.4,1.3,12.0,45.0,187.0,374.0
01381000,07-15,0.21,0.4,2.7,12.0,46.0,200.0,335.0
01381000,07-16,0.21,0.4,3.1,12.0,41.0,180.0,380.0
01381000,07-17,0.21,0.4,1.3,12.0,36.0,165.0,298.0
01381000,07-18,0.21,0.5,1.2,12.0,31.0,138.0,224.0
01381000,07-19,0.3,0.4,1.4,12.0,35.0,119.0,184.0
01381000,07-20,0.3,0.41,1.3,11.0,29.0,97.0,163.0
01381000,07-21,0.01,0.4,1.0,12.0,28.0,87.0,204.0
01381000,07-22,0.01,0.4,1.0,12.0,29.0,105.0,404.0
01381000,07-23,0.0,0.31,1.1,12.0,41.0,213.0,388.0
01381000,07-24,0.21,0.31,1.2,12.0,43.0,299.0,512.0
01381000,07-25,0.2,0.4,1.1,12.0,46.0,252.0,603.0
01381000,07-26,0.2,0.4,1.0,12.0,34.0,149.0,533.0
01381000,07-27,0.01,0.4,1.1,12.0,34.0,146.0,403.0
01381000,07-28,0.01,0.4,1.0,12.0,33.0,232.0,428.0
01381000,07-29,0.01,0.4,1.2,12.0,30.0,186.0,363.0
01381000,07-30,0.01,0.4,1.1,11.0,28.0,149.0,297.0
01381000,07-31,0.01,0.31,1.5,11.0,26.0,100.0,235.0
01381000,08-01,0.01,0.31,1.3,11.0,30.0,154.0,217.0
01381000,08-02,0.01,0.31,0.83,11.0,28.0,111.0,228.0
01381000,08-03,0.0,0.3,0.83,11.0,26.0,140.0,263.0
01381000,08-04,0.0,0.3,0.83,11.0,24.0,156.0,299.0
01381000,08-05,0.01,0.3,0.9,11.0,26.0,144.0,390.0
01381000,08-06,0.01,0.3,1.0,11.0,19.0,124.0,500.0
01381000,08-07,0.01,0.3,0.9,11.0,23.0,196.0,406.0
01381000,08-08,0.01,0.3,0.9,11.0,28.0,200.0,353.0
01381000,08-09,0.01,0.3,1.0,11.0,31.0,231.0,357.0
01381000,08-10,0.01,0.3,0.85,11.0,28.0,241.0,378.0
01381000,08-11,0.01,0.3,1.0,11.0,33.0,249.0,330.0
01381000,08-12,0.01,0.3,1.0,11.0,26.0,172.0,269.0
01381000,08-13,0.01,0.31,0.93,11.0,30.0,114.0,219.0
01381000,08-14,0.01,0.3,1.0,11.0,27.0,129.0,253.0
01381000,08-15,0.01,0.3,0.93,11.0,25.0,112.0,332.0
01381000,08-16,0.01,0.3,0.93,11.0,25.0,121.0,317.0
01381000,08-17,0.01,0.31,0.93,11.0,26.0,167.0,296.0
01381000,08-18,0.01,0.31,0.83,11.0,27.0,151.0,376.0
01381000,08-19,0.01,0.31,1.2,11.0,26.0,180.0,366.0
01381000,08-20,0.01,0.4,1.1,11.0,20.0,141.0,293.0
01381000,08-21,0.01,0.31,1.0,11.0,26.0,140.0,211.0
01381000,08-22,0.01,0.4,1.0,11.0,28.0,162.0,273.0
01381000,08-23,0.01,0.4,0.93,11.0,30.0,189.0,396.0
01381000,08-24,0.01,0.4,1.0,11.0,32.0,155.0,253.0
01381000,08-25,0.01,0.3,1.1,11.0,38.0,140.0,312.0
01381000,08-26,0.01,0.31,1.0,11.0,28.0,149.0,245.0
01381000,08-27,0.01,0.31,1.0,11.0,23.0,127.0,196.0
01381000,08-28,0.0,0.31,0.9,11.0,20.0,116.0,287.0
01381000,08-29,0.0,0.3,0.83,11.0,16.0,112.0,247.0
01381000,08-30,0.01,0.3,0.83,11.0,17.0,88.0,186.0
01381000,08-31,0.01,0.3,0.9,11.0,18.0,77.0,395.0
01381000,09-01,0.01,0.31,0.8,11.0,19.0,90.0,272.0
01381000,09-02,0.01,0.4,0.83,11.0,18.0,86.0,342.0
01381000,09-03,0.01,0.3,0.8,11.0,18.0,112.0,351.0
01381000,09-04,0.01,0.3,1.0,11.0,15.0,130.0,370.0
01381000,09-05,0.01,0.3,1.0,11.0,15.0,112.0,318.0
01381000,09-06,0.0,0.3,1.0,11.0,15.0,122.0,236.0
01381000,09-07,0.0,0.3,1.1,11.0,15.0,121.0,249.0
01381000,09-08,0.0,0.3,1.0,11.0,16.0,87.0,205.0
01381000,09-09,0.0,0.3,0.8,11.0,16.0,91.0,176.0
01381000,09-10,0.0,0.3,0.9,11.0,17.0,98.0,187.0
01381000,09-11,0.01,0.3,1.0,11.0,20.0,104.0,200.0
01381000,09-12,0.01,0.3,1.1,11.0,15.0,111.0,161.0
01381000,09-13,0.01,0.3,1.0,11.0,14.0,86.0,168.0
01381000,09-14,0.01,0.3,1.0,10.0,13.0,81.0,201.0
01381000,09-15,0.0,0.3,1.0,10.0,14.0,81.0,219.0
01381000,09-16,0.0,0.3,0.93,10.0,14.0,76.0,399.0
01381000,09-17,0.0,0.3,1.0,10.0,15.0,70.0,291.0
01381000,09-18,0.0,0.3,0.83,11.0,18.0,94.0,283.0
01381000,09-19,0.0,0.3,0.83,10.0,17.0,134.0,341.0
01381000,09-20,0.0,0.3,0.8,10.0,16.0,166.0,351.0
01381000,09-21,0.0,0.4,0.83,11.0,17.0,198.0,325.0
01381000,09-22,0.01,0.31,0.83,11.0,19.0,142.0,288.0
01381000,09-23,0.01,0.4,0.8,10.0,26.0,159.0,320.0
01381000,09-24,0.01,0.4,0.85,11.0,24.0,184.0,500.0
01381000,09-25,0.01,0.31,0.8,10.0,20.0,170.0,441.0
01381000,09-26,0.01,0.31,0.8,11.0,19.0,146.0,437.0
01381000,09-27,0.01,0.31,0.83,11.0,25.0,173.0,345.0
01381000,09-28,0.0,0.31,0.8,11.0,18.0,177.0,300.0
01381000,09-29,0.0,0.31,1.0,11.0,27.0,150.0,541.0
01381000,09-30,0.0,0.3,0.9,11.0,18.0,140.0,489.0
01381000,10-01,0.01,0.4,1.0,11.0,19.0,139.0,337.0
01381000,10-02,0.0,0.31,0.83,11.0,16.0,179.0,312.0
01381000,10-03,0.0,0.3,0.83,11.0,17.0,210.0,326.0
01381000,10-04,0.0,0.31,0.8,11.0,19.0,184.0,278.0
01381000,10-05,0.0,0.31,0.9,11.0,20.0,149.0,236.0
01381000,10-06,0.0,0.31,0.83,10.0,17.0,118.0,206.0
01381000,10-07,0.0,0.31,0.9,11.0,16.0,127.0,174.0
01381000,10-08,0.0,0.4,0.9,10.0,17.0,114.0,175.0
01381000,10-09,0.0,0.4,0.9,10.0,17.0,87.0,135.0
01381000,10-10,0.0,0.4,0.93,10.0,14.0,70.0,154.0
01381000,10-11,0.0,0.4,0.83,10.0,16.0,69.0,179.0
01381000,10-12,0.3,0.41,0.9,11.0,19.0,79.0,205.0
01381000,10-13,0.3,0.4,0.93,11.0,27.0,67.0,187.0
01381000,10-14,0.3,0.4,0.9,11.0,31.0,126.0,244.0
01381000,10-15,0.21,0.4,1.0,11.0,30.0,181.0,238.0
01381000,10-16,0.3,0.4,1.0,11.0,29.0,149.0,278.0
01381000,10-17,0.21,0.4,1.0,11.0,38.0,128.0,213.0
01381000,10-18,0.21,0.4,1.0,11.0,36.0,172.0,268.0
01381000,10-19,0.0,0.4,1.0,11.0,34.0,208.0,292.0
01381000,10-20,0.21,0.4,1.1,11.0,32.0,220.0,567.0
01381000,10-21,0.01,0.4,1.0,11.0,34.0,186.0,453.0
01381000,10-22,0.01,0.4,1.0,11.0,33.0,171.0,435.0
01381000,10-23,0.0,0.4,1.1,10.0,32.0,160.0,352.0
01381000,10-24,0.0,0.4,1.0,11.0,34.0,136.0,336.0
01381000,10-25,0.0,0.4,0.93,11.0,41.0,196.0,357.0
01381000,10-26,0.0,0.4,0.93,11.0,60.0,225.0,336.0
01381000,10-27,0.0,0.4,1.0,11.0,51.0,195.0,281.0
01381000,10-28,0.0,0.4,1.0,11.0,45.0,242.0,605.0
01381000,10-29,0.0,0.4,1.1,11.0,68.0,223.0,507.0
01381000,10-30,0.0,0.4,1.0,11.0,63.0,223.0,322.0
01381000,10-31,0.01,0.4,1.0,11.0,79.0,221.0,510.0
01381000,11-01,0.29,0.4,1.0,12.0,75.0,244.0,498.0
01381000,11-02,0.29,0.4,1.3,12.0,80.0,295.0,445.0
01381000,11-03,0.19,0.4,2.2,12.0,125.0,302.0,373.0
01381000,11-04,0.19,0.4,1.6,12.0,106.0,287.0,385.0
01381000,11-05,0.19,0.4,2.4,12.0,102.0,276.0,373.0
01381000,11-06,0.29,0.5,1.2,12.0,106.0,230.0,345.0
01381000,11-07,0.29,0.5,3.3,12.0,88.0,211.0,329.0
01381000,11-08,0.29,0.4,1.7,12.0,82.0,221.0,435.0
01381000,11-09,0.29,0.4,3.7,13.0,78.0,233.0,348.0
01381000,11-10,0.29,0.4,2.4,12.0,94.0,307.0,688.0
01381000,11-11,0.29,0.4,1.3,13.0,104.0,340.0,613.0
01381000,11-12,0.29,0.4,1.1,13.0,106.0,288.0,514.0
01381000,11-13,0.29,0.4,4.0,13.0,140.0,327.0,504.0
01381000,11-14,0.29,0.4,3.8,14.0,153.0,403.0,623.0
01381000,11-15,0.29,0.3,3.4,14.0,137.0,379.0,514.0
01381000,11-16,0.29,0.39,2.7,15.0,126.0,344.0,454.0
01381000,11-17,0.29,0.3,3.6,17.0,164.0,419.0,572.0
01381000,11-18,0.29,0.4,3.2,15.0,163.0,384.0,627.0
01381000,11-19,0.3,0.4,4.2,15.0,176.0,342.0,549.0
01381000,11-20,0.3,0.4,4.4,17.0,159.0,325.0,592.0
01381000,11-21,0.3,0.39,6.4,24.0,165.0,314.0,701.0
01381000,11-22,0.3,0.4,4.0,43.0,154.0,375.0,562.0
01381000,11-23,0.3,0.4,3.7,43.0,173.0,456.0,554.0
01381000,11-24,0.3,0.4,4.9,37.0,175.0,371.0,596.0
01381000,11-25,0.3,0.49,5.6,48.0,189.0,406.0,579.0
01381000,11-26,0.3,0.49,5.1,48.0,194.0,357.0,549.0
01381000,11-27,0.3,0.49,5.5,41.0,186.0,403.0,614.0
01381000,11-28,0.29,0.4,5.6,50.0,232.0,415.0,563.0
01381000,11-29,0.29,0.4,6.8,58.0,234.0,485.0,547.0
01381000,11-30,0.29,0.4,6.9,62.0,244.0,472.0,650.0
01381000,12-01,0.3,0.4,6.4,65.0,259.0,433.0,624.0
01381000,12-02,0.2,0.3,6.5,61.0,236.0,524.0,719.0
01381000,12-03,0.1,0.3,6.1,60.0,231.0,453.0,657.0
01381000,12-04,0.2,0.39,7.0,56.0,263.0,427.0,547.0
01381000,12-05,0.29,0.4,6.9,53.0,235.0,397.0,531.0
01381000,12-06,0.3,0.4,6.7,56.0,254.0,436.0,610.0
01381000,12-07,0.3,0.4,6.7,60.0,235.0,399.0,596.0
01381000,12-08,0.3,0.4,7.7,69.0,226.0,440.0,606.0
01381000,12-09,0.3,0.4,7.7,70.0,193.0,398.0,695.0
01381000,12-10,0.3,0.49,8.8,73.0,192.0,427.0,672.0
01381000,12-11,0.29,0.5,6.4,70.0,217.0,571.0,741.0
01381000,12-12,0.29,0.58,5.6,72.0,238.0,534.0,811.0
01381000,12-13,0.3,0.59,5.1,72.0,216.0,567.0,902.0
01381000,12-14,0.4,0.68,7.3,72.0,212.0,567.0,737.0
01381000,12-15,0.4,0.5,8.4,81.0,220.0,531.0,769.0
01381000,12-16,0.4,0.4,9.7,92.0,316.0,492.0,610.0
01381000,12-17,0.3,0.49,10.0,109.0,277.0,465.0,580.0
01381000,12-18,0.3,0.49,10.0,110.0,242.0,473.0,731.0
01381000,12-19,0.3,0.4,9.9,95.0,255.0,426.0,548.0
01381000,12-20,0.3,0.49,9.7,85.0,229.0,373.0,400.0
01381000,12-21,0.3,0.4,9.8,83.0,246.0,381.0,573.0
01381000,12-22,0.3,0.49,9.8,86.0,222.0,405.0,920.0
01381000,12-23,0.3,0.5,11.0,82.0,225.0,402.0,732.0
01381000,12-24,0.29,0.49,10.0,90.0,211.0,502.0,732.0
01381000,12-25,0.4,0.5,10.0,92.0,236.0,557.0,678.0
01381000,12-26,0.4,0.59,10.0,93.0,261.0,483.0,645.0
01381000,12-27,0.4,0.59,10.0,84.0,243.0,489.0,846.0
01381000,12-28,0.4,0.59,10.0,83.0,248.0,591.0,669.0
01381000,12-29,0.4,0.5,10.0,95.0,247.0,542.0,706.0
01381000,12-30,0.3,0.5,10.0,95.0,264.0,513.0,670.0
01381000,12-31,0.3,0.49,9.9,95.0,281.0,484.0,631.0
01381900,01-01,107.0,180.0,261.0,561.0,1130.0,1890.0,2290.0
01381900,01-02,103.0,164.0,267.0,661.0,1150.0,1720.0,2040.0
01381900,01-03,102.0,188.0,289.0,620.0,1060.0,1590.0,1910.0
01381900,01-04,103.0,179.0,318.0,638.0,1110.0,1550.0,2060.0
01381900,01-05,103.0,168.0,318.0,639.0,1070.0,1510.0,2090.0
01381900,01-06,104.0,197.0,300.0,617.0,1050.0,1400.0,2170.0
01381900,01-07,114.0,198.0,277.0,597.0,933.0,1470.0,2060.0
01381900,01-08,128.0,197.0,273.0,531.0,936.0,1510.0,1910.0
01381900,01-09,123.0,194.0,265.0,471.0,985.0,1690.0,1790.0
01381900,01-10,122.0,199.0,270.0,494.0,958.0,1610.0,1940.0
01381900,01-11,127.0,204.0,266.0,569.0,882.0,1490.0,1860.0
01381900,01-12,199.0,213.0,279.0,571.0,887.0,1460.0,1780.0
01381900,01-13,198.0,216.0,316.0,556.0,940.0,1410.0,1760.0
01381900,01-14,194.0,205.0,304.0,546.0,973.0,1270.0,1780.0
01381900,01-15,185.0,194.0,310.0,524.0,1030.0,1150.0,1960.0
01381900,01-16,173.0,189.0,293.0,533.0,925.0,1080.0,2070.0
01381900,01-17,164.0,184.0,292.0,553.0,884.0,1140.0,2050.0
01381900,01-18,154.0,180.0,343.0,468.0,854.0,1160.0,2150.0
01381900,01-19,154.0,180.0,357.0,608.0,841.0,1550.0,1900.0
01381900,01-20,149.0,203.0,349.0,588.0,841.0,1690.0,2100.0
01381900,01-21,146.0,182.0,339.0,551.0,953.0,1560.0,2070.0
01381900,01-22,145.0,170.0,310.0,515.0,928.0,1430.0,1970.0
01381900,01-23,146.0,188.0,278.0,467.0,937.0,1340.0,1840.0
01381900,01-24,161.0,201.0,290.0,534.0,867.0,1400.0,1710.0
01381900,01-25,157.0,205.0,320.0,570.0,955.0,1640.0,2290.0
01381900,01-26,152.0,207.0,298.0,627.0,1060.0,1780.0,2670.0
01381900,01-27,150.0,218.0,300.0,545.0,1110.0,2270.0,2550.0
01381900,01-28,149.0,189.0,283.0,505.0,1220.0,2270.0,3130.0
01381900,01-29,147.0,175.0,290.0,446.0,1170.0,2050.0,2700.0
01381900,01-30,139.0,173.0,283.0,430.0,1070.0,2040.0,2710.0
01381900,01-31,136.0,173.0,278.0,427.0,1010.0,1850.0,2900.0
01381900,02-01,150.0,188.0,271.0,469.0,984.0,1560.0,2720.0
01381900,02-02,190.0,209.0,281.0,455.0,1050.0,1410.0,2460.0
01381900,02-03,188.0,201.0,318.0,555.0,1080.0,1400.0,2160.0
01381900,02-04,177.0,212.0,323.0,618.0,1060.0,1540.0,1950.0
01381900,02-05,167.0,212.0,307.0,610.0,1120.0,1640.0,1910.0
01381900,02-06,165.0,195.0,264.0,608.0,1180.0,1570.0,1760.0
01381900,02-07,156.0,186.0,263.0,602.0,1060.0,1480.0,1670.0
01381900,02-08,148.0,185.0,285.0,647.0,908.0,1360.0,1910.0
01381900,02-09,156.0,180.0,288.0,632.0,855.0,1290.0,1730.0
01381900,02-10,144.0,159.0,275.0,588.0,838.0,1120.0,1580.0
01381900,02-11,153.0,186.0,269.0,487.0,901.0,1010.0,1390.0
01381900,02-12,160.0,185.0,326.0,545.0,805.0,1130.0,1360.0
01381900,02-13,145.0,177.0,336.0,603.0,833.0,1030.0,1480.0
01381900,02-14,158.0,183.0,366.0,599.0,780.0,1070.0,1560.0
01381900,02-15,166.0,209.0,330.0,555.0,762.0,1220.0,1370.0
01381900,02-16,158.0,232.0,360.0,552.0,843.0,1320.0,1980.0
01381900,02-17,168.0,200.0,375.0,569.0,881.0,1320.0,2360.0
01381900,02-18,164.0,224.0,383.0,597.0,912.0,1350.0,2300.0
01381900,02-19,171.0,214.0,380.0,616.0,945.0,1360.0,2110.0
01381900,02-20,183.0,232.0,407.0,653.0,959.0,1540.0,1890.0
01381900,02-21,202.0,252.0,400.0,673.0,935.0,1680.0,1830.0
01381900,02-22,232.0,274.0,385.0,682.0,943.0,1520.0,2060.0
01381900,02-23,238.0,320.0,497.0,658.0,1110.0,1670.0,1940.0
01381900,02-24,216.0,342.0,471.0,669.0,1150.0,1700.0,1960.0
01381900,02-25,202.0,323.0,422.0,637.0,1360.0,1830.0,2080.0
01381900,02-26,191.0,316.0,481.0,752.0,1450.0,1880.0,2290.0
01381900,02-27,184.0,292.0,455.0,716.0,1310.0,1800.0,2110.0
01381900,02-28,177.0,293.0,440.0,674.0,1280.0,1640.0,1970.0
01381900,02-29,,281.0,449.0,844.0,1340.0,1820.0,
01381900,03-01,165.0,322.0,440.0,721.0,1210.0,1470.0,1740.0
01381900,03-02,161.0,320.0,433.0,710.0,1180.0,1450.0,1560.0
01381900,03-03,216.0,348.0,437.0,660.0,1200.0,1610.0,1930.0
01381900,03-04,220.0,326.0,427.0,772.0,1200.0,1610.0,2180.0
01381900,03-05,245.0,325.0,428.0,745.0,1210.0,1750.0,2060.0
01381900,03-06,248.0,296.0,419.0,764.0,1290.0,1690.0,1790.0
01381900,03-07,244.0,266.0,405.0,724.0,1240.0,1760.0,2180.0
01381900,03-08,219.0,278.0,406.0,750.0,1220.0,1830.0,2200.0
01381900,03-09,278.0,312.0,389.0,845.0,1170.0,1730.0,2620.0
01381900,03-10,269.0,308.0,400.0,848.0,1300.0,1630.0,3190.0
01381900,03-11,252.0,321.0,418.0,758.0,1390.0,2040.0,3350.0
01381900,03-12,251.0,316.0,524.0,772.0,1270.0,2250.0,3120.0
01381900,03-13,264.0,327.0,505.0,867.0,1210.0,2200.0,2960.0
01381900,03-14,276.0,329.0,469.0,889.0,1280.0,2160.0,3080.0
01381900,03-15,283.0,314.0,443.0,851.0,1380.0,1860.0,3880.0
01381900,03-16,269.0,288.0,404.0,772.0,1430.0,2180.0,3300.0
01381900,03-17,242.0,262.0,423.0,767.0,1390.0,2120.0,2870.0
01381900,03-18,217.0,257.0,484.0,782.0,1310.0,1940.0,2530.0
01381900,03-19,249.0,280.0,488.0,810.0,1350.0,1860.0,2250.0
01381900,03-20,251.0,284.0,481.0,845.0,1360.0,1860.0,2620.0
01381900,03-21,242.0,273.0,559.0,850.0,1400.0,1830.0,2580.0
01381900,03-22,236.0,257.0,579.0,867.0,1540.0,2250.0,2850.0
01381900,03-23,226.0,239.0,511.0,862.0,1640.0,2600.0,3550.0
01381900,03-24,211.0,233.0,509.0,776.0,1600.0,2830.0,3580.0
01381900,03-25,200.0,233.0,473.0,809.0,1480.0,2720.0,3110.0
01381900,03-26,200.0,233.0,523.0,759.0,1400.0,2480.0,3120.0
01381900,03-27,192.0,247.0,524.0,940.0,1340.0,2180.0,3110.0
01381900,03-28,185.0,258.0,504.0,824.0,1330.0,2080.0,2890.0
01381900,03-29,186.0,279.0,469.0,909.0,1210.0,2390.0,2990.0
01381900,03-30,178.0,266.0,412.0,871.0,1340.0,2600.0,3400.0
01381900,03-31,235.0,262.0,417.0,825.0,1460.0,2560.0,3490.0
01381900,04-01,242.0,283.0,457.0,846.0,1590.0,2630.0,3590.0
01381900,04-02,234.0,328.0,559.0,866.0,1690.0,2620.0,3400.0
01381900,04-03,218.0,324.0,548.0,803.0,1750.0,2440.0,3580.0
01381900,04-04,224.0,326.0,517.0,871.0,1750.0,2540.0,3280.0
01381900,04-05,215.0,320.0,489.0,807.0,1830.0,2970.0,3780.0
01381900,04-06,203.0,294.0,465.0,815.0,1660.0,2670.0,4110.0
01381900,04-07,203.0,277.0,439.0,831.0,1500.0,2290.0,4030.0
01381900,04-08,180.0,264.0,418.0,845.0,1510.0,2400.0,3630.0
01381900,04-09,172.0,252.0,399.0,783.0,1380.0,2250.0,3570.0
01381900,04-10,176.0,260.0,386.0,714.0,1250.0,2450.0,3310.0
01381900,04-11,166.0,253.0,368.0,685.0,1260.0,2620.0,3480.0
01381900,04-12,160.0,239.0,384.0,675.0,1200.0,2350.0,3490.0
01381900,04-13,160.0,227.0,429.0,736.0,1220.0,2140.0,2910.0
01381900,04-14,175.0,225.0,399.0,779.0,1260.0,1910.0,2430.0
01381900,04-15,172.0,234.0,415.0,711.0,1430.0,1830.0,2250.0
01381900,04-16,185.0,270.0,453.0,862.0,1360.0,2120.0,2510.0
01381900,04-17,172.0,232.0,494.0,832.0,1490.0,2190.0,3790.0
01381900,04-18,159.0,212.0,427.0,867.0,1480.0,2860.0,4830.0
01381900,04-19,155.0,215.0,370.0,835.0,1370.0,2810.0,4600.0
01381900,04-20,168.0,244.0,416.0,770.0,1480.0,2560.0,3980.0
01381900,04-21,157.0,232.0,446.0,725.0,1430.0,2260.0,3410.0
01381900,04-22,168.0,218.0,443.0,686.0,1390.0,2010.0,2900.0
01381900,04-23,192.0,231.0,483.0,619.0,1330.0,2070.0,2490.0
01381900,04-24,192.0,234.0,475.0,701.0,1170.0,1880.0,2340.0
01381900,04-25,182.0,227.0,452.0,657.0,1020.0,1670.0,2200.0
01381900,04-26,216.0,258.0,450.0,640.0,1040.0,1780.0,2080.0
01381900,04-27,207.0,262.0,422.0,702.0,1080.0,1660.0,1930.0
01381900,04-28,208.0,293.0,404.0,642.0,1150.0,1680.0,1800.0
01381900,04-29,186.0,287.0,397.0,642.0,1300.0,1670.0,1960.0
01381900,04-30,180.0,285.0,394.0,673.0,1220.0,1810.0,1980.0
01381900,05-01,205.0,265.0,368.0,570.0,1150.0,1740.0,2380.0
01381900,05-02,210.0,255.0,380.0,574.0,1060.0,1550.0,3170.0
01381900,05-03,235.0,270.0,351.0,541.0,1080.0,1390.0,2930.0
01381900,05-04,234.0,291.0,374.0,589.0,1080.0,1350.0,2680.0
01381900,05-05,218.0,269.0,404.0,553.0,1080.0,1470.0,2370.0
01381900,05-06,204.0,251.0,407.0,661.0,954.0,1690.0,2270.0
01381900,05-07,195.0,228.0,380.0,710.0,908.0,1710.0,2200.0
01381900,05-08,201.0,208.0,347.0,646.0,969.0,1540.0,2000.0
01381900,05-09,183.0,193.0,412.0,596.0,944.0,1570.0,1840.0
01381900,05-10,182.0,201.0,384.0,570.0,904.0,1650.0,1840.0
01381900,05-11,177.0,226.0,351.0,540.0,980.0,1490.0,2530.0
01381900,05-12,181.0,237.0,335.0,549.0,927.0,1490.0,2830.0
01381900,05-13,179.0,226.0,319.0,592.0,930.0,1890.0,2950.0
01381900,05-14,158.0,206.0,314.0,542.0,961.0,1990.0,2950.0
01381900,05-15,146.0,192.0,300.0,499.0,1010.0,1930.0,2810.0
01381900,05-16,146.0,189.0,284.0,498.0,869.0,2010.0,2630.0
01381900,05-17,153.0,216.0,288.0,532.0,900.0,2200.0,2810.0
01381900,05-18,169.0,217.0,285.0,494.0,988.0,1970.0,3390.0
01381900,05-19,183.0,222.0,302.0,469.0,1040.0,1890.0,3560.0
01381900,05-20,185.0,206.0,297.0,530.0,983.0,1870.0,3400.0
01381900,05-21,188.0,210.0,281.0,540.0,1070.0,1870.0,3090.0
01381900,05-22,207.0,214.0,322.0,491.0,913.0,1740.0,2700.0
01381900,05-23,190.0,214.0,295.0,478.0,909.0,1610.0,2300.0
01381900,05-24,186.0,216.0,289.0,429.0,924.0,1560.0,1990.0
01381900,05-25,193.0,240.0,299.0,398.0,893.0,1460.0,1940.0
01381900,05-26,215.0,232.0,286.0,356.0,865.0,1400.0,1940.0
01381900,05-27,201.0,216.0,253.0,430.0,844.0,1460.0,1730.0
01381900,05-28,191.0,193.0,249.0,434.0,800.0,1320.0,1760.0
01381900,05-29,185.0,188.0,256.0,405.0,829.0,1220.0,1610.0
01381900,05-30,170.0,176.0,246.0,391.0,924.0,1460.0,1800.0
01381900,05-31,169.0,171.0,227.0,356.0,875.0,1550.0,2100.0
01381900,06-01,166.0,181.0,265.0,368.0,831.0,1660.0,2260.0
01381900,06-02,162.0,177.0,247.0,415.0,878.0,1900.0,2210.0
01381900,06-03,163.0,173.0,276.0,387.0,782.0,1680.0,2290.0
01381900,06-04,165.0,181.0,289.0,440.0,878.0,1610.0,2350.0
01381900,06-05,158.0,177.0,261.0,404.0,873.0,1510.0,2580.0
01381900,06-06,154.0,178.0,290.0,445.0,936.0,1530.0,2610.0
01381900,06-07,152.0,195.0,296.0,496.0,820.0,1370.0,2580.0
01381900,06-08,145.0,188.0,265.0,412.0,858.0,1220.0,2420.0
01381900,06-09,146.0,181.0,238.0,394.0,957.0,1320.0,2440.0
01381900,06-10,151.0,179.0,226.0,344.0,798.0,1240.0,2430.0
01381900,06-11,146.0,169.0,217.0,316.0,715.0,1100.0,2420.0
01381900,06-12,142.0,166.0,207.0,363.0,618.0,1110.0,2280.0
01381900,06-13,133.0,159.0,193.0,389.0,596.0,1180.0,2020.0
01381900,06-14,130.0,145.0,185.0,352.0,715.0,1330.0,1930.0
01381900,06-15,125.0,144.0,186.0,337.0,677.0,1360.0,2290.0
01381900,06-16,127.0,157.0,180.0,319.0,679.0,1380.0,2380.0
01381900,06-17,123.0,149.0,179.0,290.0,773.0,1440.0,2130.0
01381900,06-18,113.0,148.0,178.0,274.0,742.0,1500.0,1930.0
01381900,06-19,111.0,138.0,161.0,291.0,642.0,1500.0,1940.0
01381900,06-20,113.0,133.0,157.0,296.0,724.0,1440.0,1890.0
01381900,06-21,124.0,137.0,162.0,270.0,568.0,1270.0,1760.0
01381900,06-22,129.0,135.0,157.0,264.0,526.0,1440.0,1640.0
01381900,06-23,127.0,136.0,166.0,251.0,506.0,1150.0,1660.0
01381900,06-24,122.0,135.0,171.0,254.0,428.0,1060.0,1510.0
01381900,06-25,114.0,135.0,151.0,261.0,444.0,1160.0,1420.0
01381900,06-26,108.0,128.0,147.0,261.0,413.0,1150.0,1450.0
01381900,06-27,104.0,128.0,153.0,244.0,441.0,1060.0,1300.0
01381900,06-28,118.0,126.0,166.0,245.0,407.0,951.0,1240.0
01381900,06-29,127.0,132.0,170.0,247.0,459.0,865.0,1360.0
01381900,06-30,124.0,131.0,167.0,244.0,442.0,856.0,1390.0
01381900,07-01,126.0,134.0,152.0,228.0,535.0,945.0,1260.0
01381900,07-02,125.0,135.0,174.0,275.0,502.0,1020.0,1150.0
01381900,07-03,119.0,129.0,156.0,255.0,437.0,953.0,1270.0
01381900,07-04,115.0,123.0,152.0,245.0,458.0,853.0,1110.0
01381900,07-05,114.0,122.0,147.0,252.0,408.0,737.0,1000.0
01381900,07-06,107.0,116.0,151.0,225.0,435.0,860.0,1120.0
01381900,07-07,103.0,120.0,161.0,206.0,379.0,793.0,1080.0
01381900,07-08,103.0,120.0,151.0,225.0,341.0,748.0,1000.0
01381900,07-09,107.0,120.0,151.0,226.0,388.0,768.0,899.0
01381900,07-10,113.0,125.0,154.0,234.0,441.0,795.0,915.0
01381900,07-11,110.0,118.0,141.0,217.0,380.0,687.0,1250.0
01381900,07-12,111.0,116.0,140.0,205.0,376.0,748.0,1270.0
01381900,07-13,108.0,114.0,141.0,210.0,380.0,961.0,1190.0
01381900,07-14,104.0,116.0,141.0,201.0,365.0,924.0,1350.0
01381900,07-15,103.0,112.0,137.0,200.0,633.0,843.0,1550.0
01381900,07-16,101.0,111.0,140.0,197.0,650.0,884.0,1560.0
01381900,07-17,99.0,110.0,134.0,178.0,557.0,910.0,1630.0
01381900,07-18,97.0,107.0,130.0,242.0,512.0,942.0,1570.0
01381900,07-19,96.0,117.0,139.0,203.0,471.0,959.0,1480.0
01381900,07-20,97.0,119.0,156.0,230.0,422.0,809.0,1360.0
01381900,07-21,96.0,114.0,140.0,214.0,402.0,749.0,1170.0
01381900,07-22,103.0,117.0,133.0,191.0,363.0,860.0,1110.0
01381900,07-23,97.0,111.0,144.0,224.0,344.0,773.0,1090.0
01381900,07-24,92.0,106.0,134.0,245.0,487.0,937.0,1110.0
01381900,07-25,96.0,113.0,128.0,236.0,589.0,945.0,1320.0
01381900,07-26,96.0,110.0,147.0,236.0,464.0,978.0,1410.0
01381900,07-27,97.0,114.0,140.0,245.0,573.0,1100.0,1470.0
01381900,07-28,98.0,110.0,143.0,229.0,533.0,1100.0,1690.0
01381900,07-29,103.0,113.0,141.0,260.0,524.0,1080.0,1670.0
01381900,07-30,99.0,112.0,138.0,227.0,463.0,968.0,1540.0
01381900,07-31,95.0,105.0,150.0,199.0,448.0,831.0,1370.0
01381900,08-01,91.0,101.0,152.0,191.0,426.0,776.0,1170.0
01381900,08-02,91.0,108.0,143.0,201.0,413.0,812.0,993.0
01381900,08-03,94.0,107.0,141.0,211.0,424.0,864.0,1110.0
01381900,08-04,91.0,107.0,137.0,197.0,360.0,969.0,1370.0
01381900,08-05,89.0,109.0,128.0,182.0,295.0,896.0,1400.0
01381900,08-06,88.0,106.0,128.0,194.0,358.0,896.0,1340.0
01381900,08-07,87.0,102.0,125.0,177.0,418.0,990.0,1620.0
01381900,08-08,84.0,99.0,124.0,163.0,431.0,896.0,1850.0
01381900,08-09,83.0,101.0,124.0,160.0,366.0,1010.0,1820.0
01381900,08-10,81.0,97.0,118.0,162.0,500.0,1390.0,1690.0
01381900,08-11,85.0,108.0,121.0,195.0,444.0,1490.0,1880.0
01381900,08-12,86.0,104.0,126.0,235.0,504.0,1420.0,2200.0
01381900,08-13,88.0,104.0,136.0,206.0,457.0,1640.0,2220.0
01381900,08-14,96.0,109.0,133.0,221.0,429.0,1430.0,2480.0
01381900,08-15,94.0,111.0,133.0,207.0,453.0,1210.0,2260.0
01381900,08-16,97.0,110.0,135.0,181.0,344.0,1330.0,1990.0
01381900,08-17,91.0,104.0,134.0,161.0,326.0,1200.0,1950.0
01381900,08-18,88.0,97.0,119.0,190.0,365.0,961.0,2060.0
01381900,08-19,90.0,101.0,115.0,196.0,399.0,1110.0,2010.0
01381900,08-20,94.0,101.0,121.0,200.0,335.0,977.0,1950.0
01381900,08-21,98.0,100.0,123.0,183.0,313.0,798.0,1780.0
01381900,08-22,97.0,100.0,125.0,190.0,437.0,1020.0,1690.0
01381900,08-23,95.0,98.0,118.0,188.0,425.0,1030.0,1780.0
01381900,08-24,92.0,94.0,111.0,186.0,499.0,1030.0,1640.0
01381900,08-25,90.0,94.0,116.0,168.0,424.0,946.0,1450.0
01381900,08-26,92.0,96.0,119.0,169.0,412.0,869.0,1260.0
01381900,08-27,90.0,95.0,111.0,165.0,379.0,767.0,1100.0
01381900,08-28,87.0,91.0,109.0,164.0,388.0,654.0,1670.0
01381900,08-29,85.0,93.0,114.0,172.0,393.0,588.0,1440.0
01381900,08-30,84.0,94.0,109.0,149.0,333.0,577.0,1260.0
01381900,08-31,88.0,92.0,105.0,149.0,242.0,537.0,1090.0
01381900,09-01,88.0,95.0,107.0,141.0,220.0,473.0,1050.0
01381900,09-02,88.0,95.0,104.0,138.0,222.0,417.0,2680.0
01381900,09-03,88.0,97.0,104.0,149.0,243.0,573.0,3290.0
01381900,09-04,86.0,96.0,102.0,148.0,248.0,600.0,2820.0
01381900,09-05,85.0,93.0,108.0,150.0,312.0,646.0,2400.0
01381900,09-06,87.0,91.0,104.0,160.0,258.0,537.0,2240.0
01381900,09-07,87.0,90.0,101.0,163.0,282.0,528.0,2470.0
01381900,09-08,82.0,90.0,110.0,162.0,286.0,584.0,2090.0
01381900,09-09,82.0,88.0,107.0,159.0,291.0,702.0,1820.0
01381900,09-10,87.0,95.0,107.0,157.0,239.0,674.0,1610.0
01381900,09-11,85.0,93.0,117.0,169.0,330.0,698.0,1390.0
01381900,09-12,84.0,93.0,107.0,154.0,270.0,833.0,1160.0
01381900,09-13,84.0,95.0,108.0,149.0,280.0,787.0,1000.0
01381900,09-14,83.0,96.0,112.0,164.0,281.0,716.0,967.0
01381900,09-15,92.0,96.0,111.0,141.0,365.0,580.0,1160.0
01381900,09-16,89.0,96.0,115.0,178.0,328.0,764.0,1260.0
01381900,09-17,91.0,94.0,121.0,179.0,336.0,787.0,1630.0
01381900,09-18,89.0,99.0,124.0,185.0,312.0,789.0,1430.0
01381900,09-19,91.0,108.0,124.0,149.0,381.0,897.0,1290.0
01381900,09-20,95.0,100.0,115.0,139.0,397.0,1100.0,1340.0
01381900,09-21,93.0,98.0,111.0,132.0,320.0,1010.0,1830.0
01381900,09-22,91.0,94.0,113.0,134.0,322.0,840.0,2140.0
01381900,09-23,89.0,91.0,119.0,144.0,335.0,765.0,1920.0
01381900,09-24,85.0,88.0,117.0,141.0,325.0,769.0,1790.0
01381900,09-25,83.0,86.0,111.0,137.0,322.0,1110.0,1660.0
01381900,09-26,84.0,90.0,116.0,151.0,338.0,1260.0,1510.0
01381900,09-27,84.0,103.0,122.0,190.0,548.0,1240.0,1600.0
01381900,09-28,82.0,99.0,123.0,213.0,528.0,1220.0,1600.0
01381900,09-29,81.0,96.0,124.0,201.0,499.0,1380.0,1500.0
01381900,09-30,84.0,97.0,126.0,189.0,439.0,1440.0,1930.0
01381900,10-01,83.0,97.0,128.0,167.0,549.0,1280.0,1780.0
01381900,10-02,85.0,98.0,131.0,185.0,401.0,1250.0,1610.0
01381900,10-03,94.0,100.0,121.0,194.0,295.0,1260.0,1580.0
01381900,10-04,95.0,101.0,121.0,178.0,488.0,1130.0,1550.0
01381900,10-05,92.0,100.0,123.0,179.0,498.0,986.0,1310.0
01381900,10-06,86.0,97.0,115.0,164.0,473.0,866.0,1050.0
01381900,10-07,84.0,96.0,118.0,148.0,442.0,784.0,951.0
01381900,10-08,81.0,102.0,120.0,177.0,394.0,681.0,849.0
01381900,10-09,90.0,99.0,117.0,186.0,400.0,679.0,960.0
01381900,10-10,96.0,103.0,126.0,175.0,340.0,705.0,970.0
01381900,10-11,92.0,103.0,121.0,184.0,317.0,780.0,993.0
01381900,10-12,87.0,99.0,122.0,194.0,339.0,954.0,1100.0
01381900,10-13,82.0,99.0,122.0,179.0,337.0,941.0,1350.0
01381900,10-14,77.0,97.0,120.0,185.0,328.0,1170.0,1440.0
01381900,10-15,74.0,94.0,122.0,183.0,350.0,1050.0,1590.0
01381900,10-16,72.0,94.0,132.0,217.0,344.0,940.0,1550.0
01381900,10-17,75.0,91.0,132.0,193.0,455.0,901.0,1400.0
01381900,10-18,77.0,93.0,118.0,209.0,409.0,894.0,1240.0
01381900,10-19,76.0,100.0,127.0,227.0,410.0,993.0,1200.0
01381900,10-20,76.0,96.0,122.0,199.0,382.0,1210.0,2050.0
01381900,10-21,74.0,92.0,124.0,179.0,464.0,1140.0,2440.0
01381900,10-22,78.0,96.0,124.0,199.0,449.0,1000.0,2690.0
01381900,10-23,78.0,93.0,123.0,201.0,444.0,942.0,2570.0
01381900,10-24,84.0,97.0,125.0,218.0,535.0,990.0,2340.0
01381900,10-25,89.0,105.0,142.0,217.0,444.0,1070.0,2240.0
01381900,10-26,87.0,106.0,158.0,238.0,458.0,1090.0,2040.0
01381900,10-27,92.0,104.0,144.0,249.0,483.0,1360.0,2160.0
01381900,10-28,103.0,116.0,155.0,230.0,788.0,1220.0,2150.0
01381900,10-29,103.0,121.0,154.0,260.0,888.0,1690.0,2060.0
01381900,10-30,103.0,119.0,145.0,290.0,892.0,1810.0,2260.0
01381900,10-31,106.0,113.0,144.0,274.0,958.0,1600.0,2140.0
01381900,11-01,105.0,119.0,143.0,285.0,965.0,1420.0,1970.0
01381900,11-02,100.0,115.0,147.0,310.0,844.0,1420.0,1760.0
01381900,11-03,94.0,122.0,144.0,352.0,859.0,1340.0,1560.0
01381900,11-04,97.0,116.0,145.0,278.0,823.0,1360.0,1480.0
01381900,11-05,109.0,124.0,151.0,408.0,709.0,1210.0,1350.0
01381900,11-06,100.0,118.0,154.0,430.0,636.0,1090.0,1190.0
01381900,11-07,97.0,114.0,160.0,372.0,559.0,948.0,1080.0
01381900,11-08,93.0,120.0,159.0,338.0,430.0,897.0,1040.0
01381900,11-09,90.0,116.0,158.0,305.0,415.0,846.0,1520.0
01381900,11-10,98.0,122.0,155.0,263.0,446.0,816.0,1650.0
01381900,11-11,111.0,134.0,200.0,257.0,631.0,888.0,1740.0
01381900,11-12,103.0,128.0,186.0,282.0,588.0,1210.0,1940.0
01381900,11-13,98.0,127.0,175.0,286.0,604.0,1270.0,1990.0
01381900,11-14,95.0,117.0,170.0,342.0,604.0,1180.0,2090.0
01381900,11-15,103.0,122.0,174.0,335.0,565.0,1230.0,2100.0
01381900,11-16,100.0,110.0,168.0,348.0,577.0,1100.0,2080.0
01381900,11-17,93.0,109.0,181.0,341.0,639.0,998.0,2140.0
01381900,11-18,100.0,127.0,176.0,350.0,622.0,1350.0,2220.0
01381900,11-19,103.0,126.0,181.0,353.0,582.0,1570.0,2160.0
01381900,11-20,113.0,130.0,189.0,350.0,627.0,1610.0,2020.0
01381900,11-21,118.0,139.0,178.0,334.0,647.0,1660.0,1880.0
01381900,11-22,112.0,122.0,199.0,392.0,656.0,1700.0,2160.0
01381900,11-23,100.0,121.0,190.0,389.0,804.0,1780.0,2120.0
01381900,11-24,105.0,129.0,180.0,356.0,995.0,1780.0,2010.0
01381900,11-25,108.0,131.0,183.0,338.0,854.0,1830.0,2100.0
01381900,11-26,116.0,138.0,194.0,416.0,923.0,1580.0,2220.0
01381900,11-27,121.0,139.0,220.0,493.0,1080.0,1670.0,2110.0
01381900,11-28,124.0,145.0,279.0,522.0,1110.0,1550.0,2270.0
01381900,11-29,129.0,170.0,295.0,485.0,1160.0,1650.0,2200.0
01381900,11-30,122.0,165.0,298.0,651.0,1260.0,1840.0,2200.0
01381900,12-01,126.0,160.0,269.0,630.0,1220.0,1810.0,2300.0
01381900,12-02,124.0,185.0,273.0,602.0,1300.0,1760.0,2370.0
01381900,12-03,117.0,176.0,350.0,600.0,1220.0,1930.0,2650.0
01381900,12-04,112.0,162.0,332.0,568.0,1150.0,1940.0,2520.0
01381900,12-05,103.0,163.0,303.0,546.0,1170.0,2280.0,2450.0
01381900,12-06,118.0,159.0,284.0,507.0,1110.0,1930.0,2620.0
01381900,12-07,119.0,149.0,294.0,592.0,973.0,1780.0,2380.0
01381900,12-08,113.0,142.0,263.0,550.0,895.0,1730.0,2110.0
01381900,12-09,123.0,156.0,277.0,485.0,861.0,1700.0,2230.0
01381900,12-10,129.0,158.0,271.0,443.0,941.0,1660.0,2190.0
01381900,12-11,129.0,153.0,267.0,447.0,1180.0,1600.0,2160.0
01381900,12-12,122.0,144.0,268.0,474.0,1270.0,1860.0,2280.0
01381900,12-13,120.0,137.0,272.0,471.0,1230.0,2260.0,2550.0
01381900,12-14,119.0,135.0,268.0,502.0,1190.0,2530.0,3000.0
01381900,12-15,120.0,150.0,251.0,588.0,1220.0,2520.0,2910.0
01381900,12-16,116.0,143.0,250.0,591.0,1170.0,2270.0,2870.0
01381900,12-17,116.0,145.0,264.0,560.0,1200.0,2130.0,2700.0
01381900,12-18,116.0,201.0,321.0,546.0,1440.0,2280.0,2610.0
01381900,12-19,114.0,207.0,342.0,571.0,1290.0,2280.0,2900.0
01381900,12-20,113.0,203.0,295.0,519.0,1330.0,2130.0,2470.0
01381900,12-21,113.0,187.0,276.0,448.0,1400.0,1930.0,2220.0
01381900,12-22,119.0,179.0,278.0,475.0,1270.0,1740.0,2680.0
01381900,12-23,131.0,173.0,280.0,525.0,1230.0,1880.0,2730.0
01381900,12-24,146.0,227.0,292.0,528.0,1140.0,1920.0,2390.0
01381900,12-25,136.0,234.0,290.0,626.0,1200.0,2010.0,2360.0
01381900,12-26,130.0,208.0,281.0,637.0,1360.0,1800.0,2300.0
01381900,12-27,129.0,193.0,268.0,668.0,1380.0,1830.0,2200.0
01381900,12-28,129.0,176.0,257.0,564.0,1400.0,2120.0,2420.0
01381900,12-29,129.0,157.0,257.0,528.0,1280.0,2160.0,2540.0
01381900,12-30,123.0,208.0,283.0,622.0,1220.0,1970.0,2430.0
01381900,12-31,110.0,180.0,264.0,590.0,1290.0,1850.0,2250.0
01382500,01-01,0.0,0.0,2.7,16.0,67.0,187.0,267.0
01382500,01-02,0.0,0.0,1.9,17.0,77.0,166.0,252.0
01382500,01-03,0.0,0.0,4.4,17.0,79.0,147.0,223.0
01382500,01-04,0.0,0.0,1.7,16.0,73.0,169.0,202.0
01382500,01-05,0.0,0.0,1.9,16.0,69.0,172.0,230.0
01382500,01-06,0.0,0.0,1.1,14.0,71.0,168.0,237.0
01382500,01-07,0.0,0.0,1.1,16.0,70.0,155.0,195.0
01382500,01-08,0.0,0.0,1.1,16.0,73.0,153.0,194.0
01382500,01-09,0.0,0.0,1.7,17.0,57.0,149.0,240.0
01382500,01-10,0.0,0.0,1.4,17.0,57.0,132.0,224.0
01382500,01-11,0.0,0.0,2.1,15.0,57.0,125.0,193.0
01382500,01-12,0.0,0.0,2.1,12.0,73.0,122.0,195.0
01382500,01-13,0.0,0.0,0.0,13.0,66.0,153.0,200.0
01382500,01-14,0.0,0.0,0.45,13.0,62.0,145.0,183.0
01382500,01-15,0.0,0.0,1.1,14.0,64.0,124.0,181.0
01382500,01-16,0.0,0.0,1.1,12.0,70.0,111.0,211.0
01382500,01-17,0.0,0.0,1.1,12.0,73.0,110.0,216.0
01382500,01-18,0.0,0.0,1.4,15.0,66.0,108.0,163.0
01382500,01-19,0.0,0.0,1.1,18.0,56.0,122.0,189.0
01382500,01-20,0.0,0.0,4.6,18.0,68.0,135.0,181.0
01382500,01-21,0.0,0.0,4.8,18.0,59.0,139.0,170.0
01382500,01-22,0.0,0.0,5.4,17.0,56.0,122.0,144.0
01382500,01-23,0.0,0.0,4.7,17.0,60.0,113.0,175.0
01382500,01-24,0.0,0.0,3.2,15.0,59.0,157.0,223.0
01382500,01-25,0.0,0.0,4.6,18.0,70.0,211.0,456.0
01382500,01-26,0.0,0.0,3.1,17.0,82.0,240.0,601.0
01382500,01-27,0.0,0.0,2.4,14.0,81.0,243.0,419.0
01382500,01-28,0.0,0.0,2.9,17.0,73.0,274.0,378.0
01382500,01-29,0.0,0.0,3.4,13.0,70.0,235.0,308.0
01382500,01-30,0.0,0.0,3.0,14.0,56.0,201.0,251.0
01382500,01-31,0.0,0.0,2.3,16.0,52.0,176.0,267.0
01382500,02-01,0.0,0.0,2.9,18.0,55.0,163.0,211.0
01382500,02-02,0.0,0.0,2.8,20.0,61.0,150.0,252.0
01382500,02-03,0.0,0.0,1.1,17.0,71.0,169.0,230.0
01382500,02-04,0.0,0.0,1.0,15.0,73.0,187.0,272.0
01382500,02-05,0.0,0.0,1.1,16.0,79.0,155.0,229.0
01382500,02-06,0.0,0.0,1.9,18.0,82.0,146.0,197.0
01382500,02-07,0.0,0.0,3.2,17.0,77.0,174.0,211.0
01382500,02-08,0.0,0.0,4.0,19.0,78.0,166.0,198.0
01382500,02-09,0.0,0.0,3.2,16.0,61.0,153.0,185.0
01382500,02-10,0.0,0.0,3.3,14.0,68.0,127.0,158.0
01382500,02-11,0.0,0.0,3.3,17.0,70.0,123.0,163.0
01382500,02-12,0.0,0.0,3.2,17.0,63.0,127.0,176.0
01382500,02-13,0.0,0.0,1.5,16.0,60.0,138.0,169.0
01382500,02-14,0.0,0.0,2.1,21.0,69.0,133.0,182.0
01382500,02-15,0.0,0.0,2.1,22.0,80.0,175.0,262.0
01382500,02-16,0.0,0.0,3.0,19.0,84.0,126.0,255.0
01382500,02-17,0.0,0.0,3.2,18.0,85.0,134.0,268.0
01382500,02-18,0.0,0.0,3.4,17.0,73.0,152.0,237.0
01382500,02-19,0.0,0.0,3.3,17.0,74.0,129.0,232.0
01382500,02-20,0.0,0.0,3.2,17.0,82.0,158.0,189.0
01382500,02-21,0.0,0.0,3.2,20.0,73.0,164.0,265.0
01382500,02-22,0.0,0.0,3.2,22.0,67.0,168.0,292.0
01382500,02-23,0.0,0.0,4.1,21.0,85.0,177.0,287.0
01382500,02-24,0.0,0.0,5.6,28.0,84.0,200.0,349.0
01382500,02-25,0.0,0.0,3.3,28.0,99.0,230.0,390.0
01382500,02-26,0.0,0.0,3.4,27.0,93.0,322.0,425.0
01382500,02-27,0.0,0.0,4.6,28.0,99.0,258.0,314.0
01382500,02-28,0.0,0.0,4.7,26.0,87.0,205.0,300.0
01382500,02-29,0.0,0.0,1.3,20.0,112.0,245.0,259.0
01382500,03-01,0.0,0.0,3.3,23.0,93.0,195.0,277.0
01382500,03-02,0.0,0.0,3.2,26.0,96.0,200.0,317.0
01382500,03-03,0.0,0.0,4.4,27.0,88.0,195.0,293.0
01382500,03-04,0.0,0.0,5.8,31.0,90.0,174.0,243.0
01382500,03-05,0.0,0.0,5.6,30.0,99.0,207.0,304.0
01382500,03-06,0.0,0.0,6.9,28.0,132.0,208.0,288.0
01382500,03-07,0.0,0.0,6.3,28.0,114.0,206.0,326.0
01382500,03-08,0.0,0.0,7.0,39.0,128.0,206.0,359.0
01382500,03-09,0.0,0.0,7.4,40.0,117.0,216.0,299.0
01382500,03-10,0.0,0.0,6.4,38.0,120.0,188.0,311.0
01382500,03-11,0.0,0.0,7.2,32.0,117.0,230.0,363.0
01382500,03-12,0.0,0.0,8.0,45.0,116.0,234.0,389.0
01382500,03-13,0.0,0.0,12.0,41.0,124.0,244.0,658.0
01382500,03-14,0.0,0.0,11.0,49.0,160.0,294.0,501.0
01382500,03-15,0.0,0.0,12.0,59.0,181.0,320.0,381.0
01382500,03-16,0.0,0.0,10.0,70.0,192.0,284.0,454.0
01382500,03-17,0.0,0.0,12.0,85.0,194.0,279.0,447.0
01382500,03-18,0.0,0.0,10.0,80.0,175.0,312.0,379.0
01382500,03-19,0.0,0.0,11.0,82.0,192.0,286.0,453.0
01382500,03-20,0.0,0.0,10.0,83.0,221.0,329.0,451.0
01382500,03-21,0.0,0.0,12.0,101.0,223.0,312.0,464.0
01382500,03-22,0.0,0.0,15.0,97.0,221.0,331.0,591.0
01382500,03-23,0.0,1.4,16.0,88.0,184.0,381.0,559.0
01382500,03-24,0.0,1.1,20.0,102.0,182.0,323.0,460.0
01382500,03-25,0.0,0.56,20.0,100.0,199.0,332.0,390.0
01382500,03-26,0.0,0.23,14.0,96.0,175.0,285.0,345.0
01382500,03-27,0.0,0.05,17.0,90.0,167.0,266.0,319.0
01382500,03-28,0.0,1.2,18.0,79.0,171.0,277.0,348.0
01382500,03-29,0.0,3.7,22.0,84.0,169.0,294.0,575.0
01382500,03-30,0.0,3.5,20.0,84.0,186.0,334.0,718.0
01382500,03-31,0.0,3.2,26.0,78.0,186.0,383.0,620.0
01382500,04-01,0.0,1.3,33.0,102.0,224.0,422.0,568.0
01382500,04-02,0.0,2.3,30.0,107.0,244.0,476.0,555.0
01382500,04-03,0.0,3.0,28.0,99.0,249.0,419.0,560.0
01382500,04-04,0.0,1.3,26.0,99.0,235.0,450.0,542.0
01382500,04-05,0.0,3.1,27.0,114.0,255.0,446.0,731.0
01382500,04-06,0.0,3.4,28.0,116.0,274.0,494.0,722.0
01382500,04-07,0.0,3.4,24.0,95.0,268.0,447.0,640.0
01382500,04-08,0.0,3.4,22.0,86.0,235.0,445.0,532.0
01382500,04-09,0.0,2.3,17.0,83.0,238.0,388.0,510.0
01382500,04-10,0.0,0.5,20.0,82.0,230.0,401.0,511.0
01382500,04-11,0.0,0.29,16.0,78.0,201.0,342.0,496.0
01382500,04-12,0.0,0.03,14.0,94.0,207.0,330.0,444.0
01382500,04-13,0.0,0.11,19.0,97.0,218.0,319.0,362.0
01382500,04-14,0.0,1.2,19.0,86.0,200.0,334.0,406.0
01382500,04-15,0.0,2.5,17.0,84.0,201.0,326.0,391.0
01382500,04-16,0.0,0.11,19.0,73.0,219.0,363.0,532.0
01382500,04-17,0.0,0.11,14.0,75.0,194.0,492.0,719.0
01382500,04-18,0.0,1.2,13.0,77.0,170.0,447.0,584.0
01382500,04-19,0.0,0.0,13.0,69.0,179.0,361.0,582.0
01382500,04-20,0.0,0.0,11.0,58.0,171.0,322.0,454.0
01382500,04-21,0.0,0.0,9.1,56.0,159.0,294.0,340.0
01382500,04-22,0.0,0.0,8.1,61.0,153.0,243.0,271.0
01382500,04-23,0.0,0.0,11.0,58.0,138.0,237.0,300.0
01382500,04-24,0.0,0.11,13.0,55.0,147.0,238.0,340.0
01382500,04-25,0.0,1.2,14.0,51.0,141.0,242.0,304.0
01382500,04-26,0.0,1.1,17.0,48.0,137.0,224.0,298.0
01382500,04-27,0.0,0.11,13.0,49.0,128.0,238.0,267.0
01382500,04-28,0.0,0.11,12.0,56.0,136.0,230.0,299.0
01382500,04-29,0.0,0.27,12.0,51.0,133.0,232.0,347.0
01382500,04-30,0.0,0.02,11.0,49.0,120.0,239.0,363.0
01382500,05-01,0.0,0.0,11.0,43.0,114.0,238.0,411.0
01382500,05-02,0.0,0.0,9.2,38.0,113.0,230.0,341.0
01382500,05-03,0.0,0.0,10.0,34.0,119.0,199.0,283.0
01382500,05-04,0.0,0.0,9.5,36.0,126.0,229.0,314.0
01382500,05-05,0.0,0.0,7.8,32.0,111.0,200.0,270.0
01382500,05-06,0.0,0.0,7.7,31.0,103.0,186.0,255.0
01382500,05-07,0.0,0.0,7.7,34.0,99.0,202.0,234.0
01382500,05-08,0.0,0.0,8.0,38.0,114.0,214.0,250.0
01382500,05-09,0.0,0.0,7.0,32.0,103.0,216.0,328.0
01382500,05-10,0.0,0.0,6.5,39.0,106.0,207.0,287.0
01382500,05-11,0.0,0.0,6.4,27.0,104.0,190.0,265.0
01382500,05-12,0.0,0.0,6.1,31.0,101.0,199.0,328.0
01382500,05-13,0.0,0.0,9.1,32.0,91.0,209.0,317.0
01382500,05-14,0.0,0.0,6.1,38.0,92.0,210.0,388.0
01382500,05-15,0.0,0.0,5.9,41.0,102.0,211.0,399.0
01382500,05-16,0.0,0.0,5.6,39.0,111.0,207.0,373.0
01382500,05-17,0.0,0.0,4.8,29.0,105.0,269.0,369.0
01382500,05-18,0.0,0.0,4.8,28.0,93.0,251.0,363.0
01382500,05-19,0.0,0.0,3.2,27.0,87.0,204.0,298.0
01382500,05-20,0.0,0.0,4.5,28.0,93.0,200.0,376.0
01382500,05-21,0.0,0.0,6.4,24.0,94.0,193.0,316.0
01382500,05-22,0.0,0.0,5.8,21.0,86.0,170.0,262.0
01382500,05-23,0.0,0.0,6.3,21.0,83.0,166.0,231.0
01382500,05-24,0.0,0.0,6.3,19.0,97.0,188.0,236.0
01382500,05-25,0.0,0.0,5.8,17.0,80.0,177.0,252.0
01382500,05-26,0.0,0.0,5.5,16.0,71.0,179.0,215.0
01382500,05-27,0.0,0.0,5.1,16.0,73.0,160.0,236.0
01382500,05-28,0.0,0.0,4.5,13.0,59.0,142.0,220.0
01382500,05-29,0.0,0.0,3.7,15.0,69.0,172.0,196.0
01382500,05-30,0.0,0.0,3.4,13.0,63.0,155.0,268.0
01382500,05-31,0.0,0.0,2.7,11.0,57.0,184.0,339.0
01382500,06-01,0.0,0.0,2.7,12.0,46.0,208.0,688.0
01382500,06-02,0.0,0.0,2.9,12.0,54.0,197.0,496.0
01382500,06-03,0.0,0.0,2.4,12.0,41.0,166.0,428.0
01382500,06-04,0.0,0.0,1.6,11.0,48.0,157.0,362.0
01382500,06-05,0.0,0.0,1.3,8.9,45.0,172.0,256.0
01382500,06-06,0.0,0.0,1.1,8.7,47.0,153.0,201.0
01382500,06-07,0.0,0.0,1.3,10.0,47.0,127.0,165.0
01382500,06-08,0.0,0.0,1.1,8.5,41.0,123.0,220.0
01382500,06-09,0.0,0.0,0.0,8.1,30.0,109.0,201.0
01382500,06-10,0.0,0.0,0.28,7.2,34.0,94.0,175.0
01382500,06-11,0.0,0.0,0.0,6.0,32.0,78.0,128.0
01382500,06-12,0.0,0.0,0.0,5.7,22.0,77.0,157.0
01382500,06-13,0.0,0.0,0.0,6.1,25.0,97.0,128.0
01382500,06-14,0.0,0.0,0.0,5.5,20.0,81.0,159.0
01382500,06-15,0.0,0.0,0.0,5.0,19.0,101.0,205.0
01382500,06-16,0.0,0.0,0.0,5.2,19.0,123.0,210.0
01382500,06-17,0.0,0.0,0.0,4.5,18.0,79.0,166.0
01382500,06-18,0.0,0.0,0.0,3.5,13.0,87.0,205.0
01382500,06-19,0.0,0.0,0.0,3.9,19.0,123.0,182.0
01382500,06-20,0.0,0.0,0.0,4.6,22.0,123.0,214.0
01382500,06-21,0.0,0.0,0.0,3.6,17.0,100.0,171.0
01382500,06-22,0.0,0.0,0.0,3.3,17.0,76.0,137.0
01382500,06-23,0.0,0.0,0.0,3.0,17.0,73.0,174.0
01382500,06-24,0.0,0.0,0.0,2.5,12.0,63.0,127.0
01382500,06-25,0.0,0.0,0.0,2.1,12.0,49.0,143.0
01382500,06-26,0.0,0.0,0.0,2.0,12.0,70.0,135.0
01382500,06-27,0.0,0.0,0.0,2.3,11.0,82.0,190.0
01382500,06-28,0.0,0.0,0.0,2.2,11.0,105.0,239.0
01382500,06-29,0.0,0.0,0.0,2.0,11.0,90.0,134.0
01382500,06-30,0.0,0.0,0.0,2.0,12.0,95.0,217.0
01382500,07-01,0.0,0.0,0.0,1.9,14.0,76.0,244.0
01382500,07-02,0.0,0.0,0.0,2.5,13.0,57.0,186.0
01382500,07-03,0.0,0.0,0.0,2.5,13.0,40.0,139.0
01382500,07-04,0.0,0.0,0.0,2.0,13.0,32.0,87.0
01382500,07-05,0.0,0.0,0.0,2.3,9.7,28.0,77.0
01382500,07-06,0.0,0.0,0.0,2.0,8.9,27.0,90.0
01382500,07-07,0.0,0.0,0.0,1.9,9.3,24.0,66.0
01382500,07-08,0.0,0.0,0.0,2.2,9.7,18.0,56.0
01382500,07-09,0.0,0.0,0.0,2.6,9.4,24.0,69.0
01382500,07-10,0.0,0.0,0.0,2.1,8.2,19.0,153.0
01382500,07-11,0.0,0.0,0.0,1.8,8.1,17.0,116.0
01382500,07-12,0.0,0.0,0.0,2.1,8.8,32.0,80.0
01382500,07-13,0.0,0.0,0.0,2.4,8.8,48.0,86.0
01382500,07-14,0.0,0.0,0.0,2.0,7.9,32.0,88.0
01382500,07-15,0.0,0.0,0.0,2.1,8.5,47.0,104.0
01382500,07-16,0.0,0.0,0.0,1.9,7.8,53.0,107.0
01382500,07-17,0.0,0.0,0.0,1.6,7.2,38.0,112.0
01382500,07-18,0.0,0.0,0.0,1.3,7.2,39.0,105.0
01382500,07-19,0.0,0.0,0.0,1.2,7.9,28.0,124.0
01382500,07-20,0.0,0.0,0.0,1.5,7.6,33.0,75.0
01382500,07-21,0.0,0.0,0.0,1.4,9.2,42.0,125.0
01382500,07-22,0.0,0.0,0.0,2.7,12.0,63.0,140.0
01382500,07-23,0.0,0.0,0.0,3.2,16.0,71.0,128.0
01382500,07-24,0.0,0.0,0.0,3.3,15.0,35.0,71.0
01382500,07-25,0.0,0.0,0.0,3.3,11.0,28.0,179.0
01382500,07-26,0.0,0.0,0.0,3.0,11.0,28.0,92.0
01382500,07-27,0.0,0.0,0.0,3.2,9.3,35.0,92.0
01382500,07-28,0.0,0.0,0.0,2.3,9.1,52.0,73.0
01382500,07-29,0.0,0.0,0.0,3.3,8.6,46.0,72.0
01382500,07-30,0.0,0.0,0.0,2.7,9.5,43.0,78.0
01382500,07-31,0.0,0.0,0.0,1.8,8.9,24.0,99.0
01382500,08-01,0.0,0.0,0.0,2.0,8.1,24.0,78.0
01382500,08-02,0.0,0.0,0.0,1.4,8.1,29.0,44.0
01382500,08-03,0.0,0.0,0.0,2.3,10.0,27.0,72.0
01382500,08-04,0.0,0.0,0.0,2.7,8.4,30.0,104.0
01382500,08-05,0.0,0.0,0.0,2.0,8.0,26.0,71.0
01382500,08-06,0.0,0.0,0.0,1.9,8.0,22.0,65.0
01382500,08-07,0.0,0.0,0.0,1.9,7.9,27.0,61.0
01382500,08-08,0.0,0.0,0.0,1.8,8.5,26.0,88.0
01382500,08-09,0.0,0.0,0.0,1.5,8.0,40.0,84.0
01382500,08-10,0.0,0.0,0.0,1.9,8.9,44.0,79.0
01382500,08-11,0.0,0.0,0.0,1.9,9.0,28.0,90.0
01382500,08-12,0.0,0.0,0.0,1.6,8.7,28.0,97.0
01382500,08-13,0.0,0.0,0.0,1.7,7.4,22.0,92.0
01382500,08-14,0.0,0.0,0.0,1.7,7.4,28.0,49.0
01382500,08-15,0.0,0.0,0.0,1.8,8.1,24.0,49.0
01382500,08-16,0.0,0.0,0.0,1.8,8.8,21.0,35.0
01382500,08-17,0.0,0.0,0.0,1.7,7.5,14.0,85.0
01382500,08-18,0.0,0.0,0.0,1.7,8.7,27.0,107.0
01382500,08-19,0.0,0.0,0.0,2.2,9.1,40.0,143.0
01382500,08-20,0.0,0.0,0.0,1.8,8.7,32.0,126.0
01382500,08-21,0.0,0.0,0.0,1.7,9.2,28.0,88.0
01382500,08-22,0.0,0.0,0.0,1.9,9.0,45.0,140.0
01382500,08-23,0.0,0.0,0.0,2.0,8.4,51.0,226.0
01382500,08-24,0.0,0.0,0.0,1.8,7.1,51.0,158.0
01382500,08-25,0.0,0.0,0.0,1.7,8.4,42.0,99.0
01382500,08-26,0.0,0.0,0.0,1.8,8.4,41.0,78.0
01382500,08-27,0.0,0.0,0.0,1.4,8.7,40.0,57.0
01382500,08-28,0.0,0.0,0.0,1.8,8.0,37.0,127.0
01382500,08-29,0.0,0.0,0.0,1.7,7.7,25.0,207.0
01382500,08-30,0.0,0.0,0.0,1.4,8.0,21.0,114.0
01382500,08-31,0.0,0.0,0.0,1.3,7.6,22.0,88.0
01382500,09-01,0.0,0.0,0.0,1.3,7.6,35.0,236.0
01382500,09-02,0.0,0.0,0.0,1.3,7.7,38.0,246.0
01382500,09-03,0.0,0.0,0.0,1.3,7.8,31.0,182.0
01382500,09-04,0.0,0.0,0.0,1.5,7.6,58.0,212.0
01382500,09-05,0.0,0.0,0.0,1.3,7.6,25.0,157.0
01382500,09-06,0.0,0.0,0.0,1.3,7.8,32.0,162.0
01382500,09-07,0.0,0.0,0.0,1.4,8.5,34.0,108.0
01382500,09-08,0.0,0.0,0.0,1.4,8.4,30.0,71.0
01382500,09-09,0.0,0.0,0.0,1.8,8.5,20.0,64.0
01382500,09-10,0.0,0.0,0.0,1.4,7.7,17.0,45.0
01382500,09-11,0.0,0.0,0.0,1.4,7.6,14.0,40.0
01382500,09-12,0.0,0.0,0.0,1.2,7.6,13.0,120.0
01382500,09-13,0.0,0.0,0.0,1.1,7.6,16.0,114.0
01382500,09-14,0.0,0.0,0.0,1.1,7.8,15.0,109.0
01382500,09-15,0.0,0.0,0.0,1.6,7.6,25.0,164.0
01382500,09-16,0.0,0.0,0.0,1.5,6.6,29.0,179.0
01382500,09-17,0.0,0.0,0.0,1.6,7.5,28.0,154.0
01382500,09-18,0.0,0.0,0.0,1.6,7.7,42.0,116.0
01382500,09-19,0.0,0.0,0.0,1.5,8.5,49.0,195.0
01382500,09-20,0.0,0.0,0.0,2.0,11.0,77.0,220.0
01382500,09-21,0.0,0.0,0.0,1.8,11.0,58.0,189.0
01382500,09-22,0.0,0.0,0.0,2.3,11.0,59.0,146.0
01382500,09-23,0.0,0.0,0.0,1.8,8.5,44.0,116.0
01382500,09-24,0.0,0.0,0.0,1.7,8.1,38.0,145.0
01382500,09-25,0.0,0.0,0.0,1.7,8.1,52.0,130.0
01382500,09-26,0.0,0.0,0.0,2.0,8.7,52.0,127.0
01382500,09-27,0.0,0.0,0.0,2.4,9.4,73.0,134.0
01382500,09-28,0.0,0.0,0.0,2.1,9.2,49.0,180.0
01382500,09-29,0.0,0.0,0.0,2.7,10.0,50.0,200.0
01382500,09-30,0.0,0.0,0.0,2.6,10.0,54.0,243.0
01382500,10-01,0.0,0.0,0.0,2.3,10.0,52.0,112.0
01382500,10-02,0.0,0.0,0.0,2.5,10.0,31.0,72.0
01382500,10-03,0.0,0.0,0.0,2.4,10.0,27.0,49.0
01382500,10-04,0.0,0.0,0.0,2.0,10.0,33.0,52.0
01382500,10-05,0.0,0.0,0.0,1.9,10.0,29.0,65.0
01382500,10-06,0.0,0.0,0.0,1.9,10.0,25.0,61.0
01382500,10-07,0.0,0.0,0.0,1.7,11.0,28.0,76.0
01382500,10-08,0.0,0.0,0.0,2.1,11.0,31.0,82.0
01382500,10-09,0.0,0.0,0.0,2.2,11.0,35.0,99.0
01382500,10-10,0.0,0.0,0.0,2.5,11.0,30.0,67.0
01382500,10-11,0.0,0.0,0.0,2.8,10.0,28.0,49.0
01382500,10-12,0.0,0.0,0.0,3.0,11.0,25.0,60.0
01382500,10-13,0.0,0.0,0.0,2.7,11.0,26.0,58.0
01382500,10-14,0.0,0.0,0.0,2.6,11.0,25.0,49.0
01382500,10-15,0.0,0.0,0.0,2.7,11.0,26.0,81.0
01382500,10-16,0.0,0.0,0.0,4.3,11.0,24.0,102.0
01382500,10-17,0.0,0.0,0.0,1.9,12.0,26.0,67.0
01382500,10-18,0.0,0.0,0.0,2.5,12.0,47.0,110.0
01382500,10-19,0.0,0.0,0.0,3.2,14.0,56.0,127.0
01382500,10-20,0.0,0.0,0.0,3.2,15.0,73.0,167.0
01382500,10-21,0.0,0.0,0.0,3.1,14.0,70.0,157.0
01382500,10-22,0.0,0.0,0.0,3.5,12.0,82.0,197.0
01382500,10-23,0.0,0.0,0.0,4.5,17.0,67.0,157.0
01382500,10-24,0.0,0.0,0.0,6.3,20.0,64.0,132.0
01382500,10-25,0.0,0.0,0.0,6.4,28.0,90.0,141.0
01382500,10-26,0.0,0.0,0.0,6.1,20.0,88.0,128.0
01382500,10-27,0.0,0.0,0.0,6.0,23.0,89.0,132.0
01382500,10-28,0.0,0.0,0.0,6.4,27.0,91.0,172.0
01382500,10-29,0.0,0.0,0.0,5.8,28.0,76.0,170.0
01382500,10-30,0.0,0.0,0.0,4.2,28.0,83.0,242.0
01382500,10-31,0.0,0.0,0.0,4.5,28.0,80.0,198.0
01382500,11-01,0.0,0.0,0.0,4.6,28.0,82.0,191.0
01382500,11-02,0.0,0.0,0.0,5.3,26.0,75.0,220.0
01382500,11-03,0.0,0.0,0.0,6.7,27.0,152.0,214.0
01382500,11-04,0.0,0.0,0.0,5.9,22.0,136.0,192.0
01382500,11-05,0.0,0.0,0.0,8.3,18.0,90.0,172.0
01382500,11-06,0.0,0.0,0.0,7.0,18.0,80.0,175.0
01382500,11-07,0.0,0.0,0.0,6.4,16.0,103.0,173.0
01382500,11-08,0.0,0.0,0.0,6.8,22.0,131.0,162.0
01382500,11-09,0.0,0.0,1.1,7.4,22.0,105.0,160.0
01382500,11-10,0.0,0.0,0.0,6.6,24.0,99.0,151.0
01382500,11-11,0.0,0.0,0.0,7.6,28.0,88.0,149.0
01382500,11-12,0.0,0.0,0.0,7.9,28.0,117.0,157.0
01382500,11-13,0.0,0.0,0.0,7.3,31.0,110.0,232.0
01382500,11-14,0.0,0.0,0.22,8.0,28.0,101.0,259.0
01382500,11-15,0.0,0.0,0.13,7.8,23.0,118.0,247.0
01382500,11-16,0.0,0.0,0.45,7.8,28.0,140.0,207.0
01382500,11-17,0.0,0.0,0.0,8.2,26.0,134.0,344.0
01382500,11-18,0.0,0.0,0.0,7.2,23.0,127.0,271.0
01382500,11-19,0.0,0.0,0.0,7.0,27.0,116.0,207.0
01382500,11-20,0.0,0.0,0.0,7.3,27.0,111.0,255.0
01382500,11-21,0.0,0.0,0.0,8.6,34.0,118.0,266.0
01382500,11-22,0.0,0.0,0.0,9.1,38.0,127.0,234.0
01382500,11-23,0.0,0.0,0.0,8.2,38.0,162.0,235.0
01382500,11-24,0.0,0.0,0.0,8.6,40.0,126.0,193.0
01382500,11-25,0.0,0.0,0.0,8.6,35.0,117.0,264.0
01382500,11-26,0.0,0.0,0.0,8.9,41.0,125.0,299.0
01382500,11-27,0.0,0.0,0.83,10.0,42.0,137.0,236.0
01382500,11-28,0.0,0.0,0.83,12.0,45.0,155.0,219.0
01382500,11-29,0.0,0.0,1.1,11.0,38.0,173.0,314.0
01382500,11-30,0.0,0.0,1.2,11.0,49.0,290.0,359.0
01382500,12-01,0.0,0.0,0.83,11.0,45.0,309.0,370.0
01382500,12-02,0.0,0.0,0.0,11.0,35.0,259.0,410.0
01382500,12-03,0.0,0.0,0.0,9.6,50.0,225.0,350.0
01382500,12-04,0.0,0.0,0.68,9.5,48.0,188.0,249.0
01382500,12-05,0.0,0.0,1.7,11.0,43.0,165.0,209.0
01382500,12-06,0.0,0.0,0.99,11.0,45.0,168.0,211.0
01382500,12-07,0.0,0.0,1.0,11.0,55.0,174.0,289.0
01382500,12-08,0.0,0.0,2.9,11.0,43.0,158.0,367.0
01382500,12-09,0.0,0.0,2.6,11.0,49.0,164.0,369.0
01382500,12-10,0.0,0.0,1.9,11.0,39.0,161.0,317.0
01382500,12-11,0.0,0.0,1.7,10.0,41.0,237.0,332.0
01382500,12-12,0.0,0.0,0.83,11.0,48.0,241.0,340.0
01382500,12-13,0.0,0.0,1.3,11.0,50.0,228.0,318.0
01382500,12-14,0.0,0.0,2.1,11.0,67.0,203.0,369.0
01382500,12-15,0.0,0.0,1.7,12.0,50.0,177.0,272.0
01382500,12-16,0.0,0.0,0.83,12.0,50.0,178.0,285.0
01382500,12-17,0.0,0.0,0.92,11.0,58.0,153.0,309.0
01382500,12-18,0.0,0.0,0.83,11.0,48.0,163.0,303.0
01382500,12-19,0.0,0.0,0.6,10.0,40.0,138.0,239.0
01382500,12-20,0.0,0.0,1.1,12.0,59.0,151.0,254.0
01382500,12-21,0.0,0.0,1.1,11.0,52.0,198.0,445.0
01382500,12-22,0.0,0.0,1.4,12.0,50.0,156.0,316.0
01382500,12-23,0.0,0.0,3.0,14.0,68.0,109.0,376.0
01382500,12-24,0.0,0.0,3.7,14.0,51.0,154.0,327.0
01382500,12-25,0.0,0.0,1.8,14.0,66.0,224.0,271.0
01382500,12-26,0.0,0.0,2.0,14.0,62.0,188.0,263.0
01382500,12-27,0.0,0.0,1.1,14.0,65.0,195.0,359.0
01382500,12-28,0.0,0.0,3.1,11.0,63.0,181.0,321.0
01382500,12-29,0.0,0.0,2.4,12.0,53.0,226.0,322.0
01382500,12-30,0.0,0.0,1.5,12.0,46.0,205.0,260.0
01382500,12-31,0.0,0.0,1.1,12.0,54.0,206.0,257.0
01387000,01-01,5.6,13.0,17.0,19.0,49.0,205.0,241.0
01387000,01-02,5.6,13.0,17.0,19.0,37.0,191.0,287.0
01387000,01-03,5.4,13.0,17.0,19.0,34.0,191.0,223.0
01387000,01-04,5.6,15.0,17.0,18.0,42.0,169.0,230.0
01387000,01-05,5.6,14.0,17.0,18.0,44.0,154.0,228.0
01387000,01-06,5.6,14.0,17.0,18.0,42.0,154.0,237.0
01387000,01-07,5.5,14.0,17.0,19.0,50.0,195.0,252.0
01387000,01-08,5.5,14.0,17.0,18.0,46.0,146.0,240.0
01387000,01-09,5.5,14.0,17.0,18.0,53.0,198.0,256.0
01387000,01-10,5.9,14.0,17.0,18.0,60.0,186.0,306.0
01387000,01-11,5.8,14.0,17.0,18.0,61.0,172.0,376.0
01387000,01-12,4.7,14.0,16.0,18.0,52.0,170.0,425.0
01387000,01-13,4.3,14.0,16.0,18.0,45.0,166.0,348.0
01387000,01-14,3.6,14.0,17.0,18.0,44.0,200.0,513.0
01387000,01-15,3.6,14.0,17.0,18.0,41.0,138.0,581.0
01387000,01-16,3.6,14.0,17.0,18.0,43.0,118.0,476.0
01387000,01-17,3.6,14.0,17.0,18.0,47.0,131.0,439.0
01387000,01-18,3.6,14.0,17.0,18.0,46.0,133.0,377.0
01387000,01-19,3.6,15.0,17.0,18.0,32.0,199.0,299.0
01387000,01-20,3.6,14.0,17.0,18.0,48.0,203.0,251.0
01387000,01-21,3.6,15.0,17.0,18.0,43.0,189.0,229.0
01387000,01-22,4.0,15.0,17.0,18.0,36.0,192.0,269.0
01387000,01-23,4.5,15.0,17.0,18.0,35.0,163.0,298.0
01387000,01-24,5.4,16.0,17.0,18.0,35.0,177.0,305.0
01387000,01-25,5.7,15.0,17.0,18.0,36.0,248.0,347.0
01387000,01-26,5.4,15.0,17.0,18.0,35.0,233.0,427.0
01387000,01-27,5.5,15.0,17.0,18.0,34.0,234.0,434.0
01387000,01-28,5.3,16.0,17.0,18.0,32.0,254.0,546.0
01387000,01-29,5.3,16.0,17.0,18.0,33.0,305.0,463.0
01387000,01-30,5.7,16.0,17.0,18.0,33.0,282.0,343.0
01387000,01-31,6.6,15.0,17.0,18.0,33.0,235.0,279.0
01387000,02-01,7.1,15.0,17.0,18.0,34.0,219.0,269.0
01387000,02-02,6.1,15.0,17.0,18.0,39.0,190.0,279.0
01387000,02-03,8.6,15.0,17.0,18.0,55.0,189.0,242.0
01387000,02-04,6.8,16.0,17.0,18.0,44.0,175.0,266.0
01387000,02-05,6.1,16.0,17.0,18.0,54.0,180.0,257.0
01387000,02-06,5.9,16.0,17.0,18.0,38.0,174.0,256.0
01387000,02-07,6.7,16.0,17.0,18.0,40.0,176.0,217.0
01387000,02-08,8.2,16.0,17.0,18.0,39.0,161.0,234.0
01387000,02-09,6.1,16.0,17.0,18.0,49.0,140.0,262.0
01387000,02-10,4.0,16.0,17.0,18.0,37.0,146.0,238.0
01387000,02-11,4.0,16.0,17.0,18.0,43.0,147.0,250.0
01387000,02-12,3.7,16.0,17.0,18.0,45.0,145.0,241.0
01387000,02-13,4.6,16.0,17.0,18.0,47.0,144.0,222.0
01387000,02-14,3.8,16.0,17.0,18.0,43.0,134.0,231.0
01387000,02-15,3.8,16.0,17.0,18.0,40.0,134.0,246.0
01387000,02-16,5.2,16.0,17.0,18.0,42.0,141.0,229.0
01387000,02-17,3.6,15.0,17.0,18.0,43.0,160.0,231.0
01387000,02-18,3.6,16.0,17.0,18.0,47.0,153.0,271.0
01387000,02-19,3.9,16.0,17.0,18.0,45.0,209.0,299.0
01387000,02-20,5.7,16.0,17.0,18.0,59.0,201.0,311.0
01387000,02-21,4.5,16.0,17.0,18.0,61.0,233.0,305.0
01387000,02-22,5.2,16.0,17.0,18.0,69.0,210.0,299.0
01387000,02-23,5.9,16.0,17.0,18.0,70.0,210.0,316.0
01387000,02-24,6.0,16.0,17.0,18.0,68.0,216.0,381.0
01387000,02-25,6.6,16.0,17.0,18.0,73.0,258.0,362.0
01387000,02-26,5.9,16.0,17.0,18.0,60.0,223.0,458.0
01387000,02-27,5.8,15.0,17.0,18.0,61.0,235.0,423.0
01387000,02-28,5.8,15.0,17.0,18.0,76.0,238.0,402.0
01387000,02-29,16.0,17.0,17.0,18.0,81.0,231.0,301.0
01387000,03-01,6.5,16.0,17.0,18.0,73.0,224.0,353.0
01387000,03-02,6.3,16.0,17.0,18.0,72.0,222.0,423.0
01387000,03-03,8.6,16.0,17.0,19.0,79.0,198.0,367.0
01387000,03-04,8.4,16.0,17.0,18.0,78.0,183.0,348.0
01387000,03-05,7.8,16.0,17.0,19.0,99.0,183.0,349.0
01387000,03-06,6.3,16.0,17.0,19.0,91.0,236.0,428.0
01387000,03-07,6.3,16.0,17.0,19.0,108.0,342.0,542.0
01387000,03-08,6.7,16.0,17.0,19.0,123.0,422.0,575.0
01387000,03-09,8.2,17.0,17.0,19.0,138.0,384.0,627.0
01387000,03-10,7.2,16.0,17.0,19.0,119.0,318.0,568.0
01387000,03-11,6.4,16.0,17.0,19.0,132.0,332.0,631.0
01387000,03-12,6.5,16.0,17.0,20.0,163.0,510.0,577.0
01387000,03-13,6.4,16.0,17.0,20.0,183.0,472.0,709.0
01387000,03-14,6.4,16.0,17.0,19.0,229.0,540.0,823.0
01387000,03-15,6.3,16.0,17.0,19.0,220.0,510.0,719.0
01387000,03-16,7.4,16.0,17.0,19.0,215.0,558.0,776.0
01387000,03-17,6.3,16.0,17.0,20.0,208.0,478.0,703.0
01387000,03-18,6.4,16.0,17.0,20.0,186.0,475.0,646.0
01387000,03-19,5.7,16.0,17.0,20.0,210.0,362.0,668.0
01387000,03-20,6.6,15.0,17.0,20.0,239.0,438.0,659.0
01387000,03-21,4.7,16.0,17.0,20.0,276.0,412.0,802.0
01387000,03-22,4.7,16.0,17.0,22.0,254.0,392.0,768.0
01387000,03-23,6.1,16.0,17.0,22.0,237.0,445.0,819.0
01387000,03-24,4.9,16.0,17.0,21.0,242.0,684.0,947.0
01387000,03-25,4.9,16.0,17.0,20.0,239.0,588.0,777.0
01387000,03-26,4.9,17.0,17.0,30.0,233.0,490.0,644.0
01387000,03-27,4.9,17.0,17.0,23.0,207.0,470.0,694.0
01387000,03-28,4.9,17.0,17.0,33.0,212.0,480.0,875.0
01387000,03-29,4.6,16.0,17.0,38.0,227.0,515.0,875.0
01387000,03-30,4.7,17.0,18.0,38.0,219.0,600.0,1060.0
01387000,03-31,4.7,17.0,18.0,42.0,238.0,578.0,748.0
01387000,04-01,4.8,17.0,18.0,38.0,262.0,570.0,782.0
01387000,04-02,4.7,17.0,18.0,57.0,307.0,592.0,875.0
01387000,04-03,4.7,16.0,18.0,57.0,353.0,559.0,834.0
01387000,04-04,4.5,17.0,18.0,46.0,350.0,660.0,896.0
01387000,04-05,4.8,16.0,18.0,52.0,322.0,597.0,1060.0
01387000,04-06,4.8,16.0,18.0,39.0,328.0,718.0,873.0
01387000,04-07,4.9,16.0,18.0,48.0,332.0,567.0,1030.0
01387000,04-08,4.9,17.0,18.0,44.0,313.0,510.0,804.0
01387000,04-09,4.7,17.0,18.0,43.0,292.0,527.0,738.0
01387000,04-10,4.7,17.0,18.0,44.0,256.0,536.0,680.0
01387000,04-11,4.7,17.0,18.0,41.0,245.0,480.0,649.0
01387000,04-12,4.7,17.0,18.0,66.0,248.0,436.0,592.0
01387000,04-13,4.8,17.0,18.0,36.0,234.0,458.0,614.0
01387000,04-14,4.9,17.0,18.0,37.0,210.0,427.0,495.0
01387000,04-15,5.1,16.0,18.0,60.0,208.0,376.0,410.0
01387000,04-16,5.3,16.0,18.0,46.0,226.0,436.0,538.0
01387000,04-17,4.8,16.0,18.0,46.0,253.0,485.0,668.0
01387000,04-18,4.9,17.0,18.0,65.0,220.0,446.0,757.0
01387000,04-19,4.9,17.0,18.0,67.0,221.0,441.0,739.0
01387000,04-20,4.9,16.0,18.0,41.0,211.0,410.0,609.0
01387000,04-21,5.3,16.0,18.0,40.0,180.0,340.0,488.0
01387000,04-22,5.7,16.0,18.0,45.0,159.0,313.0,398.0
01387000,04-23,6.0,16.0,18.0,40.0,163.0,328.0,395.0
01387000,04-24,6.8,16.0,18.0,40.0,141.0,287.0,456.0
01387000,04-25,6.4,16.0,18.0,36.0,127.0,243.0,351.0
01387000,04-26,6.1,16.0,18.0,33.0,118.0,264.0,325.0
01387000,04-27,4.8,16.0,18.0,30.0,135.0,232.0,358.0
01387000,04-28,5.6,16.0,18.0,35.0,136.0,280.0,409.0
01387000,04-29,4.8,16.0,18.0,34.0,131.0,348.0,420.0
01387000,04-30,4.1,17.0,18.0,31.0,140.0,276.0,388.0
01387000,05-01,4.1,16.0,18.0,36.0,128.0,292.0,353.0
01387000,05-02,4.4,16.0,18.0,27.0,118.0,252.0,318.0
01387000,05-03,4.9,16.0,18.0,28.0,104.0,240.0,280.0
01387000,05-04,4.5,16.0,18.0,27.0,111.0,236.0,311.0
01387000,05-05,4.5,17.0,18.0,25.0,108.0,223.0,361.0
01387000,05-06,4.6,16.0,18.0,26.0,100.0,268.0,361.0
01387000,05-07,4.6,16.0,18.0,28.0,106.0,208.0,368.0
01387000,05-08,4.4,16.0,18.0,28.0,96.0,274.0,320.0
01387000,05-09,4.6,16.0,18.0,24.0,105.0,255.0,403.0
01387000,05-10,4.1,16.0,18.0,22.0,110.0,249.0,430.0
01387000,05-11,4.9,16.0,17.0,22.0,96.0,212.0,355.0
01387000,05-12,4.9,16.0,17.0,21.0,123.0,245.0,410.0
01387000,05-13,5.0,16.0,17.0,21.0,127.0,261.0,472.0
01387000,05-14,4.3,17.0,17.0,22.0,135.0,265.0,491.0
01387000,05-15,4.2,16.0,17.0,22.0,133.0,333.0,521.0
01387000,05-16,4.5,17.0,18.0,23.0,131.0,291.0,502.0
01387000,05-17,4.8,16.0,17.0,21.0,128.0,276.0,444.0
01387000,05-18,7.5,17.0,18.0,22.0,120.0,295.0,369.0
01387000,05-19,5.3,17.0,18.0,22.0,115.0,262.0,438.0
01387000,05-20,5.3,17.0,18.0,22.0,100.0,253.0,539.0
01387000,05-21,5.0,16.0,18.0,22.0,80.0,250.0,450.0
01387000,05-22,5.5,17.0,18.0,22.0,76.0,262.0,346.0
01387000,05-23,4.4,17.0,18.0,21.0,74.0,226.0,280.0
01387000,05-24,4.3,17.0,18.0,21.0,77.0,250.0,300.0
01387000,05-25,4.1,17.0,17.0,22.0,92.0,240.0,318.0
01387000,05-26,4.2,16.0,17.0,21.0,73.0,210.0,291.0
01387000,05-27,4.0,15.0,17.0,20.0,61.0,196.0,290.0
01387000,05-28,3.9,16.0,17.0,20.0,46.0,184.0,278.0
01387000,05-29,4.2,17.0,17.0,20.0,67.0,208.0,262.0
01387000,05-30,4.1,17.0,17.0,20.0,82.0,206.0,340.0
01387000,05-31,4.1,16.0,17.0,21.0,70.0,243.0,352.0
01387000,06-01,4.6,16.0,17.0,20.0,77.0,243.0,507.0
01387000,06-02,4.9,16.0,18.0,20.0,79.0,177.0,643.0
01387000,06-03,4.7,16.0,17.0,20.0,76.0,223.0,534.0
01387000,06-04,5.0,16.0,17.0,20.0,71.0,193.0,506.0
01387000,06-05,6.8,16.0,17.0,20.0,62.0,228.0,373.0
01387000,06-06,6.7,16.0,17.0,20.0,53.0,208.0,298.0
01387000,06-07,9.0,16.0,18.0,20.0,60.0,175.0,324.0
01387000,06-08,4.4,16.0,17.0,20.0,61.0,144.0,299.0
01387000,06-09,5.1,16.0,17.0,19.0,54.0,149.0,249.0
01387000,06-10,4.5,16.0,17.0,19.0,40.0,132.0,204.0
01387000,06-11,4.9,16.0,17.0,19.0,46.0,108.0,214.0
01387000,06-12,8.1,16.0,18.0,19.0,38.0,89.0,205.0
01387000,06-13,10.0,16.0,17.0,19.0,37.0,88.0,228.0
01387000,06-14,9.8,16.0,17.0,19.0,36.0,88.0,219.0
01387000,06-15,10.0,15.0,17.0,19.0,32.0,104.0,182.0
01387000,06-16,10.0,16.0,17.0,19.0,28.0,100.0,185.0
01387000,06-17,10.0,16.0,17.0,19.0,34.0,99.0,172.0
01387000,06-18,10.0,16.0,17.0,19.0,34.0,97.0,200.0
01387000,06-19,11.0,16.0,17.0,18.0,32.0,74.0,177.0
01387000,06-20,11.0,16.0,17.0,19.0,30.0,76.0,148.0
01387000,06-21,11.0,16.0,17.0,19.0,29.0,88.0,151.0
01387000,06-22,11.0,16.0,17.0,18.0,28.0,70.0,123.0
01387000,06-23,11.0,16.0,17.0,18.0,29.0,56.0,118.0
01387000,06-24,11.0,16.0,17.0,18.0,25.0,72.0,143.0
01387000,06-25,11.0,16.0,17.0,18.0,29.0,68.0,127.0
01387000,06-26,11.0,16.0,17.0,18.0,29.0,59.0,119.0
01387000,06-27,11.0,16.0,17.0,18.0,25.0,85.0,114.0
01387000,06-28,11.0,16.0,17.0,18.0,24.0,66.0,157.0
01387000,06-29,11.0,16.0,17.0,18.0,22.0,71.0,112.0
01387000,06-30,11.0,15.0,17.0,18.0,22.0,70.0,244.0
01387000,07-01,11.0,16.0,17.0,18.0,21.0,71.0,191.0
01387000,07-02,11.0,16.0,17.0,18.0,21.0,64.0,217.0
01387000,07-03,11.0,16.0,17.0,18.0,20.0,56.0,154.0
01387000,07-04,11.0,16.0,17.0,18.0,20.0,56.0,147.0
01387000,07-05,11.0,16.0,17.0,18.0,20.0,56.0,112.0
01387000,07-06,11.0,16.0,17.0,18.0,20.0,56.0,88.0
01387000,07-07,11.0,16.0,17.0,18.0,20.0,46.0,110.0
01387000,07-08,11.0,16.0,17.0,18.0,21.0,51.0,93.0
01387000,07-09,11.0,16.0,17.0,17.0,20.0,44.0,87.0
01387000,07-10,11.0,16.0,17.0,18.0,20.0,51.0,96.0
01387000,07-11,10.0,16.0,17.0,18.0,20.0,44.0,79.0
01387000,07-12,11.0,16.0,17.0,17.0,20.0,40.0,96.0
01387000,07-13,9.3,16.0,17.0,17.0,20.0,42.0,92.0
01387000,07-14,9.4,16.0,17.0,18.0,20.0,40.0,97.0
01387000,07-15,9.1,16.0,17.0,17.0,20.0,44.0,61.0
01387000,07-16,9.2,15.0,17.0,18.0,20.0,49.0,65.0
01387000,07-17,9.2,15.0,17.0,18.0,20.0,48.0,72.0
01387000,07-18,9.2,16.0,17.0,17.0,20.0,44.0,72.0
01387000,07-19,9.3,16.0,17.0,18.0,20.0,42.0,76.0
01387000,07-20,8.8,15.0,17.0,18.0,21.0,44.0,91.0
01387000,07-21,8.3,15.0,16.0,18.0,21.0,35.0,76.0
01387000,07-22,8.3,16.0,17.0,18.0,20.0,47.0,83.0
01387000,07-23,8.3,16.0,17.0,18.0,20.0,48.0,170.0
01387000,07-24,8.6,16.0,16.0,18.0,19.0,44.0,176.0
01387000,07-25,8.2,16.0,17.0,18.0,20.0,51.0,284.0
01387000,07-26,8.2,15.0,17.0,18.0,20.0,56.0,142.0
01387000,07-27,11.0,15.0,17.0,17.0,20.0,54.0,109.0
01387000,07-28,9.6,15.0,17.0,18.0,20.0,54.0,93.0
01387000,07-29,9.8,15.0,16.0,18.0,19.0,52.0,86.0
01387000,07-30,8.9,15.0,16.0,17.0,20.0,45.0,78.0
01387000,07-31,8.7,15.0,17.0,18.0,19.0,40.0,76.0
01387000,08-01,9.3,15.0,17.0,17.0,19.0,33.0,99.0
01387000,08-02,9.3,15.0,17.0,18.0,19.0,33.0,90.0
01387000,08-03,9.6,16.0,17.0,18.0,19.0,33.0,80.0
01387000,08-04,9.6,15.0,17.0,18.0,19.0,33.0,77.0
01387000,08-05,9.3,16.0,17.0,18.0,19.0,38.0,59.0
01387000,08-06,9.3,16.0,17.0,18.0,20.0,39.0,68.0
01387000,08-07,10.0,16.0,17.0,18.0,20.0,45.0,65.0
01387000,08-08,10.0,16.0,16.0,17.0,20.0,45.0,81.0
01387000,08-09,11.0,15.0,17.0,17.0,19.0,37.0,76.0
01387000,08-10,9.5,15.0,16.0,18.0,19.0,35.0,80.0
01387000,08-11,9.5,15.0,17.0,17.0,20.0,34.0,82.0
01387000,08-12,7.9,15.0,17.0,18.0,20.0,35.0,76.0
01387000,08-13,7.4,15.0,17.0,18.0,19.0,48.0,70.0
01387000,08-14,8.5,15.0,17.0,18.0,19.0,35.0,78.0
01387000,08-15,8.4,15.0,16.0,17.0,19.0,44.0,78.0
01387000,08-16,8.4,15.0,16.0,17.0,19.0,36.0,78.0
01387000,08-17,9.4,15.0,17.0,17.0,19.0,37.0,80.0
01387000,08-18,9.7,15.0,16.0,17.0,19.0,32.0,116.0
01387000,08-19,7.8,15.0,16.0,18.0,19.0,35.0,114.0
01387000,08-20,7.8,15.0,16.0,17.0,19.0,29.0,88.0
01387000,08-21,5.9,15.0,16.0,17.0,19.0,29.0,88.0
01387000,08-22,4.9,15.0,16.0,17.0,20.0,38.0,102.0
01387000,08-23,7.4,15.0,16.0,17.0,20.0,38.0,84.0
01387000,08-24,5.5,15.0,16.0,17.0,19.0,32.0,68.0
01387000,08-25,5.5,15.0,16.0,17.0,19.0,33.0,61.0
01387000,08-26,6.5,15.0,16.0,17.0,19.0,33.0,69.0
01387000,08-27,5.8,15.0,16.0,17.0,19.0,31.0,64.0
01387000,08-28,6.2,15.0,17.0,17.0,19.0,33.0,77.0
01387000,08-29,5.9,14.0,17.0,17.0,19.0,48.0,69.0
01387000,08-30,5.7,15.0,17.0,17.0,19.0,42.0,74.0
01387000,08-31,5.7,15.0,17.0,17.0,19.0,37.0,70.0
01387000,09-01,6.8,16.0,17.0,17.0,19.0,35.0,78.0
01387000,09-02,8.9,16.0,17.0,17.0,20.0,39.0,80.0
01387000,09-03,9.1,16.0,17.0,17.0,19.0,38.0,76.0
01387000,09-04,9.3,16.0,16.0,17.0,19.0,37.0,147.0
01387000,09-05,6.1,15.0,17.0,17.0,19.0,40.0,157.0
01387000,09-06,6.6,15.0,17.0,17.0,19.0,42.0,203.0
01387000,09-07,6.1,15.0,16.0,17.0,19.0,42.0,173.0
01387000,09-08,7.4,15.0,16.0,17.0,19.0,56.0,151.0
01387000,09-09,6.8,15.0,16.0,17.0,19.0,46.0,135.0
01387000,09-10,8.1,13.0,16.0,17.0,19.0,44.0,150.0
01387000,09-11,6.7,15.0,17.0,17.0,19.0,42.0,108.0
01387000,09-12,6.8,15.0,16.0,17.0,19.0,40.0,70.0
01387000,09-13,6.6,15.0,17.0,17.0,19.0,38.0,64.0
01387000,09-14,6.5,15.0,17.0,17.0,19.0,42.0,67.0
01387000,09-15,6.8,15.0,16.0,17.0,19.0,40.0,98.0
01387000,09-16,7.1,15.0,17.0,18.0,19.0,50.0,124.0
01387000,09-17,7.1,14.0,17.0,18.0,19.0,50.0,77.0
01387000,09-18,6.8,14.0,17.0,17.0,19.0,44.0,80.0
01387000,09-19,6.5,14.0,17.0,17.0,20.0,43.0,80.0
01387000,09-20,6.8,14.0,17.0,17.0,19.0,43.0,77.0
01387000,09-21,7.3,15.0,17.0,17.0,19.0,43.0,77.0
01387000,09-22,6.4,14.0,17.0,18.0,19.0,58.0,98.0
01387000,09-23,5.8,14.0,16.0,17.0,19.0,55.0,100.0
01387000,09-24,7.3,14.0,16.0,17.0,20.0,71.0,103.0
01387000,09-25,6.7,14.0,16.0,17.0,19.0,74.0,123.0
01387000,09-26,6.0,15.0,16.0,17.0,19.0,64.0,102.0
01387000,09-27,5.7,14.0,17.0,17.0,19.0,54.0,80.0
01387000,09-28,6.4,14.0,17.0,18.0,20.0,56.0,71.0
01387000,09-29,5.9,15.0,17.0,17.0,20.0,65.0,89.0
01387000,09-30,5.9,16.0,17.0,18.0,20.0,69.0,121.0
01387000,10-01,5.6,13.0,16.0,17.0,20.0,63.0,114.0
01387000,10-02,5.3,13.0,16.0,17.0,20.0,63.0,108.0
01387000,10-03,5.8,13.0,16.0,17.0,20.0,61.0,102.0
01387000,10-04,5.9,15.0,16.0,18.0,19.0,52.0,105.0
01387000,10-05,5.9,13.0,16.0,18.0,19.0,50.0,98.0
01387000,10-06,5.8,13.0,16.0,18.0,19.0,50.0,83.0
01387000,10-07,6.4,12.0,16.0,17.0,20.0,48.0,76.0
01387000,10-08,6.3,11.0,16.0,17.0,20.0,50.0,74.0
01387000,10-09,4.3,8.1,16.0,17.0,19.0,50.0,74.0
01387000,10-10,3.9,8.1,16.0,17.0,20.0,47.0,66.0
01387000,10-11,3.5,8.4,16.0,18.0,20.0,38.0,66.0
01387000,10-12,4.5,11.0,16.0,17.0,20.0,51.0,65.0
01387000,10-13,4.4,12.0,16.0,17.0,19.0,48.0,62.0
01387000,10-14,5.8,12.0,16.0,17.0,19.0,48.0,56.0
01387000,10-15,4.9,8.9,16.0,17.0,19.0,44.0,73.0
01387000,10-16,5.5,8.5,16.0,17.0,19.0,41.0,72.0
01387000,10-17,5.5,10.0,16.0,17.0,20.0,51.0,77.0
01387000,10-18,5.5,11.0,16.0,17.0,19.0,52.0,87.0
01387000,10-19,5.6,12.0,16.0,17.0,19.0,50.0,93.0
01387000,10-20,5.6,12.0,16.0,18.0,20.0,48.0,116.0
01387000,10-21,5.9,14.0,16.0,17.0,20.0,44.0,118.0
01387000,10-22,5.5,14.0,16.0,18.0,19.0,44.0,97.0
01387000,10-23,5.5,14.0,16.0,17.0,19.0,42.0,106.0
01387000,10-24,5.5,14.0,16.0,17.0,19.0,46.0,173.0
01387000,10-25,5.6,14.0,16.0,18.0,19.0,67.0,226.0
01387000,10-26,5.5,13.0,16.0,18.0,20.0,87.0,176.0
01387000,10-27,5.5,13.0,16.0,18.0,20.0,79.0,128.0
01387000,10-28,5.5,13.0,16.0,18.0,20.0,77.0,137.0
01387000,10-29,5.6,13.0,17.0,18.0,20.0,64.0,138.0
01387000,10-30,6.1,13.0,16.0,18.0,20.0,66.0,141.0
01387000,10-31,5.6,13.0,17.0,18.0,20.0,72.0,135.0
01387000,11-01,5.5,13.0,17.0,18.0,20.0,78.0,155.0
01387000,11-02,5.5,13.0,17.0,18.0,19.0,65.0,172.0
01387000,11-03,5.5,12.0,17.0,18.0,20.0,55.0,182.0
01387000,11-04,5.5,13.0,17.0,18.0,20.0,52.0,150.0
01387000,11-05,5.5,13.0,17.0,18.0,20.0,49.0,119.0
01387000,11-06,5.5,13.0,17.0,18.0,20.0,72.0,117.0
01387000,11-07,5.5,13.0,16.0,18.0,20.0,56.0,135.0
01387000,11-08,5.5,13.0,16.0,18.0,20.0,63.0,137.0
01387000,11-09,5.5,13.0,16.0,18.0,20.0,70.0,149.0
01387000,11-10,5.8,13.0,16.0,18.0,20.0,78.0,195.0
01387000,11-11,5.5,12.0,16.0,18.0,20.0,79.0,219.0
01387000,11-12,5.3,12.0,16.0,18.0,20.0,70.0,209.0
01387000,11-13,6.0,12.0,17.0,18.0,20.0,79.0,233.0
01387000,11-14,5.5,12.0,17.0,18.0,20.0,93.0,266.0
01387000,11-15,5.7,12.0,17.0,18.0,20.0,163.0,240.0
01387000,11-16,6.0,12.0,16.0,18.0,20.0,156.0,310.0
01387000,11-17,5.5,13.0,17.0,18.0,20.0,160.0,348.0
01387000,11-18,5.6,13.0,17.0,18.0,20.0,147.0,299.0
01387000,11-19,5.5,15.0,17.0,18.0,20.0,127.0,263.0
01387000,11-20,6.4,13.0,17.0,18.0,20.0,110.0,248.0
01387000,11-21,6.8,14.0,17.0,18.0,21.0,107.0,229.0
01387000,11-22,5.8,13.0,17.0,18.0,21.0,111.0,225.0
01387000,11-23,5.9,13.0,17.0,18.0,21.0,152.0,260.0
01387000,11-24,6.6,13.0,17.0,18.0,24.0,160.0,248.0
01387000,11-25,6.5,13.0,17.0,18.0,24.0,149.0,330.0
01387000,11-26,5.5,13.0,17.0,18.0,25.0,126.0,269.0
01387000,11-27,6.2,13.0,17.0,18.0,24.0,158.0,253.0
01387000,11-28,5.8,13.0,17.0,18.0,24.0,182.0,255.0
01387000,11-29,5.8,13.0,17.0,18.0,24.0,182.0,287.0
01387000,11-30,6.2,13.0,17.0,18.0,28.0,195.0,310.0
01387000,12-01,5.8,13.0,17.0,18.0,28.0,253.0,363.0
01387000,12-02,6.7,13.0,17.0,18.0,27.0,206.0,350.0
01387000,12-03,4.7,12.0,17.0,18.0,26.0,220.0,333.0
01387000,12-04,4.3,13.0,17.0,18.0,25.0,182.0,325.0
01387000,12-05,4.6,12.0,17.0,18.0,25.0,132.0,268.0
01387000,12-06,4.7,13.0,17.0,18.0,26.0,164.0,296.0
01387000,12-07,4.7,13.0,17.0,18.0,24.0,179.0,323.0
01387000,12-08,5.7,14.0,17.0,18.0,26.0,195.0,392.0
01387000,12-09,5.3,13.0,17.0,18.0,25.0,157.0,379.0
01387000,12-10,4.6,14.0,17.0,18.0,27.0,170.0,336.0
01387000,12-11,4.5,14.0,17.0,18.0,34.0,244.0,416.0
01387000,12-12,5.6,14.0,17.0,18.0,33.0,234.0,367.0
01387000,12-13,4.8,14.0,17.0,18.0,29.0,202.0,332.0
01387000,12-14,4.5,14.0,17.0,18.0,28.0,219.0,426.0
01387000,12-15,4.5,14.0,17.0,18.0,28.0,189.0,317.0
01387000,12-16,4.6,14.0,17.0,18.0,30.0,166.0,303.0
01387000,12-17,4.6,13.0,17.0,18.0,32.0,160.0,304.0
01387000,12-18,3.9,13.0,17.0,18.0,41.0,161.0,306.0
01387000,12-19,3.9,13.0,17.0,18.0,35.0,149.0,352.0
01387000,12-20,3.8,13.0,17.0,18.0,39.0,169.0,321.0
01387000,12-21,3.8,13.0,17.0,18.0,39.0,204.0,315.0
01387000,12-22,3.8,13.0,17.0,18.0,39.0,195.0,358.0
01387000,12-23,3.9,13.0,17.0,19.0,40.0,211.0,506.0
01387000,12-24,3.8,13.0,17.0,19.0,35.0,266.0,426.0
01387000,12-25,3.9,13.0,17.0,18.0,42.0,222.0,373.0
01387000,12-26,3.8,13.0,17.0,18.0,36.0,210.0,401.0
01387000,12-27,3.9,13.0,17.0,19.0,55.0,208.0,305.0
01387000,12-28,4.5,13.0,17.0,18.0,58.0,202.0,345.0
01387000,12-29,4.6,13.0,17.0,19.0,43.0,233.0,349.0
01387000,12-30,4.5,13.0,17.0,19.0,44.0,205.0,274.0
01387000,12-31,5.6,13.0,17.0,19.0,41.0,180.0,243.0
01387500,01-01,37.0,69.0,108.0,212.0,364.0,516.0,662.0
01387500,01-02,44.0,79.0,122.0,212.0,345.0,503.0,738.0
01387500,01-03,63.0,78.0,125.0,212.0,340.0,541.0,838.0
01387500,01-04,62.0,78.0,127.0,207.0,331.0,484.0,786.0
01387500,01-05,58.0,84.0,116.0,203.0,318.0,526.0,605.0
01387500,01-06,59.0,79.0,130.0,202.0,314.0,488.0,716.0
01387500,01-07,51.0,74.0,127.0,205.0,322.0,545.0,820.0
01387500,01-08,57.0,74.0,123.0,203.0,294.0,518.0,937.0
01387500,01-09,63.0,83.0,120.0,193.0,298.0,556.0,790.0
01387500,01-10,56.0,83.0,119.0,189.0,301.0,609.0,849.0
01387500,01-11,55.0,80.0,119.0,190.0,311.0,498.0,798.0
01387500,01-12,67.0,83.0,129.0,181.0,310.0,570.0,656.0
01387500,01-13,65.0,80.0,124.0,185.0,291.0,425.0,635.0
01387500,01-14,62.0,77.0,120.0,178.0,284.0,457.0,682.0
01387500,01-15,61.0,76.0,128.0,175.0,290.0,462.0,648.0
01387500,01-16,57.0,76.0,122.0,179.0,294.0,454.0,591.0
01387500,01-17,57.0,74.0,114.0,180.0,267.0,369.0,529.0
01387500,01-18,63.0,80.0,119.0,174.0,257.0,398.0,548.0
01387500,01-19,67.0,86.0,124.0,182.0,262.0,410.0,603.0
01387500,01-20,66.0,87.0,117.0,186.0,287.0,387.0,576.0
01387500,01-21,70.0,86.0,116.0,175.0,285.0,416.0,672.0
01387500,01-22,70.0,90.0,121.0,178.0,289.0,462.0,741.0
01387500,01-23,70.0,92.0,115.0,190.0,303.0,589.0,744.0
01387500,01-24,72.0,92.0,121.0,189.0,382.0,664.0,880.0
01387500,01-25,62.0,90.0,119.0,186.0,416.0,819.0,1310.0
01387500,01-26,62.0,83.0,115.0,179.0,391.0,1060.0,1690.0
01387500,01-27,58.0,86.0,117.0,173.0,377.0,904.0,1240.0
01387500,01-28,59.0,85.0,117.0,184.0,391.0,689.0,1030.0
01387500,01-29,57.0,82.0,113.0,176.0,362.0,702.0,826.0
01387500,01-30,55.0,83.0,115.0,178.0,310.0,523.0,713.0
01387500,01-31,53.0,77.0,114.0,170.0,300.0,469.0,577.0
01387500,02-01,61.0,75.0,106.0,170.0,328.0,451.0,524.0
01387500,02-02,70.0,80.0,105.0,180.0,309.0,416.0,572.0
01387500,02-03,64.0,75.0,117.0,172.0,332.0,450.0,770.0
01387500,02-04,58.0,70.0,118.0,185.0,313.0,521.0,707.0
01387500,02-05,62.0,69.0,113.0,182.0,298.0,437.0,637.0
01387500,02-06,55.0,68.0,111.0,188.0,265.0,409.0,510.0
01387500,02-07,58.0,71.0,111.0,198.0,293.0,464.0,557.0
01387500,02-08,57.0,69.0,118.0,202.0,283.0,440.0,567.0
01387500,02-09,62.0,72.0,116.0,192.0,270.0,393.0,518.0
01387500,02-10,57.0,66.0,116.0,194.0,268.0,422.0,502.0
01387500,02-11,62.0,79.0,115.0,193.0,269.0,413.0,629.0
01387500,02-12,63.0,77.0,115.0,188.0,276.0,425.0,874.0
01387500,02-13,63.0,81.0,115.0,185.0,279.0,498.0,680.0
01387500,02-14,71.0,93.0,133.0,190.0,267.0,475.0,887.0
01387500,02-15,76.0,89.0,134.0,196.0,295.0,512.0,838.0
01387500,02-16,71.0,102.0,132.0,201.0,310.0,493.0,749.0
01387500,02-17,70.0,94.0,127.0,197.0,321.0,470.0,593.0
01387500,02-18,70.0,90.0,126.0,206.0,313.0,473.0,616.0
01387500,02-19,67.0,93.0,122.0,215.0,302.0,513.0,572.0
01387500,02-20,73.0,98.0,130.0,216.0,333.0,493.0,642.0
01387500,02-21,72.0,100.0,137.0,207.0,321.0,504.0,654.0
01387500,02-22,82.0,100.0,137.0,212.0,341.0,635.0,782.0
01387500,02-23,82.0,99.0,145.0,211.0,341.0,655.0,822.0
01387500,02-24,85.0,102.0,141.0,239.0,389.0,679.0,862.0
01387500,02-25,83.0,98.0,137.0,242.0,397.0,749.0,1160.0
01387500,02-26,87.0,96.0,145.0,253.0,430.0,756.0,1150.0
01387500,02-27,79.0,97.0,145.0,254.0,448.0,693.0,911.0
01387500,02-28,74.0,95.0,148.0,251.0,374.0,648.0,1060.0
01387500,02-29,70.0,100.0,145.0,236.0,330.0,582.0,909.0
01387500,03-01,75.0,95.0,146.0,244.0,364.0,675.0,976.0
01387500,03-02,89.0,99.0,153.0,246.0,399.0,718.0,924.0
01387500,03-03,96.0,112.0,160.0,245.0,400.0,730.0,889.0
01387500,03-04,108.0,122.0,190.0,252.0,441.0,762.0,1090.0
01387500,03-05,106.0,130.0,191.0,261.0,453.0,753.0,1120.0
01387500,03-06,112.0,136.0,196.0,267.0,498.0,794.0,1180.0
01387500,03-07,104.0,139.0,199.0,266.0,484.0,810.0,1090.0
01387500,03-08,103.0,154.0,195.0,321.0,476.0,736.0,1020.0
01387500,03-09,113.0,149.0,197.0,315.0,490.0,889.0,1250.0
01387500,03-10,113.0,158.0,192.0,291.0,455.0,765.0,969.0
01387500,03-11,123.0,158.0,206.0,284.0,452.0,781.0,1080.0
01387500,03-12,117.0,156.0,210.0,288.0,478.0,755.0,1120.0
01387500,03-13,122.0,160.0,221.0,305.0,493.0,776.0,1530.0
01387500,03-14,121.0,161.0,221.0,337.0,494.0,834.0,1320.0
01387500,03-15,119.0,157.0,226.0,330.0,485.0,936.0,1180.0
01387500,03-16,123.0,149.0,219.0,322.0,531.0,842.0,1230.0
01387500,03-17,120.0,146.0,235.0,346.0,578.0,761.0,924.0
01387500,03-18,118.0,150.0,240.0,326.0,564.0,750.0,1270.0
01387500,03-19,119.0,162.0,242.0,334.0,500.0,708.0,1190.0
01387500,03-20,118.0,178.0,232.0,344.0,530.0,815.0,1160.0
01387500,03-21,125.0,193.0,234.0,360.0,544.0,762.0,1510.0
01387500,03-22,126.0,177.0,231.0,346.0,611.0,1200.0,1720.0
01387500,03-23,119.0,170.0,233.0,359.0,632.0,1130.0,1550.0
01387500,03-24,123.0,173.0,230.0,335.0,634.0,1090.0,1380.0
01387500,03-25,115.0,170.0,234.0,348.0,588.0,976.0,1360.0
01387500,03-26,106.0,167.0,246.0,340.0,524.0,771.0,1120.0
01387500,03-27,116.0,174.0,238.0,326.0,485.0,796.0,1250.0
01387500,03-28,121.0,174.0,234.0,339.0,582.0,862.0,1270.0
01387500,03-29,121.0,169.0,218.0,327.0,542.0,912.0,1350.0
01387500,03-30,112.0,171.0,220.0,333.0,543.0,959.0,1420.0
01387500,03-31,114.0,166.0,228.0,321.0,537.0,963.0,1540.0
01387500,04-01,115.0,163.0,221.0,341.0,637.0,1100.0,1580.0
01387500,04-02,114.0,168.0,218.0,370.0,681.0,1000.0,1270.0
01387500,04-03,117.0,155.0,213.0,371.0,613.0,906.0,1160.0
01387500,04-04,130.0,144.0,207.0,350.0,550.0,910.0,1240.0
01387500,04-05,125.0,138.0,198.0,367.0,580.0,992.0,1320.0
01387500,04-06,116.0,137.0,208.0,344.0,572.0,909.0,1640.0
01387500,04-07,120.0,145.0,200.0,342.0,590.0,1040.0,1440.0
01387500,04-08,124.0,141.0,192.0,320.0,545.0,892.0,1240.0
01387500,04-09,123.0,138.0,191.0,317.0,497.0,832.0,1070.0
01387500,04-10,115.0,135.0,188.0,308.0,496.0,860.0,1080.0
01387500,04-11,106.0,122.0,175.0,304.0,443.0,738.0,933.0
01387500,04-12,106.0,120.0,189.0,317.0,472.0,625.0,907.0
01387500,04-13,99.0,118.0,200.0,314.0,501.0,695.0,864.0
01387500,04-14,95.0,116.0,186.0,305.0,478.0,644.0,827.0
01387500,04-15,96.0,115.0,184.0,283.0,453.0,668.0,848.0
01387500,04-16,96.0,132.0,183.0,268.0,458.0,843.0,1190.0
01387500,04-17,98.0,134.0,184.0,267.0,450.0,935.0,1420.0
01387500,04-18,96.0,124.0,183.0,274.0,437.0,756.0,1060.0
01387500,04-19,93.0,118.0,171.0,257.0,424.0,678.0,1040.0
01387500,04-20,90.0,111.0,170.0,259.0,418.0,616.0,835.0
01387500,04-21,88.0,102.0,169.0,248.0,380.0,581.0,688.0
01387500,04-22,91.0,109.0,168.0,240.0,377.0,574.0,642.0
01387500,04-23,96.0,112.0,173.0,239.0,408.0,620.0,760.0
01387500,04-24,98.0,121.0,172.0,227.0,367.0,646.0,727.0
01387500,04-25,97.0,121.0,174.0,219.0,360.0,529.0,671.0
01387500,04-26,103.0,140.0,166.0,240.0,346.0,511.0,609.0
01387500,04-27,97.0,129.0,163.0,229.0,349.0,528.0,760.0
01387500,04-28,107.0,125.0,157.0,237.0,340.0,554.0,720.0
01387500,04-29,105.0,121.0,154.0,237.0,324.0,631.0,787.0
01387500,04-30,106.0,118.0,147.0,227.0,330.0,618.0,886.0
01387500,05-01,106.0,116.0,160.0,213.0,317.0,532.0,806.0
01387500,05-02,102.0,112.0,155.0,212.0,324.0,468.0,751.0
01387500,05-03,98.0,115.0,150.0,217.0,323.0,474.0,626.0
01387500,05-04,97.0,114.0,145.0,216.0,330.0,560.0,673.0
01387500,05-05,95.0,115.0,150.0,206.0,320.0,470.0,609.0
01387500,05-06,96.0,104.0,141.0,204.0,313.0,431.0,700.0
01387500,05-07,93.0,102.0,135.0,194.0,333.0,507.0,692.0
01387500,05-08,93.0,99.0,140.0,211.0,314.0,461.0,579.0
01387500,05-09,84.0,93.0,138.0,213.0,314.0,486.0,703.0
01387500,05-10,85.0,92.0,138.0,201.0,316.0,509.0,762.0
01387500,05-11,82.0,92.0,134.0,185.0,292.0,562.0,947.0
01387500,05-12,81.0,103.0,134.0,185.0,319.0,625.0,927.0
01387500,05-13,76.0,99.0,129.0,177.0,350.0,538.0,877.0
01387500,05-14,81.0,97.0,122.0,177.0,340.0,650.0,910.0
01387500,05-15,86.0,92.0,128.0,177.0,337.0,583.0,757.0
01387500,05-16,79.0,92.0,117.0,184.0,347.0,477.0,650.0
01387500,05-17,77.0,86.0,116.0,176.0,356.0,542.0,676.0
01387500,05-18,75.0,84.0,116.0,166.0,306.0,474.0,606.0
01387500,05-19,75.0,82.0,108.0,181.0,283.0,431.0,747.0
01387500,05-20,69.0,81.0,102.0,186.0,281.0,396.0,567.0
01387500,05-21,65.0,75.0,104.0,179.0,252.0,404.0,542.0
01387500,05-22,63.0,72.0,104.0,161.0,239.0,373.0,481.0
01387500,05-23,58.0,67.0,96.0,172.0,256.0,358.0,463.0
01387500,05-24,58.0,69.0,99.0,164.0,270.0,386.0,488.0
01387500,05-25,57.0,64.0,90.0,147.0,231.0,394.0,535.0
01387500,05-26,52.0,56.0,85.0,143.0,226.0,394.0,738.0
01387500,05-27,51.0,60.0,81.0,147.0,222.0,398.0,627.0
01387500,05-28,49.0,56.0,83.0,144.0,232.0,401.0,663.0
01387500,05-29,50.0,56.0,81.0,146.0,263.0,464.0,630.0
01387500,05-30,46.0,52.0,77.0,139.0,231.0,512.0,719.0
01387500,05-31,46.0,52.0,76.0,125.0,249.0,499.0,856.0
01387500,06-01,46.0,55.0,75.0,124.0,292.0,640.0,1310.0
01387500,06-02,47.0,52.0,73.0,121.0,287.0,620.0,959.0
01387500,06-03,45.0,52.0,71.0,117.0,272.0,461.0,732.0
01387500,06-04,44.0,50.0,74.0,116.0,243.0,434.0,740.0
01387500,06-05,42.0,48.0,73.0,133.0,224.0,394.0,586.0
01387500,06-06,39.0,47.0,69.0,125.0,200.0,447.0,544.0
01387500,06-07,35.0,46.0,74.0,110.0,212.0,432.0,579.0
01387500,06-08,35.0,46.0,66.0,103.0,235.0,399.0,692.0
01387500,06-09,36.0,45.0,65.0,103.0,216.0,382.0,531.0
01387500,06-10,33.0,42.0,62.0,103.0,187.0,342.0,498.0
01387500,06-11,32.0,40.0,59.0,98.0,189.0,272.0,371.0
01387500,06-12,34.0,41.0,58.0,95.0,173.0,280.0,370.0
01387500,06-13,34.0,43.0,58.0,96.0,170.0,323.0,519.0
01387500,06-14,36.0,42.0,62.0,90.0,148.0,301.0,423.0
01387500,06-15,33.0,39.0,60.0,85.0,150.0,326.0,532.0
01387500,06-16,31.0,36.0,59.0,86.0,139.0,330.0,517.0
01387500,06-17,31.0,37.0,54.0,87.0,163.0,302.0,490.0
01387500,06-18,30.0,36.0,52.0,84.0,150.0,285.0,412.0
01387500,06-19,28.0,35.0,53.0,89.0,164.0,328.0,413.0
01387500,06-20,28.0,34.0,49.0,89.0,151.0,296.0,447.0
01387500,06-21,27.0,32.0,49.0,82.0,133.0,245.0,414.0
01387500,06-22,28.0,34.0,48.0,82.0,124.0,200.0,385.0
01387500,06-23,26.0,31.0,46.0,77.0,122.0,216.0,520.0
01387500,06-24,25.0,30.0,42.0,73.0,115.0,202.0,606.0
01387500,06-25,25.0,29.0,40.0,67.0,118.0,296.0,411.0
01387500,06-26,24.0,28.0,39.0,69.0,112.0,244.0,366.0
01387500,06-27,23.0,27.0,38.0,68.0,107.0,259.0,355.0
01387500,06-28,22.0,25.0,37.0,64.0,101.0,244.0,451.0
01387500,06-29,23.0,29.0,38.0,61.0,126.0,240.0,372.0
01387500,06-30,23.0,27.0,40.0,59.0,126.0,225.0,487.0
01387500,07-01,22.0,26.0,41.0,61.0,125.0,285.0,677.0
01387500,07-02,21.0,25.0,38.0,60.0,114.0,245.0,420.0
01387500,07-03,22.0,26.0,38.0,56.0,118.0,214.0,338.0
01387500,07-04,20.0,24.0,36.0,55.0,113.0,224.0,420.0
01387500,07-05,19.0,22.0,34.0,57.0,113.0,222.0,312.0
01387500,07-06,20.0,25.0,33.0,55.0,100.0,174.0,367.0
01387500,07-07,20.0,25.0,33.0,53.0,93.0,159.0,306.0
01387500,07-08,20.0,24.0,33.0,54.0,101.0,178.0,264.0
01387500,07-09,21.0,23.0,31.0,53.0,101.0,252.0,332.0
01387500,07-10,18.0,22.0,31.0,52.0,92.0,200.0,317.0
01387500,07-11,18.0,21.0,32.0,49.0,83.0,167.0,351.0
01387500,07-12,18.0,22.0,30.0,53.0,88.0,136.0,236.0
01387500,07-13,20.0,24.0,29.0,52.0,97.0,201.0,326.0
01387500,07-14,18.0,23.0,31.0,47.0,93.0,284.0,538.0
01387500,07-15,18.0,20.0,28.0,50.0,97.0,294.0,519.0
01387500,07-16,17.0,21.0,27.0,49.0,86.0,228.0,495.0
01387500,07-17,18.0,20.0,26.0,46.0,87.0,191.0,325.0
01387500,07-18,19.0,20.0,28.0,54.0,96.0,193.0,281.0
01387500,07-19,19.0,22.0,32.0,51.0,80.0,159.0,271.0
01387500,07-20,18.0,22.0,31.0,46.0,85.0,137.0,231.0
01387500,07-21,17.0,22.0,27.0,41.0,90.0,171.0,289.0
01387500,07-22,18.0,21.0,26.0,44.0,93.0,174.0,340.0
01387500,07-23,17.0,20.0,28.0,53.0,108.0,256.0,355.0
01387500,07-24,16.0,20.0,26.0,54.0,102.0,209.0,424.0
01387500,07-25,17.0,20.0,30.0,46.0,83.0,163.0,427.0
01387500,07-26,16.0,20.0,28.0,42.0,81.0,148.0,270.0
01387500,07-27,19.0,21.0,26.0,43.0,94.0,180.0,341.0
01387500,07-28,16.0,20.0,24.0,42.0,91.0,199.0,285.0
01387500,07-29,18.0,21.0,25.0,45.0,77.0,162.0,229.0
01387500,07-30,17.0,19.0,24.0,41.0,76.0,150.0,233.0
01387500,07-31,15.0,17.0,23.0,42.0,96.0,167.0,292.0
01387500,08-01,15.0,18.0,23.0,40.0,84.0,204.0,323.0
01387500,08-02,15.0,17.0,25.0,45.0,73.0,203.0,425.0
01387500,08-03,14.0,18.0,26.0,45.0,77.0,214.0,306.0
01387500,08-04,15.0,18.0,25.0,41.0,81.0,208.0,307.0
01387500,08-05,14.0,17.0,25.0,40.0,71.0,205.0,325.0
01387500,08-06,13.0,18.0,23.0,37.0,76.0,224.0,345.0
01387500,08-07,14.0,17.0,22.0,37.0,72.0,207.0,395.0
01387500,08-08,15.0,17.0,22.0,35.0,84.0,218.0,292.0
01387500,08-09,14.0,17.0,24.0,36.0,96.0,205.0,325.0
01387500,08-10,13.0,15.0,24.0,37.0,119.0,267.0,418.0
01387500,08-11,13.0,16.0,23.0,37.0,102.0,292.0,465.0
01387500,08-12,14.0,16.0,24.0,42.0,104.0,289.0,326.0
01387500,08-13,14.0,18.0,25.0,40.0,95.0,219.0,273.0
01387500,08-14,16.0,20.0,25.0,37.0,100.0,202.0,230.0
01387500,08-15,17.0,20.0,25.0,37.0,78.0,172.0,307.0
01387500,08-16,14.0,17.0,24.0,37.0,83.0,242.0,490.0
01387500,08-17,16.0,18.0,24.0,40.0,72.0,230.0,474.0
01387500,08-18,14.0,17.0,22.0,37.0,86.0,303.0,376.0
01387500,08-19,15.0,17.0,24.0,36.0,90.0,226.0,387.0
01387500,08-20,14.0,18.0,24.0,36.0,75.0,172.0,262.0
01387500,08-21,13.0,16.0,23.0,37.0,84.0,150.0,228.0
01387500,08-22,13.0,16.0,23.0,38.0,87.0,219.0,360.0
01387500,08-23,13.0,17.0,24.0,36.0,77.0,288.0,572.0
01387500,08-24,12.0,18.0,22.0,38.0,82.0,228.0,436.0
01387500,08-25,12.0,16.0,20.0,38.0,87.0,215.0,348.0
01387500,08-26,14.0,16.0,23.0,37.0,83.0,190.0,329.0
01387500,08-27,13.0,16.0,24.0,38.0,78.0,217.0,302.0
01387500,08-28,15.0,16.0,23.0,37.0,77.0,246.0,512.0
01387500,08-29,13.0,15.0,23.0,39.0,89.0,235.0,455.0
01387500,08-30,13.0,15.0,23.0,34.0,80.0,183.0,399.0
01387500,08-31,13.0,15.0,22.0,34.0,65.0,165.0,286.0
01387500,09-01,13.0,16.0,22.0,34.0,66.0,162.0,462.0
01387500,09-02,13.0,15.0,21.0,33.0,71.0,176.0,464.0
01387500,09-03,13.0,14.0,20.0,35.0,79.0,181.0,386.0
01387500,09-04,12.0,14.0,22.0,37.0,74.0,215.0,517.0
01387500,09-05,12.0,15.0,22.0,33.0,70.0,173.0,378.0
01387500,09-06,13.0,15.0,22.0,34.0,84.0,217.0,343.0
01387500,09-07,11.0,15.0,21.0,36.0,70.0,202.0,422.0
01387500,09-08,12.0,14.0,23.0,36.0,72.0,184.0,338.0
01387500,09-09,13.0,15.0,24.0,38.0,82.0,160.0,387.0
01387500,09-10,13.0,15.0,24.0,42.0,91.0,154.0,316.0
01387500,09-11,13.0,15.0,23.0,41.0,92.0,173.0,275.0
01387500,09-12,13.0,16.0,22.0,37.0,83.0,184.0,319.0
01387500,09-13,13.0,16.0,23.0,41.0,83.0,178.0,401.0
01387500,09-14,15.0,17.0,24.0,41.0,82.0,146.0,384.0
01387500,09-15,15.0,17.0,27.0,47.0,93.0,203.0,628.0
01387500,09-16,15.0,18.0,25.0,41.0,89.0,296.0,651.0
01387500,09-17,15.0,18.0,24.0,40.0,95.0,331.0,560.0
01387500,09-18,14.0,18.0,25.0,41.0,112.0,304.0,772.0
01387500,09-19,14.0,18.0,23.0,47.0,119.0,385.0,554.0
01387500,09-20,15.0,17.0,22.0,39.0,150.0,361.0,610.0
01387500,09-21,15.0,17.0,22.0,43.0,129.0,296.0,500.0
01387500,09-22,16.0,18.0,23.0,40.0,109.0,249.0,465.0
01387500,09-23,16.0,17.0,23.0,48.0,107.0,253.0,357.0
01387500,09-24,14.0,17.0,20.0,49.0,103.0,245.0,366.0
01387500,09-25,14.0,16.0,20.0,46.0,128.0,276.0,486.0
01387500,09-26,15.0,16.0,22.0,47.0,110.0,234.0,465.0
01387500,09-27,16.0,17.0,25.0,55.0,112.0,233.0,464.0
01387500,09-28,14.0,17.0,23.0,56.0,105.0,246.0,592.0
01387500,09-29,13.0,17.0,25.0,54.0,117.0,218.0,710.0
01387500,09-30,14.0,17.0,24.0,56.0,130.0,366.0,582.0
01387500,10-01,13.0,18.0,25.0,53.0,124.0,354.0,574.0
01387500,10-02,13.0,19.0,26.0,57.0,123.0,293.0,447.0
01387500,10-03,13.0,18.0,25.0,55.0,129.0,314.0,409.0
01387500,10-04,16.0,18.0,26.0,53.0,125.0,266.0,463.0
01387500,10-05,14.0,17.0,26.0,50.0,126.0,271.0,423.0
01387500,10-06,13.0,17.0,24.0,55.0,118.0,294.0,437.0
01387500,10-07,15.0,18.0,24.0,56.0,122.0,253.0,487.0
01387500,10-08,15.0,17.0,26.0,62.0,114.0,278.0,456.0
01387500,10-09,15.0,19.0,29.0,58.0,111.0,290.0,415.0
01387500,10-10,14.0,17.0,26.0,55.0,111.0,233.0,442.0
01387500,10-11,15.0,19.0,27.0,53.0,116.0,242.0,342.0
01387500,10-12,15.0,17.0,25.0,55.0,133.0,250.0,406.0
01387500,10-13,14.0,18.0,24.0,61.0,145.0,222.0,387.0
01387500,10-14,14.0,18.0,25.0,59.0,118.0,196.0,596.0
01387500,10-15,16.0,19.0,26.0,56.0,112.0,258.0,492.0
01387500,10-16,16.0,20.0,27.0,58.0,123.0,226.0,376.0
01387500,10-17,16.0,19.0,26.0,61.0,123.0,250.0,434.0
01387500,10-18,16.0,19.0,27.0,55.0,115.0,313.0,661.0
01387500,10-19,15.0,18.0,28.0,57.0,136.0,323.0,660.0
01387500,10-20,15.0,19.0,27.0,56.0,141.0,448.0,844.0
01387500,10-21,17.0,22.0,28.0,57.0,148.0,403.0,778.0
01387500,10-22,15.0,21.0,28.0,58.0,139.0,416.0,660.0
01387500,10-23,17.0,20.0,31.0,67.0,145.0,432.0,540.0
01387500,10-24,18.0,21.0,30.0,72.0,162.0,443.0,600.0
01387500,10-25,17.0,24.0,32.0,73.0,171.0,431.0,575.0
01387500,10-26,16.0,22.0,36.0,80.0,166.0,437.0,632.0
01387500,10-27,15.0,20.0,34.0,86.0,204.0,416.0,765.0
01387500,10-28,17.0,23.0,33.0,79.0,240.0,531.0,1240.0
01387500,10-29,18.0,22.0,34.0,83.0,220.0,439.0,796.0
01387500,10-30,20.0,24.0,35.0,86.0,207.0,463.0,701.0
01387500,10-31,16.0,23.0,42.0,88.0,213.0,364.0,465.0
01387500,11-01,18.0,24.0,41.0,99.0,190.0,346.0,525.0
01387500,11-02,19.0,23.0,48.0,94.0,207.0,360.0,466.0
01387500,11-03,18.0,23.0,45.0,88.0,234.0,488.0,757.0
01387500,11-04,18.0,23.0,39.0,90.0,237.0,471.0,719.0
01387500,11-05,18.0,24.0,43.0,102.0,230.0,388.0,580.0
01387500,11-06,20.0,23.0,46.0,104.0,217.0,356.0,493.0
01387500,11-07,20.0,24.0,48.0,104.0,220.0,365.0,529.0
01387500,11-08,18.0,25.0,50.0,104.0,209.0,502.0,689.0
01387500,11-09,20.0,24.0,44.0,99.0,217.0,489.0,841.0
01387500,11-10,22.0,28.0,47.0,104.0,227.0,530.0,997.0
01387500,11-11,22.0,29.0,51.0,108.0,230.0,430.0,797.0
01387500,11-12,21.0,25.0,43.0,107.0,239.0,524.0,732.0
01387500,11-13,20.0,25.0,45.0,136.0,265.0,506.0,776.0
01387500,11-14,20.0,27.0,47.0,130.0,269.0,447.0,833.0
01387500,11-15,21.0,27.0,53.0,129.0,242.0,458.0,832.0
01387500,11-16,18.0,30.0,55.0,140.0,245.0,456.0,775.0
01387500,11-17,19.0,30.0,61.0,134.0,266.0,526.0,844.0
01387500,11-18,21.0,32.0,60.0,132.0,272.0,558.0,729.0
01387500,11-19,22.0,31.0,59.0,138.0,243.0,487.0,672.0
01387500,11-20,25.0,31.0,62.0,142.0,270.0,539.0,680.0
01387500,11-21,24.0,33.0,62.0,156.0,277.0,547.0,944.0
01387500,11-22,23.0,31.0,70.0,146.0,323.0,513.0,897.0
01387500,11-23,24.0,30.0,73.0,142.0,306.0,543.0,926.0
01387500,11-24,25.0,34.0,74.0,158.0,268.0,434.0,648.0
01387500,11-25,27.0,41.0,72.0,172.0,312.0,469.0,598.0
01387500,11-26,30.0,44.0,79.0,166.0,303.0,469.0,759.0
01387500,11-27,29.0,44.0,79.0,168.0,306.0,617.0,922.0
01387500,11-28,29.0,42.0,90.0,174.0,310.0,572.0,798.0
01387500,11-29,29.0,41.0,105.0,172.0,344.0,826.0,1150.0
01387500,11-30,31.0,51.0,95.0,177.0,375.0,696.0,835.0
01387500,12-01,31.0,52.0,100.0,188.0,374.0,797.0,945.0
01387500,12-02,28.0,50.0,99.0,183.0,346.0,692.0,912.0
01387500,12-03,28.0,49.0,98.0,195.0,350.0,610.0,702.0
01387500,12-04,31.0,56.0,91.0,196.0,403.0,534.0,751.0
01387500,12-05,42.0,55.0,91.0,192.0,371.0,583.0,936.0
01387500,12-06,42.0,54.0,97.0,178.0,378.0,657.0,1020.0
01387500,12-07,34.0,50.0,112.0,193.0,371.0,684.0,936.0
01387500,12-08,30.0,50.0,101.0,180.0,364.0,732.0,933.0
01387500,12-09,37.0,52.0,101.0,202.0,327.0,631.0,1060.0
01387500,12-10,30.0,52.0,99.0,195.0,361.0,705.0,843.0
01387500,12-11,40.0,51.0,99.0,190.0,363.0,618.0,879.0
01387500,12-12,40.0,55.0,85.0,194.0,410.0,625.0,1260.0
01387500,12-13,45.0,61.0,96.0,178.0,393.0,719.0,1060.0
01387500,12-14,41.0,57.0,105.0,195.0,357.0,776.0,979.0
01387500,12-15,43.0,57.0,107.0,191.0,322.0,688.0,937.0
01387500,12-16,42.0,57.0,109.0,190.0,372.0,572.0,776.0
01387500,12-17,38.0,56.0,108.0,188.0,353.0,631.0,913.0
01387500,12-18,47.0,55.0,111.0,198.0,353.0,588.0,896.0
01387500,12-19,42.0,48.0,115.0,195.0,338.0,543.0,851.0
01387500,12-20,42.0,53.0,102.0,189.0,323.0,560.0,773.0
01387500,12-21,44.0,62.0,103.0,186.0,348.0,623.0,2020.0
01387500,12-22,42.0,62.0,108.0,188.0,335.0,801.0,1500.0
01387500,12-23,46.0,66.0,109.0,189.0,334.0,593.0,1050.0
01387500,12-24,48.0,65.0,110.0,189.0,345.0,645.0,860.0
01387500,12-25,45.0,58.0,121.0,197.0,327.0,595.0,893.0
01387500,12-26,46.0,57.0,120.0,200.0,357.0,576.0,752.0
01387500,12-27,41.0,70.0,120.0,183.0,328.0,611.0,824.0
01387500,12-28,38.0,69.0,115.0,195.0,305.0,588.0,770.0
01387500,12-29,39.0,65.0,121.0,203.0,317.0,604.0,771.0
01387500,12-30,38.0,68.0,114.0,195.0,397.0,597.0,727.0
01387500,12-31,39.0,66.0,103.0,189.0,370.0,569.0,648.0
01388000,01-01,37.0,77.0,123.0,276.0,472.0,605.0,899.0
01388000,01-02,43.0,70.0,132.0,276.0,445.0,626.0,1070.0
01388000,01-03,56.0,91.0,139.0,264.0,440.0,680.0,995.0
01388000,01-04,58.0,88.0,139.0,243.0,428.0,676.0,1050.0
01388000,01-05,56.0,82.0,138.0,240.0,400.0,639.0,829.0
01388000,01-06,55.0,80.0,140.0,253.0,394.0,650.0,810.0
01388000,01-07,58.0,82.0,141.0,250.0,414.0,672.0,871.0
01388000,01-08,53.0,82.0,135.0,234.0,407.0,628.0,1000.0
01388000,01-09,58.0,82.0,140.0,238.0,387.0,630.0,872.0
01388000,01-10,58.0,77.0,140.0,238.0,373.0,697.0,964.0
01388000,01-11,61.0,72.0,134.0,233.0,406.0,639.0,873.0
01388000,01-12,58.0,81.0,134.0,234.0,392.0,633.0,812.0
01388000,01-13,58.0,79.0,137.0,223.0,374.0,587.0,683.0
01388000,01-14,61.0,89.0,128.0,207.0,358.0,529.0,763.0
01388000,01-15,57.0,82.0,130.0,211.0,391.0,582.0,718.0
01388000,01-16,39.0,75.0,129.0,216.0,364.0,584.0,788.0
01388000,01-17,58.0,72.0,124.0,213.0,353.0,497.0,722.0
01388000,01-18,65.0,83.0,132.0,211.0,319.0,525.0,726.0
01388000,01-19,39.0,83.0,140.0,208.0,330.0,622.0,849.0
01388000,01-20,48.0,84.0,134.0,219.0,345.0,533.0,723.0
01388000,01-21,58.0,79.0,132.0,226.0,343.0,543.0,756.0
01388000,01-22,63.0,82.0,136.0,225.0,386.0,588.0,907.0
01388000,01-23,71.0,85.0,142.0,222.0,373.0,737.0,991.0
01388000,01-24,60.0,90.0,142.0,224.0,429.0,826.0,962.0
01388000,01-25,63.0,86.0,143.0,238.0,514.0,844.0,1740.0
01388000,01-26,64.0,87.0,141.0,220.0,555.0,1350.0,1860.0
01388000,01-27,49.0,80.0,146.0,215.0,486.0,1250.0,1760.0
01388000,01-28,64.0,82.0,143.0,207.0,479.0,919.0,1310.0
01388000,01-29,59.0,76.0,141.0,207.0,492.0,887.0,1070.0
01388000,01-30,56.0,82.0,135.0,197.0,430.0,729.0,937.0
01388000,01-31,61.0,80.0,139.0,202.0,406.0,619.0,754.0
01388000,02-01,58.0,82.0,132.0,200.0,399.0,582.0,634.0
01388000,02-02,60.0,83.0,132.0,216.0,391.0,551.0,763.0
01388000,02-03,73.0,88.0,149.0,221.0,399.0,636.0,981.0
01388000,02-04,70.0,83.0,144.0,219.0,399.0,704.0,1040.0
01388000,02-05,62.0,84.0,141.0,229.0,379.0,671.0,865.0
01388000,02-06,53.0,82.0,133.0,233.0,357.0,544.0,694.0
01388000,02-07,69.0,86.0,132.0,260.0,389.0,564.0,683.0
01388000,02-08,69.0,84.0,143.0,249.0,397.0,589.0,783.0
01388000,02-09,75.0,90.0,135.0,238.0,356.0,500.0,691.0
01388000,02-10,75.0,88.0,130.0,238.0,340.0,459.0,680.0
01388000,02-11,71.0,83.0,145.0,233.0,345.0,538.0,711.0
01388000,02-12,77.0,93.0,142.0,230.0,338.0,530.0,805.0
01388000,02-13,79.0,102.0,148.0,226.0,363.0,528.0,856.0
01388000,02-14,79.0,105.0,160.0,225.0,369.0,539.0,1080.0
01388000,02-15,77.0,104.0,152.0,235.0,365.0,659.0,947.0
01388000,02-16,79.0,97.0,160.0,260.0,388.0,600.0,1010.0
01388000,02-17,75.0,90.0,158.0,240.0,404.0,564.0,858.0
01388000,02-18,70.0,88.0,151.0,240.0,417.0,692.0,786.0
01388000,02-19,75.0,89.0,156.0,266.0,399.0,675.0,798.0
01388000,02-20,81.0,100.0,160.0,284.0,448.0,670.0,830.0
01388000,02-21,82.0,106.0,159.0,274.0,450.0,681.0,821.0
01388000,02-22,79.0,100.0,161.0,269.0,444.0,729.0,1070.0
01388000,02-23,76.0,103.0,167.0,269.0,458.0,846.0,996.0
01388000,02-24,82.0,111.0,171.0,277.0,510.0,892.0,1090.0
01388000,02-25,81.0,107.0,174.0,284.0,501.0,1030.0,1390.0
01388000,02-26,86.0,110.0,172.0,303.0,537.0,957.0,1680.0
01388000,02-27,75.0,114.0,177.0,315.0,522.0,933.0,1150.0
01388000,02-28,84.0,117.0,172.0,306.0,495.0,881.0,1250.0
01388000,02-29,71.0,108.0,161.0,321.0,469.0,750.0,1060.0
01388000,03-01,78.0,124.0,186.0,308.0,467.0,798.0,1270.0
01388000,03-02,84.0,122.0,196.0,297.0,513.0,931.0,1190.0
01388000,03-03,94.0,133.0,186.0,315.0,487.0,915.0,1080.0
01388000,03-04,112.0,136.0,205.0,321.0,555.0,896.0,1380.0
01388000,03-05,98.0,152.0,217.0,348.0,554.0,921.0,1350.0
01388000,03-06,91.0,149.0,234.0,366.0,592.0,999.0,1410.0
01388000,03-07,91.0,132.0,241.0,362.0,657.0,1110.0,1360.0
01388000,03-08,107.0,142.0,273.0,377.0,562.0,991.0,1440.0
01388000,03-09,109.0,149.0,265.0,383.0,613.0,1090.0,1340.0
01388000,03-10,101.0,151.0,248.0,384.0,580.0,1070.0,1250.0
01388000,03-11,122.0,179.0,250.0,366.0,566.0,940.0,1340.0
01388000,03-12,119.0,153.0,250.0,375.0,561.0,1020.0,1260.0
01388000,03-13,118.0,176.0,271.0,394.0,612.0,1020.0,2020.0
01388000,03-14,96.0,180.0,278.0,424.0,654.0,1130.0,1620.0
01388000,03-15,98.0,171.0,281.0,434.0,698.0,1100.0,1530.0
01388000,03-16,90.0,172.0,266.0,431.0,666.0,1090.0,1530.0
01388000,03-17,98.0,166.0,294.0,441.0,721.0,995.0,1270.0
01388000,03-18,118.0,160.0,290.0,424.0,747.0,988.0,1620.0
01388000,03-19,125.0,173.0,287.0,406.0,652.0,968.0,1640.0
01388000,03-20,138.0,175.0,294.0,420.0,648.0,1040.0,1350.0
01388000,03-21,135.0,174.0,311.0,456.0,694.0,1010.0,1550.0
01388000,03-22,126.0,166.0,301.0,456.0,770.0,1430.0,2140.0
01388000,03-23,113.0,176.0,281.0,455.0,763.0,1410.0,2040.0
01388000,03-24,111.0,155.0,288.0,437.0,712.0,1410.0,1700.0
01388000,03-25,101.0,166.0,310.0,456.0,682.0,1220.0,1630.0
01388000,03-26,101.0,180.0,315.0,430.0,666.0,1010.0,1320.0
01388000,03-27,114.0,166.0,310.0,423.0,651.0,930.0,1420.0
01388000,03-28,109.0,158.0,305.0,422.0,699.0,954.0,1450.0
01388000,03-29,92.0,170.0,287.0,416.0,705.0,1030.0,1820.0
01388000,03-30,87.0,148.0,274.0,425.0,661.0,1240.0,1790.0
01388000,03-31,74.0,129.0,284.0,429.0,708.0,1120.0,1840.0
01388000,04-01,61.0,134.0,287.0,437.0,784.0,1320.0,2100.0
01388000,04-02,58.0,142.0,292.0,456.0,900.0,1340.0,1570.0
01388000,04-03,49.0,147.0,292.0,460.0,818.0,1110.0,1620.0
01388000,04-04,46.0,165.0,264.0,469.0,739.0,1240.0,1730.0
01388000,04-05,46.0,179.0,260.0,467.0,715.0,1210.0,1730.0
01388000,04-06,51.0,153.0,267.0,445.0,716.0,1210.0,2170.0
01388000,04-07,60.0,158.0,266.0,443.0,774.0,1370.0,2280.0
01388000,04-08,73.0,173.0,245.0,419.0,740.0,1170.0,1650.0
01388000,04-09,70.0,168.0,258.0,418.0,644.0,1120.0,1400.0
01388000,04-10,70.0,156.0,240.0,406.0,640.0,1070.0,1340.0
01388000,04-11,60.0,146.0,226.0,373.0,593.0,955.0,1210.0
01388000,04-12,60.0,146.0,225.0,405.0,612.0,841.0,1070.0
01388000,04-13,76.0,144.0,261.0,401.0,623.0,889.0,1170.0
01388000,04-14,80.0,125.0,252.0,385.0,593.0,882.0,1120.0
01388000,04-15,76.0,129.0,237.0,373.0,566.0,858.0,1080.0
01388000,04-16,69.0,135.0,229.0,355.0,589.0,1040.0,1240.0
01388000,04-17,79.0,150.0,222.0,334.0,544.0,1260.0,1680.0
01388000,04-18,103.0,148.0,225.0,360.0,556.0,1050.0,1460.0
01388000,04-19,86.0,152.0,212.0,353.0,550.0,927.0,1470.0
01388000,04-20,66.0,142.0,219.0,322.0,525.0,841.0,1130.0
01388000,04-21,58.0,133.0,211.0,334.0,506.0,761.0,957.0
01388000,04-22,60.0,132.0,193.0,329.0,511.0,777.0,913.0
01388000,04-23,72.0,134.0,224.0,317.0,519.0,832.0,970.0
01388000,04-24,78.0,126.0,227.0,298.0,485.0,839.0,967.0
01388000,04-25,80.0,123.0,225.0,291.0,483.0,713.0,891.0
01388000,04-26,82.0,118.0,213.0,327.0,460.0,757.0,820.0
01388000,04-27,65.0,124.0,200.0,317.0,494.0,724.0,952.0
01388000,04-28,104.0,132.0,201.0,316.0,471.0,814.0,991.0
01388000,04-29,79.0,138.0,209.0,318.0,453.0,834.0,1050.0
01388000,04-30,102.0,138.0,193.0,301.0,449.0,746.0,1040.0
01388000,05-01,106.0,144.0,191.0,289.0,419.0,765.0,1100.0
01388000,05-02,105.0,141.0,184.0,307.0,409.0,659.0,1070.0
01388000,05-03,118.0,136.0,189.0,295.0,435.0,654.0,865.0
01388000,05-04,107.0,132.0,182.0,295.0,449.0,738.0,863.0
01388000,05-05,86.0,124.0,186.0,275.0,424.0,661.0,881.0
01388000,05-06,90.0,108.0,176.0,281.0,443.0,591.0,948.0
01388000,05-07,76.0,101.0,172.0,269.0,472.0,611.0,920.0
01388000,05-08,72.0,100.0,178.0,278.0,451.0,642.0,827.0
01388000,05-09,70.0,117.0,178.0,277.0,439.0,678.0,896.0
01388000,05-10,79.0,110.0,180.0,275.0,424.0,667.0,961.0
01388000,05-11,76.0,102.0,165.0,266.0,400.0,780.0,1130.0
01388000,05-12,65.0,85.0,172.0,257.0,442.0,842.0,1050.0
01388000,05-13,65.0,89.0,176.0,252.0,455.0,771.0,1220.0
01388000,05-14,68.0,79.0,170.0,256.0,479.0,905.0,1170.0
01388000,05-15,64.0,84.0,162.0,238.0,455.0,840.0,1030.0
01388000,05-16,62.0,81.0,167.0,256.0,460.0,700.0,870.0
01388000,05-17,65.0,97.0,155.0,247.0,461.0,680.0,938.0
01388000,05-18,64.0,76.0,143.0,234.0,457.0,639.0,820.0
01388000,05-19,64.0,89.0,141.0,259.0,399.0,619.0,1180.0
01388000,05-20,65.0,85.0,134.0,259.0,413.0,570.0,979.0
01388000,05-21,67.0,85.0,133.0,257.0,370.0,559.0,786.0
01388000,05-22,68.0,85.0,134.0,239.0,358.0,532.0,691.0
01388000,05-23,68.0,83.0,133.0,253.0,337.0,486.0,601.0
01388000,05-24,69.0,76.0,125.0,223.0,377.0,540.0,678.0
01388000,05-25,68.0,79.0,124.0,206.0,342.0,573.0,775.0
01388000,05-26,67.0,80.0,115.0,203.0,318.0,527.0,1040.0
01388000,05-27,63.0,72.0,103.0,195.0,330.0,534.0,878.0
01388000,05-28,62.0,75.0,98.0,196.0,309.0,539.0,729.0
01388000,05-29,64.0,75.0,102.0,207.0,332.0,604.0,875.0
01388000,05-30,65.0,75.0,111.0,188.0,314.0,646.0,849.0
01388000,05-31,52.0,67.0,92.0,178.0,306.0,669.0,1000.0
01388000,06-01,57.0,65.0,95.0,176.0,326.0,750.0,1490.0
01388000,06-02,59.0,69.0,100.0,169.0,381.0,874.0,1340.0
01388000,06-03,56.0,65.0,90.0,167.0,372.0,647.0,1180.0
01388000,06-04,54.0,66.0,104.0,161.0,348.0,662.0,958.0
01388000,06-05,51.0,61.0,96.0,175.0,309.0,610.0,809.0
01388000,06-06,57.0,66.0,103.0,162.0,300.0,630.0,738.0
01388000,06-07,53.0,59.0,102.0,146.0,304.0,547.0,744.0
01388000,06-08,51.0,62.0,97.0,145.0,336.0,544.0,984.0
01388000,06-09,47.0,61.0,92.0,140.0,304.0,496.0,825.0
01388000,06-10,44.0,59.0,89.0,136.0,261.0,519.0,652.0
01388000,06-11,42.0,55.0,77.0,138.0,266.0,398.0,553.0
01388000,06-12,38.0,54.0,75.0,128.0,244.0,376.0,538.0
01388000,06-13,44.0,50.0,79.0,131.0,242.0,429.0,599.0
01388000,06-14,40.0,52.0,81.0,139.0,224.0,413.0,623.0
01388000,06-15,38.0,49.0,79.0,131.0,211.0,430.0,768.0
01388000,06-16,36.0,45.0,81.0,118.0,191.0,379.0,750.0
01388000,06-17,36.0,49.0,75.0,120.0,205.0,456.0,674.0
01388000,06-18,36.0,47.0,69.0,122.0,219.0,406.0,562.0
01388000,06-19,35.0,46.0,75.0,119.0,243.0,492.0,534.0
01388000,06-20,33.0,43.0,76.0,122.0,214.0,419.0,583.0
01388000,06-21,32.0,46.0,71.0,116.0,187.0,350.0,549.0
01388000,06-22,34.0,44.0,63.0,111.0,186.0,313.0,461.0
01388000,06-23,32.0,43.0,67.0,110.0,177.0,293.0,583.0
01388000,06-24,32.0,39.0,61.0,104.0,168.0,263.0,705.0
01388000,06-25,31.0,42.0,63.0,97.0,158.0,402.0,604.0
01388000,06-26,32.0,39.0,60.0,91.0,149.0,335.0,492.0
01388000,06-27,34.0,38.0,56.0,97.0,153.0,338.0,465.0
01388000,06-28,31.0,38.0,54.0,93.0,141.0,361.0,534.0
01388000,06-29,30.0,36.0,58.0,84.0,154.0,336.0,456.0
01388000,06-30,30.0,34.0,54.0,89.0,162.0,313.0,667.0
01388000,07-01,28.0,35.0,55.0,87.0,175.0,334.0,487.0
01388000,07-02,26.0,34.0,57.0,90.0,190.0,321.0,519.0
01388000,07-03,26.0,35.0,54.0,86.0,166.0,277.0,411.0
01388000,07-04,25.0,33.0,46.0,86.0,148.0,284.0,544.0
01388000,07-05,24.0,30.0,47.0,78.0,161.0,271.0,365.0
01388000,07-06,23.0,30.0,49.0,83.0,157.0,233.0,560.0
01388000,07-07,21.0,29.0,45.0,73.0,141.0,231.0,447.0
01388000,07-08,22.0,32.0,47.0,83.0,130.0,224.0,325.0
01388000,07-09,22.0,28.0,43.0,82.0,140.0,304.0,439.0
01388000,07-10,17.0,27.0,42.0,76.0,134.0,257.0,393.0
01388000,07-11,22.0,30.0,39.0,68.0,126.0,246.0,474.0
01388000,07-12,22.0,30.0,49.0,76.0,131.0,192.0,391.0
01388000,07-13,20.0,29.0,42.0,75.0,146.0,322.0,466.0
01388000,07-14,17.0,28.0,42.0,74.0,147.0,306.0,615.0
01388000,07-15,17.0,28.0,42.0,73.0,131.0,417.0,570.0
01388000,07-16,18.0,32.0,42.0,75.0,141.0,327.0,639.0
01388000,07-17,16.0,27.0,41.0,73.0,123.0,258.0,522.0
01388000,07-18,14.0,27.0,39.0,74.0,138.0,268.0,380.0
01388000,07-19,18.0,30.0,40.0,74.0,135.0,238.0,340.0
01388000,07-20,19.0,30.0,41.0,71.0,120.0,203.0,324.0
01388000,07-21,17.0,30.0,39.0,71.0,121.0,262.0,521.0
01388000,07-22,20.0,28.0,38.0,63.0,140.0,287.0,446.0
01388000,07-23,19.0,27.0,37.0,68.0,150.0,340.0,643.0
01388000,07-24,12.0,24.0,37.0,74.0,148.0,303.0,796.0
01388000,07-25,11.0,28.0,38.0,71.0,138.0,250.0,608.0
01388000,07-26,12.0,27.0,40.0,67.0,115.0,226.0,382.0
01388000,07-27,20.0,29.0,42.0,65.0,129.0,241.0,429.0
01388000,07-28,21.0,28.0,39.0,71.0,134.0,306.0,409.0
01388000,07-29,20.0,28.0,36.0,69.0,115.0,264.0,373.0
01388000,07-30,17.0,27.0,36.0,69.0,103.0,216.0,332.0
01388000,07-31,14.0,23.0,33.0,63.0,115.0,205.0,353.0
01388000,08-01,21.0,25.0,34.0,63.0,136.0,260.0,441.0
01388000,08-02,16.0,22.0,34.0,58.0,120.0,280.0,580.0
01388000,08-03,13.0,20.0,34.0,61.0,112.0,345.0,477.0
01388000,08-04,11.0,23.0,36.0,64.0,115.0,301.0,428.0
01388000,08-05,11.0,26.0,34.0,60.0,103.0,299.0,403.0
01388000,08-06,11.0,22.0,34.0,59.0,103.0,268.0,380.0
01388000,08-07,10.0,21.0,31.0,53.0,116.0,268.0,536.0
01388000,08-08,10.0,20.0,31.0,51.0,109.0,248.0,461.0
01388000,08-09,12.0,20.0,32.0,54.0,134.0,265.0,438.0
01388000,08-10,9.5,18.0,31.0,55.0,175.0,374.0,540.0
01388000,08-11,12.0,18.0,35.0,55.0,154.0,375.0,613.0
01388000,08-12,16.0,20.0,32.0,58.0,147.0,398.0,465.0
01388000,08-13,11.0,19.0,33.0,56.0,135.0,310.0,433.0
01388000,08-14,16.0,19.0,34.0,56.0,158.0,260.0,362.0
01388000,08-15,17.0,24.0,33.0,56.0,123.0,256.0,476.0
01388000,08-16,20.0,26.0,32.0,50.0,108.0,341.0,454.0
01388000,08-17,16.0,24.0,34.0,54.0,110.0,404.0,682.0
01388000,08-18,16.0,24.0,33.0,57.0,140.0,401.0,504.0
01388000,08-19,10.0,21.0,33.0,56.0,129.0,346.0,537.0
01388000,08-20,14.0,22.0,31.0,54.0,113.0,257.0,365.0
01388000,08-21,11.0,20.0,32.0,54.0,110.0,210.0,309.0
01388000,08-22,13.0,21.0,32.0,54.0,131.0,280.0,447.0
01388000,08-23,16.0,24.0,35.0,54.0,124.0,430.0,762.0
01388000,08-24,14.0,23.0,33.0,54.0,113.0,322.0,638.0
01388000,08-25,16.0,23.0,33.0,55.0,120.0,305.0,506.0
01388000,08-26,17.0,23.0,33.0,56.0,117.0,330.0,564.0
01388000,08-27,16.0,22.0,33.0,53.0,112.0,297.0,387.0
01388000,08-28,16.0,20.0,34.0,55.0,110.0,316.0,685.0
01388000,08-29,16.0,20.0,31.0,53.0,105.0,304.0,521.0
01388000,08-30,13.0,20.0,32.0,53.0,112.0,239.0,459.0
01388000,08-31,7.0,20.0,28.0,51.0,110.0,231.0,324.0
01388000,09-01,12.0,19.0,28.0,44.0,91.0,236.0,443.0
01388000,09-02,10.0,17.0,29.0,49.0,99.0,238.0,574.0
01388000,09-03,10.0,19.0,32.0,54.0,105.0,215.0,508.0
01388000,09-04,12.0,20.0,34.0,53.0,108.0,268.0,665.0
01388000,09-05,12.0,20.0,33.0,56.0,100.0,260.0,533.0
01388000,09-06,14.0,21.0,32.0,54.0,124.0,286.0,411.0
01388000,09-07,11.0,18.0,32.0,51.0,104.0,293.0,521.0
01388000,09-08,16.0,20.0,34.0,58.0,97.0,272.0,412.0
01388000,09-09,9.3,17.0,33.0,53.0,112.0,243.0,479.0
01388000,09-10,16.0,22.0,35.0,53.0,119.0,225.0,426.0
01388000,09-11,11.0,20.0,35.0,58.0,138.0,258.0,324.0
01388000,09-12,14.0,22.0,31.0,58.0,114.0,207.0,449.0
01388000,09-13,11.0,22.0,31.0,51.0,118.0,217.0,422.0
01388000,09-14,19.0,23.0,35.0,55.0,117.0,210.0,515.0
01388000,09-15,12.0,23.0,35.0,64.0,122.0,242.0,755.0
01388000,09-16,19.0,25.0,36.0,64.0,121.0,348.0,655.0
01388000,09-17,17.0,23.0,35.0,60.0,117.0,372.0,587.0
01388000,09-18,17.0,26.0,33.0,62.0,133.0,436.0,649.0
01388000,09-19,12.0,25.0,32.0,70.0,144.0,495.0,779.0
01388000,09-20,12.0,23.0,30.0,57.0,155.0,451.0,808.0
01388000,09-21,11.0,22.0,32.0,56.0,131.0,346.0,814.0
01388000,09-22,16.0,24.0,31.0,58.0,162.0,392.0,659.0
01388000,09-23,12.0,22.0,33.0,59.0,131.0,343.0,469.0
01388000,09-24,19.0,23.0,32.0,62.0,125.0,371.0,488.0
01388000,09-25,9.3,21.0,28.0,61.0,146.0,395.0,681.0
01388000,09-26,15.0,22.0,28.0,59.0,135.0,331.0,664.0
01388000,09-27,20.0,22.0,31.0,67.0,152.0,339.0,494.0
01388000,09-28,15.0,22.0,30.0,72.0,149.0,362.0,740.0
01388000,09-29,19.0,23.0,32.0,68.0,157.0,303.0,1050.0
01388000,09-30,12.0,21.0,33.0,65.0,162.0,444.0,766.0
01388000,10-01,16.0,23.0,34.0,74.0,172.0,463.0,764.0
01388000,10-02,14.0,24.0,38.0,70.0,142.0,365.0,617.0
01388000,10-03,16.0,26.0,38.0,69.0,177.0,366.0,532.0
01388000,10-04,21.0,27.0,36.0,64.0,175.0,311.0,461.0
01388000,10-05,16.0,27.0,35.0,65.0,151.0,335.0,516.0
01388000,10-06,18.0,26.0,35.0,67.0,166.0,316.0,503.0
01388000,10-07,20.0,26.0,34.0,68.0,148.0,278.0,458.0
01388000,10-08,22.0,28.0,35.0,66.0,126.0,346.0,597.0
01388000,10-09,22.0,28.0,35.0,73.0,138.0,345.0,451.0
01388000,10-10,16.0,24.0,35.0,70.0,137.0,329.0,456.0
01388000,10-11,18.0,24.0,34.0,68.0,122.0,328.0,385.0
01388000,10-12,19.0,25.0,37.0,69.0,134.0,305.0,450.0
01388000,10-13,17.0,23.0,34.0,69.0,138.0,252.0,454.0
01388000,10-14,18.0,25.0,34.0,66.0,124.0,250.0,438.0
01388000,10-15,17.0,26.0,33.0,64.0,130.0,230.0,414.0
01388000,10-16,23.0,28.0,35.0,71.0,121.0,227.0,336.0
01388000,10-17,23.0,25.0,38.0,64.0,150.0,257.0,351.0
01388000,10-18,21.0,25.0,34.0,68.0,145.0,297.0,602.0
01388000,10-19,21.0,26.0,35.0,74.0,147.0,332.0,709.0
01388000,10-20,17.0,25.0,34.0,69.0,160.0,457.0,1020.0
01388000,10-21,20.0,26.0,38.0,66.0,151.0,453.0,1020.0
01388000,10-22,22.0,29.0,45.0,69.0,166.0,343.0,749.0
01388000,10-23,22.0,28.0,41.0,75.0,173.0,380.0,659.0
01388000,10-24,19.0,25.0,44.0,78.0,171.0,545.0,762.0
01388000,10-25,21.0,30.0,47.0,81.0,198.0,484.0,800.0
01388000,10-26,22.0,31.0,48.0,83.0,228.0,464.0,747.0
01388000,10-27,15.0,24.0,45.0,89.0,219.0,465.0,948.0
01388000,10-28,20.0,28.0,49.0,91.0,269.0,501.0,1080.0
01388000,10-29,21.0,31.0,46.0,94.0,250.0,561.0,1060.0
01388000,10-30,18.0,33.0,48.0,98.0,243.0,527.0,903.0
01388000,10-31,22.0,31.0,48.0,96.0,241.0,437.0,614.0
01388000,11-01,20.0,32.0,52.0,96.0,228.0,440.0,600.0
01388000,11-02,28.0,35.0,54.0,111.0,222.0,425.0,635.0
01388000,11-03,21.0,35.0,57.0,110.0,293.0,604.0,711.0
01388000,11-04,25.0,35.0,54.0,109.0,269.0,526.0,845.0
01388000,11-05,22.0,35.0,58.0,120.0,263.0,483.0,626.0
01388000,11-06,26.0,34.0,58.0,134.0,263.0,459.0,605.0
01388000,11-07,28.0,35.0,62.0,119.0,241.0,435.0,657.0
01388000,11-08,25.0,33.0,59.0,121.0,242.0,546.0,812.0
01388000,11-09,25.0,34.0,57.0,117.0,269.0,597.0,1140.0
01388000,11-10,29.0,37.0,59.0,117.0,273.0,637.0,1380.0
01388000,11-11,30.0,37.0,59.0,110.0,297.0,652.0,1110.0
01388000,11-12,30.0,39.0,59.0,117.0,301.0,616.0,901.0
01388000,11-13,27.0,34.0,59.0,131.0,322.0,696.0,944.0
01388000,11-14,26.0,34.0,58.0,148.0,327.0,573.0,1060.0
01388000,11-15,25.0,40.0,68.0,148.0,285.0,676.0,1020.0
01388000,11-16,27.0,43.0,64.0,153.0,303.0,603.0,1040.0
01388000,11-17,29.0,43.0,69.0,145.0,339.0,783.0,953.0
01388000,11-18,30.0,43.0,71.0,151.0,307.0,610.0,866.0
01388000,11-19,24.0,40.0,70.0,145.0,299.0,563.0,875.0
01388000,11-20,33.0,42.0,70.0,161.0,327.0,622.0,807.0
01388000,11-21,33.0,46.0,75.0,163.0,352.0,622.0,1260.0
01388000,11-22,22.0,40.0,73.0,176.0,356.0,640.0,1240.0
01388000,11-23,28.0,45.0,72.0,191.0,380.0,786.0,1080.0
01388000,11-24,27.0,39.0,89.0,186.0,344.0,624.0,930.0
01388000,11-25,31.0,44.0,79.0,193.0,340.0,630.0,797.0
01388000,11-26,36.0,54.0,85.0,186.0,361.0,612.0,844.0
01388000,11-27,36.0,50.0,81.0,205.0,411.0,685.0,1220.0
01388000,11-28,35.0,54.0,98.0,219.0,418.0,746.0,934.0
01388000,11-29,40.0,55.0,101.0,210.0,442.0,895.0,1310.0
01388000,11-30,44.0,58.0,99.0,207.0,436.0,924.0,1200.0
01388000,12-01,42.0,56.0,95.0,214.0,432.0,855.0,1190.0
01388000,12-02,40.0,54.0,91.0,218.0,435.0,832.0,1300.0
01388000,12-03,41.0,55.0,98.0,219.0,453.0,761.0,910.0
01388000,12-04,42.0,59.0,96.0,224.0,434.0,712.0,929.0
01388000,12-05,46.0,67.0,95.0,207.0,463.0,698.0,1070.0
01388000,12-06,42.0,65.0,97.0,220.0,449.0,769.0,1270.0
01388000,12-07,43.0,60.0,105.0,224.0,459.0,822.0,1110.0
01388000,12-08,42.0,58.0,100.0,215.0,440.0,873.0,1320.0
01388000,12-09,40.0,52.0,118.0,202.0,382.0,788.0,1420.0
01388000,12-10,43.0,57.0,108.0,202.0,376.0,898.0,1160.0
01388000,12-11,42.0,57.0,112.0,214.0,374.0,880.0,1120.0
01388000,12-12,40.0,56.0,103.0,197.0,467.0,831.0,1400.0
01388000,12-13,47.0,61.0,106.0,184.0,460.0,875.0,1460.0
01388000,12-14,54.0,70.0,110.0,209.0,420.0,928.0,1230.0
01388000,12-15,39.0,63.0,97.0,205.0,436.0,853.0,1200.0
01388000,12-16,52.0,63.0,93.0,207.0,425.0,781.0,912.0
01388000,12-17,47.0,60.0,91.0,214.0,447.0,793.0,1070.0
01388000,12-18,46.0,58.0,88.0,217.0,405.0,722.0,1050.0
01388000,12-19,38.0,58.0,93.0,243.0,439.0,646.0,1140.0
01388000,12-20,37.0,56.0,97.0,222.0,427.0,657.0,918.0
01388000,12-21,35.0,57.0,96.0,215.0,452.0,706.0,1810.0
01388000,12-22,41.0,60.0,109.0,220.0,424.0,776.0,2150.0
01388000,12-23,39.0,60.0,111.0,230.0,398.0,758.0,1270.0
01388000,12-24,40.0,64.0,123.0,235.0,403.0,808.0,962.0
01388000,12-25,51.0,77.0,124.0,247.0,426.0,755.0,1060.0
01388000,12-26,55.0,68.0,122.0,254.0,425.0,749.0,983.0
01388000,12-27,52.0,67.0,110.0,222.0,415.0,759.0,1150.0
01388000,12-28,51.0,64.0,118.0,228.0,398.0,722.0,1030.0
01388000,12-29,52.0,67.0,117.0,237.0,429.0,807.0,961.0
01388000,12-30,44.0,67.0,110.0,241.0,455.0,736.0,955.0
01388000,12-31,39.0,69.0,116.0,220.0,470.0,741.0,818.0
01388500,01-01,77.0,139.0,198.0,367.0,828.0,1330.0,1810.0
01388500,01-02,70.0,138.0,199.0,424.0,819.0,1410.0,1930.0
01388500,01-03,117.0,146.0,203.0,407.0,782.0,1240.0,1600.0
01388500,01-04,118.0,138.0,204.0,406.0,748.0,1150.0,1660.0
01388500,01-05,112.0,138.0,187.0,393.0,703.0,1210.0,1470.0
01388500,01-06,112.0,136.0,219.0,377.0,636.0,1250.0,1540.0
01388500,01-07,115.0,141.0,221.0,366.0,628.0,1160.0,1400.0
01388500,01-08,111.0,136.0,197.0,331.0,631.0,1020.0,1510.0
01388500,01-09,112.0,138.0,201.0,335.0,562.0,1180.0,1810.0
01388500,01-10,111.0,151.0,209.0,337.0,576.0,1180.0,1650.0
01388500,01-11,110.0,144.0,199.0,339.0,589.0,1020.0,1580.0
01388500,01-12,99.0,155.0,203.0,312.0,629.0,1130.0,1520.0
01388500,01-13,94.0,149.0,201.0,307.0,594.0,958.0,1490.0
01388500,01-14,102.0,150.0,195.0,295.0,569.0,994.0,1610.0
01388500,01-15,91.0,150.0,194.0,333.0,603.0,881.0,1230.0
01388500,01-16,86.0,139.0,190.0,339.0,566.0,851.0,1150.0
01388500,01-17,90.0,137.0,190.0,344.0,553.0,838.0,1210.0
01388500,01-18,88.0,138.0,203.0,335.0,550.0,800.0,1270.0
01388500,01-19,71.0,143.0,212.0,319.0,516.0,1050.0,1530.0
01388500,01-20,73.0,142.0,203.0,321.0,582.0,1090.0,1340.0
01388500,01-21,78.0,137.0,197.0,342.0,565.0,1020.0,1890.0
01388500,01-22,76.0,130.0,195.0,362.0,634.0,941.0,1930.0
01388500,01-23,92.0,139.0,204.0,347.0,617.0,1100.0,1830.0
01388500,01-24,91.0,153.0,223.0,334.0,778.0,1440.0,2110.0
01388500,01-25,94.0,145.0,219.0,361.0,873.0,1540.0,3140.0
01388500,01-26,81.0,145.0,213.0,342.0,885.0,2320.0,3250.0
01388500,01-27,87.0,148.0,210.0,323.0,882.0,2530.0,2940.0
01388500,01-28,86.0,142.0,211.0,335.0,898.0,1810.0,2540.0
01388500,01-29,79.0,137.0,207.0,334.0,892.0,1900.0,2240.0
01388500,01-30,73.0,144.0,212.0,307.0,756.0,1480.0,2120.0
01388500,01-31,85.0,133.0,213.0,312.0,703.0,1320.0,1820.0
01388500,02-01,97.0,148.0,208.0,330.0,698.0,1160.0,1540.0
01388500,02-02,115.0,145.0,204.0,357.0,651.0,1190.0,1360.0
01388500,02-03,114.0,143.0,224.0,338.0,633.0,1250.0,1640.0
01388500,02-04,102.0,142.0,215.0,360.0,665.0,1380.0,1740.0
01388500,02-05,75.0,142.0,206.0,387.0,631.0,1240.0,1900.0
01388500,02-06,84.0,145.0,207.0,368.0,620.0,1010.0,1310.0
01388500,02-07,114.0,144.0,207.0,407.0,691.0,1020.0,1210.0
01388500,02-08,103.0,140.0,225.0,387.0,700.0,1130.0,1640.0
01388500,02-09,106.0,143.0,211.0,367.0,579.0,885.0,1450.0
01388500,02-10,108.0,145.0,202.0,364.0,556.0,807.0,1240.0
01388500,02-11,123.0,144.0,216.0,349.0,550.0,863.0,1020.0
01388500,02-12,135.0,151.0,216.0,354.0,549.0,843.0,1090.0
01388500,02-13,136.0,157.0,222.0,345.0,583.0,805.0,1290.0
01388500,02-14,146.0,169.0,259.0,336.0,566.0,912.0,1660.0
01388500,02-15,144.0,163.0,242.0,337.0,573.0,1160.0,1440.0
01388500,02-16,133.0,160.0,248.0,382.0,615.0,935.0,1220.0
01388500,02-17,131.0,156.0,256.0,385.0,692.0,819.0,1400.0
01388500,02-18,136.0,155.0,231.0,418.0,639.0,1020.0,1460.0
01388500,02-19,132.0,146.0,227.0,403.0,602.0,991.0,1640.0
01388500,02-20,141.0,146.0,231.0,438.0,653.0,1200.0,1610.0
01388500,02-21,140.0,151.0,223.0,413.0,743.0,1180.0,1600.0
01388500,02-22,135.0,162.0,241.0,430.0,740.0,1250.0,2020.0
01388500,02-23,132.0,162.0,251.0,440.0,806.0,1410.0,1610.0
01388500,02-24,150.0,169.0,255.0,458.0,742.0,1490.0,1840.0
01388500,02-25,139.0,163.0,260.0,445.0,920.0,1590.0,2590.0
01388500,02-26,146.0,182.0,256.0,450.0,871.0,1970.0,2460.0
01388500,02-27,138.0,164.0,254.0,457.0,845.0,1640.0,2040.0
01388500,02-28,138.0,161.0,268.0,451.0,786.0,1580.0,1890.0
01388500,02-29,130.0,148.0,267.0,505.0,828.0,1640.0,1670.0
01388500,03-01,135.0,174.0,289.0,465.0,822.0,1380.0,2230.0
01388500,03-02,130.0,164.0,293.0,473.0,949.0,1460.0,2110.0
01388500,03-03,151.0,183.0,317.0,481.0,896.0,1400.0,2000.0
01388500,03-04,159.0,199.0,299.0,576.0,978.0,1430.0,2270.0
01388500,03-05,145.0,198.0,307.0,587.0,946.0,1610.0,2150.0
01388500,03-06,159.0,238.0,318.0,640.0,926.0,1470.0,1960.0
01388500,03-07,154.0,210.0,321.0,618.0,967.0,1790.0,2380.0
01388500,03-08,149.0,232.0,323.0,581.0,925.0,1670.0,3170.0
01388500,03-09,170.0,233.0,366.0,562.0,1180.0,1580.0,2530.0
01388500,03-10,161.0,217.0,356.0,560.0,1010.0,1730.0,2400.0
01388500,03-11,144.0,260.0,352.0,584.0,995.0,1600.0,2310.0
01388500,03-12,155.0,249.0,389.0,597.0,979.0,1760.0,2450.0
01388500,03-13,170.0,248.0,381.0,642.0,1010.0,2040.0,2980.0
01388500,03-14,151.0,259.0,396.0,640.0,1120.0,1890.0,2900.0
01388500,03-15,126.0,251.0,388.0,721.0,1260.0,1680.0,3010.0
01388500,03-16,123.0,246.0,361.0,750.0,1230.0,1820.0,2990.0
01388500,03-17,125.0,241.0,385.0,709.0,1190.0,1740.0,2780.0
01388500,03-18,150.0,236.0,391.0,732.0,1280.0,1840.0,2630.0
01388500,03-19,152.0,263.0,435.0,696.0,1260.0,1790.0,2800.0
01388500,03-20,163.0,244.0,428.0,694.0,1240.0,2280.0,2410.0
01388500,03-21,199.0,243.0,437.0,679.0,1410.0,2030.0,2480.0
01388500,03-22,164.0,227.0,458.0,819.0,1500.0,2060.0,3670.0
01388500,03-23,139.0,220.0,456.0,793.0,1560.0,2410.0,4960.0
01388500,03-24,134.0,209.0,436.0,762.0,1640.0,2740.0,3970.0
01388500,03-25,132.0,203.0,417.0,814.0,1560.0,2560.0,3080.0
01388500,03-26,132.0,200.0,522.0,761.0,1350.0,2040.0,2750.0
01388500,03-27,144.0,219.0,518.0,808.0,1200.0,2070.0,2480.0
01388500,03-28,128.0,200.0,489.0,727.0,1210.0,1850.0,2710.0
01388500,03-29,116.0,224.0,429.0,713.0,1140.0,2050.0,3890.0
01388500,03-30,115.0,216.0,439.0,708.0,1100.0,2580.0,3690.0
01388500,03-31,112.0,183.0,447.0,699.0,1220.0,2470.0,3810.0
01388500,04-01,95.0,169.0,461.0,745.0,1400.0,2700.0,3600.0
01388500,04-02,92.0,168.0,488.0,750.0,1590.0,2690.0,3650.0
01388500,04-03,87.0,176.0,473.0,797.0,1370.0,2450.0,3970.0
01388500,04-04,85.0,207.0,440.0,790.0,1540.0,2910.0,4940.0
01388500,04-05,81.0,184.0,427.0,836.0,1410.0,2810.0,4590.0
01388500,04-06,87.0,171.0,417.0,786.0,1580.0,3010.0,4710.0
01388500,04-07,88.0,192.0,395.0,747.0,1580.0,2300.0,4000.0
01388500,04-08,86.0,205.0,385.0,670.0,1470.0,2470.0,4270.0
01388500,04-09,94.0,169.0,380.0,644.0,1270.0,2420.0,3100.0
01388500,04-10,91.0,191.0,348.0,606.0,1200.0,2430.0,2880.0
01388500,04-11,85.0,186.0,328.0,628.0,1100.0,2240.0,2750.0
01388500,04-12,90.0,176.0,313.0,646.0,1150.0,1870.0,2510.0
01388500,04-13,99.0,184.0,345.0,639.0,1270.0,1760.0,2290.0
01388500,04-14,125.0,167.0,356.0,629.0,1250.0,1870.0,2230.0
01388500,04-15,118.0,184.0,340.0,618.0,1160.0,1910.0,2370.0
01388500,04-16,130.0,175.0,326.0,560.0,1260.0,2240.0,2880.0
01388500,04-17,129.0,180.0,312.0,600.0,1150.0,2610.0,3980.0
01388500,04-18,126.0,200.0,302.0,645.0,1050.0,2370.0,3490.0
01388500,04-19,113.0,192.0,313.0,608.0,1010.0,2120.0,2730.0
01388500,04-20,109.0,183.0,318.0,565.0,961.0,1800.0,2260.0
01388500,04-21,84.0,170.0,320.0,533.0,887.0,1560.0,1850.0
01388500,04-22,80.0,177.0,294.0,550.0,900.0,1570.0,1890.0
01388500,04-23,87.0,164.0,317.0,527.0,928.0,1630.0,2030.0
01388500,04-24,112.0,168.0,329.0,503.0,886.0,1480.0,1960.0
01388500,04-25,111.0,168.0,336.0,489.0,846.0,1460.0,1910.0
01388500,04-26,106.0,185.0,322.0,499.0,773.0,1410.0,1600.0
01388500,04-27,95.0,175.0,302.0,483.0,876.0,1360.0,1860.0
01388500,04-28,134.0,198.0,312.0,542.0,843.0,1560.0,1740.0
01388500,04-29,133.0,212.0,300.0,532.0,930.0,1450.0,1880.0
01388500,04-30,169.0,196.0,298.0,481.0,861.0,1550.0,2120.0
01388500,05-01,186.0,220.0,291.0,448.0,841.0,1480.0,2560.0
01388500,05-02,195.0,198.0,285.0,438.0,800.0,1560.0,1920.0
01388500,05-03,185.0,199.0,299.0,448.0,848.0,1290.0,1690.0
01388500,05-04,169.0,194.0,298.0,435.0,809.0,1450.0,1730.0
01388500,05-05,154.0,187.0,279.0,428.0,777.0,1460.0,1720.0
01388500,05-06,141.0,172.0,283.0,455.0,756.0,1320.0,1990.0
01388500,05-07,130.0,158.0,249.0,448.0,858.0,1390.0,1720.0
01388500,05-08,127.0,151.0,255.0,450.0,788.0,1230.0,1560.0
01388500,05-09,128.0,150.0,281.0,438.0,818.0,1310.0,1800.0
01388500,05-10,124.0,156.0,256.0,435.0,774.0,1190.0,1980.0
01388500,05-11,123.0,162.0,234.0,402.0,640.0,1330.0,1890.0
01388500,05-12,117.0,150.0,236.0,402.0,766.0,1620.0,2040.0
01388500,05-13,123.0,150.0,254.0,411.0,804.0,1510.0,2620.0
01388500,05-14,108.0,141.0,237.0,384.0,921.0,1640.0,2150.0
01388500,05-15,105.0,134.0,228.0,389.0,848.0,1580.0,2280.0
01388500,05-16,101.0,135.0,235.0,406.0,773.0,1270.0,1950.0
01388500,05-17,97.0,136.0,229.0,359.0,854.0,1490.0,1670.0
01388500,05-18,98.0,131.0,219.0,375.0,818.0,1310.0,2050.0
01388500,05-19,116.0,142.0,211.0,405.0,702.0,1400.0,2240.0
01388500,05-20,112.0,142.0,201.0,397.0,774.0,1520.0,2080.0
01388500,05-21,102.0,136.0,188.0,376.0,595.0,1200.0,2080.0
01388500,05-22,105.0,140.0,210.0,331.0,555.0,1140.0,1570.0
01388500,05-23,99.0,128.0,187.0,356.0,564.0,997.0,1310.0
01388500,05-24,103.0,136.0,196.0,327.0,585.0,1100.0,1610.0
01388500,05-25,100.0,136.0,186.0,312.0,549.0,1130.0,1790.0
01388500,05-26,99.0,135.0,176.0,292.0,513.0,971.0,1950.0
01388500,05-27,92.0,127.0,158.0,289.0,537.0,1180.0,1800.0
01388500,05-28,103.0,124.0,154.0,303.0,479.0,1000.0,1350.0
01388500,05-29,110.0,129.0,159.0,271.0,586.0,1100.0,1710.0
01388500,05-30,101.0,123.0,151.0,262.0,642.0,1280.0,1880.0
01388500,05-31,85.0,113.0,146.0,262.0,633.0,1290.0,2030.0
01388500,06-01,108.0,119.0,151.0,262.0,571.0,1330.0,3350.0
01388500,06-02,86.0,119.0,147.0,253.0,684.0,1420.0,3220.0
01388500,06-03,77.0,114.0,148.0,293.0,666.0,1360.0,2870.0
01388500,06-04,76.0,115.0,158.0,275.0,591.0,1300.0,2450.0
01388500,06-05,89.0,114.0,162.0,279.0,555.0,1290.0,1770.0
01388500,06-06,97.0,114.0,158.0,287.0,511.0,1150.0,1470.0
01388500,06-07,94.0,111.0,164.0,267.0,513.0,1130.0,1470.0
01388500,06-08,90.0,108.0,149.0,238.0,550.0,1030.0,2350.0
01388500,06-09,86.0,104.0,138.0,241.0,491.0,948.0,1850.0
01388500,06-10,78.0,99.0,128.0,223.0,424.0,862.0,1390.0
01388500,06-11,86.0,98.0,124.0,207.0,381.0,699.0,1160.0
01388500,06-12,79.0,99.0,130.0,202.0,374.0,659.0,982.0
01388500,06-13,82.0,97.0,133.0,190.0,406.0,802.0,1330.0
01388500,06-14,83.0,96.0,128.0,195.0,387.0,791.0,1620.0
01388500,06-15,80.0,91.0,130.0,209.0,343.0,1100.0,1520.0
01388500,06-16,84.0,91.0,130.0,210.0,336.0,1090.0,1630.0
01388500,06-17,83.0,88.0,127.0,195.0,333.0,938.0,1380.0
01388500,06-18,78.0,89.0,121.0,188.0,372.0,820.0,1180.0
01388500,06-19,73.0,87.0,119.0,191.0,338.0,795.0,1190.0
01388500,06-20,72.0,84.0,118.0,191.0,308.0,794.0,1070.0
01388500,06-21,77.0,88.0,124.0,180.0,275.0,702.0,1340.0
01388500,06-22,76.0,88.0,116.0,179.0,279.0,567.0,1550.0
01388500,06-23,70.0,84.0,112.0,178.0,277.0,564.0,1620.0
01388500,06-24,61.0,76.0,104.0,170.0,253.0,522.0,2050.0
01388500,06-25,60.0,78.0,104.0,165.0,250.0,695.0,1530.0
01388500,06-26,59.0,76.0,97.0,154.0,236.0,653.0,1070.0
01388500,06-27,65.0,77.0,93.0,152.0,229.0,598.0,1220.0
01388500,06-28,65.0,73.0,97.0,144.0,204.0,646.0,995.0
01388500,06-29,64.0,70.0,102.0,130.0,252.0,716.0,998.0
01388500,06-30,65.0,77.0,98.0,131.0,246.0,546.0,1680.0
01388500,07-01,63.0,72.0,97.0,130.0,311.0,625.0,1900.0
01388500,07-02,63.0,72.0,102.0,136.0,288.0,657.0,911.0
01388500,07-03,59.0,72.0,104.0,136.0,232.0,434.0,843.0
01388500,07-04,60.0,73.0,96.0,123.0,225.0,479.0,946.0
01388500,07-05,61.0,73.0,94.0,136.0,222.0,456.0,645.0
01388500,07-06,58.0,71.0,90.0,137.0,241.0,362.0,820.0
01388500,07-07,57.0,68.0,89.0,130.0,209.0,344.0,741.0
01388500,07-08,59.0,73.0,89.0,132.0,225.0,334.0,510.0
01388500,07-09,60.0,70.0,88.0,136.0,231.0,441.0,725.0
01388500,07-10,62.0,72.0,89.0,130.0,201.0,388.0,709.0
01388500,07-11,65.0,70.0,86.0,122.0,185.0,330.0,755.0
01388500,07-12,58.0,68.0,88.0,120.0,216.0,295.0,705.0
01388500,07-13,55.0,68.0,88.0,123.0,214.0,546.0,990.0
01388500,07-14,52.0,72.0,85.0,129.0,232.0,490.0,930.0
01388500,07-15,58.0,69.0,82.0,126.0,217.0,604.0,1180.0
01388500,07-16,53.0,67.0,81.0,115.0,236.0,503.0,1450.0
01388500,07-17,52.0,62.0,81.0,115.0,212.0,386.0,1110.0
01388500,07-18,50.0,61.0,79.0,124.0,198.0,480.0,880.0
01388500,07-19,52.0,63.0,86.0,122.0,203.0,436.0,784.0
01388500,07-20,53.0,62.0,84.0,127.0,212.0,410.0,653.0
01388500,07-21,51.0,63.0,81.0,125.0,189.0,417.0,783.0
01388500,07-22,50.0,64.0,78.0,117.0,242.0,485.0,749.0
01388500,07-23,49.0,61.0,79.0,129.0,241.0,629.0,1170.0
01388500,07-24,43.0,62.0,78.0,143.0,260.0,511.0,972.0
01388500,07-25,39.0,67.0,79.0,128.0,214.0,413.0,862.0
01388500,07-26,44.0,70.0,84.0,116.0,178.0,362.0,556.0
01388500,07-27,46.0,68.0,83.0,110.0,212.0,352.0,845.0
01388500,07-28,48.0,64.0,79.0,118.0,220.0,373.0,760.0
01388500,07-29,40.0,63.0,80.0,115.0,211.0,338.0,714.0
01388500,07-30,36.0,63.0,77.0,123.0,202.0,334.0,849.0
01388500,07-31,36.0,58.0,74.0,115.0,218.0,356.0,805.0
01388500,08-01,46.0,58.0,74.0,113.0,219.0,362.0,876.0
01388500,08-02,54.0,58.0,79.0,115.0,188.0,390.0,920.0
01388500,08-03,47.0,59.0,79.0,113.0,180.0,529.0,818.0
01388500,08-04,38.0,58.0,78.0,110.0,173.0,472.0,876.0
01388500,08-05,44.0,58.0,75.0,116.0,181.0,500.0,819.0
01388500,08-06,41.0,58.0,73.0,111.0,196.0,521.0,762.0
01388500,08-07,42.0,56.0,72.0,106.0,198.0,659.0,1230.0
01388500,08-08,52.0,54.0,69.0,101.0,196.0,510.0,978.0
01388500,08-09,46.0,54.0,70.0,105.0,231.0,573.0,853.0
01388500,08-10,45.0,53.0,71.0,112.0,279.0,566.0,874.0
01388500,08-11,48.0,51.0,73.0,113.0,263.0,627.0,935.0
01388500,08-12,46.0,54.0,70.0,117.0,240.0,535.0,885.0
01388500,08-13,49.0,54.0,69.0,114.0,216.0,555.0,948.0
01388500,08-14,48.0,54.0,70.0,106.0,232.0,477.0,788.0
01388500,08-15,47.0,58.0,76.0,101.0,205.0,395.0,749.0
01388500,08-16,51.0,57.0,73.0,96.0,166.0,554.0,837.0
01388500,08-17,46.0,57.0,74.0,103.0,182.0,618.0,920.0
01388500,08-18,45.0,55.0,69.0,117.0,231.0,633.0,819.0
01388500,08-19,43.0,53.0,68.0,106.0,208.0,610.0,909.0
01388500,08-20,42.0,53.0,72.0,102.0,186.0,440.0,686.0
01388500,08-21,43.0,55.0,68.0,105.0,188.0,413.0,691.0
01388500,08-22,46.0,54.0,68.0,107.0,221.0,545.0,984.0
01388500,08-23,44.0,54.0,73.0,103.0,196.0,476.0,1230.0
01388500,08-24,44.0,50.0,74.0,100.0,177.0,384.0,847.0
01388500,08-25,45.0,53.0,74.0,94.0,178.0,408.0,679.0
01388500,08-26,46.0,54.0,70.0,99.0,178.0,453.0,728.0
01388500,08-27,43.0,50.0,69.0,100.0,181.0,351.0,554.0
01388500,08-28,43.0,50.0,68.0,97.0,176.0,377.0,783.0
01388500,08-29,43.0,53.0,68.0,101.0,187.0,402.0,657.0
01388500,08-30,41.0,50.0,68.0,96.0,172.0,321.0,710.0
01388500,08-31,38.0,50.0,68.0,91.0,165.0,323.0,498.0
01388500,09-01,41.0,50.0,64.0,88.0,150.0,321.0,765.0
01388500,09-02,37.0,52.0,65.0,88.0,168.0,426.0,708.0
01388500,09-03,35.0,51.0,66.0,99.0,167.0,348.0,1110.0
01388500,09-04,38.0,53.0,65.0,104.0,164.0,349.0,1290.0
01388500,09-05,38.0,51.0,69.0,98.0,156.0,321.0,807.0
01388500,09-06,41.0,50.0,67.0,98.0,155.0,321.0,662.0
01388500,09-07,40.0,47.0,68.0,96.0,150.0,354.0,1030.0
01388500,09-08,39.0,48.0,68.0,102.0,142.0,366.0,529.0
01388500,09-09,41.0,48.0,68.0,99.0,148.0,323.0,890.0
01388500,09-10,42.0,50.0,74.0,97.0,154.0,328.0,650.0
01388500,09-11,40.0,50.0,71.0,104.0,188.0,368.0,653.0
01388500,09-12,41.0,51.0,67.0,103.0,172.0,418.0,830.0
01388500,09-13,41.0,52.0,70.0,100.0,176.0,351.0,739.0
01388500,09-14,49.0,53.0,75.0,104.0,177.0,301.0,1090.0
01388500,09-15,49.0,54.0,75.0,121.0,179.0,412.0,1380.0
01388500,09-16,50.0,63.0,79.0,120.0,187.0,513.0,1350.0
01388500,09-17,52.0,61.0,79.0,111.0,194.0,568.0,960.0
01388500,09-18,51.0,54.0,77.0,111.0,236.0,686.0,1030.0
01388500,09-19,48.0,53.0,77.0,111.0,266.0,735.0,1140.0
01388500,09-20,45.0,52.0,75.0,111.0,231.0,626.0,1560.0
01388500,09-21,46.0,58.0,76.0,106.0,228.0,506.0,1260.0
01388500,09-22,48.0,57.0,74.0,118.0,254.0,641.0,1060.0
01388500,09-23,49.0,57.0,73.0,122.0,212.0,660.0,757.0
01388500,09-24,51.0,58.0,69.0,108.0,215.0,573.0,1100.0
01388500,09-25,50.0,60.0,71.0,104.0,261.0,780.0,1290.0
01388500,09-26,52.0,61.0,72.0,116.0,237.0,685.0,1180.0
01388500,09-27,54.0,61.0,76.0,130.0,278.0,671.0,1120.0
01388500,09-28,49.0,59.0,72.0,139.0,263.0,737.0,1420.0
01388500,09-29,46.0,56.0,78.0,135.0,257.0,1110.0,1900.0
01388500,09-30,46.0,58.0,78.0,128.0,266.0,715.0,1540.0
01388500,10-01,50.0,59.0,76.0,132.0,255.0,739.0,1250.0
01388500,10-02,53.0,63.0,79.0,135.0,225.0,584.0,980.0
01388500,10-03,52.0,59.0,78.0,114.0,261.0,584.0,905.0
01388500,10-04,48.0,56.0,76.0,115.0,249.0,527.0,731.0
01388500,10-05,48.0,55.0,74.0,116.0,276.0,622.0,781.0
01388500,10-06,47.0,54.0,71.0,114.0,271.0,500.0,841.0
01388500,10-07,52.0,55.0,70.0,116.0,267.0,431.0,852.0
01388500,10-08,50.0,61.0,79.0,115.0,225.0,547.0,814.0
01388500,10-09,50.0,57.0,81.0,123.0,259.0,548.0,810.0
01388500,10-10,50.0,57.0,78.0,130.0,231.0,564.0,683.0
01388500,10-11,51.0,57.0,79.0,117.0,247.0,502.0,712.0
01388500,10-12,47.0,58.0,76.0,122.0,247.0,479.0,880.0
01388500,10-13,44.0,57.0,76.0,124.0,220.0,410.0,635.0
01388500,10-14,49.0,59.0,73.0,123.0,215.0,482.0,833.0
01388500,10-15,54.0,61.0,80.0,125.0,220.0,389.0,1140.0
01388500,10-16,50.0,62.0,85.0,131.0,224.0,337.0,878.0
01388500,10-17,50.0,62.0,80.0,136.0,243.0,447.0,702.0
01388500,10-18,58.0,62.0,76.0,123.0,256.0,478.0,1060.0
01388500,10-19,59.0,63.0,78.0,130.0,246.0,595.0,1040.0
01388500,10-20,56.0,62.0,78.0,125.0,256.0,810.0,2230.0
01388500,10-21,53.0,63.0,79.0,124.0,246.0,782.0,1710.0
01388500,10-22,53.0,65.0,89.0,130.0,279.0,628.0,1330.0
01388500,10-23,53.0,67.0,85.0,135.0,305.0,556.0,1300.0
01388500,10-24,56.0,69.0,84.0,136.0,267.0,856.0,1110.0
01388500,10-25,54.0,68.0,96.0,138.0,317.0,838.0,1150.0
01388500,10-26,54.0,66.0,93.0,141.0,324.0,714.0,996.0
01388500,10-27,54.0,67.0,92.0,147.0,368.0,898.0,1670.0
01388500,10-28,53.0,71.0,93.0,164.0,445.0,1150.0,2260.0
01388500,10-29,55.0,70.0,91.0,181.0,415.0,952.0,2000.0
01388500,10-30,54.0,64.0,86.0,174.0,484.0,988.0,1760.0
01388500,10-31,57.0,66.0,85.0,173.0,437.0,758.0,1370.0
01388500,11-01,58.0,68.0,92.0,175.0,385.0,696.0,1260.0
01388500,11-02,53.0,68.0,102.0,175.0,396.0,858.0,1240.0
01388500,11-03,51.0,66.0,98.0,197.0,493.0,980.0,1220.0
01388500,11-04,48.0,63.0,98.0,182.0,436.0,980.0,1180.0
01388500,11-05,53.0,63.0,96.0,213.0,395.0,785.0,875.0
01388500,11-06,52.0,62.0,103.0,214.0,383.0,687.0,984.0
01388500,11-07,52.0,66.0,125.0,188.0,330.0,695.0,933.0
01388500,11-08,52.0,63.0,112.0,189.0,386.0,871.0,1510.0
01388500,11-09,51.0,63.0,116.0,183.0,365.0,1030.0,1760.0
01388500,11-10,56.0,64.0,114.0,178.0,406.0,1030.0,1980.0
01388500,11-11,55.0,73.0,116.0,189.0,451.0,1030.0,1470.0
01388500,11-12,58.0,69.0,119.0,201.0,484.0,905.0,1590.0
01388500,11-13,54.0,65.0,116.0,238.0,532.0,1070.0,1490.0
01388500,11-14,54.0,65.0,117.0,224.0,491.0,943.0,1830.0
01388500,11-15,54.0,66.0,118.0,228.0,415.0,1090.0,1620.0
01388500,11-16,53.0,71.0,116.0,220.0,438.0,1020.0,1720.0
01388500,11-17,57.0,77.0,120.0,219.0,450.0,1150.0,2090.0
01388500,11-18,60.0,77.0,129.0,228.0,459.0,996.0,1920.0
01388500,11-19,58.0,78.0,126.0,221.0,401.0,761.0,1510.0
01388500,11-20,62.0,75.0,130.0,233.0,544.0,1070.0,1500.0
01388500,11-21,56.0,81.0,138.0,226.0,555.0,1050.0,1980.0
01388500,11-22,54.0,73.0,136.0,283.0,620.0,1250.0,2030.0
01388500,11-23,55.0,79.0,143.0,281.0,602.0,1280.0,1730.0
01388500,11-24,53.0,78.0,150.0,276.0,532.0,1040.0,1530.0
01388500,11-25,56.0,75.0,143.0,307.0,498.0,1060.0,1480.0
01388500,11-26,68.0,102.0,143.0,301.0,619.0,1090.0,1720.0
01388500,11-27,83.0,107.0,144.0,307.0,701.0,1300.0,1940.0
01388500,11-28,90.0,107.0,159.0,319.0,672.0,1320.0,1620.0
01388500,11-29,81.0,102.0,188.0,315.0,768.0,1270.0,2440.0
01388500,11-30,75.0,96.0,183.0,305.0,684.0,1630.0,2180.0
01388500,12-01,71.0,98.0,172.0,324.0,657.0,1610.0,2150.0
01388500,12-02,66.0,114.0,155.0,320.0,653.0,1670.0,2090.0
01388500,12-03,72.0,108.0,172.0,330.0,756.0,1460.0,1820.0
01388500,12-04,74.0,110.0,164.0,326.0,813.0,1320.0,1510.0
01388500,12-05,74.0,116.0,195.0,320.0,846.0,1150.0,1610.0
01388500,12-06,72.0,121.0,173.0,318.0,784.0,1160.0,1770.0
01388500,12-07,63.0,107.0,184.0,316.0,746.0,1170.0,1540.0
01388500,12-08,61.0,103.0,188.0,310.0,691.0,1280.0,2010.0
01388500,12-09,72.0,111.0,193.0,340.0,608.0,1240.0,2270.0
01388500,12-10,68.0,105.0,186.0,343.0,593.0,1320.0,2000.0
01388500,12-11,66.0,98.0,185.0,360.0,618.0,1650.0,2130.0
01388500,12-12,66.0,112.0,184.0,356.0,810.0,1770.0,2480.0
01388500,12-13,82.0,118.0,184.0,301.0,727.0,1690.0,2510.0
01388500,12-14,82.0,129.0,188.0,335.0,811.0,1590.0,2380.0
01388500,12-15,85.0,117.0,173.0,340.0,811.0,1600.0,2030.0
01388500,12-16,96.0,127.0,173.0,335.0,878.0,1380.0,1840.0
01388500,12-17,91.0,119.0,167.0,369.0,786.0,1340.0,1950.0
01388500,12-18,91.0,111.0,157.0,407.0,761.0,1290.0,2090.0
01388500,12-19,73.0,127.0,159.0,376.0,681.0,1210.0,1890.0
01388500,12-20,70.0,120.0,158.0,366.0,672.0,1030.0,1320.0
01388500,12-21,64.0,117.0,159.0,358.0,743.0,1580.0,3570.0
01388500,12-22,75.0,118.0,172.0,357.0,762.0,1820.0,4340.0
01388500,12-23,72.0,117.0,182.0,370.0,716.0,1750.0,2540.0
01388500,12-24,93.0,123.0,211.0,377.0,739.0,1650.0,2440.0
01388500,12-25,100.0,117.0,201.0,418.0,803.0,1680.0,1890.0
01388500,12-26,103.0,126.0,194.0,399.0,968.0,1480.0,1600.0
01388500,12-27,110.0,129.0,179.0,342.0,829.0,1390.0,2820.0
01388500,12-28,98.0,130.0,180.0,356.0,818.0,1600.0,2180.0
01388500,12-29,94.0,138.0,188.0,360.0,793.0,1470.0,1830.0
01388500,12-30,96.0,129.0,212.0,366.0,964.0,1470.0,1630.0
01388500,12-31,84.0,130.0,193.0,365.0,852.0,1350.0,1570.0
01389010,01-01,,221.0,580.0,1630.0,2300.0,5230.0,
01389010,01-02,,214.0,679.0,1420.0,2160.0,4820.0,
01389010,01-03,,241.0,694.0,1230.0,2040.0,4340.0,
01389010,01-04,,404.0,816.0,1060.0,2060.0,3810.0,
01389010,01-05,,361.0,822.0,1110.0,2030.0,3490.0,
01389010,01-06,,312.0,665.0,1190.0,1920.0,3430.0,
01389010,01-07,,274.0,528.0,1130.0,1820.0,3330.0,
01389010,01-08,,231.0,442.0,1010.0,1700.0,3040.0,
01389010,01-09,,231.0,399.0,895.0,1580.0,2780.0,
01389010,01-10,,240.0,485.0,1110.0,1460.0,4550.0,
01389010,01-11,,250.0,436.0,1180.0,1850.0,7380.0,
01389010,01-12,,306.0,564.0,1170.0,2040.0,7870.0,
01389010,01-13,,328.0,609.0,1190.0,2100.0,6960.0,
01389010,01-14,,331.0,568.0,1280.0,2020.0,6890.0,
01389010,01-15,,296.0,510.0,1150.0,1980.0,6090.0,
01389010,01-16,,298.0,446.0,1490.0,1780.0,5340.0,
01389010,01-17,,357.0,665.0,1380.0,1740.0,4590.0,
01389010,01-18,,386.0,860.0,1360.0,1600.0,3890.0,
01389010,01-19,,425.0,830.0,1380.0,1620.0,3330.0,
01389010,01-20,,433.0,880.0,1360.0,1680.0,2810.0,
01389010,01-21,,404.0,767.0,1290.0,1610.0,2520.0,
01389010,01-22,,384.0,663.0,1190.0,1480.0,2180.0,
01389010,01-23,,379.0,625.0,1030.0,1410.0,2110.0,
01389010,01-24,,460.0,658.0,1170.0,1750.0,2320.0,
01389010,01-25,,459.0,746.0,1060.0,1940.0,3760.0,
01389010,01-26,,426.0,708.0,973.0,2150.0,4930.0,
01389010,01-27,,397.0,646.0,924.0,2240.0,5050.0,
01389010,01-28,,392.0,627.0,813.0,2370.0,4550.0,
01389010,01-29,,380.0,570.0,703.0,2830.0,3990.0,
01389010,01-30,,332.0,481.0,651.0,2570.0,4080.0,
01389010,01-31,,314.0,439.0,611.0,2360.0,3770.0,
01389010,02-01,,290.0,385.0,600.0,2560.0,3360.0,
01389010,02-02,,319.0,401.0,725.0,2260.0,3080.0,
01389010,02-03,,356.0,498.0,840.0,2030.0,2750.0,
01389010,02-04,,330.0,458.0,1190.0,1940.0,2480.0,
01389010,02-05,,335.0,517.0,1100.0,2050.0,2450.0,
01389010,02-06,,309.0,533.0,1130.0,1960.0,2360.0,
01389010,02-07,,301.0,540.0,1280.0,1960.0,2360.0,
01389010,02-08,,353.0,553.0,1130.0,1970.0,2350.0,
01389010,02-09,,347.0,598.0,1040.0,1900.0,2310.0,
01389010,02-10,,322.0,590.0,949.0,1720.0,2150.0,
01389010,02-11,,335.0,506.0,1110.0,1630.0,1980.0,
01389010,02-12,,337.0,486.0,1200.0,1720.0,2050.0,
01389010,02-13,,309.0,503.0,1260.0,1620.0,2100.0,
01389010,02-14,,336.0,536.0,1280.0,1630.0,2040.0,
01389010,02-15,,378.0,610.0,1190.0,1510.0,1950.0,
01389010,02-16,,419.0,766.0,1150.0,1480.0,1910.0,
01389010,02-17,,435.0,722.0,1270.0,1680.0,2260.0,
01389010,02-18,,435.0,685.0,1400.0,1690.0,2270.0,
01389010,02-19,,409.0,696.0,1410.0,1680.0,2130.0,
01389010,02-20,,363.0,799.0,1320.0,1620.0,1980.0,
01389010,02-21,,394.0,959.0,1230.0,1670.0,1910.0,
01389010,02-22,,498.0,973.0,1190.0,1650.0,1900.0,
01389010,02-23,,486.0,938.0,1160.0,1640.0,1910.0,
01389010,02-24,,379.0,861.0,1160.0,1790.0,2080.0,
01389010,02-25,,367.0,822.0,1230.0,2050.0,3250.0,
01389010,02-26,,326.0,891.0,1210.0,2090.0,4310.0,
01389010,02-27,,303.0,931.0,1480.0,2150.0,4340.0,
01389010,02-28,,326.0,952.0,1440.0,2390.0,3930.0,
01389010,02-29,,,1060.0,1570.0,4060.0,,
01389010,03-01,,361.0,909.0,1380.0,2410.0,3200.0,
01389010,03-02,,383.0,851.0,1320.0,2510.0,3130.0,
01389010,03-03,,370.0,866.0,1310.0,2470.0,3770.0,
01389010,03-04,,462.0,844.0,1590.0,2400.0,3910.0,
01389010,03-05,,597.0,740.0,1690.0,2310.0,3720.0,
01389010,03-06,,554.0,740.0,1710.0,2280.0,3410.0,
01389010,03-07,,499.0,673.0,1560.0,2140.0,3670.0,
01389010,03-08,,472.0,653.0,1440.0,1990.0,3980.0,
01389010,03-09,,503.0,694.0,1350.0,1830.0,3830.0,
01389010,03-10,,616.0,771.0,1400.0,1730.0,4690.0,
01389010,03-11,,610.0,1050.0,1360.0,1780.0,5490.0,
01389010,03-12,,567.0,1050.0,1610.0,1890.0,5340.0,
01389010,03-13,,601.0,919.0,1770.0,2190.0,4970.0,
01389010,03-14,,698.0,828.0,1970.0,2180.0,4560.0,
01389010,03-15,,695.0,855.0,1880.0,2330.0,3940.0,
01389010,03-16,,611.0,840.0,2050.0,2740.0,3510.0,
01389010,03-17,,703.0,880.0,1970.0,2740.0,3420.0,
01389010,03-18,,694.0,1060.0,1840.0,2480.0,3250.0,
01389010,03-19,,795.0,1090.0,1810.0,2290.0,3040.0,
01389010,03-20,,784.0,1130.0,1730.0,2270.0,2760.0,
01389010,03-21,,802.0,1280.0,1680.0,2200.0,2610.0,
01389010,03-22,,845.0,1260.0,1670.0,2250.0,2640.0,
01389010,03-23,,810.0,1260.0,1620.0,2180.0,2880.0,
01389010,03-24,,799.0,1280.0,1550.0,2170.0,4100.0,
01389010,03-25,,804.0,1300.0,1610.0,1980.0,4610.0,
01389010,03-26,,813.0,1260.0,1490.0,1900.0,4330.0,
01389010,03-27,,745.0,1230.0,1460.0,1960.0,3800.0,
01389010,03-28,,697.0,1160.0,1390.0,1990.0,3570.0,
01389010,03-29,,713.0,1070.0,1480.0,2160.0,3430.0,
01389010,03-30,,643.0,953.0,1670.0,2290.0,3500.0,
01389010,03-31,,577.0,882.0,1610.0,2210.0,3790.0,
01389010,04-01,,683.0,1200.0,1560.0,2510.0,3760.0,
01389010,04-02,,790.0,1190.0,1790.0,2350.0,3740.0,
01389010,04-03,,805.0,1140.0,1680.0,2640.0,3540.0,
01389010,04-04,,748.0,1050.0,1560.0,2730.0,4970.0,
01389010,04-05,,759.0,965.0,1460.0,2630.0,6040.0,
01389010,04-06,,720.0,922.0,1440.0,2430.0,5890.0,
01389010,04-07,,667.0,880.0,1330.0,2240.0,5610.0,
01389010,04-08,,653.0,843.0,1250.0,3160.0,5220.0,
01389010,04-09,,601.0,840.0,1180.0,2920.0,5900.0,
01389010,04-10,,579.0,788.0,1160.0,2630.0,5640.0,
01389010,04-11,,552.0,855.0,1180.0,2360.0,5160.0,
01389010,04-12,,509.0,858.0,1210.0,2160.0,4890.0,
01389010,04-13,,477.0,1120.0,1550.0,2240.0,4870.0,
01389010,04-14,,448.0,1060.0,1600.0,2530.0,4530.0,
01389010,04-15,,416.0,970.0,1570.0,2580.0,4080.0,
01389010,04-16,,434.0,883.0,2110.0,2680.0,3530.0,
01389010,04-17,,465.0,865.0,1980.0,2720.0,3900.0,
01389010,04-18,,457.0,838.0,1800.0,2590.0,4030.0,
01389010,04-19,,428.0,782.0,1600.0,2540.0,4040.0,
01389010,04-20,,414.0,892.0,1480.0,2310.0,4030.0,
01389010,04-21,,368.0,1030.0,1880.0,2390.0,3580.0,
01389010,04-22,,361.0,1050.0,1780.0,2380.0,3090.0,
01389010,04-23,,502.0,1020.0,1620.0,2320.0,2700.0,
01389010,04-24,,458.0,895.0,1560.0,2230.0,2400.0,
01389010,04-25,,364.0,805.0,1420.0,2040.0,2330.0,
01389010,04-26,,377.0,874.0,1510.0,1850.0,2420.0,
01389010,04-27,,482.0,817.0,1560.0,1800.0,2430.0,
01389010,04-28,,410.0,739.0,1410.0,1760.0,2370.0,
01389010,04-29,,334.0,702.0,1320.0,1870.0,2310.0,
01389010,04-30,,315.0,691.0,1110.0,2040.0,2760.0,
01389010,05-01,,276.0,631.0,1060.0,2240.0,5290.0,
01389010,05-02,,266.0,573.0,933.0,2380.0,7320.0,
01389010,05-03,,359.0,527.0,905.0,2210.0,7540.0,
01389010,05-04,,410.0,614.0,883.0,2080.0,6800.0,
01389010,05-05,,444.0,671.0,854.0,2120.0,5840.0,
01389010,05-06,,414.0,836.0,987.0,2350.0,4840.0,
01389010,05-07,,396.0,945.0,1290.0,2410.0,3910.0,
01389010,05-08,,531.0,902.0,1330.0,2480.0,3320.0,
01389010,05-09,,559.0,1010.0,1550.0,2240.0,3030.0,
01389010,05-10,,586.0,991.0,1430.0,2470.0,2800.0,
01389010,05-11,,579.0,986.0,1460.0,2180.0,2730.0,
01389010,05-12,,517.0,971.0,1470.0,1970.0,2690.0,
01389010,05-13,,456.0,908.0,1350.0,1750.0,3340.0,
01389010,05-14,,453.0,855.0,1220.0,1870.0,4050.0,
01389010,05-15,,430.0,841.0,1090.0,1910.0,4720.0,
01389010,05-16,,378.0,761.0,1120.0,1800.0,4620.0,
01389010,05-17,,402.0,654.0,1170.0,2030.0,4310.0,
01389010,05-18,,477.0,566.0,1110.0,2200.0,3890.0,
01389010,05-19,,431.0,506.0,1010.0,2120.0,3350.0,
01389010,05-20,,386.0,491.0,916.0,2050.0,3180.0,
01389010,05-21,,335.0,544.0,845.0,1920.0,2890.0,
01389010,05-22,,309.0,514.0,764.0,1780.0,2630.0,
01389010,05-23,,267.0,556.0,846.0,1760.0,2570.0,
01389010,05-24,,238.0,545.0,1090.0,2100.0,2750.0,
01389010,05-25,,215.0,518.0,989.0,2030.0,2950.0,
01389010,05-26,,210.0,441.0,1000.0,1800.0,2820.0,
01389010,05-27,,219.0,415.0,943.0,1600.0,2460.0,
01389010,05-28,,212.0,398.0,1310.0,1450.0,2170.0,
01389010,05-29,,217.0,594.0,1090.0,1560.0,2110.0,
01389010,05-30,,218.0,636.0,1240.0,1600.0,2110.0,
01389010,05-31,,209.0,619.0,1130.0,1800.0,2680.0,
01389010,06-01,,295.0,708.0,1110.0,1670.0,3480.0,
01389010,06-02,,240.0,617.0,1170.0,1600.0,3610.0,
01389010,06-03,,166.0,654.0,1060.0,1770.0,3290.0,
01389010,06-04,,157.0,705.0,1230.0,1630.0,2890.0,
01389010,06-05,,211.0,733.0,1070.0,1520.0,2520.0,
01389010,06-06,,373.0,714.0,1040.0,1400.0,2200.0,
01389010,06-07,,326.0,822.0,993.0,1400.0,1900.0,
01389010,06-08,,313.0,735.0,908.0,1390.0,2590.0,
01389010,06-09,,308.0,711.0,881.0,1340.0,2540.0,
01389010,06-10,,304.0,622.0,797.0,1310.0,2450.0,
01389010,06-11,,262.0,521.0,719.0,1370.0,2850.0,
01389010,06-12,,217.0,425.0,645.0,1230.0,3020.0,
01389010,06-13,,179.0,366.0,569.0,1330.0,2970.0,
01389010,06-14,,173.0,345.0,513.0,1300.0,3690.0,
01389010,06-15,,168.0,350.0,637.0,1200.0,4060.0,
01389010,06-16,,149.0,296.0,743.0,1160.0,3760.0,
01389010,06-17,,156.0,316.0,679.0,1180.0,3200.0,
01389010,06-18,,151.0,292.0,608.0,1190.0,2720.0,
01389010,06-19,,140.0,290.0,550.0,1160.0,2720.0,
01389010,06-20,,115.0,295.0,567.0,1120.0,2420.0,
01389010,06-21,,114.0,279.0,479.0,960.0,2380.0,
01389010,06-22,,129.0,272.0,428.0,922.0,2200.0,
01389010,06-23,,128.0,273.0,415.0,855.0,1940.0,
01389010,06-24,,140.0,291.0,433.0,750.0,1760.0,
01389010,06-25,,128.0,329.0,422.0,728.0,1760.0,
01389010,06-26,,121.0,302.0,424.0,676.0,1630.0,
01389010,06-27,,142.0,312.0,434.0,863.0,1730.0,
01389010,06-28,,178.0,367.0,477.0,1170.0,1760.0,
01389010,06-29,,263.0,334.0,394.0,1320.0,1730.0,
01389010,06-30,,251.0,300.0,363.0,1210.0,1670.0,
01389010,07-01,,248.0,304.0,435.0,1230.0,1820.0,
01389010,07-02,,268.0,308.0,657.0,1140.0,1840.0,
01389010,07-03,,285.0,453.0,613.0,982.0,1850.0,
01389010,07-04,,283.0,385.0,603.0,1190.0,1780.0,
01389010,07-05,,256.0,347.0,525.0,1100.0,1690.0,
01389010,07-06,,252.0,361.0,533.0,972.0,1510.0,
01389010,07-07,,247.0,412.0,503.0,1040.0,1350.0,
01389010,07-08,,270.0,384.0,499.0,954.0,1700.0,
01389010,07-09,,286.0,399.0,548.0,1070.0,1460.0,
01389010,07-10,,256.0,400.0,654.0,1070.0,2250.0,
01389010,07-11,,224.0,374.0,687.0,1160.0,2740.0,
01389010,07-12,,214.0,361.0,604.0,1370.0,2290.0,
01389010,07-13,,219.0,354.0,533.0,1370.0,2180.0,
01389010,07-14,,203.0,319.0,636.0,1190.0,2070.0,
01389010,07-15,,233.0,396.0,961.0,1440.0,2190.0,
01389010,07-16,,229.0,357.0,851.0,1420.0,2320.0,
01389010,07-17,,265.0,328.0,767.0,1230.0,2820.0,
01389010,07-18,,291.0,462.0,803.0,1320.0,2790.0,
01389010,07-19,,270.0,456.0,877.0,1300.0,2640.0,
01389010,07-20,,243.0,381.0,616.0,1170.0,2290.0,
01389010,07-21,,234.0,323.0,411.0,982.0,2060.0,
01389010,07-22,,221.0,281.0,381.0,902.0,1980.0,
01389010,07-23,,204.0,282.0,583.0,991.0,2270.0,
01389010,07-24,,192.0,278.0,581.0,1120.0,2070.0,
01389010,07-25,,201.0,255.0,439.0,1220.0,1950.0,
01389010,07-26,,222.0,296.0,441.0,1100.0,2060.0,
01389010,07-27,,204.0,255.0,420.0,937.0,1960.0,
01389010,07-28,,189.0,244.0,447.0,800.0,1740.0,
01389010,07-29,,158.0,267.0,450.0,818.0,1530.0,
01389010,07-30,,137.0,254.0,377.0,840.0,1400.0,
01389010,07-31,,154.0,238.0,410.0,930.0,1470.0,
01389010,08-01,,179.0,231.0,529.0,875.0,2340.0,
01389010,08-02,,192.0,268.0,605.0,821.0,1970.0,
01389010,08-03,,233.0,295.0,582.0,806.0,1670.0,
01389010,08-04,,216.0,380.0,662.0,872.0,2020.0,
01389010,08-05,,204.0,327.0,616.0,748.0,2620.0,
01389010,08-06,,199.0,292.0,518.0,660.0,2680.0,
01389010,08-07,,190.0,281.0,459.0,972.0,2480.0,
01389010,08-08,,178.0,257.0,545.0,1050.0,2210.0,
01389010,08-09,,179.0,245.0,604.0,1040.0,2160.0,
01389010,08-10,,178.0,228.0,507.0,1040.0,2270.0,
01389010,08-11,,181.0,251.0,531.0,1030.0,2610.0,
01389010,08-12,,184.0,319.0,561.0,940.0,3010.0,
01389010,08-13,,183.0,339.0,614.0,866.0,2710.0,
01389010,08-14,,172.0,308.0,553.0,898.0,2630.0,
01389010,08-15,,169.0,284.0,484.0,904.0,2480.0,
01389010,08-16,,160.0,245.0,381.0,936.0,2180.0,
01389010,08-17,,154.0,234.0,381.0,807.0,1990.0,
01389010,08-18,,159.0,247.0,390.0,906.0,2150.0,
01389010,08-19,,156.0,249.0,489.0,1020.0,2480.0,
01389010,08-20,,165.0,279.0,424.0,892.0,2310.0,
01389010,08-21,,223.0,363.0,467.0,734.0,2250.0,
01389010,08-22,,296.0,381.0,474.0,952.0,2440.0,
01389010,08-23,,305.0,357.0,534.0,1640.0,3310.0,
01389010,08-24,,248.0,331.0,419.0,1550.0,4300.0,
01389010,08-25,,225.0,288.0,378.0,1430.0,4140.0,
01389010,08-26,,202.0,250.0,307.0,1270.0,3560.0,
01389010,08-27,,192.0,226.0,293.0,1120.0,2970.0,
01389010,08-28,,174.0,210.0,326.0,951.0,2500.0,
01389010,08-29,,170.0,195.0,328.0,927.0,2130.0,
01389010,08-30,,166.0,190.0,300.0,826.0,1880.0,
01389010,08-31,,162.0,195.0,256.0,682.0,1710.0,
01389010,09-01,,151.0,195.0,309.0,570.0,1510.0,
01389010,09-02,,140.0,187.0,302.0,520.0,3820.0,
01389010,09-03,,135.0,183.0,295.0,479.0,6230.0,
01389010,09-04,,123.0,176.0,288.0,501.0,6000.0,
01389010,09-05,,110.0,190.0,245.0,453.0,5140.0,
01389010,09-06,,103.0,168.0,390.0,453.0,4200.0,
01389010,09-07,,102.0,163.0,352.0,456.0,3520.0,
01389010,09-08,,107.0,182.0,230.0,370.0,2940.0,
01389010,09-09,,97.0,153.0,223.0,386.0,2470.0,
01389010,09-10,,111.0,155.0,251.0,589.0,2390.0,
01389010,09-11,,109.0,143.0,287.0,805.0,2140.0,
01389010,09-12,,90.0,176.0,267.0,817.0,1860.0,
01389010,09-13,,95.0,156.0,255.0,1010.0,1680.0,
01389010,09-14,,93.0,133.0,236.0,913.0,1560.0,
01389010,09-15,,109.0,132.0,218.0,784.0,1360.0,
01389010,09-16,,108.0,137.0,211.0,580.0,1250.0,
01389010,09-17,,111.0,151.0,211.0,440.0,1140.0,
01389010,09-18,,114.0,137.0,195.0,629.0,1080.0,
01389010,09-19,,100.0,112.0,194.0,595.0,1390.0,
01389010,09-20,,86.0,123.0,186.0,495.0,1380.0,
01389010,09-21,,81.0,136.0,178.0,433.0,1210.0,
01389010,09-22,,67.0,127.0,178.0,584.0,1020.0,
01389010,09-23,,94.0,134.0,172.0,587.0,894.0,
01389010,09-24,,107.0,142.0,187.0,643.0,1280.0,
01389010,09-25,,106.0,162.0,176.0,861.0,1730.0,
01389010,09-26,,103.0,132.0,167.0,877.0,2510.0,
01389010,09-27,,103.0,140.0,175.0,776.0,2510.0,
01389010,09-28,,114.0,145.0,188.0,678.0,2510.0,
01389010,09-29,,102.0,133.0,192.0,615.0,2820.0,
01389010,09-30,,119.0,157.0,202.0,815.0,3430.0,
01389010,10-01,,129.0,142.0,203.0,804.0,3120.0,
01389010,10-02,,97.0,141.0,182.0,677.0,2720.0,
01389010,10-03,,93.0,141.0,194.0,671.0,2860.0,
01389010,10-04,,98.0,148.0,229.0,621.0,2960.0,
01389010,10-05,,96.0,143.0,269.0,824.0,2590.0,
01389010,10-06,,119.0,136.0,183.0,880.0,2220.0,
01389010,10-07,,91.0,138.0,181.0,771.0,2040.0,
01389010,10-08,,84.0,113.0,221.0,652.0,2030.0,
01389010,10-09,,89.0,126.0,244.0,539.0,1780.0,
01389010,10-10,,83.0,128.0,204.0,426.0,1540.0,
01389010,10-11,,79.0,144.0,188.0,382.0,1430.0,
01389010,10-12,,76.0,126.0,150.0,372.0,1530.0,
01389010,10-13,,86.0,117.0,171.0,446.0,1480.0,
01389010,10-14,,89.0,120.0,180.0,478.0,1390.0,
01389010,10-15,,81.0,134.0,178.0,398.0,1440.0,
01389010,10-16,,90.0,146.0,286.0,431.0,1430.0,
01389010,10-17,,90.0,142.0,262.0,760.0,1330.0,
01389010,10-18,,85.0,146.0,238.0,650.0,1220.0,
01389010,10-19,,84.0,132.0,236.0,519.0,1090.0,
01389010,10-20,,82.0,129.0,178.0,430.0,1060.0,
01389010,10-21,,68.0,127.0,161.0,400.0,1120.0,
01389010,10-22,,70.0,107.0,243.0,366.0,1120.0,
01389010,10-23,,92.0,121.0,211.0,504.0,1020.0,
01389010,10-24,,101.0,123.0,165.0,473.0,897.0,
01389010,10-25,,72.0,127.0,251.0,409.0,790.0,
01389010,10-26,,65.0,118.0,252.0,520.0,1580.0,
01389010,10-27,,86.0,124.0,203.0,699.0,3030.0,
01389010,10-28,,79.0,133.0,198.0,817.0,3900.0,
01389010,10-29,,108.0,137.0,252.0,977.0,3650.0,
01389010,10-30,,105.0,157.0,797.0,1060.0,3650.0,
01389010,10-31,,126.0,167.0,1040.0,1240.0,3550.0,
01389010,11-01,,129.0,155.0,972.0,1330.0,3160.0,
01389010,11-02,,106.0,161.0,871.0,1180.0,2830.0,
01389010,11-03,,98.0,140.0,721.0,1320.0,2920.0,
01389010,11-04,,85.0,130.0,581.0,1210.0,3840.0,
01389010,11-05,,116.0,139.0,456.0,1100.0,3540.0,
01389010,11-06,,122.0,159.0,353.0,946.0,3050.0,
01389010,11-07,,114.0,141.0,291.0,842.0,2980.0,
01389010,11-08,,89.0,145.0,250.0,769.0,2720.0,
01389010,11-09,,96.0,140.0,248.0,678.0,2480.0,
01389010,11-10,,105.0,148.0,322.0,582.0,2480.0,
01389010,11-11,,88.0,158.0,313.0,525.0,2380.0,
01389010,11-12,,88.0,212.0,349.0,518.0,2190.0,
01389010,11-13,,119.0,192.0,300.0,676.0,2530.0,
01389010,11-14,,99.0,183.0,266.0,662.0,2910.0,
01389010,11-15,,120.0,196.0,269.0,569.0,2820.0,
01389010,11-16,,128.0,184.0,269.0,753.0,2990.0,
01389010,11-17,,134.0,187.0,349.0,810.0,3160.0,
01389010,11-18,,161.0,183.0,277.0,803.0,3090.0,
01389010,11-19,,156.0,183.0,361.0,629.0,2960.0,
01389010,11-20,,134.0,226.0,459.0,748.0,2800.0,
01389010,11-21,,149.0,215.0,339.0,799.0,2660.0,
01389010,11-22,,139.0,205.0,359.0,1010.0,2490.0,
01389010,11-23,,116.0,182.0,373.0,865.0,2490.0,
01389010,11-24,,86.0,176.0,438.0,875.0,2290.0,
01389010,11-25,,87.0,160.0,386.0,1160.0,3050.0,
01389010,11-26,,89.0,141.0,404.0,1110.0,3780.0,
01389010,11-27,,103.0,153.0,707.0,1530.0,4730.0,
01389010,11-28,,95.0,196.0,687.0,1500.0,5190.0,
01389010,11-29,,163.0,244.0,634.0,1260.0,4900.0,
01389010,11-30,,155.0,300.0,612.0,1070.0,4360.0,
01389010,12-01,,149.0,243.0,682.0,1650.0,3970.0,
01389010,12-02,,121.0,305.0,671.0,1720.0,3950.0,
01389010,12-03,,124.0,444.0,609.0,1540.0,3830.0,
01389010,12-04,,124.0,382.0,599.0,1790.0,3750.0,
01389010,12-05,,155.0,324.0,566.0,1740.0,3430.0,
01389010,12-06,,178.0,311.0,556.0,1650.0,3170.0,
01389010,12-07,,169.0,284.0,796.0,1680.0,2830.0,
01389010,12-08,,149.0,333.0,840.0,1650.0,2520.0,
01389010,12-09,,149.0,350.0,845.0,1700.0,2260.0,
01389010,12-10,,163.0,307.0,760.0,1980.0,2090.0,
01389010,12-11,,201.0,296.0,681.0,2010.0,2580.0,
01389010,12-12,,194.0,434.0,940.0,1850.0,3160.0,
01389010,12-13,,203.0,462.0,870.0,1680.0,3070.0,
01389010,12-14,,192.0,405.0,756.0,1530.0,3320.0,
01389010,12-15,,204.0,347.0,540.0,1440.0,3550.0,
01389010,12-16,,164.0,313.0,486.0,1690.0,3410.0,
01389010,12-17,,150.0,365.0,656.0,2140.0,3410.0,
01389010,12-18,,150.0,400.0,894.0,2470.0,4100.0,
01389010,12-19,,196.0,428.0,967.0,2370.0,7860.0,
01389010,12-20,,204.0,457.0,784.0,2210.0,8540.0,
01389010,12-21,,167.0,378.0,652.0,2410.0,8300.0,
01389010,12-22,,163.0,473.0,607.0,3040.0,8150.0,
01389010,12-23,,160.0,398.0,671.0,3140.0,7500.0,
01389010,12-24,,215.0,411.0,1220.0,3560.0,6540.0,
01389010,12-25,,273.0,448.0,1530.0,3230.0,5480.0,
01389010,12-26,,270.0,473.0,1370.0,3540.0,4640.0,
01389010,12-27,,233.0,442.0,1210.0,3300.0,4380.0,
01389010,12-28,,222.0,406.0,1070.0,3490.0,4480.0,
01389010,12-29,,224.0,474.0,1170.0,3280.0,5810.0,
01389010,12-30,,292.0,651.0,1480.0,2880.0,5920.0,
01389010,12-31,,262.0,618.0,1770.0,2560.0,5400.0,
01389500,01-01,148.0,233.0,422.0,986.0,2060.0,2830.0,4230.0
01389500,01-02,136.0,212.0,398.0,1080.0,2060.0,3110.0,4230.0
01389500,01-03,133.0,244.0,455.0,1150.0,2060.0,3030.0,3770.0
01389500,01-04,160.0,250.0,528.0,1080.0,2020.0,3000.0,3890.0
01389500,01-05,191.0,249.0,552.0,1040.0,1900.0,2890.0,3670.0
01389500,01-06,163.0,250.0,531.0,1170.0,2010.0,2900.0,3390.0
01389500,01-07,177.0,256.0,519.0,1220.0,2020.0,2930.0,3290.0
01389500,01-08,163.0,234.0,498.0,1170.0,1880.0,2820.0,3660.0
01389500,01-09,176.0,245.0,471.0,1110.0,1800.0,2820.0,3440.0
01389500,01-10,181.0,258.0,466.0,1090.0,1700.0,2910.0,3590.0
01389500,01-11,177.0,290.0,469.0,1030.0,1660.0,2800.0,3300.0
01389500,01-12,187.0,337.0,513.0,984.0,1790.0,2860.0,3300.0
01389500,01-13,181.0,300.0,538.0,977.0,1690.0,2720.0,3180.0
01389500,01-14,224.0,318.0,492.0,922.0,1760.0,2580.0,3200.0
01389500,01-15,218.0,281.0,482.0,982.0,1770.0,2430.0,3630.0
01389500,01-16,183.0,284.0,460.0,990.0,1740.0,2330.0,3400.0
01389500,01-17,202.0,296.0,462.0,964.0,1620.0,2330.0,3150.0
01389500,01-18,203.0,292.0,445.0,889.0,1430.0,2300.0,3440.0
01389500,01-19,201.0,291.0,466.0,890.0,1440.0,2300.0,3150.0
01389500,01-20,205.0,282.0,512.0,991.0,1520.0,2360.0,2880.0
01389500,01-21,265.0,321.0,503.0,1020.0,1610.0,2440.0,3150.0
01389500,01-22,251.0,323.0,495.0,987.0,1690.0,2610.0,4010.0
01389500,01-23,241.0,311.0,514.0,1000.0,1920.0,2480.0,4360.0
01389500,01-24,241.0,317.0,541.0,1040.0,1880.0,2550.0,4260.0
01389500,01-25,236.0,306.0,521.0,1030.0,1970.0,3140.0,4560.0
01389500,01-26,223.0,296.0,489.0,985.0,2010.0,3730.0,4940.0
01389500,01-27,229.0,277.0,502.0,933.0,2110.0,4040.0,5010.0
01389500,01-28,226.0,255.0,505.0,925.0,2120.0,3770.0,4990.0
01389500,01-29,200.0,248.0,469.0,859.0,2180.0,3760.0,4620.0
01389500,01-30,180.0,256.0,480.0,823.0,2020.0,3320.0,4260.0
01389500,01-31,179.0,285.0,437.0,806.0,1940.0,3250.0,3870.0
01389500,02-01,176.0,251.0,447.0,807.0,1730.0,3090.0,3970.0
01389500,02-02,199.0,269.0,434.0,819.0,1810.0,2870.0,3540.0
01389500,02-03,181.0,268.0,430.0,870.0,1840.0,2560.0,3240.0
01389500,02-04,180.0,261.0,461.0,937.0,1780.0,2600.0,3620.0
01389500,02-05,185.0,262.0,456.0,990.0,1750.0,2620.0,3510.0
01389500,02-06,179.0,262.0,453.0,1000.0,1660.0,2410.0,3430.0
01389500,02-07,181.0,269.0,458.0,1010.0,1710.0,2280.0,3390.0
01389500,02-08,169.0,287.0,459.0,988.0,1810.0,2460.0,3260.0
01389500,02-09,196.0,255.0,481.0,920.0,1590.0,2360.0,3290.0
01389500,02-10,152.0,273.0,475.0,962.0,1540.0,2200.0,3050.0
01389500,02-11,205.0,273.0,466.0,943.0,1620.0,2200.0,2860.0
01389500,02-12,252.0,308.0,487.0,896.0,1490.0,2370.0,3140.0
01389500,02-13,234.0,284.0,539.0,936.0,1440.0,2250.0,2970.0
01389500,02-14,234.0,314.0,565.0,915.0,1470.0,2360.0,3480.0
01389500,02-15,188.0,293.0,574.0,972.0,1480.0,2610.0,3560.0
01389500,02-16,230.0,321.0,606.0,974.0,1470.0,2740.0,3780.0
01389500,02-17,216.0,367.0,607.0,1010.0,1640.0,2760.0,3610.0
01389500,02-18,208.0,357.0,601.0,1110.0,1760.0,2580.0,3340.0
01389500,02-19,238.0,358.0,564.0,1080.0,1800.0,2630.0,3090.0
01389500,02-20,309.0,350.0,595.0,1120.0,1770.0,2780.0,3820.0
01389500,02-21,329.0,361.0,608.0,1180.0,1860.0,2780.0,4130.0
01389500,02-22,312.0,388.0,711.0,1190.0,2040.0,2990.0,4230.0
01389500,02-23,294.0,377.0,736.0,1220.0,2060.0,3380.0,4220.0
01389500,02-24,288.0,406.0,712.0,1200.0,2100.0,3530.0,4230.0
01389500,02-25,301.0,438.0,689.0,1320.0,2360.0,3770.0,4310.0
01389500,02-26,302.0,483.0,687.0,1340.0,2650.0,4120.0,5310.0
01389500,02-27,289.0,462.0,733.0,1390.0,2570.0,4360.0,5650.0
01389500,02-28,294.0,463.0,722.0,1450.0,2670.0,4210.0,5070.0
01389500,02-29,345.0,383.0,619.0,1450.0,2500.0,4020.0,4780.0
01389500,03-01,315.0,477.0,657.0,1400.0,2670.0,4430.0,5630.0
01389500,03-02,302.0,437.0,705.0,1520.0,2540.0,4570.0,5530.0
01389500,03-03,308.0,476.0,756.0,1460.0,2360.0,4400.0,4950.0
01389500,03-04,359.0,482.0,840.0,1510.0,2380.0,4340.0,5170.0
01389500,03-05,388.0,493.0,936.0,1510.0,2430.0,4040.0,5190.0
01389500,03-06,420.0,515.0,1000.0,1610.0,2600.0,3850.0,4980.0
01389500,03-07,418.0,522.0,973.0,1720.0,2710.0,4050.0,5050.0
01389500,03-08,411.0,519.0,1010.0,1780.0,2760.0,4430.0,5410.0
01389500,03-09,422.0,622.0,1050.0,1780.0,2770.0,4170.0,5570.0
01389500,03-10,477.0,628.0,977.0,1770.0,2750.0,4150.0,5760.0
01389500,03-11,472.0,638.0,1050.0,1760.0,2630.0,4080.0,5540.0
01389500,03-12,473.0,694.0,1110.0,1740.0,2530.0,4060.0,5910.0
01389500,03-13,463.0,766.0,1170.0,1750.0,2850.0,4090.0,6220.0
01389500,03-14,532.0,757.0,1190.0,1840.0,2830.0,4160.0,7210.0
01389500,03-15,542.0,682.0,1190.0,1970.0,2950.0,4440.0,6590.0
01389500,03-16,454.0,665.0,1170.0,1950.0,2950.0,4230.0,6150.0
01389500,03-17,458.0,678.0,1170.0,1960.0,2950.0,4150.0,6320.0
01389500,03-18,486.0,728.0,1140.0,2020.0,3090.0,4250.0,6890.0
01389500,03-19,525.0,770.0,1080.0,1910.0,3040.0,4710.0,6270.0
01389500,03-20,507.0,756.0,1180.0,1980.0,3090.0,4510.0,6430.0
01389500,03-21,541.0,726.0,1310.0,2000.0,2990.0,4600.0,6380.0
01389500,03-22,495.0,726.0,1260.0,2070.0,3070.0,4820.0,6330.0
01389500,03-23,463.0,724.0,1220.0,2200.0,3120.0,5050.0,6860.0
01389500,03-24,431.0,706.0,1180.0,2130.0,3240.0,4830.0,7220.0
01389500,03-25,405.0,696.0,1190.0,2030.0,3100.0,5070.0,6830.0
01389500,03-26,404.0,710.0,1220.0,2000.0,3090.0,5110.0,5940.0
01389500,03-27,443.0,671.0,1260.0,2010.0,3030.0,4930.0,5460.0
01389500,03-28,465.0,623.0,1230.0,2010.0,3150.0,4530.0,5830.0
01389500,03-29,465.0,701.0,1160.0,2050.0,3000.0,4780.0,5800.0
01389500,03-30,406.0,640.0,1060.0,1990.0,3270.0,4960.0,6170.0
01389500,03-31,367.0,655.0,1110.0,2010.0,3140.0,4750.0,6350.0
01389500,04-01,401.0,561.0,1250.0,1940.0,3120.0,4540.0,6000.0
01389500,04-02,422.0,618.0,1150.0,2080.0,3220.0,4510.0,5730.0
01389500,04-03,424.0,668.0,1160.0,1970.0,3090.0,4680.0,5280.0
01389500,04-04,445.0,627.0,1090.0,1940.0,3190.0,4480.0,5830.0
01389500,04-05,422.0,593.0,1010.0,2000.0,3030.0,4710.0,6890.0
01389500,04-06,390.0,650.0,1060.0,1910.0,3040.0,4660.0,6670.0
01389500,04-07,419.0,625.0,1060.0,1980.0,2970.0,5140.0,6800.0
01389500,04-08,376.0,604.0,971.0,1830.0,3100.0,5490.0,6250.0
01389500,04-09,377.0,579.0,976.0,1760.0,3170.0,5140.0,5810.0
01389500,04-10,367.0,543.0,986.0,1740.0,3090.0,4920.0,5620.0
01389500,04-11,338.0,515.0,962.0,1680.0,2850.0,4740.0,5730.0
01389500,04-12,282.0,491.0,963.0,1740.0,2690.0,4390.0,5160.0
01389500,04-13,275.0,464.0,977.0,1730.0,2710.0,4160.0,4860.0
01389500,04-14,275.0,438.0,979.0,1720.0,2830.0,3750.0,4430.0
01389500,04-15,257.0,427.0,959.0,1710.0,2590.0,3870.0,4480.0
01389500,04-16,281.0,468.0,886.0,1680.0,2600.0,3780.0,5020.0
01389500,04-17,260.0,511.0,837.0,1500.0,2810.0,4310.0,5730.0
01389500,04-18,229.0,491.0,845.0,1520.0,2750.0,4250.0,5690.0
01389500,04-19,214.0,456.0,882.0,1510.0,2590.0,4170.0,5590.0
01389500,04-20,247.0,439.0,885.0,1560.0,2510.0,4060.0,5120.0
01389500,04-21,199.0,437.0,847.0,1430.0,2370.0,3900.0,5280.0
01389500,04-22,216.0,383.0,856.0,1320.0,2310.0,3350.0,4790.0
01389500,04-23,276.0,525.0,830.0,1300.0,2310.0,3140.0,4600.0
01389500,04-24,291.0,499.0,803.0,1370.0,2280.0,3130.0,4570.0
01389500,04-25,252.0,520.0,798.0,1260.0,2080.0,2900.0,4060.0
01389500,04-26,348.0,533.0,796.0,1350.0,2060.0,2950.0,3790.0
01389500,04-27,369.0,515.0,752.0,1320.0,2070.0,3020.0,3650.0
01389500,04-28,452.0,551.0,730.0,1270.0,1980.0,3100.0,3880.0
01389500,04-29,413.0,522.0,703.0,1200.0,2230.0,3220.0,4190.0
01389500,04-30,380.0,530.0,720.0,1190.0,2080.0,3230.0,4100.0
01389500,05-01,391.0,540.0,732.0,1110.0,2100.0,3160.0,4070.0
01389500,05-02,414.0,515.0,678.0,1140.0,2030.0,2920.0,3470.0
01389500,05-03,411.0,521.0,653.0,1130.0,1910.0,2600.0,3110.0
01389500,05-04,387.0,466.0,698.0,1130.0,1910.0,2500.0,3130.0
01389500,05-05,373.0,462.0,697.0,1110.0,1840.0,2530.0,3530.0
01389500,05-06,355.0,417.0,631.0,1160.0,1740.0,2450.0,3620.0
01389500,05-07,295.0,380.0,594.0,1180.0,1750.0,2510.0,3260.0
01389500,05-08,291.0,393.0,575.0,1170.0,1740.0,2640.0,3280.0
01389500,05-09,302.0,370.0,584.0,1130.0,1770.0,2750.0,3260.0
01389500,05-10,326.0,351.0,526.0,1120.0,1750.0,2840.0,3620.0
01389500,05-11,276.0,338.0,518.0,1040.0,1810.0,2900.0,3680.0
01389500,05-12,252.0,330.0,561.0,1010.0,1800.0,3020.0,4050.0
01389500,05-13,243.0,330.0,511.0,996.0,1780.0,2990.0,3940.0
01389500,05-14,227.0,315.0,515.0,936.0,1800.0,2910.0,4120.0
01389500,05-15,206.0,332.0,588.0,939.0,1920.0,3070.0,3940.0
01389500,05-16,192.0,313.0,565.0,883.0,1830.0,2850.0,4380.0
01389500,05-17,215.0,285.0,527.0,882.0,1910.0,3030.0,4330.0
01389500,05-18,250.0,324.0,506.0,854.0,1740.0,2810.0,3820.0
01389500,05-19,270.0,326.0,486.0,860.0,1710.0,2920.0,4060.0
01389500,05-20,247.0,326.0,468.0,941.0,1650.0,2920.0,4070.0
01389500,05-21,245.0,315.0,448.0,899.0,1670.0,2680.0,3890.0
01389500,05-22,210.0,260.0,436.0,903.0,1590.0,2700.0,3680.0
01389500,05-23,177.0,252.0,455.0,836.0,1480.0,2580.0,3210.0
01389500,05-24,194.0,281.0,486.0,797.0,1670.0,2570.0,2980.0
01389500,05-25,190.0,277.0,464.0,773.0,1670.0,2360.0,3210.0
01389500,05-26,188.0,249.0,427.0,764.0,1670.0,2240.0,3380.0
01389500,05-27,144.0,231.0,381.0,740.0,1520.0,2640.0,2970.0
01389500,05-28,129.0,203.0,380.0,685.0,1410.0,2520.0,3140.0
01389500,05-29,152.0,215.0,379.0,735.0,1480.0,2400.0,3220.0
01389500,05-30,153.0,176.0,342.0,703.0,1550.0,2620.0,3340.0
01389500,05-31,137.0,200.0,323.0,643.0,1500.0,2890.0,3570.0
01389500,06-01,162.0,206.0,352.0,610.0,1400.0,2960.0,3670.0
01389500,06-02,141.0,207.0,331.0,596.0,1360.0,2900.0,3970.0
01389500,06-03,111.0,201.0,323.0,604.0,1440.0,2400.0,4450.0
01389500,06-04,136.0,162.0,300.0,618.0,1360.0,2500.0,4330.0
01389500,06-05,133.0,220.0,298.0,648.0,1250.0,2160.0,3940.0
01389500,06-06,122.0,197.0,307.0,626.0,1280.0,2090.0,3720.0
01389500,06-07,129.0,189.0,294.0,661.0,1300.0,2100.0,3330.0
01389500,06-08,130.0,172.0,308.0,520.0,1340.0,2530.0,3050.0
01389500,06-09,139.0,192.0,311.0,510.0,1280.0,2240.0,2770.0
01389500,06-10,130.0,180.0,267.0,492.0,1110.0,2000.0,2590.0
01389500,06-11,99.0,166.0,259.0,466.0,1040.0,1770.0,2220.0
01389500,06-12,100.0,156.0,266.0,453.0,959.0,1760.0,2110.0
01389500,06-13,119.0,160.0,256.0,430.0,961.0,1740.0,2300.0
01389500,06-14,131.0,158.0,254.0,451.0,1080.0,1830.0,2300.0
01389500,06-15,104.0,140.0,234.0,415.0,975.0,1860.0,2400.0
01389500,06-16,76.0,128.0,232.0,412.0,948.0,2110.0,2550.0
01389500,06-17,66.0,144.0,236.0,437.0,918.0,2000.0,2810.0
01389500,06-18,76.0,146.0,220.0,432.0,946.0,1920.0,2640.0
01389500,06-19,69.0,126.0,221.0,400.0,913.0,1870.0,2870.0
01389500,06-20,72.0,129.0,231.0,411.0,849.0,1710.0,2660.0
01389500,06-21,84.0,118.0,208.0,379.0,755.0,1610.0,2430.0
01389500,06-22,69.0,139.0,209.0,380.0,719.0,1560.0,2150.0
01389500,06-23,76.0,127.0,198.0,377.0,661.0,1450.0,1850.0
01389500,06-24,57.0,95.0,197.0,363.0,609.0,1430.0,2160.0
01389500,06-25,83.0,104.0,193.0,341.0,623.0,1320.0,2370.0
01389500,06-26,74.0,97.0,181.0,345.0,599.0,1220.0,1960.0
01389500,06-27,56.0,90.0,176.0,326.0,576.0,1480.0,1910.0
01389500,06-28,71.0,112.0,206.0,313.0,539.0,1400.0,1960.0
01389500,06-29,69.0,105.0,187.0,307.0,507.0,1380.0,1960.0
01389500,06-30,68.0,115.0,188.0,302.0,557.0,1330.0,1970.0
01389500,07-01,95.0,124.0,181.0,306.0,614.0,1490.0,2450.0
01389500,07-02,100.0,120.0,173.0,319.0,601.0,1460.0,2210.0
01389500,07-03,102.0,129.0,178.0,323.0,567.0,1330.0,2170.0
01389500,07-04,79.0,115.0,169.0,308.0,591.0,1470.0,1890.0
01389500,07-05,95.0,111.0,171.0,287.0,511.0,1410.0,1720.0
01389500,07-06,83.0,100.0,179.0,296.0,515.0,1320.0,1760.0
01389500,07-07,84.0,107.0,193.0,286.0,494.0,1090.0,1600.0
01389500,07-08,89.0,103.0,176.0,295.0,476.0,981.0,1600.0
01389500,07-09,91.0,107.0,172.0,269.0,478.0,1120.0,1520.0
01389500,07-10,96.0,118.0,167.0,245.0,567.0,998.0,1580.0
01389500,07-11,77.0,98.0,169.0,258.0,533.0,1050.0,1550.0
01389500,07-12,70.0,94.0,163.0,235.0,498.0,896.0,1550.0
01389500,07-13,80.0,109.0,156.0,244.0,521.0,1390.0,1720.0
01389500,07-14,65.0,100.0,149.0,240.0,554.0,1220.0,2170.0
01389500,07-15,55.0,97.0,159.0,274.0,622.0,1220.0,2150.0
01389500,07-16,52.0,89.0,142.0,249.0,620.0,1230.0,2260.0
01389500,07-17,56.0,78.0,147.0,249.0,560.0,1090.0,2140.0
01389500,07-18,58.0,80.0,163.0,241.0,566.0,999.0,1720.0
01389500,07-19,72.0,93.0,165.0,272.0,500.0,1060.0,1610.0
01389500,07-20,67.0,93.0,159.0,298.0,530.0,966.0,1380.0
01389500,07-21,68.0,92.0,134.0,262.0,582.0,1060.0,1500.0
01389500,07-22,45.0,82.0,148.0,249.0,632.0,1340.0,1700.0
01389500,07-23,61.0,83.0,147.0,276.0,651.0,1550.0,2370.0
01389500,07-24,44.0,87.0,143.0,285.0,653.0,1560.0,2620.0
01389500,07-25,52.0,68.0,149.0,264.0,643.0,1430.0,2290.0
01389500,07-26,53.0,64.0,148.0,263.0,620.0,1410.0,2010.0
01389500,07-27,50.0,73.0,150.0,276.0,638.0,1510.0,2080.0
01389500,07-28,59.0,81.0,141.0,304.0,651.0,1640.0,1990.0
01389500,07-29,49.0,92.0,141.0,306.0,582.0,1770.0,1990.0
01389500,07-30,56.0,84.0,144.0,287.0,572.0,1580.0,2020.0
01389500,07-31,51.0,76.0,149.0,260.0,680.0,1560.0,2070.0
01389500,08-01,47.0,65.0,143.0,246.0,627.0,1610.0,2070.0
01389500,08-02,43.0,65.0,141.0,257.0,637.0,1590.0,1960.0
01389500,08-03,43.0,66.0,142.0,251.0,587.0,1540.0,2250.0
01389500,08-04,48.0,80.0,139.0,259.0,687.0,1630.0,2460.0
01389500,08-05,51.0,66.0,137.0,234.0,581.0,1500.0,2290.0
01389500,08-06,43.0,50.0,127.0,237.0,586.0,1660.0,2320.0
01389500,08-07,41.0,70.0,125.0,233.0,680.0,1640.0,2560.0
01389500,08-08,41.0,61.0,117.0,199.0,746.0,1750.0,2540.0
01389500,08-09,41.0,63.0,123.0,226.0,665.0,1700.0,2360.0
01389500,08-10,46.0,63.0,118.0,226.0,731.0,1830.0,2370.0
01389500,08-11,41.0,63.0,126.0,237.0,835.0,1790.0,2160.0
01389500,08-12,40.0,54.0,115.0,279.0,823.0,1710.0,2050.0
01389500,08-13,45.0,70.0,122.0,248.0,801.0,1560.0,2410.0
01389500,08-14,51.0,84.0,138.0,271.0,727.0,1430.0,2270.0
01389500,08-15,53.0,83.0,136.0,296.0,648.0,1470.0,2420.0
01389500,08-16,55.0,81.0,130.0,243.0,573.0,1360.0,2370.0
01389500,08-17,54.0,86.0,132.0,240.0,594.0,1470.0,2410.0
01389500,08-18,52.0,88.0,120.0,232.0,618.0,1510.0,2460.0
01389500,08-19,59.0,77.0,120.0,233.0,632.0,1530.0,2460.0
01389500,08-20,53.0,79.0,124.0,213.0,612.0,1380.0,2170.0
01389500,08-21,45.0,78.0,120.0,243.0,525.0,1170.0,2000.0
01389500,08-22,46.0,81.0,124.0,257.0,611.0,1410.0,2190.0
01389500,08-23,44.0,62.0,120.0,254.0,540.0,1590.0,2280.0
01389500,08-24,42.0,61.0,121.0,243.0,489.0,1610.0,2190.0
01389500,08-25,48.0,54.0,111.0,251.0,610.0,1510.0,1980.0
01389500,08-26,43.0,54.0,117.0,217.0,586.0,1320.0,2310.0
01389500,08-27,36.0,66.0,117.0,236.0,581.0,1300.0,2120.0
01389500,08-28,40.0,53.0,119.0,233.0,563.0,1300.0,3060.0
01389500,08-29,42.0,53.0,118.0,216.0,530.0,1130.0,2930.0
01389500,08-30,38.0,64.0,114.0,208.0,547.0,1210.0,2620.0
01389500,08-31,39.0,62.0,112.0,202.0,475.0,1040.0,2370.0
01389500,09-01,39.0,62.0,108.0,176.0,414.0,1140.0,2630.0
01389500,09-02,37.0,65.0,108.0,185.0,404.0,1260.0,2730.0
01389500,09-03,37.0,75.0,103.0,206.0,430.0,1390.0,2750.0
01389500,09-04,39.0,62.0,99.0,221.0,408.0,1670.0,2840.0
01389500,09-05,37.0,71.0,106.0,201.0,386.0,1600.0,2690.0
01389500,09-06,47.0,65.0,105.0,200.0,429.0,1540.0,2620.0
01389500,09-07,43.0,57.0,106.0,214.0,421.0,1680.0,2400.0
01389500,09-08,40.0,57.0,96.0,210.0,422.0,1420.0,2010.0
01389500,09-09,38.0,50.0,98.0,198.0,427.0,1510.0,1760.0
01389500,09-10,35.0,51.0,114.0,186.0,428.0,1270.0,1780.0
01389500,09-11,35.0,55.0,109.0,200.0,506.0,1150.0,1650.0
01389500,09-12,33.0,45.0,126.0,190.0,479.0,1260.0,1880.0
01389500,09-13,32.0,52.0,115.0,170.0,443.0,1120.0,1700.0
01389500,09-14,39.0,64.0,106.0,189.0,504.0,1130.0,1580.0
01389500,09-15,58.0,74.0,112.0,198.0,477.0,1170.0,2100.0
01389500,09-16,51.0,77.0,113.0,229.0,457.0,1200.0,2740.0
01389500,09-17,55.0,78.0,115.0,212.0,507.0,1250.0,2610.0
01389500,09-18,60.0,71.0,126.0,205.0,454.0,1310.0,2510.0
01389500,09-19,48.0,65.0,122.0,208.0,531.0,1520.0,2730.0
01389500,09-20,45.0,65.0,112.0,198.0,490.0,1520.0,3160.0
01389500,09-21,37.0,65.0,115.0,207.0,455.0,1420.0,3480.0
01389500,09-22,41.0,65.0,120.0,208.0,515.0,1490.0,3140.0
01389500,09-23,40.0,57.0,110.0,198.0,561.0,1520.0,2790.0
01389500,09-24,50.0,70.0,121.0,200.0,549.0,1590.0,2550.0
01389500,09-25,48.0,68.0,120.0,210.0,604.0,2010.0,2500.0
01389500,09-26,52.0,68.0,113.0,195.0,575.0,1770.0,2300.0
01389500,09-27,53.0,65.0,117.0,209.0,558.0,1670.0,2080.0
01389500,09-28,63.0,79.0,114.0,206.0,530.0,1570.0,2520.0
01389500,09-29,43.0,71.0,110.0,215.0,539.0,2040.0,2930.0
01389500,09-30,52.0,65.0,98.0,240.0,575.0,2050.0,3120.0
01389500,10-01,41.0,60.0,108.0,240.0,471.0,2140.0,3200.0
01389500,10-02,43.0,56.0,105.0,246.0,570.0,1860.0,2850.0
01389500,10-03,42.0,58.0,120.0,251.0,590.0,1610.0,2700.0
01389500,10-04,42.0,68.0,118.0,227.0,625.0,1420.0,2390.0
01389500,10-05,52.0,70.0,108.0,226.0,595.0,1320.0,2060.0
01389500,10-06,53.0,73.0,104.0,236.0,524.0,1310.0,1920.0
01389500,10-07,39.0,69.0,112.0,237.0,529.0,1150.0,1810.0
01389500,10-08,48.0,69.0,136.0,221.0,609.0,1320.0,1630.0
01389500,10-09,49.0,69.0,130.0,228.0,581.0,1140.0,1790.0
01389500,10-10,57.0,80.0,118.0,232.0,579.0,1230.0,1660.0
01389500,10-11,47.0,80.0,116.0,217.0,566.0,1110.0,1820.0
01389500,10-12,46.0,65.0,117.0,209.0,536.0,971.0,1830.0
01389500,10-13,47.0,65.0,107.0,230.0,495.0,1130.0,1700.0
01389500,10-14,47.0,68.0,95.0,225.0,499.0,1040.0,1730.0
01389500,10-15,41.0,65.0,107.0,235.0,449.0,1130.0,1640.0
01389500,10-16,46.0,62.0,130.0,224.0,517.0,1100.0,1550.0
01389500,10-17,49.0,68.0,127.0,229.0,500.0,1190.0,1590.0
01389500,10-18,60.0,77.0,117.0,224.0,508.0,1340.0,1730.0
01389500,10-19,54.0,72.0,133.0,243.0,528.0,1430.0,3760.0
01389500,10-20,57.0,83.0,124.0,222.0,585.0,1490.0,3560.0
01389500,10-21,56.0,79.0,123.0,243.0,833.0,1780.0,3420.0
01389500,10-22,57.0,69.0,138.0,244.0,771.0,1840.0,3880.0
01389500,10-23,58.0,81.0,138.0,246.0,753.0,1620.0,3600.0
01389500,10-24,55.0,71.0,135.0,262.0,798.0,1750.0,2930.0
01389500,10-25,47.0,72.0,135.0,320.0,807.0,2220.0,3010.0
01389500,10-26,57.0,79.0,128.0,354.0,842.0,2130.0,2810.0
01389500,10-27,61.0,87.0,132.0,379.0,901.0,2200.0,2890.0
01389500,10-28,67.0,94.0,143.0,362.0,991.0,2500.0,2780.0
01389500,10-29,71.0,97.0,154.0,388.0,1080.0,2210.0,3030.0
01389500,10-30,58.0,87.0,148.0,395.0,1110.0,2020.0,2870.0
01389500,10-31,65.0,96.0,151.0,375.0,1100.0,1850.0,3060.0
01389500,11-01,71.0,103.0,162.0,414.0,1070.0,1780.0,2880.0
01389500,11-02,67.0,105.0,162.0,446.0,1090.0,1890.0,2770.0
01389500,11-03,74.0,100.0,160.0,478.0,1110.0,2140.0,2650.0
01389500,11-04,68.0,94.0,164.0,470.0,1230.0,1810.0,2730.0
01389500,11-05,73.0,93.0,172.0,478.0,1160.0,1770.0,2530.0
01389500,11-06,74.0,99.0,191.0,522.0,1010.0,1570.0,2340.0
01389500,11-07,64.0,99.0,220.0,523.0,1010.0,1730.0,2210.0
01389500,11-08,62.0,90.0,226.0,491.0,890.0,1980.0,2790.0
01389500,11-09,76.0,90.0,205.0,433.0,924.0,2020.0,3570.0
01389500,11-10,74.0,100.0,215.0,440.0,901.0,2520.0,3740.0
01389500,11-11,68.0,97.0,201.0,418.0,1090.0,2790.0,3210.0
01389500,11-12,69.0,92.0,187.0,415.0,1120.0,2300.0,3970.0
01389500,11-13,60.0,89.0,178.0,432.0,1170.0,2340.0,3970.0
01389500,11-14,65.0,92.0,185.0,408.0,1160.0,2370.0,3830.0
01389500,11-15,71.0,118.0,176.0,408.0,1140.0,2540.0,3490.0
01389500,11-16,67.0,105.0,216.0,455.0,1110.0,2500.0,3260.0
01389500,11-17,78.0,109.0,213.0,460.0,1280.0,2630.0,3240.0
01389500,11-18,86.0,123.0,208.0,525.0,1350.0,2650.0,3320.0
01389500,11-19,89.0,114.0,210.0,565.0,1300.0,2890.0,3340.0
01389500,11-20,98.0,121.0,224.0,541.0,1300.0,2610.0,3110.0
01389500,11-21,82.0,144.0,232.0,567.0,1310.0,2690.0,3170.0
01389500,11-22,112.0,138.0,225.0,571.0,1370.0,2760.0,3260.0
01389500,11-23,81.0,135.0,235.0,567.0,1560.0,2840.0,3150.0
01389500,11-24,62.0,159.0,260.0,600.0,1520.0,2650.0,3030.0
01389500,11-25,71.0,144.0,256.0,686.0,1490.0,2580.0,2930.0
01389500,11-26,112.0,155.0,279.0,704.0,1490.0,2500.0,3450.0
01389500,11-27,131.0,163.0,289.0,675.0,1520.0,2430.0,3520.0
01389500,11-28,107.0,180.0,285.0,657.0,1650.0,2420.0,3070.0
01389500,11-29,117.0,176.0,305.0,678.0,1880.0,2460.0,3240.0
01389500,11-30,128.0,188.0,308.0,859.0,1800.0,2620.0,3350.0
01389500,12-01,133.0,174.0,310.0,842.0,1980.0,3060.0,3440.0
01389500,12-02,129.0,175.0,301.0,796.0,1830.0,3040.0,3770.0
01389500,12-03,131.0,185.0,343.0,759.0,1840.0,2860.0,3560.0
01389500,12-04,144.0,194.0,353.0,761.0,1950.0,2770.0,3370.0
01389500,12-05,153.0,195.0,355.0,676.0,1970.0,2880.0,3390.0
01389500,12-06,152.0,183.0,364.0,732.0,2010.0,3000.0,3740.0
01389500,12-07,134.0,186.0,371.0,720.0,1910.0,2930.0,3710.0
01389500,12-08,132.0,179.0,358.0,776.0,1770.0,2740.0,3980.0
01389500,12-09,140.0,188.0,335.0,876.0,1830.0,2730.0,4010.0
01389500,12-10,134.0,186.0,342.0,878.0,1700.0,2810.0,4080.0
01389500,12-11,115.0,187.0,297.0,900.0,1790.0,2810.0,4490.0
01389500,12-12,128.0,171.0,341.0,859.0,1800.0,2870.0,4590.0
01389500,12-13,148.0,200.0,383.0,876.0,1690.0,3530.0,4370.0
01389500,12-14,135.0,198.0,416.0,823.0,1900.0,3360.0,4120.0
01389500,12-15,144.0,208.0,378.0,818.0,2110.0,3430.0,4520.0
01389500,12-16,122.0,182.0,386.0,926.0,2080.0,3430.0,4570.0
01389500,12-17,116.0,189.0,381.0,900.0,1980.0,3180.0,4040.0
01389500,12-18,123.0,212.0,405.0,942.0,1810.0,3300.0,3920.0
01389500,12-19,120.0,213.0,434.0,911.0,1800.0,3070.0,3600.0
01389500,12-20,121.0,189.0,415.0,830.0,1900.0,2820.0,3690.0
01389500,12-21,126.0,206.0,428.0,801.0,2010.0,2950.0,4600.0
01389500,12-22,108.0,184.0,425.0,880.0,1990.0,3170.0,5260.0
01389500,12-23,130.0,162.0,414.0,911.0,1860.0,3140.0,4410.0
01389500,12-24,151.0,198.0,452.0,978.0,1860.0,3600.0,4960.0
01389500,12-25,169.0,222.0,459.0,1000.0,1890.0,3230.0,5140.0
01389500,12-26,164.0,234.0,448.0,940.0,1840.0,3130.0,4770.0
01389500,12-27,149.0,235.0,425.0,987.0,1810.0,3520.0,4680.0
01389500,12-28,179.0,246.0,420.0,1020.0,1930.0,3570.0,4390.0
01389500,12-29,166.0,263.0,464.0,997.0,1990.0,3360.0,4230.0
01389500,12-30,163.0,234.0,412.0,985.0,1980.0,3150.0,3970.0
01389500,12-31,164.0,235.0,381.0,934.0,2060.0,2890.0,4060.0
01391500,01-01,22.0,30.0,52.0,86.0,133.0,202.0,344.0
01391500,01-02,25.0,38.0,55.0,84.0,132.0,226.0,275.0
01391500,01-03,27.0,42.0,56.0,86.0,128.0,192.0,278.0
01391500,01-04,27.0,42.0,57.0,85.0,128.0,214.0,310.0
01391500,01-05,33.0,41.0,56.0,80.0,120.0,171.0,269.0
01391500,01-06,33.0,39.0,57.0,83.0,121.0,180.0,227.0
01391500,01-07,35.0,43.0,56.0,79.0,120.0,213.0,295.0
01391500,01-08,32.0,36.0,55.0,81.0,113.0,216.0,335.0
01391500,01-09,31.0,39.0,54.0,87.0,117.0,204.0,280.0
01391500,01-10,33.0,40.0,56.0,87.0,115.0,172.0,273.0
01391500,01-11,32.0,40.0,56.0,89.0,121.0,171.0,237.0
01391500,01-12,31.0,43.0,57.0,85.0,111.0,171.0,299.0
01391500,01-13,30.0,40.0,51.0,81.0,105.0,175.0,195.0
01391500,01-14,31.0,39.0,53.0,76.0,108.0,153.0,321.0
01391500,01-15,32.0,40.0,53.0,83.0,111.0,166.0,246.0
01391500,01-16,29.0,40.0,55.0,85.0,118.0,197.0,300.0
01391500,01-17,29.0,38.0,51.0,79.0,106.0,160.0,195.0
01391500,01-18,28.0,41.0,59.0,79.0,107.0,174.0,333.0
01391500,01-19,26.0,41.0,57.0,82.0,116.0,200.0,317.0
01391500,01-20,29.0,39.0,54.0,85.0,131.0,183.0,231.0
01391500,01-21,29.0,39.0,60.0,82.0,117.0,169.0,226.0
01391500,01-22,30.0,39.0,58.0,79.0,118.0,168.0,259.0
01391500,01-23,35.0,39.0,58.0,80.0,124.0,222.0,312.0
01391500,01-24,38.0,42.0,60.0,83.0,123.0,258.0,351.0
01391500,01-25,32.0,44.0,57.0,81.0,156.0,311.0,522.0
01391500,01-26,36.0,46.0,56.0,76.0,131.0,300.0,746.0
01391500,01-27,36.0,44.0,55.0,74.0,131.0,251.0,426.0
01391500,01-28,31.0,42.0,54.0,76.0,134.0,233.0,381.0
01391500,01-29,28.0,39.0,52.0,71.0,121.0,206.0,304.0
01391500,01-30,30.0,40.0,54.0,72.0,117.0,175.0,203.0
01391500,01-31,28.0,38.0,54.0,78.0,124.0,160.0,182.0
01391500,02-01,26.0,36.0,54.0,78.0,114.0,162.0,207.0
01391500,02-02,28.0,42.0,56.0,82.0,125.0,179.0,269.0
01391500,02-03,26.0,40.0,58.0,89.0,127.0,199.0,309.0
01391500,02-04,26.0,37.0,57.0,84.0,120.0,229.0,386.0
01391500,02-05,25.0,37.0,58.0,85.0,121.0,174.0,271.0
01391500,02-06,28.0,38.0,56.0,82.0,119.0,162.0,231.0
01391500,02-07,29.0,41.0,58.0,92.0,128.0,212.0,281.0
01391500,02-08,32.0,37.0,56.0,91.0,129.0,230.0,298.0
01391500,02-09,33.0,40.0,58.0,87.0,121.0,163.0,279.0
01391500,02-10,34.0,41.0,62.0,88.0,116.0,161.0,208.0
01391500,02-11,40.0,44.0,64.0,88.0,119.0,166.0,220.0
01391500,02-12,41.0,48.0,65.0,85.0,121.0,205.0,321.0
01391500,02-13,37.0,46.0,65.0,88.0,124.0,183.0,309.0
01391500,02-14,39.0,44.0,66.0,90.0,124.0,156.0,322.0
01391500,02-15,37.0,51.0,68.0,90.0,126.0,192.0,247.0
01391500,02-16,41.0,54.0,66.0,90.0,129.0,263.0,318.0
01391500,02-17,40.0,53.0,68.0,92.0,134.0,187.0,247.0
01391500,02-18,39.0,55.0,71.0,90.0,129.0,210.0,279.0
01391500,02-19,42.0,53.0,71.0,94.0,128.0,192.0,297.0
01391500,02-20,45.0,55.0,71.0,92.0,137.0,184.0,311.0
01391500,02-21,45.0,55.0,71.0,96.0,133.0,228.0,306.0
01391500,02-22,46.0,56.0,74.0,98.0,141.0,225.0,273.0
01391500,02-23,47.0,54.0,73.0,98.0,132.0,214.0,338.0
01391500,02-24,50.0,53.0,73.0,96.0,151.0,320.0,395.0
01391500,02-25,48.0,56.0,72.0,108.0,153.0,268.0,418.0
01391500,02-26,42.0,52.0,71.0,104.0,154.0,195.0,299.0
01391500,02-27,42.0,51.0,72.0,94.0,144.0,268.0,428.0
01391500,02-28,45.0,53.0,71.0,97.0,142.0,253.0,347.0
01391500,02-29,34.0,48.0,79.0,102.0,137.0,194.0,249.0
01391500,03-01,47.0,54.0,75.0,94.0,137.0,232.0,352.0
01391500,03-02,51.0,56.0,76.0,95.0,145.0,286.0,365.0
01391500,03-03,48.0,56.0,76.0,100.0,140.0,250.0,329.0
01391500,03-04,49.0,60.0,80.0,108.0,186.0,245.0,305.0
01391500,03-05,52.0,64.0,83.0,112.0,177.0,254.0,299.0
01391500,03-06,53.0,58.0,82.0,120.0,186.0,284.0,448.0
01391500,03-07,56.0,62.0,86.0,121.0,170.0,354.0,565.0
01391500,03-08,52.0,62.0,91.0,122.0,173.0,280.0,348.0
01391500,03-09,58.0,65.0,89.0,128.0,170.0,235.0,339.0
01391500,03-10,60.0,67.0,87.0,119.0,150.0,216.0,251.0
01391500,03-11,57.0,72.0,88.0,113.0,156.0,251.0,345.0
01391500,03-12,58.0,69.0,91.0,117.0,150.0,248.0,339.0
01391500,03-13,56.0,67.0,90.0,122.0,181.0,295.0,431.0
01391500,03-14,57.0,67.0,93.0,116.0,184.0,291.0,444.0
01391500,03-15,60.0,67.0,90.0,125.0,199.0,287.0,477.0
01391500,03-16,56.0,62.0,87.0,125.0,182.0,273.0,364.0
01391500,03-17,59.0,71.0,90.0,127.0,195.0,270.0,324.0
01391500,03-18,62.0,73.0,94.0,128.0,164.0,248.0,313.0
01391500,03-19,64.0,70.0,90.0,117.0,173.0,233.0,298.0
01391500,03-20,65.0,70.0,93.0,124.0,174.0,313.0,384.0
01391500,03-21,63.0,73.0,98.0,129.0,187.0,269.0,415.0
01391500,03-22,58.0,71.0,95.0,131.0,203.0,361.0,557.0
01391500,03-23,60.0,70.0,88.0,130.0,199.0,308.0,468.0
01391500,03-24,57.0,69.0,88.0,121.0,203.0,307.0,351.0
01391500,03-25,60.0,69.0,86.0,117.0,166.0,274.0,357.0
01391500,03-26,64.0,69.0,91.0,119.0,153.0,221.0,317.0
01391500,03-27,63.0,69.0,94.0,115.0,168.0,230.0,312.0
01391500,03-28,57.0,65.0,95.0,115.0,162.0,283.0,383.0
01391500,03-29,51.0,70.0,93.0,114.0,177.0,262.0,320.0
01391500,03-30,50.0,65.0,90.0,115.0,186.0,251.0,337.0
01391500,03-31,59.0,66.0,88.0,120.0,171.0,333.0,495.0
01391500,04-01,61.0,72.0,92.0,126.0,190.0,346.0,414.0
01391500,04-02,59.0,76.0,93.0,123.0,178.0,329.0,513.0
01391500,04-03,57.0,76.0,92.0,125.0,186.0,285.0,524.0
01391500,04-04,54.0,71.0,92.0,128.0,175.0,323.0,423.0
01391500,04-05,54.0,70.0,86.0,119.0,177.0,277.0,394.0
01391500,04-06,56.0,71.0,92.0,124.0,184.0,292.0,417.0
01391500,04-07,56.0,72.0,90.0,123.0,196.0,398.0,527.0
01391500,04-08,60.0,71.0,87.0,124.0,204.0,329.0,437.0
01391500,04-09,60.0,69.0,88.0,119.0,198.0,263.0,406.0
01391500,04-10,47.0,64.0,83.0,115.0,192.0,295.0,431.0
01391500,04-11,53.0,64.0,83.0,117.0,173.0,238.0,311.0
01391500,04-12,59.0,69.0,85.0,125.0,176.0,252.0,337.0
01391500,04-13,57.0,66.0,85.0,127.0,202.0,330.0,412.0
01391500,04-14,54.0,63.0,84.0,116.0,175.0,266.0,376.0
01391500,04-15,55.0,65.0,85.0,118.0,157.0,269.0,356.0
01391500,04-16,47.0,64.0,84.0,113.0,176.0,310.0,687.0
01391500,04-17,45.0,61.0,82.0,113.0,166.0,398.0,578.0
01391500,04-18,45.0,60.0,80.0,121.0,167.0,257.0,343.0
01391500,04-19,46.0,60.0,79.0,115.0,163.0,254.0,452.0
01391500,04-20,48.0,58.0,79.0,111.0,165.0,285.0,400.0
01391500,04-21,40.0,54.0,78.0,112.0,154.0,236.0,307.0
01391500,04-22,48.0,58.0,81.0,114.0,153.0,201.0,328.0
01391500,04-23,49.0,59.0,79.0,107.0,164.0,267.0,406.0
01391500,04-24,48.0,61.0,80.0,113.0,159.0,223.0,293.0
01391500,04-25,50.0,59.0,81.0,113.0,148.0,232.0,317.0
01391500,04-26,56.0,64.0,85.0,119.0,160.0,277.0,339.0
01391500,04-27,52.0,62.0,84.0,110.0,150.0,271.0,349.0
01391500,04-28,50.0,59.0,81.0,107.0,156.0,230.0,337.0
01391500,04-29,50.0,59.0,77.0,104.0,144.0,213.0,436.0
01391500,04-30,57.0,60.0,79.0,102.0,136.0,213.0,277.0
01391500,05-01,52.0,59.0,79.0,101.0,141.0,202.0,267.0
01391500,05-02,55.0,61.0,75.0,102.0,134.0,192.0,321.0
01391500,05-03,53.0,57.0,75.0,107.0,148.0,183.0,241.0
01391500,05-04,50.0,54.0,73.0,98.0,144.0,224.0,263.0
01391500,05-05,48.0,55.0,71.0,96.0,142.0,225.0,306.0
01391500,05-06,46.0,53.0,69.0,100.0,143.0,213.0,325.0
01391500,05-07,45.0,52.0,65.0,98.0,137.0,222.0,257.0
01391500,05-08,46.0,52.0,71.0,100.0,141.0,222.0,269.0
01391500,05-09,45.0,51.0,70.0,104.0,149.0,266.0,327.0
01391500,05-10,45.0,54.0,66.0,101.0,139.0,214.0,290.0
01391500,05-11,45.0,53.0,66.0,98.0,132.0,202.0,340.0
01391500,05-12,42.0,50.0,64.0,97.0,137.0,238.0,404.0
01391500,05-13,45.0,50.0,65.0,90.0,137.0,242.0,362.0
01391500,05-14,42.0,51.0,69.0,96.0,140.0,210.0,334.0
01391500,05-15,41.0,49.0,68.0,96.0,139.0,221.0,311.0
01391500,05-16,39.0,47.0,67.0,95.0,149.0,209.0,322.0
01391500,05-17,39.0,46.0,63.0,86.0,137.0,229.0,330.0
01391500,05-18,40.0,48.0,62.0,85.0,127.0,198.0,324.0
01391500,05-19,37.0,49.0,62.0,88.0,142.0,202.0,300.0
01391500,05-20,37.0,46.0,64.0,94.0,137.0,194.0,244.0
01391500,05-21,36.0,46.0,59.0,86.0,129.0,193.0,216.0
01391500,05-22,37.0,45.0,59.0,82.0,123.0,165.0,213.0
01391500,05-23,36.0,41.0,62.0,83.0,120.0,176.0,250.0
01391500,05-24,36.0,41.0,65.0,86.0,123.0,180.0,356.0
01391500,05-25,33.0,41.0,60.0,82.0,119.0,164.0,260.0
01391500,05-26,35.0,40.0,60.0,77.0,113.0,200.0,283.0
01391500,05-27,34.0,38.0,56.0,76.0,118.0,190.0,237.0
01391500,05-28,35.0,39.0,56.0,75.0,122.0,173.0,206.0
01391500,05-29,36.0,39.0,56.0,76.0,113.0,194.0,412.0
01391500,05-30,34.0,39.0,55.0,71.0,114.0,218.0,406.0
01391500,05-31,35.0,39.0,53.0,68.0,111.0,272.0,418.0
01391500,06-01,34.0,42.0,54.0,76.0,130.0,215.0,502.0
01391500,06-02,33.0,41.0,54.0,78.0,119.0,244.0,340.0
01391500,06-03,33.0,39.0,53.0,77.0,122.0,226.0,348.0
01391500,06-04,32.0,42.0,50.0,74.0,119.0,203.0,367.0
01391500,06-05,31.0,40.0,53.0,73.0,109.0,181.0,239.0
01391500,06-06,32.0,38.0,52.0,74.0,123.0,200.0,253.0
01391500,06-07,32.0,37.0,51.0,68.0,112.0,200.0,292.0
01391500,06-08,31.0,34.0,48.0,68.0,110.0,165.0,237.0
01391500,06-09,31.0,35.0,46.0,68.0,95.0,171.0,300.0
01391500,06-10,30.0,34.0,45.0,67.0,95.0,149.0,220.0
01391500,06-11,29.0,32.0,44.0,63.0,91.0,146.0,176.0
01391500,06-12,28.0,31.0,46.0,62.0,93.0,178.0,235.0
01391500,06-13,30.0,33.0,45.0,63.0,102.0,250.0,362.0
01391500,06-14,32.0,35.0,46.0,64.0,102.0,157.0,270.0
01391500,06-15,31.0,35.0,45.0,60.0,100.0,167.0,231.0
01391500,06-16,28.0,33.0,46.0,59.0,95.0,173.0,282.0
01391500,06-17,27.0,32.0,41.0,57.0,98.0,159.0,285.0
01391500,06-18,30.0,34.0,42.0,55.0,81.0,177.0,221.0
01391500,06-19,27.0,33.0,43.0,57.0,106.0,157.0,244.0
01391500,06-20,26.0,32.0,43.0,60.0,94.0,157.0,213.0
01391500,06-21,27.0,32.0,43.0,60.0,89.0,196.0,315.0
01391500,06-22,26.0,31.0,42.0,60.0,94.0,154.0,202.0
01391500,06-23,26.0,28.0,40.0,56.0,87.0,141.0,223.0
01391500,06-24,25.0,27.0,39.0,55.0,78.0,151.0,312.0
01391500,06-25,25.0,28.0,38.0,52.0,84.0,157.0,278.0
01391500,06-26,23.0,27.0,38.0,52.0,75.0,152.0,188.0
01391500,06-27,24.0,27.0,40.0,53.0,92.0,134.0,214.0
01391500,06-28,23.0,27.0,40.0,55.0,88.0,170.0,207.0
01391500,06-29,24.0,29.0,38.0,54.0,76.0,141.0,264.0
01391500,06-30,24.0,29.0,39.0,49.0,95.0,185.0,333.0
01391500,07-01,25.0,29.0,39.0,49.0,87.0,157.0,263.0
01391500,07-02,24.0,29.0,37.0,53.0,85.0,140.0,231.0
01391500,07-03,24.0,29.0,35.0,48.0,85.0,147.0,179.0
01391500,07-04,24.0,28.0,35.0,47.0,78.0,120.0,234.0
01391500,07-05,23.0,28.0,34.0,47.0,76.0,126.0,179.0
01391500,07-06,23.0,28.0,34.0,49.0,73.0,122.0,171.0
01391500,07-07,24.0,27.0,35.0,47.0,69.0,97.0,130.0
01391500,07-08,22.0,26.0,33.0,46.0,76.0,154.0,254.0
01391500,07-09,21.0,25.0,31.0,44.0,81.0,179.0,283.0
01391500,07-10,20.0,24.0,32.0,47.0,82.0,138.0,232.0
01391500,07-11,21.0,24.0,33.0,45.0,73.0,147.0,194.0
01391500,07-12,21.0,23.0,30.0,41.0,72.0,135.0,190.0
01391500,07-13,19.0,23.0,30.0,46.0,71.0,143.0,244.0
01391500,07-14,17.0,22.0,29.0,45.0,76.0,178.0,272.0
01391500,07-15,18.0,23.0,29.0,47.0,76.0,204.0,281.0
01391500,07-16,17.0,21.0,28.0,43.0,67.0,164.0,248.0
01391500,07-17,16.0,21.0,31.0,47.0,74.0,129.0,175.0
01391500,07-18,18.0,21.0,30.0,46.0,76.0,146.0,245.0
01391500,07-19,19.0,21.0,32.0,46.0,77.0,131.0,167.0
01391500,07-20,18.0,21.0,30.0,44.0,71.0,128.0,227.0
01391500,07-21,19.0,20.0,29.0,45.0,77.0,185.0,359.0
01391500,07-22,18.0,21.0,28.0,43.0,93.0,184.0,295.0
01391500,07-23,17.0,21.0,28.0,49.0,93.0,232.0,505.0
01391500,07-24,16.0,19.0,28.0,47.0,101.0,205.0,469.0
01391500,07-25,17.0,20.0,31.0,47.0,78.0,228.0,408.0
01391500,07-26,17.0,21.0,31.0,45.0,87.0,162.0,193.0
01391500,07-27,17.0,21.0,32.0,43.0,77.0,142.0,201.0
01391500,07-28,20.0,23.0,32.0,45.0,77.0,157.0,226.0
01391500,07-29,21.0,23.0,32.0,48.0,80.0,149.0,294.0
01391500,07-30,19.0,21.0,30.0,44.0,74.0,147.0,239.0
01391500,07-31,16.0,20.0,30.0,45.0,72.0,134.0,248.0
01391500,08-01,16.0,19.0,28.0,42.0,82.0,127.0,234.0
01391500,08-02,17.0,19.0,29.0,41.0,80.0,145.0,268.0
01391500,08-03,18.0,19.0,28.0,43.0,80.0,164.0,266.0
01391500,08-04,18.0,22.0,29.0,41.0,80.0,196.0,426.0
01391500,08-05,16.0,20.0,27.0,41.0,71.0,112.0,245.0
01391500,08-06,17.0,20.0,27.0,41.0,67.0,109.0,262.0
01391500,08-07,16.0,19.0,27.0,39.0,85.0,141.0,334.0
01391500,08-08,17.0,19.0,27.0,41.0,68.0,135.0,186.0
01391500,08-09,15.0,18.0,26.0,41.0,87.0,166.0,216.0
01391500,08-10,16.0,18.0,26.0,42.0,87.0,192.0,347.0
01391500,08-11,16.0,19.0,27.0,50.0,94.0,143.0,258.0
01391500,08-12,18.0,19.0,29.0,47.0,78.0,205.0,330.0
01391500,08-13,15.0,18.0,29.0,47.0,75.0,165.0,214.0
01391500,08-14,15.0,18.0,30.0,45.0,84.0,132.0,219.0
01391500,08-15,16.0,21.0,30.0,43.0,71.0,152.0,294.0
01391500,08-16,17.0,22.0,30.0,42.0,75.0,142.0,183.0
01391500,08-17,15.0,22.0,29.0,43.0,85.0,160.0,216.0
01391500,08-18,16.0,20.0,27.0,42.0,88.0,181.0,273.0
01391500,08-19,14.0,22.0,28.0,39.0,74.0,179.0,365.0
01391500,08-20,14.0,22.0,30.0,39.0,66.0,125.0,215.0
01391500,08-21,15.0,20.0,27.0,39.0,71.0,140.0,181.0
01391500,08-22,16.0,19.0,28.0,42.0,71.0,166.0,293.0
01391500,08-23,17.0,21.0,28.0,41.0,67.0,134.0,236.0
01391500,08-24,17.0,20.0,27.0,40.0,81.0,123.0,173.0
01391500,08-25,14.0,19.0,28.0,45.0,73.0,138.0,171.0
01391500,08-26,14.0,18.0,28.0,45.0,74.0,123.0,341.0
01391500,08-27,14.0,19.0,26.0,43.0,72.0,141.0,201.0
01391500,08-28,16.0,19.0,28.0,42.0,76.0,115.0,300.0
01391500,08-29,15.0,19.0,27.0,41.0,72.0,173.0,309.0
01391500,08-30,15.0,19.0,27.0,42.0,66.0,120.0,174.0
01391500,08-31,14.0,18.0,27.0,40.0,65.0,105.0,123.0
01391500,09-01,15.0,18.0,27.0,39.0,62.0,99.0,224.0
01391500,09-02,15.0,18.0,27.0,42.0,66.0,158.0,292.0
01391500,09-03,16.0,19.0,26.0,43.0,75.0,147.0,370.0
01391500,09-04,17.0,21.0,27.0,43.0,65.0,175.0,294.0
01391500,09-05,17.0,20.0,25.0,38.0,59.0,127.0,175.0
01391500,09-06,19.0,21.0,27.0,41.0,61.0,115.0,226.0
01391500,09-07,16.0,20.0,26.0,43.0,66.0,142.0,199.0
01391500,09-08,16.0,21.0,29.0,41.0,62.0,143.0,183.0
01391500,09-09,17.0,22.0,27.0,40.0,61.0,148.0,214.0
01391500,09-10,17.0,20.0,29.0,40.0,66.0,131.0,205.0
01391500,09-11,14.0,19.0,27.0,41.0,63.0,133.0,172.0
01391500,09-12,16.0,19.0,24.0,38.0,64.0,108.0,213.0
01391500,09-13,14.0,19.0,26.0,38.0,60.0,129.0,256.0
01391500,09-14,17.0,20.0,27.0,37.0,69.0,106.0,182.0
01391500,09-15,18.0,20.0,28.0,39.0,78.0,163.0,306.0
01391500,09-16,17.0,21.0,28.0,39.0,76.0,148.0,281.0
01391500,09-17,17.0,21.0,27.0,37.0,67.0,133.0,224.0
01391500,09-18,14.0,20.0,27.0,36.0,72.0,167.0,328.0
01391500,09-19,15.0,21.0,26.0,42.0,92.0,186.0,231.0
01391500,09-20,14.0,19.0,26.0,41.0,68.0,142.0,243.0
01391500,09-21,17.0,22.0,26.0,44.0,61.0,149.0,219.0
01391500,09-22,17.0,21.0,26.0,43.0,72.0,134.0,182.0
01391500,09-23,16.0,20.0,25.0,40.0,77.0,132.0,223.0
01391500,09-24,16.0,19.0,26.0,38.0,65.0,110.0,210.0
01391500,09-25,15.0,17.0,25.0,37.0,65.0,145.0,322.0
01391500,09-26,16.0,19.0,26.0,38.0,78.0,129.0,244.0
01391500,09-27,17.0,19.0,24.0,39.0,85.0,150.0,193.0
01391500,09-28,17.0,19.0,23.0,38.0,83.0,119.0,342.0
01391500,09-29,17.0,19.0,24.0,43.0,81.0,171.0,314.0
01391500,09-30,15.0,19.0,24.0,43.0,78.0,220.0,286.0
01391500,10-01,15.0,19.0,26.0,44.0,77.0,152.0,250.0
01391500,10-02,15.0,21.0,28.0,43.0,77.0,141.0,197.0
01391500,10-03,14.0,20.0,27.0,43.0,75.0,145.0,169.0
01391500,10-04,14.0,20.0,27.0,38.0,73.0,128.0,151.0
01391500,10-05,17.0,20.0,25.0,40.0,74.0,133.0,226.0
01391500,10-06,18.0,20.0,24.0,38.0,71.0,121.0,166.0
01391500,10-07,17.0,20.0,26.0,40.0,70.0,110.0,146.0
01391500,10-08,16.0,20.0,25.0,43.0,67.0,122.0,238.0
01391500,10-09,17.0,20.0,28.0,41.0,68.0,146.0,345.0
01391500,10-10,17.0,20.0,26.0,40.0,69.0,139.0,210.0
01391500,10-11,17.0,19.0,25.0,39.0,80.0,112.0,167.0
01391500,10-12,16.0,19.0,25.0,39.0,73.0,127.0,200.0
01391500,10-13,15.0,17.0,24.0,41.0,67.0,118.0,171.0
01391500,10-14,15.0,17.0,28.0,44.0,70.0,103.0,168.0
01391500,10-15,15.0,18.0,29.0,42.0,67.0,96.0,239.0
01391500,10-16,17.0,20.0,29.0,44.0,66.0,123.0,245.0
01391500,10-17,16.0,20.0,28.0,40.0,71.0,123.0,177.0
01391500,10-18,17.0,20.0,30.0,41.0,71.0,123.0,213.0
01391500,10-19,17.0,20.0,30.0,45.0,73.0,195.0,311.0
01391500,10-20,17.0,19.0,29.0,43.0,73.0,189.0,385.0
01391500,10-21,17.0,20.0,30.0,44.0,72.0,167.0,281.0
01391500,10-22,17.0,21.0,31.0,41.0,76.0,146.0,181.0
01391500,10-23,20.0,23.0,32.0,44.0,72.0,134.0,192.0
01391500,10-24,18.0,22.0,32.0,44.0,76.0,134.0,211.0
01391500,10-25,21.0,23.0,31.0,47.0,75.0,147.0,227.0
01391500,10-26,20.0,23.0,31.0,47.0,88.0,167.0,236.0
01391500,10-27,20.0,22.0,31.0,48.0,87.0,160.0,426.0
01391500,10-28,21.0,23.0,30.0,50.0,89.0,229.0,452.0
01391500,10-29,21.0,25.0,32.0,44.0,98.0,189.0,301.0
01391500,10-30,20.0,24.0,30.0,50.0,86.0,187.0,424.0
01391500,10-31,21.0,26.0,33.0,53.0,85.0,128.0,220.0
01391500,11-01,22.0,26.0,35.0,56.0,86.0,146.0,204.0
01391500,11-02,22.0,24.0,33.0,56.0,91.0,141.0,223.0
01391500,11-03,20.0,24.0,34.0,52.0,100.0,206.0,311.0
01391500,11-04,21.0,25.0,34.0,54.0,89.0,146.0,214.0
01391500,11-05,21.0,25.0,34.0,57.0,93.0,124.0,193.0
01391500,11-06,23.0,26.0,35.0,60.0,87.0,119.0,210.0
01391500,11-07,23.0,25.0,38.0,55.0,80.0,122.0,208.0
01391500,11-08,22.0,24.0,35.0,54.0,84.0,165.0,438.0
01391500,11-09,22.0,25.0,35.0,53.0,82.0,159.0,333.0
01391500,11-10,21.0,27.0,34.0,54.0,94.0,190.0,282.0
01391500,11-11,20.0,26.0,35.0,60.0,100.0,176.0,273.0
01391500,11-12,21.0,27.0,36.0,58.0,110.0,164.0,255.0
01391500,11-13,22.0,26.0,35.0,58.0,103.0,170.0,283.0
01391500,11-14,23.0,27.0,35.0,59.0,88.0,188.0,250.0
01391500,11-15,21.0,26.0,37.0,59.0,88.0,182.0,231.0
01391500,11-16,23.0,27.0,35.0,58.0,102.0,189.0,239.0
01391500,11-17,24.0,28.0,39.0,62.0,100.0,227.0,336.0
01391500,11-18,24.0,26.0,41.0,62.0,91.0,156.0,230.0
01391500,11-19,24.0,26.0,39.0,58.0,90.0,161.0,187.0
01391500,11-20,23.0,27.0,37.0,61.0,91.0,176.0,286.0
01391500,11-21,22.0,27.0,40.0,65.0,100.0,180.0,407.0
01391500,11-22,24.0,27.0,41.0,62.0,115.0,253.0,359.0
01391500,11-23,24.0,29.0,46.0,60.0,104.0,201.0,339.0
01391500,11-24,25.0,31.0,45.0,64.0,108.0,151.0,215.0
01391500,11-25,26.0,31.0,44.0,64.0,113.0,157.0,199.0
01391500,11-26,27.0,32.0,43.0,74.0,120.0,196.0,407.0
01391500,11-27,26.0,32.0,45.0,66.0,112.0,245.0,414.0
01391500,11-28,26.0,31.0,41.0,72.0,133.0,191.0,332.0
01391500,11-29,27.0,32.0,47.0,74.0,126.0,229.0,273.0
01391500,11-30,27.0,33.0,45.0,71.0,115.0,215.0,378.0
01391500,12-01,26.0,32.0,44.0,71.0,133.0,204.0,364.0
01391500,12-02,26.0,30.0,43.0,72.0,119.0,215.0,298.0
01391500,12-03,27.0,30.0,45.0,75.0,114.0,170.0,290.0
01391500,12-04,25.0,30.0,44.0,70.0,111.0,188.0,258.0
01391500,12-05,26.0,32.0,44.0,69.0,115.0,166.0,292.0
01391500,12-06,27.0,32.0,50.0,75.0,127.0,199.0,313.0
01391500,12-07,25.0,29.0,45.0,79.0,119.0,245.0,349.0
01391500,12-08,26.0,28.0,47.0,74.0,120.0,208.0,260.0
01391500,12-09,24.0,27.0,51.0,76.0,111.0,272.0,443.0
01391500,12-10,25.0,28.0,49.0,83.0,120.0,220.0,265.0
01391500,12-11,23.0,29.0,50.0,81.0,123.0,225.0,264.0
01391500,12-12,24.0,29.0,49.0,80.0,120.0,208.0,332.0
01391500,12-13,24.0,33.0,48.0,77.0,110.0,177.0,254.0
01391500,12-14,27.0,38.0,55.0,77.0,127.0,213.0,329.0
01391500,12-15,33.0,37.0,51.0,77.0,124.0,235.0,335.0
01391500,12-16,32.0,35.0,49.0,79.0,118.0,229.0,307.0
01391500,12-17,30.0,36.0,54.0,77.0,121.0,219.0,315.0
01391500,12-18,28.0,37.0,53.0,76.0,123.0,193.0,243.0
01391500,12-19,29.0,33.0,50.0,73.0,111.0,181.0,241.0
01391500,12-20,29.0,34.0,49.0,67.0,115.0,187.0,238.0
01391500,12-21,28.0,32.0,52.0,71.0,117.0,228.0,669.0
01391500,12-22,26.0,32.0,47.0,79.0,115.0,219.0,402.0
01391500,12-23,25.0,33.0,50.0,80.0,119.0,204.0,287.0
01391500,12-24,28.0,34.0,55.0,83.0,111.0,198.0,307.0
01391500,12-25,31.0,36.0,55.0,79.0,119.0,188.0,273.0
01391500,12-26,28.0,35.0,54.0,77.0,120.0,182.0,252.0
01391500,12-27,25.0,38.0,51.0,74.0,114.0,194.0,330.0
01391500,12-28,24.0,34.0,54.0,76.0,124.0,189.0,304.0
01391500,12-29,25.0,35.0,53.0,85.0,132.0,206.0,314.0
01391500,12-30,24.0,36.0,56.0,82.0,135.0,224.0,285.0
01391500,12-31,23.0,28.0,51.0,74.0,137.0,218.0,263.0
