SiteCode,MonthDay,p05,p10,p25,p50,p75,p90,p95
01470500,01-01,208.0,266.0,390,630,1010,1300.0,1820.0
01470500,01-02,220.0,261.0,378,674,995,1650.0,2400.0
01470500,01-03,230.0,270.0,370,600,924,1490.0,2310.0
01470500,01-04,238.0,272.0,364,605,883,1760.0,2340.0
01470500,01-05,240.0,260.0,356,594,873,1750.0,2010.0
01470500,01-06,230.0,240.0,341,565,1020,1640.0,1680.0
01470500,01-07,228.0,240.0,339,560,1000,1390.0,1590.0
01470500,01-08,215.0,247.0,369,547,971,1290.0,2470.0
01470500,01-09,205.0,250.0,356,542,951,1900.0,2410.0
01470500,01-10,190.0,250.0,351,534,1000,1880.0,2500.0
01470500,01-11,220.0,260.0,349,532,900,1750.0,2050.0
01470500,01-12,240.0,260.0,356,580,910,1420.0,1950.0
01470500,01-13,230.0,270.0,361,540,900,1300.0,1850.0
01470500,01-14,220.0,270.0,388,532,867,1240.0,1890.0
01470500,01-15,220.0,270.0,360,624,838,1480.0,1610.0
01470500,01-16,210.0,260.0,348,601,898,1350.0,1620.0
01470500,01-17,202.0,230.0,350,558,815,1210.0,1440.0
01470500,01-18,200.0,250.0,340,531,808,1390.0,1660.0
01470500,01-19,190.0,245.0,340,512,723,1420.0,1680.0
01470500,01-20,212.0,287.0,320,550,900,1500.0,2140.0
01470500,01-21,225.0,279.0,350,550,869,1400.0,2100.0
01470500,01-22,200.0,269.0,360,580,951,1400.0,3100.0
01470500,01-23,196.0,256.0,360,568,945,1800.0,2090.0
01470500,01-24,205.0,276.0,380,552,927,2150.0,3830.0
01470500,01-25,210.0,277.0,360,565,1190,2370.0,4970.0
01470500,01-26,220.0,260.0,370,535,1560,2800.0,3100.0
01470500,01-27,236.0,250.0,375,541,1410,2260.0,3360.0
01470500,01-28,230.0,249.0,351,540,1440,2090.0,3100.0
01470500,01-29,210.0,240.0,326,508,1420,2160.0,2730.0
01470500,01-30,210.0,230.0,360,525,1140,1810.0,2230.0
01470500,01-31,210.0,227.0,340,507,1020,1740.0,1880.0
01470500,02-01,201.0,230.0,369,500,970,1480.0,1910.0
01470500,02-02,220.0,240.0,355,564,1020,1870.0,2510.0
01470500,02-03,205.0,260.0,367,640,1250,1790.0,2700.0
01470500,02-04,210.0,260.0,383,625,1200,2020.0,3510.0
01470500,02-05,210.0,260.0,367,629,1070,2160.0,2530.0
01470500,02-06,209.0,280.0,380,582,1010,1650.0,2080.0
01470500,02-07,219.0,280.0,371,674,1090,1540.0,1750.0
01470500,02-08,219.0,272.0,360,645,987,1340.0,1590.0
01470500,02-09,222.0,262.0,358,663,918,1210.0,1400.0
01470500,02-10,217.0,261.0,340,625,890,1190.0,1390.0
01470500,02-11,210.0,280.0,348,600,850,1210.0,1690.0
01470500,02-12,230.0,280.0,326,574,854,1220.0,2250.0
01470500,02-13,250.0,270.0,330,549,918,1700.0,2040.0
01470500,02-14,250.0,289.0,360,600,865,1520.0,2350.0
01470500,02-15,250.0,280.0,350,579,866,1780.0,2570.0
01470500,02-16,270.0,300.0,384,567,880,1460.0,1960.0
01470500,02-17,258.0,280.0,420,615,927,1300.0,2450.0
01470500,02-18,245.0,280.0,420,624,930,1470.0,1870.0
01470500,02-19,233.0,290.0,390,608,961,1520.0,1840.0
01470500,02-20,244.0,300.0,390,585,1060,1660.0,2190.0
01470500,02-21,251.0,300.0,410,589,1090,1800.0,2270.0
01470500,02-22,260.0,310.0,400,575,1140,2200.0,2400.0
01470500,02-23,271.0,325.0,418,647,1140,1930.0,2390.0
01470500,02-24,291.0,320.0,450,667,1420,2100.0,3040.0
01470500,02-25,280.0,309.0,453,709,1350,3060.0,3660.0
01470500,02-26,273.0,299.0,463,772,1240,2280.0,3420.0
01470500,02-27,260.0,280.0,441,724,1140,2110.0,2860.0
01470500,02-28,243.0,272.0,438,712,1050,2110.0,3170.0
01470500,02-29,238.0,302.0,406,774,1560,1820.0,2680.0
01470500,03-01,250.0,314.0,439,717,1370,1950.0,2410.0
01470500,03-02,252.0,320.0,435,740,1330,2230.0,2750.0
01470500,03-03,280.0,323.0,484,723,1100,2030.0,2970.0
01470500,03-04,290.0,352.0,500,738,1230,1920.0,2510.0
01470500,03-05,340.0,381.0,556,752,1300,2050.0,2650.0
01470500,03-06,310.0,381.0,550,830,1450,2010.0,3420.0
01470500,03-07,307.0,369.0,560,773,1360,1900.0,3050.0
01470500,03-08,318.0,359.0,558,812,1200,1920.0,2200.0
01470500,03-09,327.0,421.0,564,875,1210,1780.0,2340.0
01470500,03-10,311.0,423.0,564,800,1190,1910.0,3310.0
01470500,03-11,329.0,416.0,608,884,1220,2280.0,2830.0
01470500,03-12,344.0,440.0,595,878,1470,2190.0,2740.0
01470500,03-13,408.0,452.0,578,870,1420,2110.0,2820.0
01470500,03-14,399.0,427.0,584,870,1500,1990.0,2680.0
01470500,03-15,384.0,395.0,577,880,1430,2330.0,3360.0
01470500,03-16,373.0,388.0,569,898,1390,2250.0,2630.0
01470500,03-17,385.0,408.0,629,982,1420,2100.0,2200.0
01470500,03-18,375.0,438.0,602,972,1450,1940.0,2560.0
01470500,03-19,365.0,456.0,604,970,1430,1730.0,2210.0
01470500,03-20,358.0,429.0,583,982,1390,1990.0,2670.0
01470500,03-21,351.0,420.0,626,1020,1530,1940.0,2410.0
01470500,03-22,338.0,398.0,676,1080,1660,2700.0,4550.0
01470500,03-23,335.0,401.0,633,1090,1680,3300.0,3970.0
01470500,03-24,319.0,408.0,656,1100,1650,2700.0,3260.0
01470500,03-25,347.0,430.0,700,1080,1550,2330.0,2940.0
01470500,03-26,329.0,382.0,730,1080,1440,2270.0,3210.0
01470500,03-27,327.0,367.0,683,1030,1370,2110.0,3950.0
01470500,03-28,312.0,420.0,684,970,1390,2740.0,3920.0
01470500,03-29,309.0,410.0,650,929,1430,2270.0,4340.0
01470500,03-30,294.0,397.0,644,890,1460,2030.0,3160.0
01470500,03-31,342.0,408.0,652,830,1350,2380.0,3080.0
01470500,04-01,332.0,481.0,691,933,1450,2280.0,3120.0
01470500,04-02,345.0,495.0,698,962,1610,2270.0,2960.0
01470500,04-03,316.0,462.0,678,918,1680,2340.0,5230.0
01470500,04-04,336.0,477.0,638,963,1540,2780.0,4980.0
01470500,04-05,348.0,441.0,618,931,1430,3210.0,3820.0
01470500,04-06,323.0,448.0,584,969,1430,2860.0,3150.0
01470500,04-07,337.0,473.0,619,1000,1370,2440.0,4250.0
01470500,04-08,353.0,446.0,572,952,1420,2280.0,3460.0
01470500,04-09,348.0,450.0,548,860,1530,2210.0,2570.0
01470500,04-10,361.0,442.0,526,816,1440,2070.0,2880.0
01470500,04-11,341.0,434.0,505,807,1310,1830.0,2410.0
01470500,04-12,344.0,430.0,499,794,1290,1870.0,2160.0
01470500,04-13,349.0,428.0,544,877,1350,2010.0,2530.0
01470500,04-14,346.0,410.0,583,816,1360,2160.0,2690.0
01470500,04-15,342.0,396.0,553,924,1420,2340.0,2930.0
01470500,04-16,358.0,402.0,563,938,1420,2730.0,3910.0
01470500,04-17,356.0,387.0,547,903,1420,2800.0,3750.0
01470500,04-18,321.0,374.0,530,848,1320,2410.0,3070.0
01470500,04-19,299.0,373.0,509,818,1260,2080.0,2370.0
01470500,04-20,277.0,357.0,501,799,1200,1840.0,2290.0
01470500,04-21,285.0,342.0,511,792,1150,1620.0,2050.0
01470500,04-22,321.0,341.0,493,782,1100,1500.0,2050.0
01470500,04-23,313.0,336.0,501,762,1070,1720.0,2030.0
01470500,04-24,302.0,348.0,541,733,990,1480.0,1780.0
01470500,04-25,310.0,360.0,556,690,1030,1480.0,1690.0
01470500,04-26,306.0,376.0,570,714,1030,1340.0,1620.0
01470500,04-27,298.0,359.0,524,697,1040,1390.0,1750.0
01470500,04-28,290.0,364.0,521,709,1030,1390.0,2120.0
01470500,04-29,283.0,361.0,484,699,955,1680.0,2090.0
01470500,04-30,298.0,390.0,497,672,1020,1730.0,2410.0
01470500,05-01,298.0,401.0,478,673,970,1950.0,3340.0
01470500,05-02,369.0,400.0,515,648,944,1760.0,2260.0
01470500,05-03,378.0,402.0,516,699,1050,1680.0,2080.0
01470500,05-04,360.0,400.0,503,707,1120,1570.0,2000.0
01470500,05-05,364.0,427.0,511,691,1110,1540.0,1840.0
01470500,05-06,352.0,414.0,487,702,1170,1650.0,2420.0
01470500,05-07,339.0,407.0,469,720,1110,1900.0,2640.0
01470500,05-08,370.0,387.0,459,698,1090,1920.0,2780.0
01470500,05-09,387.0,400.0,469,695,1090,1820.0,2590.0
01470500,05-10,362.0,376.0,512,682,1010,1790.0,2410.0
01470500,05-11,334.0,380.0,506,695,1020,1780.0,2760.0
01470500,05-12,352.0,361.0,494,707,979,1990.0,2360.0
01470500,05-13,338.0,351.0,466,686,1180,1890.0,2680.0
01470500,05-14,329.0,338.0,442,675,1240,1740.0,3070.0
01470500,05-15,316.0,347.0,422,698,1110,1810.0,2630.0
01470500,05-16,312.0,334.0,420,681,1160,2240.0,3030.0
01470500,05-17,302.0,320.0,423,683,1020,2150.0,3400.0
01470500,05-18,291.0,327.0,406,647,1110,1850.0,2580.0
01470500,05-19,286.0,314.0,411,671,1040,1740.0,3350.0
01470500,05-20,291.0,323.0,422,690,958,1670.0,2720.0
01470500,05-21,266.0,322.0,418,647,992,1450.0,2150.0
01470500,05-22,278.0,304.0,389,611,865,1560.0,1740.0
01470500,05-23,258.0,313.0,380,606,909,1490.0,2310.0
01470500,05-24,307.0,315.0,395,611,890,1760.0,2350.0
01470500,05-25,268.0,313.0,387,568,849,1830.0,2150.0
01470500,05-26,246.0,304.0,363,551,811,1410.0,2070.0
01470500,05-27,249.0,286.0,353,546,762,1480.0,2440.0
01470500,05-28,246.0,280.0,350,503,699,1290.0,1950.0
01470500,05-29,255.0,269.0,355,485,925,1620.0,1740.0
01470500,05-30,239.0,261.0,350,510,940,1480.0,2010.0
01470500,05-31,225.0,258.0,342,472,923,1390.0,3030.0
01470500,06-01,223.0,264.0,345,487,803,1720.0,2860.0
01470500,06-02,219.0,257.0,340,482,802,1840.0,2330.0
01470500,06-03,228.0,247.0,327,473,794,1610.0,2020.0
01470500,06-04,213.0,244.0,330,451,801,1420.0,1970.0
01470500,06-05,203.0,253.0,313,444,795,1340.0,1710.0
01470500,06-06,219.0,264.0,308,432,822,1270.0,1850.0
01470500,06-07,190.0,232.0,317,472,797,1230.0,1690.0
01470500,06-08,197.0,229.0,281,439,746,1060.0,1660.0
01470500,06-09,192.0,242.0,310,408,695,999.0,1370.0
01470500,06-10,179.0,227.0,307,468,701,1010.0,1350.0
01470500,06-11,178.0,226.0,289,423,701,1000.0,1310.0
01470500,06-12,199.0,240.0,285,455,719,1060.0,1310.0
01470500,06-13,196.0,236.0,283,503,760,1440.0,1650.0
01470500,06-14,194.0,226.0,287,445,690,1010.0,1770.0
01470500,06-15,207.0,227.0,293,470,636,986.0,1400.0
01470500,06-16,198.0,228.0,284,439,601,922.0,1270.0
01470500,06-17,194.0,212.0,279,431,566,793.0,1210.0
01470500,06-18,190.0,212.0,275,403,567,949.0,1270.0
01470500,06-19,182.0,210.0,264,424,597,896.0,1070.0
01470500,06-20,172.0,208.0,260,369,566,829.0,1120.0
01470500,06-21,170.0,203.0,245,355,484,839.0,1360.0
01470500,06-22,177.0,193.0,244,366,502,1020.0,1640.0
01470500,06-23,181.0,202.0,237,385,544,825.0,1430.0
01470500,06-24,175.0,207.0,248,370,516,947.0,2050.0
01470500,06-25,170.0,196.0,240,362,497,852.0,1780.0
01470500,06-26,168.0,193.0,235,335,489,953.0,1810.0
01470500,06-27,163.0,188.0,235,335,475,873.0,1460.0
01470500,06-28,166.0,184.0,232,342,552,1240.0,2240.0
01470500,06-29,167.0,189.0,234,325,552,1280.0,2790.0
01470500,06-30,158.0,172.0,228,325,534,1260.0,2070.0
01470500,07-01,146.0,167.0,220,282,607,1240.0,2280.0
01470500,07-02,142.0,161.0,231,310,523,946.0,2430.0
01470500,07-03,135.0,163.0,220,309,532,951.0,1780.0
01470500,07-04,143.0,165.0,198,305,575,1030.0,1540.0
01470500,07-05,159.0,173.0,203,293,535,1270.0,1430.0
01470500,07-06,151.0,165.0,207,293,473,966.0,1340.0
01470500,07-07,148.0,167.0,206,290,509,870.0,1160.0
01470500,07-08,142.0,153.0,198,273,548,786.0,1100.0
01470500,07-09,128.0,145.0,194,283,549,778.0,1240.0
01470500,07-10,132.0,147.0,198,269,476,871.0,1100.0
01470500,07-11,147.0,153.0,188,265,459,913.0,1450.0
01470500,07-12,135.0,144.0,190,268,486,957.0,1230.0
01470500,07-13,118.0,144.0,198,280,495,871.0,994.0
01470500,07-14,110.0,155.0,193,279,548,866.0,1570.0
01470500,07-15,117.0,149.0,198,306,505,782.0,1540.0
01470500,07-16,105.0,151.0,181,296,509,748.0,1270.0
01470500,07-17,99.0,141.0,175,280,429,742.0,1020.0
01470500,07-18,106.0,138.0,176,279,407,705.0,936.0
01470500,07-19,125.0,138.0,177,258,372,619.0,976.0
01470500,07-20,117.0,140.0,189,258,378,641.0,798.0
01470500,07-21,117.0,140.0,172,239,384,648.0,771.0
01470500,07-22,114.0,133.0,168,247,427,704.0,934.0
01470500,07-23,106.0,137.0,184,252,456,766.0,1070.0
01470500,07-24,96.0,137.0,192,276,495,786.0,1800.0
01470500,07-25,106.0,140.0,179,260,428,778.0,1570.0
01470500,07-26,105.0,137.0,185,260,446,651.0,1070.0
01470500,07-27,99.0,138.0,191,259,423,797.0,1200.0
01470500,07-28,90.0,138.0,189,247,402,783.0,1290.0
01470500,07-29,92.0,133.0,174,255,428,665.0,1190.0
01470500,07-30,93.0,133.0,184,272,423,774.0,921.0
01470500,07-31,105.0,125.0,183,257,393,644.0,1220.0
01470500,08-01,106.0,121.0,178,276,386,681.0,1400.0
01470500,08-02,98.0,115.0,168,259,421,817.0,1970.0
01470500,08-03,110.0,122.0,173,264,467,690.0,1890.0
01470500,08-04,109.0,120.0,172,263,432,811.0,2560.0
01470500,08-05,104.0,118.0,158,249,432,1090.0,1830.0
01470500,08-06,102.0,113.0,166,237,424,796.0,1210.0
01470500,08-07,110.0,122.0,161,241,410,926.0,1500.0
01470500,08-08,107.0,117.0,158,220,413,764.0,1390.0
01470500,08-09,106.0,134.0,170,227,475,845.0,1290.0
01470500,08-10,103.0,132.0,174,258,506,931.0,1230.0
01470500,08-11,104.0,125.0,175,252,498,880.0,1290.0
01470500,08-12,108.0,138.0,178,260,461,778.0,1110.0
01470500,08-13,111.0,132.0,174,247,458,927.0,1430.0
01470500,08-14,114.0,127.0,168,246,463,827.0,1890.0
01470500,08-15,117.0,130.0,163,264,376,610.0,1370.0
01470500,08-16,116.0,127.0,150,231,369,688.0,1050.0
01470500,08-17,107.0,127.0,163,236,354,604.0,1040.0
01470500,08-18,99.0,120.0,154,245,378,799.0,1200.0
01470500,08-19,103.0,117.0,140,233,370,741.0,1140.0
01470500,08-20,99.0,122.0,144,242,326,634.0,955.0
01470500,08-21,112.0,118.0,142,251,357,659.0,1370.0
01470500,08-22,103.0,117.0,148,246,351,572.0,2100.0
01470500,08-23,106.0,114.0,158,245,342,575.0,1610.0
01470500,08-24,106.0,117.0,143,232,327,526.0,1250.0
01470500,08-25,107.0,110.0,146,228,315,521.0,1040.0
01470500,08-26,103.0,109.0,145,225,304,559.0,1000.0
01470500,08-27,95.0,110.0,143,216,295,450.0,843.0
01470500,08-28,96.0,110.0,147,213,350,754.0,892.0
01470500,08-29,95.0,114.0,158,220,337,602.0,814.0
01470500,08-30,110.0,115.0,150,215,338,601.0,743.0
01470500,08-31,101.0,110.0,148,217,327,516.0,762.0
01470500,09-01,107.0,112.0,150,203,302,607.0,1020.0
01470500,09-02,88.0,112.0,145,202,309,658.0,874.0
01470500,09-03,100.0,110.0,136,201,352,750.0,1320.0
01470500,09-04,99.0,116.0,146,206,295,754.0,1130.0
01470500,09-05,103.0,118.0,144,194,291,618.0,1090.0
01470500,09-06,100.0,112.0,147,213,413,836.0,1260.0
01470500,09-07,90.0,103.0,140,221,412,1120.0,1340.0
01470500,09-08,99.0,116.0,140,212,370,780.0,1040.0
01470500,09-09,89.0,117.0,158,220,313,639.0,1170.0
01470500,09-10,103.0,117.0,171,227,321,593.0,1470.0
01470500,09-11,107.0,115.0,155,221,377,743.0,1140.0
01470500,09-12,78.0,113.0,143,216,335,727.0,1380.0
01470500,09-13,91.0,108.0,152,225,380,798.0,2250.0
01470500,09-14,96.0,109.0,149,210,361,739.0,1800.0
01470500,09-15,101.0,118.0,147,201,401,798.0,1610.0
01470500,09-16,106.0,118.0,149,216,388,970.0,1370.0
01470500,09-17,112.0,120.0,150,217,345,765.0,1250.0
01470500,09-18,103.0,121.0,149,215,395,833.0,2000.0
01470500,09-19,108.0,117.0,150,228,401,948.0,1650.0
01470500,09-20,112.0,125.0,162,215,382,860.0,1400.0
01470500,09-21,110.0,121.0,152,214,368,789.0,1240.0
01470500,09-22,108.0,121.0,153,215,376,674.0,1330.0
01470500,09-23,103.0,115.0,158,211,389,1030.0,1630.0
01470500,09-24,95.0,123.0,152,200,331,1060.0,1520.0
01470500,09-25,91.0,116.0,147,202,315,1070.0,2130.0
01470500,09-26,103.0,124.0,150,194,418,956.0,1770.0
01470500,09-27,103.0,124.0,157,208,461,870.0,1550.0
01470500,09-28,96.0,124.0,145,252,555,976.0,2100.0
01470500,09-29,110.0,124.0,158,236,489,830.0,2250.0
01470500,09-30,106.0,123.0,166,264,468,758.0,1880.0
01470500,10-01,110.0,127.0,158,260,406,931.0,1750.0
01470500,10-02,103.0,125.0,170,237,423,861.0,1430.0
01470500,10-03,103.0,127.0,162,234,382,906.0,1250.0
01470500,10-04,110.0,124.0,161,240,350,814.0,1200.0
01470500,10-05,95.0,124.0,151,241,402,947.0,1640.0
01470500,10-06,99.0,128.0,148,222,425,906.0,1090.0
01470500,10-07,111.0,128.0,161,219,388,796.0,915.0
01470500,10-08,104.0,123.0,162,247,407,726.0,1260.0
01470500,10-09,112.0,123.0,161,255,383,852.0,1310.0
01470500,10-10,119.0,128.0,158,242,447,970.0,1440.0
01470500,10-11,114.0,129.0,155,249,443,879.0,1040.0
01470500,10-12,114.0,127.0,155,255,454,799.0,1150.0
01470500,10-13,108.0,123.0,159,248,402,704.0,1060.0
01470500,10-14,104.0,124.0,158,261,417,767.0,1490.0
01470500,10-15,115.0,126.0,161,263,466,961.0,1640.0
01470500,10-16,118.0,125.0,164,250,437,1060.0,1390.0
01470500,10-17,118.0,125.0,155,256,434,802.0,1210.0
01470500,10-18,123.0,128.0,158,253,425,835.0,1360.0
01470500,10-19,122.0,131.0,173,257,464,1010.0,2410.0
01470500,10-20,117.0,135.0,167,249,460,1330.0,1920.0
01470500,10-21,119.0,128.0,154,236,410,1410.0,2320.0
01470500,10-22,118.0,128.0,162,247,463,1260.0,1970.0
01470500,10-23,116.0,132.0,161,258,528,1150.0,1740.0
01470500,10-24,122.0,129.0,172,265,499,1060.0,1760.0
01470500,10-25,123.0,132.0,180,264,467,1130.0,1750.0
01470500,10-26,119.0,129.0,183,265,570,1070.0,1360.0
01470500,10-27,115.0,130.0,185,254,566,994.0,1440.0
01470500,10-28,122.0,147.0,194,265,638,1090.0,1640.0
01470500,10-29,127.0,140.0,206,319,613,1070.0,2160.0
01470500,10-30,112.0,137.0,198,320,606,1450.0,1970.0
01470500,10-31,106.0,128.0,188,310,657,1140.0,2020.0
01470500,11-01,97.0,132.0,188,329,656,1140.0,2090.0
01470500,11-02,98.0,124.0,188,336,648,1530.0,1840.0
01470500,11-03,91.0,129.0,194,315,640,1650.0,2370.0
01470500,11-04,97.0,136.0,207,322,729,1380.0,1850.0
01470500,11-05,112.0,138.0,206,320,893,1220.0,1440.0
01470500,11-06,102.0,140.0,220,353,757,1030.0,1220.0
01470500,11-07,119.0,143.0,219,373,664,1010.0,1200.0
01470500,11-08,120.0,146.0,214,382,644,980.0,2570.0
01470500,11-09,120.0,167.0,200,385,593,890.0,2990.0
01470500,11-10,123.0,165.0,208,383,617,1860.0,2390.0
01470500,11-11,138.0,160.0,208,376,584,1270.0,2600.0
01470500,11-12,133.0,149.0,216,394,667,1850.0,2540.0
01470500,11-13,104.0,145.0,217,381,767,1790.0,2310.0
01470500,11-14,106.0,154.0,238,383,667,1690.0,2020.0
01470500,11-15,108.0,154.0,255,401,641,1410.0,2100.0
01470500,11-16,104.0,152.0,251,397,785,1640.0,2900.0
01470500,11-17,94.0,152.0,256,415,934,1600.0,2600.0
01470500,11-18,104.0,148.0,263,401,835,1440.0,2050.0
01470500,11-19,104.0,161.0,238,406,779,1430.0,1690.0
01470500,11-20,121.0,142.0,261,459,886,1360.0,1700.0
01470500,11-21,129.0,143.0,265,524,819,1610.0,2290.0
01470500,11-22,118.0,144.0,265,539,900,1470.0,1690.0
01470500,11-23,123.0,144.0,265,507,896,1280.0,1970.0
01470500,11-24,136.0,156.0,321,493,790,1080.0,1790.0
01470500,11-25,133.0,175.0,331,524,841,1330.0,2510.0
01470500,11-26,158.0,196.0,329,531,850,1420.0,2100.0
01470500,11-27,168.0,240.0,322,483,1020,1590.0,2170.0
01470500,11-28,185.0,225.0,325,472,983,1700.0,3260.0
01470500,11-29,213.0,222.0,350,580,1080,2270.0,3490.0
01470500,11-30,192.0,233.0,379,550,1010,2120.0,2700.0
01470500,12-01,179.0,242.0,381,612,1100,1900.0,3940.0
01470500,12-02,171.0,245.0,382,560,980,1660.0,3070.0
01470500,12-03,174.0,230.0,371,540,960,1720.0,2250.0
01470500,12-04,174.0,231.0,356,549,994,1770.0,2180.0
01470500,12-05,168.0,231.0,344,545,1040,1860.0,4630.0
01470500,12-06,168.0,239.0,336,619,1190,1750.0,3840.0
01470500,12-07,157.0,232.0,357,615,1150,2530.0,3030.0
01470500,12-08,157.0,220.0,345,584,1070,2500.0,2970.0
01470500,12-09,161.0,216.0,375,553,1110,1970.0,2970.0
01470500,12-10,167.0,223.0,342,564,998,2140.0,2550.0
01470500,12-11,180.0,220.0,400,581,1160,2390.0,3180.0
01470500,12-12,180.0,238.0,380,589,1430,2290.0,2970.0
01470500,12-13,202.0,231.0,381,546,1300,2200.0,3460.0
01470500,12-14,198.0,246.0,350,590,1210,2100.0,3170.0
01470500,12-15,221.0,250.0,358,562,1120,2000.0,3120.0
01470500,12-16,230.0,247.0,353,620,1290,1890.0,2440.0
01470500,12-17,230.0,247.0,360,642,1200,1820.0,2660.0
01470500,12-18,216.0,247.0,362,622,1120,1860.0,2190.0
01470500,12-19,205.0,253.0,379,625,1100,1580.0,2140.0
01470500,12-20,189.0,243.0,368,621,990,1450.0,1920.0
01470500,12-21,184.0,250.0,368,644,982,1950.0,4230.0
01470500,12-22,180.0,227.0,352,621,1040,2160.0,4060.0
01470500,12-23,168.0,233.0,370,611,1010,1880.0,2810.0
01470500,12-24,188.0,230.0,390,608,1200,2270.0,2910.0
01470500,12-25,193.0,250.0,382,640,1340,2090.0,3110.0
01470500,12-26,220.0,240.0,360,624,1240,2160.0,2420.0
01470500,12-27,192.0,230.0,350,593,1220,1960.0,2140.0
01470500,12-28,195.0,220.0,340,610,1160,1700.0,2380.0
01470500,12-29,204.0,260.0,370,625,1090,1440.0,1830.0
01470500,12-30,200.0,258.0,360,648,1070,1500.0,1770.0
01470500,12-31,207.0,246.0,370,620,993,1470.0,1960.0
01470960,01-01,79.0,103.0,133,278,386,506.0,782.0
01470960,01-02,77.0,103.0,142,281,375,598.0,972.0
01470960,01-03,67.0,103.0,163,285,376,773.0,1190.0
01470960,01-04,67.0,104.0,174,281,406,735.0,945.0
01470960,01-05,70.0,102.0,142,289,385,649.0,988.0
01470960,01-06,70.0,96.0,140,255,401,547.0,727.0
01470960,01-07,69.0,97.0,142,222,398,515.0,640.0
01470960,01-08,67.0,100.0,139,255,354,511.0,645.0
01470960,01-09,72.0,82.0,132,251,369,514.0,834.0
01470960,01-10,73.0,89.0,152,248,388,640.0,957.0
01470960,01-11,70.0,79.0,167,252,381,920.0,1070.0
01470960,01-12,71.0,110.0,175,253,419,592.0,876.0
01470960,01-13,71.0,110.0,168,254,368,565.0,1030.0
01470960,01-14,78.0,97.0,137,253,341,536.0,1130.0
01470960,01-15,78.0,97.0,132,245,345,508.0,954.0
01470960,01-16,94.0,98.0,153,217,338,472.0,820.0
01470960,01-17,86.0,98.0,158,239,355,550.0,839.0
01470960,01-18,81.0,97.0,164,263,352,545.0,830.0
01470960,01-19,75.0,100.0,166,253,333,525.0,966.0
01470960,01-20,56.0,80.0,164,249,371,715.0,899.0
01470960,01-21,64.0,97.0,172,240,426,823.0,1560.0
01470960,01-22,64.0,96.0,171,249,337,773.0,2110.0
01470960,01-23,65.0,99.0,165,249,344,798.0,1490.0
01470960,01-24,64.0,80.0,183,245,362,886.0,1380.0
01470960,01-25,56.0,86.0,176,261,427,813.0,1280.0
01470960,01-26,69.0,98.0,183,262,500,997.0,1370.0
01470960,01-27,71.0,120.0,161,253,523,826.0,1110.0
01470960,01-28,73.0,101.0,150,233,484,672.0,947.0
01470960,01-29,81.0,105.0,148,226,421,622.0,2070.0
01470960,01-30,81.0,102.0,158,211,397,728.0,2060.0
01470960,01-31,81.0,118.0,155,230,365,1040.0,1930.0
01470960,02-01,81.0,118.0,159,234,366,768.0,1400.0
01470960,02-02,81.0,125.0,158,230,351,640.0,916.0
01470960,02-03,78.0,113.0,154,249,427,683.0,927.0
01470960,02-04,84.0,102.0,185,267,450,989.0,1130.0
01470960,02-05,83.0,97.0,171,304,496,906.0,1250.0
01470960,02-06,81.0,103.0,152,286,459,779.0,1040.0
01470960,02-07,72.0,101.0,152,272,381,583.0,1080.0
01470960,02-08,68.0,96.0,167,280,390,531.0,949.0
01470960,02-09,68.0,96.0,177,277,405,577.0,828.0
01470960,02-10,69.0,97.0,166,254,382,523.0,564.0
01470960,02-11,75.0,85.0,150,239,333,462.0,528.0
01470960,02-12,75.0,89.0,149,218,332,555.0,790.0
01470960,02-13,85.0,96.0,147,238,418,554.0,731.0
01470960,02-14,81.0,116.0,168,226,365,521.0,951.0
01470960,02-15,81.0,115.0,170,228,365,516.0,747.0
01470960,02-16,81.0,122.0,181,247,364,512.0,856.0
01470960,02-17,93.0,122.0,187,261,363,598.0,969.0
01470960,02-18,99.0,118.0,181,282,407,628.0,952.0
01470960,02-19,117.0,134.0,176,270,430,653.0,1000.0
01470960,02-20,110.0,147.0,188,284,421,675.0,1080.0
01470960,02-21,114.0,150.0,198,274,424,697.0,973.0
01470960,02-22,113.0,149.0,211,278,387,714.0,896.0
01470960,02-23,129.0,150.0,210,291,479,780.0,1100.0
01470960,02-24,116.0,138.0,221,300,617,816.0,1070.0
01470960,02-25,107.0,142.0,214,308,488,782.0,1050.0
01470960,02-26,107.0,138.0,214,311,478,738.0,1090.0
01470960,02-27,109.0,137.0,194,308,441,766.0,1130.0
01470960,02-28,109.0,141.0,196,298,420,830.0,1520.0
01470960,02-29,,150.0,230,395,633,1690.0,
01470960,03-01,110.0,138.0,222,307,435,714.0,1470.0
01470960,03-02,110.0,138.0,221,294,432,804.0,1430.0
01470960,03-03,116.0,126.0,194,303,407,901.0,1340.0
01470960,03-04,108.0,119.0,231,305,438,869.0,1390.0
01470960,03-05,109.0,119.0,225,297,412,780.0,1210.0
01470960,03-06,109.0,129.0,233,316,452,730.0,1470.0
01470960,03-07,108.0,136.0,233,316,521,938.0,1670.0
01470960,03-08,109.0,128.0,241,334,484,914.0,1460.0
01470960,03-09,112.0,140.0,211,305,492,945.0,1270.0
01470960,03-10,117.0,151.0,217,300,488,857.0,1230.0
01470960,03-11,122.0,148.0,221,306,534,838.0,1310.0
01470960,03-12,122.0,150.0,226,326,568,940.0,1360.0
01470960,03-13,83.0,120.0,227,301,565,839.0,1630.0
01470960,03-14,80.0,121.0,237,331,494,811.0,1770.0
01470960,03-15,111.0,149.0,248,323,488,985.0,1880.0
01470960,03-16,111.0,122.0,238,317,480,1140.0,1860.0
01470960,03-17,101.0,123.0,235,305,529,1080.0,1740.0
01470960,03-18,87.0,114.0,225,309,557,950.0,1120.0
01470960,03-19,84.0,115.0,231,347,501,748.0,855.0
01470960,03-20,87.0,110.0,233,377,570,749.0,821.0
01470960,03-21,97.0,111.0,234,378,572,724.0,1060.0
01470960,03-22,91.0,117.0,198,360,581,867.0,1200.0
01470960,03-23,91.0,113.0,205,350,518,993.0,1680.0
01470960,03-24,80.0,113.0,226,351,505,938.0,1490.0
01470960,03-25,63.0,109.0,205,320,492,700.0,1360.0
01470960,03-26,63.0,101.0,205,322,415,714.0,1360.0
01470960,03-27,72.0,109.0,180,316,422,732.0,1230.0
01470960,03-28,75.0,111.0,184,312,401,799.0,1510.0
01470960,03-29,75.0,111.0,167,268,408,912.0,1600.0
01470960,03-30,76.0,111.0,167,277,371,952.0,1650.0
01470960,03-31,77.0,112.0,165,254,443,677.0,1460.0
01470960,04-01,77.0,112.0,140,241,384,853.0,1080.0
01470960,04-02,70.0,99.0,129,215,359,876.0,1010.0
01470960,04-03,45.0,59.0,110,192,350,678.0,937.0
01470960,04-04,49.0,59.0,105,223,367,678.0,1300.0
01470960,04-05,49.0,59.0,107,207,436,971.0,1590.0
01470960,04-06,49.0,57.0,108,200,380,798.0,1730.0
01470960,04-07,45.0,55.0,105,199,364,726.0,1730.0
01470960,04-08,45.0,56.0,108,192,355,630.0,1150.0
01470960,04-09,46.0,54.0,108,180,329,625.0,902.0
01470960,04-10,46.0,51.0,107,192,334,626.0,737.0
01470960,04-11,46.0,50.0,108,208,359,564.0,623.0
01470960,04-12,45.0,50.0,105,256,387,551.0,1030.0
01470960,04-13,46.0,51.0,105,266,404,558.0,1010.0
01470960,04-14,46.0,51.0,105,275,479,779.0,1130.0
01470960,04-15,46.0,51.0,108,272,496,773.0,956.0
01470960,04-16,45.0,51.0,111,274,443,748.0,917.0
01470960,04-17,44.0,52.0,137,328,497,848.0,1520.0
01470960,04-18,45.0,51.0,138,316,473,1200.0,1610.0
01470960,04-19,45.0,53.0,137,285,417,1140.0,1450.0
01470960,04-20,53.0,75.0,144,255,412,718.0,1240.0
01470960,04-21,53.0,75.0,176,259,410,675.0,841.0
01470960,04-22,53.0,76.0,181,269,368,518.0,645.0
01470960,04-23,51.0,76.0,178,247,358,435.0,583.0
01470960,04-24,49.0,90.0,178,234,298,427.0,529.0
01470960,04-25,60.0,112.0,163,223,309,540.0,782.0
01470960,04-26,60.0,81.0,168,217,310,728.0,854.0
01470960,04-27,60.0,81.0,167,237,363,573.0,811.0
01470960,04-28,60.0,102.0,172,245,355,562.0,638.0
01470960,04-29,60.0,115.0,187,234,355,553.0,922.0
01470960,04-30,61.0,118.0,197,241,346,591.0,821.0
01470960,05-01,86.0,135.0,188,223,339,540.0,798.0
01470960,05-02,109.0,135.0,171,233,355,543.0,703.0
01470960,05-03,105.0,140.0,167,241,373,566.0,691.0
01470960,05-04,111.0,140.0,161,234,395,560.0,1230.0
01470960,05-05,111.0,138.0,170,236,351,591.0,1030.0
01470960,05-06,118.0,130.0,170,230,343,425.0,553.0
01470960,05-07,117.0,130.0,165,225,345,501.0,632.0
01470960,05-08,115.0,132.0,160,222,331,485.0,892.0
01470960,05-09,115.0,133.0,159,226,383,604.0,882.0
01470960,05-10,117.0,139.0,160,229,385,770.0,861.0
01470960,05-11,114.0,133.0,160,222,343,596.0,1110.0
01470960,05-12,107.0,121.0,149,221,310,519.0,710.0
01470960,05-13,108.0,120.0,144,219,349,479.0,858.0
01470960,05-14,101.0,116.0,141,207,383,596.0,794.0
01470960,05-15,108.0,119.0,140,238,351,576.0,783.0
01470960,05-16,87.0,108.0,142,231,350,620.0,1020.0
01470960,05-17,79.0,113.0,135,210,367,826.0,1020.0
01470960,05-18,94.0,110.0,134,203,350,693.0,872.0
01470960,05-19,100.0,110.0,142,207,329,636.0,751.0
01470960,05-20,93.0,113.0,136,216,341,749.0,1410.0
01470960,05-21,101.0,113.0,136,203,339,759.0,1100.0
01470960,05-22,97.0,103.0,130,211,316,561.0,1100.0
01470960,05-23,95.0,103.0,129,196,311,466.0,847.0
01470960,05-24,92.0,101.0,133,202,287,449.0,952.0
01470960,05-25,87.0,101.0,128,203,266,457.0,698.0
01470960,05-26,94.0,104.0,135,182,268,405.0,472.0
01470960,05-27,87.0,103.0,138,184,297,388.0,397.0
01470960,05-28,87.0,93.0,132,183,253,391.0,465.0
01470960,05-29,83.0,91.0,110,194,285,400.0,474.0
01470960,05-30,87.0,96.0,130,210,319,650.0,1060.0
01470960,05-31,88.0,94.0,128,190,318,462.0,1230.0
01470960,06-01,87.0,93.0,121,212,319,570.0,1050.0
01470960,06-02,65.0,85.0,120,213,313,638.0,983.0
01470960,06-03,63.0,88.0,122,206,306,523.0,1100.0
01470960,06-04,66.0,86.0,118,182,279,456.0,782.0
01470960,06-05,70.0,90.0,123,188,283,480.0,883.0
01470960,06-06,87.0,102.0,142,191,312,515.0,687.0
01470960,06-07,67.0,93.0,131,197,282,565.0,956.0
01470960,06-08,59.0,85.0,124,171,275,464.0,798.0
01470960,06-09,58.0,81.0,111,185,287,416.0,587.0
01470960,06-10,66.0,84.0,111,189,287,405.0,426.0
01470960,06-11,61.0,76.0,104,163,289,529.0,728.0
01470960,06-12,63.0,75.0,109,158,302,610.0,751.0
01470960,06-13,63.0,74.0,113,184,306,589.0,709.0
01470960,06-14,57.0,74.0,107,184,301,570.0,721.0
01470960,06-15,53.0,84.0,109,197,274,479.0,686.0
01470960,06-16,53.0,81.0,109,180,275,432.0,789.0
01470960,06-17,52.0,79.0,108,140,235,405.0,793.0
01470960,06-18,59.0,85.0,110,142,244,468.0,718.0
01470960,06-19,67.0,86.0,113,169,247,463.0,836.0
01470960,06-20,76.0,87.0,109,167,265,529.0,896.0
01470960,06-21,66.0,75.0,107,141,228,459.0,837.0
01470960,06-22,65.0,80.0,99,135,294,483.0,638.0
01470960,06-23,63.0,81.0,96,147,263,504.0,831.0
01470960,06-24,63.0,75.0,96,132,289,721.0,1160.0
01470960,06-25,49.0,64.0,88,137,274,907.0,1160.0
01470960,06-26,46.0,64.0,88,134,274,654.0,1670.0
01470960,06-27,53.0,65.0,92,142,259,550.0,1390.0
01470960,06-28,63.0,75.0,102,155,267,659.0,1030.0
01470960,06-29,58.0,74.0,104,146,237,478.0,829.0
01470960,06-30,62.0,71.0,103,129,259,424.0,517.0
01470960,07-01,68.0,76.0,102,126,303,541.0,1190.0
01470960,07-02,64.0,81.0,102,138,261,481.0,1450.0
01470960,07-03,73.0,87.0,102,131,224,396.0,777.0
01470960,07-04,73.0,82.0,98,131,227,375.0,448.0
01470960,07-05,71.0,78.0,105,133,238,388.0,1010.0
01470960,07-06,58.0,78.0,106,134,225,660.0,773.0
01470960,07-07,60.0,81.0,99,130,242,456.0,593.0
01470960,07-08,57.0,83.0,100,131,268,385.0,991.0
01470960,07-09,51.0,79.0,97,135,261,501.0,861.0
01470960,07-10,53.0,67.0,99,135,245,491.0,1040.0
01470960,07-11,55.0,60.0,99,133,233,425.0,650.0
01470960,07-12,55.0,59.0,87,133,226,309.0,637.0
01470960,07-13,54.0,59.0,95,153,268,555.0,667.0
01470960,07-14,55.0,60.0,94,155,350,811.0,953.0
01470960,07-15,56.0,72.0,103,161,321,691.0,1100.0
01470960,07-16,60.0,72.0,99,164,291,545.0,617.0
01470960,07-17,62.0,70.0,99,152,199,445.0,753.0
01470960,07-18,60.0,69.0,93,139,233,675.0,878.0
01470960,07-19,53.0,67.0,93,139,197,542.0,789.0
01470960,07-20,53.0,59.0,86,139,178,473.0,704.0
01470960,07-21,50.0,57.0,84,135,173,318.0,611.0
01470960,07-22,48.0,57.0,89,134,190,316.0,496.0
01470960,07-23,47.0,54.0,91,130,178,506.0,858.0
01470960,07-24,49.0,57.0,88,133,227,568.0,1510.0
01470960,07-25,51.0,60.0,84,133,212,479.0,986.0
01470960,07-26,55.0,67.0,84,138,193,390.0,1030.0
01470960,07-27,56.0,70.0,85,140,223,547.0,716.0
01470960,07-28,61.0,77.0,83,134,284,426.0,525.0
01470960,07-29,61.0,76.0,86,129,227,353.0,407.0
01470960,07-30,60.0,77.0,83,126,207,353.0,407.0
01470960,07-31,54.0,61.0,86,129,180,345.0,408.0
01470960,08-01,54.0,57.0,83,120,165,337.0,484.0
01470960,08-02,51.0,55.0,88,115,209,350.0,726.0
01470960,08-03,51.0,61.0,85,117,183,433.0,808.0
01470960,08-04,51.0,68.0,86,116,194,389.0,631.0
01470960,08-05,49.0,66.0,77,111,180,385.0,477.0
01470960,08-06,46.0,54.0,73,115,195,377.0,1320.0
01470960,08-07,47.0,57.0,73,115,192,356.0,1090.0
01470960,08-08,48.0,61.0,72,106,181,355.0,454.0
01470960,08-09,49.0,53.0,72,98,172,324.0,371.0
01470960,08-10,45.0,49.0,72,103,183,336.0,547.0
01470960,08-11,47.0,50.0,73,98,190,383.0,613.0
01470960,08-12,47.0,50.0,79,107,189,428.0,708.0
01470960,08-13,48.0,60.0,80,107,181,353.0,690.0
01470960,08-14,53.0,59.0,86,108,175,336.0,901.0
01470960,08-15,50.0,58.0,87,106,180,307.0,1570.0
01470960,08-16,56.0,60.0,76,101,175,314.0,1010.0
01470960,08-17,55.0,57.0,66,107,177,260.0,430.0
01470960,08-18,52.0,57.0,81,106,184,288.0,477.0
01470960,08-19,51.0,57.0,65,100,211,305.0,722.0
01470960,08-20,48.0,52.0,62,103,179,335.0,547.0
01470960,08-21,47.0,52.0,63,131,174,281.0,677.0
01470960,08-22,47.0,48.0,63,115,181,563.0,1130.0
01470960,08-23,46.0,48.0,62,115,200,572.0,1090.0
01470960,08-24,34.0,47.0,62,115,184,509.0,746.0
01470960,08-25,31.0,46.0,64,103,161,385.0,675.0
01470960,08-26,37.0,48.0,60,103,161,344.0,545.0
01470960,08-27,37.0,44.0,58,102,151,294.0,549.0
01470960,08-28,39.0,46.0,56,99,154,295.0,642.0
01470960,08-29,39.0,46.0,57,100,176,348.0,662.0
01470960,08-30,39.0,47.0,57,87,172,442.0,994.0
01470960,08-31,43.0,48.0,58,87,173,415.0,1360.0
01470960,09-01,45.0,49.0,62,91,157,436.0,1140.0
01470960,09-02,46.0,49.0,60,87,151,234.0,341.0
01470960,09-03,45.0,51.0,62,105,157,330.0,793.0
01470960,09-04,48.0,52.0,62,113,205,368.0,653.0
01470960,09-05,48.0,53.0,63,120,174,294.0,1000.0
01470960,09-06,48.0,54.0,60,115,170,537.0,1100.0
01470960,09-07,48.0,53.0,60,105,166,323.0,1010.0
01470960,09-08,50.0,55.0,63,106,157,302.0,874.0
01470960,09-09,50.0,56.0,74,115,198,502.0,1290.0
01470960,09-10,47.0,53.0,81,122,209,558.0,1400.0
01470960,09-11,45.0,50.0,76,115,240,472.0,1490.0
01470960,09-12,49.0,52.0,73,115,234,513.0,1330.0
01470960,09-13,49.0,51.0,69,124,207,366.0,848.0
01470960,09-14,48.0,50.0,70,113,208,353.0,647.0
01470960,09-15,40.0,49.0,59,111,215,326.0,990.0
01470960,09-16,49.0,50.0,62,113,223,496.0,1050.0
01470960,09-17,46.0,50.0,69,122,184,382.0,740.0
01470960,09-18,47.0,51.0,69,122,213,392.0,712.0
01470960,09-19,42.0,53.0,70,115,235,488.0,909.0
01470960,09-20,36.0,50.0,81,126,272,682.0,1240.0
01470960,09-21,39.0,50.0,62,106,283,640.0,1360.0
01470960,09-22,38.0,50.0,70,107,214,801.0,1090.0
01470960,09-23,35.0,50.0,70,118,218,597.0,808.0
01470960,09-24,39.0,51.0,70,116,240,393.0,468.0
01470960,09-25,40.0,50.0,65,117,185,341.0,571.0
01470960,09-26,41.0,50.0,71,112,199,386.0,613.0
01470960,09-27,41.0,50.0,63,104,199,360.0,586.0
01470960,09-28,34.0,47.0,63,120,189,413.0,649.0
01470960,09-29,30.0,46.0,60,110,206,397.0,757.0
01470960,09-30,33.0,47.0,58,111,228,514.0,769.0
01470960,10-01,37.0,47.0,56,121,252,559.0,1050.0
01470960,10-02,37.0,48.0,61,139,294,529.0,837.0
01470960,10-03,39.0,51.0,90,147,300,529.0,883.0
01470960,10-04,47.0,56.0,98,172,312,499.0,752.0
01470960,10-05,47.0,56.0,93,182,328,451.0,579.0
01470960,10-06,40.0,51.0,95,176,325,416.0,531.0
01470960,10-07,40.0,58.0,107,154,295,415.0,515.0
01470960,10-08,40.0,56.0,98,153,288,382.0,484.0
01470960,10-09,47.0,59.0,97,167,290,409.0,489.0
01470960,10-10,46.0,61.0,100,162,318,362.0,527.0
01470960,10-11,46.0,68.0,101,174,303,405.0,505.0
01470960,10-12,46.0,71.0,107,180,309,461.0,581.0
01470960,10-13,45.0,71.0,113,178,258,378.0,661.0
01470960,10-14,46.0,71.0,129,176,291,436.0,625.0
01470960,10-15,51.0,70.0,115,197,299,530.0,595.0
01470960,10-16,48.0,66.0,127,209,323,553.0,665.0
01470960,10-17,48.0,56.0,108,167,335,536.0,714.0
01470960,10-18,48.0,54.0,92,170,343,512.0,608.0
01470960,10-19,51.0,56.0,95,179,360,624.0,745.0
01470960,10-20,50.0,56.0,86,175,372,697.0,961.0
01470960,10-21,51.0,64.0,92,162,362,552.0,992.0
01470960,10-22,51.0,67.0,94,149,348,538.0,832.0
01470960,10-23,51.0,67.0,99,152,347,536.0,854.0
01470960,10-24,47.0,71.0,99,226,352,530.0,689.0
01470960,10-25,48.0,54.0,88,218,342,493.0,638.0
01470960,10-26,48.0,54.0,90,190,329,513.0,645.0
01470960,10-27,54.0,56.0,89,183,326,514.0,691.0
01470960,10-28,53.0,62.0,93,223,350,562.0,721.0
01470960,10-29,61.0,66.0,90,229,351,682.0,836.0
01470960,10-30,62.0,66.0,82,195,353,602.0,1080.0
01470960,10-31,56.0,63.0,91,144,303,626.0,1020.0
01470960,11-01,51.0,63.0,85,145,294,778.0,1090.0
01470960,11-02,51.0,62.0,85,134,293,764.0,931.0
01470960,11-03,50.0,62.0,84,135,363,513.0,872.0
01470960,11-04,50.0,59.0,80,138,245,479.0,959.0
01470960,11-05,49.0,58.0,89,141,243,377.0,651.0
01470960,11-06,50.0,61.0,100,149,251,411.0,517.0
01470960,11-07,51.0,68.0,96,151,245,358.0,531.0
01470960,11-08,51.0,59.0,89,144,213,256.0,368.0
01470960,11-09,50.0,62.0,78,122,188,262.0,838.0
01470960,11-10,49.0,55.0,77,120,214,293.0,1080.0
01470960,11-11,50.0,55.0,82,122,215,335.0,858.0
01470960,11-12,54.0,62.0,82,118,245,430.0,610.0
01470960,11-13,53.0,64.0,82,122,287,426.0,694.0
01470960,11-14,50.0,62.0,88,151,264,367.0,806.0
01470960,11-15,56.0,64.0,89,151,250,374.0,643.0
01470960,11-16,56.0,64.0,94,152,274,467.0,614.0
01470960,11-17,56.0,62.0,95,156,268,700.0,1110.0
01470960,11-18,56.0,62.0,109,167,268,711.0,1320.0
01470960,11-19,56.0,59.0,96,165,255,835.0,933.0
01470960,11-20,59.0,62.0,90,161,265,517.0,890.0
01470960,11-21,53.0,62.0,89,165,262,586.0,697.0
01470960,11-22,53.0,62.0,94,166,313,508.0,858.0
01470960,11-23,53.0,62.0,95,189,302,589.0,788.0
01470960,11-24,52.0,60.0,103,171,276,508.0,1150.0
01470960,11-25,52.0,63.0,100,171,283,552.0,1110.0
01470960,11-26,53.0,61.0,96,152,260,703.0,966.0
01470960,11-27,52.0,63.0,101,177,288,601.0,897.0
01470960,11-28,53.0,63.0,110,183,317,573.0,981.0
01470960,11-29,52.0,62.0,121,210,372,760.0,1160.0
01470960,11-30,52.0,62.0,121,198,505,807.0,1360.0
01470960,12-01,50.0,62.0,120,208,458,657.0,1430.0
01470960,12-02,57.0,77.0,136,239,375,677.0,1150.0
01470960,12-03,59.0,69.0,153,244,449,702.0,1170.0
01470960,12-04,59.0,69.0,154,232,387,738.0,994.0
01470960,12-05,63.0,69.0,150,217,410,648.0,834.0
01470960,12-06,61.0,70.0,146,215,408,787.0,1280.0
01470960,12-07,60.0,70.0,137,230,373,716.0,1140.0
01470960,12-08,60.0,70.0,128,202,351,625.0,1250.0
01470960,12-09,61.0,70.0,115,203,346,534.0,1050.0
01470960,12-10,63.0,69.0,115,202,367,668.0,866.0
01470960,12-11,66.0,80.0,136,226,384,703.0,824.0
01470960,12-12,67.0,87.0,130,230,508,705.0,830.0
01470960,12-13,67.0,87.0,122,225,393,801.0,922.0
01470960,12-14,67.0,90.0,148,207,390,867.0,1480.0
01470960,12-15,67.0,89.0,137,225,399,1010.0,2390.0
01470960,12-16,75.0,89.0,156,245,402,886.0,2100.0
01470960,12-17,71.0,86.0,155,252,470,884.0,1370.0
01470960,12-18,67.0,78.0,139,237,488,903.0,1080.0
01470960,12-19,83.0,107.0,150,221,493,626.0,1280.0
01470960,12-20,89.0,101.0,149,215,446,610.0,1340.0
01470960,12-21,90.0,105.0,150,227,412,622.0,958.0
01470960,12-22,88.0,98.0,147,211,387,700.0,1060.0
01470960,12-23,74.0,93.0,135,220,391,636.0,746.0
01470960,12-24,63.0,98.0,137,242,409,706.0,715.0
01470960,12-25,65.0,99.0,137,245,515,708.0,863.0
01470960,12-26,70.0,97.0,135,287,559,778.0,1090.0
01470960,12-27,52.0,90.0,151,294,528,733.0,1240.0
01470960,12-28,51.0,97.0,146,259,493,811.0,1010.0
01470960,12-29,70.0,92.0,137,318,478,769.0,856.0
01470960,12-30,79.0,98.0,141,300,436,670.0,756.0
01470960,12-31,79.0,103.0,137,275,420,590.0,684.0
01471510,01-01,352.0,643.0,871,1510,2320,2890.0,3770.0
01471510,01-02,343.0,562.0,915,1600,2220,3660.0,5710.0
01471510,01-03,387.0,610.0,931,1590,2020,3390.0,5760.0
01471510,01-04,406.0,590.0,984,1680,2090,4490.0,5350.0
01471510,01-05,415.0,500.0,859,1550,1990,4100.0,4450.0
01471510,01-06,365.0,497.0,818,1500,2440,3460.0,3960.0
01471510,01-07,333.0,513.0,742,1370,2300,3210.0,3740.0
01471510,01-08,345.0,540.0,708,1390,2180,3000.0,4330.0
01471510,01-09,377.0,518.0,731,1360,2050,5190.0,7080.0
01471510,01-10,402.0,500.0,721,1290,2110,4850.0,7590.0
01471510,01-11,431.0,545.0,853,1320,1970,4400.0,5100.0
01471510,01-12,485.0,537.0,798,1430,2330,3480.0,6130.0
01471510,01-13,474.0,550.0,820,1470,2170,3540.0,5410.0
01471510,01-14,442.0,494.0,803,1420,2180,3700.0,6220.0
01471510,01-15,426.0,490.0,788,1340,2020,2690.0,5240.0
01471510,01-16,414.0,492.0,768,1380,2100,2830.0,4320.0
01471510,01-17,463.0,494.0,803,1270,2010,2890.0,4690.0
01471510,01-18,443.0,508.0,833,1420,1980,3590.0,4470.0
01471510,01-19,446.0,580.0,815,1350,1910,3690.0,6580.0
01471510,01-20,429.0,590.0,854,1430,2090,4340.0,5700.0
01471510,01-21,413.0,570.0,860,1330,2220,4290.0,7490.0
01471510,01-22,401.0,560.0,815,1260,2030,3870.0,7490.0
01471510,01-23,395.0,539.0,875,1230,2070,4480.0,5420.0
01471510,01-24,430.0,530.0,910,1200,2240,7220.0,9070.0
01471510,01-25,434.0,520.0,923,1310,2680,6170.0,9870.0
01471510,01-26,435.0,559.0,860,1290,3700,6500.0,7810.0
01471510,01-27,434.0,599.0,832,1210,3400,5160.0,9540.0
01471510,01-28,429.0,574.0,808,1200,3400,4340.0,6860.0
01471510,01-29,435.0,551.0,807,1260,2860,5300.0,6070.0
01471510,01-30,422.0,531.0,828,1200,2480,4650.0,6920.0
01471510,01-31,414.0,500.0,838,1150,2240,4650.0,6440.0
01471510,02-01,423.0,500.0,824,1400,2050,3760.0,5330.0
01471510,02-02,458.0,640.0,890,1490,2150,3090.0,4510.0
01471510,02-03,454.0,679.0,959,1660,2320,3920.0,4750.0
01471510,02-04,442.0,660.0,890,1650,2520,5190.0,7700.0
01471510,02-05,442.0,640.0,853,1600,2920,4800.0,6120.0
01471510,02-06,451.0,584.0,856,1500,2540,4040.0,4800.0
01471510,02-07,430.0,569.0,839,1440,2480,3400.0,4500.0
01471510,02-08,453.0,530.0,851,1400,2400,3050.0,3770.0
01471510,02-09,440.0,528.0,787,1340,2310,2720.0,3180.0
01471510,02-10,432.0,500.0,782,1330,2100,2580.0,2750.0
01471510,02-11,435.0,569.0,787,1340,2010,2550.0,3300.0
01471510,02-12,475.0,577.0,822,1300,1870,2570.0,5090.0
01471510,02-13,460.0,570.0,773,1250,2030,3300.0,4670.0
01471510,02-14,494.0,583.0,824,1300,1980,3000.0,4440.0
01471510,02-15,520.0,630.0,896,1230,1930,2770.0,4980.0
01471510,02-16,523.0,640.0,997,1300,1970,2780.0,5110.0
01471510,02-17,518.0,700.0,966,1380,2040,3080.0,6210.0
01471510,02-18,517.0,611.0,941,1370,2180,3290.0,5520.0
01471510,02-19,552.0,768.0,937,1400,2080,3760.0,5050.0
01471510,02-20,543.0,776.0,935,1390,2010,3800.0,5080.0
01471510,02-21,556.0,810.0,976,1490,2180,4120.0,4720.0
01471510,02-22,633.0,845.0,1020,1540,2480,4430.0,5110.0
01471510,02-23,673.0,885.0,1070,1550,2580,4290.0,5460.0
01471510,02-24,654.0,852.0,1030,1660,2900,5110.0,6630.0
01471510,02-25,633.0,841.0,972,1780,2820,5730.0,10100.0
01471510,02-26,593.0,842.0,1040,1670,2920,4810.0,8630.0
01471510,02-27,587.0,807.0,1090,1710,2810,4060.0,6880.0
01471510,02-28,553.0,797.0,1140,1620,2710,4300.0,5830.0
01471510,02-29,,733.0,1320,2490,3670,5620.0,
01471510,03-01,500.0,800.0,1190,1620,2690,4430.0,5050.0
01471510,03-02,481.0,760.0,1180,1670,2730,5160.0,7340.0
01471510,03-03,542.0,900.0,1200,1650,2510,4840.0,6460.0
01471510,03-04,601.0,863.0,1190,1820,2560,4370.0,5450.0
01471510,03-05,748.0,819.0,1210,1850,2550,4950.0,6080.0
01471510,03-06,700.0,910.0,1300,1990,2950,4640.0,7670.0
01471510,03-07,682.0,841.0,1310,1810,2940,4530.0,8130.0
01471510,03-08,684.0,795.0,1220,1980,2760,4500.0,6690.0
01471510,03-09,710.0,829.0,1260,1830,2700,4180.0,6700.0
01471510,03-10,806.0,981.0,1290,1730,2690,6160.0,7940.0
01471510,03-11,824.0,984.0,1300,2040,2860,6190.0,7570.0
01471510,03-12,847.0,949.0,1300,2170,3610,4830.0,6840.0
01471510,03-13,856.0,984.0,1380,2130,3440,5150.0,6070.0
01471510,03-14,867.0,908.0,1330,2150,3330,4690.0,6460.0
01471510,03-15,825.0,911.0,1340,2100,3080,6480.0,8940.0
01471510,03-16,801.0,840.0,1280,1890,2780,6050.0,7690.0
01471510,03-17,750.0,804.0,1370,2100,3110,5200.0,6090.0
01471510,03-18,738.0,826.0,1410,2120,3260,5150.0,5380.0
01471510,03-19,691.0,807.0,1430,2110,2990,4210.0,4810.0
01471510,03-20,674.0,779.0,1480,2290,3100,4400.0,4720.0
01471510,03-21,664.0,737.0,1530,2280,3080,4680.0,5100.0
01471510,03-22,629.0,732.0,1470,2370,3570,7660.0,8930.0
01471510,03-23,614.0,732.0,1520,2320,3480,7140.0,8730.0
01471510,03-24,610.0,734.0,1530,2190,3440,5650.0,7060.0
01471510,03-25,576.0,759.0,1480,2100,3170,4860.0,6580.0
01471510,03-26,579.0,727.0,1610,2010,2990,4530.0,6510.0
01471510,03-27,576.0,664.0,1570,2210,2950,4110.0,9670.0
01471510,03-28,565.0,654.0,1450,2190,2840,6150.0,9910.0
01471510,03-29,586.0,670.0,1330,2090,3360,5600.0,10300.0
01471510,03-30,589.0,640.0,1330,1990,3500,4310.0,8620.0
01471510,03-31,641.0,731.0,1410,1950,3360,5540.0,7290.0
01471510,04-01,700.0,866.0,1410,2050,3220,4660.0,7070.0
01471510,04-02,726.0,810.0,1410,1820,3140,4630.0,6250.0
01471510,04-03,701.0,780.0,1430,2000,2970,4550.0,9500.0
01471510,04-04,652.0,844.0,1370,1930,3270,5600.0,9880.0
01471510,04-05,677.0,786.0,1270,2000,2960,5180.0,9030.0
01471510,04-06,614.0,801.0,1240,1820,2730,4650.0,7020.0
01471510,04-07,626.0,821.0,1200,1730,2570,5270.0,7520.0
01471510,04-08,730.0,783.0,1200,1710,2610,4750.0,6880.0
01471510,04-09,737.0,870.0,1190,1730,2570,4090.0,5250.0
01471510,04-10,686.0,869.0,1170,1620,3090,4830.0,5370.0
01471510,04-11,652.0,844.0,1180,1640,2840,4070.0,8410.0
01471510,04-12,630.0,815.0,1140,1670,2810,3740.0,6670.0
01471510,04-13,616.0,789.0,1300,2050,3070,4110.0,6770.0
01471510,04-14,608.0,763.0,1220,1870,2830,5460.0,5950.0
01471510,04-15,609.0,772.0,1190,1980,3160,5180.0,5820.0
01471510,04-16,613.0,812.0,1170,2050,3220,6290.0,9560.0
01471510,04-17,609.0,817.0,1130,2000,3190,7530.0,11100.0
01471510,04-18,573.0,754.0,1070,1930,2790,6210.0,8040.0
01471510,04-19,564.0,802.0,1050,1810,2760,5240.0,6210.0
01471510,04-20,575.0,810.0,1110,1870,2630,4410.0,5210.0
01471510,04-21,553.0,760.0,1200,1820,2580,3670.0,4320.0
01471510,04-22,661.0,823.0,1150,1840,2340,3340.0,4110.0
01471510,04-23,708.0,843.0,1210,1680,2360,3290.0,3640.0
01471510,04-24,672.0,821.0,1190,1580,2200,2800.0,3890.0
01471510,04-25,608.0,847.0,1190,1560,2160,3250.0,3670.0
01471510,04-26,602.0,851.0,1220,1520,2080,3000.0,4330.0
01471510,04-27,590.0,849.0,1170,1620,2210,3160.0,4700.0
01471510,04-28,600.0,850.0,1190,1540,2160,3230.0,4600.0
01471510,04-29,663.0,819.0,1190,1520,2210,3110.0,4110.0
01471510,04-30,636.0,851.0,1150,1520,2080,3650.0,4580.0
01471510,05-01,640.0,870.0,1100,1440,2250,4260.0,7720.0
01471510,05-02,695.0,935.0,1120,1360,2330,3770.0,5510.0
01471510,05-03,836.0,925.0,1070,1360,2670,3490.0,4730.0
01471510,05-04,915.0,950.0,1090,1340,2510,3230.0,5330.0
01471510,05-05,919.0,995.0,1130,1580,2430,3060.0,4320.0
01471510,05-06,889.0,955.0,1140,1590,2290,3640.0,4520.0
01471510,05-07,782.0,850.0,1110,1680,2180,3620.0,4780.0
01471510,05-08,798.0,879.0,1120,1550,2070,3300.0,6460.0
01471510,05-09,824.0,853.0,1160,1550,2350,4090.0,5880.0
01471510,05-10,772.0,838.0,1100,1550,2310,3890.0,6110.0
01471510,05-11,801.0,955.0,1120,1530,2090,3440.0,6400.0
01471510,05-12,803.0,931.0,1080,1490,2020,3590.0,5090.0
01471510,05-13,750.0,851.0,1050,1440,2030,3480.0,5950.0
01471510,05-14,641.0,853.0,948,1460,2250,4140.0,5650.0
01471510,05-15,614.0,796.0,967,1600,2350,4190.0,6040.0
01471510,05-16,604.0,746.0,956,1580,2410,4860.0,6450.0
01471510,05-17,605.0,754.0,926,1520,2800,5510.0,7310.0
01471510,05-18,617.0,734.0,906,1440,2730,4390.0,6380.0
01471510,05-19,636.0,711.0,900,1400,2370,4080.0,6920.0
01471510,05-20,631.0,735.0,891,1380,2140,4920.0,7880.0
01471510,05-21,681.0,743.0,899,1350,2180,4330.0,5940.0
01471510,05-22,628.0,720.0,926,1280,1980,3600.0,5090.0
01471510,05-23,603.0,683.0,896,1320,2050,3350.0,4890.0
01471510,05-24,608.0,667.0,946,1250,2110,3570.0,4840.0
01471510,05-25,555.0,696.0,922,1240,1880,4000.0,4420.0
01471510,05-26,530.0,721.0,842,1250,1940,3020.0,3770.0
01471510,05-27,528.0,658.0,893,1280,2060,2860.0,3210.0
01471510,05-28,542.0,683.0,917,1280,2030,2580.0,2940.0
01471510,05-29,541.0,608.0,945,1170,2190,2590.0,3110.0
01471510,05-30,508.0,549.0,925,1230,2120,2830.0,5940.0
01471510,05-31,487.0,563.0,850,1170,1950,3430.0,5390.0
01471510,06-01,542.0,690.0,840,1180,1780,3670.0,5880.0
01471510,06-02,526.0,693.0,829,1190,1720,3910.0,5810.0
01471510,06-03,562.0,653.0,805,1260,1650,3270.0,4900.0
01471510,06-04,499.0,569.0,783,1190,1730,2940.0,4290.0
01471510,06-05,476.0,617.0,753,1190,1810,3320.0,3680.0
01471510,06-06,453.0,641.0,836,1220,1870,2730.0,4850.0
01471510,06-07,435.0,597.0,837,1170,1800,2920.0,4460.0
01471510,06-08,409.0,536.0,783,1140,1610,2580.0,4190.0
01471510,06-09,406.0,550.0,737,1050,1680,2230.0,3410.0
01471510,06-10,403.0,585.0,717,1260,1740,2410.0,3110.0
01471510,06-11,414.0,575.0,629,1110,1860,2740.0,3850.0
01471510,06-12,443.0,553.0,668,1240,1760,2970.0,3860.0
01471510,06-13,440.0,543.0,742,1330,2210,3150.0,3700.0
01471510,06-14,396.0,501.0,747,1230,1780,3760.0,4880.0
01471510,06-15,412.0,502.0,681,1110,1570,3210.0,3880.0
01471510,06-16,486.0,569.0,704,1020,1390,2570.0,3520.0
01471510,06-17,413.0,545.0,689,1070,1360,2430.0,3510.0
01471510,06-18,431.0,545.0,664,993,1510,2390.0,3810.0
01471510,06-19,413.0,533.0,598,1010,1510,2530.0,3090.0
01471510,06-20,474.0,504.0,607,1000,1430,2920.0,4480.0
01471510,06-21,422.0,493.0,595,948,1370,2940.0,7220.0
01471510,06-22,420.0,488.0,548,984,1600,2350.0,4950.0
01471510,06-23,423.0,488.0,546,994,1440,3430.0,3970.0
01471510,06-24,440.0,499.0,555,980,1400,3070.0,4560.0
01471510,06-25,418.0,461.0,538,920,1320,3430.0,5190.0
01471510,06-26,388.0,458.0,500,881,1590,3980.0,5300.0
01471510,06-27,390.0,469.0,556,820,1490,3220.0,4650.0
01471510,06-28,364.0,474.0,632,950,1750,3080.0,4210.0
01471510,06-29,397.0,459.0,621,895,1630,2920.0,3650.0
01471510,06-30,400.0,440.0,596,873,1540,2550.0,3470.0
01471510,07-01,368.0,416.0,544,760,1690,3380.0,6680.0
01471510,07-02,355.0,416.0,555,798,1510,4320.0,6090.0
01471510,07-03,370.0,415.0,549,779,1500,3380.0,3740.0
01471510,07-04,389.0,429.0,521,724,1480,2500.0,3000.0
01471510,07-05,381.0,399.0,534,763,1360,2640.0,3400.0
01471510,07-06,374.0,413.0,554,814,1240,2200.0,3550.0
01471510,07-07,370.0,424.0,585,777,1380,1960.0,2900.0
01471510,07-08,361.0,407.0,549,728,1410,2080.0,3410.0
01471510,07-09,351.0,416.0,506,727,1330,2310.0,3680.0
01471510,07-10,359.0,416.0,514,740,1270,2050.0,4030.0
01471510,07-11,339.0,415.0,482,684,1190,2370.0,3560.0
01471510,07-12,328.0,395.0,489,700,1290,2790.0,3490.0
01471510,07-13,354.0,424.0,480,774,1550,2420.0,2770.0
01471510,07-14,377.0,434.0,487,772,1460,3010.0,3780.0
01471510,07-15,414.0,435.0,470,902,1570,2750.0,4390.0
01471510,07-16,380.0,405.0,458,900,1430,2290.0,2730.0
01471510,07-17,345.0,372.0,489,851,1270,1860.0,2580.0
01471510,07-18,322.0,362.0,524,774,1230,2210.0,2480.0
01471510,07-19,303.0,384.0,505,692,1110,2000.0,2800.0
01471510,07-20,299.0,377.0,480,669,1050,1540.0,2380.0
01471510,07-21,295.0,357.0,481,696,1000,1670.0,2170.0
01471510,07-22,310.0,356.0,453,673,1040,2260.0,2780.0
01471510,07-23,279.0,348.0,435,657,1020,2460.0,4580.0
01471510,07-24,304.0,337.0,447,597,1290,3430.0,4840.0
01471510,07-25,324.0,344.0,438,624,1160,2280.0,5500.0
01471510,07-26,303.0,405.0,489,689,1260,2310.0,3620.0
01471510,07-27,290.0,363.0,487,650,1270,2450.0,3030.0
01471510,07-28,289.0,336.0,476,641,1360,2240.0,2980.0
01471510,07-29,282.0,340.0,457,657,1310,2000.0,2560.0
01471510,07-30,273.0,349.0,432,720,1240,1620.0,2090.0
01471510,07-31,269.0,343.0,465,650,1170,1880.0,2100.0
01471510,08-01,262.0,321.0,449,638,1080,1870.0,2620.0
01471510,08-02,258.0,334.0,439,675,1040,2540.0,4870.0
01471510,08-03,283.0,351.0,439,605,1070,2370.0,4280.0
01471510,08-04,282.0,337.0,435,616,1100,1990.0,6370.0
01471510,08-05,284.0,353.0,427,580,1060,2300.0,6330.0
01471510,08-06,294.0,354.0,425,542,1210,2350.0,3690.0
01471510,08-07,272.0,350.0,410,564,1230,2480.0,4240.0
01471510,08-08,278.0,348.0,400,541,1230,2450.0,4700.0
01471510,08-09,282.0,346.0,416,528,1270,2390.0,3150.0
01471510,08-10,271.0,352.0,425,563,1240,2640.0,3480.0
01471510,08-11,279.0,371.0,436,600,1190,2000.0,2830.0
01471510,08-12,305.0,371.0,454,644,1300,2130.0,3090.0
01471510,08-13,305.0,358.0,417,632,1240,2430.0,7110.0
01471510,08-14,330.0,348.0,435,672,1150,2620.0,7470.0
01471510,08-15,319.0,354.0,428,600,1140,2070.0,5420.0
01471510,08-16,313.0,335.0,401,540,997,1830.0,3600.0
01471510,08-17,322.0,337.0,403,593,905,1700.0,2590.0
01471510,08-18,301.0,329.0,410,638,1070,1580.0,2590.0
01471510,08-19,294.0,316.0,388,605,1020,1690.0,3650.0
01471510,08-20,284.0,327.0,410,558,922,1390.0,2610.0
01471510,08-21,269.0,315.0,410,630,908,1910.0,3320.0
01471510,08-22,254.0,306.0,406,565,968,1920.0,6000.0
01471510,08-23,249.0,287.0,417,603,928,2610.0,5360.0
01471510,08-24,271.0,320.0,413,560,909,1980.0,3850.0
01471510,08-25,281.0,309.0,391,567,862,1590.0,2800.0
01471510,08-26,284.0,312.0,387,545,895,1610.0,2300.0
01471510,08-27,271.0,302.0,369,497,849,1420.0,1990.0
01471510,08-28,262.0,297.0,360,486,791,2160.0,2430.0
01471510,08-29,272.0,303.0,351,530,811,1890.0,3640.0
01471510,08-30,277.0,311.0,342,477,853,1710.0,3550.0
01471510,08-31,270.0,290.0,337,463,804,2220.0,3280.0
01471510,09-01,276.0,299.0,363,462,715,2190.0,4320.0
01471510,09-02,273.0,297.0,355,449,860,1670.0,3570.0
01471510,09-03,271.0,278.0,341,445,920,1700.0,3070.0
01471510,09-04,259.0,283.0,381,470,850,1640.0,2350.0
01471510,09-05,264.0,312.0,396,455,980,1540.0,3130.0
01471510,09-06,265.0,310.0,390,533,974,3350.0,4630.0
01471510,09-07,265.0,300.0,393,511,990,2670.0,4650.0
01471510,09-08,242.0,297.0,410,516,887,2500.0,3510.0
01471510,09-09,249.0,290.0,400,535,782,2080.0,10100.0
01471510,09-10,260.0,297.0,445,527,818,4060.0,6000.0
01471510,09-11,260.0,291.0,406,535,911,2940.0,5570.0
01471510,09-12,260.0,266.0,396,531,864,2200.0,4750.0
01471510,09-13,253.0,273.0,370,580,939,2380.0,4610.0
01471510,09-14,259.0,295.0,354,552,919,1790.0,5340.0
01471510,09-15,263.0,288.0,347,508,845,2110.0,4120.0
01471510,09-16,266.0,284.0,379,544,951,3310.0,4040.0
01471510,09-17,271.0,309.0,397,503,1100,2490.0,3360.0
01471510,09-18,262.0,299.0,389,514,1200,2610.0,4680.0
01471510,09-19,283.0,308.0,378,544,1020,3250.0,5800.0
01471510,09-20,276.0,311.0,390,520,1020,2820.0,3500.0
01471510,09-21,294.0,300.0,390,527,946,2370.0,2920.0
01471510,09-22,286.0,334.0,393,511,997,2400.0,3830.0
01471510,09-23,288.0,328.0,389,532,984,2400.0,3680.0
01471510,09-24,268.0,312.0,381,530,920,2550.0,5470.0
01471510,09-25,309.0,347.0,406,544,887,2590.0,4350.0
01471510,09-26,322.0,355.0,405,516,1320,2000.0,4060.0
01471510,09-27,310.0,369.0,423,615,1430,2040.0,3560.0
01471510,09-28,296.0,352.0,408,703,1300,3360.0,4560.0
01471510,09-29,288.0,335.0,415,670,1210,2200.0,5010.0
01471510,09-30,279.0,330.0,424,663,1300,2370.0,4260.0
01471510,10-01,282.0,330.0,411,634,1170,3590.0,6170.0
01471510,10-02,293.0,339.0,422,671,1120,3080.0,4650.0
01471510,10-03,318.0,362.0,417,653,1130,2670.0,3430.0
01471510,10-04,292.0,383.0,452,697,1020,2230.0,3050.0
01471510,10-05,280.0,379.0,456,743,1280,2450.0,3140.0
01471510,10-06,307.0,396.0,464,687,1140,2220.0,2410.0
01471510,10-07,317.0,371.0,484,640,1030,1850.0,2130.0
01471510,10-08,337.0,394.0,474,647,1130,1860.0,3480.0
01471510,10-09,312.0,389.0,465,659,1170,1680.0,3460.0
01471510,10-10,285.0,367.0,463,709,1220,2250.0,3350.0
01471510,10-11,329.0,372.0,480,710,1330,2390.0,2780.0
01471510,10-12,318.0,369.0,514,676,1250,2350.0,4030.0
01471510,10-13,307.0,364.0,509,724,1200,2290.0,2900.0
01471510,10-14,308.0,371.0,505,788,1400,2070.0,2730.0
01471510,10-15,314.0,414.0,566,842,1390,2480.0,2990.0
01471510,10-16,328.0,410.0,519,847,1260,2830.0,2940.0
01471510,10-17,336.0,388.0,476,828,1290,2520.0,4410.0
01471510,10-18,318.0,371.0,461,750,1470,1870.0,3220.0
01471510,10-19,337.0,384.0,447,766,1590,3070.0,4280.0
01471510,10-20,333.0,382.0,438,711,1480,2970.0,5840.0
01471510,10-21,319.0,370.0,446,695,1420,2570.0,5520.0
01471510,10-22,296.0,379.0,481,782,1410,2350.0,4820.0
01471510,10-23,352.0,397.0,473,795,1650,2120.0,3180.0
01471510,10-24,367.0,397.0,496,772,1620,1920.0,3430.0
01471510,10-25,364.0,395.0,492,747,1470,2210.0,3560.0
01471510,10-26,358.0,404.0,524,788,1440,1970.0,3140.0
01471510,10-27,369.0,417.0,551,696,1670,2500.0,2730.0
01471510,10-28,341.0,417.0,522,804,1860,3240.0,4560.0
01471510,10-29,310.0,422.0,463,893,1780,2850.0,6050.0
01471510,10-30,296.0,406.0,476,913,1720,3740.0,6210.0
01471510,10-31,283.0,384.0,457,1050,1590,3210.0,4810.0
01471510,11-01,281.0,380.0,480,901,1480,3320.0,5510.0
01471510,11-02,281.0,377.0,458,839,1640,3010.0,4400.0
01471510,11-03,277.0,379.0,444,817,1850,3120.0,4180.0
01471510,11-04,275.0,371.0,444,840,1520,2740.0,3500.0
01471510,11-05,295.0,389.0,452,831,1380,2430.0,2730.0
01471510,11-06,299.0,377.0,524,963,1550,2030.0,2360.0
01471510,11-07,273.0,395.0,533,888,1550,1900.0,2760.0
01471510,11-08,265.0,391.0,513,806,1370,2050.0,4750.0
01471510,11-09,249.0,380.0,475,753,1360,1880.0,5910.0
01471510,11-10,261.0,382.0,486,826,1360,2240.0,5210.0
01471510,11-11,287.0,408.0,482,821,1280,3530.0,5720.0
01471510,11-12,302.0,389.0,483,857,1600,3820.0,4690.0
01471510,11-13,286.0,386.0,488,823,1760,3190.0,4210.0
01471510,11-14,266.0,378.0,512,902,1580,2780.0,3880.0
01471510,11-15,271.0,368.0,517,953,1470,2420.0,3380.0
01471510,11-16,264.0,373.0,486,927,1620,2930.0,4640.0
01471510,11-17,262.0,371.0,550,1150,1820,5000.0,6530.0
01471510,11-18,268.0,374.0,575,1050,1670,4120.0,5380.0
01471510,11-19,298.0,372.0,571,1010,1570,3570.0,4330.0
01471510,11-20,294.0,383.0,506,1140,1730,2900.0,4090.0
01471510,11-21,342.0,380.0,532,1080,1630,3570.0,4890.0
01471510,11-22,343.0,395.0,545,1090,1950,3320.0,4070.0
01471510,11-23,338.0,368.0,530,1080,2110,3660.0,5380.0
01471510,11-24,342.0,374.0,654,1120,1840,2980.0,5440.0
01471510,11-25,346.0,379.0,662,1150,1890,3450.0,5740.0
01471510,11-26,383.0,487.0,704,1090,1840,3130.0,4880.0
01471510,11-27,377.0,505.0,700,1080,2450,3470.0,4090.0
01471510,11-28,436.0,445.0,644,1220,2680,4160.0,7290.0
01471510,11-29,398.0,478.0,695,1330,2520,5350.0,8290.0
01471510,11-30,386.0,451.0,743,1410,2510,4660.0,6290.0
01471510,12-01,361.0,487.0,831,1490,3410,4720.0,6650.0
01471510,12-02,353.0,496.0,888,1400,2710,5110.0,8510.0
01471510,12-03,347.0,491.0,958,1520,2750,4720.0,5770.0
01471510,12-04,343.0,462.0,968,1610,2700,4320.0,4760.0
01471510,12-05,338.0,428.0,974,1460,2730,4090.0,6630.0
01471510,12-06,330.0,416.0,879,1440,2350,4800.0,6140.0
01471510,12-07,329.0,422.0,828,1440,2280,4100.0,5690.0
01471510,12-08,327.0,414.0,807,1320,2100,3540.0,7120.0
01471510,12-09,329.0,454.0,780,1230,2000,3310.0,5770.0
01471510,12-10,340.0,450.0,739,1350,1980,4250.0,5140.0
01471510,12-11,392.0,536.0,744,1300,2280,4340.0,5780.0
01471510,12-12,384.0,506.0,832,1480,2810,4860.0,8320.0
01471510,12-13,373.0,474.0,804,1320,2740,4850.0,7110.0
01471510,12-14,377.0,529.0,757,1360,2420,5310.0,9760.0
01471510,12-15,351.0,603.0,749,1250,2530,4700.0,9230.0
01471510,12-16,361.0,571.0,954,1540,2910,4920.0,7020.0
01471510,12-17,397.0,549.0,943,1560,2790,4470.0,7280.0
01471510,12-18,394.0,547.0,908,1480,2740,5090.0,8800.0
01471510,12-19,434.0,547.0,957,1360,2540,4360.0,6430.0
01471510,12-20,411.0,543.0,881,1410,2410,3650.0,5390.0
01471510,12-21,407.0,506.0,858,1400,2600,3780.0,7020.0
01471510,12-22,428.0,522.0,875,1390,2290,5230.0,7910.0
01471510,12-23,431.0,566.0,911,1560,2540,4520.0,6430.0
01471510,12-24,398.0,565.0,864,1550,3240,5240.0,5510.0
01471510,12-25,381.0,565.0,951,1670,3560,4960.0,6630.0
01471510,12-26,362.0,581.0,834,1670,3110,4680.0,5870.0
01471510,12-27,348.0,580.0,834,1960,3030,3950.0,4770.0
01471510,12-28,352.0,537.0,880,1830,3170,4210.0,5090.0
01471510,12-29,370.0,467.0,868,1770,3010,4000.0,5030.0
01471510,12-30,372.0,500.0,893,1650,2760,3380.0,3890.0
01471510,12-31,338.0,647.0,813,1580,2490,3160.0,3800.0
01472000,01-01,447.0,695.0,1090,1670,2900,3870.0,5420.0
01472000,01-02,556.0,695.0,1100,1810,2790,4500.0,6690.0
01472000,01-03,592.0,810.0,1180,1810,2720,4670.0,6740.0
01472000,01-04,604.0,799.0,1150,1810,2560,5160.0,6980.0
01472000,01-05,567.0,775.0,1060,1730,2530,4960.0,5560.0
01472000,01-06,590.0,757.0,1060,1810,2790,4220.0,4880.0
01472000,01-07,518.0,744.0,994,1800,2950,3960.0,4880.0
01472000,01-08,549.0,749.0,992,1760,2800,3690.0,5460.0
01472000,01-09,523.0,698.0,1050,1720,2780,5020.0,6040.0
01472000,01-10,585.0,749.0,970,1700,2870,5370.0,6590.0
01472000,01-11,567.0,735.0,996,1670,2830,4570.0,5420.0
01472000,01-12,599.0,770.0,996,1710,2730,3880.0,5300.0
01472000,01-13,578.0,758.0,1010,1710,2570,3420.0,4470.0
01472000,01-14,694.0,739.0,1060,1590,2550,3660.0,5210.0
01472000,01-15,668.0,774.0,1070,1680,2510,3460.0,4190.0
01472000,01-16,637.0,711.0,1080,1650,2550,3210.0,4200.0
01472000,01-17,652.0,727.0,1000,1540,2300,2930.0,3710.0
01472000,01-18,632.0,696.0,978,1540,2190,3450.0,4420.0
01472000,01-19,639.0,736.0,956,1630,2170,3460.0,4640.0
01472000,01-20,639.0,680.0,978,1580,2500,4060.0,4910.0
01472000,01-21,619.0,697.0,1050,1500,2420,4120.0,5320.0
01472000,01-22,587.0,658.0,1000,1480,2360,4330.0,7080.0
01472000,01-23,561.0,647.0,1060,1580,2290,4660.0,5600.0
01472000,01-24,587.0,694.0,1150,1520,2720,4960.0,7790.0
01472000,01-25,499.0,696.0,1160,1580,3240,6130.0,10700.0
01472000,01-26,518.0,697.0,1100,1670,4040,7330.0,8660.0
01472000,01-27,524.0,732.0,1080,1590,3560,6030.0,8310.0
01472000,01-28,525.0,690.0,1040,1620,3810,5370.0,8270.0
01472000,01-29,559.0,663.0,977,1530,3310,4740.0,7640.0
01472000,01-30,537.0,722.0,958,1580,2850,5440.0,6190.0
01472000,01-31,489.0,636.0,1020,1600,2700,4790.0,5800.0
01472000,02-01,528.0,623.0,1000,1660,2620,4320.0,4870.0
01472000,02-02,539.0,658.0,1080,1520,2740,4080.0,5790.0
01472000,02-03,539.0,680.0,1140,1670,2890,4780.0,6540.0
01472000,02-04,539.0,646.0,1120,1830,2900,5690.0,9090.0
01472000,02-05,517.0,693.0,1120,1850,3060,5090.0,6790.0
01472000,02-06,499.0,648.0,1050,1820,2770,4600.0,5610.0
01472000,02-07,557.0,699.0,1100,1960,3020,4270.0,5890.0
01472000,02-08,549.0,704.0,1080,2030,3000,4430.0,5330.0
01472000,02-09,538.0,677.0,1090,1930,2760,3790.0,4610.0
01472000,02-10,583.0,678.0,1090,1730,2680,3500.0,4270.0
01472000,02-11,633.0,669.0,1050,1720,2550,3620.0,4040.0
01472000,02-12,650.0,812.0,1100,1740,2690,3610.0,4990.0
01472000,02-13,648.0,751.0,1120,1680,2710,4030.0,5520.0
01472000,02-14,674.0,775.0,1210,1770,2600,4010.0,6030.0
01472000,02-15,656.0,847.0,1180,1760,2700,4710.0,7710.0
01472000,02-16,680.0,903.0,1290,1800,2650,4590.0,6050.0
01472000,02-17,715.0,852.0,1250,1830,2820,4230.0,5860.0
01472000,02-18,681.0,845.0,1290,1930,2990,4480.0,5520.0
01472000,02-19,722.0,920.0,1240,1920,2990,4410.0,5580.0
01472000,02-20,734.0,952.0,1280,1840,2980,4030.0,5720.0
01472000,02-21,723.0,936.0,1240,1890,3310,4670.0,5150.0
01472000,02-22,816.0,918.0,1220,1950,3060,4700.0,6050.0
01472000,02-23,842.0,938.0,1270,2010,3150,5600.0,6420.0
01472000,02-24,794.0,970.0,1270,2100,3480,5760.0,6600.0
01472000,02-25,764.0,966.0,1270,2240,3570,6060.0,7810.0
01472000,02-26,818.0,986.0,1310,2320,3660,5470.0,8410.0
01472000,02-27,807.0,955.0,1250,2250,3570,6370.0,10300.0
01472000,02-28,806.0,890.0,1300,2120,3270,5910.0,8430.0
01472000,02-29,830.0,991.0,1580,2380,3880,5680.0,6890.0
01472000,03-01,704.0,905.0,1410,2220,3300,5690.0,7040.0
01472000,03-02,741.0,936.0,1400,2160,3340,6120.0,8030.0
01472000,03-03,860.0,1060.0,1520,2040,3120,5640.0,7240.0
01472000,03-04,896.0,994.0,1640,2350,3440,5490.0,6470.0
01472000,03-05,905.0,1060.0,1630,2240,4220,5780.0,6790.0
01472000,03-06,921.0,1140.0,1640,2380,3780,5290.0,9410.0
01472000,03-07,878.0,1270.0,1730,2330,3900,5830.0,9770.0
01472000,03-08,937.0,1240.0,1650,2540,3430,5010.0,7420.0
01472000,03-09,1010.0,1230.0,1690,2560,3320,4890.0,6520.0
01472000,03-10,951.0,1260.0,1730,2330,3260,4960.0,7250.0
01472000,03-11,1080.0,1220.0,1680,2330,3150,5690.0,8640.0
01472000,03-12,1090.0,1270.0,1700,2370,3410,5470.0,9040.0
01472000,03-13,1000.0,1290.0,1800,2460,3760,5880.0,8220.0
01472000,03-14,975.0,1290.0,1790,2570,3930,5440.0,8840.0
01472000,03-15,940.0,1260.0,1720,2710,3870,7520.0,9270.0
01472000,03-16,932.0,1240.0,1730,2640,4230,6470.0,8300.0
01472000,03-17,1000.0,1240.0,1660,2760,4180,5170.0,6560.0
01472000,03-18,1060.0,1330.0,1730,2680,3960,5530.0,6560.0
01472000,03-19,1040.0,1390.0,1750,2640,4040,5000.0,5530.0
01472000,03-20,986.0,1330.0,1840,2710,4060,5330.0,5890.0
01472000,03-21,975.0,1300.0,1930,2850,3810,5570.0,6990.0
01472000,03-22,938.0,1230.0,2050,2900,4210,7020.0,10900.0
01472000,03-23,980.0,1190.0,1990,2960,4070,8180.0,10300.0
01472000,03-24,1040.0,1180.0,2010,2830,4250,6930.0,9610.0
01472000,03-25,1040.0,1260.0,2090,2860,4040,5650.0,7330.0
01472000,03-26,1040.0,1270.0,2000,2780,3800,5580.0,7320.0
01472000,03-27,943.0,1260.0,2060,2670,3630,5000.0,9040.0
01472000,03-28,922.0,1240.0,1920,2640,3470,6330.0,9370.0
01472000,03-29,949.0,1330.0,1800,2600,3520,5650.0,10500.0
01472000,03-30,961.0,1280.0,1750,2600,3620,5280.0,7240.0
01472000,03-31,1080.0,1280.0,1720,2470,3780,6230.0,7400.0
01472000,04-01,1120.0,1380.0,1860,2610,3870,6100.0,9390.0
01472000,04-02,1130.0,1410.0,1830,2580,3840,6210.0,7870.0
01472000,04-03,1100.0,1300.0,1830,2480,4100,5490.0,8210.0
01472000,04-04,1110.0,1320.0,1760,2370,4090,6450.0,8970.0
01472000,04-05,1120.0,1240.0,1690,2510,3730,7210.0,10500.0
01472000,04-06,1070.0,1220.0,1760,2460,3710,6890.0,9360.0
01472000,04-07,1080.0,1240.0,1740,2680,3850,6420.0,10500.0
01472000,04-08,1040.0,1340.0,1740,2440,3790,5980.0,8720.0
01472000,04-09,1020.0,1320.0,1640,2410,4020,5770.0,6460.0
01472000,04-10,1080.0,1270.0,1570,2390,3830,5390.0,7160.0
01472000,04-11,981.0,1260.0,1580,2380,3510,4560.0,5750.0
01472000,04-12,920.0,1240.0,1630,2370,3530,4720.0,5820.0
01472000,04-13,1000.0,1190.0,1730,2420,3780,5100.0,6630.0
01472000,04-14,960.0,1130.0,1690,2360,3490,5500.0,7080.0
01472000,04-15,923.0,1160.0,1630,2310,3740,5620.0,6660.0
01472000,04-16,927.0,1150.0,1620,2620,3850,5660.0,7760.0
01472000,04-17,882.0,1150.0,1580,2510,3530,6480.0,9990.0
01472000,04-18,865.0,1090.0,1510,2450,3330,5130.0,7780.0
01472000,04-19,828.0,1120.0,1570,2320,3200,5280.0,6590.0
01472000,04-20,840.0,1080.0,1580,2230,3370,5030.0,5670.0
01472000,04-21,809.0,1010.0,1570,2180,3280,4230.0,5350.0
01472000,04-22,968.0,1050.0,1570,2140,3040,3940.0,5250.0
01472000,04-23,956.0,1070.0,1520,2130,2980,4210.0,4640.0
01472000,04-24,980.0,1110.0,1510,2040,2940,3860.0,4620.0
01472000,04-25,929.0,1130.0,1540,2030,2760,3800.0,4670.0
01472000,04-26,965.0,1080.0,1500,2080,2910,3800.0,5570.0
01472000,04-27,980.0,1130.0,1520,2080,2820,4140.0,5880.0
01472000,04-28,954.0,1120.0,1560,2050,2800,4140.0,5880.0
01472000,04-29,948.0,1030.0,1500,1960,2730,4110.0,5650.0
01472000,04-30,929.0,977.0,1490,1880,2500,4550.0,6660.0
01472000,05-01,936.0,1170.0,1470,1850,2420,4850.0,8070.0
01472000,05-02,927.0,1130.0,1410,1850,2680,4260.0,6050.0
01472000,05-03,927.0,1140.0,1410,1970,2880,4190.0,5180.0
01472000,05-04,900.0,1130.0,1370,2030,3010,3980.0,4790.0
01472000,05-05,891.0,1100.0,1390,1910,2790,4020.0,4730.0
01472000,05-06,892.0,1060.0,1360,1990,2700,4050.0,5160.0
01472000,05-07,976.0,1040.0,1300,2000,2870,4210.0,5130.0
01472000,05-08,937.0,1040.0,1380,1930,2760,3930.0,5610.0
01472000,05-09,918.0,1080.0,1380,1870,2800,4330.0,6120.0
01472000,05-10,941.0,1030.0,1350,1910,2900,4100.0,5740.0
01472000,05-11,928.0,1030.0,1370,1820,2570,4290.0,5460.0
01472000,05-12,902.0,1040.0,1320,1800,2440,4420.0,4960.0
01472000,05-13,887.0,989.0,1270,1730,2860,4090.0,5560.0
01472000,05-14,846.0,934.0,1250,1810,3070,4170.0,6990.0
01472000,05-15,838.0,952.0,1230,1800,2770,3610.0,5310.0
01472000,05-16,809.0,971.0,1240,1790,2760,3830.0,6000.0
01472000,05-17,812.0,913.0,1190,1720,2740,4720.0,7310.0
01472000,05-18,799.0,891.0,1120,1720,2640,4390.0,5490.0
01472000,05-19,814.0,948.0,1150,1750,2580,4210.0,5370.0
01472000,05-20,798.0,946.0,1250,1680,2590,4070.0,6100.0
01472000,05-21,860.0,938.0,1200,1660,2660,3930.0,5340.0
01472000,05-22,771.0,926.0,1180,1590,2570,4110.0,5000.0
01472000,05-23,745.0,903.0,1130,1590,2490,3950.0,6610.0
01472000,05-24,784.0,936.0,1140,1520,2340,4490.0,6020.0
01472000,05-25,778.0,918.0,1130,1520,2420,4690.0,5410.0
01472000,05-26,755.0,879.0,1070,1460,2490,3890.0,6320.0
01472000,05-27,718.0,853.0,1100,1520,2290,3750.0,5030.0
01472000,05-28,713.0,783.0,1080,1520,2500,3360.0,4380.0
01472000,05-29,687.0,773.0,1010,1440,2590,3640.0,4970.0
01472000,05-30,686.0,766.0,962,1440,2530,5090.0,6810.0
01472000,05-31,666.0,763.0,932,1330,2600,4510.0,6870.0
01472000,06-01,668.0,788.0,975,1360,2380,4510.0,6200.0
01472000,06-02,677.0,783.0,960,1350,2310,4270.0,6550.0
01472000,06-03,670.0,771.0,928,1320,2430,3730.0,5530.0
01472000,06-04,687.0,713.0,946,1480,2310,3420.0,4650.0
01472000,06-05,651.0,729.0,909,1370,2170,3310.0,3950.0
01472000,06-06,657.0,727.0,913,1330,2220,3240.0,4240.0
01472000,06-07,623.0,705.0,910,1320,2240,3170.0,4210.0
01472000,06-08,622.0,713.0,881,1260,2160,3230.0,3920.0
01472000,06-09,630.0,689.0,862,1290,1930,2750.0,3210.0
01472000,06-10,606.0,696.0,844,1320,1880,2540.0,3060.0
01472000,06-11,598.0,661.0,842,1270,1840,2480.0,3210.0
01472000,06-12,572.0,673.0,823,1210,1900,2680.0,3430.0
01472000,06-13,618.0,735.0,828,1280,2150,3250.0,3900.0
01472000,06-14,668.0,723.0,822,1240,1910,2860.0,4050.0
01472000,06-15,619.0,695.0,817,1170,1810,2740.0,4270.0
01472000,06-16,682.0,730.0,849,1170,1660,2720.0,3710.0
01472000,06-17,575.0,679.0,816,1220,1760,2480.0,2970.0
01472000,06-18,577.0,713.0,828,1110,1690,2420.0,2910.0
01472000,06-19,555.0,691.0,804,1140,1740,2500.0,3400.0
01472000,06-20,562.0,670.0,807,1200,1710,2930.0,4070.0
01472000,06-21,573.0,669.0,804,1080,1560,2880.0,3810.0
01472000,06-22,562.0,618.0,750,1090,1620,2800.0,3910.0
01472000,06-23,521.0,617.0,768,1180,1640,2290.0,4300.0
01472000,06-24,598.0,635.0,790,1070,1560,2350.0,4050.0
01472000,06-25,557.0,618.0,754,1050,1470,2230.0,4860.0
01472000,06-26,533.0,585.0,719,994,1420,3040.0,5250.0
01472000,06-27,505.0,590.0,746,1020,1440,2790.0,5270.0
01472000,06-28,468.0,559.0,701,975,1700,3650.0,4480.0
01472000,06-29,460.0,545.0,688,1020,1710,3710.0,4790.0
01472000,06-30,481.0,542.0,700,962,1540,2960.0,4220.0
01472000,07-01,457.0,535.0,692,923,1600,3100.0,7580.0
01472000,07-02,462.0,544.0,678,901,1650,2790.0,5790.0
01472000,07-03,449.0,509.0,674,928,1570,2530.0,4500.0
01472000,07-04,423.0,483.0,657,857,1590,3030.0,3890.0
01472000,07-05,416.0,497.0,645,852,1460,2750.0,3530.0
01472000,07-06,439.0,516.0,653,912,1370,2490.0,3600.0
01472000,07-07,458.0,516.0,680,946,1390,2240.0,2850.0
01472000,07-08,456.0,494.0,660,915,1520,2490.0,3510.0
01472000,07-09,444.0,490.0,633,900,1390,3000.0,3990.0
01472000,07-10,411.0,475.0,618,868,1430,2710.0,5090.0
01472000,07-11,415.0,501.0,630,867,1340,3410.0,4780.0
01472000,07-12,404.0,469.0,596,850,1580,2940.0,4300.0
01472000,07-13,411.0,450.0,610,938,1900,3190.0,3590.0
01472000,07-14,391.0,449.0,638,914,1620,2730.0,4250.0
01472000,07-15,418.0,458.0,615,904,1690,3340.0,5420.0
01472000,07-16,398.0,447.0,576,946,1590,3350.0,4360.0
01472000,07-17,382.0,406.0,573,973,1520,2910.0,4430.0
01472000,07-18,359.0,385.0,551,947,1360,2550.0,3750.0
01472000,07-19,361.0,383.0,574,851,1250,2330.0,3560.0
01472000,07-20,351.0,386.0,579,902,1250,2230.0,3050.0
01472000,07-21,346.0,380.0,549,850,1280,2200.0,3700.0
01472000,07-22,327.0,377.0,519,840,1360,2480.0,4040.0
01472000,07-23,320.0,396.0,544,849,1400,3000.0,5390.0
01472000,07-24,315.0,414.0,566,845,1410,3830.0,4970.0
01472000,07-25,318.0,420.0,564,839,1300,2780.0,4200.0
01472000,07-26,310.0,385.0,575,824,1450,2760.0,3670.0
01472000,07-27,330.0,378.0,592,869,1300,2940.0,3640.0
01472000,07-28,320.0,394.0,577,850,1280,2540.0,3470.0
01472000,07-29,325.0,406.0,564,778,1320,2440.0,3610.0
01472000,07-30,324.0,406.0,562,838,1260,2170.0,3260.0
01472000,07-31,303.0,358.0,563,824,1370,2110.0,2640.0
01472000,08-01,299.0,359.0,570,818,1310,1960.0,3020.0
01472000,08-02,288.0,362.0,545,783,1410,2650.0,4580.0
01472000,08-03,295.0,378.0,531,770,1260,2410.0,4410.0
01472000,08-04,305.0,369.0,536,758,1300,2430.0,4930.0
01472000,08-05,304.0,400.0,538,741,1240,2440.0,3360.0
01472000,08-06,291.0,372.0,537,738,1320,2300.0,3610.0
01472000,08-07,309.0,409.0,490,740,1280,2670.0,3730.0
01472000,08-08,328.0,355.0,515,723,1350,2210.0,3470.0
01472000,08-09,332.0,383.0,513,710,1190,2440.0,3440.0
01472000,08-10,313.0,381.0,505,738,1400,2720.0,3200.0
01472000,08-11,324.0,404.0,493,819,1530,2430.0,3100.0
01472000,08-12,313.0,407.0,543,875,1460,2150.0,2720.0
01472000,08-13,315.0,389.0,521,807,1400,2730.0,3780.0
01472000,08-14,315.0,415.0,507,875,1480,2750.0,4680.0
01472000,08-15,329.0,405.0,529,801,1340,2440.0,3350.0
01472000,08-16,340.0,419.0,497,753,1240,1850.0,2300.0
01472000,08-17,319.0,400.0,498,755,1230,1700.0,2410.0
01472000,08-18,358.0,384.0,488,749,1220,1880.0,2750.0
01472000,08-19,330.0,380.0,494,752,1220,1990.0,3500.0
01472000,08-20,331.0,372.0,496,717,1220,1960.0,2650.0
01472000,08-21,314.0,375.0,471,772,1170,1780.0,2920.0
01472000,08-22,323.0,371.0,485,773,1250,2280.0,5250.0
01472000,08-23,309.0,371.0,485,751,1110,2410.0,5180.0
01472000,08-24,309.0,350.0,465,724,1100,2870.0,3660.0
01472000,08-25,339.0,358.0,517,704,1070,2320.0,2960.0
01472000,08-26,327.0,351.0,485,700,1020,1910.0,2460.0
01472000,08-27,322.0,335.0,463,677,1040,1940.0,2590.0
01472000,08-28,327.0,353.0,473,686,981,2110.0,3320.0
01472000,08-29,332.0,363.0,465,703,1000,1970.0,3340.0
01472000,08-30,327.0,360.0,460,636,1050,1760.0,2590.0
01472000,08-31,298.0,360.0,449,619,1170,1680.0,2870.0
01472000,09-01,314.0,360.0,446,592,1120,1970.0,3290.0
01472000,09-02,325.0,363.0,451,618,1150,2110.0,4100.0
01472000,09-03,325.0,357.0,448,633,1160,2020.0,4170.0
01472000,09-04,314.0,363.0,452,681,1300,2260.0,3630.0
01472000,09-05,299.0,352.0,478,644,1140,1990.0,3240.0
01472000,09-06,294.0,378.0,492,662,1100,1940.0,4620.0
01472000,09-07,290.0,363.0,459,677,1270,2260.0,4460.0
01472000,09-08,290.0,347.0,472,709,1170,2300.0,3910.0
01472000,09-09,288.0,337.0,489,660,1080,2010.0,3300.0
01472000,09-10,289.0,343.0,479,674,1110,1940.0,4160.0
01472000,09-11,271.0,338.0,494,710,1140,2170.0,4660.0
01472000,09-12,271.0,342.0,470,679,1020,2100.0,3350.0
01472000,09-13,283.0,345.0,451,673,1110,2180.0,4750.0
01472000,09-14,328.0,371.0,468,676,1150,2020.0,5350.0
01472000,09-15,316.0,365.0,457,688,1180,3360.0,4350.0
01472000,09-16,309.0,348.0,452,682,1240,2870.0,5000.0
01472000,09-17,292.0,395.0,462,693,1100,2560.0,4130.0
01472000,09-18,286.0,358.0,494,709,1250,2630.0,4670.0
01472000,09-19,271.0,365.0,460,685,1100,3030.0,4870.0
01472000,09-20,276.0,363.0,465,625,1250,2770.0,3980.0
01472000,09-21,280.0,349.0,476,661,1090,2600.0,3580.0
01472000,09-22,295.0,357.0,480,665,1120,2650.0,4430.0
01472000,09-23,291.0,353.0,469,631,1050,2980.0,4030.0
01472000,09-24,287.0,343.0,477,617,1080,2750.0,3480.0
01472000,09-25,284.0,357.0,470,634,1140,2770.0,3730.0
01472000,09-26,286.0,351.0,460,623,1290,2450.0,3220.0
01472000,09-27,286.0,333.0,488,624,1450,2380.0,4100.0
01472000,09-28,291.0,320.0,476,685,1450,2460.0,7470.0
01472000,09-29,297.0,353.0,486,690,1470,2600.0,5900.0
01472000,09-30,292.0,356.0,489,788,1570,2570.0,4950.0
01472000,10-01,330.0,365.0,520,772,1380,2960.0,4720.0
01472000,10-02,325.0,393.0,514,885,1350,3110.0,4780.0
01472000,10-03,320.0,376.0,510,820,1350,2670.0,3950.0
01472000,10-04,309.0,382.0,509,748,1270,2610.0,3450.0
01472000,10-05,298.0,370.0,491,818,1240,2660.0,3400.0
01472000,10-06,330.0,383.0,496,811,1230,2810.0,3260.0
01472000,10-07,321.0,396.0,491,762,1250,2440.0,2890.0
01472000,10-08,354.0,414.0,512,780,1270,2180.0,2660.0
01472000,10-09,335.0,416.0,504,800,1190,2180.0,3130.0
01472000,10-10,319.0,409.0,508,812,1230,2680.0,3430.0
01472000,10-11,335.0,399.0,498,778,1430,2620.0,3410.0
01472000,10-12,327.0,375.0,500,786,1300,2170.0,3160.0
01472000,10-13,314.0,345.0,501,757,1250,2290.0,3150.0
01472000,10-14,314.0,333.0,490,766,1200,2260.0,2710.0
01472000,10-15,327.0,365.0,497,777,1340,2260.0,2550.0
01472000,10-16,335.0,400.0,517,812,1380,2290.0,3340.0
01472000,10-17,344.0,418.0,528,786,1260,2130.0,3150.0
01472000,10-18,350.0,404.0,502,773,1280,2470.0,2930.0
01472000,10-19,364.0,424.0,524,761,1420,3000.0,4510.0
01472000,10-20,358.0,417.0,513,771,1360,3590.0,6560.0
01472000,10-21,348.0,415.0,510,730,1330,3000.0,6370.0
01472000,10-22,336.0,376.0,488,728,1320,2920.0,5360.0
01472000,10-23,336.0,371.0,527,744,1540,2600.0,4270.0
01472000,10-24,331.0,380.0,526,803,1570,3320.0,3810.0
01472000,10-25,331.0,392.0,550,803,1450,2700.0,3640.0
01472000,10-26,321.0,399.0,565,883,1530,2410.0,3710.0
01472000,10-27,331.0,408.0,581,813,1700,2830.0,3760.0
01472000,10-28,347.0,422.0,535,809,1730,2800.0,4760.0
01472000,10-29,364.0,412.0,552,937,1670,2910.0,4910.0
01472000,10-30,348.0,423.0,561,957,1750,3570.0,5260.0
01472000,10-31,339.0,403.0,536,955,1530,3140.0,4120.0
01472000,11-01,362.0,397.0,554,980,1700,2960.0,4580.0
01472000,11-02,366.0,415.0,560,962,1890,3630.0,4380.0
01472000,11-03,361.0,410.0,546,980,2050,3420.0,5310.0
01472000,11-04,355.0,421.0,566,937,2080,3230.0,4320.0
01472000,11-05,348.0,407.0,620,983,2030,2870.0,3700.0
01472000,11-06,352.0,420.0,633,1110,1970,2550.0,3030.0
01472000,11-07,355.0,409.0,657,1120,1870,2500.0,2990.0
01472000,11-08,353.0,405.0,643,1100,1700,2580.0,3960.0
01472000,11-09,346.0,442.0,627,1000,1570,2260.0,7820.0
01472000,11-10,347.0,428.0,620,1050,1700,4760.0,5530.0
01472000,11-11,360.0,449.0,635,1060,1640,3900.0,6830.0
01472000,11-12,350.0,458.0,616,1030,1700,3720.0,5150.0
01472000,11-13,339.0,449.0,600,1030,2030,3460.0,5030.0
01472000,11-14,334.0,442.0,630,1030,1800,3370.0,6000.0
01472000,11-15,340.0,429.0,659,1010,1690,3030.0,5190.0
01472000,11-16,345.0,427.0,632,1010,1850,2880.0,5970.0
01472000,11-17,347.0,416.0,642,1090,1870,3970.0,5920.0
01472000,11-18,381.0,462.0,673,1100,2120,4090.0,5960.0
01472000,11-19,385.0,436.0,626,1130,2020,3800.0,5320.0
01472000,11-20,375.0,434.0,633,1210,2080,3630.0,5050.0
01472000,11-21,383.0,436.0,654,1220,2100,4000.0,5240.0
01472000,11-22,375.0,454.0,707,1330,2170,3720.0,4500.0
01472000,11-23,377.0,440.0,692,1270,2290,3740.0,4160.0
01472000,11-24,371.0,482.0,734,1310,2030,2910.0,4440.0
01472000,11-25,417.0,472.0,755,1310,2100,3580.0,6220.0
01472000,11-26,420.0,471.0,794,1300,1970,3800.0,5460.0
01472000,11-27,425.0,468.0,853,1300,2360,3920.0,4880.0
01472000,11-28,413.0,513.0,771,1330,2770,3710.0,5670.0
01472000,11-29,451.0,524.0,847,1470,2640,5910.0,6510.0
01472000,11-30,432.0,535.0,893,1410,2890,5340.0,7070.0
01472000,12-01,475.0,557.0,949,1440,2610,4810.0,7270.0
01472000,12-02,473.0,549.0,920,1470,2430,5010.0,8080.0
01472000,12-03,411.0,536.0,984,1520,2450,4730.0,5970.0
01472000,12-04,465.0,544.0,920,1490,2920,4710.0,6030.0
01472000,12-05,486.0,589.0,958,1470,2970,4260.0,6960.0
01472000,12-06,469.0,562.0,930,1400,2940,4500.0,9200.0
01472000,12-07,437.0,513.0,876,1560,3050,5220.0,7680.0
01472000,12-08,437.0,489.0,898,1520,2880,5640.0,8640.0
01472000,12-09,428.0,527.0,906,1500,2950,5100.0,8270.0
01472000,12-10,440.0,499.0,888,1480,2600,5510.0,6560.0
01472000,12-11,460.0,535.0,896,1630,2900,5380.0,7440.0
01472000,12-12,460.0,587.0,906,1580,3090,5210.0,6750.0
01472000,12-13,531.0,605.0,891,1500,2900,5460.0,8430.0
01472000,12-14,564.0,638.0,922,1570,2840,5300.0,7560.0
01472000,12-15,526.0,676.0,877,1610,2940,4980.0,7620.0
01472000,12-16,547.0,613.0,913,1600,2970,4620.0,6140.0
01472000,12-17,528.0,604.0,862,1680,3120,5290.0,6860.0
01472000,12-18,536.0,595.0,1030,1550,2880,4470.0,6800.0
01472000,12-19,503.0,580.0,1010,1610,2780,3840.0,5700.0
01472000,12-20,485.0,554.0,958,1670,2610,3800.0,5310.0
01472000,12-21,505.0,599.0,971,1700,2670,4590.0,7810.0
01472000,12-22,472.0,580.0,938,1680,2410,5780.0,8740.0
01472000,12-23,484.0,623.0,926,1580,2550,4680.0,6640.0
01472000,12-24,468.0,596.0,1020,1570,2540,4510.0,6310.0
01472000,12-25,499.0,578.0,1040,1580,3220,4960.0,6160.0
01472000,12-26,499.0,609.0,1000,1610,3360,4610.0,5780.0
01472000,12-27,537.0,628.0,963,1560,3340,4630.0,5570.0
01472000,12-28,471.0,606.0,1010,1630,2980,4290.0,5720.0
01472000,12-29,460.0,655.0,991,1510,3000,4320.0,5490.0
01472000,12-30,450.0,629.0,1070,1670,2900,4040.0,5310.0
01472000,12-31,449.0,620.0,988,1590,2900,3930.0,4820.0
01473000,01-01,83.0,101.0,171,310,587,1090.0,2960.0
01473000,01-02,80.0,111.0,170,329,578,1640.0,2890.0
01473000,01-03,89.0,130.0,184,326,569,1160.0,2450.0
01473000,01-04,90.0,124.0,182,280,570,1360.0,1440.0
01473000,01-05,90.0,115.0,169,276,537,1050.0,1510.0
01473000,01-06,97.0,115.0,185,270,452,839.0,1390.0
01473000,01-07,93.0,117.0,180,277,486,917.0,1630.0
01473000,01-08,94.0,123.0,174,281,427,1030.0,2280.0
01473000,01-09,96.0,126.0,161,279,475,1460.0,2940.0
01473000,01-10,96.0,113.0,174,291,421,967.0,1640.0
01473000,01-11,93.0,116.0,198,269,484,969.0,1150.0
01473000,01-12,87.0,110.0,189,295,545,1100.0,2400.0
01473000,01-13,90.0,101.0,180,287,535,1020.0,1560.0
01473000,01-14,85.0,112.0,180,270,465,1050.0,1600.0
01473000,01-15,87.0,120.0,177,265,533,1080.0,1610.0
01473000,01-16,96.0,111.0,172,278,472,961.0,1540.0
01473000,01-17,97.0,111.0,160,260,437,610.0,945.0
01473000,01-18,94.0,120.0,151,272,478,920.0,1270.0
01473000,01-19,96.0,120.0,147,270,477,1130.0,1710.0
01473000,01-20,95.0,101.0,148,306,477,2360.0,2850.0
01473000,01-21,94.0,110.0,149,262,584,1040.0,1600.0
01473000,01-22,93.0,107.0,153,253,495,861.0,2280.0
01473000,01-23,91.0,105.0,153,278,535,1050.0,1710.0
01473000,01-24,88.0,105.0,185,295,574,2180.0,3180.0
01473000,01-25,88.0,110.0,172,302,844,2920.0,4970.0
01473000,01-26,93.0,106.0,167,289,823,2130.0,5700.0
01473000,01-27,81.0,110.0,177,253,757,1490.0,2880.0
01473000,01-28,80.0,101.0,169,233,653,2010.0,3210.0
01473000,01-29,77.0,101.0,160,221,505,1030.0,1540.0
01473000,01-30,74.0,101.0,165,251,517,839.0,1070.0
01473000,01-31,72.0,100.0,170,239,442,676.0,1150.0
01473000,02-01,78.0,118.0,162,256,426,693.0,1390.0
01473000,02-02,83.0,130.0,169,279,436,1440.0,2460.0
01473000,02-03,87.0,126.0,193,313,691,1780.0,3880.0
01473000,02-04,92.0,138.0,189,326,703,1560.0,2550.0
01473000,02-05,101.0,126.0,193,320,667,1530.0,2100.0
01473000,02-06,105.0,125.0,184,312,582,903.0,1310.0
01473000,02-07,102.0,127.0,182,336,617,847.0,1390.0
01473000,02-08,99.0,121.0,177,323,493,1020.0,1590.0
01473000,02-09,95.0,131.0,185,292,484,710.0,1090.0
01473000,02-10,116.0,130.0,194,260,408,874.0,1530.0
01473000,02-11,116.0,130.0,196,286,426,1030.0,1870.0
01473000,02-12,116.0,136.0,196,287,619,1060.0,1910.0
01473000,02-13,111.0,126.0,189,319,566,1510.0,3060.0
01473000,02-14,111.0,126.0,212,333,561,1040.0,2900.0
01473000,02-15,112.0,122.0,215,302,550,1210.0,1830.0
01473000,02-16,112.0,131.0,214,327,697,1260.0,2630.0
01473000,02-17,107.0,138.0,216,293,641,1470.0,2090.0
01473000,02-18,105.0,130.0,218,311,645,1170.0,1730.0
01473000,02-19,108.0,126.0,217,337,545,1460.0,2450.0
01473000,02-20,111.0,127.0,230,389,594,1120.0,2560.0
01473000,02-21,120.0,141.0,210,344,589,1490.0,2220.0
01473000,02-22,138.0,148.0,215,332,508,1390.0,2410.0
01473000,02-23,133.0,151.0,228,386,753,1450.0,2500.0
01473000,02-24,140.0,144.0,242,367,1150,2780.0,3030.0
01473000,02-25,136.0,162.0,249,376,1110,3140.0,5810.0
01473000,02-26,130.0,161.0,233,420,775,1410.0,2620.0
01473000,02-27,123.0,150.0,214,403,745,1510.0,2160.0
01473000,02-28,126.0,142.0,222,385,678,1500.0,3090.0
01473000,02-29,,124.0,305,388,750,1340.0,
01473000,03-01,133.0,160.0,225,362,594,1700.0,3570.0
01473000,03-02,135.0,155.0,234,378,616,2060.0,3320.0
01473000,03-03,134.0,159.0,240,336,610,1500.0,2170.0
01473000,03-04,132.0,181.0,246,364,873,1590.0,2040.0
01473000,03-05,154.0,187.0,244,399,935,1830.0,3270.0
01473000,03-06,157.0,203.0,272,452,1130,1650.0,3000.0
01473000,03-07,153.0,208.0,271,465,788,1470.0,2820.0
01473000,03-08,150.0,195.0,271,424,795,1490.0,1820.0
01473000,03-09,165.0,210.0,270,405,807,1290.0,2810.0
01473000,03-10,163.0,195.0,256,419,910,1560.0,3930.0
01473000,03-11,170.0,195.0,270,418,751,1700.0,3090.0
01473000,03-12,178.0,207.0,278,452,668,1640.0,2670.0
01473000,03-13,164.0,209.0,304,483,828,2070.0,2680.0
01473000,03-14,166.0,203.0,280,454,690,2660.0,4480.0
01473000,03-15,173.0,190.0,287,427,662,2090.0,3290.0
01473000,03-16,164.0,184.0,271,401,829,1590.0,2050.0
01473000,03-17,158.0,185.0,276,429,845,1580.0,2430.0
01473000,03-18,163.0,182.0,295,442,691,1130.0,2480.0
01473000,03-19,158.0,182.0,290,494,770,1450.0,2290.0
01473000,03-20,154.0,192.0,308,430,977,1900.0,2750.0
01473000,03-21,146.0,173.0,309,551,1080,1760.0,3960.0
01473000,03-22,144.0,167.0,305,473,1120,2220.0,5960.0
01473000,03-23,140.0,162.0,259,538,978,1920.0,3500.0
01473000,03-24,149.0,158.0,266,476,1060,1650.0,2460.0
01473000,03-25,148.0,185.0,253,433,784,2060.0,2890.0
01473000,03-26,155.0,194.0,270,412,600,1160.0,2080.0
01473000,03-27,143.0,189.0,296,403,642,1420.0,3430.0
01473000,03-28,142.0,171.0,273,397,616,1360.0,3090.0
01473000,03-29,142.0,164.0,262,355,692,1840.0,2970.0
01473000,03-30,134.0,154.0,245,365,726,1550.0,2770.0
01473000,03-31,146.0,195.0,241,392,853,1770.0,3080.0
01473000,04-01,162.0,197.0,272,413,1010,1900.0,3580.0
01473000,04-02,155.0,213.0,298,470,831,2870.0,6500.0
01473000,04-03,148.0,205.0,281,399,800,2030.0,3480.0
01473000,04-04,163.0,196.0,257,462,882,2010.0,3990.0
01473000,04-05,148.0,201.0,238,448,740,1830.0,5160.0
01473000,04-06,144.0,179.0,258,419,606,2720.0,3170.0
01473000,04-07,141.0,177.0,258,395,706,1360.0,3300.0
01473000,04-08,144.0,171.0,255,356,697,1410.0,2110.0
01473000,04-09,147.0,165.0,247,408,720,1310.0,1930.0
01473000,04-10,135.0,165.0,251,385,734,1550.0,2730.0
01473000,04-11,125.0,167.0,238,362,640,1160.0,1600.0
01473000,04-12,123.0,157.0,221,368,690,1020.0,1510.0
01473000,04-13,116.0,153.0,206,385,680,1400.0,2790.0
01473000,04-14,117.0,142.0,209,382,507,1370.0,2230.0
01473000,04-15,113.0,136.0,221,344,649,1730.0,2780.0
01473000,04-16,116.0,149.0,224,375,811,2260.0,6350.0
01473000,04-17,114.0,149.0,210,341,602,1750.0,2620.0
01473000,04-18,114.0,140.0,200,320,542,1090.0,1270.0
01473000,04-19,110.0,134.0,204,300,499,830.0,1160.0
01473000,04-20,111.0,133.0,209,289,509,979.0,1450.0
01473000,04-21,102.0,128.0,188,281,475,826.0,1520.0
01473000,04-22,123.0,145.0,200,301,439,678.0,1530.0
01473000,04-23,123.0,150.0,200,282,423,894.0,1230.0
01473000,04-24,123.0,156.0,192,292,444,915.0,1270.0
01473000,04-25,121.0,149.0,187,283,457,1210.0,1890.0
01473000,04-26,142.0,153.0,186,279,548,1160.0,1380.0
01473000,04-27,137.0,159.0,205,272,511,1400.0,2110.0
01473000,04-28,143.0,154.0,197,305,618,1250.0,1960.0
01473000,04-29,128.0,142.0,205,348,557,1220.0,1610.0
01473000,04-30,121.0,139.0,200,301,442,906.0,1880.0
01473000,05-01,130.0,163.0,193,274,391,1080.0,3090.0
01473000,05-02,128.0,161.0,192,272,416,853.0,969.0
01473000,05-03,139.0,156.0,190,271,442,651.0,1400.0
01473000,05-04,130.0,153.0,185,281,478,959.0,1380.0
01473000,05-05,123.0,146.0,185,271,425,745.0,1400.0
01473000,05-06,114.0,128.0,178,269,415,817.0,2200.0
01473000,05-07,112.0,128.0,173,234,368,1280.0,2820.0
01473000,05-08,106.0,137.0,173,241,394,1190.0,2230.0
01473000,05-09,109.0,128.0,176,245,514,1250.0,1860.0
01473000,05-10,108.0,127.0,172,243,488,892.0,1620.0
01473000,05-11,112.0,118.0,155,235,406,1070.0,2050.0
01473000,05-12,104.0,117.0,148,227,373,1310.0,2640.0
01473000,05-13,93.0,120.0,148,228,425,1460.0,2200.0
01473000,05-14,86.0,116.0,156,237,469,1300.0,2460.0
01473000,05-15,85.0,111.0,147,234,416,719.0,1350.0
01473000,05-16,79.0,112.0,137,239,510,1180.0,3040.0
01473000,05-17,86.0,110.0,141,222,495,952.0,2850.0
01473000,05-18,92.0,105.0,150,229,404,745.0,1270.0
01473000,05-19,87.0,99.0,172,229,359,848.0,1450.0
01473000,05-20,98.0,112.0,156,221,326,734.0,1680.0
01473000,05-21,100.0,118.0,158,207,356,683.0,999.0
01473000,05-22,99.0,109.0,154,200,382,706.0,938.0
01473000,05-23,90.0,104.0,142,196,331,801.0,1400.0
01473000,05-24,93.0,100.0,143,208,432,735.0,1740.0
01473000,05-25,87.0,99.0,130,203,358,615.0,1290.0
01473000,05-26,80.0,92.0,122,179,313,605.0,1400.0
01473000,05-27,76.0,95.0,123,190,343,983.0,2280.0
01473000,05-28,79.0,83.0,122,184,335,681.0,1080.0
01473000,05-29,76.0,84.0,118,177,370,1090.0,3450.0
01473000,05-30,70.0,86.0,115,190,356,839.0,2780.0
01473000,05-31,66.0,78.0,106,184,290,1150.0,2660.0
01473000,06-01,68.0,81.0,111,204,342,1050.0,1370.0
01473000,06-02,68.0,79.0,117,197,368,803.0,1810.0
01473000,06-03,69.0,79.0,110,200,399,641.0,990.0
01473000,06-04,68.0,76.0,115,204,396,642.0,928.0
01473000,06-05,62.0,73.0,109,186,337,725.0,1320.0
01473000,06-06,65.0,72.0,113,192,329,649.0,1140.0
01473000,06-07,64.0,82.0,110,181,319,719.0,1470.0
01473000,06-08,65.0,78.0,104,175,260,402.0,778.0
01473000,06-09,63.0,74.0,103,166,234,403.0,685.0
01473000,06-10,61.0,70.0,108,161,221,401.0,682.0
01473000,06-11,58.0,70.0,107,155,184,488.0,777.0
01473000,06-12,59.0,68.0,104,145,239,627.0,1040.0
01473000,06-13,60.0,70.0,97,151,332,1110.0,2330.0
01473000,06-14,59.0,71.0,91,144,273,860.0,1200.0
01473000,06-15,63.0,70.0,96,151,288,537.0,839.0
01473000,06-16,58.0,75.0,99,159,260,535.0,1190.0
01473000,06-17,55.0,67.0,99,145,277,420.0,986.0
01473000,06-18,55.0,62.0,94,139,231,456.0,697.0
01473000,06-19,61.0,67.0,95,127,248,500.0,764.0
01473000,06-20,60.0,70.0,92,122,228,446.0,826.0
01473000,06-21,63.0,68.0,90,133,216,369.0,1170.0
01473000,06-22,59.0,65.0,89,142,197,565.0,1080.0
01473000,06-23,56.0,68.0,88,138,234,413.0,685.0
01473000,06-24,54.0,67.0,90,131,206,413.0,1090.0
01473000,06-25,53.0,69.0,86,132,176,498.0,1480.0
01473000,06-26,54.0,66.0,81,120,185,393.0,816.0
01473000,06-27,53.0,64.0,79,118,178,359.0,449.0
01473000,06-28,49.0,56.0,79,126,200,395.0,993.0
01473000,06-29,54.0,61.0,85,123,251,374.0,602.0
01473000,06-30,53.0,55.0,81,128,212,433.0,851.0
01473000,07-01,51.0,55.0,77,119,227,570.0,1800.0
01473000,07-02,50.0,59.0,80,123,203,462.0,1210.0
01473000,07-03,49.0,55.0,79,123,204,372.0,572.0
01473000,07-04,47.0,53.0,78,116,182,402.0,640.0
01473000,07-05,45.0,50.0,78,120,216,409.0,594.0
01473000,07-06,42.0,48.0,71,125,199,418.0,1210.0
01473000,07-07,41.0,47.0,72,120,196,326.0,580.0
01473000,07-08,41.0,47.0,77,115,176,306.0,635.0
01473000,07-09,47.0,52.0,77,116,177,373.0,779.0
01473000,07-10,48.0,53.0,79,123,196,290.0,674.0
01473000,07-11,47.0,58.0,78,113,170,262.0,769.0
01473000,07-12,46.0,55.0,73,115,164,307.0,902.0
01473000,07-13,46.0,57.0,73,107,206,713.0,1840.0
01473000,07-14,47.0,55.0,77,127,233,533.0,900.0
01473000,07-15,48.0,51.0,74,132,263,625.0,1460.0
01473000,07-16,45.0,51.0,72,140,212,403.0,826.0
01473000,07-17,43.0,53.0,74,125,225,384.0,681.0
01473000,07-18,43.0,54.0,70,122,213,362.0,624.0
01473000,07-19,48.0,57.0,70,110,184,314.0,565.0
01473000,07-20,46.0,57.0,75,116,151,368.0,480.0
01473000,07-21,45.0,57.0,83,112,143,343.0,581.0
01473000,07-22,50.0,55.0,78,111,162,522.0,1090.0
01473000,07-23,45.0,52.0,71,111,153,456.0,1830.0
01473000,07-24,44.0,53.0,71,107,203,674.0,1200.0
01473000,07-25,42.0,52.0,71,107,192,373.0,1210.0
01473000,07-26,42.0,50.0,73,108,191,313.0,984.0
01473000,07-27,40.0,51.0,61,105,206,351.0,1070.0
01473000,07-28,48.0,50.0,79,115,197,396.0,1460.0
01473000,07-29,48.0,49.0,80,110,199,455.0,1620.0
01473000,07-30,46.0,50.0,76,119,205,325.0,734.0
01473000,07-31,47.0,50.0,80,118,206,419.0,687.0
01473000,08-01,41.0,51.0,83,130,207,387.0,596.0
01473000,08-02,43.0,53.0,87,119,207,425.0,633.0
01473000,08-03,44.0,52.0,82,115,184,432.0,587.0
01473000,08-04,43.0,51.0,76,111,167,474.0,1700.0
01473000,08-05,41.0,54.0,80,109,195,565.0,1200.0
01473000,08-06,42.0,55.0,77,111,196,326.0,677.0
01473000,08-07,42.0,52.0,76,106,187,386.0,702.0
01473000,08-08,44.0,52.0,80,108,173,377.0,625.0
01473000,08-09,43.0,56.0,79,119,180,313.0,606.0
01473000,08-10,47.0,56.0,74,110,211,338.0,678.0
01473000,08-11,46.0,53.0,76,111,187,285.0,564.0
01473000,08-12,45.0,49.0,84,115,178,337.0,679.0
01473000,08-13,45.0,52.0,74,113,188,934.0,1670.0
01473000,08-14,43.0,49.0,71,112,253,545.0,716.0
01473000,08-15,43.0,50.0,66,108,186,355.0,528.0
01473000,08-16,42.0,52.0,64,104,175,254.0,286.0
01473000,08-17,43.0,50.0,71,107,164,281.0,606.0
01473000,08-18,45.0,49.0,73,109,171,313.0,654.0
01473000,08-19,45.0,48.0,70,107,165,336.0,577.0
01473000,08-20,44.0,47.0,69,108,146,245.0,361.0
01473000,08-21,41.0,47.0,66,102,153,241.0,392.0
01473000,08-22,44.0,49.0,72,101,157,401.0,607.0
01473000,08-23,43.0,53.0,72,103,159,375.0,1390.0
01473000,08-24,39.0,51.0,70,105,152,315.0,542.0
01473000,08-25,41.0,50.0,74,110,136,245.0,412.0
01473000,08-26,42.0,50.0,73,107,141,237.0,274.0
01473000,08-27,43.0,51.0,73,98,134,199.0,290.0
01473000,08-28,42.0,52.0,73,97,143,411.0,1060.0
01473000,08-29,40.0,52.0,70,99,162,447.0,797.0
01473000,08-30,40.0,50.0,68,92,151,257.0,553.0
01473000,08-31,41.0,50.0,64,90,147,248.0,505.0
01473000,09-01,46.0,50.0,65,90,134,282.0,625.0
01473000,09-02,48.0,58.0,66,95,153,352.0,777.0
01473000,09-03,46.0,50.0,67,91,142,441.0,950.0
01473000,09-04,43.0,53.0,67,96,165,505.0,670.0
01473000,09-05,38.0,47.0,65,99,180,328.0,463.0
01473000,09-06,38.0,45.0,69,107,147,319.0,806.0
01473000,09-07,41.0,47.0,66,100,133,290.0,787.0
01473000,09-08,41.0,49.0,66,104,133,250.0,815.0
01473000,09-09,46.0,50.0,66,106,130,666.0,1220.0
01473000,09-10,45.0,50.0,67,102,149,282.0,451.0
01473000,09-11,45.0,50.0,65,101,138,296.0,890.0
01473000,09-12,47.0,53.0,65,104,134,283.0,1710.0
01473000,09-13,46.0,50.0,68,108,166,613.0,1150.0
01473000,09-14,43.0,48.0,68,105,165,476.0,691.0
01473000,09-15,47.0,52.0,66,102,160,416.0,1240.0
01473000,09-16,47.0,50.0,69,100,144,322.0,1620.0
01473000,09-17,49.0,56.0,69,100,143,347.0,986.0
01473000,09-18,46.0,58.0,64,104,174,805.0,1090.0
01473000,09-19,43.0,53.0,72,98,159,465.0,1280.0
01473000,09-20,40.0,58.0,72,94,153,401.0,902.0
01473000,09-21,45.0,54.0,69,94,199,365.0,552.0
01473000,09-22,46.0,54.0,68,100,195,442.0,632.0
01473000,09-23,45.0,53.0,69,103,194,616.0,1270.0
01473000,09-24,48.0,52.0,66,99,173,557.0,1400.0
01473000,09-25,45.0,50.0,66,102,200,436.0,1260.0
01473000,09-26,47.0,53.0,66,100,193,502.0,1160.0
01473000,09-27,47.0,55.0,71,104,208,582.0,1380.0
01473000,09-28,47.0,55.0,78,112,212,596.0,2390.0
01473000,09-29,47.0,59.0,78,119,200,592.0,2600.0
01473000,09-30,51.0,60.0,74,117,257,576.0,813.0
01473000,10-01,52.0,60.0,76,115,205,470.0,888.0
01473000,10-02,56.0,61.0,77,118,216,531.0,1020.0
01473000,10-03,53.0,59.0,81,121,210,605.0,850.0
01473000,10-04,46.0,57.0,81,119,214,428.0,743.0
01473000,10-05,43.0,57.0,76,110,210,492.0,818.0
01473000,10-06,46.0,56.0,69,104,169,414.0,831.0
01473000,10-07,47.0,55.0,75,102,158,298.0,350.0
01473000,10-08,46.0,53.0,80,110,174,326.0,450.0
01473000,10-09,45.0,58.0,79,119,163,320.0,1180.0
01473000,10-10,43.0,57.0,74,118,180,589.0,1440.0
01473000,10-11,44.0,51.0,75,117,165,520.0,1220.0
01473000,10-12,45.0,49.0,72,107,192,506.0,1090.0
01473000,10-13,48.0,56.0,73,109,194,371.0,685.0
01473000,10-14,50.0,57.0,71,107,181,402.0,829.0
01473000,10-15,50.0,56.0,73,116,201,486.0,877.0
01473000,10-16,47.0,55.0,73,120,241,416.0,673.0
01473000,10-17,47.0,55.0,69,119,238,468.0,1120.0
01473000,10-18,49.0,53.0,70,117,238,473.0,737.0
01473000,10-19,49.0,56.0,75,107,229,680.0,2140.0
01473000,10-20,47.0,52.0,74,117,241,888.0,1730.0
01473000,10-21,46.0,53.0,72,123,228,608.0,1530.0
01473000,10-22,50.0,55.0,71,128,222,500.0,829.0
01473000,10-23,50.0,57.0,81,123,274,543.0,787.0
01473000,10-24,47.0,55.0,88,143,256,518.0,845.0
01473000,10-25,50.0,58.0,95,144,268,431.0,663.0
01473000,10-26,50.0,59.0,95,144,220,538.0,1030.0
01473000,10-27,49.0,59.0,99,148,249,662.0,1530.0
01473000,10-28,50.0,57.0,96,129,293,925.0,3490.0
01473000,10-29,47.0,61.0,93,136,277,907.0,1570.0
01473000,10-30,44.0,61.0,98,140,296,859.0,1990.0
01473000,10-31,45.0,65.0,98,132,262,952.0,1400.0
01473000,11-01,42.0,61.0,99,133,246,666.0,930.0
01473000,11-02,48.0,60.0,102,128,301,597.0,982.0
01473000,11-03,47.0,66.0,104,135,339,721.0,1620.0
01473000,11-04,56.0,61.0,96,131,296,619.0,929.0
01473000,11-05,49.0,73.0,99,139,300,489.0,688.0
01473000,11-06,55.0,72.0,102,149,283,482.0,580.0
01473000,11-07,57.0,73.0,107,153,232,392.0,808.0
01473000,11-08,61.0,74.0,106,155,256,594.0,1910.0
01473000,11-09,58.0,71.0,98,142,229,379.0,2010.0
01473000,11-10,57.0,74.0,97,162,241,687.0,1560.0
01473000,11-11,56.0,73.0,104,161,291,673.0,1060.0
01473000,11-12,50.0,71.0,96,158,383,739.0,1390.0
01473000,11-13,44.0,74.0,107,155,358,1080.0,2380.0
01473000,11-14,50.0,73.0,106,169,319,646.0,1410.0
01473000,11-15,61.0,74.0,102,164,290,459.0,1540.0
01473000,11-16,62.0,77.0,101,166,334,938.0,1620.0
01473000,11-17,58.0,75.0,102,179,367,887.0,2530.0
01473000,11-18,62.0,80.0,109,175,369,589.0,1030.0
01473000,11-19,61.0,71.0,122,176,333,648.0,1380.0
01473000,11-20,58.0,80.0,116,172,333,611.0,2420.0
01473000,11-21,56.0,71.0,118,173,330,646.0,1550.0
01473000,11-22,55.0,64.0,110,181,374,820.0,1690.0
01473000,11-23,57.0,71.0,106,166,341,938.0,1500.0
01473000,11-24,60.0,90.0,123,178,346,695.0,1790.0
01473000,11-25,61.0,82.0,123,173,327,943.0,2380.0
01473000,11-26,60.0,90.0,119,203,412,1620.0,2850.0
01473000,11-27,60.0,86.0,114,202,440,1750.0,2530.0
01473000,11-28,72.0,90.0,130,208,608,1020.0,3190.0
01473000,11-29,68.0,96.0,143,225,520,1660.0,2900.0
01473000,11-30,63.0,96.0,142,245,547,1340.0,3000.0
01473000,12-01,65.0,102.0,136,240,477,1510.0,3520.0
01473000,12-02,60.0,96.0,138,240,454,1360.0,1880.0
01473000,12-03,55.0,92.0,142,249,548,1040.0,2670.0
01473000,12-04,65.0,90.0,137,251,547,1120.0,1700.0
01473000,12-05,59.0,102.0,140,228,523,950.0,1810.0
01473000,12-06,59.0,108.0,139,251,520,1110.0,1350.0
01473000,12-07,72.0,124.0,144,261,584,1960.0,2440.0
01473000,12-08,92.0,120.0,145,229,445,1190.0,2260.0
01473000,12-09,86.0,115.0,147,245,535,1650.0,2800.0
01473000,12-10,76.0,119.0,139,247,514,1310.0,2040.0
01473000,12-11,68.0,107.0,146,277,608,1850.0,4670.0
01473000,12-12,94.0,120.0,154,302,583,1830.0,3470.0
01473000,12-13,95.0,117.0,151,271,513,1450.0,2240.0
01473000,12-14,105.0,117.0,147,292,642,1590.0,3840.0
01473000,12-15,93.0,113.0,144,296,534,1490.0,2430.0
01473000,12-16,85.0,112.0,140,333,634,1780.0,2940.0
01473000,12-17,85.0,105.0,149,296,607,1900.0,2720.0
01473000,12-18,90.0,110.0,157,296,694,1450.0,2290.0
01473000,12-19,87.0,111.0,160,274,478,990.0,2020.0
01473000,12-20,100.0,120.0,155,251,447,809.0,1620.0
01473000,12-21,93.0,115.0,151,260,482,1650.0,5660.0
01473000,12-22,85.0,113.0,163,243,611,1420.0,2040.0
01473000,12-23,81.0,110.0,173,290,557,1060.0,2370.0
01473000,12-24,79.0,110.0,162,282,699,1700.0,2230.0
01473000,12-25,81.0,111.0,162,299,670,1620.0,3470.0
01473000,12-26,96.0,116.0,164,281,592,1710.0,2110.0
01473000,12-27,90.0,111.0,159,259,555,1080.0,2180.0
01473000,12-28,80.0,116.0,150,268,524,1020.0,2490.0
01473000,12-29,79.0,120.0,163,295,525,1670.0,2240.0
01473000,12-30,88.0,120.0,180,314,493,982.0,1440.0
01473000,12-31,88.0,112.0,182,275,485,830.0,1300.0
01474500,01-01,543.0,705.0,1330,2320,4150,6960.0,13600.0
01474500,01-02,592.0,805.0,1480,2710,4130,9150.0,10600.0
01474500,01-03,647.0,905.0,1530,2660,4250,6950.0,10900.0
01474500,01-04,745.0,966.0,1580,2730,3790,7740.0,11000.0
01474500,01-05,708.0,951.0,1580,2610,4040,7360.0,8980.0
01474500,01-06,696.0,867.0,1370,2340,4240,7210.0,8950.0
01474500,01-07,689.0,873.0,1370,2370,4440,6780.0,9120.0
01474500,01-08,630.0,859.0,1390,2460,4170,7210.0,10800.0
01474500,01-09,679.0,820.0,1350,2350,4200,8030.0,10400.0
01474500,01-10,743.0,890.0,1280,2350,4270,8150.0,14200.0
01474500,01-11,687.0,910.0,1450,2500,4200,6870.0,8450.0
01474500,01-12,597.0,920.0,1500,2500,4110,6400.0,8950.0
01474500,01-13,573.0,890.0,1420,2470,3680,6060.0,7260.0
01474500,01-14,729.0,855.0,1470,2270,3450,5530.0,8190.0
01474500,01-15,748.0,888.0,1400,2420,3880,5690.0,8570.0
01474500,01-16,786.0,924.0,1250,2510,3800,5260.0,7360.0
01474500,01-17,652.0,855.0,1260,2350,3380,4990.0,6540.0
01474500,01-18,605.0,795.0,1300,2190,3210,5390.0,7800.0
01474500,01-19,615.0,822.0,1200,2160,3690,6210.0,7190.0
01474500,01-20,685.0,763.0,1250,2240,3800,6260.0,9500.0
01474500,01-21,604.0,822.0,1200,2170,3860,6220.0,9710.0
01474500,01-22,580.0,739.0,1330,2190,3990,6760.0,9510.0
01474500,01-23,616.0,785.0,1420,2230,3570,6860.0,9690.0
01474500,01-24,577.0,809.0,1400,2260,4100,8400.0,11000.0
01474500,01-25,532.0,740.0,1430,2320,4760,11300.0,16400.0
01474500,01-26,489.0,680.0,1400,2190,5740,12900.0,15600.0
01474500,01-27,443.0,775.0,1420,2140,5450,9330.0,12800.0
01474500,01-28,500.0,733.0,1400,2020,5590,10100.0,13700.0
01474500,01-29,516.0,821.0,1300,1940,5200,9220.0,13600.0
01474500,01-30,469.0,832.0,1310,2110,4240,8100.0,9660.0
01474500,01-31,459.0,790.0,1400,2090,3740,6920.0,8600.0
01474500,02-01,454.0,761.0,1400,2250,3820,6270.0,8100.0
01474500,02-02,549.0,798.0,1410,2340,4140,5940.0,8440.0
01474500,02-03,543.0,790.0,1440,2480,4360,7400.0,11200.0
01474500,02-04,548.0,816.0,1380,2490,4360,7850.0,13900.0
01474500,02-05,499.0,773.0,1350,2470,4560,8130.0,10800.0
01474500,02-06,587.0,797.0,1300,2580,4240,7580.0,8670.0
01474500,02-07,615.0,839.0,1310,2900,4310,7010.0,9160.0
01474500,02-08,662.0,863.0,1400,3050,4360,7590.0,10400.0
01474500,02-09,611.0,880.0,1350,2910,3870,5450.0,6700.0
01474500,02-10,561.0,847.0,1400,2640,3860,5150.0,6630.0
01474500,02-11,681.0,931.0,1430,2410,3700,6030.0,8130.0
01474500,02-12,740.0,904.0,1480,2470,4190,6230.0,8720.0
01474500,02-13,700.0,956.0,1640,2320,4040,6370.0,9920.0
01474500,02-14,672.0,1000.0,1570,2430,3760,6220.0,11600.0
01474500,02-15,666.0,1010.0,1600,2630,3980,7410.0,12200.0
01474500,02-16,748.0,1030.0,1730,2740,4130,7440.0,9420.0
01474500,02-17,817.0,1080.0,1710,2700,4920,6940.0,9420.0
01474500,02-18,782.0,1210.0,1760,2680,4680,7110.0,8270.0
01474500,02-19,971.0,1250.0,1790,2730,4320,7090.0,10400.0
01474500,02-20,877.0,1320.0,1900,2800,4760,7090.0,9180.0
01474500,02-21,817.0,1260.0,1810,2890,5160,7220.0,9570.0
01474500,02-22,881.0,1210.0,1770,2730,4940,7720.0,10800.0
01474500,02-23,956.0,1340.0,1710,2840,4830,8640.0,10700.0
01474500,02-24,1060.0,1330.0,1730,3130,5550,8970.0,11000.0
01474500,02-25,1060.0,1260.0,1800,3080,5540,9440.0,14700.0
01474500,02-26,980.0,1180.0,2080,3300,5520,8710.0,12500.0
01474500,02-27,996.0,1120.0,1990,3240,4940,8430.0,12300.0
01474500,02-28,888.0,1120.0,1870,3290,4950,9110.0,10900.0
01474500,02-29,906.0,1130.0,2030,3010,5650,9000.0,9650.0
01474500,03-01,906.0,1150.0,1860,3090,5020,8720.0,12600.0
01474500,03-02,916.0,1140.0,1960,2980,5320,9880.0,12700.0
01474500,03-03,1160.0,1340.0,1990,2880,4840,8410.0,11200.0
01474500,03-04,1130.0,1410.0,2210,3390,5360,8290.0,10700.0
01474500,03-05,1170.0,1420.0,2250,3480,6150,8870.0,11000.0
01474500,03-06,1230.0,1440.0,2250,3660,5720,8890.0,12200.0
01474500,03-07,1390.0,1720.0,2400,3630,6130,9280.0,13900.0
01474500,03-08,1380.0,1750.0,2210,3780,5300,8060.0,9880.0
01474500,03-09,1300.0,1740.0,2420,3650,5050,7510.0,10600.0
01474500,03-10,1400.0,1680.0,2290,3590,5060,8700.0,12600.0
01474500,03-11,1450.0,1630.0,2280,3320,4770,9060.0,14100.0
01474500,03-12,1430.0,1600.0,2380,3210,4830,8060.0,15400.0
01474500,03-13,1310.0,1630.0,2450,3610,5650,10900.0,15800.0
01474500,03-14,1310.0,1780.0,2540,3850,6290,10000.0,13300.0
01474500,03-15,1260.0,1760.0,2530,4060,5700,12800.0,17200.0
01474500,03-16,1210.0,1730.0,2340,3800,6010,9600.0,14600.0
01474500,03-17,1410.0,1650.0,2420,3930,6290,8920.0,10000.0
01474500,03-18,1560.0,1710.0,2460,3800,6150,8100.0,10100.0
01474500,03-19,1500.0,1880.0,2630,3890,6160,7670.0,9510.0
01474500,03-20,1410.0,1770.0,2630,4180,6300,8180.0,12200.0
01474500,03-21,1330.0,1730.0,2860,4200,5840,9610.0,16100.0
01474500,03-22,1320.0,1640.0,2910,4200,6380,12800.0,17100.0
01474500,03-23,1380.0,1530.0,3060,4610,6360,11700.0,16700.0
01474500,03-24,1270.0,1580.0,2770,4220,6860,10400.0,14900.0
01474500,03-25,1370.0,1670.0,2800,4210,6000,9740.0,11500.0
01474500,03-26,1290.0,1750.0,2660,3890,5600,8090.0,11300.0
01474500,03-27,1290.0,1750.0,2760,3700,5530,8380.0,11900.0
01474500,03-28,1280.0,1860.0,2710,3860,5360,10200.0,14400.0
01474500,03-29,1270.0,1920.0,2550,3480,5260,9860.0,14400.0
01474500,03-30,1280.0,1830.0,2400,3570,5810,10200.0,12900.0
01474500,03-31,1340.0,1770.0,2340,3590,5730,10000.0,12700.0
01474500,04-01,1620.0,1850.0,2390,3760,5730,10500.0,13200.0
01474500,04-02,1610.0,1920.0,2510,3650,6810,10500.0,19100.0
01474500,04-03,1550.0,1870.0,2320,3850,6690,8220.0,14000.0
01474500,04-04,1450.0,1750.0,2270,3700,6290,8820.0,12800.0
01474500,04-05,1430.0,1600.0,2190,3580,5740,10900.0,17300.0
01474500,04-06,1410.0,1620.0,2360,3590,5300,11000.0,13700.0
01474500,04-07,1310.0,1600.0,2310,3700,5640,10600.0,17700.0
01474500,04-08,1420.0,1650.0,2280,3510,6090,10500.0,12300.0
01474500,04-09,1380.0,1550.0,2270,3320,5620,8830.0,11600.0
01474500,04-10,1400.0,1510.0,2170,3270,5710,8780.0,11400.0
01474500,04-11,1330.0,1550.0,2230,3280,5100,7820.0,8810.0
01474500,04-12,1270.0,1490.0,2310,3470,5420,6900.0,8890.0
01474500,04-13,1220.0,1420.0,2260,3550,5740,8050.0,11400.0
01474500,04-14,1170.0,1340.0,2120,3300,5070,8350.0,9350.0
01474500,04-15,1180.0,1310.0,2040,3250,5400,8980.0,9720.0
01474500,04-16,1150.0,1340.0,2090,3500,5410,8590.0,14400.0
01474500,04-17,1190.0,1420.0,2020,3520,5180,9250.0,15100.0
01474500,04-18,1150.0,1440.0,2010,3320,4840,7050.0,12600.0
01474500,04-19,1090.0,1380.0,2000,3190,4670,6800.0,11000.0
01474500,04-20,1040.0,1300.0,2040,3210,4620,7550.0,9770.0
01474500,04-21,1040.0,1230.0,1960,3060,4330,6400.0,7920.0
01474500,04-22,1040.0,1270.0,1870,2950,4220,5920.0,8320.0
01474500,04-23,1040.0,1400.0,1950,3050,4300,5580.0,7370.0
01474500,04-24,1100.0,1450.0,1940,2890,4160,5640.0,7390.0
01474500,04-25,1060.0,1360.0,2070,2840,3950,5530.0,6760.0
01474500,04-26,1140.0,1370.0,1990,2800,4010,5610.0,7130.0
01474500,04-27,1120.0,1470.0,1890,2680,3850,6740.0,10900.0
01474500,04-28,1100.0,1450.0,1950,2730,3710,5970.0,8320.0
01474500,04-29,1200.0,1340.0,1940,2600,3970,6220.0,8500.0
01474500,04-30,1040.0,1340.0,1930,2570,3730,5880.0,8470.0
01474500,05-01,1090.0,1490.0,1920,2370,3440,6570.0,11400.0
01474500,05-02,1050.0,1620.0,1950,2400,3530,5960.0,8990.0
01474500,05-03,1010.0,1570.0,1840,2510,3880,5720.0,7270.0
01474500,05-04,1130.0,1440.0,1830,2740,3940,6220.0,7880.0
01474500,05-05,996.0,1380.0,1760,2680,3790,6180.0,7360.0
01474500,05-06,1060.0,1280.0,1720,2630,3890,5550.0,9250.0
01474500,05-07,1010.0,1210.0,1670,2610,3800,6750.0,10700.0
01474500,05-08,1040.0,1260.0,1620,2460,3840,6350.0,10100.0
01474500,05-09,1010.0,1320.0,1710,2440,3830,6510.0,9730.0
01474500,05-10,944.0,1260.0,1660,2430,3830,6240.0,9640.0
01474500,05-11,981.0,1240.0,1680,2410,3600,6230.0,8630.0
01474500,05-12,959.0,1240.0,1610,2410,3420,6660.0,8380.0
01474500,05-13,923.0,1230.0,1600,2490,4310,5770.0,9650.0
01474500,05-14,925.0,1190.0,1570,2470,4410,7050.0,10100.0
01474500,05-15,889.0,1150.0,1470,2400,4050,5150.0,8090.0
01474500,05-16,844.0,1120.0,1490,2470,3870,5910.0,10700.0
01474500,05-17,889.0,1110.0,1490,2310,4140,6220.0,13000.0
01474500,05-18,891.0,1070.0,1390,2290,3920,7370.0,8620.0
01474500,05-19,830.0,1060.0,1510,2270,3680,6190.0,10900.0
01474500,05-20,893.0,1060.0,1540,2260,3510,5570.0,9290.0
01474500,05-21,865.0,1080.0,1520,2080,3420,6350.0,10100.0
01474500,05-22,912.0,1030.0,1490,2190,3860,5920.0,6810.0
01474500,05-23,834.0,1020.0,1450,2050,3530,5560.0,9050.0
01474500,05-24,777.0,990.0,1400,2010,3430,5660.0,8820.0
01474500,05-25,801.0,1020.0,1390,1990,3330,6260.0,8130.0
01474500,05-26,774.0,944.0,1310,1840,3240,6480.0,9490.0
01474500,05-27,702.0,904.0,1290,1940,3150,6580.0,10300.0
01474500,05-28,708.0,889.0,1300,1960,3750,5560.0,7650.0
01474500,05-29,710.0,877.0,1230,1950,3710,6070.0,8660.0
01474500,05-30,762.0,846.0,1190,1760,3470,6430.0,10500.0
01474500,05-31,729.0,791.0,1140,1810,3340,6890.0,11900.0
01474500,06-01,671.0,852.0,1140,1840,3500,6690.0,12600.0
01474500,06-02,683.0,783.0,1120,1920,3730,6740.0,10700.0
01474500,06-03,719.0,833.0,1040,1940,3570,5890.0,8010.0
01474500,06-04,664.0,772.0,1120,1970,3450,4780.0,6410.0
01474500,06-05,684.0,779.0,1050,1980,3110,4760.0,5840.0
01474500,06-06,647.0,745.0,998,1950,2900,4610.0,6030.0
01474500,06-07,578.0,746.0,1030,1780,3050,4980.0,6820.0
01474500,06-08,589.0,697.0,962,1700,2810,5140.0,6110.0
01474500,06-09,566.0,633.0,1020,1650,2810,3990.0,4750.0
01474500,06-10,546.0,653.0,913,1620,2670,3800.0,4820.0
01474500,06-11,502.0,618.0,1000,1580,2500,3260.0,5430.0
01474500,06-12,564.0,720.0,1010,1630,2510,3790.0,5690.0
01474500,06-13,621.0,699.0,1050,1700,2930,5110.0,6110.0
01474500,06-14,634.0,733.0,1060,1700,2870,4680.0,7500.0
01474500,06-15,616.0,741.0,1020,1620,2450,4690.0,6170.0
01474500,06-16,595.0,747.0,1040,1620,2480,4330.0,5420.0
01474500,06-17,574.0,723.0,966,1440,2360,3650.0,4170.0
01474500,06-18,634.0,695.0,952,1450,2410,3420.0,4530.0
01474500,06-19,603.0,715.0,1000,1470,2440,3810.0,4890.0
01474500,06-20,566.0,697.0,939,1450,2420,4640.0,6700.0
01474500,06-21,545.0,737.0,920,1410,2200,3850.0,5350.0
01474500,06-22,501.0,680.0,872,1340,2130,4100.0,6690.0
01474500,06-23,449.0,587.0,825,1380,2100,3480.0,6260.0
01474500,06-24,414.0,632.0,850,1490,2120,3220.0,6270.0
01474500,06-25,454.0,583.0,793,1380,1850,4270.0,6770.0
01474500,06-26,420.0,572.0,799,1160,1890,3200.0,7280.0
01474500,06-27,461.0,532.0,782,1160,1840,4470.0,7350.0
01474500,06-28,362.0,567.0,759,1140,2050,4110.0,5910.0
01474500,06-29,378.0,491.0,775,1180,1900,4340.0,8160.0
01474500,06-30,390.0,500.0,781,1170,2150,4080.0,6160.0
01474500,07-01,413.0,501.0,775,1200,1910,4210.0,8170.0
01474500,07-02,388.0,438.0,718,1150,2270,3790.0,7620.0
01474500,07-03,366.0,455.0,715,1120,2240,3200.0,5640.0
01474500,07-04,302.0,444.0,676,1100,1940,4250.0,6420.0
01474500,07-05,318.0,388.0,697,1060,1820,3810.0,4470.0
01474500,07-06,270.0,385.0,643,1110,1960,3510.0,5570.0
01474500,07-07,357.0,430.0,660,1090,1750,3140.0,4480.0
01474500,07-08,351.0,404.0,698,1180,1780,3190.0,3960.0
01474500,07-09,324.0,404.0,621,1110,2030,3830.0,5630.0
01474500,07-10,303.0,391.0,652,1090,1750,3810.0,7080.0
01474500,07-11,329.0,404.0,643,995,2030,3780.0,6730.0
01474500,07-12,274.0,421.0,611,1040,1950,4030.0,6100.0
01474500,07-13,283.0,387.0,709,1150,2550,5000.0,6770.0
01474500,07-14,297.0,389.0,742,1270,2360,4200.0,6900.0
01474500,07-15,252.0,416.0,695,1280,2350,4170.0,5480.0
01474500,07-16,229.0,382.0,640,1130,2350,4550.0,6490.0
01474500,07-17,224.0,343.0,556,1190,2090,3860.0,6230.0
01474500,07-18,237.0,298.0,565,1140,1940,4160.0,5760.0
01474500,07-19,204.0,324.0,571,1080,1640,3850.0,5620.0
01474500,07-20,183.0,311.0,553,1030,1760,3330.0,5040.0
01474500,07-21,171.0,370.0,565,1010,1810,3210.0,5370.0
01474500,07-22,163.0,309.0,577,980,1910,3800.0,5470.0
01474500,07-23,154.0,359.0,525,1020,1910,4930.0,9780.0
01474500,07-24,191.0,360.0,565,960,1820,5660.0,7350.0
01474500,07-25,180.0,386.0,583,996,1930,4220.0,6550.0
01474500,07-26,198.0,347.0,660,1020,1930,3720.0,6550.0
01474500,07-27,196.0,286.0,680,1020,1900,4440.0,5530.0
01474500,07-28,167.0,346.0,641,968,1770,4070.0,6130.0
01474500,07-29,248.0,346.0,606,989,1690,3350.0,4940.0
01474500,07-30,241.0,306.0,587,1020,1630,3010.0,4650.0
01474500,07-31,161.0,265.0,591,1040,1850,2630.0,4190.0
01474500,08-01,155.0,275.0,579,964,1800,3310.0,4240.0
01474500,08-02,160.0,241.0,565,1010,1610,3480.0,6320.0
01474500,08-03,164.0,274.0,554,1020,1800,3670.0,6420.0
01474500,08-04,169.0,254.0,582,943,1820,4290.0,9980.0
01474500,08-05,168.0,310.0,583,888,1640,3840.0,5640.0
01474500,08-06,165.0,275.0,591,929,1700,3280.0,5400.0
01474500,08-07,209.0,259.0,551,878,1700,3430.0,5580.0
01474500,08-08,256.0,328.0,559,892,1740,3090.0,5130.0
01474500,08-09,213.0,314.0,535,945,1820,3600.0,5750.0
01474500,08-10,175.0,289.0,478,911,1800,4100.0,7260.0
01474500,08-11,184.0,266.0,566,1030,1700,3530.0,5000.0
01474500,08-12,224.0,260.0,660,979,1690,2950.0,3690.0
01474500,08-13,200.0,261.0,564,1050,1880,4740.0,8710.0
01474500,08-14,182.0,241.0,570,1100,1980,3630.0,7710.0
01474500,08-15,145.0,280.0,509,1060,1770,3240.0,6340.0
01474500,08-16,169.0,259.0,533,939,1620,2700.0,4100.0
01474500,08-17,167.0,258.0,517,912,1490,2550.0,3380.0
01474500,08-18,147.0,275.0,490,841,1500,2600.0,5710.0
01474500,08-19,219.0,283.0,503,890,1490,3090.0,5460.0
01474500,08-20,191.0,237.0,468,830,1550,3290.0,5300.0
01474500,08-21,145.0,266.0,515,866,1540,3260.0,4110.0
01474500,08-22,233.0,261.0,545,875,1540,3280.0,8810.0
01474500,08-23,188.0,256.0,508,849,1470,3660.0,7240.0
01474500,08-24,184.0,267.0,455,797,1470,3660.0,5920.0
01474500,08-25,176.0,247.0,499,752,1510,3070.0,4040.0
01474500,08-26,164.0,243.0,521,800,1360,2440.0,3580.0
01474500,08-27,182.0,204.0,499,811,1490,2880.0,4350.0
01474500,08-28,171.0,229.0,459,815,1390,3050.0,5810.0
01474500,08-29,160.0,255.0,447,761,1400,2800.0,5720.0
01474500,08-30,135.0,254.0,457,745,1540,2470.0,3990.0
01474500,08-31,122.0,245.0,466,758,1490,2000.0,3830.0
01474500,09-01,179.0,224.0,424,725,1380,3520.0,5030.0
01474500,09-02,147.0,256.0,433,733,1320,3040.0,7700.0
01474500,09-03,196.0,249.0,414,690,1340,2820.0,7390.0
01474500,09-04,184.0,248.0,443,682,1480,3380.0,5630.0
01474500,09-05,176.0,253.0,424,662,1390,3640.0,4540.0
01474500,09-06,149.0,275.0,504,739,1440,3470.0,7350.0
01474500,09-07,164.0,256.0,489,796,1370,3640.0,5790.0
01474500,09-08,157.0,215.0,436,828,1550,3210.0,5010.0
01474500,09-09,94.0,203.0,421,793,1420,2890.0,5520.0
01474500,09-10,86.0,212.0,442,809,1410,2760.0,5230.0
01474500,09-11,121.0,177.0,495,781,1450,3100.0,5270.0
01474500,09-12,132.0,215.0,507,766,1440,4110.0,8480.0
01474500,09-13,137.0,203.0,454,817,1440,2940.0,7160.0
01474500,09-14,130.0,231.0,454,822,1430,3040.0,7980.0
01474500,09-15,141.0,246.0,429,811,1420,4830.0,7770.0
01474500,09-16,144.0,229.0,438,815,1360,4600.0,8050.0
01474500,09-17,128.0,250.0,465,784,1370,3730.0,7160.0
01474500,09-18,119.0,265.0,492,788,1440,4620.0,7830.0
01474500,09-19,110.0,276.0,466,733,1570,4520.0,7430.0
01474500,09-20,123.0,189.0,470,722,1510,4780.0,7620.0
01474500,09-21,105.0,191.0,478,736,1380,3950.0,8750.0
01474500,09-22,107.0,221.0,474,775,1610,3420.0,6520.0
01474500,09-23,115.0,270.0,497,751,1560,4240.0,5940.0
01474500,09-24,116.0,221.0,429,749,1340,4240.0,6080.0
01474500,09-25,99.0,231.0,454,749,1840,3720.0,6950.0
01474500,09-26,88.0,230.0,419,768,1890,3620.0,7190.0
01474500,09-27,95.0,184.0,406,802,2040,3360.0,5840.0
01474500,09-28,115.0,191.0,412,839,2030,5000.0,11200.0
01474500,09-29,128.0,290.0,447,907,2040,4840.0,9080.0
01474500,09-30,129.0,298.0,443,954,2270,3200.0,7190.0
01474500,10-01,205.0,289.0,486,933,1830,4130.0,6480.0
01474500,10-02,229.0,318.0,492,935,1830,3660.0,6710.0
01474500,10-03,226.0,308.0,534,1000,1900,3820.0,5550.0
01474500,10-04,196.0,288.0,506,878,1710,3830.0,4490.0
01474500,10-05,219.0,288.0,464,890,1550,3580.0,4400.0
01474500,10-06,193.0,268.0,484,909,1430,3680.0,5830.0
01474500,10-07,214.0,296.0,469,913,1680,3230.0,3990.0
01474500,10-08,203.0,299.0,475,934,1600,2870.0,3920.0
01474500,10-09,210.0,317.0,544,1010,1780,3100.0,4430.0
01474500,10-10,219.0,293.0,550,924,1580,3680.0,6360.0
01474500,10-11,219.0,292.0,594,839,1850,3670.0,5170.0
01474500,10-12,177.0,284.0,544,869,1800,3060.0,5200.0
01474500,10-13,165.0,271.0,500,834,1700,3050.0,4750.0
01474500,10-14,171.0,251.0,482,932,1560,3000.0,3800.0
01474500,10-15,174.0,232.0,462,910,1580,3220.0,4210.0
01474500,10-16,220.0,277.0,447,935,1780,2770.0,4830.0
01474500,10-17,212.0,309.0,490,939,1690,3720.0,5120.0
01474500,10-18,231.0,294.0,491,875,1790,3720.0,4940.0
01474500,10-19,231.0,335.0,555,864,1770,3990.0,5860.0
01474500,10-20,210.0,318.0,530,883,1870,4940.0,6990.0
01474500,10-21,224.0,319.0,530,879,1850,4190.0,7080.0
01474500,10-22,239.0,290.0,536,898,1740,3670.0,7550.0
01474500,10-23,203.0,276.0,512,983,1740,3410.0,6230.0
01474500,10-24,224.0,280.0,480,1000,2270,4640.0,5820.0
01474500,10-25,224.0,295.0,548,1010,2220,3970.0,5130.0
01474500,10-26,246.0,338.0,583,1090,2190,3590.0,5250.0
01474500,10-27,245.0,346.0,533,1060,2340,4010.0,7390.0
01474500,10-28,208.0,368.0,575,1050,2380,5310.0,8650.0
01474500,10-29,215.0,386.0,575,1110,2330,4660.0,7800.0
01474500,10-30,191.0,386.0,635,1160,2770,5870.0,8070.0
01474500,10-31,208.0,361.0,678,1070,2430,5200.0,7030.0
01474500,11-01,221.0,353.0,651,1190,2380,5290.0,6290.0
01474500,11-02,276.0,378.0,625,1250,2320,4960.0,6580.0
01474500,11-03,275.0,378.0,708,1310,2820,5360.0,7950.0
01474500,11-04,269.0,375.0,707,1200,2640,4750.0,6120.0
01474500,11-05,276.0,360.0,661,1290,3150,4320.0,5960.0
01474500,11-06,314.0,360.0,705,1330,2610,3930.0,4310.0
01474500,11-07,222.0,415.0,698,1450,2460,3700.0,5690.0
01474500,11-08,286.0,373.0,725,1410,2360,3930.0,8460.0
01474500,11-09,296.0,380.0,749,1250,2280,4090.0,13200.0
01474500,11-10,316.0,419.0,755,1300,2200,6200.0,9730.0
01474500,11-11,259.0,455.0,719,1320,2290,4870.0,8750.0
01474500,11-12,297.0,419.0,731,1320,2280,5990.0,8130.0
01474500,11-13,280.0,392.0,741,1290,2910,5490.0,8340.0
01474500,11-14,257.0,398.0,720,1360,2680,5060.0,8290.0
01474500,11-15,267.0,406.0,692,1410,2520,4270.0,9410.0
01474500,11-16,257.0,386.0,700,1370,2600,4380.0,9350.0
01474500,11-17,297.0,406.0,702,1480,2780,6250.0,11000.0
01474500,11-18,295.0,408.0,750,1410,2720,4910.0,8870.0
01474500,11-19,252.0,385.0,730,1430,2980,4890.0,8180.0
01474500,11-20,254.0,423.0,791,1370,2800,4240.0,7830.0
01474500,11-21,234.0,433.0,811,1370,2850,6200.0,8040.0
01474500,11-22,225.0,410.0,822,1580,2820,6030.0,6600.0
01474500,11-23,301.0,436.0,830,1620,2880,5040.0,7280.0
01474500,11-24,333.0,457.0,855,1560,2760,4240.0,7270.0
01474500,11-25,322.0,491.0,885,1720,2910,5650.0,8770.0
01474500,11-26,387.0,513.0,929,1840,2870,6340.0,9710.0
01474500,11-27,332.0,506.0,1010,1710,3460,6550.0,9580.0
01474500,11-28,332.0,555.0,1020,1780,3860,5990.0,9820.0
01474500,11-29,321.0,577.0,1010,1990,3800,8680.0,12200.0
01474500,11-30,333.0,628.0,1110,2220,4070,8150.0,12300.0
01474500,12-01,378.0,615.0,1140,2060,4220,8370.0,11800.0
01474500,12-02,421.0,584.0,1140,2050,3800,6980.0,13000.0
01474500,12-03,361.0,597.0,1270,2090,3700,7930.0,9580.0
01474500,12-04,411.0,628.0,1190,2030,3760,7880.0,9030.0
01474500,12-05,439.0,588.0,1140,1860,4270,6900.0,10200.0
01474500,12-06,459.0,602.0,1090,1840,4010,8010.0,14200.0
01474500,12-07,465.0,580.0,1180,2030,4850,9200.0,11800.0
01474500,12-08,413.0,568.0,1200,2020,4320,7870.0,11300.0
01474500,12-09,391.0,492.0,1200,2100,4200,7450.0,13800.0
01474500,12-10,389.0,503.0,1170,2040,4040,9020.0,10900.0
01474500,12-11,341.0,578.0,1200,2340,3840,8260.0,13800.0
01474500,12-12,393.0,668.0,1150,2220,4890,8800.0,12900.0
01474500,12-13,506.0,720.0,1180,2240,3960,8040.0,12400.0
01474500,12-14,581.0,765.0,1290,2200,4440,7530.0,12400.0
01474500,12-15,561.0,758.0,1240,2310,3950,8080.0,13100.0
01474500,12-16,568.0,719.0,1240,2410,4100,8710.0,11600.0
01474500,12-17,476.0,719.0,1150,2240,4730,8690.0,12400.0
01474500,12-18,430.0,668.0,1160,2130,4190,7290.0,10700.0
01474500,12-19,426.0,782.0,1320,2180,4000,5640.0,9110.0
01474500,12-20,408.0,729.0,1290,2010,3590,5790.0,8780.0
01474500,12-21,447.0,742.0,1280,2160,3890,7660.0,17900.0
01474500,12-22,486.0,727.0,1260,2170,3620,8020.0,14100.0
01474500,12-23,483.0,688.0,1240,2110,4010,7470.0,11200.0
01474500,12-24,556.0,789.0,1280,2090,4020,7630.0,9350.0
01474500,12-25,651.0,800.0,1300,2140,4170,7790.0,10000.0
01474500,12-26,598.0,798.0,1250,2080,4980,7830.0,11100.0
01474500,12-27,650.0,844.0,1130,2090,4900,7110.0,11300.0
01474500,12-28,629.0,716.0,1130,2000,4720,7890.0,9070.0
01474500,12-29,581.0,732.0,1260,2000,4430,7090.0,9600.0
01474500,12-30,547.0,769.0,1260,2380,4550,6650.0,7800.0
01474500,12-31,490.0,707.0,1260,2220,4230,6020.0,7930.0
01473500,01-01,552.0,665.0,1290,3400,4260,6170.0,16000.0
01473500,01-02,494.0,756.0,2070,3120,3980,9900.0,10900.0
01473500,01-03,484.0,744.0,1810,2930,3280,8270.0,11800.0
01473500,01-04,493.0,770.0,1960,2900,3810,7220.0,10100.0
01473500,01-05,581.0,721.0,1860,2560,3800,7160.0,7690.0
01473500,01-06,741.0,844.0,2000,2590,4590,6460.0,8090.0
01473500,01-07,760.0,1000.0,1870,2460,4950,6890.0,9510.0
01473500,01-08,780.0,984.0,1670,2370,4270,7320.0,9290.0
01473500,01-09,814.0,869.0,1480,2230,3820,8980.0,9690.0
01473500,01-10,733.0,845.0,1450,2480,3650,7200.0,21600.0
01473500,01-11,782.0,881.0,1670,2250,4300,7810.0,13400.0
01473500,01-12,767.0,1010.0,1850,2520,4030,8450.0,14200.0
01473500,01-13,748.0,1020.0,2000,2580,4010,7480.0,12300.0
01473500,01-14,648.0,904.0,1790,2380,3750,9340.0,17200.0
01473500,01-15,605.0,870.0,1640,2250,3660,8460.0,13100.0
01473500,01-16,565.0,913.0,1510,2330,3670,7240.0,9290.0
01473500,01-17,582.0,864.0,1510,2150,3250,6190.0,7850.0
01473500,01-18,597.0,911.0,1560,2580,3550,5060.0,7690.0
01473500,01-19,822.0,1010.0,1810,2320,3250,4340.0,8680.0
01473500,01-20,792.0,927.0,2000,2330,3130,6580.0,11300.0
01473500,01-21,647.0,950.0,1740,2100,2670,4750.0,8220.0
01473500,01-22,775.0,940.0,1310,1930,2430,3900.0,5910.0
01473500,01-23,785.0,880.0,1430,1900,2390,5230.0,7320.0
01473500,01-24,620.0,727.0,1480,1800,2780,7620.0,14000.0
01473500,01-25,530.0,760.0,1530,1820,4540,10200.0,16600.0
01473500,01-26,454.0,710.0,1500,2000,4060,12700.0,15500.0
01473500,01-27,612.0,875.0,1400,1860,4130,8060.0,8780.0
01473500,01-28,740.0,1140.0,1400,1710,3550,7050.0,9010.0
01473500,01-29,802.0,916.0,1330,1640,3580,5730.0,8150.0
01473500,01-30,612.0,780.0,1330,1700,3020,4780.0,6640.0
01473500,01-31,644.0,882.0,1370,1680,2900,4410.0,13600.0
01473500,02-01,681.0,880.0,1330,1700,3160,4070.0,8610.0
01473500,02-02,676.0,904.0,1530,1770,2970,4330.0,9380.0
01473500,02-03,616.0,830.0,1610,2000,3260,5800.0,6790.0
01473500,02-04,589.0,823.0,1610,2300,3000,7090.0,18100.0
01473500,02-05,557.0,752.0,1380,2410,4480,9630.0,15200.0
01473500,02-06,580.0,808.0,1260,2470,4420,8100.0,11200.0
01473500,02-07,542.0,906.0,1450,2640,4440,7650.0,14500.0
01473500,02-08,542.0,965.0,1700,2410,5420,7310.0,13800.0
01473500,02-09,688.0,980.0,1600,2570,3910,5400.0,11200.0
01473500,02-10,919.0,1100.0,1740,2350,3700,4770.0,6750.0
01473500,02-11,928.0,1020.0,1530,2000,3940,5160.0,9990.0
01473500,02-12,840.0,979.0,1460,2030,3300,4470.0,8250.0
01473500,02-13,964.0,1060.0,1450,1990,3580,6420.0,13600.0
01473500,02-14,901.0,1060.0,1470,2080,3400,6890.0,12900.0
01473500,02-15,865.0,940.0,1410,2190,3580,9250.0,13400.0
01473500,02-16,895.0,902.0,1270,2520,4140,8760.0,9420.0
01473500,02-17,764.0,1130.0,1300,2240,5850,7360.0,11200.0
01473500,02-18,772.0,1190.0,1490,2460,4960,7760.0,8720.0
01473500,02-19,935.0,1150.0,1700,2330,4130,7210.0,9450.0
01473500,02-20,893.0,1190.0,1590,2750,3930,7140.0,9150.0
01473500,02-21,891.0,982.0,1630,2620,4460,6700.0,7680.0
01473500,02-22,859.0,976.0,1540,2430,4410,6460.0,7590.0
01473500,02-23,888.0,1110.0,1450,2810,4170,7250.0,14300.0
01473500,02-24,941.0,1090.0,1430,2860,4500,9050.0,13700.0
01473500,02-25,859.0,1020.0,1350,3060,6360,8950.0,19000.0
01473500,02-26,837.0,1050.0,1590,2930,5260,11700.0,14900.0
01473500,02-27,778.0,987.0,1500,2980,5210,9500.0,19200.0
01473500,02-28,743.0,1040.0,1720,3060,4610,8940.0,13600.0
01473500,02-29,,,2050,3110,5720,,
01473500,03-01,749.0,1120.0,2110,2740,4700,7180.0,13600.0
01473500,03-02,769.0,1110.0,2060,2800,5000,14500.0,20400.0
01473500,03-03,959.0,1310.0,1990,2750,4650,11100.0,17800.0
01473500,03-04,909.0,1220.0,2130,2940,5730,9160.0,11400.0
01473500,03-05,858.0,1260.0,1970,2720,6080,8410.0,11400.0
01473500,03-06,1030.0,1290.0,1930,3100,6510,10300.0,21800.0
01473500,03-07,948.0,1510.0,2040,2890,5670,12400.0,16800.0
01473500,03-08,1360.0,1580.0,2000,3040,5640,10000.0,16300.0
01473500,03-09,1180.0,1590.0,2140,3400,5320,7760.0,13900.0
01473500,03-10,1020.0,1580.0,2010,3380,5040,12300.0,15900.0
01473500,03-11,1140.0,1580.0,1850,3320,5230,11400.0,22600.0
01473500,03-12,1190.0,1500.0,1790,3400,4880,8530.0,19100.0
01473500,03-13,1170.0,1380.0,2020,3450,6380,13700.0,15200.0
01473500,03-14,1180.0,1280.0,2110,3780,5600,11400.0,19600.0
01473500,03-15,1020.0,1220.0,1990,3340,5190,9160.0,15900.0
01473500,03-16,978.0,1140.0,1820,3080,5990,10100.0,11300.0
01473500,03-17,1130.0,1210.0,1740,2840,5290,7800.0,9760.0
01473500,03-18,1350.0,1480.0,2010,2790,4590,7110.0,8700.0
01473500,03-19,1330.0,1420.0,1980,3400,5210,6970.0,7760.0
01473500,03-20,1340.0,1420.0,1910,3790,5230,7500.0,14000.0
01473500,03-21,1330.0,1390.0,2170,3150,5420,9170.0,21700.0
01473500,03-22,1270.0,1360.0,2280,3460,5450,12600.0,23700.0
01473500,03-23,1240.0,1310.0,2100,3380,5500,11400.0,14400.0
01473500,03-24,1200.0,1260.0,2230,3700,6490,9870.0,11800.0
01473500,03-25,1160.0,1270.0,2220,3580,5640,7630.0,11200.0
01473500,03-26,1170.0,1270.0,2250,3370,4600,6500.0,7370.0
01473500,03-27,1220.0,1260.0,2250,3150,4340,5590.0,8480.0
01473500,03-28,1140.0,1240.0,2300,3590,4780,6630.0,15900.0
01473500,03-29,1110.0,1210.0,2170,3290,5100,10200.0,21200.0
01473500,03-30,1100.0,1260.0,2060,3110,6300,11200.0,14300.0
01473500,03-31,1190.0,1410.0,2030,2970,5820,9750.0,14800.0
01473500,04-01,1320.0,1580.0,2030,3540,5430,10300.0,14300.0
01473500,04-02,1300.0,1700.0,2350,3310,5170,8830.0,15500.0
01473500,04-03,1260.0,1490.0,2070,3590,4660,7470.0,32800.0
01473500,04-04,1290.0,1570.0,2030,3350,4760,7920.0,26600.0
01473500,04-05,1250.0,1580.0,1850,3120,4240,6430.0,16000.0
01473500,04-06,1150.0,1550.0,2250,3080,4210,8540.0,11700.0
01473500,04-07,1070.0,1490.0,2150,2880,4060,9430.0,13300.0
01473500,04-08,1230.0,1440.0,2440,2850,4020,11700.0,17400.0
01473500,04-09,1190.0,1420.0,2310,2680,4910,7670.0,11000.0
01473500,04-10,1200.0,1430.0,1910,2640,4000,6240.0,8100.0
01473500,04-11,1170.0,1450.0,1980,2570,3580,6490.0,7280.0
01473500,04-12,1130.0,1360.0,2250,3150,4800,6720.0,11700.0
01473500,04-13,1110.0,1290.0,2190,3660,5020,9620.0,13600.0
01473500,04-14,1090.0,1280.0,2110,2910,4600,8300.0,12000.0
01473500,04-15,1070.0,1220.0,2130,2810,5310,9460.0,16800.0
01473500,04-16,1020.0,1290.0,2000,3410,5690,14100.0,26700.0
01473500,04-17,977.0,1220.0,1870,3210,5150,18200.0,23100.0
01473500,04-18,948.0,1150.0,1800,3060,4470,13100.0,20600.0
01473500,04-19,920.0,1140.0,1820,2910,4600,11200.0,16600.0
01473500,04-20,874.0,1140.0,1810,2740,4620,9480.0,11100.0
01473500,04-21,881.0,1110.0,1770,2540,4800,7280.0,8110.0
01473500,04-22,1030.0,1270.0,1750,2830,3650,6550.0,6910.0
01473500,04-23,1190.0,1460.0,2000,2970,5080,6960.0,8650.0
01473500,04-24,1280.0,1410.0,1730,2890,4270,7040.0,9260.0
01473500,04-25,1170.0,1300.0,1790,2650,3880,5920.0,7720.0
01473500,04-26,1090.0,1270.0,1710,3010,4380,5920.0,6260.0
01473500,04-27,1330.0,1370.0,1780,2920,5150,8000.0,13300.0
01473500,04-28,1380.0,1410.0,1770,2640,4520,6380.0,13400.0
01473500,04-29,1220.0,1250.0,1900,2740,4370,5620.0,13900.0
01473500,04-30,1080.0,1190.0,1950,2530,4210,7860.0,18700.0
01473500,05-01,1030.0,1310.0,1820,2300,3680,13700.0,35800.0
01473500,05-02,985.0,1430.0,1850,2440,3680,8820.0,15600.0
01473500,05-03,978.0,1530.0,1890,2600,4810,6470.0,10000.0
01473500,05-04,1260.0,1560.0,1880,2670,4690,6320.0,8990.0
01473500,05-05,1140.0,1510.0,1920,2550,4450,7470.0,8070.0
01473500,05-06,1100.0,1410.0,1810,2830,4000,6200.0,8970.0
01473500,05-07,1110.0,1380.0,1770,2930,3840,8970.0,13200.0
01473500,05-08,1310.0,1470.0,2220,2630,3840,6530.0,12700.0
01473500,05-09,1250.0,1480.0,2330,2940,3890,5900.0,8810.0
01473500,05-10,1220.0,1440.0,2180,2860,3830,7200.0,10200.0
01473500,05-11,1140.0,1390.0,2090,2650,3630,6210.0,7450.0
01473500,05-12,1070.0,1840.0,2030,2540,3160,5470.0,7280.0
01473500,05-13,1030.0,1790.0,2180,2500,3770,5010.0,9770.0
01473500,05-14,1030.0,1680.0,1930,2370,4020,10800.0,17100.0
01473500,05-15,1320.0,1640.0,1940,2620,3840,5770.0,11400.0
01473500,05-16,1270.0,1690.0,2030,2760,3730,9170.0,11600.0
01473500,05-17,1310.0,1640.0,1870,2600,5010,12500.0,14000.0
01473500,05-18,1230.0,1470.0,1830,2270,4390,7080.0,8640.0
01473500,05-19,1200.0,1390.0,1760,2370,5030,5940.0,9240.0
01473500,05-20,1240.0,1470.0,1700,2180,4540,6100.0,11400.0
01473500,05-21,1110.0,1420.0,1710,2180,4030,8960.0,10600.0
01473500,05-22,1060.0,1390.0,1690,2040,3860,5980.0,7360.0
01473500,05-23,1020.0,1280.0,1600,1990,3200,5790.0,7320.0
01473500,05-24,979.0,1200.0,1530,2100,2930,4680.0,6220.0
01473500,05-25,947.0,1130.0,1490,2120,3270,5240.0,5860.0
01473500,05-26,919.0,1120.0,1460,2020,2990,4440.0,6220.0
01473500,05-27,948.0,1140.0,1440,1970,2670,4600.0,8800.0
01473500,05-28,948.0,1120.0,1620,1910,3430,4340.0,5420.0
01473500,05-29,996.0,1020.0,1480,2020,3580,4120.0,6090.0
01473500,05-30,879.0,1080.0,1470,2070,3230,4700.0,9880.0
01473500,05-31,816.0,1060.0,1380,1940,3170,5540.0,12200.0
01473500,06-01,955.0,1050.0,1410,1970,2560,6840.0,8590.0
01473500,06-02,972.0,1050.0,1340,1880,2750,6070.0,10900.0
01473500,06-03,1000.0,1160.0,1250,1850,3180,7220.0,9360.0
01473500,06-04,976.0,1010.0,1160,1870,3210,4950.0,11900.0
01473500,06-05,904.0,975.0,1160,1860,3150,5300.0,10100.0
01473500,06-06,862.0,938.0,1510,2080,3360,5460.0,9120.0
01473500,06-07,911.0,969.0,1580,2170,3240,5730.0,7390.0
01473500,06-08,845.0,946.0,1470,1810,2850,4940.0,11500.0
01473500,06-09,828.0,945.0,1410,2250,2670,3290.0,6140.0
01473500,06-10,787.0,1190.0,1380,1960,3000,3540.0,8600.0
01473500,06-11,772.0,1100.0,1350,2040,2560,6040.0,15800.0
01473500,06-12,836.0,1040.0,1250,1740,3370,5200.0,7540.0
01473500,06-13,892.0,999.0,1220,1920,3080,5440.0,7230.0
01473500,06-14,935.0,1020.0,1110,2070,3360,6180.0,10000.0
01473500,06-15,910.0,1050.0,1180,1820,2820,5190.0,6120.0
01473500,06-16,881.0,1030.0,1090,1930,2490,4370.0,5000.0
01473500,06-17,950.0,999.0,1200,1770,2770,3600.0,4320.0
01473500,06-18,831.0,911.0,1100,1670,2470,3520.0,4150.0
01473500,06-19,790.0,922.0,1040,1520,2460,4540.0,6460.0
01473500,06-20,762.0,832.0,1170,1530,2170,7510.0,15000.0
01473500,06-21,758.0,799.0,1070,1400,1990,9710.0,21700.0
01473500,06-22,752.0,764.0,954,1460,1990,7580.0,13400.0
01473500,06-23,739.0,773.0,973,1330,2040,5520.0,8990.0
01473500,06-24,740.0,807.0,995,1520,2470,4500.0,8780.0
01473500,06-25,747.0,784.0,946,1510,1960,4770.0,7640.0
01473500,06-26,737.0,748.0,842,1470,2430,5100.0,10500.0
01473500,06-27,707.0,772.0,965,1380,3300,6500.0,20500.0
01473500,06-28,715.0,772.0,975,1500,2990,6050.0,33100.0
01473500,06-29,670.0,799.0,957,1490,2640,4650.0,27700.0
01473500,06-30,654.0,680.0,988,1380,2240,4190.0,18400.0
01473500,07-01,566.0,726.0,908,1220,2560,10600.0,12200.0
01473500,07-02,561.0,663.0,841,1120,3330,8000.0,14600.0
01473500,07-03,516.0,594.0,824,1080,2810,5680.0,8900.0
01473500,07-04,516.0,582.0,741,985,2450,4040.0,6670.0
01473500,07-05,503.0,607.0,790,1180,2510,3400.0,6020.0
01473500,07-06,526.0,605.0,841,1400,2690,5910.0,8980.0
01473500,07-07,524.0,665.0,886,1410,2460,4440.0,6280.0
01473500,07-08,507.0,694.0,850,1340,2630,4210.0,4980.0
01473500,07-09,510.0,633.0,828,1480,3180,4980.0,5220.0
01473500,07-10,588.0,619.0,892,1460,3020,6850.0,13500.0
01473500,07-11,547.0,614.0,760,1390,2490,7760.0,9110.0
01473500,07-12,508.0,584.0,720,1390,2830,5530.0,17600.0
01473500,07-13,479.0,575.0,696,1810,3020,5710.0,13200.0
01473500,07-14,463.0,515.0,800,1880,2850,4700.0,16600.0
01473500,07-15,453.0,495.0,762,1790,4330,10900.0,14100.0
01473500,07-16,408.0,442.0,739,1710,2940,5380.0,6000.0
01473500,07-17,402.0,418.0,739,1600,2620,3400.0,4120.0
01473500,07-18,404.0,415.0,738,1460,2310,4280.0,5550.0
01473500,07-19,367.0,404.0,816,1330,2060,3280.0,6580.0
01473500,07-20,415.0,438.0,914,1240,1940,2500.0,3850.0
01473500,07-21,400.0,428.0,838,1120,1860,2250.0,2920.0
01473500,07-22,387.0,409.0,726,1180,2020,4110.0,5830.0
01473500,07-23,356.0,547.0,767,1410,2510,9390.0,11000.0
01473500,07-24,391.0,461.0,706,1270,4060,6690.0,9130.0
01473500,07-25,485.0,547.0,727,1240,3020,6970.0,13300.0
01473500,07-26,474.0,521.0,686,1220,2130,4630.0,9980.0
01473500,07-27,403.0,517.0,686,1160,1930,4800.0,7610.0
01473500,07-28,371.0,575.0,800,1460,2640,8970.0,19900.0
01473500,07-29,432.0,509.0,698,1340,2550,3570.0,8530.0
01473500,07-30,398.0,508.0,759,1290,1970,2920.0,5040.0
01473500,07-31,377.0,466.0,700,1150,1960,2680.0,4190.0
01473500,08-01,359.0,448.0,749,1120,2030,3310.0,7140.0
01473500,08-02,343.0,423.0,696,1280,1860,4520.0,7940.0
01473500,08-03,382.0,467.0,695,997,1800,7060.0,8600.0
01473500,08-04,343.0,497.0,693,1000,1810,4910.0,33000.0
01473500,08-05,361.0,460.0,649,945,1810,4790.0,29400.0
01473500,08-06,322.0,441.0,604,917,2080,8800.0,11000.0
01473500,08-07,341.0,437.0,575,919,2520,5140.0,7280.0
01473500,08-08,309.0,421.0,593,954,2480,6140.0,8130.0
01473500,08-09,299.0,442.0,604,936,2700,5410.0,5590.0
01473500,08-10,333.0,460.0,707,1010,2320,6210.0,7480.0
01473500,08-11,245.0,536.0,741,1220,2180,5010.0,6120.0
01473500,08-12,287.0,548.0,764,1270,2370,3030.0,6590.0
01473500,08-13,249.0,411.0,672,1170,3110,10000.0,17200.0
01473500,08-14,245.0,377.0,696,1410,3020,5740.0,22000.0
01473500,08-15,280.0,332.0,731,1260,2970,7690.0,14000.0
01473500,08-16,305.0,422.0,663,1060,2330,4090.0,9390.0
01473500,08-17,319.0,456.0,801,1050,1950,3350.0,6760.0
01473500,08-18,393.0,536.0,650,967,1970,3830.0,7870.0
01473500,08-19,362.0,458.0,655,889,2150,5930.0,7980.0
01473500,08-20,366.0,450.0,680,835,1950,3590.0,6110.0
01473500,08-21,412.0,434.0,641,1020,1880,3420.0,4530.0
01473500,08-22,343.0,388.0,656,1030,2210,4320.0,14300.0
01473500,08-23,304.0,364.0,712,974,1920,6260.0,9300.0
01473500,08-24,341.0,395.0,690,982,1670,4530.0,6460.0
01473500,08-25,316.0,367.0,647,891,1460,2950.0,4360.0
01473500,08-26,326.0,370.0,606,834,1320,2840.0,3720.0
01473500,08-27,337.0,353.0,549,899,1860,3040.0,3710.0
01473500,08-28,320.0,370.0,550,878,1940,3880.0,30900.0
01473500,08-29,338.0,400.0,605,935,2030,5750.0,12400.0
01473500,08-30,369.0,388.0,562,884,1800,7320.0,8630.0
01473500,08-31,344.0,360.0,535,762,1750,5060.0,6730.0
01473500,09-01,350.0,372.0,536,806,1590,3890.0,14900.0
01473500,09-02,317.0,397.0,512,753,1830,7780.0,44600.0
01473500,09-03,294.0,385.0,545,695,2310,5480.0,17500.0
01473500,09-04,330.0,379.0,526,656,2280,4250.0,7640.0
01473500,09-05,338.0,372.0,460,982,2110,3530.0,5970.0
01473500,09-06,315.0,355.0,517,1060,2200,5090.0,10800.0
01473500,09-07,325.0,343.0,512,1030,2450,6270.0,22900.0
01473500,09-08,325.0,338.0,547,896,1860,5820.0,24800.0
01473500,09-09,285.0,360.0,536,1020,1790,5040.0,21000.0
01473500,09-10,291.0,369.0,534,941,1830,7390.0,19000.0
01473500,09-11,289.0,401.0,603,894,2230,5460.0,14500.0
01473500,09-12,291.0,406.0,594,997,1840,6700.0,13200.0
01473500,09-13,286.0,403.0,608,1030,2150,4840.0,11100.0
01473500,09-14,292.0,402.0,582,1020,2270,3000.0,8210.0
01473500,09-15,359.0,478.0,570,964,2010,8160.0,13500.0
01473500,09-16,338.0,470.0,571,891,1790,7150.0,11000.0
01473500,09-17,366.0,501.0,577,832,1600,4750.0,6300.0
01473500,09-18,369.0,498.0,595,818,1810,4610.0,17100.0
01473500,09-19,352.0,520.0,566,824,1990,8780.0,19300.0
01473500,09-20,319.0,418.0,566,791,1920,5360.0,9340.0
01473500,09-21,292.0,391.0,550,816,1950,3660.0,6270.0
01473500,09-22,299.0,414.0,549,798,1660,3030.0,5270.0
01473500,09-23,282.0,444.0,543,792,1710,5130.0,8990.0
01473500,09-24,299.0,442.0,519,804,1910,7940.0,18600.0
01473500,09-25,299.0,417.0,596,844,1920,7370.0,9350.0
01473500,09-26,307.0,439.0,564,846,1890,6250.0,7900.0
01473500,09-27,304.0,426.0,654,907,2320,5030.0,6070.0
01473500,09-28,337.0,476.0,644,888,2270,8770.0,14700.0
01473500,09-29,271.0,485.0,657,869,2230,10100.0,24300.0
01473500,09-30,303.0,427.0,625,1230,2650,7340.0,10800.0
01473500,10-01,308.0,413.0,616,1140,2790,6490.0,23800.0
01473500,10-02,259.0,419.0,589,1190,2470,6510.0,15400.0
01473500,10-03,214.0,390.0,598,1120,2750,5400.0,12400.0
01473500,10-04,245.0,394.0,641,1080,3010,4840.0,6920.0
01473500,10-05,272.0,416.0,674,1050,2660,4660.0,5750.0
01473500,10-06,341.0,503.0,666,1140,2720,3940.0,5200.0
01473500,10-07,307.0,499.0,636,1120,2380,3490.0,4670.0
01473500,10-08,357.0,487.0,750,1130,2080,3100.0,9770.0
01473500,10-09,413.0,593.0,795,1270,1980,2880.0,18100.0
01473500,10-10,458.0,602.0,810,1200,1830,2710.0,5520.0
01473500,10-11,451.0,590.0,805,1260,1840,3740.0,4010.0
01473500,10-12,379.0,577.0,793,1210,1750,6720.0,8310.0
01473500,10-13,393.0,575.0,747,1190,2050,5150.0,9380.0
01473500,10-14,334.0,566.0,770,1110,2560,5080.0,5800.0
01473500,10-15,372.0,568.0,762,1100,2450,4420.0,5820.0
01473500,10-16,419.0,589.0,870,1200,2450,4380.0,4770.0
01473500,10-17,423.0,669.0,810,1420,2990,4090.0,6680.0
01473500,10-18,439.0,635.0,958,1440,3050,4300.0,5610.0
01473500,10-19,382.0,632.0,919,1400,3000,4000.0,10600.0
01473500,10-20,408.0,587.0,926,1310,2390,6320.0,12000.0
01473500,10-21,339.0,557.0,892,1230,2210,4670.0,8010.0
01473500,10-22,338.0,550.0,870,1210,2150,3570.0,5820.0
01473500,10-23,353.0,591.0,793,1310,2470,3200.0,4930.0
01473500,10-24,342.0,647.0,713,1230,2350,3020.0,4600.0
01473500,10-25,338.0,579.0,923,1240,2190,3530.0,7540.0
01473500,10-26,325.0,544.0,930,1390,2490,3360.0,6490.0
01473500,10-27,309.0,531.0,944,1400,2910,5720.0,11500.0
01473500,10-28,342.0,545.0,919,1790,3740,10600.0,15400.0
01473500,10-29,383.0,547.0,900,2170,4100,10400.0,13800.0
01473500,10-30,463.0,578.0,897,2480,6320,8110.0,17200.0
01473500,10-31,434.0,593.0,930,2210,4520,7020.0,11700.0
01473500,11-01,423.0,537.0,1070,1970,4650,7400.0,13900.0
01473500,11-02,388.0,534.0,1180,1730,3340,7220.0,13600.0
01473500,11-03,389.0,545.0,964,1630,4630,7230.0,17200.0
01473500,11-04,355.0,533.0,902,1550,4020,4680.0,10200.0
01473500,11-05,364.0,515.0,820,1460,3410,5670.0,7310.0
01473500,11-06,363.0,517.0,805,1430,2790,3850.0,8090.0
01473500,11-07,337.0,526.0,922,1480,2540,4280.0,15200.0
01473500,11-08,320.0,529.0,810,1510,2330,6340.0,12600.0
01473500,11-09,311.0,512.0,825,1400,2180,3520.0,11400.0
01473500,11-10,362.0,517.0,804,1310,1980,7280.0,15200.0
01473500,11-11,349.0,521.0,799,1410,1950,5790.0,7980.0
01473500,11-12,368.0,527.0,782,1430,2460,4930.0,5970.0
01473500,11-13,308.0,509.0,790,1350,3460,5170.0,8410.0
01473500,11-14,355.0,489.0,793,1350,2910,4090.0,7180.0
01473500,11-15,344.0,488.0,747,1470,2400,3320.0,5760.0
01473500,11-16,375.0,493.0,750,1540,2740,4820.0,7730.0
01473500,11-17,449.0,526.0,735,1660,2630,10200.0,14600.0
01473500,11-18,474.0,531.0,784,1730,2790,11000.0,16700.0
01473500,11-19,449.0,532.0,832,1810,2890,10200.0,10900.0
01473500,11-20,446.0,503.0,870,1840,3050,8160.0,14200.0
01473500,11-21,411.0,488.0,890,1700,3160,6980.0,7920.0
01473500,11-22,372.0,491.0,926,1770,4090,5900.0,6280.0
01473500,11-23,384.0,514.0,880,1670,4140,5270.0,16400.0
01473500,11-24,343.0,498.0,840,1760,3280,5460.0,13200.0
01473500,11-25,373.0,496.0,990,1590,3010,5930.0,16800.0
01473500,11-26,343.0,499.0,1240,1820,2950,5070.0,11100.0
01473500,11-27,318.0,491.0,1230,2030,3320,6470.0,10600.0
01473500,11-28,349.0,495.0,1100,1900,3660,5600.0,16800.0
01473500,11-29,316.0,796.0,1080,1750,2870,8420.0,13400.0
01473500,11-30,368.0,744.0,1030,1660,3010,10100.0,11600.0
01473500,12-01,433.0,715.0,1290,1860,4740,7830.0,15400.0
01473500,12-02,494.0,720.0,1300,2190,4400,8090.0,14200.0
01473500,12-03,532.0,668.0,1350,2460,4240,8920.0,10200.0
01473500,12-04,472.0,637.0,1240,2340,4010,6660.0,8200.0
01473500,12-05,504.0,669.0,1210,1940,3650,6410.0,7760.0
01473500,12-06,468.0,690.0,1190,1830,3460,5260.0,6970.0
01473500,12-07,501.0,627.0,1140,1960,4600,6660.0,8080.0
01473500,12-08,421.0,560.0,1210,1850,3500,6260.0,25300.0
01473500,12-09,472.0,578.0,1140,1910,3400,12000.0,17200.0
01473500,12-10,503.0,704.0,1140,1820,3800,10100.0,11400.0
01473500,12-11,552.0,788.0,1110,2130,3780,11100.0,18200.0
01473500,12-12,585.0,930.0,1210,2460,5990,11700.0,24100.0
01473500,12-13,537.0,873.0,1200,2260,6250,9430.0,13000.0
01473500,12-14,585.0,886.0,1130,2030,5890,9570.0,12000.0
01473500,12-15,463.0,820.0,1200,2300,4830,6860.0,11700.0
01473500,12-16,372.0,775.0,1130,2320,5870,9970.0,11700.0
01473500,12-17,410.0,723.0,1120,2010,6850,9080.0,11200.0
01473500,12-18,421.0,674.0,1190,2390,5610,6860.0,22200.0
01473500,12-19,475.0,701.0,1450,2150,4600,6820.0,14800.0
01473500,12-20,468.0,661.0,1410,2420,3930,7640.0,11600.0
01473500,12-21,454.0,737.0,1220,2400,3500,9280.0,17600.0
01473500,12-22,496.0,787.0,1140,2610,3660,7080.0,14600.0
01473500,12-23,489.0,759.0,1170,2600,4720,9540.0,10800.0
01473500,12-24,535.0,862.0,1400,2730,5440,9030.0,10700.0
01473500,12-25,529.0,790.0,1410,3020,6450,8720.0,22100.0
01473500,12-26,540.0,819.0,1370,4090,6160,10400.0,15900.0
01473500,12-27,728.0,878.0,1310,3430,5430,9150.0,13300.0
01473500,12-28,669.0,932.0,1270,3530,5280,10100.0,18600.0
01473500,12-29,678.0,844.0,1470,3650,5500,8000.0,11000.0
01473500,12-30,647.0,789.0,1190,3270,5070,7260.0,9030.0
01473500,12-31,539.0,641.0,1260,3000,4480,6200.0,7490.0
