SiteCode,MonthDay,p05,p10,p25,p50,p75,p90,p95
01626000,01-01,31.0,36.0,57.0,107.0,211,366,591.0
01626000,01-02,29.0,36.0,63.0,108.0,204,381,496.0
01626000,01-03,30.0,38.0,62.0,111.0,208,323,392.0
01626000,01-04,31.0,37.0,63.0,108.0,199,300,408.0
01626000,01-05,29.0,36.0,61.0,105.0,205,280,385.0
01626000,01-06,31.0,36.0,59.0,102.0,198,298,377.0
01626000,01-07,32.0,35.0,60.0,106.0,200,273,323.0
01626000,01-08,32.0,35.0,62.0,123.0,192,290,343.0
01626000,01-09,31.0,34.0,70.0,124.0,186,316,493.0
01626000,01-10,30.0,35.0,69.0,128.0,206,341,396.0
01626000,01-11,30.0,35.0,70.0,128.0,197,322,432.0
01626000,01-12,29.0,36.0,70.0,126.0,204,366,564.0
01626000,01-13,30.0,38.0,68.0,121.0,202,312,486.0
01626000,01-14,31.0,37.0,69.0,121.0,211,344,466.0
01626000,01-15,31.0,39.0,73.0,118.0,198,344,501.0
01626000,01-16,32.0,47.0,71.0,128.0,194,296,375.0
01626000,01-17,32.0,45.0,70.0,118.0,192,285,332.0
01626000,01-18,33.0,43.0,70.0,114.0,182,344,508.0
01626000,01-19,34.0,44.0,67.0,114.0,169,288,555.0
01626000,01-20,34.0,46.0,68.0,122.0,172,332,489.0
01626000,01-21,31.0,45.0,68.0,117.0,169,367,486.0
01626000,01-22,32.0,43.0,71.0,120.0,183,392,477.0
01626000,01-23,32.0,44.0,77.0,118.0,184,365,441.0
01626000,01-24,32.0,46.0,83.0,135.0,237,449,732.0
01626000,01-25,32.0,46.0,85.0,138.0,295,567,731.0
01626000,01-26,31.0,47.0,85.0,140.0,239,478,633.0
01626000,01-27,31.0,45.0,80.0,141.0,225,372,724.0
01626000,01-28,31.0,42.0,74.0,132.0,241,410,889.0
01626000,01-29,31.0,44.0,76.0,123.0,211,419,650.0
01626000,01-30,31.0,46.0,80.0,124.0,200,335,554.0
01626000,01-31,30.0,49.0,77.0,133.0,184,368,485.0
01626000,02-01,30.0,48.0,76.0,137.0,219,311,428.0
01626000,02-02,34.0,55.0,85.0,138.0,228,399,471.0
01626000,02-03,34.0,57.0,87.0,136.0,216,387,658.0
01626000,02-04,37.0,61.0,82.0,145.0,225,480,747.0
01626000,02-05,37.0,59.0,85.0,145.0,210,408,587.0
01626000,02-06,37.0,53.0,92.0,152.0,216,370,490.0
01626000,02-07,34.0,56.0,98.0,150.0,234,434,630.0
01626000,02-08,35.0,57.0,92.0,140.0,220,355,513.0
01626000,02-09,32.0,55.0,86.0,131.0,210,341,427.0
01626000,02-10,40.0,53.0,79.0,128.0,207,293,365.0
01626000,02-11,50.0,59.0,84.0,131.0,203,298,474.0
01626000,02-12,49.0,60.0,90.0,133.0,201,278,509.0
01626000,02-13,50.0,63.0,88.0,138.0,210,370,647.0
01626000,02-14,52.0,63.0,91.0,136.0,227,323,876.0
01626000,02-15,58.0,63.0,83.0,135.0,218,287,486.0
01626000,02-16,56.0,61.0,85.0,135.0,215,328,678.0
01626000,02-17,56.0,60.0,89.0,134.0,198,304,781.0
01626000,02-18,54.0,59.0,92.0,131.0,220,420,574.0
01626000,02-19,54.0,59.0,93.0,138.0,214,398,475.0
01626000,02-20,54.0,59.0,95.0,141.0,223,386,440.0
01626000,02-21,56.0,59.0,100.0,142.0,214,386,637.0
01626000,02-22,56.0,62.0,98.0,155.0,222,386,823.0
01626000,02-23,55.0,63.0,97.0,151.0,255,442,792.0
01626000,02-24,57.0,63.0,101.0,146.0,241,596,1110.0
01626000,02-25,57.0,66.0,99.0,147.0,249,702,920.0
01626000,02-26,56.0,71.0,101.0,138.0,242,629,794.0
01626000,02-27,56.0,68.0,101.0,147.0,272,518,702.0
01626000,02-28,54.0,69.0,102.0,149.0,259,495,663.0
01626000,02-29,,66.0,95.0,133.0,218,411,
01626000,03-01,53.0,69.0,98.0,155.0,243,568,852.0
01626000,03-02,57.0,68.0,98.0,164.0,262,500,698.0
01626000,03-03,56.0,67.0,102.0,166.0,297,490,582.0
01626000,03-04,54.0,68.0,103.0,156.0,301,504,745.0
01626000,03-05,59.0,69.0,104.0,174.0,295,538,865.0
01626000,03-06,61.0,69.0,110.0,223.0,337,544,774.0
01626000,03-07,59.0,69.0,107.0,209.0,312,614,812.0
01626000,03-08,60.0,67.0,110.0,203.0,287,533,717.0
01626000,03-09,58.0,70.0,112.0,188.0,297,418,909.0
01626000,03-10,56.0,69.0,113.0,182.0,268,401,801.0
01626000,03-11,56.0,68.0,104.0,179.0,247,396,624.0
01626000,03-12,56.0,67.0,108.0,177.0,260,479,910.0
01626000,03-13,57.0,67.0,109.0,182.0,257,633,885.0
01626000,03-14,56.0,73.0,115.0,180.0,254,567,731.0
01626000,03-15,55.0,81.0,112.0,180.0,259,435,777.0
01626000,03-16,54.0,79.0,117.0,180.0,249,382,645.0
01626000,03-17,54.0,76.0,122.0,183.0,275,522,626.0
01626000,03-18,62.0,72.0,122.0,179.0,279,528,659.0
01626000,03-19,63.0,77.0,118.0,171.0,296,480,513.0
01626000,03-20,67.0,77.0,120.0,170.0,295,483,639.0
01626000,03-21,66.0,90.0,130.0,176.0,360,557,992.0
01626000,03-22,65.0,83.0,124.0,176.0,342,646,901.0
01626000,03-23,64.0,78.0,129.0,174.0,296,531,674.0
01626000,03-24,62.0,78.0,125.0,203.0,312,495,648.0
01626000,03-25,59.0,82.0,121.0,201.0,279,553,608.0
01626000,03-26,53.0,93.0,118.0,199.0,319,462,728.0
01626000,03-27,61.0,91.0,119.0,195.0,295,418,694.0
01626000,03-28,58.0,89.0,118.0,181.0,299,528,605.0
01626000,03-29,59.0,86.0,118.0,181.0,310,582,1200.0
01626000,03-30,56.0,83.0,114.0,170.0,308,741,975.0
01626000,03-31,68.0,80.0,111.0,166.0,315,690,797.0
01626000,04-01,74.0,86.0,112.0,164.0,315,570,698.0
01626000,04-02,73.0,78.0,111.0,157.0,333,577,689.0
01626000,04-03,69.0,81.0,112.0,156.0,321,528,610.0
01626000,04-04,66.0,82.0,113.0,153.0,307,447,527.0
01626000,04-05,63.0,80.0,112.0,164.0,326,418,771.0
01626000,04-06,61.0,78.0,108.0,164.0,288,405,668.0
01626000,04-07,60.0,83.0,120.0,159.0,268,424,657.0
01626000,04-08,61.0,86.0,115.0,162.0,267,478,559.0
01626000,04-09,60.0,85.0,110.0,159.0,257,457,527.0
01626000,04-10,60.0,80.0,107.0,155.0,238,506,701.0
01626000,04-11,59.0,78.0,104.0,148.0,227,458,593.0
01626000,04-12,58.0,74.0,105.0,166.0,239,410,488.0
01626000,04-13,61.0,73.0,103.0,173.0,286,411,711.0
01626000,04-14,58.0,70.0,101.0,174.0,267,483,715.0
01626000,04-15,59.0,73.0,101.0,181.0,290,475,609.0
01626000,04-16,60.0,80.0,103.0,177.0,293,830,1180.0
01626000,04-17,60.0,78.0,104.0,166.0,275,614,934.0
01626000,04-18,62.0,74.0,101.0,160.0,245,449,643.0
01626000,04-19,61.0,70.0,98.0,157.0,225,399,596.0
01626000,04-20,59.0,70.0,99.0,150.0,232,385,956.0
01626000,04-21,58.0,71.0,98.0,141.0,226,419,768.0
01626000,04-22,58.0,75.0,102.0,158.0,224,436,610.0
01626000,04-23,59.0,74.0,105.0,154.0,214,468,687.0
01626000,04-24,70.0,76.0,99.0,147.0,212,423,799.0
01626000,04-25,64.0,72.0,98.0,138.0,209,462,848.0
01626000,04-26,62.0,71.0,97.0,157.0,226,436,699.0
01626000,04-27,60.0,74.0,96.0,150.0,251,396,609.0
01626000,04-28,63.0,73.0,104.0,148.0,262,442,538.0
01626000,04-29,63.0,71.0,98.0,147.0,237,413,534.0
01626000,04-30,61.0,71.0,101.0,140.0,232,368,531.0
01626000,05-01,60.0,70.0,95.0,134.0,231,324,558.0
01626000,05-02,62.0,70.0,93.0,142.0,213,307,477.0
01626000,05-03,65.0,75.0,97.0,150.0,203,307,405.0
01626000,05-04,67.0,73.0,103.0,148.0,221,314,561.0
01626000,05-05,64.0,72.0,94.0,145.0,222,357,578.0
01626000,05-06,62.0,68.0,94.0,139.0,200,341,665.0
01626000,05-07,60.0,69.0,94.0,133.0,207,358,887.0
01626000,05-08,62.0,67.0,93.0,125.0,206,594,931.0
01626000,05-09,62.0,64.0,94.0,118.0,197,520,743.0
01626000,05-10,59.0,63.0,89.0,118.0,191,436,642.0
01626000,05-11,58.0,61.0,84.0,109.0,183,332,494.0
01626000,05-12,56.0,60.0,80.0,107.0,182,357,526.0
01626000,05-13,55.0,59.0,77.0,120.0,183,453,647.0
01626000,05-14,53.0,61.0,80.0,112.0,177,388,462.0
01626000,05-15,52.0,62.0,82.0,117.0,178,318,372.0
01626000,05-16,51.0,62.0,83.0,113.0,206,279,403.0
01626000,05-17,49.0,62.0,80.0,115.0,200,315,469.0
01626000,05-18,51.0,62.0,80.0,115.0,202,348,620.0
01626000,05-19,54.0,61.0,78.0,120.0,192,388,591.0
01626000,05-20,54.0,60.0,81.0,122.0,193,374,524.0
01626000,05-21,53.0,60.0,75.0,117.0,200,330,426.0
01626000,05-22,50.0,57.0,74.0,114.0,184,313,411.0
01626000,05-23,50.0,57.0,72.0,119.0,181,271,408.0
01626000,05-24,48.0,55.0,67.0,114.0,180,265,346.0
01626000,05-25,50.0,54.0,70.0,105.0,168,255,334.0
01626000,05-26,48.0,52.0,69.0,98.0,157,236,321.0
01626000,05-27,46.0,52.0,69.0,98.0,162,247,392.0
01626000,05-28,49.0,55.0,68.0,100.0,161,334,696.0
01626000,05-29,47.0,59.0,70.0,99.0,150,450,631.0
01626000,05-30,46.0,55.0,70.0,98.0,147,388,477.0
01626000,05-31,44.0,52.0,66.0,98.0,137,313,441.0
01626000,06-01,44.0,52.0,64.0,94.0,131,277,344.0
01626000,06-02,47.0,53.0,64.0,90.0,129,243,301.0
01626000,06-03,48.0,52.0,65.0,89.0,142,248,341.0
01626000,06-04,44.0,50.0,62.0,93.0,145,217,459.0
01626000,06-05,43.0,47.0,60.0,91.0,153,236,579.0
01626000,06-06,42.0,47.0,59.0,82.0,134,235,427.0
01626000,06-07,41.0,46.0,58.0,84.0,130,244,347.0
01626000,06-08,40.0,43.0,55.0,83.0,128,251,338.0
01626000,06-09,39.0,43.0,54.0,87.0,119,226,266.0
01626000,06-10,39.0,42.0,52.0,83.0,123,232,387.0
01626000,06-11,37.0,40.0,50.0,80.0,117,238,340.0
01626000,06-12,37.0,41.0,48.0,78.0,113,240,392.0
01626000,06-13,37.0,42.0,49.0,76.0,110,215,329.0
01626000,06-14,37.0,41.0,47.0,72.0,106,189,253.0
01626000,06-15,37.0,40.0,50.0,71.0,106,161,222.0
01626000,06-16,37.0,39.0,51.0,68.0,104,197,244.0
01626000,06-17,36.0,39.0,49.0,73.0,102,201,331.0
01626000,06-18,35.0,38.0,51.0,66.0,103,172,264.0
01626000,06-19,35.0,38.0,50.0,64.0,92,186,301.0
01626000,06-20,35.0,38.0,49.0,64.0,94,178,342.0
01626000,06-21,35.0,36.0,47.0,65.0,91,162,300.0
01626000,06-22,33.0,36.0,47.0,64.0,100,200,388.0
01626000,06-23,33.0,36.0,46.0,64.0,99,234,432.0
01626000,06-24,31.0,35.0,45.0,63.0,99,164,313.0
01626000,06-25,30.0,36.0,44.0,60.0,103,139,250.0
01626000,06-26,30.0,34.0,43.0,58.0,90,130,206.0
01626000,06-27,30.0,35.0,43.0,61.0,85,137,271.0
01626000,06-28,29.0,34.0,43.0,58.0,83,121,280.0
01626000,06-29,29.0,33.0,42.0,56.0,81,146,238.0
01626000,06-30,29.0,33.0,42.0,53.0,73,126,160.0
01626000,07-01,30.0,33.0,42.0,54.0,74,118,140.0
01626000,07-02,29.0,33.0,43.0,56.0,70,107,172.0
01626000,07-03,29.0,33.0,43.0,54.0,71,117,171.0
01626000,07-04,30.0,32.0,43.0,52.0,74,118,321.0
01626000,07-05,30.0,32.0,44.0,52.0,77,134,348.0
01626000,07-06,30.0,32.0,42.0,53.0,77,107,233.0
01626000,07-07,30.0,31.0,41.0,56.0,73,107,191.0
01626000,07-08,30.0,31.0,45.0,55.0,69,105,248.0
01626000,07-09,29.0,34.0,42.0,54.0,68,103,186.0
01626000,07-10,30.0,32.0,42.0,53.0,68,90,167.0
01626000,07-11,30.0,33.0,42.0,52.0,67,94,143.0
01626000,07-12,30.0,33.0,40.0,51.0,66,98,161.0
01626000,07-13,31.0,33.0,40.0,51.0,63,99,156.0
01626000,07-14,30.0,34.0,39.0,50.0,65,123,168.0
01626000,07-15,29.0,32.0,38.0,49.0,63,109,142.0
01626000,07-16,30.0,31.0,38.0,47.0,65,118,179.0
01626000,07-17,29.0,31.0,38.0,46.0,61,116,139.0
01626000,07-18,28.0,31.0,37.0,45.0,61,102,132.0
01626000,07-19,28.0,31.0,37.0,46.0,58,91,114.0
01626000,07-20,28.0,32.0,38.0,46.0,56,85,167.0
01626000,07-21,31.0,31.0,37.0,46.0,58,95,118.0
01626000,07-22,31.0,32.0,39.0,47.0,58,88,99.0
01626000,07-23,31.0,32.0,38.0,48.0,57,84,100.0
01626000,07-24,31.0,31.0,38.0,47.0,60,82,112.0
01626000,07-25,30.0,32.0,37.0,47.0,59,88,136.0
01626000,07-26,29.0,32.0,37.0,45.0,56,89,132.0
01626000,07-27,29.0,30.0,37.0,44.0,56,83,113.0
01626000,07-28,29.0,30.0,36.0,47.0,57,81,124.0
01626000,07-29,29.0,30.0,38.0,45.0,56,82,98.0
01626000,07-30,29.0,32.0,36.0,45.0,56,76,90.0
01626000,07-31,28.0,30.0,35.0,45.0,54,68,106.0
01626000,08-01,29.0,31.0,36.0,44.0,53,70,240.0
01626000,08-02,28.0,29.0,36.0,43.0,52,67,195.0
01626000,08-03,27.0,30.0,35.0,42.0,51,76,149.0
01626000,08-04,28.0,30.0,34.0,42.0,54,65,162.0
01626000,08-05,28.0,29.0,34.0,42.0,54,90,176.0
01626000,08-06,28.0,29.0,35.0,42.0,55,72,172.0
01626000,08-07,27.0,29.0,34.0,42.0,54,88,168.0
01626000,08-08,27.0,30.0,34.0,42.0,57,83,161.0
01626000,08-09,27.0,29.0,35.0,41.0,54,76,186.0
01626000,08-10,26.0,29.0,35.0,41.0,52,80,166.0
01626000,08-11,26.0,29.0,35.0,41.0,55,107,159.0
01626000,08-12,28.0,29.0,35.0,41.0,57,100,233.0
01626000,08-13,27.0,29.0,35.0,41.0,52,132,192.0
01626000,08-14,28.0,29.0,35.0,41.0,53,114,194.0
01626000,08-15,27.0,29.0,34.0,40.0,51,107,180.0
01626000,08-16,27.0,28.0,34.0,40.0,48,107,193.0
01626000,08-17,26.0,28.0,33.0,40.0,49,104,242.0
01626000,08-18,25.0,29.0,33.0,39.0,56,148,391.0
01626000,08-19,25.0,28.0,33.0,40.0,56,186,354.0
01626000,08-20,26.0,28.0,33.0,40.0,53,136,448.0
01626000,08-21,25.0,28.0,33.0,39.0,49,158,357.0
01626000,08-22,25.0,28.0,31.0,39.0,49,178,290.0
01626000,08-23,25.0,28.0,31.0,39.0,51,126,353.0
01626000,08-24,25.0,29.0,31.0,39.0,59,132,311.0
01626000,08-25,26.0,28.0,31.0,39.0,53,119,267.0
01626000,08-26,26.0,27.0,31.0,38.0,55,100,242.0
01626000,08-27,26.0,28.0,31.0,38.0,51,91,208.0
01626000,08-28,25.0,27.0,31.0,38.0,51,87,182.0
01626000,08-29,25.0,27.0,32.0,39.0,53,89,156.0
01626000,08-30,24.0,28.0,31.0,38.0,49,84,130.0
01626000,08-31,24.0,27.0,32.0,38.0,49,101,141.0
01626000,09-01,24.0,27.0,31.0,38.0,56,129,229.0
01626000,09-02,23.0,27.0,31.0,37.0,52,119,196.0
01626000,09-03,23.0,28.0,32.0,38.0,60,107,206.0
01626000,09-04,24.0,27.0,31.0,37.0,55,108,206.0
01626000,09-05,25.0,28.0,32.0,39.0,59,137,295.0
01626000,09-06,24.0,28.0,32.0,39.0,68,167,511.0
01626000,09-07,26.0,28.0,33.0,40.0,74,173,486.0
01626000,09-08,26.0,28.0,31.0,38.0,78,166,636.0
01626000,09-09,25.0,27.0,32.0,37.0,66,172,497.0
01626000,09-10,26.0,27.0,32.0,38.0,62,142,400.0
01626000,09-11,25.0,28.0,33.0,37.0,63,136,289.0
01626000,09-12,25.0,27.0,32.0,37.0,56,121,205.0
01626000,09-13,25.0,27.0,31.0,38.0,62,125,179.0
01626000,09-14,25.0,27.0,32.0,37.0,61,118,191.0
01626000,09-15,25.0,27.0,30.0,37.0,52,99,165.0
01626000,09-16,25.0,27.0,30.0,37.0,49,100,250.0
01626000,09-17,25.0,27.0,31.0,37.0,56,120,274.0
01626000,09-18,25.0,27.0,31.0,36.0,56,181,468.0
01626000,09-19,26.0,27.0,30.0,36.0,56,155,440.0
01626000,09-20,26.0,27.0,31.0,37.0,67,211,321.0
01626000,09-21,25.0,27.0,32.0,36.0,57,164,323.0
01626000,09-22,25.0,26.0,31.0,36.0,56,218,767.0
01626000,09-23,25.0,26.0,31.0,36.0,55,264,953.0
01626000,09-24,25.0,27.0,31.0,36.0,56,252,638.0
01626000,09-25,25.0,27.0,31.0,36.0,54,145,572.0
01626000,09-26,26.0,28.0,32.0,37.0,52,182,713.0
01626000,09-27,27.0,28.0,33.0,39.0,57,376,652.0
01626000,09-28,26.0,28.0,33.0,39.0,58,364,979.0
01626000,09-29,27.0,29.0,33.0,39.0,64,353,755.0
01626000,09-30,27.0,28.0,33.0,40.0,90,564,852.0
01626000,10-01,26.0,27.0,32.0,39.0,110,471,745.0
01626000,10-02,26.0,28.0,31.0,39.0,111,457,901.0
01626000,10-03,25.0,28.0,31.0,40.0,105,369,991.0
01626000,10-04,26.0,28.0,31.0,38.0,96,294,628.0
01626000,10-05,26.0,27.0,31.0,38.0,100,289,785.0
01626000,10-06,25.0,27.0,30.0,38.0,91,263,628.0
01626000,10-07,24.0,27.0,31.0,38.0,89,222,639.0
01626000,10-08,24.0,27.0,31.0,40.0,96,253,524.0
01626000,10-09,24.0,27.0,31.0,38.0,93,339,548.0
01626000,10-10,25.0,27.0,30.0,39.0,84,241,513.0
01626000,10-11,24.0,27.0,30.0,42.0,87,243,558.0
01626000,10-12,24.0,26.0,31.0,44.0,98,201,417.0
01626000,10-13,23.0,27.0,31.0,44.0,115,217,373.0
01626000,10-14,24.0,27.0,31.0,45.0,105,203,276.0
01626000,10-15,25.0,28.0,32.0,45.0,119,193,288.0
01626000,10-16,26.0,28.0,31.0,43.0,107,165,254.0
01626000,10-17,26.0,29.0,31.0,43.0,96,172,190.0
01626000,10-18,26.0,28.0,32.0,43.0,82,161,284.0
01626000,10-19,24.0,28.0,32.0,42.0,97,192,424.0
01626000,10-20,24.0,28.0,32.0,44.0,93,241,383.0
01626000,10-21,25.0,29.0,33.0,43.0,89,214,417.0
01626000,10-22,26.0,27.0,33.0,46.0,90,203,327.0
01626000,10-23,26.0,27.0,32.0,42.0,103,232,455.0
01626000,10-24,25.0,27.0,33.0,44.0,89,238,537.0
01626000,10-25,25.0,27.0,34.0,46.0,106,204,359.0
01626000,10-26,25.0,28.0,34.0,44.0,106,214,389.0
01626000,10-27,26.0,28.0,35.0,49.0,118,210,389.0
01626000,10-28,27.0,29.0,35.0,50.0,113,217,380.0
01626000,10-29,28.0,30.0,35.0,51.0,105,237,396.0
01626000,10-30,27.0,29.0,37.0,53.0,96,197,435.0
01626000,10-31,25.0,29.0,36.0,49.0,98,182,444.0
01626000,11-01,26.0,31.0,36.0,54.0,102,271,401.0
01626000,11-02,26.0,33.0,36.0,55.0,112,204,308.0
01626000,11-03,26.0,32.0,36.0,53.0,125,253,354.0
01626000,11-04,26.0,31.0,36.0,55.0,113,234,313.0
01626000,11-05,27.0,31.0,36.0,53.0,112,222,314.0
01626000,11-06,26.0,33.0,38.0,58.0,113,234,510.0
01626000,11-07,27.0,32.0,37.0,56.0,111,213,559.0
01626000,11-08,25.0,32.0,37.0,55.0,118,294,660.0
01626000,11-09,28.0,32.0,37.0,54.0,110,346,471.0
01626000,11-10,29.0,32.0,36.0,56.0,123,296,386.0
01626000,11-11,29.0,32.0,35.0,55.0,145,299,553.0
01626000,11-12,29.0,32.0,38.0,54.0,159,350,839.0
01626000,11-13,28.0,32.0,39.0,54.0,188,439,816.0
01626000,11-14,28.0,32.0,38.0,53.0,161,402,634.0
01626000,11-15,28.0,32.0,38.0,59.0,139,320,495.0
01626000,11-16,28.0,32.0,37.0,59.0,136,303,586.0
01626000,11-17,28.0,32.0,37.0,63.0,135,311,459.0
01626000,11-18,28.0,32.0,38.0,73.0,137,266,375.0
01626000,11-19,28.0,31.0,38.0,71.0,140,293,511.0
01626000,11-20,29.0,31.0,38.0,72.0,157,377,539.0
01626000,11-21,28.0,31.0,38.0,72.0,146,359,541.0
01626000,11-22,28.0,31.0,39.0,73.0,153,296,443.0
01626000,11-23,29.0,31.0,37.0,71.0,145,296,452.0
01626000,11-24,28.0,31.0,42.0,70.0,151,260,462.0
01626000,11-25,30.0,31.0,42.0,70.0,155,333,446.0
01626000,11-26,30.0,31.0,43.0,69.0,163,362,527.0
01626000,11-27,30.0,32.0,45.0,71.0,155,355,553.0
01626000,11-28,28.0,33.0,45.0,84.0,158,341,410.0
01626000,11-29,30.0,33.0,45.0,91.0,194,390,578.0
01626000,11-30,31.0,33.0,44.0,87.0,206,347,547.0
01626000,12-01,30.0,34.0,44.0,87.0,194,341,740.0
01626000,12-02,30.0,33.0,47.0,84.0,174,312,762.0
01626000,12-03,31.0,34.0,47.0,88.0,166,355,602.0
01626000,12-04,31.0,36.0,44.0,84.0,192,330,503.0
01626000,12-05,30.0,35.0,48.0,92.0,159,349,444.0
01626000,12-06,30.0,34.0,48.0,96.0,158,284,368.0
01626000,12-07,30.0,33.0,46.0,96.0,186,264,369.0
01626000,12-08,30.0,34.0,45.0,94.0,175,283,453.0
01626000,12-09,29.0,36.0,47.0,92.0,172,323,388.0
01626000,12-10,29.0,34.0,51.0,100.0,171,298,424.0
01626000,12-11,32.0,36.0,52.0,110.0,181,399,663.0
01626000,12-12,32.0,35.0,52.0,112.0,178,397,462.0
01626000,12-13,31.0,34.0,54.0,106.0,169,300,424.0
01626000,12-14,29.0,34.0,52.0,110.0,193,272,496.0
01626000,12-15,28.0,32.0,51.0,111.0,185,375,430.0
01626000,12-16,30.0,34.0,55.0,115.0,179,344,403.0
01626000,12-17,30.0,34.0,53.0,116.0,181,316,394.0
01626000,12-18,30.0,33.0,53.0,114.0,182,317,432.0
01626000,12-19,29.0,33.0,50.0,112.0,180,300,369.0
01626000,12-20,29.0,32.0,47.0,110.0,173,275,360.0
01626000,12-21,29.0,33.0,51.0,107.0,166,272,310.0
01626000,12-22,29.0,32.0,50.0,106.0,168,273,519.0
01626000,12-23,29.0,32.0,51.0,105.0,189,308,609.0
01626000,12-24,29.0,34.0,51.0,106.0,182,412,605.0
01626000,12-25,29.0,33.0,52.0,104.0,184,366,536.0
01626000,12-26,29.0,33.0,56.0,102.0,203,352,696.0
01626000,12-27,30.0,33.0,54.0,101.0,194,321,557.0
01626000,12-28,30.0,34.0,54.0,104.0,214,287,547.0
01626000,12-29,30.0,34.0,57.0,116.0,197,374,566.0
01626000,12-30,30.0,35.0,57.0,112.0,192,380,608.0
01626000,12-31,29.0,34.0,55.0,111.0,193,353,541.0
01628500,01-01,210.0,235.0,407.0,698.0,1380,2930,3970.0
01628500,01-02,213.0,245.0,426.0,694.0,1300,2940,3930.0
01628500,01-03,211.0,257.0,441.0,730.0,1380,2380,3740.0
01628500,01-04,205.0,250.0,452.0,697.0,1580,2230,3340.0
01628500,01-05,204.0,262.0,442.0,775.0,1480,2240,2900.0
01628500,01-06,221.0,248.0,428.0,731.0,1470,2170,2520.0
01628500,01-07,216.0,265.0,447.0,765.0,1330,1990,2640.0
01628500,01-08,208.0,270.0,441.0,751.0,1350,2240,3330.0
01628500,01-09,209.0,268.0,432.0,774.0,1430,2200,3280.0
01628500,01-10,208.0,256.0,435.0,757.0,1340,2480,4070.0
01628500,01-11,207.0,260.0,470.0,745.0,1340,2340,3160.0
01628500,01-12,210.0,257.0,463.0,795.0,1350,2400,3100.0
01628500,01-13,215.0,250.0,468.0,783.0,1290,2340,2790.0
01628500,01-14,226.0,250.0,487.0,801.0,1360,2080,2290.0
01628500,01-15,229.0,271.0,497.0,779.0,1390,1970,3040.0
01628500,01-16,215.0,283.0,457.0,774.0,1330,1810,2590.0
01628500,01-17,231.0,295.0,444.0,763.0,1270,1730,2660.0
01628500,01-18,228.0,273.0,458.0,721.0,1310,2370,2940.0
01628500,01-19,229.0,291.0,448.0,749.0,1190,1960,3720.0
01628500,01-20,230.0,295.0,450.0,756.0,1170,2670,4980.0
01628500,01-21,231.0,275.0,427.0,748.0,1170,2860,3960.0
01628500,01-22,227.0,269.0,452.0,739.0,1220,2940,4080.0
01628500,01-23,228.0,274.0,472.0,751.0,1470,2790,3180.0
01628500,01-24,214.0,276.0,517.0,779.0,1600,2690,4540.0
01628500,01-25,211.0,301.0,520.0,904.0,1650,3700,5230.0
01628500,01-26,215.0,288.0,512.0,893.0,1710,3470,4530.0
01628500,01-27,210.0,276.0,491.0,914.0,1740,2740,3360.0
01628500,01-28,208.0,280.0,476.0,873.0,1740,2940,5070.0
01628500,01-29,218.0,288.0,488.0,799.0,1520,2740,4860.0
01628500,01-30,225.0,294.0,482.0,862.0,1370,2490,3830.0
01628500,01-31,232.0,299.0,493.0,918.0,1330,2490,3680.0
01628500,02-01,235.0,298.0,495.0,920.0,1740,2590,3670.0
01628500,02-02,252.0,281.0,502.0,876.0,1720,2460,3950.0
01628500,02-03,249.0,285.0,545.0,883.0,1670,3400,4460.0
01628500,02-04,244.0,291.0,609.0,936.0,1580,3350,6830.0
01628500,02-05,230.0,318.0,652.0,889.0,1650,3740,5120.0
01628500,02-06,248.0,314.0,638.0,967.0,1620,2880,3560.0
01628500,02-07,235.0,313.0,646.0,1020.0,1760,2980,4670.0
01628500,02-08,244.0,320.0,636.0,1010.0,1610,2870,4160.0
01628500,02-09,244.0,305.0,608.0,986.0,1550,2580,3060.0
01628500,02-10,253.0,307.0,594.0,922.0,1480,2310,3190.0
01628500,02-11,277.0,362.0,574.0,889.0,1520,2210,3200.0
01628500,02-12,290.0,373.0,582.0,866.0,1550,2410,3300.0
01628500,02-13,268.0,403.0,558.0,896.0,1610,2380,4780.0
01628500,02-14,272.0,416.0,574.0,987.0,1700,2660,6170.0
01628500,02-15,290.0,412.0,540.0,995.0,1620,2730,4190.0
01628500,02-16,310.0,434.0,589.0,986.0,1580,2760,4060.0
01628500,02-17,324.0,422.0,593.0,989.0,1690,2740,4500.0
01628500,02-18,367.0,433.0,599.0,961.0,1630,2880,4770.0
01628500,02-19,371.0,429.0,611.0,1010.0,1770,2820,3600.0
01628500,02-20,376.0,435.0,600.0,1030.0,1820,2630,3180.0
01628500,02-21,363.0,431.0,673.0,1030.0,1830,2480,3380.0
01628500,02-22,370.0,435.0,691.0,1080.0,1720,2910,5770.0
01628500,02-23,372.0,437.0,658.0,1080.0,1720,3060,5360.0
01628500,02-24,385.0,417.0,654.0,1070.0,1680,3670,6340.0
01628500,02-25,384.0,412.0,692.0,1060.0,1730,3270,6410.0
01628500,02-26,362.0,406.0,683.0,1060.0,1630,4270,4860.0
01628500,02-27,356.0,403.0,680.0,1050.0,1770,3700,4620.0
01628500,02-28,331.0,393.0,689.0,1030.0,1710,3100,4180.0
01628500,02-29,432.0,531.0,706.0,880.0,1950,3040,3110.0
01628500,03-01,329.0,421.0,674.0,1100.0,1760,3560,4150.0
01628500,03-02,342.0,442.0,663.0,1060.0,1700,3330,4480.0
01628500,03-03,377.0,472.0,694.0,1070.0,1900,3070,4110.0
01628500,03-04,362.0,471.0,686.0,1060.0,1820,3610,6270.0
01628500,03-05,358.0,467.0,684.0,1020.0,1920,3680,5560.0
01628500,03-06,373.0,491.0,717.0,1180.0,1940,4020,5720.0
01628500,03-07,377.0,484.0,746.0,1330.0,2020,3880,5160.0
01628500,03-08,390.0,501.0,769.0,1240.0,2030,3080,3990.0
01628500,03-09,457.0,496.0,801.0,1210.0,2010,3020,3520.0
01628500,03-10,446.0,498.0,779.0,1220.0,1810,2910,3300.0
01628500,03-11,402.0,515.0,776.0,1180.0,1850,2690,3970.0
01628500,03-12,370.0,521.0,775.0,1170.0,1830,3860,5690.0
01628500,03-13,372.0,522.0,829.0,1150.0,1870,4330,5970.0
01628500,03-14,388.0,533.0,848.0,1220.0,1970,4090,6150.0
01628500,03-15,418.0,539.0,819.0,1170.0,2130,3630,6080.0
01628500,03-16,401.0,538.0,791.0,1170.0,1970,3170,4810.0
01628500,03-17,384.0,567.0,861.0,1200.0,1880,3890,4950.0
01628500,03-18,383.0,558.0,836.0,1210.0,1940,3730,4740.0
01628500,03-19,385.0,569.0,850.0,1230.0,2110,3250,5060.0
01628500,03-20,436.0,582.0,823.0,1200.0,2230,3460,6680.0
01628500,03-21,491.0,584.0,863.0,1340.0,2170,4980,7390.0
01628500,03-22,448.0,608.0,877.0,1310.0,2440,4810,5850.0
01628500,03-23,464.0,583.0,851.0,1260.0,2410,3710,5200.0
01628500,03-24,446.0,563.0,906.0,1350.0,2240,3570,4730.0
01628500,03-25,450.0,530.0,859.0,1410.0,2240,3430,4360.0
01628500,03-26,440.0,533.0,850.0,1360.0,2090,2970,4160.0
01628500,03-27,468.0,559.0,812.0,1260.0,1920,2850,3550.0
01628500,03-28,488.0,578.0,778.0,1240.0,1950,3380,5100.0
01628500,03-29,479.0,607.0,821.0,1180.0,2030,3520,7330.0
01628500,03-30,467.0,588.0,790.0,1170.0,2120,3370,5720.0
01628500,03-31,469.0,603.0,771.0,1150.0,1910,3360,5530.0
01628500,04-01,487.0,605.0,763.0,1150.0,2020,3250,4960.0
01628500,04-02,496.0,594.0,758.0,1170.0,1940,3480,4680.0
01628500,04-03,490.0,610.0,758.0,1140.0,1950,3470,3840.0
01628500,04-04,492.0,636.0,744.0,1090.0,1810,3110,3430.0
01628500,04-05,493.0,615.0,757.0,1140.0,1930,2970,4580.0
01628500,04-06,452.0,604.0,747.0,1140.0,1820,2900,5620.0
01628500,04-07,449.0,592.0,767.0,1060.0,1810,2950,4400.0
01628500,04-08,470.0,611.0,780.0,1120.0,1860,3290,3770.0
01628500,04-09,451.0,611.0,759.0,1060.0,1800,3000,3920.0
01628500,04-10,440.0,602.0,740.0,1040.0,1870,3030,4160.0
01628500,04-11,433.0,594.0,725.0,1000.0,1750,3050,3800.0
01628500,04-12,421.0,576.0,730.0,1030.0,1720,3180,3650.0
01628500,04-13,429.0,563.0,702.0,1050.0,1900,3680,4660.0
01628500,04-14,435.0,549.0,670.0,1010.0,1830,3620,4840.0
01628500,04-15,435.0,551.0,669.0,1020.0,2170,3740,4830.0
01628500,04-16,471.0,570.0,695.0,1020.0,2200,4740,7740.0
01628500,04-17,453.0,553.0,664.0,1050.0,2000,4310,7850.0
01628500,04-18,437.0,540.0,665.0,1040.0,1830,3390,4690.0
01628500,04-19,474.0,522.0,666.0,990.0,1680,2700,3300.0
01628500,04-20,457.0,517.0,666.0,968.0,1550,2540,5840.0
01628500,04-21,438.0,505.0,650.0,955.0,1430,2760,5040.0
01628500,04-22,423.0,506.0,661.0,974.0,1370,2950,4010.0
01628500,04-23,419.0,491.0,673.0,1020.0,1460,2920,4300.0
01628500,04-24,440.0,481.0,658.0,979.0,1480,2480,3640.0
01628500,04-25,427.0,476.0,659.0,988.0,1420,2510,3770.0
01628500,04-26,409.0,488.0,716.0,1010.0,1490,2520,4440.0
01628500,04-27,396.0,484.0,683.0,1030.0,1620,2510,4130.0
01628500,04-28,386.0,472.0,661.0,1010.0,1590,2490,4320.0
01628500,04-29,390.0,464.0,640.0,972.0,1590,2800,4440.0
01628500,04-30,391.0,453.0,623.0,996.0,1550,3070,3810.0
01628500,05-01,378.0,457.0,610.0,966.0,1410,2530,3550.0
01628500,05-02,369.0,462.0,602.0,969.0,1280,2400,3330.0
01628500,05-03,362.0,474.0,626.0,956.0,1420,2170,2740.0
01628500,05-04,362.0,461.0,656.0,931.0,1490,2510,3120.0
01628500,05-05,356.0,459.0,641.0,910.0,1680,2410,3390.0
01628500,05-06,354.0,446.0,623.0,907.0,1530,2640,3950.0
01628500,05-07,354.0,447.0,604.0,874.0,1570,2970,4420.0
01628500,05-08,400.0,471.0,607.0,914.0,1470,3170,4960.0
01628500,05-09,383.0,455.0,599.0,893.0,1540,2720,4010.0
01628500,05-10,373.0,448.0,579.0,874.0,1540,2460,3410.0
01628500,05-11,367.0,432.0,554.0,862.0,1470,2280,3400.0
01628500,05-12,370.0,428.0,553.0,902.0,1360,2310,3450.0
01628500,05-13,355.0,421.0,566.0,876.0,1470,2650,3410.0
01628500,05-14,369.0,429.0,587.0,860.0,1530,2700,3410.0
01628500,05-15,355.0,448.0,624.0,932.0,1610,2360,2710.0
01628500,05-16,377.0,455.0,600.0,955.0,1610,2230,3490.0
01628500,05-17,395.0,445.0,562.0,925.0,1520,2400,4130.0
01628500,05-18,386.0,435.0,615.0,952.0,1390,2510,3390.0
01628500,05-19,392.0,460.0,637.0,1020.0,1340,2370,3630.0
01628500,05-20,406.0,478.0,641.0,989.0,1320,2330,3720.0
01628500,05-21,410.0,468.0,621.0,979.0,1460,2810,3350.0
01628500,05-22,400.0,454.0,609.0,922.0,1390,2570,3270.0
01628500,05-23,389.0,449.0,603.0,876.0,1400,2620,3020.0
01628500,05-24,387.0,441.0,641.0,905.0,1220,2290,2680.0
01628500,05-25,388.0,442.0,611.0,849.0,1290,1970,2350.0
01628500,05-26,388.0,429.0,601.0,802.0,1120,1740,2280.0
01628500,05-27,383.0,418.0,587.0,784.0,1200,1730,2080.0
01628500,05-28,382.0,417.0,583.0,773.0,1190,2030,3290.0
01628500,05-29,360.0,404.0,572.0,799.0,1170,2090,3660.0
01628500,05-30,341.0,444.0,573.0,772.0,1140,2100,3000.0
01628500,05-31,332.0,422.0,543.0,759.0,1070,2060,4050.0
01628500,06-01,353.0,405.0,548.0,709.0,1080,1840,2990.0
01628500,06-02,348.0,383.0,541.0,703.0,1070,1750,3530.0
01628500,06-03,344.0,393.0,518.0,679.0,1080,1690,3970.0
01628500,06-04,329.0,389.0,515.0,680.0,1030,2050,3690.0
01628500,06-05,327.0,396.0,487.0,708.0,1100,2300,3580.0
01628500,06-06,297.0,383.0,470.0,648.0,1030,2130,2970.0
01628500,06-07,293.0,360.0,488.0,648.0,1010,1670,2430.0
01628500,06-08,286.0,345.0,469.0,636.0,1070,1520,2090.0
01628500,06-09,270.0,333.0,455.0,624.0,931,1460,2020.0
01628500,06-10,283.0,329.0,441.0,600.0,909,1900,2700.0
01628500,06-11,274.0,316.0,427.0,613.0,913,1740,2640.0
01628500,06-12,260.0,307.0,406.0,584.0,882,1760,2660.0
01628500,06-13,252.0,317.0,394.0,589.0,802,1570,3040.0
01628500,06-14,275.0,311.0,403.0,583.0,849,1730,2850.0
01628500,06-15,269.0,315.0,404.0,576.0,917,1700,2790.0
01628500,06-16,260.0,295.0,393.0,554.0,889,1820,2330.0
01628500,06-17,249.0,279.0,421.0,554.0,948,1510,2760.0
01628500,06-18,253.0,304.0,407.0,553.0,902,1440,3250.0
01628500,06-19,244.0,305.0,393.0,531.0,860,1780,3250.0
01628500,06-20,229.0,306.0,400.0,521.0,828,1560,2810.0
01628500,06-21,235.0,292.0,388.0,500.0,881,1610,2780.0
01628500,06-22,225.0,298.0,400.0,520.0,891,1480,2700.0
01628500,06-23,227.0,293.0,372.0,553.0,889,1490,2050.0
01628500,06-24,229.0,297.0,380.0,540.0,863,1180,2420.0
01628500,06-25,231.0,286.0,361.0,497.0,759,1310,2050.0
01628500,06-26,224.0,287.0,345.0,479.0,677,1100,1940.0
01628500,06-27,221.0,273.0,337.0,520.0,704,1090,2400.0
01628500,06-28,226.0,273.0,329.0,475.0,683,1190,2120.0
01628500,06-29,218.0,266.0,346.0,462.0,640,1230,2250.0
01628500,06-30,206.0,253.0,327.0,464.0,639,996,1690.0
01628500,07-01,199.0,241.0,335.0,451.0,612,999,1460.0
01628500,07-02,197.0,243.0,330.0,449.0,656,989,1420.0
01628500,07-03,191.0,250.0,370.0,450.0,602,885,1580.0
01628500,07-04,187.0,244.0,340.0,451.0,612,852,1580.0
01628500,07-05,218.0,246.0,344.0,430.0,620,882,1830.0
01628500,07-06,212.0,244.0,337.0,458.0,612,911,1410.0
01628500,07-07,203.0,241.0,345.0,448.0,597,851,1250.0
01628500,07-08,186.0,230.0,331.0,456.0,580,839,1450.0
01628500,07-09,174.0,238.0,348.0,427.0,615,1090,1370.0
01628500,07-10,175.0,234.0,349.0,456.0,626,854,1340.0
01628500,07-11,191.0,246.0,342.0,436.0,594,950,1180.0
01628500,07-12,188.0,246.0,336.0,451.0,571,970,1100.0
01628500,07-13,196.0,253.0,331.0,442.0,590,930,1390.0
01628500,07-14,195.0,243.0,322.0,415.0,600,1030,1720.0
01628500,07-15,190.0,252.0,318.0,410.0,572,1210,1760.0
01628500,07-16,178.0,248.0,308.0,400.0,540,1080,1370.0
01628500,07-17,166.0,240.0,300.0,382.0,540,1070,1300.0
01628500,07-18,166.0,227.0,306.0,386.0,529,956,1420.0
01628500,07-19,168.0,231.0,304.0,400.0,518,792,1220.0
01628500,07-20,162.0,232.0,296.0,404.0,494,896,1350.0
01628500,07-21,169.0,241.0,310.0,378.0,534,956,1400.0
01628500,07-22,196.0,235.0,298.0,396.0,594,1080,1240.0
01628500,07-23,218.0,245.0,308.0,395.0,567,911,1090.0
01628500,07-24,203.0,238.0,310.0,390.0,564,947,1660.0
01628500,07-25,205.0,236.0,304.0,396.0,523,987,1340.0
01628500,07-26,209.0,236.0,294.0,380.0,582,840,1190.0
01628500,07-27,197.0,230.0,291.0,379.0,541,866,1100.0
01628500,07-28,189.0,228.0,296.0,386.0,526,881,1300.0
01628500,07-29,197.0,238.0,295.0,381.0,636,901,1700.0
01628500,07-30,189.0,238.0,295.0,396.0,626,978,1680.0
01628500,07-31,191.0,227.0,295.0,379.0,548,975,1510.0
01628500,08-01,188.0,237.0,284.0,387.0,556,930,1220.0
01628500,08-02,185.0,236.0,275.0,380.0,528,950,1200.0
01628500,08-03,174.0,229.0,275.0,368.0,512,843,1150.0
01628500,08-04,190.0,227.0,286.0,360.0,501,886,1430.0
01628500,08-05,195.0,218.0,276.0,362.0,577,866,1490.0
01628500,08-06,176.0,216.0,280.0,368.0,551,1130,1670.0
01628500,08-07,179.0,205.0,284.0,367.0,579,1220,1500.0
01628500,08-08,164.0,213.0,283.0,373.0,585,988,1390.0
01628500,08-09,181.0,221.0,277.0,381.0,570,1000,2510.0
01628500,08-10,181.0,224.0,284.0,377.0,574,981,1900.0
01628500,08-11,174.0,222.0,263.0,368.0,541,1320,1610.0
01628500,08-12,167.0,215.0,265.0,361.0,505,1180,2340.0
01628500,08-13,168.0,202.0,255.0,361.0,516,1130,2270.0
01628500,08-14,179.0,204.0,258.0,360.0,501,974,2260.0
01628500,08-15,185.0,206.0,252.0,357.0,534,1590,2250.0
01628500,08-16,182.0,219.0,253.0,340.0,571,1340,2040.0
01628500,08-17,173.0,206.0,252.0,348.0,510,1190,1830.0
01628500,08-18,168.0,199.0,249.0,350.0,510,1250,3250.0
01628500,08-19,163.0,197.0,245.0,343.0,608,1640,3110.0
01628500,08-20,172.0,199.0,258.0,358.0,541,1440,2700.0
01628500,08-21,171.0,210.0,268.0,360.0,558,1410,2270.0
01628500,08-22,168.0,207.0,244.0,350.0,564,1380,1970.0
01628500,08-23,170.0,202.0,253.0,337.0,560,1250,2190.0
01628500,08-24,174.0,197.0,256.0,336.0,582,1340,2150.0
01628500,08-25,172.0,195.0,259.0,329.0,598,1200,1640.0
01628500,08-26,169.0,201.0,252.0,331.0,605,1210,1350.0
01628500,08-27,172.0,200.0,244.0,338.0,547,1090,1560.0
01628500,08-28,163.0,201.0,247.0,335.0,504,950,1210.0
01628500,08-29,152.0,195.0,258.0,351.0,469,863,1180.0
01628500,08-30,150.0,195.0,255.0,331.0,456,754,1050.0
01628500,08-31,145.0,190.0,249.0,325.0,473,727,1560.0
01628500,09-01,148.0,196.0,250.0,320.0,490,861,2140.0
01628500,09-02,171.0,192.0,249.0,334.0,508,1020,1990.0
01628500,09-03,175.0,190.0,241.0,319.0,512,934,1790.0
01628500,09-04,168.0,189.0,240.0,310.0,510,1010,1340.0
01628500,09-05,179.0,193.0,256.0,306.0,497,1120,1680.0
01628500,09-06,167.0,192.0,261.0,313.0,484,1180,2270.0
01628500,09-07,169.0,192.0,257.0,320.0,533,1110,3130.0
01628500,09-08,152.0,191.0,253.0,330.0,554,1100,2960.0
01628500,09-09,152.0,191.0,248.0,331.0,568,1070,2830.0
01628500,09-10,154.0,193.0,254.0,324.0,612,1020,2510.0
01628500,09-11,175.0,197.0,251.0,318.0,548,991,2460.0
01628500,09-12,171.0,197.0,240.0,320.0,478,1010,1450.0
01628500,09-13,168.0,190.0,236.0,312.0,454,876,1430.0
01628500,09-14,176.0,188.0,235.0,314.0,511,899,1760.0
01628500,09-15,171.0,196.0,225.0,316.0,545,762,1240.0
01628500,09-16,178.0,196.0,223.0,302.0,439,693,1680.0
01628500,09-17,187.0,197.0,238.0,318.0,452,807,1600.0
01628500,09-18,186.0,198.0,234.0,321.0,461,996,2930.0
01628500,09-19,178.0,196.0,222.0,311.0,490,1660,4560.0
01628500,09-20,187.0,197.0,229.0,313.0,478,1520,2680.0
01628500,09-21,178.0,192.0,227.0,321.0,564,1390,2090.0
01628500,09-22,179.0,190.0,227.0,323.0,539,1380,1980.0
01628500,09-23,174.0,186.0,227.0,301.0,516,1330,4400.0
01628500,09-24,176.0,189.0,225.0,295.0,502,1260,3280.0
01628500,09-25,177.0,191.0,232.0,305.0,491,1130,2570.0
01628500,09-26,174.0,192.0,240.0,307.0,464,1190,3330.0
01628500,09-27,177.0,191.0,246.0,323.0,560,1090,2740.0
01628500,09-28,177.0,190.0,244.0,329.0,504,1590,3010.0
01628500,09-29,172.0,198.0,235.0,316.0,556,1290,2230.0
01628500,09-30,176.0,201.0,242.0,334.0,636,1510,4380.0
01628500,10-01,165.0,194.0,231.0,324.0,639,1550,4080.0
01628500,10-02,172.0,195.0,234.0,326.0,659,1670,2980.0
01628500,10-03,173.0,193.0,230.0,314.0,599,1570,2980.0
01628500,10-04,170.0,189.0,230.0,304.0,530,1380,3190.0
01628500,10-05,164.0,182.0,220.0,307.0,530,1390,3120.0
01628500,10-06,171.0,187.0,240.0,311.0,523,1420,2900.0
01628500,10-07,178.0,192.0,240.0,321.0,507,1690,2500.0
01628500,10-08,178.0,189.0,231.0,325.0,518,1450,2290.0
01628500,10-09,175.0,189.0,239.0,324.0,557,1430,3380.0
01628500,10-10,178.0,189.0,235.0,333.0,488,1170,2810.0
01628500,10-11,181.0,186.0,227.0,325.0,488,1080,2030.0
01628500,10-12,176.0,185.0,235.0,321.0,500,1000,1980.0
01628500,10-13,178.0,186.0,222.0,311.0,525,946,1730.0
01628500,10-14,176.0,186.0,229.0,311.0,523,1190,1770.0
01628500,10-15,180.0,185.0,229.0,314.0,547,1160,1980.0
01628500,10-16,179.0,189.0,241.0,312.0,521,1030,1460.0
01628500,10-17,181.0,189.0,239.0,330.0,530,1040,2140.0
01628500,10-18,176.0,187.0,243.0,325.0,543,1310,3260.0
01628500,10-19,169.0,186.0,243.0,328.0,552,1280,3670.0
01628500,10-20,176.0,189.0,244.0,337.0,530,1300,2590.0
01628500,10-21,179.0,189.0,238.0,349.0,534,1740,4130.0
01628500,10-22,179.0,191.0,239.0,348.0,561,1470,2990.0
01628500,10-23,177.0,194.0,240.0,338.0,607,1510,2310.0
01628500,10-24,174.0,191.0,238.0,320.0,566,1560,2320.0
01628500,10-25,176.0,191.0,244.0,330.0,527,1400,1860.0
01628500,10-26,174.0,193.0,247.0,338.0,525,1280,2150.0
01628500,10-27,180.0,195.0,254.0,344.0,603,1310,2150.0
01628500,10-28,181.0,211.0,250.0,350.0,667,1250,1760.0
01628500,10-29,181.0,213.0,262.0,342.0,701,1300,1710.0
01628500,10-30,183.0,211.0,260.0,340.0,732,1170,1810.0
01628500,10-31,181.0,207.0,255.0,345.0,753,1470,2560.0
01628500,11-01,166.0,202.0,262.0,339.0,730,1350,2120.0
01628500,11-02,164.0,216.0,255.0,344.0,733,1320,2280.0
01628500,11-03,184.0,214.0,262.0,345.0,731,1330,2040.0
01628500,11-04,183.0,205.0,268.0,369.0,769,1300,2190.0
01628500,11-05,183.0,217.0,262.0,389.0,771,1200,1730.0
01628500,11-06,188.0,210.0,270.0,392.0,804,1210,1890.0
01628500,11-07,166.0,212.0,275.0,385.0,771,1500,2430.0
01628500,11-08,167.0,215.0,269.0,378.0,758,1750,2870.0
01628500,11-09,177.0,218.0,268.0,365.0,669,1610,3280.0
01628500,11-10,178.0,217.0,273.0,365.0,689,1640,2680.0
01628500,11-11,181.0,213.0,277.0,367.0,716,1520,2410.0
01628500,11-12,178.0,207.0,270.0,367.0,838,1890,2600.0
01628500,11-13,175.0,206.0,262.0,418.0,909,2210,3510.0
01628500,11-14,172.0,219.0,265.0,411.0,885,2360,2810.0
01628500,11-15,166.0,224.0,264.0,403.0,900,1770,2230.0
01628500,11-16,163.0,218.0,265.0,405.0,826,1690,2040.0
01628500,11-17,164.0,214.0,268.0,398.0,791,1630,2010.0
01628500,11-18,174.0,220.0,272.0,393.0,749,1410,2540.0
01628500,11-19,171.0,219.0,267.0,398.0,753,1460,2300.0
01628500,11-20,172.0,223.0,269.0,410.0,801,1820,3910.0
01628500,11-21,172.0,220.0,267.0,410.0,771,1890,3500.0
01628500,11-22,189.0,224.0,266.0,412.0,803,1700,2720.0
01628500,11-23,190.0,233.0,266.0,409.0,841,1760,2950.0
01628500,11-24,187.0,225.0,275.0,421.0,877,1440,2490.0
01628500,11-25,195.0,226.0,276.0,425.0,867,1550,2200.0
01628500,11-26,192.0,220.0,267.0,424.0,878,1930,2510.0
01628500,11-27,193.0,219.0,274.0,483.0,877,1680,2310.0
01628500,11-28,188.0,218.0,266.0,500.0,832,1750,2660.0
01628500,11-29,179.0,228.0,284.0,511.0,972,2430,2900.0
01628500,11-30,173.0,236.0,285.0,489.0,1100,2330,4640.0
01628500,12-01,184.0,230.0,292.0,510.0,1150,2550,4000.0
01628500,12-02,185.0,226.0,288.0,496.0,1000,2470,4130.0
01628500,12-03,189.0,219.0,298.0,492.0,1010,2150,3100.0
01628500,12-04,176.0,220.0,292.0,502.0,1160,2120,2790.0
01628500,12-05,195.0,227.0,315.0,506.0,1040,2110,3110.0
01628500,12-06,199.0,230.0,306.0,525.0,992,1820,2510.0
01628500,12-07,198.0,228.0,300.0,551.0,1050,1920,2760.0
01628500,12-08,207.0,224.0,301.0,566.0,1060,1780,3150.0
01628500,12-09,193.0,226.0,302.0,537.0,1110,2030,3100.0
01628500,12-10,191.0,225.0,296.0,547.0,1100,2090,3550.0
01628500,12-11,197.0,224.0,333.0,557.0,1130,2670,4320.0
01628500,12-12,190.0,222.0,340.0,634.0,1110,2060,3200.0
01628500,12-13,202.0,224.0,315.0,678.0,1010,2220,2800.0
01628500,12-14,203.0,230.0,326.0,656.0,1070,2020,2580.0
01628500,12-15,200.0,218.0,350.0,628.0,1010,2180,3060.0
01628500,12-16,193.0,215.0,351.0,681.0,1090,2150,2980.0
01628500,12-17,190.0,210.0,339.0,676.0,1080,2180,2790.0
01628500,12-18,199.0,213.0,330.0,664.0,1100,1980,2840.0
01628500,12-19,199.0,223.0,335.0,661.0,1060,2090,2440.0
01628500,12-20,196.0,228.0,323.0,644.0,1090,2030,2350.0
01628500,12-21,187.0,213.0,345.0,636.0,997,1920,2300.0
01628500,12-22,196.0,221.0,342.0,637.0,960,1830,3300.0
01628500,12-23,194.0,220.0,348.0,644.0,1040,2040,3990.0
01628500,12-24,195.0,230.0,360.0,685.0,1060,2260,3280.0
01628500,12-25,194.0,232.0,387.0,708.0,1120,2200,2750.0
01628500,12-26,196.0,234.0,379.0,737.0,1320,2040,3250.0
01628500,12-27,199.0,237.0,374.0,700.0,1330,2200,2890.0
01628500,12-28,198.0,233.0,356.0,695.0,1290,2130,3450.0
01628500,12-29,202.0,237.0,382.0,704.0,1350,2740,3760.0
01628500,12-30,200.0,230.0,381.0,716.0,1260,2820,4620.0
01628500,12-31,197.0,227.0,393.0,735.0,1170,3020,5690.0
01629500,01-01,259.0,375.0,553.0,1020.0,1970,4150,5650.0
01629500,01-02,255.0,370.0,569.0,1000.0,1910,3810,4460.0
01629500,01-03,269.0,396.0,568.0,1010.0,1850,3300,3650.0
01629500,01-04,267.0,428.0,601.0,1030.0,1880,2880,3800.0
01629500,01-05,272.0,394.0,581.0,1080.0,1830,2650,3420.0
01629500,01-06,290.0,414.0,580.0,1080.0,1790,2720,3160.0
01629500,01-07,271.0,413.0,597.0,1030.0,1650,2600,2860.0
01629500,01-08,284.0,401.0,592.0,1070.0,1700,2620,4540.0
01629500,01-09,285.0,405.0,610.0,1040.0,1520,2620,4720.0
01629500,01-10,283.0,376.0,593.0,1010.0,1590,2620,4560.0
01629500,01-11,296.0,375.0,648.0,981.0,1580,2700,3680.0
01629500,01-12,297.0,378.0,642.0,962.0,1530,2760,3460.0
01629500,01-13,305.0,408.0,651.0,959.0,1490,2980,3700.0
01629500,01-14,330.0,395.0,706.0,930.0,1630,2710,3440.0
01629500,01-15,342.0,407.0,693.0,973.0,1730,2990,4810.0
01629500,01-16,368.0,413.0,701.0,1060.0,1730,3020,4720.0
01629500,01-17,352.0,405.0,695.0,1100.0,1770,2800,3940.0
01629500,01-18,325.0,453.0,702.0,1000.0,1740,3470,3990.0
01629500,01-19,387.0,434.0,698.0,1010.0,1720,3750,6250.0
01629500,01-20,366.0,472.0,697.0,1030.0,1730,3990,5210.0
01629500,01-21,366.0,447.0,686.0,1050.0,1640,3830,5070.0
01629500,01-22,351.0,421.0,661.0,978.0,1530,3040,4010.0
01629500,01-23,371.0,413.0,680.0,970.0,1520,3020,3570.0
01629500,01-24,351.0,473.0,678.0,1020.0,1770,2790,4860.0
01629500,01-25,351.0,461.0,725.0,1030.0,2020,3100,5620.0
01629500,01-26,374.0,430.0,701.0,1200.0,1850,3340,4990.0
01629500,01-27,373.0,410.0,685.0,1170.0,1700,2790,4100.0
01629500,01-28,333.0,415.0,685.0,1130.0,1610,3050,6990.0
01629500,01-29,315.0,429.0,688.0,1050.0,1560,3230,8110.0
01629500,01-30,320.0,417.0,709.0,1030.0,1580,3090,5760.0
01629500,01-31,331.0,415.0,707.0,1120.0,1540,3510,7240.0
01629500,02-01,336.0,412.0,682.0,1160.0,2020,3440,5240.0
01629500,02-02,338.0,427.0,733.0,1140.0,2410,4230,5310.0
01629500,02-03,381.0,439.0,798.0,1220.0,2330,3830,5190.0
01629500,02-04,384.0,456.0,889.0,1230.0,2240,4430,9260.0
01629500,02-05,400.0,470.0,859.0,1230.0,2260,5250,7300.0
01629500,02-06,359.0,461.0,848.0,1260.0,2270,4060,5180.0
01629500,02-07,388.0,482.0,861.0,1230.0,2310,3860,6600.0
01629500,02-08,375.0,505.0,886.0,1250.0,2080,4340,6330.0
01629500,02-09,347.0,512.0,862.0,1280.0,1980,3450,4290.0
01629500,02-10,364.0,507.0,821.0,1280.0,1880,3260,3980.0
01629500,02-11,400.0,519.0,804.0,1230.0,1910,2860,3940.0
01629500,02-12,420.0,541.0,799.0,1210.0,1950,3270,4290.0
01629500,02-13,435.0,553.0,814.0,1330.0,1860,2820,3670.0
01629500,02-14,438.0,575.0,803.0,1330.0,2210,3050,5160.0
01629500,02-15,464.0,549.0,789.0,1320.0,2200,2950,7180.0
01629500,02-16,502.0,586.0,796.0,1310.0,2200,3620,5460.0
01629500,02-17,488.0,562.0,790.0,1270.0,2130,3910,6930.0
01629500,02-18,558.0,580.0,759.0,1240.0,2150,4490,6460.0
01629500,02-19,536.0,601.0,782.0,1370.0,2230,3710,4700.0
01629500,02-20,553.0,622.0,786.0,1410.0,2440,3960,4810.0
01629500,02-21,522.0,604.0,822.0,1440.0,2460,3310,4700.0
01629500,02-22,535.0,583.0,861.0,1520.0,2300,3950,6080.0
01629500,02-23,552.0,578.0,903.0,1480.0,2260,4030,7340.0
01629500,02-24,540.0,570.0,851.0,1420.0,2290,6720,9420.0
01629500,02-25,537.0,571.0,910.0,1330.0,2320,7420,8340.0
01629500,02-26,524.0,576.0,950.0,1460.0,2200,5540,6760.0
01629500,02-27,505.0,598.0,944.0,1430.0,2310,4620,5460.0
01629500,02-28,505.0,593.0,937.0,1300.0,2360,4090,4350.0
01629500,02-29,,757.0,952.0,1140.0,2430,3700,
01629500,03-01,476.0,601.0,921.0,1390.0,2300,3490,5350.0
01629500,03-02,513.0,595.0,912.0,1280.0,2180,4390,5790.0
01629500,03-03,475.0,588.0,902.0,1260.0,2270,4930,6910.0
01629500,03-04,495.0,591.0,923.0,1300.0,2270,5330,6840.0
01629500,03-05,475.0,620.0,917.0,1310.0,2320,4880,6570.0
01629500,03-06,506.0,628.0,922.0,1410.0,2230,5590,7130.0
01629500,03-07,511.0,610.0,902.0,1620.0,2440,5160,7320.0
01629500,03-08,540.0,605.0,911.0,1810.0,3050,4380,5750.0
01629500,03-09,542.0,603.0,991.0,1770.0,2810,4240,4780.0
01629500,03-10,528.0,600.0,1020.0,1740.0,2610,4150,5080.0
01629500,03-11,523.0,611.0,998.0,1620.0,2480,3510,7520.0
01629500,03-12,505.0,659.0,1010.0,1610.0,2200,4580,7140.0
01629500,03-13,513.0,647.0,974.0,1520.0,2220,4290,6830.0
01629500,03-14,524.0,649.0,1030.0,1510.0,2230,4220,6480.0
01629500,03-15,545.0,650.0,1040.0,1470.0,2270,4020,5440.0
01629500,03-16,575.0,631.0,1040.0,1450.0,2500,3250,5470.0
01629500,03-17,557.0,666.0,1010.0,1470.0,2410,3830,5060.0
01629500,03-18,547.0,681.0,1010.0,1530.0,2230,3720,5450.0
01629500,03-19,549.0,688.0,967.0,1510.0,2230,4400,6190.0
01629500,03-20,572.0,711.0,956.0,1490.0,2770,4820,5650.0
01629500,03-21,605.0,744.0,964.0,1540.0,2710,4840,9690.0
01629500,03-22,658.0,765.0,993.0,1510.0,3140,6510,8890.0
01629500,03-23,632.0,742.0,999.0,1480.0,3040,5280,6350.0
01629500,03-24,634.0,750.0,977.0,1530.0,2880,4260,6200.0
01629500,03-25,627.0,721.0,958.0,1610.0,3060,3910,5140.0
01629500,03-26,642.0,672.0,966.0,1580.0,2680,3250,4330.0
01629500,03-27,658.0,726.0,929.0,1540.0,2390,2850,3670.0
01629500,03-28,662.0,801.0,934.0,1470.0,2100,2920,3960.0
01629500,03-29,637.0,795.0,1010.0,1410.0,1990,3660,10900.0
01629500,03-30,640.0,772.0,1000.0,1430.0,2380,4380,9570.0
01629500,03-31,661.0,748.0,996.0,1480.0,2390,5350,7050.0
01629500,04-01,659.0,752.0,982.0,1470.0,2430,4630,6450.0
01629500,04-02,663.0,728.0,1040.0,1400.0,2290,4190,6570.0
01629500,04-03,680.0,723.0,1030.0,1400.0,2160,4430,5670.0
01629500,04-04,666.0,721.0,1000.0,1380.0,2400,4070,4950.0
01629500,04-05,663.0,716.0,1000.0,1450.0,2310,3830,5080.0
01629500,04-06,629.0,711.0,960.0,1430.0,2120,3260,4620.0
01629500,04-07,609.0,737.0,957.0,1360.0,2180,2980,4230.0
01629500,04-08,620.0,768.0,967.0,1300.0,2270,3380,3790.0
01629500,04-09,627.0,805.0,1000.0,1360.0,2230,3160,4490.0
01629500,04-10,627.0,762.0,953.0,1300.0,2260,4060,7880.0
01629500,04-11,622.0,755.0,907.0,1210.0,2200,4060,6490.0
01629500,04-12,621.0,758.0,915.0,1210.0,2070,3990,4870.0
01629500,04-13,637.0,723.0,903.0,1420.0,2400,4120,6330.0
01629500,04-14,647.0,701.0,880.0,1450.0,2800,4970,7910.0
01629500,04-15,619.0,688.0,855.0,1350.0,2580,4920,7820.0
01629500,04-16,596.0,726.0,844.0,1380.0,3320,7470,10000.0
01629500,04-17,601.0,723.0,848.0,1550.0,2990,7720,16800.0
01629500,04-18,602.0,699.0,804.0,1430.0,2560,5390,7880.0
01629500,04-19,608.0,693.0,855.0,1410.0,2340,4100,5650.0
01629500,04-20,601.0,682.0,870.0,1340.0,2560,5000,8010.0
01629500,04-21,594.0,678.0,962.0,1370.0,2570,4430,7160.0
01629500,04-22,548.0,626.0,907.0,1480.0,2460,5370,6350.0
01629500,04-23,566.0,637.0,930.0,1430.0,2500,4640,8190.0
01629500,04-24,582.0,641.0,909.0,1420.0,2320,4070,6450.0
01629500,04-25,523.0,638.0,938.0,1380.0,2220,3440,5730.0
01629500,04-26,569.0,631.0,979.0,1440.0,2130,3760,5880.0
01629500,04-27,539.0,613.0,1020.0,1470.0,2150,3340,4410.0
01629500,04-28,528.0,628.0,1000.0,1440.0,2240,3170,3490.0
01629500,04-29,487.0,625.0,1010.0,1390.0,2180,3290,4440.0
01629500,04-30,504.0,618.0,1020.0,1350.0,2070,4080,5300.0
01629500,05-01,516.0,611.0,1000.0,1370.0,1950,3880,7860.0
01629500,05-02,562.0,649.0,936.0,1410.0,1840,3360,6060.0
01629500,05-03,535.0,660.0,914.0,1340.0,2110,3560,4970.0
01629500,05-04,488.0,684.0,921.0,1290.0,2400,3610,4430.0
01629500,05-05,513.0,675.0,950.0,1320.0,2400,3890,4840.0
01629500,05-06,518.0,716.0,986.0,1290.0,2480,3920,6050.0
01629500,05-07,512.0,679.0,953.0,1540.0,2320,5550,6660.0
01629500,05-08,478.0,653.0,917.0,1420.0,2140,4760,7280.0
01629500,05-09,493.0,644.0,876.0,1210.0,2020,4170,5580.0
01629500,05-10,568.0,631.0,890.0,1310.0,2290,3260,6310.0
01629500,05-11,480.0,616.0,845.0,1340.0,1970,3050,5200.0
01629500,05-12,524.0,613.0,771.0,1290.0,1810,2720,4920.0
01629500,05-13,505.0,617.0,781.0,1200.0,1720,3230,4070.0
01629500,05-14,494.0,596.0,771.0,1200.0,1690,3240,3980.0
01629500,05-15,480.0,628.0,772.0,1230.0,1890,2760,3270.0
01629500,05-16,553.0,653.0,823.0,1180.0,2030,2990,4610.0
01629500,05-17,549.0,625.0,819.0,1140.0,2290,3340,5850.0
01629500,05-18,535.0,635.0,818.0,1200.0,1970,3630,6680.0
01629500,05-19,568.0,613.0,834.0,1340.0,1960,4080,6580.0
01629500,05-20,550.0,633.0,845.0,1350.0,1900,3690,6420.0
01629500,05-21,534.0,596.0,813.0,1350.0,1880,3400,5300.0
01629500,05-22,571.0,665.0,879.0,1330.0,2090,4110,4670.0
01629500,05-23,551.0,665.0,852.0,1340.0,2100,3570,4160.0
01629500,05-24,498.0,607.0,879.0,1280.0,1980,3230,3800.0
01629500,05-25,479.0,593.0,856.0,1260.0,1780,2770,3220.0
01629500,05-26,461.0,581.0,832.0,1160.0,1810,2460,3140.0
01629500,05-27,479.0,566.0,845.0,1110.0,1790,2310,2660.0
01629500,05-28,461.0,537.0,840.0,1160.0,1690,2580,3430.0
01629500,05-29,498.0,631.0,814.0,1180.0,1720,2560,3120.0
01629500,05-30,481.0,578.0,777.0,1140.0,1630,2520,3100.0
01629500,05-31,466.0,610.0,720.0,1080.0,1690,2660,4610.0
01629500,06-01,457.0,562.0,749.0,1030.0,1500,2350,6020.0
01629500,06-02,473.0,579.0,712.0,1010.0,1430,2190,4210.0
01629500,06-03,466.0,578.0,706.0,980.0,1360,2310,3420.0
01629500,06-04,440.0,511.0,699.0,932.0,1400,2390,5870.0
01629500,06-05,427.0,508.0,672.0,950.0,1420,3330,5370.0
01629500,06-06,428.0,508.0,646.0,930.0,1400,2810,4780.0
01629500,06-07,396.0,482.0,682.0,910.0,1340,2390,3710.0
01629500,06-08,382.0,506.0,680.0,910.0,1240,2130,2930.0
01629500,06-09,389.0,489.0,647.0,927.0,1430,2100,2510.0
01629500,06-10,382.0,509.0,618.0,916.0,1330,2520,2800.0
01629500,06-11,372.0,486.0,617.0,909.0,1370,2750,3840.0
01629500,06-12,377.0,490.0,613.0,855.0,1380,2470,4050.0
01629500,06-13,378.0,469.0,606.0,820.0,1270,2760,3840.0
01629500,06-14,396.0,461.0,567.0,820.0,1310,2600,3790.0
01629500,06-15,351.0,454.0,575.0,801.0,1390,2530,5240.0
01629500,06-16,345.0,443.0,544.0,813.0,1290,2650,3420.0
01629500,06-17,326.0,425.0,603.0,792.0,1340,2220,3550.0
01629500,06-18,316.0,393.0,566.0,760.0,1430,3070,4520.0
01629500,06-19,320.0,397.0,578.0,770.0,1260,2600,5510.0
01629500,06-20,322.0,392.0,562.0,780.0,1420,2200,5910.0
01629500,06-21,327.0,414.0,520.0,722.0,1370,2430,4260.0
01629500,06-22,323.0,376.0,545.0,728.0,1220,2180,3760.0
01629500,06-23,320.0,397.0,567.0,721.0,1290,1890,2720.0
01629500,06-24,338.0,390.0,541.0,751.0,1170,1940,3180.0
01629500,06-25,329.0,384.0,528.0,796.0,1150,1960,2850.0
01629500,06-26,324.0,396.0,497.0,764.0,1060,1890,2700.0
01629500,06-27,323.0,386.0,496.0,760.0,1000,1570,2560.0
01629500,06-28,335.0,385.0,464.0,732.0,1060,2040,4090.0
01629500,06-29,294.0,375.0,448.0,696.0,1030,1820,3110.0
01629500,06-30,328.0,380.0,460.0,665.0,976,1690,2830.0
01629500,07-01,310.0,372.0,457.0,703.0,896,1550,2550.0
01629500,07-02,284.0,363.0,487.0,681.0,880,1360,2270.0
01629500,07-03,289.0,335.0,511.0,693.0,897,1470,2970.0
01629500,07-04,263.0,322.0,482.0,644.0,909,1220,2210.0
01629500,07-05,276.0,342.0,448.0,611.0,966,1320,2530.0
01629500,07-06,296.0,366.0,456.0,625.0,913,1540,2490.0
01629500,07-07,293.0,355.0,445.0,654.0,825,1390,2150.0
01629500,07-08,280.0,315.0,483.0,671.0,785,1210,1910.0
01629500,07-09,285.0,313.0,457.0,618.0,775,1270,1840.0
01629500,07-10,248.0,344.0,467.0,614.0,868,1280,1640.0
01629500,07-11,260.0,350.0,461.0,608.0,851,1280,1480.0
01629500,07-12,235.0,354.0,465.0,601.0,835,1320,1640.0
01629500,07-13,239.0,351.0,470.0,620.0,855,1480,2230.0
01629500,07-14,245.0,305.0,477.0,641.0,920,1470,2200.0
01629500,07-15,260.0,296.0,457.0,576.0,863,1700,2390.0
01629500,07-16,262.0,330.0,452.0,544.0,778,1580,2120.0
01629500,07-17,257.0,343.0,440.0,536.0,819,1420,1690.0
01629500,07-18,229.0,299.0,423.0,532.0,850,1280,1570.0
01629500,07-19,231.0,300.0,408.0,543.0,753,1200,1770.0
01629500,07-20,223.0,331.0,412.0,538.0,727,1130,1650.0
01629500,07-21,272.0,323.0,430.0,559.0,735,1170,1990.0
01629500,07-22,274.0,311.0,428.0,530.0,712,1230,1480.0
01629500,07-23,285.0,338.0,430.0,562.0,769,1150,1460.0
01629500,07-24,282.0,333.0,429.0,574.0,738,1060,1250.0
01629500,07-25,263.0,327.0,422.0,598.0,830,1140,1710.0
01629500,07-26,288.0,328.0,442.0,590.0,732,1150,1620.0
01629500,07-27,281.0,336.0,428.0,547.0,812,1120,1500.0
01629500,07-28,259.0,313.0,413.0,555.0,779,1080,1290.0
01629500,07-29,285.0,333.0,435.0,537.0,771,1110,1530.0
01629500,07-30,283.0,330.0,416.0,519.0,815,1120,2260.0
01629500,07-31,286.0,316.0,402.0,541.0,796,1170,1820.0
01629500,08-01,263.0,311.0,396.0,537.0,751,1270,2000.0
01629500,08-02,268.0,316.0,410.0,546.0,772,1430,1610.0
01629500,08-03,270.0,326.0,407.0,513.0,781,1110,1310.0
01629500,08-04,268.0,310.0,400.0,510.0,748,1150,1320.0
01629500,08-05,262.0,300.0,389.0,503.0,741,1050,1400.0
01629500,08-06,283.0,314.0,414.0,510.0,747,1020,1420.0
01629500,08-07,261.0,292.0,404.0,510.0,699,1390,1800.0
01629500,08-08,258.0,310.0,396.0,509.0,730,1200,1630.0
01629500,08-09,244.0,336.0,405.0,540.0,705,1320,3010.0
01629500,08-10,234.0,305.0,406.0,518.0,691,1440,2790.0
01629500,08-11,277.0,303.0,415.0,531.0,713,1090,2090.0
01629500,08-12,265.0,290.0,414.0,500.0,761,1420,2550.0
01629500,08-13,233.0,304.0,392.0,519.0,709,1950,3520.0
01629500,08-14,237.0,297.0,371.0,499.0,727,1620,3620.0
01629500,08-15,241.0,283.0,372.0,497.0,716,2140,2850.0
01629500,08-16,292.0,298.0,366.0,481.0,675,2510,5610.0
01629500,08-17,249.0,292.0,357.0,489.0,686,2340,5400.0
01629500,08-18,261.0,311.0,356.0,478.0,688,2620,6510.0
01629500,08-19,252.0,316.0,406.0,477.0,850,2650,4810.0
01629500,08-20,257.0,309.0,381.0,485.0,855,2370,3650.0
01629500,08-21,255.0,319.0,386.0,482.0,755,1900,2530.0
01629500,08-22,244.0,324.0,386.0,461.0,817,1850,2220.0
01629500,08-23,232.0,318.0,380.0,484.0,741,1560,2070.0
01629500,08-24,225.0,296.0,371.0,460.0,667,1480,1920.0
01629500,08-25,258.0,322.0,376.0,464.0,818,1330,1740.0
01629500,08-26,228.0,310.0,373.0,462.0,791,1480,1990.0
01629500,08-27,251.0,304.0,372.0,464.0,743,1560,2320.0
01629500,08-28,301.0,319.0,366.0,455.0,664,1450,2260.0
01629500,08-29,274.0,325.0,368.0,443.0,715,1300,1840.0
01629500,08-30,265.0,318.0,386.0,457.0,652,1240,2080.0
01629500,08-31,279.0,300.0,374.0,451.0,596,1190,2210.0
01629500,09-01,256.0,309.0,365.0,432.0,624,1670,3390.0
01629500,09-02,267.0,306.0,355.0,437.0,703,2130,3580.0
01629500,09-03,246.0,318.0,356.0,434.0,685,1960,2930.0
01629500,09-04,275.0,302.0,357.0,440.0,614,1650,2290.0
01629500,09-05,244.0,294.0,357.0,435.0,593,1670,1950.0
01629500,09-06,280.0,318.0,371.0,441.0,701,1780,3140.0
01629500,09-07,268.0,308.0,357.0,437.0,754,1780,4400.0
01629500,09-08,264.0,305.0,366.0,443.0,747,2200,5400.0
01629500,09-09,261.0,306.0,373.0,449.0,819,2100,6590.0
01629500,09-10,258.0,305.0,364.0,451.0,882,1920,5360.0
01629500,09-11,266.0,309.0,376.0,437.0,856,1770,4990.0
01629500,09-12,271.0,305.0,359.0,413.0,799,1530,3240.0
01629500,09-13,274.0,300.0,353.0,426.0,737,1400,2670.0
01629500,09-14,273.0,301.0,344.0,410.0,685,1370,2570.0
01629500,09-15,264.0,294.0,342.0,407.0,708,1260,2350.0
01629500,09-16,257.0,285.0,343.0,408.0,676,1260,2140.0
01629500,09-17,256.0,289.0,352.0,415.0,626,1300,3550.0
01629500,09-18,251.0,290.0,352.0,420.0,573,1330,5230.0
01629500,09-19,252.0,295.0,345.0,424.0,812,3190,11300.0
01629500,09-20,250.0,289.0,344.0,419.0,828,3590,7610.0
01629500,09-21,243.0,274.0,342.0,400.0,833,2770,5130.0
01629500,09-22,256.0,283.0,337.0,415.0,781,2420,4200.0
01629500,09-23,269.0,297.0,336.0,408.0,774,2670,6490.0
01629500,09-24,271.0,301.0,335.0,400.0,759,2040,6000.0
01629500,09-25,245.0,305.0,332.0,407.0,761,1990,4260.0
01629500,09-26,251.0,310.0,349.0,403.0,812,2080,3500.0
01629500,09-27,252.0,302.0,341.0,455.0,764,2080,4260.0
01629500,09-28,279.0,300.0,329.0,485.0,771,2390,3980.0
01629500,09-29,276.0,296.0,321.0,521.0,805,1980,11300.0
01629500,09-30,286.0,301.0,343.0,470.0,836,2720,7880.0
01629500,10-01,283.0,294.0,336.0,437.0,1050,3060,6090.0
01629500,10-02,269.0,293.0,352.0,498.0,1030,3000,4330.0
01629500,10-03,265.0,276.0,340.0,457.0,931,3310,6600.0
01629500,10-04,251.0,286.0,341.0,487.0,908,2730,5730.0
01629500,10-05,253.0,281.0,335.0,499.0,838,2100,4410.0
01629500,10-06,245.0,279.0,333.0,502.0,786,2000,4960.0
01629500,10-07,242.0,285.0,335.0,482.0,771,2220,4500.0
01629500,10-08,237.0,272.0,341.0,464.0,741,1970,3690.0
01629500,10-09,235.0,266.0,349.0,458.0,750,2000,3980.0
01629500,10-10,229.0,272.0,344.0,459.0,742,1740,3420.0
01629500,10-11,228.0,250.0,349.0,442.0,757,1500,2600.0
01629500,10-12,238.0,265.0,339.0,430.0,738,1630,3250.0
01629500,10-13,262.0,287.0,345.0,470.0,843,1810,6410.0
01629500,10-14,256.0,283.0,341.0,470.0,823,1700,5030.0
01629500,10-15,249.0,280.0,344.0,470.0,998,1900,3240.0
01629500,10-16,255.0,289.0,344.0,477.0,909,1730,2400.0
01629500,10-17,262.0,288.0,350.0,444.0,820,1430,2030.0
01629500,10-18,255.0,288.0,361.0,442.0,711,1620,2780.0
01629500,10-19,251.0,289.0,352.0,430.0,730,1770,4040.0
01629500,10-20,261.0,289.0,364.0,442.0,659,1710,3820.0
01629500,10-21,246.0,291.0,361.0,474.0,775,2420,4920.0
01629500,10-22,244.0,283.0,351.0,470.0,784,2150,4560.0
01629500,10-23,258.0,287.0,343.0,453.0,811,2280,3540.0
01629500,10-24,266.0,292.0,353.0,448.0,799,2270,2520.0
01629500,10-25,254.0,291.0,357.0,445.0,725,1880,2250.0
01629500,10-26,255.0,299.0,366.0,484.0,811,1660,1990.0
01629500,10-27,259.0,304.0,374.0,520.0,818,1460,1760.0
01629500,10-28,283.0,319.0,381.0,518.0,889,1390,1930.0
01629500,10-29,261.0,304.0,396.0,500.0,866,1550,2110.0
01629500,10-30,281.0,316.0,392.0,507.0,920,1630,2330.0
01629500,10-31,285.0,314.0,387.0,462.0,876,1700,2410.0
01629500,11-01,249.0,304.0,387.0,469.0,854,1750,2090.0
01629500,11-02,247.0,309.0,381.0,546.0,899,1700,2070.0
01629500,11-03,254.0,316.0,384.0,541.0,945,1620,2340.0
01629500,11-04,268.0,333.0,388.0,578.0,932,1570,3750.0
01629500,11-05,249.0,324.0,378.0,581.0,1010,1510,3150.0
01629500,11-06,292.0,355.0,397.0,576.0,1050,1330,2610.0
01629500,11-07,280.0,345.0,394.0,591.0,1060,1940,3140.0
01629500,11-08,260.0,332.0,402.0,551.0,966,2010,3840.0
01629500,11-09,266.0,339.0,395.0,558.0,928,2310,5530.0
01629500,11-10,279.0,350.0,402.0,520.0,996,1910,4270.0
01629500,11-11,249.0,345.0,409.0,529.0,973,1750,3170.0
01629500,11-12,271.0,350.0,399.0,542.0,1070,2150,3810.0
01629500,11-13,277.0,344.0,390.0,557.0,1490,3390,4050.0
01629500,11-14,275.0,347.0,383.0,570.0,1410,3190,4450.0
01629500,11-15,253.0,336.0,385.0,588.0,1470,2540,3120.0
01629500,11-16,275.0,344.0,389.0,569.0,1420,2370,3410.0
01629500,11-17,278.0,341.0,386.0,584.0,1290,2230,6060.0
01629500,11-18,279.0,340.0,403.0,583.0,1250,2790,4840.0
01629500,11-19,280.0,342.0,395.0,575.0,1290,2920,6150.0
01629500,11-20,278.0,352.0,419.0,572.0,1290,3030,4320.0
01629500,11-21,313.0,354.0,411.0,575.0,1230,2820,3840.0
01629500,11-22,352.0,367.0,418.0,575.0,1240,2220,3290.0
01629500,11-23,345.0,364.0,409.0,588.0,1310,2400,4380.0
01629500,11-24,335.0,361.0,417.0,590.0,1210,2000,3650.0
01629500,11-25,290.0,346.0,413.0,563.0,1280,2370,4230.0
01629500,11-26,342.0,364.0,407.0,617.0,1260,2570,3770.0
01629500,11-27,341.0,350.0,423.0,700.0,1210,2630,3770.0
01629500,11-28,321.0,349.0,443.0,713.0,1290,2530,3760.0
01629500,11-29,302.0,345.0,397.0,751.0,1440,3370,4380.0
01629500,11-30,304.0,349.0,430.0,739.0,1810,3600,4950.0
01629500,12-01,305.0,352.0,439.0,787.0,1820,3600,5140.0
01629500,12-02,309.0,355.0,431.0,750.0,2070,3360,7080.0
01629500,12-03,305.0,353.0,447.0,864.0,1800,3680,4590.0
01629500,12-04,319.0,353.0,423.0,874.0,1880,3650,5260.0
01629500,12-05,315.0,362.0,448.0,928.0,1930,3100,4650.0
01629500,12-06,337.0,361.0,438.0,894.0,1810,3070,5470.0
01629500,12-07,334.0,350.0,418.0,887.0,1750,2620,4160.0
01629500,12-08,333.0,348.0,421.0,876.0,1610,2660,4910.0
01629500,12-09,301.0,336.0,409.0,876.0,1550,2880,7010.0
01629500,12-10,307.0,340.0,424.0,865.0,1560,3500,4950.0
01629500,12-11,323.0,349.0,468.0,830.0,1500,3890,5410.0
01629500,12-12,333.0,360.0,533.0,821.0,1510,2770,4290.0
01629500,12-13,332.0,348.0,552.0,882.0,1400,2760,4290.0
01629500,12-14,327.0,354.0,522.0,853.0,1440,2340,4590.0
01629500,12-15,329.0,347.0,515.0,879.0,1600,3320,4490.0
01629500,12-16,327.0,364.0,525.0,930.0,1490,3140,3720.0
01629500,12-17,310.0,349.0,527.0,934.0,1590,2850,3660.0
01629500,12-18,307.0,337.0,562.0,915.0,1600,2760,4420.0
01629500,12-19,317.0,346.0,537.0,908.0,1520,2490,3740.0
01629500,12-20,321.0,347.0,543.0,873.0,1360,2400,3710.0
01629500,12-21,316.0,357.0,523.0,862.0,1390,2440,3370.0
01629500,12-22,311.0,350.0,517.0,876.0,1250,2420,2700.0
01629500,12-23,310.0,344.0,510.0,955.0,1280,2590,4000.0
01629500,12-24,310.0,356.0,525.0,915.0,1290,3070,4530.0
01629500,12-25,293.0,382.0,518.0,984.0,1830,3420,4840.0
01629500,12-26,305.0,388.0,537.0,985.0,2000,3360,5450.0
01629500,12-27,297.0,399.0,512.0,954.0,1870,3280,5300.0
01629500,12-28,288.0,395.0,522.0,941.0,1810,2820,4380.0
01629500,12-29,274.0,387.0,540.0,936.0,1840,3360,5190.0
01629500,12-30,259.0,374.0,525.0,970.0,1980,3720,5840.0
01629500,12-31,283.0,372.0,526.0,936.0,2030,3720,7320.0
01631000,01-01,322.0,382.0,657.0,1110.0,1910,4530,7360.0
01631000,01-02,324.0,388.0,643.0,1100.0,2050,4500,5270.0
01631000,01-03,319.0,416.0,694.0,1110.0,2160,4220,5590.0
01631000,01-04,328.0,427.0,708.0,1150.0,2280,3650,5200.0
01631000,01-05,318.0,416.0,740.0,1200.0,2380,3420,4570.0
01631000,01-06,388.0,441.0,720.0,1250.0,2310,3270,4090.0
01631000,01-07,351.0,440.0,730.0,1220.0,2290,3150,4030.0
01631000,01-08,345.0,390.0,713.0,1250.0,2040,3070,4620.0
01631000,01-09,312.0,442.0,698.0,1230.0,2200,3410,4530.0
01631000,01-10,354.0,424.0,719.0,1200.0,2180,4020,5200.0
01631000,01-11,349.0,430.0,721.0,1180.0,2210,3840,5470.0
01631000,01-12,372.0,445.0,742.0,1260.0,2000,3340,4950.0
01631000,01-13,398.0,485.0,734.0,1250.0,2050,3520,4510.0
01631000,01-14,392.0,483.0,744.0,1290.0,1910,3470,4000.0
01631000,01-15,387.0,514.0,777.0,1270.0,2220,3310,3560.0
01631000,01-16,396.0,476.0,719.0,1290.0,2110,3090,3760.0
01631000,01-17,402.0,504.0,744.0,1230.0,2190,2830,3690.0
01631000,01-18,397.0,497.0,735.0,1240.0,1950,2900,4350.0
01631000,01-19,396.0,464.0,786.0,1170.0,1910,3230,4610.0
01631000,01-20,385.0,516.0,730.0,1190.0,1790,3180,5240.0
01631000,01-21,441.0,526.0,735.0,1200.0,1950,3510,6390.0
01631000,01-22,380.0,472.0,720.0,1200.0,1910,4520,6400.0
01631000,01-23,371.0,474.0,744.0,1160.0,1990,4030,5800.0
01631000,01-24,367.0,505.0,780.0,1320.0,2400,4130,5450.0
01631000,01-25,357.0,432.0,800.0,1300.0,2480,5200,7350.0
01631000,01-26,393.0,464.0,797.0,1400.0,2720,5600,8220.0
01631000,01-27,399.0,489.0,794.0,1400.0,2680,5170,5680.0
01631000,01-28,370.0,473.0,773.0,1520.0,2540,4070,6860.0
01631000,01-29,374.0,472.0,762.0,1400.0,2430,4600,8250.0
01631000,01-30,354.0,456.0,773.0,1370.0,2370,4060,6750.0
01631000,01-31,368.0,462.0,787.0,1400.0,2170,4290,5390.0
01631000,02-01,378.0,487.0,825.0,1450.0,2150,3810,5350.0
01631000,02-02,400.0,487.0,810.0,1430.0,2770,3750,5380.0
01631000,02-03,382.0,483.0,820.0,1410.0,2580,4040,6580.0
01631000,02-04,393.0,550.0,897.0,1440.0,2490,5190,7240.0
01631000,02-05,387.0,547.0,1040.0,1500.0,2380,4780,8700.0
01631000,02-06,428.0,576.0,986.0,1430.0,2590,5160,6820.0
01631000,02-07,407.0,576.0,973.0,1580.0,2450,4680,5850.0
01631000,02-08,400.0,603.0,980.0,1530.0,2600,4600,6660.0
01631000,02-09,427.0,580.0,960.0,1550.0,2560,3950,5210.0
01631000,02-10,400.0,570.0,957.0,1500.0,2430,3740,4170.0
01631000,02-11,466.0,615.0,916.0,1420.0,2400,3540,4210.0
01631000,02-12,477.0,629.0,902.0,1380.0,2420,3720,4690.0
01631000,02-13,473.0,621.0,944.0,1490.0,2450,3500,4550.0
01631000,02-14,472.0,630.0,950.0,1520.0,2590,3890,7270.0
01631000,02-15,489.0,642.0,940.0,1460.0,2570,4270,7630.0
01631000,02-16,454.0,646.0,940.0,1480.0,2500,4340,5810.0
01631000,02-17,488.0,644.0,963.0,1570.0,2450,4350,7980.0
01631000,02-18,524.0,616.0,976.0,1470.0,2540,4150,6610.0
01631000,02-19,542.0,589.0,938.0,1650.0,2610,4100,6360.0
01631000,02-20,525.0,647.0,1030.0,1560.0,2660,4160,5120.0
01631000,02-21,551.0,640.0,1040.0,1620.0,2660,3600,5000.0
01631000,02-22,525.0,610.0,1040.0,1650.0,2680,3820,5570.0
01631000,02-23,520.0,623.0,1050.0,1730.0,2600,4440,7820.0
01631000,02-24,539.0,605.0,1040.0,1700.0,2500,5460,8050.0
01631000,02-25,548.0,626.0,1030.0,1640.0,2370,5320,10300.0
01631000,02-26,546.0,628.0,1020.0,1580.0,2530,6180,8380.0
01631000,02-27,538.0,638.0,1070.0,1640.0,2590,5720,6810.0
01631000,02-28,528.0,635.0,1110.0,1620.0,2950,5160,6090.0
01631000,02-29,551.0,795.0,1130.0,1380.0,2810,5450,6200.0
01631000,03-01,529.0,660.0,1100.0,1680.0,2830,4680,5910.0
01631000,03-02,487.0,658.0,1080.0,1640.0,2710,4760,6020.0
01631000,03-03,537.0,647.0,1050.0,1620.0,2730,5000,6960.0
01631000,03-04,548.0,680.0,1030.0,1660.0,2760,5260,6450.0
01631000,03-05,558.0,701.0,1100.0,1600.0,2870,4610,8080.0
01631000,03-06,596.0,767.0,1100.0,1660.0,2940,6050,8970.0
01631000,03-07,619.0,819.0,1160.0,1970.0,3050,5260,8140.0
01631000,03-08,690.0,816.0,1150.0,2080.0,2990,5040,7030.0
01631000,03-09,686.0,835.0,1220.0,1990.0,3180,4660,5580.0
01631000,03-10,708.0,835.0,1180.0,1980.0,2840,4590,4920.0
01631000,03-11,657.0,839.0,1220.0,2030.0,2730,4190,4890.0
01631000,03-12,679.0,879.0,1240.0,1860.0,2950,4010,6520.0
01631000,03-13,682.0,900.0,1220.0,1800.0,3070,5660,9790.0
01631000,03-14,602.0,878.0,1310.0,1850.0,3100,6760,9790.0
01631000,03-15,619.0,871.0,1300.0,1890.0,3150,5930,8000.0
01631000,03-16,634.0,861.0,1260.0,1870.0,3170,5310,8340.0
01631000,03-17,654.0,840.0,1260.0,1800.0,2940,5250,7100.0
01631000,03-18,648.0,821.0,1330.0,1860.0,3000,6160,7660.0
01631000,03-19,715.0,826.0,1320.0,1890.0,3010,5710,7380.0
01631000,03-20,746.0,812.0,1300.0,1890.0,3330,5170,9490.0
01631000,03-21,723.0,851.0,1390.0,1900.0,3520,5840,11000.0
01631000,03-22,712.0,863.0,1370.0,1940.0,3720,7170,10900.0
01631000,03-23,735.0,886.0,1330.0,1940.0,3620,6630,7880.0
01631000,03-24,764.0,853.0,1330.0,1970.0,3610,5320,6970.0
01631000,03-25,749.0,820.0,1410.0,2170.0,3480,4770,6380.0
01631000,03-26,722.0,809.0,1350.0,2190.0,3440,4640,5770.0
01631000,03-27,746.0,873.0,1310.0,2090.0,3300,4170,5910.0
01631000,03-28,731.0,937.0,1300.0,2160.0,2940,4390,5870.0
01631000,03-29,752.0,973.0,1280.0,2000.0,2970,5390,9590.0
01631000,03-30,744.0,952.0,1250.0,1960.0,3020,4940,10700.0
01631000,03-31,778.0,929.0,1270.0,1960.0,3020,5410,7770.0
01631000,04-01,762.0,964.0,1260.0,1910.0,2860,4930,7210.0
01631000,04-02,792.0,958.0,1230.0,1910.0,3020,4930,6960.0
01631000,04-03,798.0,989.0,1250.0,1790.0,3200,5710,6170.0
01631000,04-04,831.0,999.0,1210.0,1740.0,2830,4900,5770.0
01631000,04-05,779.0,983.0,1200.0,1740.0,2800,4670,5120.0
01631000,04-06,776.0,1010.0,1210.0,1760.0,2960,4520,7330.0
01631000,04-07,753.0,959.0,1210.0,1790.0,2830,4340,6830.0
01631000,04-08,747.0,991.0,1240.0,1730.0,2840,4220,6140.0
01631000,04-09,756.0,996.0,1240.0,1710.0,2930,4740,5270.0
01631000,04-10,781.0,1000.0,1230.0,1710.0,2920,4490,6080.0
01631000,04-11,816.0,962.0,1160.0,1600.0,2730,4600,6050.0
01631000,04-12,791.0,925.0,1170.0,1650.0,2630,4530,5550.0
01631000,04-13,814.0,903.0,1140.0,1690.0,2870,4790,6770.0
01631000,04-14,820.0,861.0,1110.0,1780.0,3110,5280,6760.0
01631000,04-15,799.0,842.0,1090.0,1690.0,3220,5060,7450.0
01631000,04-16,754.0,814.0,1080.0,1630.0,3220,5740,6860.0
01631000,04-17,793.0,883.0,1050.0,1790.0,3380,7130,9630.0
01631000,04-18,781.0,882.0,1050.0,1680.0,2930,5740,8290.0
01631000,04-19,765.0,839.0,1040.0,1670.0,2770,4620,5610.0
01631000,04-20,745.0,819.0,1060.0,1630.0,2590,4110,6460.0
01631000,04-21,733.0,848.0,1050.0,1630.0,2380,3780,8770.0
01631000,04-22,734.0,818.0,1050.0,1640.0,2320,4720,7090.0
01631000,04-23,705.0,808.0,1050.0,1620.0,2210,5350,6030.0
01631000,04-24,715.0,797.0,1030.0,1570.0,2300,4340,5600.0
01631000,04-25,704.0,779.0,1090.0,1590.0,2100,3670,5480.0
01631000,04-26,717.0,792.0,1070.0,1630.0,2430,3850,5830.0
01631000,04-27,694.0,772.0,1090.0,1570.0,2470,3920,6470.0
01631000,04-28,719.0,776.0,1020.0,1620.0,2440,3920,5810.0
01631000,04-29,696.0,774.0,1080.0,1550.0,2390,3610,6060.0
01631000,04-30,650.0,743.0,979.0,1580.0,2390,4050,5950.0
01631000,05-01,659.0,736.0,1060.0,1530.0,2310,4090,5550.0
01631000,05-02,649.0,719.0,1000.0,1550.0,2170,3750,5430.0
01631000,05-03,654.0,777.0,958.0,1550.0,2380,3560,5010.0
01631000,05-04,606.0,786.0,1040.0,1520.0,2350,3300,4550.0
01631000,05-05,695.0,805.0,1050.0,1500.0,2520,4040,4980.0
01631000,05-06,633.0,804.0,1090.0,1490.0,2510,4130,5040.0
01631000,05-07,639.0,781.0,1040.0,1420.0,2570,4310,6440.0
01631000,05-08,635.0,797.0,1040.0,1490.0,2520,5220,6610.0
01631000,05-09,610.0,756.0,1010.0,1460.0,2360,4660,6620.0
01631000,05-10,617.0,759.0,930.0,1460.0,2350,3860,5470.0
01631000,05-11,615.0,723.0,920.0,1420.0,2210,3490,4680.0
01631000,05-12,599.0,703.0,890.0,1390.0,2250,3670,5000.0
01631000,05-13,600.0,720.0,923.0,1430.0,2160,3820,5330.0
01631000,05-14,597.0,700.0,906.0,1400.0,2110,4270,6970.0
01631000,05-15,597.0,697.0,928.0,1500.0,2280,3650,4740.0
01631000,05-16,598.0,715.0,920.0,1490.0,2570,3410,4260.0
01631000,05-17,695.0,738.0,963.0,1560.0,2550,3440,5950.0
01631000,05-18,659.0,759.0,1000.0,1500.0,2470,3400,6360.0
01631000,05-19,642.0,749.0,918.0,1530.0,2220,3720,5830.0
01631000,05-20,644.0,728.0,967.0,1550.0,2110,3420,5470.0
01631000,05-21,682.0,733.0,912.0,1570.0,2170,3240,5650.0
01631000,05-22,668.0,706.0,937.0,1480.0,2080,4150,5260.0
01631000,05-23,640.0,734.0,952.0,1500.0,2080,3630,4640.0
01631000,05-24,604.0,722.0,870.0,1460.0,2010,3680,4620.0
01631000,05-25,575.0,692.0,890.0,1430.0,1810,3360,3700.0
01631000,05-26,570.0,679.0,933.0,1330.0,1880,2900,3120.0
01631000,05-27,563.0,721.0,952.0,1290.0,1760,2570,3170.0
01631000,05-28,559.0,665.0,887.0,1240.0,1820,2460,2900.0
01631000,05-29,526.0,666.0,909.0,1230.0,1710,3040,4150.0
01631000,05-30,520.0,605.0,903.0,1190.0,1740,2870,5860.0
01631000,05-31,515.0,640.0,880.0,1140.0,1640,2970,4170.0
01631000,06-01,509.0,640.0,911.0,1170.0,1770,2870,5050.0
01631000,06-02,520.0,611.0,858.0,1200.0,1750,2890,3950.0
01631000,06-03,530.0,618.0,840.0,1110.0,1680,2720,6830.0
01631000,06-04,523.0,619.0,790.0,1070.0,1700,2840,6890.0
01631000,06-05,506.0,600.0,810.0,1100.0,1650,3440,4890.0
01631000,06-06,483.0,565.0,802.0,1050.0,1520,3330,4550.0
01631000,06-07,483.0,562.0,808.0,1060.0,1520,2990,3680.0
01631000,06-08,454.0,549.0,736.0,1000.0,1550,2530,3260.0
01631000,06-09,422.0,507.0,770.0,996.0,1490,2210,3110.0
01631000,06-10,426.0,496.0,720.0,946.0,1520,2270,2910.0
01631000,06-11,400.0,481.0,712.0,915.0,1490,2660,3410.0
01631000,06-12,399.0,508.0,700.0,915.0,1400,2800,3600.0
01631000,06-13,391.0,470.0,650.0,904.0,1350,2600,3810.0
01631000,06-14,391.0,522.0,634.0,879.0,1250,2400,4370.0
01631000,06-15,413.0,461.0,658.0,900.0,1280,2690,3930.0
01631000,06-16,416.0,487.0,669.0,868.0,1280,2280,4190.0
01631000,06-17,406.0,466.0,674.0,890.0,1410,2350,3130.0
01631000,06-18,383.0,449.0,674.0,834.0,1370,2080,3620.0
01631000,06-19,398.0,494.0,650.0,862.0,1360,2100,3890.0
01631000,06-20,375.0,464.0,650.0,846.0,1300,2460,3900.0
01631000,06-21,386.0,439.0,630.0,857.0,1390,2280,3430.0
01631000,06-22,365.0,429.0,585.0,810.0,1410,2390,3520.0
01631000,06-23,369.0,434.0,594.0,822.0,1410,2110,3260.0
01631000,06-24,374.0,439.0,610.0,821.0,1370,2180,2650.0
01631000,06-25,364.0,451.0,564.0,817.0,1260,2050,2690.0
01631000,06-26,362.0,440.0,580.0,800.0,1150,1770,2670.0
01631000,06-27,363.0,414.0,568.0,774.0,1040,1680,2920.0
01631000,06-28,357.0,404.0,540.0,780.0,1050,1720,2500.0
01631000,06-29,353.0,396.0,520.0,743.0,1030,1750,2810.0
01631000,06-30,337.0,400.0,535.0,731.0,1020,1730,2750.0
01631000,07-01,332.0,356.0,501.0,727.0,945,1550,2540.0
01631000,07-02,332.0,351.0,509.0,693.0,918,1290,2490.0
01631000,07-03,306.0,366.0,538.0,737.0,918,1220,2450.0
01631000,07-04,329.0,371.0,539.0,678.0,940,1420,2300.0
01631000,07-05,328.0,358.0,537.0,692.0,916,1190,1960.0
01631000,07-06,339.0,401.0,541.0,668.0,908,1400,2470.0
01631000,07-07,332.0,387.0,517.0,688.0,897,1490,2080.0
01631000,07-08,320.0,394.0,510.0,694.0,930,1340,2670.0
01631000,07-09,294.0,350.0,522.0,697.0,874,1280,2370.0
01631000,07-10,323.0,377.0,480.0,664.0,889,1510,2000.0
01631000,07-11,317.0,418.0,519.0,658.0,932,1450,1980.0
01631000,07-12,322.0,392.0,494.0,682.0,915,1410,1950.0
01631000,07-13,318.0,392.0,496.0,671.0,910,1390,1780.0
01631000,07-14,290.0,394.0,516.0,643.0,876,1470,2170.0
01631000,07-15,340.0,404.0,520.0,661.0,859,1430,2880.0
01631000,07-16,308.0,397.0,498.0,646.0,862,1560,2490.0
01631000,07-17,321.0,377.0,475.0,611.0,818,1540,2060.0
01631000,07-18,331.0,367.0,469.0,600.0,847,1360,1890.0
01631000,07-19,323.0,382.0,458.0,591.0,900,1340,1760.0
01631000,07-20,331.0,363.0,465.0,571.0,752,1170,1570.0
01631000,07-21,308.0,362.0,447.0,607.0,743,1130,1600.0
01631000,07-22,325.0,369.0,451.0,607.0,737,1320,1920.0
01631000,07-23,319.0,369.0,460.0,598.0,799,1410,1760.0
01631000,07-24,299.0,353.0,440.0,630.0,823,1310,1600.0
01631000,07-25,323.0,359.0,454.0,636.0,836,1380,2090.0
01631000,07-26,307.0,360.0,440.0,630.0,859,1500,1800.0
01631000,07-27,325.0,349.0,450.0,603.0,904,1220,1970.0
01631000,07-28,323.0,365.0,439.0,590.0,887,1380,1830.0
01631000,07-29,302.0,331.0,454.0,592.0,805,1410,1750.0
01631000,07-30,286.0,345.0,459.0,598.0,856,1300,2250.0
01631000,07-31,296.0,327.0,451.0,587.0,859,1310,2690.0
01631000,08-01,286.0,332.0,430.0,594.0,831,1380,2920.0
01631000,08-02,290.0,337.0,438.0,568.0,784,1510,2260.0
01631000,08-03,289.0,309.0,414.0,562.0,814,1510,2200.0
01631000,08-04,296.0,335.0,419.0,547.0,879,1270,2200.0
01631000,08-05,284.0,341.0,425.0,548.0,842,1240,2020.0
01631000,08-06,271.0,330.0,412.0,552.0,885,1200,2100.0
01631000,08-07,281.0,328.0,423.0,544.0,888,1400,2400.0
01631000,08-08,267.0,331.0,420.0,561.0,870,1690,2050.0
01631000,08-09,270.0,352.0,422.0,556.0,926,1480,2440.0
01631000,08-10,267.0,338.0,418.0,604.0,846,1410,3240.0
01631000,08-11,279.0,349.0,431.0,568.0,860,1370,2470.0
01631000,08-12,266.0,345.0,420.0,577.0,849,1990,2440.0
01631000,08-13,259.0,311.0,411.0,568.0,879,2100,3420.0
01631000,08-14,254.0,308.0,396.0,542.0,806,1830,2800.0
01631000,08-15,261.0,325.0,397.0,524.0,735,1460,3660.0
01631000,08-16,260.0,320.0,386.0,562.0,776,2080,3730.0
01631000,08-17,265.0,300.0,375.0,526.0,836,1860,4770.0
01631000,08-18,284.0,314.0,376.0,532.0,862,1730,4110.0
01631000,08-19,274.0,343.0,405.0,532.0,856,1660,4060.0
01631000,08-20,266.0,330.0,395.0,537.0,876,1820,4110.0
01631000,08-21,263.0,301.0,392.0,537.0,873,2150,3740.0
01631000,08-22,251.0,297.0,394.0,543.0,831,1990,2680.0
01631000,08-23,265.0,305.0,408.0,548.0,885,2040,2680.0
01631000,08-24,251.0,314.0,442.0,554.0,850,1980,3540.0
01631000,08-25,281.0,318.0,430.0,531.0,830,1950,3020.0
01631000,08-26,244.0,306.0,421.0,521.0,909,2110,2720.0
01631000,08-27,239.0,305.0,404.0,528.0,890,1740,2340.0
01631000,08-28,276.0,303.0,417.0,523.0,858,1610,2260.0
01631000,08-29,261.0,287.0,386.0,520.0,790,1350,2150.0
01631000,08-30,268.0,307.0,410.0,508.0,790,1350,1920.0
01631000,08-31,270.0,329.0,388.0,523.0,762,1310,1750.0
01631000,09-01,291.0,320.0,407.0,526.0,754,1340,2310.0
01631000,09-02,283.0,319.0,410.0,501.0,752,1580,3790.0
01631000,09-03,270.0,309.0,394.0,504.0,764,1470,2950.0
01631000,09-04,281.0,306.0,400.0,500.0,756,1590,2530.0
01631000,09-05,257.0,312.0,409.0,485.0,775,1900,2340.0
01631000,09-06,239.0,308.0,418.0,532.0,775,1850,3700.0
01631000,09-07,232.0,304.0,420.0,497.0,736,1910,3140.0
01631000,09-08,234.0,296.0,387.0,493.0,752,1760,3800.0
01631000,09-09,250.0,302.0,402.0,498.0,825,2090,4780.0
01631000,09-10,261.0,310.0,404.0,519.0,735,1710,4020.0
01631000,09-11,239.0,312.0,400.0,510.0,939,1700,3350.0
01631000,09-12,247.0,294.0,400.0,497.0,810,1630,3940.0
01631000,09-13,288.0,322.0,378.0,479.0,847,1370,2390.0
01631000,09-14,294.0,321.0,392.0,499.0,786,1360,2130.0
01631000,09-15,272.0,298.0,384.0,491.0,850,1190,2610.0
01631000,09-16,264.0,307.0,381.0,485.0,876,1310,2250.0
01631000,09-17,269.0,312.0,381.0,477.0,787,1520,2340.0
01631000,09-18,263.0,323.0,382.0,484.0,739,1500,5110.0
01631000,09-19,251.0,316.0,380.0,486.0,720,1540,4510.0
01631000,09-20,240.0,314.0,394.0,498.0,854,2210,6600.0
01631000,09-21,295.0,329.0,384.0,493.0,789,2180,4000.0
01631000,09-22,245.0,317.0,376.0,486.0,862,2240,3070.0
01631000,09-23,279.0,311.0,369.0,480.0,783,2140,2680.0
01631000,09-24,280.0,319.0,384.0,500.0,792,1780,5100.0
01631000,09-25,263.0,312.0,376.0,492.0,780,1680,4770.0
01631000,09-26,290.0,305.0,370.0,474.0,762,1810,3350.0
01631000,09-27,288.0,318.0,378.0,480.0,760,1880,4000.0
01631000,09-28,298.0,328.0,365.0,526.0,802,2100,3680.0
01631000,09-29,272.0,304.0,366.0,511.0,796,2500,4310.0
01631000,09-30,287.0,325.0,389.0,530.0,852,2250,3480.0
01631000,10-01,295.0,339.0,387.0,519.0,868,2630,5820.0
01631000,10-02,295.0,332.0,397.0,556.0,993,2360,5460.0
01631000,10-03,289.0,313.0,384.0,582.0,964,2910,4600.0
01631000,10-04,280.0,307.0,384.0,512.0,976,2400,4980.0
01631000,10-05,284.0,298.0,371.0,514.0,839,2080,3490.0
01631000,10-06,279.0,302.0,366.0,511.0,822,2310,5000.0
01631000,10-07,290.0,308.0,386.0,485.0,860,2090,3740.0
01631000,10-08,291.0,308.0,377.0,494.0,871,2220,3410.0
01631000,10-09,278.0,302.0,382.0,491.0,870,2080,4670.0
01631000,10-10,280.0,297.0,370.0,511.0,934,2060,4990.0
01631000,10-11,272.0,316.0,382.0,519.0,883,1620,3480.0
01631000,10-12,260.0,310.0,378.0,517.0,814,1740,2930.0
01631000,10-13,256.0,308.0,361.0,505.0,807,1630,3050.0
01631000,10-14,280.0,303.0,377.0,490.0,850,1900,3050.0
01631000,10-15,300.0,310.0,375.0,501.0,957,1760,2410.0
01631000,10-16,288.0,310.0,374.0,502.0,921,1690,2860.0
01631000,10-17,285.0,321.0,377.0,502.0,923,1590,2490.0
01631000,10-18,292.0,322.0,390.0,503.0,876,1760,3450.0
01631000,10-19,291.0,312.0,393.0,514.0,931,2060,3840.0
01631000,10-20,281.0,313.0,395.0,498.0,897,2070,4830.0
01631000,10-21,287.0,311.0,399.0,514.0,884,2400,4360.0
01631000,10-22,293.0,320.0,392.0,534.0,856,2560,5260.0
01631000,10-23,301.0,315.0,405.0,529.0,899,2380,4910.0
01631000,10-24,310.0,320.0,389.0,518.0,869,2280,3080.0
01631000,10-25,304.0,324.0,412.0,527.0,939,2190,2800.0
01631000,10-26,306.0,342.0,425.0,524.0,805,2100,2710.0
01631000,10-27,301.0,319.0,420.0,534.0,858,1990,3720.0
01631000,10-28,303.0,341.0,432.0,535.0,916,1900,3380.0
01631000,10-29,300.0,338.0,433.0,577.0,1010,1990,2790.0
01631000,10-30,281.0,322.0,433.0,606.0,1230,2180,2540.0
01631000,10-31,289.0,332.0,444.0,573.0,1180,2040,3030.0
01631000,11-01,303.0,363.0,467.0,560.0,1110,2330,2790.0
01631000,11-02,313.0,353.0,459.0,576.0,1180,2270,3080.0
01631000,11-03,270.0,343.0,451.0,605.0,1150,2190,3090.0
01631000,11-04,289.0,339.0,441.0,627.0,1290,2250,3310.0
01631000,11-05,318.0,356.0,442.0,603.0,1170,2030,2890.0
01631000,11-06,298.0,356.0,441.0,599.0,1180,1960,3460.0
01631000,11-07,301.0,373.0,441.0,640.0,1230,1900,3040.0
01631000,11-08,320.0,366.0,450.0,619.0,1250,2250,3590.0
01631000,11-09,308.0,369.0,452.0,610.0,1210,2690,4350.0
01631000,11-10,305.0,379.0,439.0,612.0,1130,2300,5650.0
01631000,11-11,321.0,380.0,451.0,586.0,1140,2500,3940.0
01631000,11-12,306.0,367.0,459.0,607.0,1190,2420,3800.0
01631000,11-13,310.0,368.0,444.0,637.0,1350,2880,3970.0
01631000,11-14,302.0,374.0,432.0,611.0,1500,3320,4800.0
01631000,11-15,304.0,367.0,461.0,594.0,1640,3040,3840.0
01631000,11-16,297.0,367.0,437.0,618.0,1450,2690,3220.0
01631000,11-17,294.0,372.0,435.0,630.0,1360,2510,2760.0
01631000,11-18,326.0,360.0,434.0,655.0,1360,2270,3250.0
01631000,11-19,298.0,357.0,440.0,603.0,1240,2160,3220.0
01631000,11-20,298.0,354.0,445.0,654.0,1220,2330,4480.0
01631000,11-21,303.0,354.0,440.0,670.0,1290,2880,5020.0
01631000,11-22,313.0,356.0,445.0,661.0,1390,2490,5020.0
01631000,11-23,335.0,392.0,461.0,661.0,1430,2520,5030.0
01631000,11-24,344.0,371.0,435.0,633.0,1350,2570,4100.0
01631000,11-25,345.0,395.0,466.0,681.0,1410,2820,3630.0
01631000,11-26,329.0,381.0,465.0,707.0,1380,2520,4150.0
01631000,11-27,344.0,368.0,442.0,797.0,1350,2640,4070.0
01631000,11-28,360.0,387.0,454.0,826.0,1310,2690,4080.0
01631000,11-29,348.0,381.0,456.0,878.0,1520,3060,4440.0
01631000,11-30,336.0,381.0,474.0,869.0,1520,3680,4490.0
01631000,12-01,352.0,373.0,496.0,871.0,1880,3290,5740.0
01631000,12-02,338.0,358.0,504.0,856.0,2020,3980,5870.0
01631000,12-03,330.0,371.0,494.0,854.0,1730,3520,5230.0
01631000,12-04,300.0,388.0,488.0,864.0,1590,3200,4600.0
01631000,12-05,325.0,390.0,512.0,806.0,1760,3010,4230.0
01631000,12-06,324.0,386.0,536.0,804.0,1650,2770,4340.0
01631000,12-07,367.0,401.0,540.0,853.0,1570,2580,3830.0
01631000,12-08,352.0,390.0,540.0,890.0,1690,2860,4440.0
01631000,12-09,357.0,392.0,560.0,880.0,1620,2600,4750.0
01631000,12-10,349.0,370.0,550.0,932.0,1830,3610,4530.0
01631000,12-11,324.0,384.0,571.0,902.0,1930,4070,5470.0
01631000,12-12,316.0,391.0,564.0,923.0,1870,4310,5420.0
01631000,12-13,343.0,380.0,564.0,1020.0,1810,3740,4870.0
01631000,12-14,360.0,397.0,564.0,1080.0,1780,3170,4270.0
01631000,12-15,350.0,401.0,569.0,1080.0,1800,3110,4150.0
01631000,12-16,336.0,392.0,551.0,1060.0,1620,3050,4920.0
01631000,12-17,342.0,396.0,618.0,1080.0,1630,3160,4170.0
01631000,12-18,308.0,398.0,599.0,1040.0,1780,3130,4520.0
01631000,12-19,320.0,365.0,572.0,1100.0,1780,2870,4180.0
01631000,12-20,339.0,393.0,576.0,1050.0,1670,3230,3800.0
01631000,12-21,344.0,377.0,565.0,1060.0,1640,3080,3990.0
01631000,12-22,318.0,384.0,563.0,1090.0,1560,2980,4260.0
01631000,12-23,346.0,384.0,566.0,1120.0,1570,2720,4310.0
01631000,12-24,334.0,388.0,568.0,1070.0,1520,3240,5700.0
01631000,12-25,324.0,365.0,589.0,1080.0,1680,3220,4790.0
01631000,12-26,345.0,374.0,602.0,1110.0,1720,3260,5280.0
01631000,12-27,358.0,411.0,620.0,1130.0,1880,3160,4610.0
01631000,12-28,332.0,423.0,590.0,1080.0,1850,2960,4560.0
01631000,12-29,322.0,390.0,604.0,1070.0,1960,3270,4940.0
01631000,12-30,324.0,422.0,690.0,1100.0,2240,3900,6380.0
01631000,12-31,348.0,403.0,623.0,1100.0,2020,4040,7870.0
01632000,01-01,6.6,10.0,30.0,92.0,223,513,943.0
01632000,01-02,7.1,11.0,35.0,96.0,216,515,710.0
01632000,01-03,8.4,11.0,38.0,104.0,232,422,811.0
01632000,01-04,8.4,13.0,38.0,113.0,256,406,583.0
01632000,01-05,8.5,14.0,39.0,116.0,248,426,524.0
01632000,01-06,8.5,14.0,38.0,115.0,211,365,520.0
01632000,01-07,8.8,13.0,39.0,106.0,219,331,736.0
01632000,01-08,8.3,13.0,35.0,100.0,213,405,567.0
01632000,01-09,8.0,15.0,35.0,100.0,189,527,843.0
01632000,01-10,7.8,15.0,42.0,87.0,190,465,1120.0
01632000,01-11,7.9,13.0,42.0,91.0,200,439,710.0
01632000,01-12,8.1,15.0,44.0,97.0,206,446,805.0
01632000,01-13,8.0,17.0,43.0,95.0,176,394,689.0
01632000,01-14,9.2,18.0,45.0,95.0,184,434,729.0
01632000,01-15,9.1,18.0,44.0,85.0,239,428,736.0
01632000,01-16,9.7,18.0,47.0,84.0,212,434,639.0
01632000,01-17,9.7,17.0,46.0,85.0,188,389,503.0
01632000,01-18,9.4,18.0,49.0,83.0,167,360,892.0
01632000,01-19,9.4,19.0,48.0,86.0,181,359,794.0
01632000,01-20,9.3,18.0,51.0,95.0,201,543,1160.0
01632000,01-21,8.9,20.0,49.0,90.0,200,553,905.0
01632000,01-22,10.0,20.0,48.0,89.0,245,509,682.0
01632000,01-23,13.0,20.0,46.0,94.0,275,515,720.0
01632000,01-24,13.0,20.0,51.0,93.0,269,589,1060.0
01632000,01-25,13.0,18.0,50.0,121.0,258,616,1390.0
01632000,01-26,14.0,18.0,49.0,115.0,284,661,1050.0
01632000,01-27,14.0,19.0,50.0,127.0,311,529,767.0
01632000,01-28,12.0,18.0,52.0,128.0,314,546,855.0
01632000,01-29,12.0,18.0,50.0,118.0,262,492,680.0
01632000,01-30,11.0,17.0,47.0,118.0,237,490,809.0
01632000,01-31,12.0,17.0,45.0,124.0,212,414,630.0
01632000,02-01,13.0,16.0,50.0,122.0,232,528,1350.0
01632000,02-02,13.0,20.0,51.0,111.0,271,599,1260.0
01632000,02-03,13.0,21.0,49.0,114.0,249,752,1250.0
01632000,02-04,14.0,27.0,50.0,135.0,282,736,1440.0
01632000,02-05,14.0,24.0,60.0,130.0,270,687,1090.0
01632000,02-06,13.0,22.0,67.0,139.0,268,544,1010.0
01632000,02-07,12.0,24.0,66.0,149.0,318,711,1380.0
01632000,02-08,13.0,24.0,64.0,134.0,257,522,764.0
01632000,02-09,13.0,24.0,66.0,127.0,259,441,599.0
01632000,02-10,13.0,25.0,62.0,121.0,241,408,507.0
01632000,02-11,14.0,30.0,61.0,128.0,210,433,675.0
01632000,02-12,15.0,29.0,67.0,124.0,238,396,655.0
01632000,02-13,15.0,28.0,67.0,127.0,242,556,998.0
01632000,02-14,16.0,28.0,68.0,131.0,259,674,1070.0
01632000,02-15,18.0,28.0,67.0,132.0,261,647,1040.0
01632000,02-16,17.0,29.0,68.0,158.0,293,548,846.0
01632000,02-17,15.0,31.0,67.0,153.0,378,593,902.0
01632000,02-18,17.0,37.0,62.0,150.0,353,575,889.0
01632000,02-19,17.0,29.0,67.0,151.0,371,724,1090.0
01632000,02-20,17.0,34.0,68.0,156.0,332,837,1020.0
01632000,02-21,18.0,42.0,70.0,164.0,325,676,1110.0
01632000,02-22,19.0,43.0,72.0,191.0,336,834,1000.0
01632000,02-23,19.0,41.0,80.0,177.0,379,840,1320.0
01632000,02-24,24.0,39.0,82.0,169.0,393,931,1810.0
01632000,02-25,23.0,41.0,89.0,161.0,428,1100,1660.0
01632000,02-26,23.0,41.0,96.0,182.0,392,1020,1390.0
01632000,02-27,25.0,41.0,99.0,179.0,374,779,1270.0
01632000,02-28,27.0,38.0,93.0,160.0,419,790,1070.0
01632000,02-29,29.0,43.0,101.0,143.0,400,692,908.0
01632000,03-01,26.0,40.0,90.0,156.0,370,1120,1390.0
01632000,03-02,26.0,38.0,91.0,151.0,319,844,1230.0
01632000,03-03,33.0,37.0,88.0,176.0,291,694,1360.0
01632000,03-04,33.0,47.0,83.0,174.0,348,603,1380.0
01632000,03-05,31.0,48.0,92.0,182.0,394,1230,1570.0
01632000,03-06,40.0,62.0,93.0,201.0,396,991,1910.0
01632000,03-07,45.0,61.0,101.0,235.0,405,888,1470.0
01632000,03-08,47.0,64.0,116.0,217.0,447,732,875.0
01632000,03-09,43.0,67.0,115.0,233.0,424,665,889.0
01632000,03-10,39.0,64.0,109.0,217.0,393,695,1080.0
01632000,03-11,48.0,62.0,113.0,208.0,341,710,1290.0
01632000,03-12,48.0,63.0,114.0,224.0,357,954,1580.0
01632000,03-13,44.0,62.0,112.0,216.0,387,918,1820.0
01632000,03-14,46.0,57.0,117.0,214.0,445,1020,1790.0
01632000,03-15,43.0,57.0,118.0,203.0,393,881,1480.0
01632000,03-16,40.0,57.0,113.0,192.0,381,713,1130.0
01632000,03-17,40.0,55.0,115.0,200.0,397,847,1230.0
01632000,03-18,46.0,65.0,118.0,193.0,339,847,1240.0
01632000,03-19,45.0,69.0,129.0,203.0,462,811,1780.0
01632000,03-20,43.0,78.0,123.0,212.0,467,1280,1930.0
01632000,03-21,42.0,75.0,121.0,223.0,517,1250,2130.0
01632000,03-22,42.0,67.0,123.0,229.0,531,984,1530.0
01632000,03-23,41.0,83.0,123.0,240.0,488,769,1320.0
01632000,03-24,40.0,77.0,127.0,231.0,467,844,1350.0
01632000,03-25,45.0,86.0,130.0,250.0,408,854,1030.0
01632000,03-26,47.0,80.0,125.0,244.0,399,672,929.0
01632000,03-27,47.0,82.0,126.0,218.0,360,564,1060.0
01632000,03-28,63.0,81.0,133.0,207.0,326,748,1640.0
01632000,03-29,61.0,78.0,127.0,191.0,330,855,1900.0
01632000,03-30,63.0,73.0,118.0,180.0,386,891,1350.0
01632000,03-31,62.0,75.0,119.0,193.0,367,696,1130.0
01632000,04-01,60.0,80.0,118.0,194.0,389,746,991.0
01632000,04-02,56.0,77.0,119.0,216.0,384,657,791.0
01632000,04-03,55.0,75.0,109.0,207.0,370,577,1110.0
01632000,04-04,53.0,75.0,108.0,187.0,338,592,871.0
01632000,04-05,57.0,77.0,104.0,186.0,305,645,3150.0
01632000,04-06,56.0,74.0,103.0,171.0,344,644,1390.0
01632000,04-07,54.0,79.0,110.0,173.0,334,751,977.0
01632000,04-08,52.0,79.0,103.0,181.0,317,572,1100.0
01632000,04-09,52.0,73.0,99.0,190.0,343,668,1280.0
01632000,04-10,52.0,70.0,96.0,185.0,356,633,1450.0
01632000,04-11,53.0,66.0,91.0,174.0,392,817,1300.0
01632000,04-12,52.0,63.0,89.0,169.0,404,980,1270.0
01632000,04-13,51.0,63.0,85.0,181.0,440,853,1460.0
01632000,04-14,48.0,59.0,82.0,198.0,426,890,1400.0
01632000,04-15,49.0,57.0,86.0,183.0,432,995,1430.0
01632000,04-16,47.0,60.0,86.0,188.0,467,1410,3030.0
01632000,04-17,46.0,58.0,86.0,206.0,388,1230,1800.0
01632000,04-18,48.0,59.0,87.0,186.0,342,798,1080.0
01632000,04-19,48.0,56.0,82.0,183.0,332,536,976.0
01632000,04-20,46.0,52.0,80.0,173.0,299,674,1390.0
01632000,04-21,43.0,50.0,77.0,155.0,279,620,1480.0
01632000,04-22,43.0,52.0,74.0,155.0,292,677,1300.0
01632000,04-23,45.0,51.0,71.0,150.0,312,954,1310.0
01632000,04-24,46.0,54.0,73.0,139.0,300,699,860.0
01632000,04-25,45.0,56.0,76.0,147.0,331,580,783.0
01632000,04-26,45.0,58.0,80.0,162.0,347,632,968.0
01632000,04-27,44.0,54.0,76.0,170.0,318,582,797.0
01632000,04-28,47.0,53.0,73.0,170.0,361,651,1550.0
01632000,04-29,43.0,51.0,71.0,159.0,341,860,1310.0
01632000,04-30,41.0,49.0,78.0,150.0,337,870,1380.0
01632000,05-01,39.0,46.0,84.0,160.0,342,927,1570.0
01632000,05-02,39.0,46.0,77.0,177.0,331,713,1070.0
01632000,05-03,38.0,49.0,77.0,177.0,344,570,931.0
01632000,05-04,40.0,49.0,77.0,166.0,383,713,1100.0
01632000,05-05,39.0,47.0,77.0,181.0,366,739,1150.0
01632000,05-06,38.0,44.0,72.0,165.0,366,788,1670.0
01632000,05-07,37.0,44.0,75.0,171.0,421,1030,1690.0
01632000,05-08,38.0,42.0,85.0,165.0,364,866,1830.0
01632000,05-09,37.0,40.0,80.0,166.0,333,705,986.0
01632000,05-10,35.0,38.0,74.0,140.0,320,555,896.0
01632000,05-11,34.0,39.0,66.0,126.0,298,498,966.0
01632000,05-12,32.0,38.0,67.0,129.0,262,746,1190.0
01632000,05-13,30.0,38.0,66.0,129.0,280,971,1730.0
01632000,05-14,32.0,37.0,73.0,138.0,298,716,1250.0
01632000,05-15,30.0,38.0,70.0,131.0,359,658,1260.0
01632000,05-16,30.0,38.0,71.0,132.0,401,761,1190.0
01632000,05-17,30.0,35.0,68.0,119.0,340,765,1560.0
01632000,05-18,31.0,37.0,69.0,148.0,308,700,816.0
01632000,05-19,31.0,44.0,68.0,141.0,285,573,1210.0
01632000,05-20,33.0,42.0,69.0,139.0,244,702,1270.0
01632000,05-21,28.0,41.0,68.0,126.0,278,687,1270.0
01632000,05-22,25.0,37.0,68.0,136.0,352,615,782.0
01632000,05-23,25.0,34.0,64.0,130.0,303,535,1210.0
01632000,05-24,23.0,37.0,65.0,121.0,269,625,947.0
01632000,05-25,22.0,33.0,66.0,110.0,244,484,773.0
01632000,05-26,20.0,32.0,59.0,104.0,206,364,558.0
01632000,05-27,21.0,29.0,53.0,106.0,214,400,736.0
01632000,05-28,24.0,27.0,49.0,102.0,207,562,1200.0
01632000,05-29,22.0,28.0,47.0,93.0,211,428,1080.0
01632000,05-30,17.0,29.0,44.0,86.0,170,434,718.0
01632000,05-31,17.0,26.0,46.0,90.0,182,514,1190.0
01632000,06-01,16.0,23.0,42.0,85.0,166,421,806.0
01632000,06-02,15.0,23.0,39.0,79.0,172,484,606.0
01632000,06-03,20.0,23.0,40.0,75.0,168,372,1750.0
01632000,06-04,19.0,22.0,38.0,74.0,191,391,815.0
01632000,06-05,17.0,21.0,37.0,66.0,175,546,976.0
01632000,06-06,17.0,20.0,38.0,66.0,152,458,608.0
01632000,06-07,15.0,20.0,35.0,60.0,154,343,496.0
01632000,06-08,15.0,20.0,34.0,62.0,163,285,464.0
01632000,06-09,14.0,19.0,33.0,60.0,168,276,386.0
01632000,06-10,14.0,19.0,32.0,52.0,150,277,486.0
01632000,06-11,14.0,18.0,30.0,51.0,123,298,474.0
01632000,06-12,12.0,17.0,28.0,49.0,106,289,556.0
01632000,06-13,12.0,16.0,26.0,45.0,106,254,524.0
01632000,06-14,11.0,15.0,24.0,43.0,106,313,449.0
01632000,06-15,11.0,14.0,24.0,44.0,118,293,579.0
01632000,06-16,11.0,16.0,23.0,44.0,96,215,380.0
01632000,06-17,11.0,15.0,23.0,42.0,96,259,356.0
01632000,06-18,11.0,16.0,24.0,45.0,89,244,803.0
01632000,06-19,9.9,14.0,23.0,44.0,85,233,609.0
01632000,06-20,9.1,16.0,21.0,42.0,84,318,552.0
01632000,06-21,8.4,15.0,20.0,40.0,115,226,396.0
01632000,06-22,7.7,13.0,20.0,43.0,86,235,418.0
01632000,06-23,7.1,11.0,20.0,42.0,102,239,588.0
01632000,06-24,7.4,9.9,20.0,40.0,85,193,455.0
01632000,06-25,7.4,10.0,21.0,34.0,71,177,404.0
01632000,06-26,6.4,9.4,18.0,32.0,62,175,387.0
01632000,06-27,5.5,9.0,16.0,32.0,64,192,379.0
01632000,06-28,4.9,9.0,15.0,30.0,68,189,353.0
01632000,06-29,4.8,9.6,15.0,26.0,51,134,295.0
01632000,06-30,4.4,8.1,14.0,26.0,48,111,220.0
01632000,07-01,4.1,8.5,14.0,25.0,43,105,254.0
01632000,07-02,3.9,8.8,14.0,24.0,41,103,171.0
01632000,07-03,3.6,8.3,14.0,24.0,49,133,348.0
01632000,07-04,3.4,7.4,14.0,22.0,52,133,311.0
01632000,07-05,3.3,6.8,15.0,22.0,53,141,202.0
01632000,07-06,3.6,7.2,14.0,22.0,47,110,203.0
01632000,07-07,3.4,7.5,12.0,20.0,47,111,230.0
01632000,07-08,3.0,6.8,12.0,21.0,46,103,253.0
01632000,07-09,2.7,6.4,12.0,20.0,54,127,267.0
01632000,07-10,2.5,5.6,12.0,19.0,56,157,217.0
01632000,07-11,2.2,6.0,12.0,20.0,46,173,379.0
01632000,07-12,2.8,5.4,11.0,19.0,47,151,225.0
01632000,07-13,2.6,4.6,9.6,19.0,46,160,303.0
01632000,07-14,1.9,4.7,9.3,17.0,45,148,219.0
01632000,07-15,2.3,4.4,9.0,18.0,42,123,180.0
01632000,07-16,1.9,4.3,8.4,18.0,44,109,183.0
01632000,07-17,1.8,3.8,8.0,16.0,39,101,181.0
01632000,07-18,1.6,3.8,7.3,17.0,38,95,187.0
01632000,07-19,1.6,3.6,7.4,16.0,36,100,176.0
01632000,07-20,1.7,4.5,6.8,16.0,36,119,202.0
01632000,07-21,1.7,4.0,7.0,14.0,38,168,437.0
01632000,07-22,1.7,3.9,6.2,16.0,36,112,250.0
01632000,07-23,1.7,3.9,6.3,18.0,42,149,300.0
01632000,07-24,1.6,3.9,7.0,19.0,49,146,333.0
01632000,07-25,1.1,3.3,6.4,17.0,45,125,216.0
01632000,07-26,1.2,3.0,7.1,17.0,48,139,192.0
01632000,07-27,1.4,2.8,6.8,17.0,40,104,156.0
01632000,07-28,1.4,2.9,6.0,17.0,37,86,120.0
01632000,07-29,1.3,2.5,6.4,19.0,45,86,462.0
01632000,07-30,1.3,2.3,6.3,16.0,39,241,429.0
01632000,07-31,1.1,2.3,6.1,16.0,40,182,480.0
01632000,08-01,0.95,2.3,5.7,16.0,39,193,383.0
01632000,08-02,0.93,2.2,5.3,14.0,36,132,320.0
01632000,08-03,1.0,2.1,5.1,14.0,38,154,391.0
01632000,08-04,1.0,2.2,5.2,12.0,38,160,332.0
01632000,08-05,0.86,1.9,5.1,11.0,44,197,419.0
01632000,08-06,0.85,1.6,5.3,15.0,58,188,675.0
01632000,08-07,0.78,1.6,4.9,14.0,64,148,341.0
01632000,08-08,0.77,1.7,4.7,14.0,48,174,420.0
01632000,08-09,0.91,1.8,4.8,14.0,46,155,361.0
01632000,08-10,0.91,1.7,4.5,13.0,45,149,281.0
01632000,08-11,0.84,1.6,4.1,12.0,49,165,237.0
01632000,08-12,0.81,1.5,4.0,15.0,46,241,525.0
01632000,08-13,0.77,1.3,3.9,16.0,49,203,637.0
01632000,08-14,0.86,1.2,4.2,14.0,44,157,462.0
01632000,08-15,0.71,1.4,4.0,16.0,41,198,465.0
01632000,08-16,0.71,1.2,4.0,14.0,44,178,401.0
01632000,08-17,0.71,1.2,4.0,14.0,39,204,485.0
01632000,08-18,0.81,1.2,3.9,14.0,33,269,532.0
01632000,08-19,0.9,1.6,3.5,15.0,43,194,316.0
01632000,08-20,0.76,1.5,3.4,17.0,41,150,418.0
01632000,08-21,0.7,1.6,3.4,15.0,37,128,326.0
01632000,08-22,0.68,1.6,3.5,15.0,31,169,328.0
01632000,08-23,0.68,1.7,3.5,15.0,35,167,398.0
01632000,08-24,0.87,1.7,3.1,15.0,41,239,381.0
01632000,08-25,0.78,1.5,3.3,14.0,45,238,596.0
01632000,08-26,0.8,1.4,3.0,14.0,43,191,338.0
01632000,08-27,0.68,1.2,3.1,13.0,41,163,286.0
01632000,08-28,0.64,1.2,2.9,13.0,40,117,182.0
01632000,08-29,0.61,1.3,3.0,13.0,38,136,270.0
01632000,08-30,0.61,1.2,3.0,12.0,33,116,194.0
01632000,08-31,0.71,1.2,3.6,12.0,33,101,217.0
01632000,09-01,0.77,1.1,3.5,12.0,38,103,371.0
01632000,09-02,0.71,1.1,3.3,12.0,34,93,242.0
01632000,09-03,0.66,1.0,3.2,12.0,35,123,278.0
01632000,09-04,0.61,0.94,2.8,11.0,35,113,178.0
01632000,09-05,0.6,1.2,3.0,10.0,34,118,919.0
01632000,09-06,0.6,1.4,3.5,9.3,36,141,1010.0
01632000,09-07,0.62,1.4,3.5,9.0,42,194,941.0
01632000,09-08,0.63,1.4,3.5,8.4,44,180,525.0
01632000,09-09,0.63,1.3,3.3,8.3,38,157,437.0
01632000,09-10,0.65,1.3,3.2,8.5,36,131,382.0
01632000,09-11,0.91,1.3,3.1,9.8,35,122,257.0
01632000,09-12,0.83,1.3,3.0,12.0,36,107,164.0
01632000,09-13,0.82,1.3,3.0,11.0,38,90,261.0
01632000,09-14,0.91,1.3,3.0,11.0,38,87,158.0
01632000,09-15,1.0,1.2,2.8,10.0,31,69,242.0
01632000,09-16,1.0,1.3,2.7,10.0,28,95,249.0
01632000,09-17,1.0,1.3,3.0,9.3,23,87,348.0
01632000,09-18,1.0,1.4,2.8,10.0,25,105,469.0
01632000,09-19,1.1,1.4,2.7,8.6,27,93,497.0
01632000,09-20,1.2,1.5,2.6,8.0,28,223,438.0
01632000,09-21,1.0,1.5,2.6,8.2,25,169,463.0
01632000,09-22,1.0,1.4,2.8,9.3,27,224,358.0
01632000,09-23,0.92,1.4,2.7,8.3,29,213,399.0
01632000,09-24,0.91,1.4,2.6,8.5,25,160,438.0
01632000,09-25,0.9,1.6,2.8,7.6,30,185,291.0
01632000,09-26,0.92,1.5,2.8,8.0,35,164,249.0
01632000,09-27,0.91,1.4,2.9,9.0,38,131,313.0
01632000,09-28,0.91,1.5,2.7,9.6,42,156,440.0
01632000,09-29,0.93,1.5,3.0,8.9,41,151,596.0
01632000,09-30,1.1,1.7,4.0,10.0,52,227,591.0
01632000,10-01,1.3,1.6,3.9,11.0,49,257,601.0
01632000,10-02,1.3,1.9,3.9,12.0,66,263,834.0
01632000,10-03,1.3,1.8,3.5,12.0,61,321,875.0
01632000,10-04,1.5,1.8,3.4,12.0,59,203,416.0
01632000,10-05,1.5,1.9,3.9,13.0,57,201,306.0
01632000,10-06,1.5,1.9,4.2,13.0,55,169,304.0
01632000,10-07,1.5,1.9,4.7,14.0,52,135,280.0
01632000,10-08,1.5,2.3,4.6,13.0,50,122,214.0
01632000,10-09,1.5,2.4,4.5,12.0,46,114,445.0
01632000,10-10,1.5,2.2,4.4,11.0,43,110,280.0
01632000,10-11,1.5,2.4,4.5,12.0,43,113,297.0
01632000,10-12,1.5,2.4,4.5,12.0,44,130,218.0
01632000,10-13,1.7,2.3,4.5,12.0,40,110,244.0
01632000,10-14,1.7,2.3,4.4,12.0,39,101,506.0
01632000,10-15,1.9,2.4,4.5,13.0,40,120,484.0
01632000,10-16,1.9,2.4,4.7,13.0,37,102,368.0
01632000,10-17,1.9,2.4,5.2,15.0,47,159,522.0
01632000,10-18,1.9,2.5,5.3,13.0,41,262,562.0
01632000,10-19,2.0,2.6,5.2,12.0,41,221,1020.0
01632000,10-20,2.0,2.9,5.4,12.0,50,368,536.0
01632000,10-21,2.0,3.0,5.4,12.0,63,263,557.0
01632000,10-22,2.0,3.1,5.5,15.0,61,242,399.0
01632000,10-23,2.1,3.2,5.4,15.0,54,248,419.0
01632000,10-24,1.9,3.3,5.5,15.0,54,210,504.0
01632000,10-25,2.1,3.5,5.8,13.0,54,183,411.0
01632000,10-26,2.2,3.4,6.2,15.0,50,158,355.0
01632000,10-27,2.4,3.4,6.1,16.0,70,214,369.0
01632000,10-28,2.4,3.4,6.9,16.0,74,201,284.0
01632000,10-29,2.4,3.7,7.2,18.0,81,224,317.0
01632000,10-30,2.6,3.9,7.3,18.0,81,194,783.0
01632000,10-31,2.8,4.2,7.9,18.0,77,189,523.0
01632000,11-01,3.4,4.0,7.8,20.0,75,251,416.0
01632000,11-02,3.4,3.9,8.0,21.0,76,231,363.0
01632000,11-03,3.2,4.1,8.3,21.0,75,206,418.0
01632000,11-04,3.5,4.3,8.1,28.0,89,192,350.0
01632000,11-05,3.4,4.5,8.1,26.0,90,187,553.0
01632000,11-06,3.6,4.6,8.2,31.0,96,237,494.0
01632000,11-07,3.8,4.6,9.1,30.0,92,321,624.0
01632000,11-08,3.6,4.6,9.3,28.0,88,282,902.0
01632000,11-09,3.7,5.2,8.7,26.0,77,220,756.0
01632000,11-10,3.7,5.2,9.8,28.0,80,311,559.0
01632000,11-11,4.1,5.8,10.0,29.0,81,266,428.0
01632000,11-12,4.0,5.7,11.0,31.0,100,321,549.0
01632000,11-13,3.9,5.8,11.0,32.0,148,327,570.0
01632000,11-14,3.7,5.5,11.0,30.0,133,279,438.0
01632000,11-15,3.7,6.4,12.0,33.0,116,253,358.0
01632000,11-16,3.6,6.3,12.0,32.0,122,242,679.0
01632000,11-17,3.7,6.4,12.0,32.0,114,273,635.0
01632000,11-18,3.6,6.0,12.0,31.0,104,299,676.0
01632000,11-19,3.7,6.1,12.0,29.0,115,406,826.0
01632000,11-20,3.7,6.0,12.0,34.0,134,556,1310.0
01632000,11-21,3.9,6.6,12.0,31.0,116,418,904.0
01632000,11-22,4.4,6.9,12.0,33.0,121,331,512.0
01632000,11-23,4.9,7.2,12.0,31.0,120,342,551.0
01632000,11-24,4.5,6.2,12.0,32.0,130,303,396.0
01632000,11-25,4.1,6.1,13.0,36.0,132,291,469.0
01632000,11-26,4.3,5.8,13.0,37.0,148,282,640.0
01632000,11-27,4.0,5.9,13.0,40.0,150,245,673.0
01632000,11-28,3.9,6.4,13.0,41.0,141,320,575.0
01632000,11-29,3.7,6.6,15.0,46.0,153,489,760.0
01632000,11-30,3.7,6.6,16.0,44.0,153,500,614.0
01632000,12-01,3.7,6.7,17.0,47.0,177,504,1310.0
01632000,12-02,3.7,7.0,17.0,55.0,182,379,963.0
01632000,12-03,3.9,7.0,19.0,60.0,183,403,569.0
01632000,12-04,4.0,7.0,21.0,58.0,172,353,634.0
01632000,12-05,4.5,7.0,22.0,67.0,167,327,762.0
01632000,12-06,4.5,6.9,21.0,62.0,149,318,581.0
01632000,12-07,4.8,6.9,23.0,60.0,152,462,695.0
01632000,12-08,4.9,6.4,23.0,66.0,147,462,1180.0
01632000,12-09,5.3,7.3,22.0,70.0,144,379,1020.0
01632000,12-10,5.7,7.1,22.0,64.0,154,427,835.0
01632000,12-11,5.0,7.2,25.0,69.0,174,515,1120.0
01632000,12-12,5.0,7.3,25.0,73.0,172,396,942.0
01632000,12-13,5.2,7.8,27.0,73.0,159,421,702.0
01632000,12-14,5.6,7.9,29.0,75.0,171,352,518.0
01632000,12-15,6.3,7.6,29.0,80.0,170,383,643.0
01632000,12-16,6.3,7.2,29.0,86.0,191,461,661.0
01632000,12-17,5.5,7.3,28.0,88.0,196,420,705.0
01632000,12-18,5.5,7.3,29.0,89.0,193,398,509.0
01632000,12-19,6.0,7.2,30.0,92.0,172,326,598.0
01632000,12-20,5.9,7.8,30.0,85.0,160,374,584.0
01632000,12-21,6.2,8.2,31.0,83.0,163,355,686.0
01632000,12-22,5.8,8.2,29.0,78.0,167,433,1030.0
01632000,12-23,5.1,8.5,28.0,78.0,178,524,888.0
01632000,12-24,5.5,8.9,32.0,94.0,214,566,746.0
01632000,12-25,5.2,8.4,32.0,99.0,250,476,597.0
01632000,12-26,5.6,8.2,34.0,104.0,297,530,1140.0
01632000,12-27,6.2,10.0,33.0,95.0,263,540,793.0
01632000,12-28,6.1,9.8,29.0,99.0,250,493,660.0
01632000,12-29,6.4,10.0,33.0,101.0,238,559,837.0
01632000,12-30,6.6,8.8,35.0,92.0,247,523,1040.0
01632000,12-31,6.3,9.2,36.0,95.0,215,496,1080.0
01634000,01-01,101.0,122.0,181.0,350.0,725,1370,2580.0
01634000,01-02,95.0,113.0,192.0,325.0,807,1440,2120.0
01634000,01-03,101.0,131.0,194.0,350.0,807,1570,1850.0
01634000,01-04,103.0,135.0,203.0,345.0,762,1330,2130.0
01634000,01-05,99.0,128.0,216.0,395.0,816,1220,1510.0
01634000,01-06,112.0,149.0,212.0,390.0,795,1240,1520.0
01634000,01-07,108.0,135.0,225.0,441.0,752,1100,1410.0
01634000,01-08,107.0,129.0,226.0,464.0,714,1150,1630.0
01634000,01-09,111.0,136.0,216.0,450.0,693,1300,1630.0
01634000,01-10,120.0,141.0,214.0,441.0,772,1210,2330.0
01634000,01-11,120.0,131.0,213.0,421.0,747,1230,2320.0
01634000,01-12,130.0,140.0,213.0,429.0,736,1240,1770.0
01634000,01-13,121.0,147.0,211.0,400.0,706,1310,1500.0
01634000,01-14,120.0,150.0,207.0,410.0,714,1170,1670.0
01634000,01-15,121.0,150.0,212.0,406.0,685,1230,1520.0
01634000,01-16,126.0,146.0,213.0,412.0,744,1250,1550.0
01634000,01-17,121.0,141.0,205.0,410.0,747,1170,1460.0
01634000,01-18,120.0,151.0,216.0,380.0,703,1060,1440.0
01634000,01-19,121.0,146.0,217.0,380.0,674,1190,2130.0
01634000,01-20,129.0,145.0,249.0,400.0,660,1490,2020.0
01634000,01-21,119.0,147.0,242.0,410.0,717,1680,2230.0
01634000,01-22,129.0,143.0,241.0,421.0,723,1610,2390.0
01634000,01-23,124.0,149.0,228.0,428.0,780,1350,1980.0
01634000,01-24,124.0,139.0,227.0,436.0,823,1480,2560.0
01634000,01-25,113.0,132.0,239.0,441.0,818,2420,3380.0
01634000,01-26,99.0,132.0,233.0,484.0,1010,2280,3190.0
01634000,01-27,99.0,131.0,243.0,484.0,921,1720,2220.0
01634000,01-28,111.0,140.0,237.0,482.0,917,1690,2540.0
01634000,01-29,112.0,139.0,228.0,450.0,829,1790,2410.0
01634000,01-30,110.0,134.0,229.0,447.0,842,1530,2330.0
01634000,01-31,111.0,131.0,240.0,460.0,771,1440,2280.0
01634000,02-01,110.0,129.0,262.0,492.0,872,1300,1910.0
01634000,02-02,108.0,133.0,277.0,468.0,886,1730,3010.0
01634000,02-03,110.0,130.0,278.0,526.0,902,1700,2790.0
01634000,02-04,106.0,149.0,293.0,534.0,916,1990,3390.0
01634000,02-05,108.0,160.0,293.0,551.0,883,1900,3550.0
01634000,02-06,108.0,152.0,299.0,562.0,949,1820,2420.0
01634000,02-07,110.0,147.0,307.0,585.0,955,1640,2560.0
01634000,02-08,111.0,155.0,332.0,612.0,899,1750,3300.0
01634000,02-09,109.0,158.0,320.0,571.0,871,1370,2140.0
01634000,02-10,123.0,160.0,305.0,545.0,847,1540,1690.0
01634000,02-11,122.0,162.0,299.0,524.0,800,1360,1930.0
01634000,02-12,120.0,156.0,299.0,535.0,872,1380,2190.0
01634000,02-13,121.0,191.0,317.0,525.0,867,1410,2150.0
01634000,02-14,120.0,181.0,321.0,540.0,876,1720,2990.0
01634000,02-15,137.0,170.0,306.0,542.0,928,1710,2540.0
01634000,02-16,124.0,175.0,312.0,559.0,968,1510,2340.0
01634000,02-17,132.0,197.0,325.0,554.0,950,1410,2100.0
01634000,02-18,151.0,191.0,355.0,581.0,1000,1620,2840.0
01634000,02-19,151.0,189.0,353.0,568.0,1020,1780,2380.0
01634000,02-20,150.0,184.0,371.0,566.0,1080,1940,2950.0
01634000,02-21,143.0,192.0,366.0,581.0,1060,1860,2550.0
01634000,02-22,151.0,196.0,364.0,644.0,1150,2130,2650.0
01634000,02-23,161.0,196.0,348.0,612.0,1140,2270,2930.0
01634000,02-24,141.0,196.0,354.0,608.0,1130,2720,4150.0
01634000,02-25,140.0,205.0,371.0,575.0,1110,2200,4040.0
01634000,02-26,141.0,224.0,381.0,559.0,1130,3010,3920.0
01634000,02-27,141.0,211.0,405.0,568.0,1240,2510,3320.0
01634000,02-28,139.0,206.0,388.0,587.0,1180,1960,3170.0
01634000,02-29,175.0,284.0,410.0,488.0,1060,1930,3630.0
01634000,03-01,140.0,192.0,381.0,600.0,1170,2190,2510.0
01634000,03-02,131.0,185.0,383.0,595.0,1280,2240,3660.0
01634000,03-03,134.0,209.0,359.0,578.0,1170,2090,3040.0
01634000,03-04,134.0,237.0,366.0,633.0,1130,2010,2920.0
01634000,03-05,140.0,240.0,365.0,666.0,1080,2170,2980.0
01634000,03-06,162.0,255.0,384.0,640.0,1060,2630,5340.0
01634000,03-07,183.0,282.0,384.0,722.0,1180,2600,4230.0
01634000,03-08,180.0,286.0,421.0,776.0,1280,2320,2740.0
01634000,03-09,190.0,276.0,413.0,710.0,1260,1730,2330.0
01634000,03-10,228.0,271.0,401.0,710.0,1260,1810,2660.0
01634000,03-11,246.0,283.0,418.0,666.0,1120,1750,2730.0
01634000,03-12,216.0,286.0,458.0,668.0,1060,2100,2740.0
01634000,03-13,202.0,282.0,444.0,738.0,1210,2070,4010.0
01634000,03-14,195.0,302.0,466.0,702.0,1190,2680,3910.0
01634000,03-15,188.0,303.0,454.0,746.0,1250,2360,3380.0
01634000,03-16,183.0,297.0,454.0,678.0,1240,2190,3120.0
01634000,03-17,179.0,287.0,458.0,669.0,1220,2260,3300.0
01634000,03-18,177.0,275.0,463.0,685.0,1140,2500,3350.0
01634000,03-19,179.0,270.0,463.0,678.0,1240,2400,2820.0
01634000,03-20,222.0,273.0,452.0,700.0,1380,2470,4860.0
01634000,03-21,210.0,279.0,474.0,708.0,1320,2670,6090.0
01634000,03-22,204.0,280.0,467.0,703.0,1420,3070,4470.0
01634000,03-23,196.0,296.0,467.0,747.0,1540,2460,3780.0
01634000,03-24,201.0,300.0,450.0,750.0,1470,2240,3450.0
01634000,03-25,197.0,304.0,432.0,810.0,1390,1900,2620.0
01634000,03-26,200.0,315.0,429.0,797.0,1300,1690,2380.0
01634000,03-27,204.0,323.0,434.0,761.0,1170,1610,2310.0
01634000,03-28,238.0,340.0,435.0,724.0,1060,1860,2530.0
01634000,03-29,298.0,357.0,437.0,678.0,1060,2300,4540.0
01634000,03-30,281.0,345.0,437.0,630.0,1220,1980,4590.0
01634000,03-31,270.0,337.0,447.0,616.0,1200,2080,3550.0
01634000,04-01,256.0,346.0,442.0,669.0,1180,1960,2830.0
01634000,04-02,246.0,336.0,446.0,677.0,1230,1970,2590.0
01634000,04-03,259.0,333.0,430.0,686.0,1200,1770,2500.0
01634000,04-04,251.0,339.0,428.0,638.0,1210,1720,2520.0
01634000,04-05,257.0,332.0,408.0,620.0,1170,1970,2660.0
01634000,04-06,258.0,331.0,404.0,585.0,1090,1810,5030.0
01634000,04-07,283.0,332.0,418.0,591.0,1140,1680,2560.0
01634000,04-08,271.0,312.0,406.0,624.0,1070,1810,2630.0
01634000,04-09,256.0,298.0,440.0,618.0,1100,1730,2760.0
01634000,04-10,247.0,286.0,429.0,618.0,1070,1800,3160.0
01634000,04-11,253.0,303.0,408.0,640.0,1040,1660,2990.0
01634000,04-12,237.0,290.0,406.0,645.0,1030,1920,3600.0
01634000,04-13,236.0,282.0,381.0,613.0,1100,2500,3380.0
01634000,04-14,232.0,285.0,366.0,654.0,1340,2070,3030.0
01634000,04-15,232.0,271.0,353.0,627.0,1390,2040,3000.0
01634000,04-16,231.0,271.0,378.0,646.0,1320,2200,2970.0
01634000,04-17,249.0,278.0,377.0,646.0,1300,3150,5690.0
01634000,04-18,256.0,289.0,381.0,618.0,1150,2550,3720.0
01634000,04-19,244.0,279.0,370.0,585.0,1000,1760,2850.0
01634000,04-20,244.0,283.0,370.0,591.0,962,1810,2770.0
01634000,04-21,233.0,280.0,373.0,594.0,961,1860,2910.0
01634000,04-22,231.0,272.0,354.0,615.0,945,2130,3850.0
01634000,04-23,241.0,263.0,356.0,592.0,929,2170,3650.0
01634000,04-24,239.0,263.0,353.0,573.0,927,2210,2820.0
01634000,04-25,229.0,264.0,368.0,580.0,898,1760,2200.0
01634000,04-26,231.0,261.0,366.0,569.0,1020,1580,1980.0
01634000,04-27,211.0,245.0,375.0,594.0,998,1560,2440.0
01634000,04-28,209.0,256.0,355.0,603.0,942,1630,2270.0
01634000,04-29,228.0,245.0,349.0,581.0,938,1900,3240.0
01634000,04-30,211.0,239.0,336.0,591.0,940,1990,2550.0
01634000,05-01,210.0,245.0,352.0,576.0,927,1900,3470.0
01634000,05-02,203.0,238.0,345.0,570.0,902,1960,2880.0
01634000,05-03,200.0,232.0,347.0,562.0,988,1810,2330.0
01634000,05-04,198.0,253.0,340.0,574.0,1110,1610,2040.0
01634000,05-05,199.0,241.0,345.0,607.0,1170,1690,2010.0
01634000,05-06,188.0,248.0,337.0,580.0,1150,1990,2530.0
01634000,05-07,186.0,250.0,361.0,555.0,1110,1790,3270.0
01634000,05-08,208.0,239.0,346.0,551.0,1050,2310,3660.0
01634000,05-09,201.0,240.0,323.0,599.0,1030,1990,3030.0
01634000,05-10,190.0,230.0,324.0,577.0,966,1820,2570.0
01634000,05-11,197.0,223.0,307.0,537.0,1000,1510,2020.0
01634000,05-12,179.0,215.0,301.0,530.0,882,1600,2390.0
01634000,05-13,198.0,214.0,311.0,534.0,960,1830,2710.0
01634000,05-14,192.0,225.0,322.0,533.0,892,2060,3080.0
01634000,05-15,188.0,217.0,330.0,530.0,868,1700,2930.0
01634000,05-16,194.0,227.0,338.0,555.0,964,1720,2300.0
01634000,05-17,188.0,236.0,330.0,547.0,1080,2050,3470.0
01634000,05-18,189.0,234.0,334.0,572.0,920,2020,2680.0
01634000,05-19,200.0,240.0,326.0,568.0,893,1590,2230.0
01634000,05-20,178.0,233.0,324.0,509.0,872,1460,2050.0
01634000,05-21,189.0,236.0,333.0,546.0,814,1740,2330.0
01634000,05-22,203.0,221.0,324.0,514.0,863,1730,2660.0
01634000,05-23,200.0,230.0,317.0,517.0,783,1530,2040.0
01634000,05-24,189.0,230.0,355.0,517.0,784,1650,2180.0
01634000,05-25,179.0,223.0,347.0,489.0,756,1440,1890.0
01634000,05-26,176.0,214.0,335.0,454.0,765,1290,1660.0
01634000,05-27,169.0,206.0,320.0,479.0,675,1070,1430.0
01634000,05-28,175.0,196.0,299.0,455.0,732,1370,1770.0
01634000,05-29,161.0,189.0,302.0,439.0,722,1390,2190.0
01634000,05-30,163.0,195.0,279.0,466.0,724,1320,1850.0
01634000,05-31,163.0,191.0,276.0,431.0,617,1230,1410.0
01634000,06-01,157.0,194.0,280.0,399.0,630,1240,1830.0
01634000,06-02,150.0,195.0,278.0,390.0,661,1270,1780.0
01634000,06-03,150.0,195.0,272.0,376.0,643,1110,2130.0
01634000,06-04,147.0,187.0,276.0,368.0,607,970,2700.0
01634000,06-05,140.0,203.0,277.0,382.0,554,1150,1930.0
01634000,06-06,132.0,186.0,257.0,394.0,626,1470,2070.0
01634000,06-07,138.0,174.0,237.0,384.0,564,1200,1690.0
01634000,06-08,126.0,177.0,228.0,368.0,572,994,1360.0
01634000,06-09,125.0,169.0,227.0,353.0,531,908,1380.0
01634000,06-10,122.0,168.0,222.0,360.0,585,954,1420.0
01634000,06-11,127.0,166.0,229.0,342.0,536,1180,1860.0
01634000,06-12,131.0,162.0,220.0,349.0,513,986,1660.0
01634000,06-13,123.0,158.0,217.0,322.0,488,1100,1790.0
01634000,06-14,121.0,155.0,203.0,307.0,470,1010,1520.0
01634000,06-15,119.0,147.0,210.0,321.0,490,922,1840.0
01634000,06-16,126.0,144.0,214.0,318.0,491,1000,1370.0
01634000,06-17,119.0,150.0,223.0,313.0,488,834,1050.0
01634000,06-18,124.0,144.0,222.0,288.0,481,748,1260.0
01634000,06-19,115.0,156.0,229.0,286.0,472,666,1530.0
01634000,06-20,120.0,158.0,211.0,288.0,447,889,1270.0
01634000,06-21,112.0,141.0,211.0,286.0,471,852,1230.0
01634000,06-22,117.0,138.0,199.0,272.0,475,776,1430.0
01634000,06-23,109.0,143.0,197.0,281.0,429,745,1080.0
01634000,06-24,105.0,140.0,190.0,270.0,433,881,1730.0
01634000,06-25,104.0,139.0,189.0,266.0,446,620,1440.0
01634000,06-26,102.0,132.0,190.0,259.0,406,751,1670.0
01634000,06-27,101.0,136.0,177.0,250.0,379,708,1190.0
01634000,06-28,112.0,121.0,171.0,242.0,353,794,975.0
01634000,06-29,89.0,112.0,170.0,252.0,387,814,1580.0
01634000,06-30,98.0,114.0,169.0,243.0,354,606,1320.0
01634000,07-01,100.0,112.0,163.0,235.0,346,494,1100.0
01634000,07-02,95.0,118.0,167.0,228.0,310,536,980.0
01634000,07-03,87.0,112.0,159.0,224.0,325,501,806.0
01634000,07-04,84.0,108.0,163.0,228.0,325,530,1160.0
01634000,07-05,85.0,110.0,167.0,218.0,326,519,1140.0
01634000,07-06,95.0,121.0,167.0,220.0,323,647,1000.0
01634000,07-07,95.0,117.0,152.0,235.0,321,608,1010.0
01634000,07-08,95.0,114.0,140.0,225.0,321,633,809.0
01634000,07-09,94.0,116.0,146.0,228.0,318,588,1220.0
01634000,07-10,88.0,114.0,151.0,214.0,294,665,968.0
01634000,07-11,84.0,102.0,149.0,209.0,300,642,866.0
01634000,07-12,83.0,111.0,140.0,209.0,356,626,893.0
01634000,07-13,81.0,104.0,139.0,198.0,337,870,1520.0
01634000,07-14,75.0,105.0,138.0,212.0,303,752,1020.0
01634000,07-15,83.0,110.0,140.0,197.0,294,717,909.0
01634000,07-16,80.0,107.0,139.0,187.0,302,600,815.0
01634000,07-17,80.0,105.0,137.0,177.0,334,555,648.0
01634000,07-18,81.0,107.0,138.0,187.0,297,505,686.0
01634000,07-19,86.0,101.0,127.0,182.0,279,438,535.0
01634000,07-20,79.0,90.0,126.0,176.0,267,399,551.0
01634000,07-21,76.0,88.0,130.0,197.0,263,493,592.0
01634000,07-22,68.0,88.0,126.0,184.0,285,479,820.0
01634000,07-23,79.0,98.0,127.0,189.0,314,485,1000.0
01634000,07-24,82.0,97.0,130.0,184.0,304,535,864.0
01634000,07-25,78.0,93.0,132.0,196.0,323,686,978.0
01634000,07-26,78.0,99.0,127.0,188.0,307,605,867.0
01634000,07-27,72.0,95.0,134.0,178.0,293,554,694.0
01634000,07-28,73.0,88.0,137.0,182.0,299,465,553.0
01634000,07-29,75.0,97.0,141.0,182.0,326,540,757.0
01634000,07-30,76.0,97.0,128.0,189.0,307,488,807.0
01634000,07-31,73.0,96.0,128.0,181.0,305,607,953.0
01634000,08-01,74.0,88.0,124.0,177.0,283,670,1020.0
01634000,08-02,71.0,88.0,117.0,179.0,312,727,1080.0
01634000,08-03,70.0,82.0,122.0,171.0,268,721,882.0
01634000,08-04,73.0,82.0,121.0,177.0,246,765,1490.0
01634000,08-05,73.0,87.0,121.0,174.0,263,851,1310.0
01634000,08-06,72.0,90.0,128.0,176.0,264,834,1160.0
01634000,08-07,74.0,89.0,119.0,176.0,349,696,1460.0
01634000,08-08,76.0,88.0,132.0,179.0,348,573,961.0
01634000,08-09,76.0,90.0,127.0,176.0,308,709,1210.0
01634000,08-10,77.0,88.0,127.0,180.0,286,647,1300.0
01634000,08-11,77.0,88.0,130.0,173.0,270,591,1050.0
01634000,08-12,79.0,86.0,123.0,170.0,304,652,1100.0
01634000,08-13,77.0,81.0,119.0,174.0,316,987,1690.0
01634000,08-14,75.0,85.0,115.0,176.0,308,842,1650.0
01634000,08-15,74.0,84.0,116.0,170.0,301,751,1200.0
01634000,08-16,73.0,83.0,114.0,183.0,308,636,1030.0
01634000,08-17,72.0,79.0,114.0,170.0,274,712,1270.0
01634000,08-18,72.0,77.0,116.0,174.0,288,768,2490.0
01634000,08-19,75.0,83.0,116.0,176.0,282,659,2100.0
01634000,08-20,75.0,90.0,125.0,172.0,262,611,1260.0
01634000,08-21,71.0,82.0,121.0,176.0,251,631,1120.0
01634000,08-22,75.0,82.0,118.0,171.0,248,627,887.0
01634000,08-23,76.0,88.0,117.0,168.0,281,641,922.0
01634000,08-24,72.0,84.0,121.0,161.0,260,624,1110.0
01634000,08-25,70.0,87.0,131.0,160.0,285,845,1040.0
01634000,08-26,71.0,88.0,123.0,161.0,291,744,1250.0
01634000,08-27,69.0,85.0,111.0,150.0,292,659,922.0
01634000,08-28,75.0,93.0,116.0,161.0,249,660,1060.0
01634000,08-29,76.0,87.0,118.0,158.0,245,685,887.0
01634000,08-30,75.0,90.0,117.0,160.0,254,644,852.0
01634000,08-31,75.0,90.0,117.0,152.0,273,576,741.0
01634000,09-01,79.0,91.0,119.0,149.0,252,544,778.0
01634000,09-02,74.0,88.0,107.0,145.0,250,475,900.0
01634000,09-03,75.0,88.0,108.0,144.0,239,546,906.0
01634000,09-04,74.0,88.0,112.0,144.0,247,517,745.0
01634000,09-05,75.0,87.0,114.0,150.0,228,554,717.0
01634000,09-06,72.0,82.0,117.0,155.0,246,561,1810.0
01634000,09-07,75.0,79.0,109.0,147.0,283,583,1530.0
01634000,09-08,70.0,81.0,113.0,147.0,287,564,1390.0
01634000,09-09,72.0,78.0,111.0,140.0,289,640,1270.0
01634000,09-10,74.0,82.0,110.0,146.0,259,633,1030.0
01634000,09-11,72.0,78.0,106.0,139.0,254,519,810.0
01634000,09-12,75.0,78.0,106.0,143.0,249,559,789.0
01634000,09-13,68.0,78.0,107.0,148.0,268,520,1050.0
01634000,09-14,72.0,81.0,107.0,143.0,279,428,833.0
01634000,09-15,70.0,78.0,107.0,149.0,274,483,905.0
01634000,09-16,69.0,80.0,108.0,142.0,275,455,834.0
01634000,09-17,70.0,83.0,110.0,141.0,249,410,941.0
01634000,09-18,76.0,85.0,107.0,145.0,246,516,1320.0
01634000,09-19,74.0,85.0,109.0,143.0,239,560,1740.0
01634000,09-20,68.0,83.0,109.0,142.0,243,501,1420.0
01634000,09-21,70.0,81.0,108.0,143.0,272,551,1180.0
01634000,09-22,68.0,80.0,105.0,146.0,250,698,1150.0
01634000,09-23,67.0,84.0,107.0,139.0,259,679,1040.0
01634000,09-24,71.0,84.0,105.0,146.0,262,733,1140.0
01634000,09-25,70.0,82.0,104.0,144.0,262,736,1300.0
01634000,09-26,68.0,83.0,104.0,144.0,260,646,899.0
01634000,09-27,68.0,79.0,108.0,156.0,259,543,890.0
01634000,09-28,71.0,80.0,106.0,141.0,255,638,1130.0
01634000,09-29,73.0,84.0,110.0,149.0,270,643,1480.0
01634000,09-30,75.0,84.0,113.0,158.0,302,663,1120.0
01634000,10-01,72.0,91.0,114.0,168.0,298,974,1690.0
01634000,10-02,65.0,89.0,115.0,163.0,297,774,1610.0
01634000,10-03,74.0,89.0,112.0,174.0,310,729,1810.0
01634000,10-04,63.0,86.0,111.0,163.0,334,897,1390.0
01634000,10-05,72.0,84.0,112.0,159.0,312,764,1000.0
01634000,10-06,65.0,85.0,115.0,155.0,296,652,1090.0
01634000,10-07,68.0,82.0,113.0,158.0,287,555,866.0
01634000,10-08,74.0,82.0,113.0,160.0,297,588,814.0
01634000,10-09,78.0,89.0,108.0,161.0,283,523,1360.0
01634000,10-10,67.0,87.0,113.0,161.0,268,511,1130.0
01634000,10-11,72.0,80.0,113.0,161.0,259,467,1070.0
01634000,10-12,69.0,83.0,113.0,164.0,240,448,907.0
01634000,10-13,68.0,82.0,113.0,153.0,251,493,961.0
01634000,10-14,70.0,83.0,110.0,150.0,255,531,993.0
01634000,10-15,69.0,87.0,110.0,150.0,274,645,816.0
01634000,10-16,73.0,86.0,107.0,149.0,270,599,825.0
01634000,10-17,75.0,86.0,110.0,160.0,266,584,923.0
01634000,10-18,77.0,86.0,113.0,154.0,251,595,1350.0
01634000,10-19,81.0,86.0,113.0,152.0,254,769,1610.0
01634000,10-20,79.0,83.0,110.0,155.0,261,804,1890.0
01634000,10-21,74.0,81.0,115.0,154.0,312,921,1530.0
01634000,10-22,76.0,84.0,112.0,163.0,309,1080,1310.0
01634000,10-23,76.0,90.0,114.0,163.0,300,854,1470.0
01634000,10-24,72.0,93.0,118.0,159.0,273,824,1090.0
01634000,10-25,82.0,96.0,118.0,161.0,281,764,1160.0
01634000,10-26,86.0,94.0,120.0,165.0,264,664,996.0
01634000,10-27,78.0,92.0,119.0,159.0,295,625,1280.0
01634000,10-28,81.0,98.0,121.0,166.0,315,664,1100.0
01634000,10-29,80.0,94.0,122.0,166.0,347,632,937.0
01634000,10-30,80.0,96.0,128.0,166.0,354,741,1000.0
01634000,10-31,82.0,97.0,131.0,168.0,364,705,1180.0
01634000,11-01,83.0,97.0,129.0,167.0,344,641,1190.0
01634000,11-02,86.0,97.0,130.0,170.0,332,756,935.0
01634000,11-03,77.0,100.0,128.0,170.0,363,654,926.0
01634000,11-04,82.0,98.0,133.0,171.0,352,757,1030.0
01634000,11-05,86.0,102.0,132.0,178.0,339,674,908.0
01634000,11-06,93.0,103.0,134.0,183.0,375,687,1080.0
01634000,11-07,87.0,105.0,133.0,190.0,344,773,1270.0
01634000,11-08,90.0,104.0,131.0,191.0,365,713,1290.0
01634000,11-09,90.0,100.0,131.0,187.0,378,921,1920.0
01634000,11-10,91.0,105.0,130.0,188.0,370,912,1740.0
01634000,11-11,90.0,110.0,133.0,185.0,354,877,1250.0
01634000,11-12,93.0,103.0,135.0,187.0,362,800,1130.0
01634000,11-13,94.0,110.0,132.0,192.0,436,957,1260.0
01634000,11-14,95.0,107.0,134.0,201.0,457,1030,1290.0
01634000,11-15,97.0,102.0,135.0,204.0,469,922,1380.0
01634000,11-16,94.0,105.0,136.0,195.0,428,825,1250.0
01634000,11-17,90.0,107.0,133.0,185.0,420,806,1780.0
01634000,11-18,96.0,105.0,135.0,197.0,440,845,2120.0
01634000,11-19,96.0,105.0,130.0,188.0,400,970,1880.0
01634000,11-20,98.0,108.0,132.0,191.0,452,1430,2590.0
01634000,11-21,95.0,109.0,128.0,180.0,462,1250,2760.0
01634000,11-22,98.0,107.0,130.0,196.0,449,1140,1950.0
01634000,11-23,98.0,111.0,131.0,198.0,495,880,1510.0
01634000,11-24,96.0,110.0,126.0,198.0,486,1160,1440.0
01634000,11-25,98.0,112.0,133.0,201.0,499,1020,1250.0
01634000,11-26,98.0,113.0,136.0,201.0,447,962,1100.0
01634000,11-27,95.0,113.0,132.0,207.0,453,804,1500.0
01634000,11-28,93.0,116.0,126.0,230.0,493,939,1710.0
01634000,11-29,95.0,110.0,128.0,234.0,478,994,1770.0
01634000,11-30,99.0,110.0,132.0,235.0,561,1340,1590.0
01634000,12-01,99.0,111.0,141.0,246.0,582,1280,1880.0
01634000,12-02,97.0,111.0,140.0,228.0,625,1290,2260.0
01634000,12-03,97.0,112.0,145.0,235.0,591,1140,1770.0
01634000,12-04,99.0,110.0,145.0,254.0,589,975,1670.0
01634000,12-05,96.0,113.0,157.0,255.0,564,1030,1850.0
01634000,12-06,94.0,113.0,158.0,262.0,541,885,1580.0
01634000,12-07,100.0,114.0,165.0,291.0,575,790,1570.0
01634000,12-08,103.0,116.0,162.0,281.0,572,1370,1940.0
01634000,12-09,107.0,116.0,158.0,280.0,518,1150,2060.0
01634000,12-10,107.0,113.0,165.0,267.0,545,1300,2130.0
01634000,12-11,99.0,115.0,164.0,299.0,613,1490,2820.0
01634000,12-12,98.0,114.0,168.0,280.0,651,1340,2920.0
01634000,12-13,91.0,113.0,170.0,301.0,606,1630,2120.0
01634000,12-14,106.0,117.0,182.0,291.0,574,1160,1690.0
01634000,12-15,98.0,112.0,183.0,330.0,590,1030,1570.0
01634000,12-16,99.0,111.0,184.0,339.0,592,1210,2040.0
01634000,12-17,98.0,116.0,185.0,350.0,579,1230,1870.0
01634000,12-18,100.0,115.0,172.0,358.0,630,1020,1690.0
01634000,12-19,100.0,116.0,172.0,365.0,639,1010,1540.0
01634000,12-20,93.0,122.0,168.0,376.0,586,1250,1490.0
01634000,12-21,98.0,121.0,167.0,372.0,571,1230,1450.0
01634000,12-22,86.0,127.0,164.0,350.0,579,1090,1960.0
01634000,12-23,85.0,125.0,165.0,345.0,563,1390,1920.0
01634000,12-24,90.0,127.0,170.0,340.0,615,1480,2070.0
01634000,12-25,88.0,121.0,168.0,349.0,591,1450,1670.0
01634000,12-26,98.0,117.0,194.0,357.0,681,1210,1860.0
01634000,12-27,102.0,116.0,203.0,354.0,805,1480,2190.0
01634000,12-28,95.0,118.0,199.0,342.0,807,1380,1630.0
01634000,12-29,95.0,118.0,186.0,341.0,805,1350,1880.0
01634000,12-30,100.0,126.0,188.0,328.0,818,1560,2050.0
01634000,12-31,95.0,122.0,181.0,352.0,735,1410,2830.0
01636500,01-01,596.0,708.0,1010.0,1850.0,3560,7200,13100.0
01636500,01-02,592.0,677.0,1010.0,1900.0,3540,7190,10700.0
01636500,01-03,618.0,749.0,1090.0,1840.0,4080,7430,9120.0
01636500,01-04,632.0,702.0,1200.0,1900.0,4020,6360,9410.0
01636500,01-05,598.0,780.0,1120.0,1870.0,3860,5810,9030.0
01636500,01-06,603.0,819.0,1170.0,2000.0,3800,6710,8200.0
01636500,01-07,635.0,800.0,1230.0,1910.0,3750,5740,7300.0
01636500,01-08,628.0,855.0,1300.0,2230.0,3720,5430,7270.0
01636500,01-09,608.0,814.0,1220.0,2160.0,3510,5160,7190.0
01636500,01-10,620.0,778.0,1200.0,2070.0,3670,5650,7820.0
01636500,01-11,650.0,826.0,1310.0,2000.0,3760,5300,8560.0
01636500,01-12,674.0,840.0,1250.0,2130.0,3640,5840,7310.0
01636500,01-13,682.0,859.0,1290.0,2110.0,3280,5550,7320.0
01636500,01-14,661.0,796.0,1330.0,2160.0,3350,6000,7210.0
01636500,01-15,659.0,824.0,1280.0,2090.0,3860,5840,6730.0
01636500,01-16,709.0,900.0,1320.0,2230.0,3770,5530,7020.0
01636500,01-17,664.0,843.0,1300.0,2180.0,3800,5120,7190.0
01636500,01-18,692.0,838.0,1200.0,2120.0,3340,4790,7210.0
01636500,01-19,691.0,845.0,1230.0,2060.0,3150,5190,6870.0
01636500,01-20,781.0,901.0,1260.0,1990.0,3010,5680,8130.0
01636500,01-21,657.0,872.0,1350.0,2100.0,3140,6250,11700.0
01636500,01-22,695.0,877.0,1300.0,2100.0,3280,7170,10600.0
01636500,01-23,659.0,876.0,1370.0,2150.0,3540,6820,11700.0
01636500,01-24,653.0,883.0,1350.0,2110.0,4240,6500,8690.0
01636500,01-25,613.0,810.0,1420.0,2390.0,4330,9620,11300.0
01636500,01-26,665.0,846.0,1370.0,2300.0,4160,10200,12300.0
01636500,01-27,632.0,852.0,1370.0,2290.0,4260,8460,10600.0
01636500,01-28,635.0,849.0,1370.0,2560.0,4470,6940,9660.0
01636500,01-29,630.0,781.0,1310.0,2430.0,4210,8350,13000.0
01636500,01-30,639.0,852.0,1300.0,2300.0,4120,7660,11800.0
01636500,01-31,613.0,839.0,1350.0,2430.0,3880,7100,10100.0
01636500,02-01,626.0,852.0,1360.0,2410.0,3450,6060,8640.0
01636500,02-02,712.0,873.0,1350.0,2400.0,3860,6010,9430.0
01636500,02-03,745.0,861.0,1470.0,2310.0,4030,6090,12100.0
01636500,02-04,655.0,852.0,1550.0,2380.0,4100,6840,10600.0
01636500,02-05,727.0,938.0,1590.0,2490.0,4200,6890,14300.0
01636500,02-06,692.0,910.0,1550.0,2430.0,4020,7980,12500.0
01636500,02-07,758.0,887.0,1630.0,2560.0,4210,8360,10000.0
01636500,02-08,756.0,912.0,1640.0,2520.0,4310,7580,12500.0
01636500,02-09,786.0,906.0,1610.0,2430.0,4010,7350,10400.0
01636500,02-10,702.0,893.0,1580.0,2600.0,4120,6400,7780.0
01636500,02-11,723.0,913.0,1670.0,2560.0,3720,6270,8080.0
01636500,02-12,785.0,1020.0,1580.0,2500.0,3710,6310,8090.0
01636500,02-13,836.0,1070.0,1580.0,2620.0,3640,6150,7590.0
01636500,02-14,781.0,1160.0,1630.0,2690.0,4190,7280,13300.0
01636500,02-15,838.0,1170.0,1570.0,2640.0,4300,7650,12200.0
01636500,02-16,841.0,1120.0,1580.0,2570.0,4020,7300,11600.0
01636500,02-17,872.0,1080.0,1650.0,2650.0,4210,7720,10800.0
01636500,02-18,885.0,1060.0,1630.0,2660.0,4110,7230,12100.0
01636500,02-19,890.0,1090.0,1660.0,2930.0,4330,7710,10700.0
01636500,02-20,872.0,1120.0,1640.0,2720.0,5000,7380,9800.0
01636500,02-21,851.0,1090.0,1730.0,2610.0,4640,6990,9170.0
01636500,02-22,931.0,1110.0,1750.0,2810.0,4870,6980,11700.0
01636500,02-23,924.0,1130.0,1790.0,2870.0,4690,8970,14000.0
01636500,02-24,906.0,1130.0,1720.0,2750.0,4880,11100,16600.0
01636500,02-25,817.0,1140.0,1670.0,2700.0,4860,10900,18600.0
01636500,02-26,855.0,1110.0,1770.0,2740.0,4840,11800,16000.0
01636500,02-27,831.0,1110.0,1900.0,2840.0,5130,11800,16200.0
01636500,02-28,838.0,1110.0,1800.0,2760.0,5490,9750,13400.0
01636500,02-29,961.0,1430.0,2000.0,2550.0,5080,9740,15900.0
01636500,03-01,823.0,1100.0,1940.0,2830.0,4950,9600,13100.0
01636500,03-02,833.0,1070.0,1900.0,2850.0,5320,9870,15200.0
01636500,03-03,886.0,1140.0,1870.0,2670.0,5630,9580,15700.0
01636500,03-04,905.0,1230.0,1830.0,2780.0,5610,10100,13200.0
01636500,03-05,924.0,1240.0,1900.0,3040.0,5570,9000,11800.0
01636500,03-06,960.0,1320.0,1950.0,3100.0,5620,10700,15400.0
01636500,03-07,1000.0,1450.0,1960.0,3330.0,5290,9810,18400.0
01636500,03-08,1060.0,1450.0,2030.0,3580.0,5400,9740,14300.0
01636500,03-09,1100.0,1450.0,2170.0,3630.0,5540,8840,12000.0
01636500,03-10,1000.0,1450.0,2060.0,3420.0,5650,8090,12000.0
01636500,03-11,1090.0,1520.0,2030.0,3560.0,5310,7800,12300.0
01636500,03-12,1060.0,1560.0,2090.0,3340.0,5110,8660,12900.0
01636500,03-13,1080.0,1540.0,2120.0,3420.0,5080,10000,16300.0
01636500,03-14,1010.0,1530.0,2230.0,3420.0,5360,10500,16400.0
01636500,03-15,996.0,1470.0,2240.0,3430.0,5750,10700,14600.0
01636500,03-16,1020.0,1470.0,2220.0,3340.0,5780,8880,14800.0
01636500,03-17,1080.0,1420.0,2160.0,3240.0,5640,9810,13200.0
01636500,03-18,1090.0,1390.0,2340.0,3150.0,5130,10800,14000.0
01636500,03-19,1200.0,1410.0,2290.0,3300.0,5170,10700,11800.0
01636500,03-20,1160.0,1480.0,2240.0,3220.0,5590,8980,14000.0
01636500,03-21,1310.0,1490.0,2350.0,3330.0,6270,11400,19000.0
01636500,03-22,1290.0,1520.0,2450.0,3330.0,6400,13700,21000.0
01636500,03-23,1260.0,1610.0,2340.0,3730.0,6440,10900,15900.0
01636500,03-24,1210.0,1690.0,2340.0,3620.0,6220,10200,14000.0
01636500,03-25,1160.0,1670.0,2430.0,3680.0,5910,8630,12200.0
01636500,03-26,1230.0,1560.0,2350.0,3940.0,5810,7470,10600.0
01636500,03-27,1210.0,1700.0,2410.0,3990.0,5240,7880,9170.0
01636500,03-28,1260.0,1630.0,2380.0,3730.0,4900,7260,9880.0
01636500,03-29,1440.0,1720.0,2310.0,3660.0,5060,8950,12700.0
01636500,03-30,1530.0,1760.0,2260.0,3430.0,5110,8330,16300.0
01636500,03-31,1480.0,1670.0,2260.0,3290.0,5400,8980,13200.0
01636500,04-01,1380.0,1700.0,2270.0,3330.0,5450,8840,13100.0
01636500,04-02,1370.0,1750.0,2200.0,3410.0,5540,8550,12600.0
01636500,04-03,1350.0,1760.0,2180.0,3350.0,5400,8570,11200.0
01636500,04-04,1400.0,1760.0,2170.0,3130.0,5000,8250,10800.0
01636500,04-05,1480.0,1670.0,2120.0,3390.0,5280,7600,11200.0
01636500,04-06,1420.0,1700.0,2070.0,3210.0,5070,7860,11000.0
01636500,04-07,1500.0,1770.0,2120.0,3160.0,4870,6940,12400.0
01636500,04-08,1430.0,1750.0,2080.0,3240.0,4850,7970,10000.0
01636500,04-09,1410.0,1730.0,2160.0,3050.0,4880,8880,9890.0
01636500,04-10,1360.0,1770.0,2150.0,3030.0,4890,8030,11800.0
01636500,04-11,1380.0,1730.0,2160.0,3050.0,4600,7550,13000.0
01636500,04-12,1390.0,1650.0,2070.0,2940.0,4500,8160,10500.0
01636500,04-13,1370.0,1560.0,2050.0,3000.0,4800,7880,12500.0
01636500,04-14,1390.0,1570.0,2010.0,2940.0,4670,9170,13200.0
01636500,04-15,1330.0,1530.0,1870.0,3090.0,5620,8820,13600.0
01636500,04-16,1330.0,1520.0,1890.0,2990.0,6020,10400,14300.0
01636500,04-17,1360.0,1480.0,1890.0,3070.0,6330,13000,19000.0
01636500,04-18,1400.0,1540.0,1840.0,2960.0,5830,10700,18600.0
01636500,04-19,1420.0,1540.0,1870.0,2840.0,4980,8610,11900.0
01636500,04-20,1350.0,1460.0,1800.0,2940.0,4560,7350,10300.0
01636500,04-21,1330.0,1440.0,1840.0,2940.0,4290,8050,14100.0
01636500,04-22,1380.0,1460.0,1810.0,2860.0,4290,8810,13100.0
01636500,04-23,1290.0,1450.0,1800.0,2740.0,4220,9250,12200.0
01636500,04-24,1310.0,1390.0,1720.0,2620.0,4180,7490,12000.0
01636500,04-25,1250.0,1420.0,1800.0,2570.0,3910,7200,10500.0
01636500,04-26,1210.0,1410.0,1780.0,2650.0,4070,7430,9900.0
01636500,04-27,1210.0,1370.0,1880.0,2590.0,4270,7080,9070.0
01636500,04-28,1210.0,1390.0,1770.0,2720.0,4410,6500,9120.0
01636500,04-29,1240.0,1350.0,1720.0,2840.0,4490,6500,9240.0
01636500,04-30,1240.0,1400.0,1680.0,2840.0,4230,6500,9480.0
01636500,05-01,1180.0,1360.0,1710.0,2780.0,3870,7030,11200.0
01636500,05-02,1150.0,1350.0,1720.0,2750.0,3750,6550,8940.0
01636500,05-03,1160.0,1280.0,1730.0,2750.0,3990,6500,10700.0
01636500,05-04,1160.0,1290.0,1820.0,2730.0,4140,6790,9560.0
01636500,05-05,1140.0,1280.0,1740.0,2710.0,4420,7460,8410.0
01636500,05-06,1090.0,1310.0,1860.0,2690.0,4420,7830,9690.0
01636500,05-07,1070.0,1330.0,1860.0,2700.0,4420,7810,11000.0
01636500,05-08,1190.0,1340.0,1870.0,2680.0,5070,9810,14100.0
01636500,05-09,1170.0,1250.0,1770.0,2640.0,4440,9920,13000.0
01636500,05-10,1140.0,1230.0,1690.0,2580.0,4390,7960,12200.0
01636500,05-11,1050.0,1240.0,1620.0,2700.0,4200,6510,10000.0
01636500,05-12,1030.0,1200.0,1660.0,2680.0,4370,7340,10200.0
01636500,05-13,1050.0,1150.0,1590.0,2670.0,4020,6380,9440.0
01636500,05-14,999.0,1190.0,1590.0,2470.0,4020,7500,10700.0
01636500,05-15,1060.0,1200.0,1640.0,2620.0,3900,7770,9950.0
01636500,05-16,1020.0,1200.0,1650.0,2590.0,4210,7450,8940.0
01636500,05-17,1100.0,1220.0,1650.0,2560.0,4060,7050,11800.0
01636500,05-18,1060.0,1270.0,1660.0,2540.0,4400,7010,15100.0
01636500,05-19,1030.0,1270.0,1730.0,2560.0,4060,6210,9700.0
01636500,05-20,1120.0,1250.0,1660.0,2740.0,3880,5370,9240.0
01636500,05-21,1080.0,1310.0,1700.0,2590.0,3770,5850,9090.0
01636500,05-22,1080.0,1220.0,1640.0,2570.0,3840,5910,9960.0
01636500,05-23,1070.0,1280.0,1610.0,2610.0,3670,7380,9120.0
01636500,05-24,1020.0,1300.0,1580.0,2560.0,3590,6460,10000.0
01636500,05-25,965.0,1240.0,1580.0,2420.0,3490,6330,7830.0
01636500,05-26,990.0,1200.0,1580.0,2340.0,3630,5640,7150.0
01636500,05-27,881.0,1190.0,1600.0,2270.0,3200,4930,6520.0
01636500,05-28,916.0,1100.0,1610.0,2160.0,3280,4590,5950.0
01636500,05-29,914.0,1120.0,1550.0,2220.0,3380,5020,7360.0
01636500,05-30,962.0,1090.0,1550.0,2080.0,3160,5470,8090.0
01636500,05-31,880.0,1090.0,1510.0,2080.0,2900,5000,7860.0
01636500,06-01,892.0,1020.0,1510.0,2030.0,3300,6010,8660.0
01636500,06-02,887.0,998.0,1480.0,1980.0,3320,5310,7530.0
01636500,06-03,901.0,1100.0,1410.0,2030.0,3030,5070,10000.0
01636500,06-04,914.0,1040.0,1380.0,1910.0,2900,5490,10400.0
01636500,06-05,877.0,1010.0,1330.0,1940.0,2750,5020,8320.0
01636500,06-06,832.0,986.0,1350.0,1910.0,2710,6340,7500.0
01636500,06-07,859.0,986.0,1280.0,1910.0,2850,6200,7400.0
01636500,06-08,837.0,960.0,1290.0,1910.0,2610,4980,7250.0
01636500,06-09,831.0,932.0,1200.0,1780.0,2690,4160,6860.0
01636500,06-10,768.0,910.0,1200.0,1770.0,2580,4150,6110.0
01636500,06-11,727.0,843.0,1210.0,1700.0,2610,4630,6060.0
01636500,06-12,730.0,871.0,1190.0,1630.0,2500,4200,7220.0
01636500,06-13,710.0,852.0,1170.0,1630.0,2390,4120,7300.0
01636500,06-14,721.0,865.0,1080.0,1580.0,2480,5290,8290.0
01636500,06-15,702.0,845.0,1150.0,1540.0,2360,4890,6900.0
01636500,06-16,668.0,821.0,1180.0,1540.0,2240,4870,7840.0
01636500,06-17,710.0,807.0,1110.0,1570.0,2580,4270,7060.0
01636500,06-18,700.0,767.0,1210.0,1570.0,2510,3760,6080.0
01636500,06-19,679.0,786.0,1140.0,1490.0,2410,3680,7700.0
01636500,06-20,685.0,778.0,1180.0,1500.0,2300,3610,6840.0
01636500,06-21,661.0,801.0,1130.0,1540.0,2370,4190,5970.0
01636500,06-22,641.0,850.0,1090.0,1510.0,2550,4660,7970.0
01636500,06-23,619.0,804.0,1050.0,1470.0,2410,4170,7520.0
01636500,06-24,624.0,757.0,1020.0,1440.0,2410,4070,6940.0
01636500,06-25,581.0,755.0,1010.0,1420.0,2310,3400,7210.0
01636500,06-26,593.0,740.0,1050.0,1350.0,2050,3190,5420.0
01636500,06-27,569.0,663.0,1020.0,1300.0,2030,3220,5310.0
01636500,06-28,567.0,658.0,990.0,1340.0,1900,3230,5890.0
01636500,06-29,588.0,640.0,971.0,1300.0,1830,3250,5980.0
01636500,06-30,592.0,652.0,954.0,1310.0,1920,3330,7340.0
01636500,07-01,557.0,653.0,900.0,1310.0,1720,2540,5870.0
01636500,07-02,525.0,627.0,958.0,1260.0,1660,2570,4850.0
01636500,07-03,508.0,599.0,873.0,1230.0,1620,2660,4080.0
01636500,07-04,489.0,686.0,860.0,1230.0,1590,2570,3540.0
01636500,07-05,506.0,630.0,910.0,1200.0,1630,2470,4130.0
01636500,07-06,493.0,630.0,959.0,1200.0,1660,2470,4260.0
01636500,07-07,470.0,652.0,910.0,1170.0,1600,2930,4040.0
01636500,07-08,505.0,627.0,910.0,1130.0,1580,2570,3930.0
01636500,07-09,513.0,606.0,910.0,1200.0,1580,2630,4140.0
01636500,07-10,508.0,603.0,883.0,1200.0,1510,2580,3950.0
01636500,07-11,474.0,557.0,841.0,1120.0,1630,2570,4060.0
01636500,07-12,481.0,578.0,842.0,1150.0,1550,2530,3570.0
01636500,07-13,514.0,640.0,840.0,1160.0,1650,2740,3940.0
01636500,07-14,455.0,611.0,827.0,1110.0,1640,2950,3840.0
01636500,07-15,478.0,577.0,812.0,1150.0,1540,3180,4630.0
01636500,07-16,489.0,614.0,814.0,1090.0,1540,3200,4130.0
01636500,07-17,497.0,602.0,820.0,1050.0,1580,2900,4030.0
01636500,07-18,469.0,589.0,770.0,992.0,1570,2580,3390.0
01636500,07-19,468.0,584.0,768.0,978.0,1550,2370,3020.0
01636500,07-20,510.0,569.0,770.0,1010.0,1540,2230,2950.0
01636500,07-21,459.0,559.0,768.0,1000.0,1390,2060,3660.0
01636500,07-22,476.0,566.0,766.0,994.0,1370,2250,3900.0
01636500,07-23,395.0,551.0,747.0,1020.0,1510,2480,4090.0
01636500,07-24,416.0,501.0,769.0,1030.0,1630,2620,3680.0
01636500,07-25,478.0,568.0,774.0,1050.0,1650,2570,3220.0
01636500,07-26,487.0,531.0,744.0,1060.0,1580,2750,3780.0
01636500,07-27,467.0,547.0,740.0,1120.0,1690,2400,2830.0
01636500,07-28,464.0,550.0,740.0,1030.0,1700,2310,2700.0
01636500,07-29,461.0,533.0,737.0,1090.0,1590,2110,2520.0
01636500,07-30,463.0,546.0,767.0,1130.0,1520,2210,2970.0
01636500,07-31,461.0,541.0,724.0,1070.0,1600,2480,3200.0
01636500,08-01,436.0,522.0,723.0,1060.0,1460,2600,4150.0
01636500,08-02,453.0,491.0,701.0,983.0,1430,2480,3300.0
01636500,08-03,455.0,488.0,703.0,972.0,1470,2260,3410.0
01636500,08-04,455.0,506.0,723.0,991.0,1460,2280,3320.0
01636500,08-05,425.0,514.0,661.0,1000.0,1440,2460,3850.0
01636500,08-06,434.0,506.0,680.0,929.0,1490,2600,3620.0
01636500,08-07,421.0,535.0,700.0,940.0,1460,2670,4530.0
01636500,08-08,472.0,524.0,740.0,959.0,1480,2760,4270.0
01636500,08-09,460.0,536.0,704.0,987.0,1450,2870,4790.0
01636500,08-10,417.0,530.0,699.0,950.0,1460,2810,4600.0
01636500,08-11,406.0,499.0,746.0,962.0,1390,2790,4550.0
01636500,08-12,403.0,481.0,735.0,967.0,1470,3120,3950.0
01636500,08-13,399.0,512.0,722.0,949.0,1500,3500,6350.0
01636500,08-14,398.0,473.0,701.0,929.0,1480,3800,6320.0
01636500,08-15,391.0,476.0,684.0,915.0,1470,3710,6160.0
01636500,08-16,404.0,459.0,648.0,915.0,1420,2990,5950.0
01636500,08-17,405.0,450.0,631.0,936.0,1420,4490,5810.0
01636500,08-18,400.0,465.0,647.0,905.0,1540,3770,7050.0
01636500,08-19,397.0,443.0,654.0,888.0,1440,3990,8670.0
01636500,08-20,399.0,504.0,657.0,883.0,1500,3690,7710.0
01636500,08-21,409.0,504.0,723.0,908.0,1470,3400,5770.0
01636500,08-22,399.0,451.0,687.0,907.0,1340,3210,4850.0
01636500,08-23,398.0,445.0,665.0,909.0,1390,2810,3890.0
01636500,08-24,383.0,433.0,652.0,894.0,1470,2760,4100.0
01636500,08-25,392.0,433.0,645.0,898.0,1460,2940,4270.0
01636500,08-26,389.0,485.0,641.0,873.0,1660,2930,4960.0
01636500,08-27,411.0,499.0,617.0,847.0,1550,2970,5460.0
01636500,08-28,385.0,480.0,624.0,836.0,1450,2650,4140.0
01636500,08-29,410.0,489.0,610.0,831.0,1480,2840,3900.0
01636500,08-30,404.0,482.0,630.0,820.0,1380,2630,3320.0
01636500,08-31,384.0,446.0,641.0,804.0,1380,2450,3760.0
01636500,09-01,409.0,469.0,631.0,821.0,1340,2370,3640.0
01636500,09-02,390.0,482.0,627.0,820.0,1310,2830,4990.0
01636500,09-03,383.0,489.0,614.0,772.0,1230,3040,5030.0
01636500,09-04,389.0,468.0,610.0,758.0,1240,2730,4330.0
01636500,09-05,399.0,468.0,621.0,759.0,1230,2500,3480.0
01636500,09-06,404.0,461.0,626.0,764.0,1210,2840,4080.0
01636500,09-07,420.0,491.0,622.0,753.0,1470,2520,6010.0
01636500,09-08,399.0,472.0,616.0,757.0,1350,2680,5300.0
01636500,09-09,398.0,499.0,585.0,754.0,1400,2640,5530.0
01636500,09-10,378.0,444.0,579.0,768.0,1440,3040,5780.0
01636500,09-11,388.0,448.0,587.0,752.0,1360,2740,4430.0
01636500,09-12,395.0,441.0,585.0,774.0,1520,2270,4490.0
01636500,09-13,384.0,468.0,576.0,800.0,1420,2320,3550.0
01636500,09-14,416.0,473.0,579.0,755.0,1360,2120,3110.0
01636500,09-15,424.0,464.0,574.0,773.0,1340,1850,2920.0
01636500,09-16,405.0,451.0,582.0,762.0,1390,2010,3560.0
01636500,09-17,400.0,434.0,575.0,768.0,1310,1960,3860.0
01636500,09-18,401.0,449.0,575.0,746.0,1210,2670,5210.0
01636500,09-19,408.0,442.0,569.0,761.0,1170,2500,8350.0
01636500,09-20,424.0,440.0,570.0,780.0,1270,2970,6710.0
01636500,09-21,401.0,469.0,582.0,785.0,1230,2960,7070.0
01636500,09-22,397.0,456.0,584.0,755.0,1220,2970,4870.0
01636500,09-23,435.0,463.0,584.0,752.0,1350,3420,5000.0
01636500,09-24,406.0,447.0,576.0,762.0,1270,3330,5450.0
01636500,09-25,427.0,459.0,552.0,757.0,1290,2770,8820.0
01636500,09-26,432.0,481.0,570.0,753.0,1230,2670,5670.0
01636500,09-27,442.0,478.0,570.0,734.0,1200,2540,4230.0
01636500,09-28,429.0,474.0,577.0,749.0,1230,2770,5020.0
01636500,09-29,443.0,484.0,561.0,779.0,1410,3350,6620.0
01636500,09-30,450.0,482.0,576.0,818.0,1440,3920,8660.0
01636500,10-01,442.0,465.0,604.0,930.0,1460,4190,8950.0
01636500,10-02,424.0,455.0,577.0,962.0,1560,4240,9760.0
01636500,10-03,430.0,469.0,566.0,928.0,1510,4380,7830.0
01636500,10-04,439.0,468.0,555.0,830.0,1650,5730,7110.0
01636500,10-05,442.0,468.0,559.0,901.0,1620,4610,5740.0
01636500,10-06,433.0,460.0,562.0,846.0,1550,3990,5920.0
01636500,10-07,424.0,469.0,548.0,858.0,1520,3330,5310.0
01636500,10-08,409.0,470.0,540.0,832.0,1570,3050,4920.0
01636500,10-09,421.0,481.0,552.0,839.0,1720,3040,5550.0
01636500,10-10,411.0,460.0,546.0,849.0,1560,3100,5600.0
01636500,10-11,412.0,455.0,559.0,819.0,1460,2700,5050.0
01636500,10-12,422.0,447.0,547.0,836.0,1350,2460,4520.0
01636500,10-13,415.0,460.0,572.0,865.0,1450,2480,4190.0
01636500,10-14,409.0,439.0,567.0,838.0,1450,3020,4390.0
01636500,10-15,415.0,472.0,544.0,860.0,1440,2880,3810.0
01636500,10-16,419.0,475.0,574.0,803.0,1430,2700,3860.0
01636500,10-17,438.0,487.0,583.0,840.0,1400,2640,3630.0
01636500,10-18,451.0,488.0,597.0,831.0,1370,2930,4040.0
01636500,10-19,425.0,470.0,588.0,837.0,1390,3470,8220.0
01636500,10-20,445.0,478.0,585.0,830.0,1330,4030,9220.0
01636500,10-21,431.0,483.0,609.0,821.0,1370,4260,7880.0
01636500,10-22,448.0,480.0,643.0,835.0,1430,4860,8910.0
01636500,10-23,434.0,474.0,635.0,854.0,1480,4940,10400.0
01636500,10-24,445.0,468.0,623.0,832.0,1480,4280,7510.0
01636500,10-25,441.0,473.0,625.0,848.0,1430,3980,7550.0
01636500,10-26,442.0,506.0,644.0,818.0,1720,4220,5860.0
01636500,10-27,441.0,501.0,669.0,863.0,1720,3410,6160.0
01636500,10-28,459.0,503.0,628.0,909.0,1510,3120,5640.0
01636500,10-29,441.0,480.0,678.0,940.0,1610,3000,4770.0
01636500,10-30,430.0,480.0,683.0,959.0,1890,3100,4650.0
01636500,10-31,427.0,480.0,659.0,946.0,1950,3570,4380.0
01636500,11-01,438.0,540.0,661.0,966.0,1920,3910,4480.0
01636500,11-02,451.0,544.0,677.0,985.0,1920,3460,4120.0
01636500,11-03,469.0,545.0,684.0,984.0,2060,3550,4630.0
01636500,11-04,429.0,548.0,675.0,976.0,2110,3490,4980.0
01636500,11-05,425.0,520.0,663.0,1010.0,1960,3400,4880.0
01636500,11-06,444.0,574.0,682.0,1010.0,1930,3190,4680.0
01636500,11-07,492.0,575.0,653.0,999.0,2070,3080,4920.0
01636500,11-08,447.0,586.0,691.0,1040.0,2020,3320,5680.0
01636500,11-09,467.0,590.0,673.0,1020.0,2010,3410,6930.0
01636500,11-10,470.0,590.0,684.0,1020.0,1860,3370,8540.0
01636500,11-11,452.0,566.0,688.0,975.0,1820,3210,6810.0
01636500,11-12,470.0,597.0,718.0,981.0,1820,3790,5570.0
01636500,11-13,503.0,579.0,686.0,996.0,2040,4330,5750.0
01636500,11-14,479.0,581.0,682.0,983.0,2030,4880,7240.0
01636500,11-15,489.0,566.0,715.0,988.0,2140,4990,6490.0
01636500,11-16,480.0,552.0,694.0,954.0,2010,4630,5480.0
01636500,11-17,456.0,541.0,681.0,959.0,2060,3800,4800.0
01636500,11-18,452.0,547.0,707.0,970.0,2080,3920,5030.0
01636500,11-19,449.0,552.0,698.0,1000.0,1970,3600,5980.0
01636500,11-20,480.0,553.0,686.0,1010.0,1990,3570,7130.0
01636500,11-21,455.0,556.0,716.0,994.0,2280,4100,7460.0
01636500,11-22,449.0,545.0,721.0,1050.0,2150,4530,8570.0
01636500,11-23,495.0,563.0,699.0,1100.0,2120,3890,7140.0
01636500,11-24,465.0,585.0,701.0,1070.0,2350,4080,7010.0
01636500,11-25,531.0,579.0,699.0,1100.0,2310,3910,5960.0
01636500,11-26,500.0,581.0,730.0,1130.0,2370,4000,6920.0
01636500,11-27,515.0,575.0,746.0,1120.0,2510,4100,6620.0
01636500,11-28,508.0,575.0,748.0,1260.0,2490,4590,6680.0
01636500,11-29,511.0,576.0,684.0,1250.0,2540,4870,7000.0
01636500,11-30,529.0,591.0,708.0,1260.0,2550,4940,7030.0
01636500,12-01,532.0,562.0,796.0,1280.0,2680,5830,7370.0
01636500,12-02,506.0,577.0,796.0,1260.0,2940,5980,9230.0
01636500,12-03,524.0,593.0,824.0,1320.0,2950,5410,8140.0
01636500,12-04,533.0,588.0,785.0,1460.0,2910,5000,6940.0
01636500,12-05,543.0,595.0,824.0,1370.0,2720,5020,8520.0
01636500,12-06,557.0,596.0,826.0,1420.0,2630,4860,8870.0
01636500,12-07,528.0,600.0,832.0,1440.0,2550,4720,7110.0
01636500,12-08,538.0,597.0,820.0,1460.0,2770,4520,7130.0
01636500,12-09,536.0,594.0,821.0,1490.0,2720,4600,7680.0
01636500,12-10,530.0,593.0,881.0,1490.0,2860,4690,7350.0
01636500,12-11,527.0,583.0,843.0,1510.0,2990,6360,10500.0
01636500,12-12,510.0,591.0,890.0,1580.0,2890,6810,9950.0
01636500,12-13,521.0,580.0,888.0,1570.0,2880,6360,8660.0
01636500,12-14,522.0,602.0,924.0,1670.0,2880,5600,7110.0
01636500,12-15,540.0,617.0,917.0,1680.0,3090,5070,7500.0
01636500,12-16,516.0,618.0,915.0,1740.0,2910,5200,8810.0
01636500,12-17,545.0,604.0,932.0,1810.0,2940,5790,8740.0
01636500,12-18,532.0,614.0,907.0,1740.0,3000,5890,8070.0
01636500,12-19,538.0,642.0,913.0,1800.0,2990,5340,7040.0
01636500,12-20,535.0,619.0,940.0,1700.0,2950,5100,6630.0
01636500,12-21,541.0,602.0,983.0,1590.0,2930,4880,6210.0
01636500,12-22,534.0,601.0,987.0,1660.0,2780,5200,7410.0
01636500,12-23,536.0,676.0,1010.0,1610.0,2620,5250,7490.0
01636500,12-24,506.0,680.0,986.0,1640.0,2750,5950,8580.0
01636500,12-25,467.0,706.0,1020.0,1720.0,2830,6680,8400.0
01636500,12-26,528.0,678.0,989.0,1820.0,2910,5520,7650.0
01636500,12-27,543.0,689.0,1020.0,1810.0,3150,4990,8060.0
01636500,12-28,564.0,700.0,1060.0,1820.0,3350,5050,7220.0
01636500,12-29,580.0,714.0,1020.0,1870.0,3290,6100,7010.0
01636500,12-30,603.0,658.0,1040.0,1810.0,3380,6430,10500.0
01636500,12-31,600.0,742.0,1060.0,1920.0,3150,7200,11500.0
