SiteCode,MonthDay,p05,p10,p25,p50,p75,p90,p95
01417000,01-01,6.5,7.0,8.5,49,150.0,703.0,1210.0
01417000,01-02,6.8,7.0,8.5,49,150.0,680.0,946.0
01417000,01-03,6.8,7.1,8.6,49,150.0,680.0,754.0
01417000,01-04,6.8,7.2,8.5,50,150.0,680.0,729.0
01417000,01-05,6.8,7.2,8.5,50,149.0,680.0,767.0
01417000,01-06,6.9,7.1,8.6,49,147.0,680.0,775.0
01417000,01-07,6.8,7.1,8.6,51,147.0,635.0,709.0
01417000,01-08,6.8,7.0,8.5,52,147.0,584.0,708.0
01417000,01-09,6.7,7.1,8.5,52,147.0,686.0,715.0
01417000,01-10,6.6,6.9,8.3,51,146.0,689.0,716.0
01417000,01-11,6.5,6.9,8.4,51,146.0,691.0,751.0
01417000,01-12,6.6,6.8,8.5,52,137.0,692.0,750.0
01417000,01-13,6.4,6.7,8.3,49,146.0,691.0,750.0
01417000,01-14,6.3,6.6,8.3,49,133.0,692.0,868.0
01417000,01-15,6.3,6.6,8.3,48,129.0,695.0,784.0
01417000,01-16,6.3,6.7,8.1,47,148.0,690.0,750.0
01417000,01-17,6.4,6.9,8.0,48,142.0,709.0,1010.0
01417000,01-18,6.5,7.0,8.1,48,148.0,700.0,1000.0
01417000,01-19,6.5,7.0,8.3,49,147.0,700.0,935.0
01417000,01-20,6.6,7.1,8.3,51,142.0,691.0,866.0
01417000,01-21,6.4,6.8,8.1,48,137.0,688.0,757.0
01417000,01-22,6.4,6.9,8.1,47,137.0,652.0,716.0
01417000,01-23,6.5,7.0,8.5,47,120.0,652.0,709.0
01417000,01-24,6.4,7.1,8.5,47,99.0,676.0,712.0
01417000,01-25,6.4,7.1,8.6,48,139.0,655.0,716.0
01417000,01-26,6.5,7.1,8.9,48,152.0,689.0,963.0
01417000,01-27,6.4,7.3,9.1,52,181.0,717.0,1040.0
01417000,01-28,6.5,7.3,8.6,51,147.0,717.0,1550.0
01417000,01-29,6.4,6.7,8.6,51,148.0,717.0,1280.0
01417000,01-30,6.5,6.9,9.1,50,226.0,717.0,1080.0
01417000,01-31,6.4,7.0,8.9,51,242.0,709.0,1180.0
01417000,02-01,6.4,6.7,8.6,52,186.0,708.0,920.0
01417000,02-02,6.5,6.7,8.8,52,209.0,692.0,749.0
01417000,02-03,6.5,6.9,8.8,50,226.0,700.0,859.0
01417000,02-04,6.4,6.6,8.8,50,182.0,700.0,750.0
01417000,02-05,6.5,6.6,8.6,53,159.0,687.0,718.0
01417000,02-06,6.5,6.7,8.6,52,148.0,669.0,719.0
01417000,02-07,6.6,6.9,8.6,52,148.0,685.0,719.0
01417000,02-08,6.6,6.9,8.6,49,148.0,673.0,722.0
01417000,02-09,6.6,6.9,8.6,50,148.0,685.0,723.0
01417000,02-10,6.6,6.8,8.8,50,134.0,678.0,723.0
01417000,02-11,6.6,7.2,8.8,49,139.0,639.0,704.0
01417000,02-12,6.7,7.1,8.8,48,103.0,571.0,704.0
01417000,02-13,6.8,7.1,8.4,46,99.0,571.0,746.0
01417000,02-14,6.8,7.1,8.1,46,93.0,502.0,749.0
01417000,02-15,6.6,7.0,7.6,45,93.0,437.0,734.0
01417000,02-16,6.8,6.9,7.9,45,93.0,440.0,711.0
01417000,02-17,6.7,6.9,7.5,46,103.0,440.0,751.0
01417000,02-18,6.6,6.9,7.5,46,103.0,367.0,687.0
01417000,02-19,6.8,6.9,7.9,47,103.0,355.0,687.0
01417000,02-20,6.6,6.8,8.5,48,103.0,356.0,663.0
01417000,02-21,6.7,7.0,8.5,46,97.0,308.0,582.0
01417000,02-22,6.7,6.9,8.5,46,97.0,303.0,614.0
01417000,02-23,6.6,6.9,8.4,47,97.0,303.0,753.0
01417000,02-24,6.6,6.9,8.5,47,118.0,319.0,752.0
01417000,02-25,6.8,7.0,9.0,49,134.0,409.0,933.0
01417000,02-26,6.1,6.9,8.6,49,146.0,461.0,901.0
01417000,02-27,6.7,6.8,8.5,49,147.0,658.0,881.0
01417000,02-28,6.6,6.8,9.0,50,147.0,603.0,777.0
01417000,02-29,,6.8,8.2,51,361.0,826.0,
01417000,03-01,6.6,6.9,8.6,51,148.0,608.0,740.0
01417000,03-02,6.6,6.8,8.6,49,147.0,603.0,735.0
01417000,03-03,6.7,6.9,8.6,48,147.0,562.0,713.0
01417000,03-04,6.7,6.8,8.6,49,150.0,442.0,689.0
01417000,03-05,6.8,6.9,8.8,48,150.0,540.0,697.0
01417000,03-06,6.8,6.9,8.6,49,150.0,626.0,851.0
01417000,03-07,6.8,6.9,8.6,49,147.0,615.0,887.0
01417000,03-08,6.8,6.9,8.6,51,150.0,615.0,780.0
01417000,03-09,6.8,6.9,8.6,51,147.0,661.0,741.0
01417000,03-10,6.8,6.9,8.8,48,144.0,560.0,718.0
01417000,03-11,6.7,6.9,8.8,51,146.0,461.0,690.0
01417000,03-12,6.7,6.8,8.3,52,154.0,432.0,703.0
01417000,03-13,6.8,7.0,8.6,52,147.0,316.0,1120.0
01417000,03-14,6.8,7.0,8.8,53,146.0,405.0,1000.0
01417000,03-15,6.8,7.0,8.8,51,142.0,378.0,935.0
01417000,03-16,6.8,7.0,8.8,47,105.0,296.0,832.0
01417000,03-17,6.8,7.1,8.8,46,98.0,296.0,777.0
01417000,03-18,6.9,7.1,8.8,46,128.0,296.0,712.0
01417000,03-19,6.9,7.0,8.9,46,140.0,327.0,791.0
01417000,03-20,6.9,7.1,8.9,47,130.0,406.0,936.0
01417000,03-21,6.9,7.1,8.9,49,140.0,605.0,1290.0
01417000,03-22,6.9,7.1,9.1,52,146.0,678.0,1430.0
01417000,03-23,6.8,7.1,9.1,54,241.0,700.0,1870.0
01417000,03-24,6.9,7.2,9.3,54,228.0,1210.0,1780.0
01417000,03-25,6.8,7.2,9.7,54,231.0,958.0,1580.0
01417000,03-26,6.9,7.2,9.1,53,261.0,928.0,1550.0
01417000,03-27,7.1,7.4,9.3,53,243.0,862.0,1370.0
01417000,03-28,7.0,7.4,9.3,55,280.0,1010.0,1420.0
01417000,03-29,6.9,7.4,9.5,58,458.0,1200.0,1720.0
01417000,03-30,6.8,7.1,10.0,66,507.0,1330.0,2630.0
01417000,03-31,6.9,7.2,9.9,67,641.0,1440.0,2490.0
01417000,04-01,6.9,7.2,10.0,69,678.0,1970.0,2380.0
01417000,04-02,6.9,7.4,11.0,72,700.0,1940.0,2910.0
01417000,04-03,7.0,7.4,10.0,70,700.0,1820.0,2650.0
01417000,04-04,6.9,7.3,9.9,70,700.0,2070.0,2890.0
01417000,04-05,6.9,7.2,11.0,69,700.0,2170.0,3240.0
01417000,04-06,7.0,7.4,11.0,80,700.0,2390.0,3010.0
01417000,04-07,7.8,10.0,15.0,82,677.0,2000.0,2520.0
01417000,04-08,16.0,18.0,22.0,83,781.0,1930.0,2470.0
01417000,04-09,17.0,18.0,22.0,80,695.0,1770.0,2330.0
01417000,04-10,18.0,19.0,22.0,84,672.0,1550.0,1990.0
01417000,04-11,18.0,19.0,24.0,78,691.0,1430.0,1880.0
01417000,04-12,18.0,19.0,24.0,71,690.0,1650.0,2060.0
01417000,04-13,17.0,18.0,22.0,76,688.0,1520.0,2240.0
01417000,04-14,17.0,18.0,23.0,85,704.0,1530.0,2290.0
01417000,04-15,17.0,18.0,21.0,86,692.0,1880.0,2930.0
01417000,04-16,18.0,19.0,23.0,102,981.0,2210.0,3070.0
01417000,04-17,18.0,19.0,23.0,95,1180.0,2620.0,4640.0
01417000,04-18,18.0,19.0,29.0,90,1040.0,2550.0,4220.0
01417000,04-19,18.0,19.0,29.0,87,857.0,2470.0,3170.0
01417000,04-20,19.0,19.0,27.0,89,747.0,2130.0,2730.0
01417000,04-21,19.0,19.0,30.0,89,779.0,1790.0,2740.0
01417000,04-22,19.0,19.0,34.0,92,707.0,1740.0,2330.0
01417000,04-23,19.0,19.0,30.0,100,743.0,1690.0,2290.0
01417000,04-24,19.0,19.0,32.0,98,670.0,1730.0,2430.0
01417000,04-25,19.0,20.0,47.0,180,777.0,1750.0,2630.0
01417000,04-26,19.0,20.0,47.0,140,834.0,1880.0,2850.0
01417000,04-27,19.0,19.0,49.0,195,811.0,1790.0,2600.0
01417000,04-28,19.0,20.0,45.0,132,889.0,1580.0,2860.0
01417000,04-29,18.0,19.0,46.0,133,910.0,1400.0,2540.0
01417000,04-30,19.0,19.0,48.0,167,880.0,1260.0,2480.0
01417000,05-01,19.0,20.0,63.0,175,693.0,1570.0,3100.0
01417000,05-02,19.0,19.0,65.0,208,627.0,1810.0,2830.0
01417000,05-03,19.0,20.0,67.0,148,643.0,1990.0,2640.0
01417000,05-04,19.0,19.0,66.0,158,662.0,1920.0,2200.0
01417000,05-05,19.0,19.0,62.0,176,665.0,1660.0,1960.0
01417000,05-06,19.0,20.0,62.0,137,568.0,1470.0,1790.0
01417000,05-07,18.0,20.0,66.0,114,561.0,1350.0,1540.0
01417000,05-08,18.0,20.0,65.0,104,428.0,1130.0,1310.0
01417000,05-09,19.0,20.0,62.0,92,430.0,1170.0,1350.0
01417000,05-10,19.0,20.0,62.0,95,403.0,1060.0,1460.0
01417000,05-11,19.0,20.0,62.0,110,466.0,1200.0,1560.0
01417000,05-12,19.0,20.0,65.0,111,448.0,1260.0,2350.0
01417000,05-13,19.0,20.0,64.0,114,515.0,1390.0,2250.0
01417000,05-14,19.0,20.0,64.0,116,573.0,1660.0,2100.0
01417000,05-15,19.0,20.0,66.0,107,614.0,1400.0,1730.0
01417000,05-16,19.0,20.0,60.0,111,623.0,1270.0,1420.0
01417000,05-17,20.0,20.0,61.0,115,638.0,1160.0,1540.0
01417000,05-18,19.0,20.0,64.0,115,564.0,1080.0,1690.0
01417000,05-19,19.0,20.0,67.0,121,488.0,1160.0,1640.0
01417000,05-20,19.0,21.0,67.0,122,565.0,981.0,1830.0
01417000,05-21,19.0,21.0,67.0,123,620.0,911.0,1960.0
01417000,05-22,19.0,20.0,66.0,122,524.0,893.0,1870.0
01417000,05-23,18.0,21.0,63.0,113,474.0,888.0,1560.0
01417000,05-24,20.0,21.0,62.0,113,446.0,929.0,1420.0
01417000,05-25,20.0,21.0,62.0,113,399.0,968.0,1760.0
01417000,05-26,19.0,21.0,57.0,98,289.0,799.0,1620.0
01417000,05-27,18.0,20.0,47.0,105,258.0,669.0,1340.0
01417000,05-28,18.0,20.0,64.0,111,242.0,562.0,954.0
01417000,05-29,18.0,20.0,65.0,112,193.0,687.0,1200.0
01417000,05-30,18.0,19.0,65.0,102,193.0,750.0,1910.0
01417000,05-31,19.0,19.0,56.0,85,202.0,633.0,1680.0
01417000,06-01,18.0,19.0,45.0,97,224.0,823.0,1690.0
01417000,06-02,18.0,19.0,41.0,96,179.0,746.0,1370.0
01417000,06-03,18.0,19.0,39.0,93,149.0,807.0,1210.0
01417000,06-04,18.0,19.0,27.0,91,148.0,722.0,1040.0
01417000,06-05,18.0,19.0,28.0,91,148.0,629.0,842.0
01417000,06-06,18.0,19.0,49.0,99,157.0,576.0,745.0
01417000,06-07,18.0,19.0,59.0,98,161.0,552.0,892.0
01417000,06-08,18.0,19.0,29.0,93,155.0,619.0,1020.0
01417000,06-09,19.0,19.0,35.0,92,148.0,509.0,1130.0
01417000,06-10,19.0,19.0,41.0,95,151.0,629.0,916.0
01417000,06-11,18.0,19.0,46.0,90,145.0,665.0,1180.0
01417000,06-12,19.0,19.0,66.0,101,151.0,758.0,1500.0
01417000,06-13,19.0,20.0,66.0,105,150.0,835.0,1540.0
01417000,06-14,19.0,20.0,65.0,105,162.0,812.0,1480.0
01417000,06-15,19.0,19.0,65.0,100,147.0,772.0,1540.0
01417000,06-16,19.0,19.0,65.0,108,142.0,704.0,1340.0
01417000,06-17,18.0,19.0,65.0,98,142.0,827.0,1070.0
01417000,06-18,19.0,20.0,64.0,98,142.0,557.0,1180.0
01417000,06-19,19.0,20.0,65.0,99,145.0,535.0,1230.0
01417000,06-20,19.0,20.0,42.0,93,144.0,604.0,855.0
01417000,06-21,18.0,19.0,65.0,92,140.0,683.0,737.0
01417000,06-22,18.0,20.0,65.0,92,142.0,706.0,889.0
01417000,06-23,18.0,19.0,66.0,91,143.0,677.0,875.0
01417000,06-24,18.0,20.0,66.0,96,144.0,560.0,746.0
01417000,06-25,19.0,20.0,67.0,103,144.0,495.0,791.0
01417000,06-26,19.0,20.0,70.0,109,143.0,673.0,1740.0
01417000,06-27,19.0,20.0,70.0,103,152.0,599.0,1600.0
01417000,06-28,19.0,20.0,73.0,125,190.0,676.0,1380.0
01417000,06-29,18.0,20.0,72.0,125,160.0,740.0,1370.0
01417000,06-30,18.0,20.0,68.0,116,143.0,742.0,1490.0
01417000,07-01,18.0,19.0,67.0,103,164.0,745.0,1590.0
01417000,07-02,19.0,20.0,71.0,104,172.0,745.0,1560.0
01417000,07-03,19.0,20.0,71.0,111,218.0,745.0,1270.0
01417000,07-04,19.0,20.0,75.0,121,218.0,745.0,1160.0
01417000,07-05,19.0,20.0,75.0,106,204.0,738.0,1030.0
01417000,07-06,19.0,20.0,71.0,98,230.0,573.0,799.0
01417000,07-07,19.0,20.0,67.0,100,158.0,607.0,710.0
01417000,07-08,19.0,19.0,70.0,111,156.0,486.0,707.0
01417000,07-09,19.0,20.0,70.0,108,150.0,466.0,696.0
01417000,07-10,19.0,20.0,65.0,100,147.0,417.0,696.0
01417000,07-11,19.0,20.0,68.0,93,147.0,486.0,696.0
01417000,07-12,19.0,20.0,68.0,90,149.0,487.0,675.0
01417000,07-13,19.0,20.0,64.0,92,147.0,486.0,652.0
01417000,07-14,19.0,19.0,65.0,96,147.0,379.0,569.0
01417000,07-15,19.0,19.0,69.0,110,152.0,339.0,552.0
01417000,07-16,19.0,19.0,69.0,111,147.0,489.0,635.0
01417000,07-17,18.0,19.0,70.0,117,148.0,579.0,701.0
01417000,07-18,18.0,19.0,71.0,119,148.0,644.0,737.0
01417000,07-19,19.0,20.0,72.0,111,150.0,663.0,741.0
01417000,07-20,19.0,20.0,70.0,115,152.0,672.0,741.0
01417000,07-21,18.0,20.0,70.0,120,152.0,589.0,704.0
01417000,07-22,18.0,20.0,80.0,118,148.0,484.0,678.0
01417000,07-23,18.0,20.0,72.0,115,148.0,399.0,674.0
01417000,07-24,18.0,20.0,70.0,110,148.0,338.0,616.0
01417000,07-25,19.0,20.0,70.0,102,147.0,395.0,555.0
01417000,07-26,18.0,20.0,74.0,112,155.0,327.0,547.0
01417000,07-27,19.0,20.0,76.0,112,159.0,409.0,620.0
01417000,07-28,19.0,20.0,66.0,112,147.0,474.0,646.0
01417000,07-29,19.0,20.0,72.0,114,151.0,506.0,630.0
01417000,07-30,19.0,21.0,67.0,101,146.0,489.0,689.0
01417000,07-31,18.0,19.0,67.0,107,143.0,393.0,720.0
01417000,08-01,19.0,19.0,67.0,105,144.0,311.0,720.0
01417000,08-02,19.0,19.0,67.0,106,143.0,311.0,694.0
01417000,08-03,19.0,19.0,67.0,110,143.0,311.0,677.0
01417000,08-04,19.0,19.0,68.0,109,143.0,433.0,664.0
01417000,08-05,19.0,19.0,70.0,102,142.0,519.0,713.0
01417000,08-06,19.0,19.0,69.0,103,144.0,585.0,713.0
01417000,08-07,19.0,19.0,67.0,99,144.0,672.0,713.0
01417000,08-08,19.0,19.0,67.0,95,144.0,604.0,713.0
01417000,08-09,19.0,19.0,65.0,92,144.0,627.0,720.0
01417000,08-10,19.0,19.0,67.0,98,142.0,633.0,720.0
01417000,08-11,19.0,19.0,70.0,114,149.0,524.0,709.0
01417000,08-12,19.0,19.0,70.0,121,155.0,536.0,692.0
01417000,08-13,19.0,19.0,67.0,111,150.0,605.0,730.0
01417000,08-14,19.0,19.0,67.0,101,150.0,643.0,723.0
01417000,08-15,19.0,20.0,70.0,108,149.0,697.0,728.0
01417000,08-16,19.0,20.0,74.0,113,155.0,685.0,729.0
01417000,08-17,18.0,19.0,74.0,112,174.0,625.0,722.0
01417000,08-18,19.0,20.0,74.0,119,180.0,682.0,750.0
01417000,08-19,19.0,20.0,70.0,97,182.0,696.0,757.0
01417000,08-20,19.0,19.0,72.0,104,152.0,698.0,757.0
01417000,08-21,19.0,19.0,72.0,99,153.0,698.0,831.0
01417000,08-22,19.0,19.0,68.0,95,187.0,696.0,724.0
01417000,08-23,19.0,19.0,69.0,90,187.0,683.0,713.0
01417000,08-24,19.0,20.0,69.0,104,235.0,696.0,742.0
01417000,08-25,18.0,19.0,70.0,102,268.0,687.0,726.0
01417000,08-26,18.0,19.0,70.0,122,261.0,684.0,713.0
01417000,08-27,19.0,20.0,70.0,104,263.0,597.0,691.0
01417000,08-28,18.0,19.0,67.0,95,263.0,654.0,705.0
01417000,08-29,18.0,19.0,67.0,104,261.0,652.0,705.0
01417000,08-30,18.0,19.0,67.0,104,265.0,650.0,691.0
01417000,08-31,18.0,19.0,67.0,119,297.0,667.0,691.0
01417000,09-01,18.0,19.0,69.0,120,273.0,653.0,698.0
01417000,09-02,19.0,19.0,67.0,129,305.0,632.0,707.0
01417000,09-03,19.0,19.0,67.0,129,298.0,657.0,726.0
01417000,09-04,19.0,19.0,65.0,103,298.0,657.0,710.0
01417000,09-05,19.0,20.0,65.0,126,304.0,648.0,709.0
01417000,09-06,19.0,22.0,67.0,127,298.0,635.0,701.0
01417000,09-07,19.0,32.0,67.0,127,322.0,674.0,712.0
01417000,09-08,19.0,31.0,68.0,128,427.0,694.0,721.0
01417000,09-09,19.0,24.0,68.0,128,353.0,694.0,719.0
01417000,09-10,19.0,20.0,67.0,129,358.0,674.0,712.0
01417000,09-11,18.0,21.0,67.0,128,285.0,680.0,711.0
01417000,09-12,19.0,22.0,66.0,102,267.0,680.0,711.0
01417000,09-13,19.0,23.0,65.0,97,267.0,683.0,708.0
01417000,09-14,19.0,23.0,67.0,116,260.0,641.0,688.0
01417000,09-15,19.0,20.0,67.0,116,292.0,671.0,694.0
01417000,09-16,19.0,19.0,67.0,95,294.0,677.0,705.0
01417000,09-17,18.0,19.0,66.0,85,267.0,661.0,682.0
01417000,09-18,19.0,19.0,63.0,88,267.0,661.0,689.0
01417000,09-19,19.0,19.0,65.0,85,286.0,665.0,689.0
01417000,09-20,19.0,19.0,67.0,85,188.0,647.0,690.0
01417000,09-21,19.0,19.0,65.0,82,187.0,650.0,690.0
01417000,09-22,18.0,19.0,67.0,93,192.0,654.0,708.0
01417000,09-23,18.0,19.0,65.0,92,200.0,650.0,696.0
01417000,09-24,18.0,19.0,65.0,86,197.0,654.0,706.0
01417000,09-25,18.0,20.0,66.0,95,253.0,652.0,707.0
01417000,09-26,18.0,19.0,66.0,95,286.0,643.0,709.0
01417000,09-27,18.0,20.0,65.0,96,269.0,674.0,710.0
01417000,09-28,18.0,19.0,66.0,98,196.0,652.0,715.0
01417000,09-29,19.0,19.0,66.0,98,192.0,681.0,728.0
01417000,09-30,19.0,19.0,65.0,95,201.0,678.0,911.0
01417000,10-01,18.0,19.0,64.0,88,206.0,668.0,1050.0
01417000,10-02,19.0,19.0,48.0,79,231.0,665.0,985.0
01417000,10-03,18.0,19.0,48.0,79,208.0,665.0,915.0
01417000,10-04,18.0,19.0,47.0,79,200.0,688.0,894.0
01417000,10-05,18.0,19.0,47.0,80,268.0,674.0,886.0
01417000,10-06,18.0,19.0,47.0,80,238.0,674.0,925.0
01417000,10-07,18.0,19.0,45.0,76,269.0,674.0,782.0
01417000,10-08,17.0,19.0,45.0,76,189.0,563.0,704.0
01417000,10-09,18.0,19.0,45.0,79,222.0,475.0,704.0
01417000,10-10,19.0,19.0,47.0,78,278.0,533.0,700.0
01417000,10-11,19.0,19.0,46.0,78,251.0,563.0,704.0
01417000,10-12,19.0,19.0,45.0,76,159.0,558.0,705.0
01417000,10-13,18.0,19.0,44.0,74,159.0,615.0,709.0
01417000,10-14,19.0,19.0,45.0,74,198.0,597.0,709.0
01417000,10-15,18.0,19.0,44.0,76,191.0,600.0,709.0
01417000,10-16,18.0,19.0,43.0,75,224.0,635.0,713.0
01417000,10-17,18.0,19.0,43.0,74,297.0,657.0,690.0
01417000,10-18,19.0,19.0,44.0,79,295.0,657.0,694.0
01417000,10-19,19.0,19.0,45.0,78,284.0,641.0,701.0
01417000,10-20,19.0,19.0,45.0,76,328.0,629.0,694.0
01417000,10-21,18.0,20.0,46.0,75,313.0,653.0,708.0
01417000,10-22,18.0,20.0,49.0,82,262.0,648.0,708.0
01417000,10-23,19.0,20.0,47.0,74,267.0,608.0,711.0
01417000,10-24,19.0,20.0,44.0,72,288.0,610.0,714.0
01417000,10-25,18.0,19.0,43.0,73,248.0,593.0,705.0
01417000,10-26,18.0,20.0,43.0,72,174.0,585.0,685.0
01417000,10-27,18.0,19.0,43.0,76,191.0,646.0,705.0
01417000,10-28,18.0,19.0,43.0,75,172.0,652.0,718.0
01417000,10-29,18.0,19.0,43.0,76,225.0,664.0,702.0
01417000,10-30,18.0,19.0,43.0,71,336.0,689.0,709.0
01417000,10-31,17.0,19.0,43.0,75,307.0,696.0,709.0
01417000,11-01,12.0,13.0,41.0,71,331.0,641.0,709.0
01417000,11-02,7.0,7.5,27.0,73,252.0,679.0,709.0
01417000,11-03,6.9,7.2,20.0,70,280.0,675.0,709.0
01417000,11-04,6.9,7.4,20.0,70,257.0,679.0,709.0
01417000,11-05,6.9,7.5,20.0,70,282.0,679.0,709.0
01417000,11-06,6.9,7.2,19.0,60,297.0,678.0,704.0
01417000,11-07,6.9,7.5,17.0,58,278.0,626.0,694.0
01417000,11-08,6.9,7.5,16.0,58,147.0,629.0,694.0
01417000,11-09,6.9,7.3,11.0,65,244.0,622.0,694.0
01417000,11-10,6.7,7.1,12.0,66,294.0,663.0,802.0
01417000,11-11,6.8,7.4,15.0,60,324.0,666.0,950.0
01417000,11-12,6.9,7.3,12.0,60,371.0,658.0,888.0
01417000,11-13,6.9,7.2,12.0,60,330.0,666.0,894.0
01417000,11-14,6.8,7.6,19.0,61,298.0,637.0,976.0
01417000,11-15,7.0,7.6,19.0,66,234.0,632.0,843.0
01417000,11-16,7.1,7.5,20.0,66,256.0,614.0,719.0
01417000,11-17,6.9,7.3,19.0,60,189.0,577.0,694.0
01417000,11-18,6.7,7.4,19.0,61,184.0,552.0,694.0
01417000,11-19,6.9,7.5,15.0,66,237.0,488.0,694.0
01417000,11-20,7.0,7.5,12.0,66,172.0,569.0,699.0
01417000,11-21,6.9,7.4,9.0,58,157.0,596.0,697.0
01417000,11-22,6.7,7.1,8.7,56,144.0,549.0,698.0
01417000,11-23,6.8,7.3,8.6,57,122.0,532.0,699.0
01417000,11-24,6.8,7.1,8.7,57,104.0,528.0,700.0
01417000,11-25,6.6,7.0,8.6,56,102.0,525.0,702.0
01417000,11-26,6.6,6.9,8.5,56,102.0,457.0,708.0
01417000,11-27,6.5,6.7,8.4,56,103.0,496.0,786.0
01417000,11-28,6.6,7.1,8.8,55,102.0,471.0,694.0
01417000,11-29,6.5,7.1,8.6,53,98.0,365.0,692.0
01417000,11-30,6.6,7.1,8.6,50,96.0,373.0,693.0
01417000,12-01,6.6,6.9,8.4,50,98.0,440.0,966.0
01417000,12-02,6.5,6.9,8.4,50,96.0,581.0,1430.0
01417000,12-03,6.5,7.0,8.6,50,102.0,654.0,1400.0
01417000,12-04,6.6,7.0,8.8,49,101.0,564.0,1400.0
01417000,12-05,6.8,7.1,8.9,50,105.0,435.0,1260.0
01417000,12-06,6.7,7.1,8.6,52,103.0,331.0,1010.0
01417000,12-07,6.8,7.1,8.9,51,101.0,297.0,789.0
01417000,12-08,6.6,7.0,8.8,48,93.0,325.0,725.0
01417000,12-09,6.9,7.1,8.8,49,95.0,304.0,807.0
01417000,12-10,6.9,7.1,8.5,49,96.0,266.0,885.0
01417000,12-11,6.9,7.1,8.4,48,96.0,315.0,812.0
01417000,12-12,6.8,7.1,8.6,48,95.0,266.0,990.0
01417000,12-13,6.9,7.1,8.5,48,93.0,266.0,1070.0
01417000,12-14,6.9,7.2,8.5,48,98.0,458.0,1130.0
01417000,12-15,6.8,7.1,8.2,48,96.0,714.0,1300.0
01417000,12-16,6.8,7.1,8.5,47,88.0,713.0,1010.0
01417000,12-17,6.8,7.1,8.6,50,87.0,702.0,1080.0
01417000,12-18,6.6,7.1,8.5,49,84.0,700.0,1110.0
01417000,12-19,6.7,7.0,8.6,49,96.0,715.0,1250.0
01417000,12-20,6.7,7.1,8.8,49,115.0,716.0,1060.0
01417000,12-21,6.8,7.1,8.6,50,131.0,661.0,920.0
01417000,12-22,6.8,7.1,8.8,50,140.0,661.0,862.0
01417000,12-23,6.8,7.1,8.6,50,140.0,665.0,830.0
01417000,12-24,6.9,7.3,8.6,49,123.0,680.0,1290.0
01417000,12-25,6.9,7.2,8.4,51,140.0,680.0,1330.0
01417000,12-26,6.9,7.1,8.6,52,117.0,706.0,1190.0
01417000,12-27,6.8,7.1,8.5,50,139.0,680.0,1070.0
01417000,12-28,6.8,7.2,8.5,51,138.0,680.0,913.0
01417000,12-29,6.6,7.1,8.4,50,134.0,680.0,966.0
01417000,12-30,6.8,7.2,8.5,50,134.0,680.0,1150.0
01417000,12-31,6.5,7.1,8.4,49,142.0,680.0,997.0
01417500,01-01,48.0,72.0,128.0,214,473.0,959.0,1390.0
01417500,01-02,52.0,70.0,119.0,204,530.0,974.0,1300.0
01417500,01-03,56.0,68.0,113.0,183,458.0,933.0,1100.0
01417500,01-04,55.0,66.0,118.0,223,423.0,887.0,963.0
01417500,01-05,50.0,62.0,114.0,214,488.0,850.0,925.0
01417500,01-06,47.0,66.0,112.0,209,458.0,871.0,1040.0
01417500,01-07,43.0,61.0,110.0,202,461.0,929.0,1040.0
01417500,01-08,43.0,75.0,112.0,185,445.0,885.0,1110.0
01417500,01-09,42.0,74.0,110.0,185,422.0,940.0,1640.0
01417500,01-10,40.0,73.0,110.0,190,442.0,952.0,1590.0
01417500,01-11,43.0,68.0,110.0,186,427.0,882.0,1420.0
01417500,01-12,53.0,65.0,112.0,181,406.0,945.0,1800.0
01417500,01-13,59.0,71.0,108.0,183,528.0,930.0,1530.0
01417500,01-14,60.0,69.0,99.0,170,504.0,1030.0,1320.0
01417500,01-15,60.0,64.0,93.0,176,490.0,1030.0,1280.0
01417500,01-16,54.0,63.0,90.0,164,465.0,876.0,1450.0
01417500,01-17,53.0,62.0,88.0,150,432.0,937.0,1470.0
01417500,01-18,48.0,57.0,85.0,155,391.0,898.0,1650.0
01417500,01-19,43.0,55.0,89.0,183,374.0,966.0,1760.0
01417500,01-20,48.0,56.0,94.0,159,403.0,867.0,1550.0
01417500,01-21,50.0,58.0,97.0,166,443.0,826.0,1250.0
01417500,01-22,56.0,71.0,99.0,176,442.0,816.0,1070.0
01417500,01-23,56.0,70.0,106.0,173,509.0,793.0,950.0
01417500,01-24,55.0,72.0,109.0,165,502.0,817.0,1620.0
01417500,01-25,52.0,71.0,117.0,191,512.0,987.0,1620.0
01417500,01-26,53.0,77.0,112.0,196,544.0,1190.0,1790.0
01417500,01-27,69.0,77.0,104.0,229,531.0,1140.0,1540.0
01417500,01-28,63.0,75.0,110.0,198,479.0,1150.0,2030.0
01417500,01-29,58.0,72.0,110.0,175,462.0,950.0,1480.0
01417500,01-30,53.0,78.0,106.0,170,451.0,948.0,1160.0
01417500,01-31,57.0,82.0,104.0,160,450.0,882.0,1170.0
01417500,02-01,60.0,82.0,105.0,163,433.0,845.0,997.0
01417500,02-02,63.0,82.0,102.0,171,489.0,871.0,999.0
01417500,02-03,61.0,75.0,103.0,166,526.0,871.0,971.0
01417500,02-04,59.0,71.0,105.0,162,528.0,892.0,1000.0
01417500,02-05,58.0,72.0,100.0,160,407.0,858.0,887.0
01417500,02-06,55.0,78.0,102.0,170,376.0,806.0,925.0
01417500,02-07,55.0,80.0,98.0,160,336.0,831.0,1080.0
01417500,02-08,55.0,77.0,97.0,160,306.0,837.0,1540.0
01417500,02-09,54.0,70.0,92.0,157,285.0,827.0,1330.0
01417500,02-10,56.0,71.0,96.0,166,278.0,825.0,1180.0
01417500,02-11,59.0,73.0,99.0,165,366.0,942.0,1630.0
01417500,02-12,58.0,71.0,104.0,165,347.0,899.0,1240.0
01417500,02-13,60.0,74.0,100.0,170,316.0,813.0,988.0
01417500,02-14,61.0,71.0,99.0,170,330.0,758.0,909.0
01417500,02-15,65.0,73.0,103.0,172,322.0,799.0,1070.0
01417500,02-16,66.0,77.0,109.0,160,345.0,757.0,942.0
01417500,02-17,62.0,76.0,99.0,159,355.0,755.0,845.0
01417500,02-18,60.0,70.0,90.0,155,369.0,639.0,820.0
01417500,02-19,55.0,71.0,92.0,158,356.0,595.0,778.0
01417500,02-20,56.0,72.0,99.0,164,341.0,586.0,782.0
01417500,02-21,60.0,72.0,99.0,180,349.0,497.0,790.0
01417500,02-22,59.0,80.0,100.0,169,353.0,522.0,786.0
01417500,02-23,59.0,78.0,118.0,206,351.0,678.0,845.0
01417500,02-24,57.0,75.0,119.0,207,364.0,677.0,797.0
01417500,02-25,59.0,70.0,114.0,207,454.0,941.0,1330.0
01417500,02-26,60.0,74.0,114.0,207,469.0,1100.0,1610.0
01417500,02-27,59.0,69.0,115.0,214,476.0,897.0,1140.0
01417500,02-28,74.0,83.0,119.0,222,440.0,838.0,1100.0
01417500,02-29,,74.0,90.0,292,778.0,1010.0,
01417500,03-01,71.0,84.0,120.0,221,446.0,743.0,922.0
01417500,03-02,66.0,83.0,119.0,218,433.0,668.0,883.0
01417500,03-03,70.0,81.0,128.0,213,430.0,700.0,852.0
01417500,03-04,73.0,81.0,142.0,216,400.0,736.0,844.0
01417500,03-05,71.0,82.0,143.0,216,525.0,795.0,1170.0
01417500,03-06,71.0,79.0,149.0,232,620.0,1160.0,1470.0
01417500,03-07,71.0,79.0,139.0,234,610.0,1090.0,1400.0
01417500,03-08,68.0,79.0,139.0,247,632.0,1010.0,1370.0
01417500,03-09,68.0,79.0,146.0,278,593.0,1100.0,1460.0
01417500,03-10,64.0,74.0,136.0,289,582.0,1010.0,2470.0
01417500,03-11,63.0,84.0,142.0,289,659.0,1220.0,3530.0
01417500,03-12,61.0,90.0,160.0,319,655.0,1180.0,2870.0
01417500,03-13,81.0,93.0,159.0,327,541.0,936.0,2280.0
01417500,03-14,99.0,113.0,173.0,344,505.0,765.0,1960.0
01417500,03-15,96.0,114.0,190.0,311,456.0,1300.0,1950.0
01417500,03-16,99.0,121.0,189.0,293,439.0,1170.0,1700.0
01417500,03-17,86.0,120.0,187.0,266,442.0,956.0,1430.0
01417500,03-18,109.0,134.0,180.0,258,478.0,861.0,1300.0
01417500,03-19,104.0,132.0,171.0,261,471.0,889.0,1230.0
01417500,03-20,108.0,127.0,175.0,243,437.0,961.0,1370.0
01417500,03-21,108.0,121.0,173.0,245,432.0,901.0,2580.0
01417500,03-22,95.0,110.0,192.0,310,541.0,929.0,2710.0
01417500,03-23,92.0,113.0,174.0,297,556.0,1270.0,2370.0
01417500,03-24,97.0,123.0,176.0,278,543.0,1400.0,1860.0
01417500,03-25,92.0,122.0,187.0,308,620.0,1360.0,1890.0
01417500,03-26,101.0,123.0,193.0,305,748.0,1370.0,1810.0
01417500,03-27,98.0,142.0,200.0,351,749.0,1400.0,2160.0
01417500,03-28,96.0,153.0,234.0,415,737.0,1410.0,1830.0
01417500,03-29,105.0,153.0,237.0,448,898.0,1700.0,1850.0
01417500,03-30,108.0,164.0,253.0,472,992.0,1950.0,2990.0
01417500,03-31,103.0,158.0,250.0,473,1030.0,2090.0,2970.0
01417500,04-01,110.0,155.0,228.0,487,1210.0,2560.0,2840.0
01417500,04-02,144.0,171.0,249.0,487,1430.0,2310.0,3070.0
01417500,04-03,136.0,170.0,259.0,508,1290.0,2350.0,2840.0
01417500,04-04,146.0,170.0,256.0,540,1170.0,2180.0,2830.0
01417500,04-05,142.0,162.0,240.0,528,1320.0,2160.0,3120.0
01417500,04-06,135.0,163.0,237.0,542,1340.0,1820.0,3100.0
01417500,04-07,144.0,168.0,303.0,548,1320.0,2290.0,2850.0
01417500,04-08,153.0,176.0,270.0,557,1210.0,2220.0,2730.0
01417500,04-09,152.0,181.0,274.0,554,1120.0,2060.0,2890.0
01417500,04-10,161.0,181.0,271.0,508,920.0,1780.0,2630.0
01417500,04-11,161.0,174.0,249.0,500,1010.0,1710.0,2290.0
01417500,04-12,155.0,179.0,237.0,469,1030.0,1960.0,2520.0
01417500,04-13,149.0,167.0,254.0,436,1070.0,1770.0,3070.0
01417500,04-14,151.0,169.0,243.0,443,1050.0,1830.0,2900.0
01417500,04-15,159.0,177.0,253.0,435,1080.0,2330.0,3170.0
01417500,04-16,154.0,169.0,263.0,482,1230.0,2380.0,3910.0
01417500,04-17,147.0,172.0,243.0,460,1500.0,3540.0,5830.0
01417500,04-18,143.0,173.0,225.0,445,1320.0,3090.0,5170.0
01417500,04-19,149.0,164.0,227.0,373,1180.0,2660.0,3800.0
01417500,04-20,148.0,173.0,219.0,472,1020.0,2390.0,2850.0
01417500,04-21,137.0,158.0,211.0,438,993.0,2050.0,2320.0
01417500,04-22,140.0,163.0,212.0,435,911.0,2040.0,2480.0
01417500,04-23,156.0,165.0,217.0,446,873.0,2200.0,2420.0
01417500,04-24,150.0,182.0,231.0,388,866.0,2000.0,2590.0
01417500,04-25,148.0,182.0,208.0,356,819.0,1820.0,2360.0
01417500,04-26,169.0,186.0,217.0,323,849.0,1750.0,2640.0
01417500,04-27,157.0,174.0,203.0,319,828.0,1610.0,3810.0
01417500,04-28,151.0,167.0,232.0,351,997.0,1530.0,3330.0
01417500,04-29,149.0,165.0,207.0,344,1030.0,1530.0,3060.0
01417500,04-30,135.0,153.0,197.0,360,877.0,1990.0,3750.0
01417500,05-01,126.0,147.0,194.0,345,799.0,2790.0,3650.0
01417500,05-02,138.0,158.0,198.0,377,882.0,2820.0,3620.0
01417500,05-03,134.0,152.0,192.0,333,839.0,2760.0,3290.0
01417500,05-04,129.0,151.0,189.0,310,868.0,2500.0,2830.0
01417500,05-05,120.0,144.0,177.0,296,895.0,1980.0,2420.0
01417500,05-06,108.0,135.0,175.0,289,827.0,1970.0,2260.0
01417500,05-07,101.0,134.0,163.0,248,952.0,1670.0,1970.0
01417500,05-08,101.0,132.0,165.0,264,731.0,1320.0,1620.0
01417500,05-09,96.0,126.0,171.0,226,648.0,1250.0,1610.0
01417500,05-10,88.0,120.0,166.0,216,593.0,1180.0,1600.0
01417500,05-11,95.0,114.0,163.0,247,691.0,1380.0,1760.0
01417500,05-12,99.0,108.0,157.0,256,668.0,1360.0,3210.0
01417500,05-13,95.0,105.0,148.0,247,667.0,1330.0,2750.0
01417500,05-14,89.0,105.0,143.0,237,675.0,1590.0,2330.0
01417500,05-15,96.0,111.0,141.0,247,722.0,1600.0,1970.0
01417500,05-16,92.0,110.0,139.0,244,836.0,1540.0,1600.0
01417500,05-17,103.0,109.0,141.0,266,783.0,1270.0,1650.0
01417500,05-18,102.0,108.0,149.0,236,765.0,1100.0,1710.0
01417500,05-19,95.0,107.0,147.0,253,722.0,1290.0,2030.0
01417500,05-20,89.0,104.0,149.0,234,759.0,1420.0,2020.0
01417500,05-21,87.0,94.0,142.0,228,745.0,1150.0,1880.0
01417500,05-22,78.0,92.0,140.0,205,681.0,1040.0,1610.0
01417500,05-23,76.0,94.0,149.0,206,599.0,982.0,1360.0
01417500,05-24,78.0,92.0,148.0,210,652.0,887.0,1810.0
01417500,05-25,76.0,105.0,144.0,203,568.0,889.0,2300.0
01417500,05-26,77.0,102.0,144.0,203,489.0,850.0,1850.0
01417500,05-27,71.0,100.0,139.0,201,461.0,734.0,1430.0
01417500,05-28,68.0,104.0,139.0,206,346.0,910.0,1190.0
01417500,05-29,96.0,109.0,141.0,215,359.0,899.0,1640.0
01417500,05-30,96.0,109.0,138.0,200,349.0,980.0,2310.0
01417500,05-31,85.0,96.0,140.0,198,379.0,903.0,1850.0
01417500,06-01,77.0,97.0,146.0,204,427.0,928.0,1860.0
01417500,06-02,86.0,97.0,146.0,200,404.0,1020.0,1750.0
01417500,06-03,85.0,100.0,149.0,199,326.0,1090.0,1520.0
01417500,06-04,80.0,96.0,137.0,189,304.0,1020.0,1260.0
01417500,06-05,65.0,87.0,137.0,188,279.0,800.0,1160.0
01417500,06-06,70.0,84.0,139.0,190,322.0,776.0,1050.0
01417500,06-07,73.0,104.0,139.0,193,302.0,879.0,1120.0
01417500,06-08,72.0,77.0,130.0,186,304.0,864.0,1470.0
01417500,06-09,60.0,74.0,121.0,196,302.0,736.0,1440.0
01417500,06-10,59.0,89.0,122.0,193,284.0,874.0,1200.0
01417500,06-11,59.0,81.0,125.0,188,425.0,900.0,1330.0
01417500,06-12,81.0,102.0,136.0,193,332.0,852.0,1680.0
01417500,06-13,85.0,107.0,159.0,202,337.0,1020.0,1590.0
01417500,06-14,93.0,105.0,154.0,200,394.0,924.0,1640.0
01417500,06-15,79.0,101.0,134.0,194,303.0,970.0,1890.0
01417500,06-16,69.0,92.0,130.0,184,312.0,780.0,1680.0
01417500,06-17,74.0,91.0,138.0,186,285.0,963.0,1240.0
01417500,06-18,67.0,89.0,127.0,182,310.0,783.0,1510.0
01417500,06-19,67.0,89.0,129.0,177,364.0,753.0,1840.0
01417500,06-20,64.0,106.0,123.0,172,362.0,821.0,1320.0
01417500,06-21,73.0,90.0,118.0,174,303.0,798.0,1080.0
01417500,06-22,89.0,103.0,118.0,181,256.0,947.0,1230.0
01417500,06-23,70.0,97.0,124.0,180,396.0,802.0,1050.0
01417500,06-24,58.0,95.0,117.0,176,422.0,831.0,1050.0
01417500,06-25,79.0,94.0,126.0,172,409.0,811.0,1080.0
01417500,06-26,70.0,90.0,121.0,167,357.0,857.0,1830.0
01417500,06-27,72.0,90.0,113.0,170,321.0,852.0,1590.0
01417500,06-28,77.0,99.0,114.0,172,376.0,726.0,1410.0
01417500,06-29,70.0,96.0,123.0,180,379.0,764.0,1210.0
01417500,06-30,66.0,74.0,122.0,181,369.0,729.0,893.0
01417500,07-01,51.0,68.0,122.0,179,351.0,775.0,1180.0
01417500,07-02,42.0,93.0,115.0,176,326.0,777.0,1370.0
01417500,07-03,49.0,88.0,115.0,173,328.0,796.0,1300.0
01417500,07-04,48.0,91.0,121.0,175,336.0,771.0,1030.0
01417500,07-05,75.0,101.0,114.0,192,304.0,776.0,879.0
01417500,07-06,77.0,101.0,120.0,183,296.0,758.0,783.0
01417500,07-07,83.0,91.0,115.0,170,301.0,718.0,777.0
01417500,07-08,76.0,90.0,120.0,178,231.0,733.0,771.0
01417500,07-09,76.0,99.0,120.0,168,225.0,712.0,957.0
01417500,07-10,69.0,94.0,114.0,171,234.0,624.0,780.0
01417500,07-11,62.0,96.0,115.0,173,244.0,601.0,768.0
01417500,07-12,58.0,92.0,118.0,164,221.0,687.0,798.0
01417500,07-13,55.0,93.0,108.0,176,246.0,676.0,802.0
01417500,07-14,58.0,96.0,115.0,175,294.0,675.0,762.0
01417500,07-15,93.0,98.0,118.0,172,259.0,638.0,755.0
01417500,07-16,87.0,99.0,127.0,176,309.0,631.0,769.0
01417500,07-17,82.0,102.0,136.0,173,261.0,750.0,798.0
01417500,07-18,77.0,105.0,134.0,171,263.0,755.0,1040.0
01417500,07-19,73.0,98.0,129.0,166,249.0,752.0,966.0
01417500,07-20,70.0,95.0,126.0,168,232.0,757.0,912.0
01417500,07-21,64.0,94.0,119.0,171,222.0,714.0,815.0
01417500,07-22,64.0,91.0,122.0,169,222.0,665.0,769.0
01417500,07-23,80.0,90.0,122.0,169,250.0,595.0,780.0
01417500,07-24,82.0,90.0,108.0,165,245.0,701.0,1010.0
01417500,07-25,60.0,85.0,118.0,167,262.0,693.0,852.0
01417500,07-26,51.0,89.0,113.0,153,285.0,670.0,731.0
01417500,07-27,85.0,95.0,122.0,171,320.0,646.0,742.0
01417500,07-28,85.0,96.0,113.0,179,342.0,674.0,768.0
01417500,07-29,83.0,90.0,114.0,175,312.0,656.0,737.0
01417500,07-30,81.0,89.0,115.0,172,267.0,655.0,737.0
01417500,07-31,55.0,85.0,111.0,164,294.0,696.0,747.0
01417500,08-01,46.0,88.0,117.0,163,267.0,674.0,750.0
01417500,08-02,51.0,90.0,114.0,163,273.0,683.0,741.0
01417500,08-03,49.0,89.0,109.0,160,258.0,632.0,736.0
01417500,08-04,46.0,87.0,117.0,172,251.0,696.0,795.0
01417500,08-05,48.0,87.0,118.0,170,263.0,726.0,791.0
01417500,08-06,47.0,86.0,110.0,169,254.0,722.0,792.0
01417500,08-07,47.0,85.0,107.0,171,325.0,749.0,857.0
01417500,08-08,46.0,84.0,110.0,164,323.0,749.0,834.0
01417500,08-09,45.0,83.0,103.0,167,314.0,744.0,861.0
01417500,08-10,45.0,84.0,101.0,165,311.0,736.0,2000.0
01417500,08-11,49.0,87.0,106.0,175,261.0,712.0,1200.0
01417500,08-12,83.0,87.0,105.0,185,318.0,765.0,1060.0
01417500,08-13,76.0,83.0,110.0,169,358.0,710.0,1330.0
01417500,08-14,60.0,79.0,109.0,169,339.0,720.0,1120.0
01417500,08-15,51.0,84.0,110.0,171,365.0,728.0,1030.0
01417500,08-16,58.0,88.0,112.0,166,332.0,745.0,969.0
01417500,08-17,71.0,85.0,106.0,163,323.0,725.0,886.0
01417500,08-18,75.0,89.0,105.0,180,354.0,780.0,2680.0
01417500,08-19,77.0,85.0,103.0,184,395.0,774.0,2330.0
01417500,08-20,75.0,86.0,103.0,178,413.0,800.0,1010.0
01417500,08-21,75.0,83.0,101.0,189,460.0,750.0,832.0
01417500,08-22,74.0,82.0,102.0,184,438.0,725.0,769.0
01417500,08-23,60.0,77.0,98.0,176,438.0,733.0,1150.0
01417500,08-24,67.0,84.0,109.0,177,381.0,758.0,923.0
01417500,08-25,63.0,81.0,104.0,185,386.0,722.0,940.0
01417500,08-26,51.0,77.0,100.0,176,410.0,742.0,884.0
01417500,08-27,48.0,80.0,103.0,173,399.0,716.0,780.0
01417500,08-28,46.0,80.0,98.0,173,389.0,711.0,769.0
01417500,08-29,45.0,87.0,110.0,173,437.0,711.0,786.0
01417500,08-30,48.0,85.0,111.0,174,432.0,715.0,773.0
01417500,08-31,72.0,83.0,114.0,171,447.0,746.0,771.0
01417500,09-01,49.0,82.0,108.0,162,445.0,684.0,764.0
01417500,09-02,64.0,78.0,100.0,164,380.0,747.0,761.0
01417500,09-03,60.0,78.0,102.0,170,467.0,742.0,1020.0
01417500,09-04,74.0,79.0,98.0,153,511.0,715.0,747.0
01417500,09-05,74.0,81.0,101.0,167,440.0,689.0,750.0
01417500,09-06,74.0,82.0,102.0,163,455.0,709.0,1690.0
01417500,09-07,77.0,82.0,96.0,169,445.0,715.0,1090.0
01417500,09-08,73.0,80.0,105.0,162,573.0,720.0,762.0
01417500,09-09,75.0,85.0,109.0,172,560.0,729.0,1230.0
01417500,09-10,69.0,80.0,107.0,175,555.0,729.0,790.0
01417500,09-11,68.0,79.0,101.0,172,504.0,729.0,755.0
01417500,09-12,67.0,77.0,97.0,168,376.0,723.0,751.0
01417500,09-13,61.0,74.0,94.0,171,573.0,735.0,763.0
01417500,09-14,72.0,80.0,93.0,161,539.0,711.0,905.0
01417500,09-15,67.0,77.0,103.0,183,381.0,721.0,777.0
01417500,09-16,74.0,80.0,102.0,167,448.0,735.0,869.0
01417500,09-17,74.0,78.0,94.0,145,524.0,732.0,813.0
01417500,09-18,72.0,78.0,99.0,162,471.0,728.0,1040.0
01417500,09-19,72.0,79.0,99.0,181,479.0,728.0,943.0
01417500,09-20,72.0,77.0,96.0,175,352.0,756.0,897.0
01417500,09-21,77.0,80.0,94.0,143,324.0,725.0,877.0
01417500,09-22,77.0,78.0,97.0,134,423.0,724.0,808.0
01417500,09-23,71.0,77.0,105.0,148,463.0,729.0,1080.0
01417500,09-24,75.0,82.0,103.0,142,337.0,726.0,1350.0
01417500,09-25,74.0,79.0,102.0,144,364.0,727.0,1380.0
01417500,09-26,76.0,83.0,101.0,137,454.0,730.0,1140.0
01417500,09-27,77.0,86.0,105.0,135,517.0,860.0,1150.0
01417500,09-28,74.0,84.0,107.0,163,510.0,924.0,1520.0
01417500,09-29,76.0,83.0,106.0,165,423.0,767.0,1670.0
01417500,09-30,74.0,80.0,99.0,172,388.0,760.0,1680.0
01417500,10-01,67.0,82.0,98.0,166,340.0,829.0,2060.0
01417500,10-02,62.0,74.0,94.0,160,318.0,818.0,1590.0
01417500,10-03,58.0,73.0,94.0,146,327.0,767.0,1400.0
01417500,10-04,55.0,72.0,93.0,151,314.0,772.0,1240.0
01417500,10-05,55.0,78.0,99.0,155,339.0,766.0,1190.0
01417500,10-06,54.0,77.0,98.0,162,425.0,766.0,1340.0
01417500,10-07,57.0,77.0,104.0,173,454.0,761.0,1150.0
01417500,10-08,62.0,74.0,102.0,165,426.0,716.0,899.0
01417500,10-09,63.0,77.0,109.0,165,420.0,718.0,895.0
01417500,10-10,66.0,78.0,110.0,188,427.0,636.0,853.0
01417500,10-11,64.0,83.0,107.0,190,403.0,621.0,839.0
01417500,10-12,62.0,83.0,109.0,180,360.0,644.0,827.0
01417500,10-13,61.0,77.0,108.0,157,396.0,638.0,816.0
01417500,10-14,58.0,78.0,113.0,175,365.0,640.0,812.0
01417500,10-15,60.0,76.0,113.0,180,403.0,697.0,800.0
01417500,10-16,58.0,78.0,120.0,177,446.0,734.0,931.0
01417500,10-17,63.0,75.0,120.0,171,535.0,899.0,1020.0
01417500,10-18,61.0,75.0,122.0,207,509.0,719.0,881.0
01417500,10-19,59.0,77.0,119.0,201,562.0,810.0,907.0
01417500,10-20,58.0,81.0,115.0,202,575.0,735.0,971.0
01417500,10-21,57.0,76.0,114.0,210,586.0,836.0,933.0
01417500,10-22,57.0,76.0,119.0,201,545.0,746.0,867.0
01417500,10-23,58.0,79.0,128.0,220,516.0,665.0,826.0
01417500,10-24,73.0,87.0,124.0,246,471.0,655.0,840.0
01417500,10-25,70.0,84.0,140.0,238,490.0,675.0,817.0
01417500,10-26,69.0,83.0,146.0,235,479.0,653.0,799.0
01417500,10-27,68.0,75.0,134.0,248,443.0,723.0,899.0
01417500,10-28,69.0,79.0,137.0,254,517.0,940.0,1060.0
01417500,10-29,67.0,83.0,143.0,240,601.0,848.0,1240.0
01417500,10-30,64.0,78.0,162.0,293,536.0,848.0,1270.0
01417500,10-31,61.0,74.0,155.0,309,527.0,721.0,1130.0
01417500,11-01,61.0,100.0,161.0,243,479.0,790.0,1130.0
01417500,11-02,60.0,111.0,167.0,254,499.0,814.0,1140.0
01417500,11-03,83.0,106.0,174.0,245,429.0,741.0,1050.0
01417500,11-04,81.0,100.0,162.0,227,403.0,713.0,990.0
01417500,11-05,77.0,103.0,147.0,219,402.0,716.0,957.0
01417500,11-06,71.0,95.0,148.0,229,511.0,789.0,930.0
01417500,11-07,67.0,99.0,140.0,220,571.0,747.0,910.0
01417500,11-08,69.0,92.0,142.0,218,406.0,695.0,848.0
01417500,11-09,86.0,96.0,151.0,211,502.0,769.0,1030.0
01417500,11-10,69.0,97.0,153.0,232,531.0,844.0,1200.0
01417500,11-11,74.0,103.0,174.0,218,461.0,824.0,1990.0
01417500,11-12,79.0,99.0,185.0,216,589.0,893.0,1710.0
01417500,11-13,77.0,97.0,177.0,228,576.0,872.0,1700.0
01417500,11-14,74.0,95.0,168.0,223,504.0,814.0,1540.0
01417500,11-15,75.0,94.0,168.0,228,477.0,819.0,1210.0
01417500,11-16,75.0,97.0,168.0,256,458.0,861.0,1170.0
01417500,11-17,82.0,98.0,159.0,270,505.0,844.0,1080.0
01417500,11-18,71.0,101.0,153.0,255,478.0,745.0,1010.0
01417500,11-19,68.0,92.0,159.0,250,462.0,704.0,938.0
01417500,11-20,71.0,83.0,187.0,251,443.0,716.0,965.0
01417500,11-21,75.0,91.0,184.0,261,428.0,798.0,942.0
01417500,11-22,82.0,121.0,186.0,253,398.0,672.0,972.0
01417500,11-23,85.0,111.0,188.0,225,421.0,797.0,1650.0
01417500,11-24,81.0,104.0,173.0,212,359.0,801.0,1270.0
01417500,11-25,78.0,104.0,174.0,220,343.0,649.0,1180.0
01417500,11-26,91.0,109.0,171.0,228,381.0,867.0,1250.0
01417500,11-27,82.0,124.0,173.0,231,440.0,1210.0,1450.0
01417500,11-28,76.0,129.0,175.0,239,557.0,1010.0,1280.0
01417500,11-29,90.0,141.0,180.0,261,523.0,968.0,1410.0
01417500,11-30,110.0,147.0,185.0,267,453.0,764.0,1480.0
01417500,12-01,108.0,143.0,179.0,294,474.0,907.0,1380.0
01417500,12-02,106.0,135.0,169.0,256,404.0,1280.0,2090.0
01417500,12-03,105.0,121.0,163.0,264,386.0,1090.0,1980.0
01417500,12-04,87.0,109.0,155.0,256,374.0,998.0,1890.0
01417500,12-05,95.0,102.0,154.0,252,386.0,939.0,1510.0
01417500,12-06,93.0,103.0,156.0,230,387.0,897.0,1350.0
01417500,12-07,91.0,109.0,135.0,222,443.0,811.0,1290.0
01417500,12-08,92.0,102.0,146.0,207,376.0,668.0,1300.0
01417500,12-09,92.0,98.0,139.0,212,361.0,529.0,1220.0
01417500,12-10,95.0,100.0,143.0,210,350.0,666.0,1190.0
01417500,12-11,88.0,95.0,140.0,215,363.0,859.0,1600.0
01417500,12-12,88.0,89.0,140.0,197,351.0,895.0,2060.0
01417500,12-13,83.0,93.0,130.0,191,339.0,1090.0,1810.0
01417500,12-14,78.0,100.0,130.0,195,417.0,1010.0,1930.0
01417500,12-15,83.0,101.0,120.0,206,448.0,1180.0,1630.0
01417500,12-16,75.0,92.0,120.0,203,430.0,1000.0,1360.0
01417500,12-17,77.0,87.0,120.0,191,441.0,1100.0,1400.0
01417500,12-18,80.0,98.0,141.0,233,385.0,1090.0,1870.0
01417500,12-19,77.0,96.0,142.0,234,470.0,961.0,1640.0
01417500,12-20,71.0,85.0,140.0,227,414.0,930.0,1610.0
01417500,12-21,66.0,79.0,137.0,234,449.0,968.0,1950.0
01417500,12-22,64.0,83.0,130.0,217,457.0,1020.0,1580.0
01417500,12-23,69.0,79.0,120.0,231,467.0,893.0,1360.0
01417500,12-24,65.0,80.0,124.0,213,450.0,1200.0,1650.0
01417500,12-25,59.0,85.0,139.0,213,514.0,1300.0,2110.0
01417500,12-26,58.0,88.0,137.0,207,474.0,1190.0,1590.0
01417500,12-27,55.0,84.0,124.0,198,453.0,1040.0,1380.0
01417500,12-28,55.0,83.0,123.0,214,466.0,999.0,1400.0
01417500,12-29,52.0,80.0,124.0,247,413.0,1020.0,1430.0
01417500,12-30,47.0,79.0,120.0,253,485.0,1020.0,1360.0
01417500,12-31,42.0,76.0,118.0,229,492.0,986.0,1260.0
01420500,01-01,140.0,163.0,235.0,414,714.0,1420.0,1980.0
01420500,01-02,151.0,170.0,240.0,381,799.0,1280.0,1770.0
01420500,01-03,143.0,170.0,231.0,383,736.0,1100.0,1260.0
01420500,01-04,142.0,163.0,218.0,400,708.0,1050.0,1220.0
01420500,01-05,128.0,150.0,217.0,384,677.0,1100.0,1340.0
01420500,01-06,127.0,153.0,240.0,393,640.0,961.0,1530.0
01420500,01-07,137.0,150.0,230.0,399,570.0,963.0,2650.0
01420500,01-08,130.0,150.0,220.0,395,537.0,993.0,1900.0
01420500,01-09,128.0,149.0,223.0,355,520.0,1090.0,1780.0
01420500,01-10,131.0,157.0,221.0,344,527.0,1040.0,1790.0
01420500,01-11,127.0,153.0,211.0,350,540.0,1050.0,1920.0
01420500,01-12,128.0,157.0,205.0,347,537.0,1240.0,1750.0
01420500,01-13,120.0,157.0,200.0,329,537.0,1160.0,1770.0
01420500,01-14,123.0,150.0,200.0,316,600.0,1140.0,1600.0
01420500,01-15,130.0,140.0,201.0,328,608.0,1130.0,1360.0
01420500,01-16,128.0,150.0,200.0,330,648.0,978.0,1480.0
01420500,01-17,120.0,157.0,200.0,290,527.0,797.0,1180.0
01420500,01-18,118.0,151.0,200.0,291,523.0,909.0,1630.0
01420500,01-19,105.0,136.0,203.0,303,485.0,870.0,2060.0
01420500,01-20,106.0,150.0,208.0,291,512.0,1070.0,1540.0
01420500,01-21,106.0,140.0,196.0,310,492.0,879.0,1670.0
01420500,01-22,105.0,132.0,200.0,300,548.0,1130.0,1650.0
01420500,01-23,98.0,130.0,205.0,291,517.0,1220.0,1700.0
01420500,01-24,98.0,123.0,208.0,307,671.0,1430.0,2110.0
01420500,01-25,100.0,126.0,199.0,328,723.0,1840.0,3520.0
01420500,01-26,100.0,127.0,200.0,304,830.0,1750.0,2430.0
01420500,01-27,100.0,133.0,186.0,302,755.0,1680.0,2200.0
01420500,01-28,106.0,133.0,193.0,300,649.0,1410.0,2130.0
01420500,01-29,100.0,140.0,190.0,290,605.0,1230.0,1520.0
01420500,01-30,98.0,137.0,181.0,280,646.0,1050.0,1550.0
01420500,01-31,100.0,132.0,182.0,300,584.0,993.0,1390.0
01420500,02-01,100.0,133.0,190.0,280,571.0,1000.0,1230.0
01420500,02-02,106.0,133.0,190.0,297,526.0,1160.0,1610.0
01420500,02-03,106.0,127.0,193.0,280,535.0,1160.0,1770.0
01420500,02-04,105.0,130.0,186.0,294,595.0,1000.0,1630.0
01420500,02-05,104.0,129.0,181.0,267,539.0,808.0,1220.0
01420500,02-06,104.0,130.0,189.0,289,490.0,761.0,981.0
01420500,02-07,101.0,130.0,190.0,290,490.0,870.0,1310.0
01420500,02-08,99.0,121.0,190.0,289,484.0,951.0,1360.0
01420500,02-09,106.0,127.0,188.0,276,459.0,741.0,981.0
01420500,02-10,100.0,126.0,193.0,290,449.0,820.0,1050.0
01420500,02-11,109.0,130.0,181.0,280,457.0,778.0,1540.0
01420500,02-12,108.0,138.0,172.0,273,454.0,760.0,1080.0
01420500,02-13,114.0,140.0,176.0,267,440.0,868.0,1010.0
01420500,02-14,117.0,140.0,196.0,284,495.0,910.0,1320.0
01420500,02-15,117.0,140.0,200.0,300,517.0,940.0,1470.0
01420500,02-16,110.0,140.0,203.0,293,520.0,887.0,1290.0
01420500,02-17,113.0,140.0,196.0,290,499.0,920.0,1540.0
01420500,02-18,120.0,143.0,200.0,300,487.0,874.0,1410.0
01420500,02-19,117.0,140.0,196.0,280,471.0,759.0,1430.0
01420500,02-20,110.0,132.0,197.0,295,500.0,806.0,1500.0
01420500,02-21,106.0,130.0,200.0,305,557.0,1100.0,1770.0
01420500,02-22,106.0,130.0,196.0,300,590.0,1290.0,2200.0
01420500,02-23,113.0,133.0,200.0,300,626.0,1320.0,1980.0
01420500,02-24,117.0,153.0,199.0,330,735.0,1690.0,1990.0
01420500,02-25,113.0,150.0,195.0,315,707.0,1500.0,2710.0
01420500,02-26,120.0,160.0,208.0,320,820.0,1400.0,2410.0
01420500,02-27,120.0,157.0,220.0,328,815.0,1500.0,1890.0
01420500,02-28,117.0,151.0,230.0,375,787.0,1330.0,1520.0
01420500,02-29,89.0,109.0,169.0,287,822.0,1670.0,2290.0
01420500,03-01,120.0,157.0,224.0,386,797.0,1190.0,1450.0
01420500,03-02,127.0,153.0,237.0,380,774.0,1140.0,1400.0
01420500,03-03,133.0,173.0,241.0,389,681.0,1200.0,1390.0
01420500,03-04,146.0,170.0,246.0,432,657.0,1160.0,1540.0
01420500,03-05,146.0,191.0,255.0,453,793.0,1380.0,2300.0
01420500,03-06,145.0,180.0,251.0,475,959.0,2100.0,2750.0
01420500,03-07,157.0,173.0,247.0,478,990.0,1930.0,2880.0
01420500,03-08,146.0,173.0,258.0,463,1120.0,2060.0,2700.0
01420500,03-09,146.0,176.0,281.0,527,1090.0,1930.0,3470.0
01420500,03-10,148.0,170.0,273.0,484,972.0,1850.0,3340.0
01420500,03-11,140.0,189.0,274.0,499,934.0,2200.0,2930.0
01420500,03-12,140.0,192.0,308.0,508,1040.0,2130.0,2810.0
01420500,03-13,138.0,183.0,291.0,620,1100.0,1860.0,2780.0
01420500,03-14,140.0,192.0,362.0,604,1100.0,1790.0,2270.0
01420500,03-15,136.0,223.0,375.0,630,1040.0,1710.0,3100.0
01420500,03-16,127.0,234.0,393.0,601,1020.0,2090.0,2990.0
01420500,03-17,147.0,233.0,391.0,601,1310.0,2260.0,3030.0
01420500,03-18,162.0,234.0,400.0,620,1300.0,1990.0,2590.0
01420500,03-19,160.0,236.0,390.0,586,1180.0,1840.0,2860.0
01420500,03-20,180.0,247.0,388.0,673,1230.0,2160.0,4180.0
01420500,03-21,194.0,264.0,389.0,705,1140.0,2460.0,3720.0
01420500,03-22,217.0,273.0,398.0,763,1210.0,2370.0,3240.0
01420500,03-23,244.0,296.0,382.0,770,1300.0,2120.0,3130.0
01420500,03-24,240.0,294.0,433.0,791,1360.0,2120.0,2640.0
01420500,03-25,235.0,304.0,469.0,882,1350.0,2430.0,3000.0
01420500,03-26,252.0,304.0,520.0,895,1590.0,2280.0,3020.0
01420500,03-27,277.0,322.0,569.0,910,1590.0,2230.0,3290.0
01420500,03-28,281.0,369.0,605.0,1020,1480.0,2530.0,3640.0
01420500,03-29,286.0,422.0,590.0,1000,1590.0,2650.0,3500.0
01420500,03-30,323.0,434.0,627.0,1050,1590.0,2640.0,3150.0
01420500,03-31,337.0,423.0,666.0,943,1660.0,3100.0,4390.0
01420500,04-01,333.0,412.0,647.0,965,1760.0,3290.0,4110.0
01420500,04-02,365.0,465.0,655.0,1050,1840.0,3280.0,4590.0
01420500,04-03,365.0,459.0,717.0,1130,1900.0,3140.0,3850.0
01420500,04-04,384.0,439.0,702.0,1160,1890.0,2900.0,4310.0
01420500,04-05,374.0,433.0,688.0,1150,1890.0,3500.0,5360.0
01420500,04-06,357.0,490.0,678.0,1170,1970.0,3440.0,4560.0
01420500,04-07,436.0,512.0,711.0,1140,1920.0,2840.0,4360.0
01420500,04-08,488.0,520.0,665.0,1150,1810.0,2740.0,3580.0
01420500,04-09,467.0,511.0,658.0,1120,1660.0,2560.0,3010.0
01420500,04-10,435.0,495.0,648.0,1030,1540.0,2600.0,3770.0
01420500,04-11,432.0,483.0,604.0,967,1470.0,2440.0,3620.0
01420500,04-12,415.0,484.0,625.0,976,1640.0,2590.0,3060.0
01420500,04-13,397.0,465.0,707.0,1040,1680.0,2320.0,3470.0
01420500,04-14,401.0,440.0,692.0,1040,1640.0,2340.0,3070.0
01420500,04-15,400.0,462.0,679.0,959,1710.0,2440.0,3050.0
01420500,04-16,418.0,461.0,650.0,980,1670.0,2240.0,3950.0
01420500,04-17,414.0,446.0,654.0,984,1540.0,3390.0,3830.0
01420500,04-18,388.0,439.0,612.0,898,1470.0,2230.0,3060.0
01420500,04-19,367.0,409.0,574.0,957,1310.0,1970.0,2600.0
01420500,04-20,342.0,392.0,575.0,914,1270.0,2220.0,2890.0
01420500,04-21,323.0,408.0,546.0,863,1280.0,1980.0,2670.0
01420500,04-22,318.0,394.0,555.0,822,1300.0,2070.0,2460.0
01420500,04-23,347.0,427.0,561.0,782,1530.0,1990.0,2420.0
01420500,04-24,363.0,409.0,599.0,745,1340.0,1960.0,2380.0
01420500,04-25,363.0,388.0,543.0,704,1210.0,1740.0,2510.0
01420500,04-26,356.0,408.0,540.0,722,1100.0,1660.0,2180.0
01420500,04-27,341.0,386.0,528.0,694,1020.0,1710.0,2180.0
01420500,04-28,334.0,386.0,503.0,670,975.0,1440.0,1890.0
01420500,04-29,341.0,376.0,486.0,646,1010.0,1380.0,1810.0
01420500,04-30,333.0,377.0,476.0,638,961.0,1230.0,1750.0
01420500,05-01,317.0,369.0,479.0,629,983.0,1420.0,1990.0
01420500,05-02,302.0,371.0,464.0,639,943.0,1350.0,2070.0
01420500,05-03,297.0,349.0,455.0,610,906.0,1490.0,1710.0
01420500,05-04,287.0,335.0,443.0,628,935.0,1440.0,1790.0
01420500,05-05,275.0,343.0,420.0,616,997.0,1370.0,1580.0
01420500,05-06,276.0,318.0,409.0,563,907.0,1250.0,1680.0
01420500,05-07,278.0,311.0,395.0,509,884.0,1150.0,1510.0
01420500,05-08,278.0,316.0,390.0,545,838.0,1110.0,1480.0
01420500,05-09,262.0,295.0,385.0,552,812.0,1160.0,1330.0
01420500,05-10,252.0,281.0,384.0,513,831.0,1290.0,1650.0
01420500,05-11,238.0,278.0,380.0,557,827.0,1360.0,2050.0
01420500,05-12,226.0,268.0,371.0,548,945.0,1430.0,1940.0
01420500,05-13,227.0,274.0,344.0,530,943.0,1600.0,2060.0
01420500,05-14,215.0,258.0,356.0,506,873.0,1420.0,2180.0
01420500,05-15,218.0,250.0,345.0,546,937.0,1350.0,1710.0
01420500,05-16,224.0,246.0,320.0,552,848.0,1290.0,1770.0
01420500,05-17,221.0,251.0,326.0,524,920.0,1510.0,2100.0
01420500,05-18,211.0,236.0,323.0,540,861.0,1390.0,1780.0
01420500,05-19,216.0,245.0,329.0,529,875.0,1370.0,1990.0
01420500,05-20,217.0,239.0,345.0,528,930.0,1490.0,1910.0
01420500,05-21,208.0,222.0,321.0,508,850.0,1470.0,1730.0
01420500,05-22,197.0,218.0,310.0,547,784.0,1220.0,1740.0
01420500,05-23,194.0,223.0,296.0,537,778.0,1180.0,1690.0
01420500,05-24,193.0,214.0,283.0,499,799.0,1220.0,1720.0
01420500,05-25,178.0,212.0,270.0,465,710.0,1250.0,1890.0
01420500,05-26,173.0,196.0,247.0,441,626.0,1250.0,1800.0
01420500,05-27,181.0,194.0,258.0,414,658.0,1040.0,1270.0
01420500,05-28,174.0,191.0,264.0,440,677.0,971.0,1100.0
01420500,05-29,167.0,179.0,261.0,418,641.0,950.0,1550.0
01420500,05-30,161.0,171.0,266.0,406,610.0,1080.0,1470.0
01420500,05-31,156.0,169.0,246.0,366,586.0,1090.0,1300.0
01420500,06-01,148.0,172.0,232.0,375,549.0,1090.0,1630.0
01420500,06-02,149.0,165.0,229.0,373,584.0,1130.0,1430.0
01420500,06-03,144.0,159.0,237.0,348,560.0,984.0,1140.0
01420500,06-04,143.0,156.0,234.0,326,609.0,843.0,997.0
01420500,06-05,135.0,151.0,224.0,321,559.0,785.0,955.0
01420500,06-06,137.0,167.0,217.0,317,574.0,866.0,1510.0
01420500,06-07,135.0,175.0,206.0,315,511.0,916.0,2050.0
01420500,06-08,121.0,164.0,197.0,312,556.0,931.0,1400.0
01420500,06-09,115.0,153.0,190.0,280,497.0,866.0,1110.0
01420500,06-10,115.0,140.0,188.0,283,499.0,773.0,992.0
01420500,06-11,110.0,138.0,189.0,264,456.0,773.0,1420.0
01420500,06-12,125.0,139.0,173.0,294,499.0,750.0,1240.0
01420500,06-13,123.0,146.0,175.0,292,482.0,986.0,1410.0
01420500,06-14,121.0,134.0,175.0,299,470.0,764.0,1540.0
01420500,06-15,113.0,128.0,167.0,292,483.0,1000.0,1260.0
01420500,06-16,112.0,124.0,160.0,272,427.0,904.0,1290.0
01420500,06-17,98.0,115.0,156.0,256,430.0,810.0,1260.0
01420500,06-18,97.0,115.0,156.0,250,460.0,835.0,1200.0
01420500,06-19,96.0,115.0,159.0,261,537.0,790.0,964.0
01420500,06-20,96.0,109.0,148.0,247,470.0,636.0,810.0
01420500,06-21,99.0,109.0,140.0,248,431.0,630.0,957.0
01420500,06-22,96.0,105.0,140.0,247,424.0,844.0,1500.0
01420500,06-23,93.0,106.0,148.0,246,375.0,703.0,1070.0
01420500,06-24,94.0,102.0,136.0,226,417.0,655.0,1060.0
01420500,06-25,91.0,101.0,130.0,213,377.0,694.0,938.0
01420500,06-26,90.0,101.0,131.0,207,347.0,734.0,1400.0
01420500,06-27,86.0,96.0,136.0,191,353.0,760.0,1170.0
01420500,06-28,79.0,93.0,131.0,199,354.0,720.0,1130.0
01420500,06-29,82.0,103.0,134.0,212,393.0,756.0,1320.0
01420500,06-30,82.0,97.0,130.0,209,375.0,704.0,1590.0
01420500,07-01,79.0,97.0,126.0,205,374.0,812.0,1500.0
01420500,07-02,76.0,92.0,126.0,218,340.0,804.0,1150.0
01420500,07-03,74.0,95.0,122.0,195,327.0,816.0,1080.0
01420500,07-04,74.0,96.0,115.0,177,364.0,690.0,877.0
01420500,07-05,77.0,90.0,111.0,180,363.0,638.0,754.0
01420500,07-06,74.0,87.0,105.0,184,347.0,488.0,630.0
01420500,07-07,71.0,82.0,106.0,180,299.0,465.0,577.0
01420500,07-08,67.0,77.0,111.0,203,290.0,457.0,755.0
01420500,07-09,67.0,75.0,111.0,192,312.0,574.0,840.0
01420500,07-10,66.0,78.0,104.0,179,295.0,656.0,991.0
01420500,07-11,64.0,75.0,107.0,170,276.0,525.0,846.0
01420500,07-12,62.0,71.0,105.0,160,282.0,527.0,817.0
01420500,07-13,61.0,70.0,100.0,183,267.0,498.0,953.0
01420500,07-14,61.0,70.0,104.0,170,292.0,643.0,1020.0
01420500,07-15,60.0,67.0,100.0,174,292.0,633.0,1210.0
01420500,07-16,57.0,64.0,98.0,170,285.0,488.0,1140.0
01420500,07-17,54.0,64.0,106.0,155,268.0,518.0,1220.0
01420500,07-18,55.0,64.0,101.0,154,271.0,528.0,988.0
01420500,07-19,55.0,62.0,98.0,147,250.0,473.0,866.0
01420500,07-20,53.0,63.0,106.0,156,247.0,553.0,792.0
01420500,07-21,51.0,64.0,97.0,157,283.0,486.0,828.0
01420500,07-22,49.0,60.0,96.0,165,249.0,594.0,1120.0
01420500,07-23,53.0,65.0,111.0,158,310.0,806.0,1170.0
01420500,07-24,52.0,65.0,100.0,166,313.0,659.0,1140.0
01420500,07-25,58.0,67.0,94.0,156,286.0,588.0,843.0
01420500,07-26,55.0,62.0,92.0,141,248.0,530.0,1570.0
01420500,07-27,55.0,61.0,96.0,137,308.0,679.0,1280.0
01420500,07-28,51.0,62.0,92.0,146,316.0,762.0,1130.0
01420500,07-29,49.0,60.0,92.0,144,303.0,643.0,905.0
01420500,07-30,49.0,57.0,86.0,140,347.0,552.0,710.0
01420500,07-31,46.0,59.0,83.0,146,275.0,489.0,628.0
01420500,08-01,45.0,55.0,80.0,147,288.0,494.0,783.0
01420500,08-02,45.0,57.0,85.0,139,304.0,568.0,1100.0
01420500,08-03,42.0,53.0,91.0,146,289.0,541.0,909.0
01420500,08-04,43.0,53.0,83.0,138,275.0,468.0,1120.0
01420500,08-05,43.0,52.0,86.0,134,240.0,386.0,726.0
01420500,08-06,45.0,52.0,82.0,134,246.0,451.0,777.0
01420500,08-07,46.0,53.0,83.0,133,245.0,603.0,890.0
01420500,08-08,44.0,53.0,78.0,131,309.0,582.0,727.0
01420500,08-09,43.0,53.0,72.0,130,276.0,521.0,697.0
01420500,08-10,42.0,52.0,82.0,134,272.0,535.0,843.0
01420500,08-11,43.0,52.0,84.0,143,280.0,491.0,1000.0
01420500,08-12,47.0,54.0,83.0,138,267.0,495.0,1130.0
01420500,08-13,46.0,55.0,81.0,133,253.0,538.0,1010.0
01420500,08-14,44.0,53.0,83.0,129,259.0,589.0,970.0
01420500,08-15,48.0,61.0,77.0,126,262.0,536.0,988.0
01420500,08-16,49.0,56.0,79.0,123,264.0,549.0,798.0
01420500,08-17,48.0,54.0,75.0,123,255.0,607.0,994.0
01420500,08-18,46.0,55.0,71.0,118,240.0,577.0,1010.0
01420500,08-19,45.0,53.0,69.0,114,260.0,584.0,789.0
01420500,08-20,44.0,50.0,69.0,120,250.0,462.0,755.0
01420500,08-21,40.0,48.0,70.0,112,236.0,437.0,822.0
01420500,08-22,40.0,48.0,69.0,122,229.0,477.0,888.0
01420500,08-23,42.0,53.0,70.0,126,234.0,598.0,1360.0
01420500,08-24,39.0,52.0,68.0,128,221.0,488.0,954.0
01420500,08-25,37.0,52.0,72.0,124,205.0,515.0,703.0
01420500,08-26,42.0,50.0,68.0,120,216.0,500.0,586.0
01420500,08-27,40.0,47.0,67.0,120,222.0,468.0,811.0
01420500,08-28,38.0,46.0,70.0,127,234.0,455.0,1020.0
01420500,08-29,40.0,52.0,70.0,131,244.0,571.0,804.0
01420500,08-30,40.0,51.0,70.0,120,276.0,524.0,1060.0
01420500,08-31,39.0,49.0,74.0,131,240.0,492.0,921.0
01420500,09-01,39.0,54.0,74.0,126,233.0,500.0,780.0
01420500,09-02,38.0,52.0,72.0,118,234.0,548.0,990.0
01420500,09-03,40.0,51.0,69.0,115,214.0,606.0,940.0
01420500,09-04,39.0,49.0,74.0,110,203.0,456.0,869.0
01420500,09-05,41.0,49.0,72.0,106,210.0,378.0,829.0
01420500,09-06,46.0,52.0,70.0,117,227.0,431.0,895.0
01420500,09-07,43.0,52.0,75.0,125,252.0,420.0,596.0
01420500,09-08,42.0,49.0,77.0,122,215.0,413.0,678.0
01420500,09-09,39.0,49.0,75.0,118,211.0,468.0,757.0
01420500,09-10,37.0,50.0,72.0,112,235.0,465.0,616.0
01420500,09-11,35.0,51.0,69.0,122,236.0,401.0,702.0
01420500,09-12,37.0,48.0,64.0,120,247.0,495.0,743.0
01420500,09-13,36.0,48.0,65.0,118,226.0,498.0,933.0
01420500,09-14,35.0,51.0,69.0,112,258.0,488.0,934.0
01420500,09-15,38.0,51.0,76.0,123,252.0,570.0,820.0
01420500,09-16,44.0,53.0,74.0,123,257.0,599.0,983.0
01420500,09-17,45.0,53.0,71.0,127,231.0,529.0,793.0
01420500,09-18,44.0,51.0,74.0,135,253.0,604.0,1350.0
01420500,09-19,44.0,50.0,72.0,131,234.0,594.0,976.0
01420500,09-20,46.0,50.0,71.0,123,238.0,620.0,1420.0
01420500,09-21,48.0,51.0,73.0,118,278.0,551.0,1060.0
01420500,09-22,48.0,53.0,80.0,127,297.0,753.0,1310.0
01420500,09-23,47.0,54.0,78.0,128,284.0,683.0,1030.0
01420500,09-24,45.0,57.0,75.0,121,263.0,661.0,879.0
01420500,09-25,43.0,53.0,75.0,118,330.0,655.0,1360.0
01420500,09-26,43.0,54.0,72.0,124,304.0,558.0,970.0
01420500,09-27,45.0,56.0,76.0,124,275.0,646.0,1390.0
01420500,09-28,45.0,55.0,81.0,138,318.0,929.0,2010.0
01420500,09-29,43.0,56.0,83.0,139,291.0,1090.0,2150.0
01420500,09-30,44.0,56.0,78.0,159,360.0,826.0,1490.0
01420500,10-01,49.0,54.0,78.0,147,413.0,1100.0,1740.0
01420500,10-02,45.0,54.0,79.0,151,406.0,1050.0,1670.0
01420500,10-03,44.0,53.0,79.0,160,387.0,777.0,1240.0
01420500,10-04,45.0,58.0,79.0,150,415.0,806.0,1210.0
01420500,10-05,47.0,58.0,82.0,147,354.0,767.0,1120.0
01420500,10-06,48.0,57.0,80.0,160,466.0,898.0,1230.0
01420500,10-07,45.0,58.0,84.0,152,406.0,868.0,1580.0
01420500,10-08,43.0,57.0,93.0,175,420.0,760.0,1330.0
01420500,10-09,47.0,57.0,87.0,180,384.0,679.0,1770.0
01420500,10-10,46.0,57.0,85.0,174,360.0,681.0,1340.0
01420500,10-11,45.0,56.0,83.0,166,412.0,634.0,1030.0
01420500,10-12,46.0,54.0,85.0,169,395.0,749.0,1170.0
01420500,10-13,47.0,54.0,85.0,170,396.0,676.0,1010.0
01420500,10-14,44.0,56.0,94.0,169,376.0,815.0,1130.0
01420500,10-15,48.0,57.0,96.0,169,389.0,802.0,1130.0
01420500,10-16,47.0,60.0,100.0,191,396.0,684.0,1170.0
01420500,10-17,49.0,58.0,101.0,208,397.0,750.0,1330.0
01420500,10-18,53.0,58.0,97.0,200,432.0,731.0,1510.0
01420500,10-19,53.0,62.0,101.0,197,466.0,788.0,1510.0
01420500,10-20,53.0,61.0,103.0,204,530.0,1080.0,2030.0
01420500,10-21,53.0,61.0,98.0,227,489.0,1170.0,2260.0
01420500,10-22,53.0,60.0,97.0,208,450.0,1020.0,1520.0
01420500,10-23,52.0,60.0,100.0,221,409.0,1010.0,1630.0
01420500,10-24,54.0,62.0,110.0,268,488.0,1110.0,1650.0
01420500,10-25,53.0,63.0,116.0,274,652.0,1240.0,1960.0
01420500,10-26,53.0,63.0,126.0,291,646.0,1310.0,1720.0
01420500,10-27,52.0,63.0,120.0,302,662.0,1200.0,1860.0
01420500,10-28,49.0,66.0,127.0,293,690.0,1440.0,2890.0
01420500,10-29,50.0,73.0,128.0,290,612.0,1440.0,1940.0
01420500,10-30,53.0,74.0,125.0,297,625.0,1270.0,1760.0
01420500,10-31,54.0,79.0,134.0,314,671.0,1090.0,2200.0
01420500,11-01,55.0,77.0,148.0,335,618.0,1180.0,1700.0
01420500,11-02,58.0,75.0,188.0,360,608.0,1140.0,1420.0
01420500,11-03,57.0,77.0,178.0,388,788.0,1320.0,2120.0
01420500,11-04,61.0,76.0,175.0,379,672.0,1190.0,1500.0
01420500,11-05,66.0,78.0,178.0,377,665.0,1020.0,1340.0
01420500,11-06,68.0,75.0,191.0,393,673.0,952.0,1050.0
01420500,11-07,70.0,91.0,202.0,372,645.0,829.0,1010.0
01420500,11-08,70.0,88.0,214.0,418,634.0,897.0,1700.0
01420500,11-09,68.0,93.0,212.0,401,622.0,1520.0,2280.0
01420500,11-10,67.0,92.0,242.0,390,610.0,1240.0,2100.0
01420500,11-11,72.0,91.0,233.0,387,637.0,1030.0,1540.0
01420500,11-12,74.0,95.0,234.0,413,659.0,1140.0,1510.0
01420500,11-13,71.0,98.0,222.0,425,715.0,1410.0,2070.0
01420500,11-14,73.0,96.0,218.0,427,720.0,1320.0,1520.0
01420500,11-15,74.0,103.0,227.0,421,698.0,1100.0,1700.0
01420500,11-16,95.0,126.0,230.0,403,746.0,1060.0,1510.0
01420500,11-17,93.0,128.0,257.0,409,752.0,1330.0,1940.0
01420500,11-18,90.0,144.0,260.0,419,721.0,1210.0,1610.0
01420500,11-19,88.0,148.0,245.0,450,723.0,998.0,1570.0
01420500,11-20,94.0,151.0,234.0,450,811.0,1430.0,1850.0
01420500,11-21,96.0,163.0,237.0,469,809.0,1190.0,1670.0
01420500,11-22,108.0,158.0,265.0,460,730.0,1170.0,1530.0
01420500,11-23,106.0,153.0,264.0,506,769.0,1100.0,1730.0
01420500,11-24,104.0,190.0,330.0,494,711.0,1050.0,1380.0
01420500,11-25,118.0,197.0,341.0,486,691.0,1110.0,1360.0
01420500,11-26,126.0,207.0,336.0,477,717.0,996.0,1620.0
01420500,11-27,145.0,201.0,339.0,492,706.0,1440.0,2490.0
01420500,11-28,146.0,210.0,332.0,485,801.0,1560.0,2340.0
01420500,11-29,172.0,250.0,347.0,503,854.0,1500.0,3170.0
01420500,11-30,183.0,231.0,344.0,512,920.0,1390.0,1850.0
01420500,12-01,194.0,262.0,335.0,564,898.0,1600.0,2850.0
01420500,12-02,197.0,238.0,315.0,514,784.0,1540.0,3030.0
01420500,12-03,199.0,239.0,337.0,507,798.0,1630.0,2160.0
01420500,12-04,194.0,235.0,317.0,499,800.0,1300.0,1650.0
01420500,12-05,203.0,233.0,330.0,468,749.0,1230.0,1950.0
01420500,12-06,218.0,240.0,313.0,465,789.0,1370.0,2240.0
01420500,12-07,210.0,228.0,313.0,468,817.0,1420.0,2670.0
01420500,12-08,172.0,225.0,328.0,448,703.0,1540.0,2120.0
01420500,12-09,198.0,233.0,288.0,466,735.0,1490.0,1880.0
01420500,12-10,182.0,211.0,280.0,467,758.0,1480.0,2220.0
01420500,12-11,180.0,201.0,285.0,445,775.0,1760.0,2540.0
01420500,12-12,180.0,200.0,276.0,458,805.0,1380.0,2390.0
01420500,12-13,176.0,190.0,285.0,430,771.0,1730.0,2540.0
01420500,12-14,160.0,189.0,279.0,445,888.0,1460.0,2290.0
01420500,12-15,169.0,182.0,280.0,452,782.0,1380.0,1880.0
01420500,12-16,147.0,182.0,299.0,450,724.0,1210.0,1550.0
01420500,12-17,150.0,182.0,299.0,472,682.0,1240.0,1450.0
01420500,12-18,154.0,181.0,302.0,470,704.0,1190.0,1720.0
01420500,12-19,156.0,174.0,290.0,445,715.0,1060.0,1780.0
01420500,12-20,153.0,164.0,274.0,438,677.0,1010.0,1480.0
01420500,12-21,145.0,162.0,265.0,414,649.0,1020.0,1650.0
01420500,12-22,147.0,174.0,270.0,443,682.0,1080.0,2110.0
01420500,12-23,137.0,180.0,277.0,430,627.0,1280.0,1980.0
01420500,12-24,129.0,200.0,280.0,420,647.0,1390.0,2320.0
01420500,12-25,148.0,190.0,280.0,420,649.0,1340.0,2210.0
01420500,12-26,147.0,198.0,265.0,421,695.0,1220.0,1620.0
01420500,12-27,150.0,192.0,260.0,388,719.0,1110.0,1340.0
01420500,12-28,159.0,193.0,255.0,375,661.0,1070.0,1710.0
01420500,12-29,151.0,180.0,255.0,370,707.0,1110.0,1210.0
01420500,12-30,130.0,164.0,230.0,382,726.0,1220.0,1840.0
01420500,12-31,140.0,162.0,232.0,370,681.0,1270.0,2240.0
01421000,01-01,246.0,332.0,430.0,820,1720.0,2950.0,3510.0
01421000,01-02,300.0,332.0,420.0,799,1580.0,2670.0,3070.0
01421000,01-03,300.0,314.0,420.0,716,1630.0,2140.0,3600.0
01421000,01-04,276.0,304.0,460.0,720,1570.0,2170.0,2700.0
01421000,01-05,220.0,298.0,450.0,780,1520.0,2180.0,3030.0
01421000,01-06,246.0,312.0,420.0,720,1400.0,2220.0,3430.0
01421000,01-07,256.0,284.0,420.0,718,1400.0,1890.0,3260.0
01421000,01-08,250.0,312.0,440.0,660,1300.0,2100.0,3410.0
01421000,01-09,262.0,302.0,450.0,680,1200.0,1990.0,4230.0
01421000,01-10,258.0,310.0,440.0,690,1210.0,1580.0,5160.0
01421000,01-11,258.0,300.0,420.0,660,1150.0,2160.0,4330.0
01421000,01-12,276.0,321.0,420.0,683,1230.0,2290.0,3880.0
01421000,01-13,276.0,315.0,400.0,687,1290.0,2700.0,3840.0
01421000,01-14,276.0,308.0,380.0,660,1290.0,2390.0,4660.0
01421000,01-15,250.0,278.0,360.0,600,1300.0,2200.0,3840.0
01421000,01-16,260.0,284.0,370.0,600,1340.0,2460.0,3670.0
01421000,01-17,272.0,300.0,340.0,550,1250.0,2060.0,3100.0
01421000,01-18,280.0,290.0,350.0,560,1110.0,2080.0,2640.0
01421000,01-19,262.0,270.0,330.0,589,1180.0,1970.0,4340.0
01421000,01-20,266.0,290.0,380.0,517,1130.0,2190.0,3850.0
01421000,01-21,262.0,280.0,380.0,560,1050.0,1900.0,3160.0
01421000,01-22,250.0,264.0,350.0,640,1210.0,1940.0,3140.0
01421000,01-23,246.0,270.0,370.0,620,1300.0,2290.0,4000.0
01421000,01-24,246.0,282.0,385.0,680,1400.0,2540.0,3370.0
01421000,01-25,246.0,282.0,370.0,740,1520.0,3710.0,5870.0
01421000,01-26,246.0,260.0,361.0,700,1710.0,4260.0,5720.0
01421000,01-27,246.0,264.0,360.0,696,1510.0,3710.0,4810.0
01421000,01-28,226.0,270.0,350.0,660,1390.0,3340.0,5180.0
01421000,01-29,230.0,252.0,370.0,660,1300.0,2750.0,4140.0
01421000,01-30,226.0,252.0,360.0,720,1360.0,2470.0,3340.0
01421000,01-31,232.0,252.0,372.0,750,1280.0,2330.0,3510.0
01421000,02-01,232.0,270.0,400.0,696,1200.0,2050.0,2990.0
01421000,02-02,240.0,278.0,400.0,720,1500.0,2290.0,2940.0
01421000,02-03,232.0,273.0,380.0,628,1530.0,3340.0,4490.0
01421000,02-04,230.0,259.0,390.0,680,1470.0,2840.0,4240.0
01421000,02-05,230.0,262.0,399.0,685,1310.0,2160.0,2750.0
01421000,02-06,228.0,262.0,390.0,680,1190.0,1840.0,2500.0
01421000,02-07,226.0,260.0,370.0,640,1100.0,1780.0,2300.0
01421000,02-08,220.0,252.0,390.0,580,1090.0,1800.0,3730.0
01421000,02-09,220.0,242.0,390.0,560,973.0,1520.0,3030.0
01421000,02-10,230.0,249.0,370.0,580,966.0,1740.0,2750.0
01421000,02-11,230.0,254.0,370.0,560,1010.0,2180.0,3390.0
01421000,02-12,227.0,254.0,350.0,600,1000.0,1990.0,2710.0
01421000,02-13,228.0,263.0,430.0,560,1270.0,1940.0,2670.0
01421000,02-14,240.0,259.0,410.0,640,1050.0,2060.0,3140.0
01421000,02-15,256.0,290.0,400.0,652,1080.0,1690.0,3110.0
01421000,02-16,256.0,292.0,410.0,660,1000.0,1790.0,2380.0
01421000,02-17,232.0,272.0,400.0,640,971.0,2000.0,3040.0
01421000,02-18,232.0,272.0,400.0,600,907.0,1910.0,3980.0
01421000,02-19,230.0,268.0,400.0,582,969.0,1680.0,3020.0
01421000,02-20,236.0,274.0,410.0,620,1100.0,1680.0,4060.0
01421000,02-21,221.0,292.0,440.0,600,1100.0,1740.0,3740.0
01421000,02-22,226.0,292.0,421.0,610,1100.0,2480.0,3490.0
01421000,02-23,220.0,282.0,437.0,617,1150.0,2970.0,3680.0
01421000,02-24,220.0,285.0,440.0,620,1250.0,2850.0,4270.0
01421000,02-25,221.0,302.0,431.0,620,1500.0,3760.0,5240.0
01421000,02-26,227.0,290.0,437.0,660,1500.0,3440.0,6110.0
01421000,02-27,258.0,286.0,440.0,640,1610.0,3220.0,3970.0
01421000,02-28,238.0,298.0,450.0,780,1580.0,2680.0,3740.0
01421000,02-29,,237.0,395.0,870,2180.0,4260.0,
01421000,03-01,256.0,330.0,480.0,940,1530.0,2490.0,3310.0
01421000,03-02,262.0,332.0,480.0,870,1500.0,2480.0,3180.0
01421000,03-03,268.0,322.0,500.0,840,1400.0,2350.0,2760.0
01421000,03-04,270.0,322.0,483.0,889,1440.0,2130.0,2780.0
01421000,03-05,274.0,346.0,520.0,892,1600.0,3190.0,4380.0
01421000,03-06,283.0,362.0,500.0,889,1850.0,4590.0,6590.0
01421000,03-07,244.0,334.0,470.0,939,1860.0,4370.0,6970.0
01421000,03-08,274.0,338.0,460.0,1050,2050.0,3630.0,4200.0
01421000,03-09,282.0,322.0,507.0,982,2060.0,3150.0,4190.0
01421000,03-10,296.0,332.0,500.0,1040,1880.0,2880.0,9510.0
01421000,03-11,290.0,330.0,561.0,980,1920.0,4720.0,7060.0
01421000,03-12,296.0,362.0,680.0,1050,1880.0,4120.0,5210.0
01421000,03-13,296.0,344.0,680.0,1030,1970.0,3570.0,5610.0
01421000,03-14,309.0,452.0,680.0,1110,1860.0,2980.0,4810.0
01421000,03-15,322.0,503.0,700.0,1130,1820.0,3010.0,5390.0
01421000,03-16,326.0,476.0,735.0,1110,1710.0,2880.0,4520.0
01421000,03-17,370.0,467.0,682.0,1130,1840.0,3090.0,4100.0
01421000,03-18,396.0,540.0,720.0,1120,2010.0,3170.0,3920.0
01421000,03-19,412.0,528.0,720.0,1100,1820.0,2680.0,4790.0
01421000,03-20,397.0,517.0,767.0,1110,1970.0,3390.0,6810.0
01421000,03-21,404.0,510.0,769.0,1210,1900.0,4350.0,6360.0
01421000,03-22,440.0,518.0,747.0,1400,1960.0,3510.0,5380.0
01421000,03-23,426.0,497.0,735.0,1410,2390.0,4010.0,5740.0
01421000,03-24,450.0,499.0,709.0,1300,2410.0,3610.0,4880.0
01421000,03-25,453.0,489.0,729.0,1300,2430.0,4560.0,5840.0
01421000,03-26,460.0,559.0,817.0,1520,2660.0,4610.0,5800.0
01421000,03-27,474.0,601.0,883.0,1670,3070.0,3760.0,5350.0
01421000,03-28,451.0,673.0,978.0,1750,2830.0,3630.0,4500.0
01421000,03-29,479.0,714.0,1090.0,1980,2960.0,4350.0,6650.0
01421000,03-30,529.0,695.0,1130.0,2000,2810.0,5310.0,6610.0
01421000,03-31,518.0,672.0,1110.0,1940,3470.0,5710.0,8800.0
01421000,04-01,530.0,668.0,1110.0,1960,3530.0,6530.0,8790.0
01421000,04-02,587.0,880.0,1260.0,1950,4020.0,6080.0,8010.0
01421000,04-03,589.0,975.0,1450.0,2080,3990.0,5820.0,7900.0
01421000,04-04,600.0,906.0,1470.0,2300,3980.0,6070.0,8420.0
01421000,04-05,608.0,895.0,1370.0,2380,4100.0,6830.0,9520.0
01421000,04-06,551.0,848.0,1260.0,2070,4010.0,6510.0,7900.0
01421000,04-07,692.0,888.0,1260.0,2140,4130.0,6170.0,8100.0
01421000,04-08,790.0,911.0,1220.0,2050,3610.0,5380.0,6580.0
01421000,04-09,761.0,867.0,1130.0,2080,3620.0,4290.0,5060.0
01421000,04-10,760.0,881.0,1140.0,1970,3190.0,4740.0,6190.0
01421000,04-11,752.0,792.0,1020.0,1950,3140.0,4330.0,6310.0
01421000,04-12,708.0,791.0,1090.0,1880,2840.0,4520.0,5350.0
01421000,04-13,674.0,746.0,1240.0,2040,3010.0,4460.0,6800.0
01421000,04-14,633.0,787.0,1170.0,1820,3150.0,5360.0,7050.0
01421000,04-15,648.0,784.0,1290.0,1700,3390.0,4760.0,6730.0
01421000,04-16,664.0,734.0,1180.0,1780,3530.0,6300.0,10500.0
01421000,04-17,641.0,728.0,1100.0,1790,3760.0,7510.0,11100.0
01421000,04-18,627.0,709.0,1070.0,1720,3560.0,7600.0,9480.0
01421000,04-19,606.0,675.0,1030.0,1560,3350.0,5430.0,7300.0
01421000,04-20,570.0,641.0,994.0,1700,3180.0,5070.0,6710.0
01421000,04-21,539.0,609.0,907.0,1740,2730.0,4020.0,5740.0
01421000,04-22,535.0,609.0,892.0,1610,2500.0,4390.0,5220.0
01421000,04-23,558.0,689.0,906.0,1590,2650.0,4580.0,5660.0
01421000,04-24,630.0,731.0,993.0,1510,2600.0,4550.0,5600.0
01421000,04-25,603.0,685.0,900.0,1450,2450.0,4640.0,6740.0
01421000,04-26,655.0,698.0,931.0,1400,2500.0,4310.0,6350.0
01421000,04-27,606.0,671.0,873.0,1470,2810.0,4290.0,7050.0
01421000,04-28,597.0,662.0,963.0,1440,2610.0,3860.0,6120.0
01421000,04-29,577.0,632.0,946.0,1350,2570.0,3210.0,5500.0
01421000,04-30,575.0,636.0,871.0,1280,2380.0,3090.0,6200.0
01421000,05-01,574.0,634.0,916.0,1230,2120.0,3520.0,7210.0
01421000,05-02,545.0,638.0,928.0,1300,2050.0,4280.0,7080.0
01421000,05-03,516.0,588.0,891.0,1380,1950.0,4540.0,5700.0
01421000,05-04,521.0,608.0,810.0,1380,2220.0,4350.0,5080.0
01421000,05-05,502.0,584.0,776.0,1320,2130.0,3870.0,4430.0
01421000,05-06,510.0,582.0,762.0,1200,2170.0,3830.0,4350.0
01421000,05-07,503.0,565.0,702.0,1160,2080.0,3400.0,4500.0
01421000,05-08,474.0,530.0,685.0,1040,1940.0,2840.0,3440.0
01421000,05-09,438.0,530.0,677.0,1040,1900.0,2980.0,3470.0
01421000,05-10,414.0,504.0,708.0,1070,1890.0,2710.0,3500.0
01421000,05-11,416.0,492.0,654.0,1110,1820.0,3020.0,5870.0
01421000,05-12,392.0,465.0,650.0,1200,2000.0,4070.0,6570.0
01421000,05-13,374.0,455.0,617.0,1140,2190.0,4280.0,5640.0
01421000,05-14,358.0,413.0,627.0,1040,2240.0,4290.0,5030.0
01421000,05-15,343.0,425.0,614.0,1150,2000.0,3600.0,4590.0
01421000,05-16,354.0,424.0,636.0,1140,2270.0,3220.0,4550.0
01421000,05-17,359.0,441.0,620.0,1070,2260.0,3180.0,4410.0
01421000,05-18,362.0,440.0,618.0,1070,2040.0,2790.0,4140.0
01421000,05-19,404.0,431.0,611.0,1030,1830.0,2760.0,4260.0
01421000,05-20,399.0,430.0,660.0,1150,2110.0,3220.0,4120.0
01421000,05-21,371.0,418.0,600.0,1060,1860.0,3380.0,4130.0
01421000,05-22,351.0,402.0,566.0,934,1690.0,2940.0,3990.0
01421000,05-23,347.0,393.0,533.0,918,1670.0,2520.0,3810.0
01421000,05-24,340.0,385.0,506.0,871,1570.0,2710.0,3600.0
01421000,05-25,334.0,387.0,485.0,845,1440.0,2550.0,3750.0
01421000,05-26,336.0,376.0,467.0,795,1340.0,2150.0,3070.0
01421000,05-27,319.0,356.0,450.0,750,1370.0,2110.0,2590.0
01421000,05-28,311.0,354.0,501.0,752,1190.0,1950.0,2840.0
01421000,05-29,333.0,342.0,478.0,770,1120.0,2340.0,3440.0
01421000,05-30,327.0,345.0,463.0,699,1110.0,2610.0,4390.0
01421000,05-31,308.0,333.0,476.0,661,1250.0,2420.0,3580.0
01421000,06-01,304.0,359.0,502.0,751,1180.0,2870.0,4640.0
01421000,06-02,314.0,336.0,476.0,692,1290.0,2310.0,3250.0
01421000,06-03,299.0,342.0,446.0,647,1100.0,1990.0,2930.0
01421000,06-04,310.0,342.0,423.0,617,1090.0,1800.0,2710.0
01421000,06-05,291.0,306.0,411.0,584,1000.0,1550.0,2380.0
01421000,06-06,286.0,316.0,368.0,543,1080.0,2000.0,2750.0
01421000,06-07,297.0,321.0,430.0,541,951.0,1950.0,5220.0
01421000,06-08,284.0,298.0,400.0,550,1240.0,1760.0,3310.0
01421000,06-09,276.0,305.0,390.0,586,1180.0,2080.0,2370.0
01421000,06-10,280.0,299.0,385.0,593,1020.0,1870.0,2180.0
01421000,06-11,266.0,283.0,360.0,562,942.0,1800.0,2560.0
01421000,06-12,258.0,288.0,360.0,621,1080.0,1760.0,3120.0
01421000,06-13,275.0,302.0,372.0,666,1180.0,2070.0,3630.0
01421000,06-14,260.0,303.0,370.0,629,1120.0,2460.0,4100.0
01421000,06-15,238.0,270.0,372.0,579,1100.0,2070.0,3620.0
01421000,06-16,234.0,256.0,344.0,594,968.0,2360.0,3070.0
01421000,06-17,222.0,240.0,355.0,546,983.0,2220.0,2610.0
01421000,06-18,220.0,262.0,330.0,510,967.0,1890.0,2780.0
01421000,06-19,221.0,253.0,319.0,568,928.0,1800.0,2620.0
01421000,06-20,216.0,241.0,320.0,506,922.0,1780.0,2520.0
01421000,06-21,202.0,244.0,331.0,521,852.0,1680.0,2790.0
01421000,06-22,194.0,255.0,320.0,562,880.0,2390.0,2880.0
01421000,06-23,191.0,245.0,336.0,528,898.0,2060.0,3340.0
01421000,06-24,185.0,240.0,345.0,496,906.0,2200.0,3430.0
01421000,06-25,176.0,232.0,347.0,467,810.0,2060.0,3680.0
01421000,06-26,188.0,219.0,327.0,460,730.0,2300.0,4020.0
01421000,06-27,180.0,221.0,307.0,430,816.0,2020.0,3700.0
01421000,06-28,172.0,219.0,305.0,464,945.0,1760.0,3180.0
01421000,06-29,172.0,208.0,299.0,503,935.0,2000.0,5440.0
01421000,06-30,171.0,200.0,324.0,470,911.0,1830.0,4090.0
01421000,07-01,170.0,202.0,322.0,532,847.0,2820.0,5190.0
01421000,07-02,172.0,203.0,317.0,539,847.0,1700.0,3970.0
01421000,07-03,166.0,198.0,310.0,499,848.0,2120.0,3320.0
01421000,07-04,149.0,196.0,309.0,470,874.0,1970.0,2950.0
01421000,07-05,157.0,196.0,312.0,478,896.0,1660.0,2370.0
01421000,07-06,169.0,204.0,295.0,462,790.0,1420.0,1840.0
01421000,07-07,172.0,210.0,290.0,474,715.0,1080.0,1500.0
01421000,07-08,174.0,207.0,283.0,449,725.0,1300.0,1580.0
01421000,07-09,175.0,211.0,284.0,443,663.0,1020.0,1960.0
01421000,07-10,158.0,204.0,289.0,414,616.0,1110.0,1670.0
01421000,07-11,157.0,204.0,263.0,386,643.0,1050.0,1530.0
01421000,07-12,158.0,203.0,263.0,409,580.0,954.0,1450.0
01421000,07-13,160.0,190.0,256.0,420,642.0,1070.0,1590.0
01421000,07-14,158.0,184.0,259.0,411,653.0,1230.0,2830.0
01421000,07-15,152.0,208.0,256.0,405,605.0,1430.0,2700.0
01421000,07-16,145.0,184.0,300.0,437,702.0,1080.0,3100.0
01421000,07-17,141.0,207.0,300.0,437,630.0,979.0,2950.0
01421000,07-18,148.0,214.0,280.0,410,712.0,1250.0,2190.0
01421000,07-19,155.0,208.0,273.0,378,625.0,938.0,1660.0
01421000,07-20,164.0,213.0,286.0,396,546.0,890.0,1400.0
01421000,07-21,154.0,196.0,282.0,390,570.0,978.0,1860.0
01421000,07-22,152.0,201.0,279.0,408,540.0,946.0,1470.0
01421000,07-23,166.0,200.0,275.0,384,640.0,967.0,1450.0
01421000,07-24,160.0,210.0,268.0,381,534.0,1140.0,2100.0
01421000,07-25,148.0,194.0,285.0,356,568.0,895.0,2030.0
01421000,07-26,145.0,201.0,257.0,351,595.0,1110.0,1970.0
01421000,07-27,160.0,208.0,268.0,395,678.0,1200.0,2330.0
01421000,07-28,187.0,214.0,280.0,405,703.0,1150.0,2110.0
01421000,07-29,183.0,195.0,266.0,405,687.0,1130.0,1630.0
01421000,07-30,183.0,197.0,270.0,399,775.0,1200.0,1640.0
01421000,07-31,170.0,184.0,258.0,392,710.0,954.0,1190.0
01421000,08-01,141.0,182.0,250.0,389,712.0,910.0,1040.0
01421000,08-02,149.0,195.0,256.0,423,713.0,905.0,1410.0
01421000,08-03,182.0,208.0,250.0,390,661.0,1060.0,1580.0
01421000,08-04,169.0,191.0,254.0,396,663.0,894.0,2010.0
01421000,08-05,155.0,182.0,261.0,372,637.0,1030.0,1810.0
01421000,08-06,143.0,182.0,268.0,370,624.0,969.0,1790.0
01421000,08-07,138.0,182.0,250.0,397,730.0,1220.0,1680.0
01421000,08-08,136.0,183.0,243.0,395,805.0,1330.0,1690.0
01421000,08-09,155.0,170.0,230.0,373,701.0,1440.0,2120.0
01421000,08-10,153.0,173.0,230.0,364,740.0,1380.0,3370.0
01421000,08-11,158.0,179.0,232.0,355,783.0,1360.0,3060.0
01421000,08-12,160.0,173.0,230.0,347,727.0,1190.0,2760.0
01421000,08-13,156.0,171.0,232.0,381,715.0,1580.0,2860.0
01421000,08-14,145.0,170.0,226.0,352,715.0,1360.0,2600.0
01421000,08-15,141.0,162.0,226.0,358,760.0,1480.0,2680.0
01421000,08-16,138.0,164.0,231.0,376,680.0,1130.0,3380.0
01421000,08-17,145.0,174.0,220.0,366,659.0,987.0,2240.0
01421000,08-18,148.0,174.0,210.0,368,680.0,1360.0,5050.0
01421000,08-19,154.0,170.0,219.0,342,725.0,1300.0,3840.0
01421000,08-20,152.0,162.0,214.0,370,760.0,1270.0,2640.0
01421000,08-21,152.0,168.0,220.0,385,755.0,1240.0,2240.0
01421000,08-22,156.0,169.0,215.0,350,746.0,1350.0,2240.0
01421000,08-23,151.0,160.0,231.0,354,730.0,1550.0,2230.0
01421000,08-24,159.0,170.0,235.0,315,640.0,1300.0,1660.0
01421000,08-25,162.0,174.0,224.0,339,620.0,1250.0,1510.0
01421000,08-26,159.0,171.0,217.0,334,628.0,996.0,1390.0
01421000,08-27,150.0,170.0,233.0,376,745.0,1030.0,1240.0
01421000,08-28,147.0,171.0,224.0,361,796.0,1080.0,1540.0
01421000,08-29,146.0,172.0,219.0,348,732.0,1180.0,1310.0
01421000,08-30,145.0,173.0,244.0,396,750.0,1090.0,2650.0
01421000,08-31,156.0,175.0,245.0,398,689.0,1250.0,1850.0
01421000,09-01,160.0,173.0,236.0,364,722.0,1160.0,1280.0
01421000,09-02,160.0,171.0,229.0,346,682.0,1080.0,1870.0
01421000,09-03,153.0,168.0,227.0,387,716.0,1030.0,2200.0
01421000,09-04,152.0,165.0,218.0,335,710.0,943.0,1670.0
01421000,09-05,150.0,153.0,218.0,316,626.0,923.0,1340.0
01421000,09-06,148.0,162.0,237.0,389,665.0,993.0,3580.0
01421000,09-07,141.0,171.0,238.0,364,650.0,948.0,3260.0
01421000,09-08,147.0,173.0,244.0,358,645.0,1010.0,1840.0
01421000,09-09,152.0,171.0,241.0,400,721.0,1110.0,2180.0
01421000,09-10,147.0,172.0,220.0,357,722.0,994.0,1810.0
01421000,09-11,141.0,170.0,238.0,402,713.0,1130.0,1590.0
01421000,09-12,138.0,160.0,220.0,383,715.0,1060.0,1680.0
01421000,09-13,132.0,147.0,226.0,379,714.0,1250.0,3320.0
01421000,09-14,146.0,155.0,221.0,387,704.0,1190.0,2590.0
01421000,09-15,140.0,175.0,230.0,376,707.0,1290.0,2180.0
01421000,09-16,146.0,173.0,220.0,382,790.0,1190.0,1930.0
01421000,09-17,143.0,171.0,202.0,363,826.0,1230.0,1740.0
01421000,09-18,144.0,171.0,204.0,331,725.0,1560.0,3380.0
01421000,09-19,141.0,175.0,212.0,411,708.0,1380.0,3480.0
01421000,09-20,136.0,162.0,200.0,346,737.0,1520.0,2570.0
01421000,09-21,138.0,167.0,194.0,319,706.0,1420.0,2310.0
01421000,09-22,158.0,168.0,215.0,329,689.0,1410.0,2200.0
01421000,09-23,151.0,170.0,222.0,383,796.0,1490.0,2620.0
01421000,09-24,151.0,178.0,210.0,366,734.0,1160.0,2470.0
01421000,09-25,149.0,163.0,204.0,420,705.0,1940.0,4230.0
01421000,09-26,148.0,155.0,213.0,410,690.0,1700.0,3310.0
01421000,09-27,143.0,167.0,242.0,435,758.0,1780.0,4340.0
01421000,09-28,153.0,171.0,236.0,530,802.0,2490.0,5440.0
01421000,09-29,162.0,176.0,264.0,483,726.0,2150.0,4740.0
01421000,09-30,153.0,176.0,269.0,429,973.0,1830.0,3670.0
01421000,10-01,149.0,172.0,253.0,455,872.0,1930.0,3580.0
01421000,10-02,144.0,168.0,249.0,444,839.0,2110.0,3830.0
01421000,10-03,139.0,170.0,236.0,441,848.0,1510.0,3000.0
01421000,10-04,142.0,174.0,242.0,422,832.0,1780.0,2720.0
01421000,10-05,144.0,166.0,269.0,408,838.0,1960.0,2680.0
01421000,10-06,132.0,172.0,263.0,442,805.0,2250.0,2450.0
01421000,10-07,144.0,170.0,264.0,460,792.0,2050.0,2390.0
01421000,10-08,147.0,171.0,284.0,466,864.0,1950.0,2580.0
01421000,10-09,143.0,173.0,293.0,475,824.0,1890.0,4020.0
01421000,10-10,143.0,162.0,314.0,501,806.0,1740.0,2660.0
01421000,10-11,142.0,163.0,301.0,521,814.0,1590.0,2300.0
01421000,10-12,143.0,161.0,294.0,500,905.0,1560.0,2110.0
01421000,10-13,142.0,155.0,284.0,452,841.0,1530.0,1930.0
01421000,10-14,138.0,180.0,304.0,495,868.0,1490.0,2380.0
01421000,10-15,138.0,182.0,296.0,513,1010.0,1560.0,2450.0
01421000,10-16,180.0,203.0,318.0,525,939.0,2090.0,2200.0
01421000,10-17,173.0,206.0,309.0,599,868.0,1900.0,5130.0
01421000,10-18,172.0,210.0,332.0,600,909.0,1800.0,3400.0
01421000,10-19,171.0,202.0,353.0,627,1010.0,1950.0,3390.0
01421000,10-20,155.0,200.0,373.0,599,1130.0,2440.0,4010.0
01421000,10-21,154.0,197.0,381.0,641,1010.0,2720.0,4810.0
01421000,10-22,156.0,191.0,357.0,669,995.0,2100.0,3090.0
01421000,10-23,161.0,200.0,363.0,615,983.0,1900.0,3130.0
01421000,10-24,177.0,235.0,365.0,669,1310.0,2130.0,2410.0
01421000,10-25,173.0,245.0,449.0,710,1320.0,1890.0,3320.0
01421000,10-26,172.0,248.0,438.0,694,1240.0,2270.0,3110.0
01421000,10-27,174.0,231.0,411.0,682,1390.0,2080.0,3070.0
01421000,10-28,188.0,243.0,401.0,698,1480.0,3460.0,4770.0
01421000,10-29,200.0,255.0,401.0,732,1370.0,3030.0,3740.0
01421000,10-30,241.0,291.0,449.0,735,1540.0,2640.0,3450.0
01421000,10-31,239.0,308.0,466.0,735,1390.0,2440.0,3710.0
01421000,11-01,264.0,325.0,479.0,713,1280.0,2410.0,3110.0
01421000,11-02,278.0,370.0,486.0,702,1190.0,2340.0,2720.0
01421000,11-03,241.0,355.0,528.0,787,1530.0,2610.0,3090.0
01421000,11-04,255.0,387.0,536.0,732,1270.0,2290.0,2610.0
01421000,11-05,247.0,402.0,532.0,762,1150.0,1880.0,2260.0
01421000,11-06,239.0,369.0,518.0,804,1200.0,1810.0,2360.0
01421000,11-07,252.0,349.0,527.0,771,1130.0,1620.0,2140.0
01421000,11-08,245.0,352.0,536.0,800,1180.0,1620.0,2200.0
01421000,11-09,229.0,337.0,567.0,797,1160.0,2550.0,3070.0
01421000,11-10,274.0,430.0,597.0,797,1130.0,2370.0,4210.0
01421000,11-11,276.0,403.0,612.0,787,1140.0,2100.0,4360.0
01421000,11-12,309.0,499.0,646.0,798,1150.0,2680.0,4650.0
01421000,11-13,302.0,472.0,645.0,807,1340.0,2920.0,3610.0
01421000,11-14,303.0,460.0,607.0,800,1250.0,2610.0,3360.0
01421000,11-15,292.0,440.0,598.0,762,1290.0,2450.0,3010.0
01421000,11-16,299.0,373.0,579.0,780,1420.0,2480.0,2730.0
01421000,11-17,346.0,468.0,563.0,869,1550.0,2350.0,3250.0
01421000,11-18,354.0,404.0,545.0,850,1420.0,2160.0,2610.0
01421000,11-19,324.0,376.0,537.0,899,1380.0,2010.0,2470.0
01421000,11-20,313.0,362.0,538.0,893,1440.0,2060.0,3290.0
01421000,11-21,310.0,368.0,543.0,903,1560.0,1940.0,3380.0
01421000,11-22,323.0,441.0,606.0,880,1530.0,2150.0,2880.0
01421000,11-23,323.0,395.0,604.0,919,1370.0,2310.0,3550.0
01421000,11-24,326.0,406.0,661.0,888,1250.0,2140.0,3120.0
01421000,11-25,334.0,431.0,691.0,871,1330.0,2310.0,2530.0
01421000,11-26,406.0,464.0,666.0,901,1350.0,2080.0,3040.0
01421000,11-27,399.0,506.0,714.0,900,1430.0,2730.0,6010.0
01421000,11-28,403.0,519.0,669.0,948,1700.0,3540.0,4970.0
01421000,11-29,438.0,543.0,672.0,971,1840.0,2760.0,5820.0
01421000,11-30,454.0,539.0,765.0,1080,1710.0,2870.0,4060.0
01421000,12-01,430.0,545.0,737.0,1190,1700.0,2980.0,4440.0
01421000,12-02,421.0,520.0,682.0,996,1550.0,3240.0,4730.0
01421000,12-03,408.0,464.0,673.0,1040,1520.0,2910.0,3910.0
01421000,12-04,398.0,477.0,669.0,993,1500.0,2520.0,3860.0
01421000,12-05,414.0,461.0,642.0,957,1410.0,2200.0,3350.0
01421000,12-06,428.0,477.0,654.0,921,1450.0,2680.0,3200.0
01421000,12-07,425.0,472.0,610.0,878,1650.0,2660.0,3930.0
01421000,12-08,425.0,473.0,632.0,863,1520.0,3040.0,4470.0
01421000,12-09,409.0,462.0,660.0,902,1370.0,2490.0,3630.0
01421000,12-10,357.0,420.0,631.0,905,1440.0,2660.0,3550.0
01421000,12-11,348.0,440.0,614.0,935,1600.0,3360.0,4770.0
01421000,12-12,340.0,462.0,620.0,895,1600.0,2990.0,6620.0
01421000,12-13,332.0,387.0,600.0,856,1540.0,3980.0,5100.0
01421000,12-14,326.0,382.0,567.0,944,1560.0,3140.0,3940.0
01421000,12-15,333.0,374.0,580.0,966,1540.0,3150.0,4390.0
01421000,12-16,317.0,372.0,548.0,916,1440.0,2620.0,3690.0
01421000,12-17,312.0,360.0,580.0,904,1520.0,2550.0,3360.0
01421000,12-18,326.0,381.0,550.0,918,1720.0,2430.0,4410.0
01421000,12-19,306.0,370.0,520.0,880,1580.0,2430.0,3540.0
01421000,12-20,316.0,356.0,520.0,878,1440.0,2230.0,3810.0
01421000,12-21,312.0,360.0,520.0,897,1340.0,2570.0,5670.0
01421000,12-22,328.0,372.0,532.0,900,1320.0,3040.0,5170.0
01421000,12-23,330.0,392.0,509.0,831,1600.0,2900.0,3610.0
01421000,12-24,346.0,362.0,530.0,818,1410.0,2910.0,5060.0
01421000,12-25,322.0,364.0,530.0,832,1820.0,3550.0,4330.0
01421000,12-26,318.0,380.0,520.0,804,1720.0,2950.0,3400.0
01421000,12-27,318.0,374.0,500.0,760,1590.0,2520.0,4070.0
01421000,12-28,310.0,372.0,520.0,852,1500.0,2560.0,3370.0
01421000,12-29,286.0,360.0,470.0,899,1470.0,2490.0,3730.0
01421000,12-30,256.0,334.0,430.0,845,1640.0,2800.0,3500.0
01421000,12-31,254.0,340.0,420.0,788,1630.0,2690.0,3730.0
01423000,01-01,129.0,194.0,290.0,544,1000.0,1390.0,1750.0
01423000,01-02,148.0,205.0,276.0,510,889.0,1390.0,1780.0
01423000,01-03,148.0,197.0,302.0,451,934.0,1280.0,1710.0
01423000,01-04,139.0,204.0,280.0,510,979.0,1360.0,1870.0
01423000,01-05,129.0,177.0,255.0,537,898.0,1510.0,2010.0
01423000,01-06,120.0,167.0,242.0,492,848.0,1200.0,1460.0
01423000,01-07,120.0,150.0,236.0,476,786.0,1110.0,1360.0
01423000,01-08,119.0,152.0,242.0,435,659.0,1000.0,2050.0
01423000,01-09,128.0,154.0,250.0,416,672.0,1070.0,1950.0
01423000,01-10,118.0,174.0,260.0,456,705.0,1150.0,2510.0
01423000,01-11,135.0,167.0,260.0,438,700.0,1380.0,2520.0
01423000,01-12,135.0,164.0,250.0,438,707.0,1360.0,2380.0
01423000,01-13,126.0,159.0,253.0,397,876.0,1790.0,2350.0
01423000,01-14,117.0,150.0,240.0,358,801.0,1700.0,1960.0
01423000,01-15,120.0,154.0,242.0,354,890.0,1320.0,1990.0
01423000,01-16,128.0,157.0,242.0,350,779.0,1320.0,1700.0
01423000,01-17,120.0,177.0,238.0,310,694.0,1090.0,1420.0
01423000,01-18,118.0,167.0,223.0,356,688.0,1200.0,1510.0
01423000,01-19,107.0,157.0,230.0,375,719.0,1050.0,1910.0
01423000,01-20,116.0,160.0,220.0,360,608.0,1160.0,1830.0
01423000,01-21,116.0,157.0,222.0,374,608.0,1200.0,2010.0
01423000,01-22,117.0,150.0,229.0,370,670.0,1240.0,1800.0
01423000,01-23,118.0,160.0,221.0,396,739.0,1400.0,2540.0
01423000,01-24,145.0,170.0,204.0,400,800.0,1770.0,2730.0
01423000,01-25,137.0,167.0,227.0,437,997.0,2240.0,4320.0
01423000,01-26,129.0,150.0,228.0,449,996.0,2690.0,3710.0
01423000,01-27,118.0,150.0,240.0,440,1000.0,2320.0,3820.0
01423000,01-28,120.0,150.0,240.0,412,838.0,1940.0,2190.0
01423000,01-29,129.0,141.0,240.0,395,875.0,1400.0,2060.0
01423000,01-30,114.0,147.0,253.0,369,880.0,1410.0,1790.0
01423000,01-31,119.0,145.0,242.0,410,773.0,1390.0,1510.0
01423000,02-01,119.0,147.0,241.0,400,733.0,1170.0,1400.0
01423000,02-02,135.0,150.0,240.0,430,885.0,1570.0,2590.0
01423000,02-03,129.0,153.0,252.0,412,835.0,2000.0,2820.0
01423000,02-04,120.0,150.0,248.0,415,837.0,1410.0,1920.0
01423000,02-05,120.0,157.0,230.0,468,725.0,1300.0,1830.0
01423000,02-06,133.0,158.0,226.0,444,676.0,1060.0,1710.0
01423000,02-07,131.0,175.0,220.0,400,650.0,1370.0,1950.0
01423000,02-08,124.0,170.0,222.0,386,615.0,1210.0,2220.0
01423000,02-09,129.0,166.0,206.0,365,580.0,1020.0,1620.0
01423000,02-10,129.0,160.0,205.0,363,610.0,1150.0,1970.0
01423000,02-11,139.0,155.0,208.0,362,736.0,1300.0,1930.0
01423000,02-12,145.0,157.0,220.0,355,674.0,1490.0,1760.0
01423000,02-13,139.0,157.0,219.0,325,632.0,1330.0,1830.0
01423000,02-14,140.0,162.0,230.0,332,559.0,1280.0,1910.0
01423000,02-15,139.0,170.0,225.0,344,625.0,1210.0,1400.0
01423000,02-16,139.0,173.0,231.0,355,735.0,1210.0,1850.0
01423000,02-17,140.0,170.0,220.0,390,695.0,1530.0,3040.0
01423000,02-18,139.0,165.0,220.0,366,664.0,1490.0,3030.0
01423000,02-19,139.0,160.0,214.0,383,701.0,1420.0,2140.0
01423000,02-20,139.0,160.0,215.0,356,819.0,1770.0,2220.0
01423000,02-21,137.0,157.0,222.0,400,890.0,1700.0,2200.0
01423000,02-22,120.0,157.0,225.0,409,900.0,2020.0,2700.0
01423000,02-23,130.0,160.0,233.0,422,952.0,1790.0,2820.0
01423000,02-24,127.0,156.0,242.0,467,1010.0,1910.0,2140.0
01423000,02-25,126.0,150.0,223.0,458,992.0,1820.0,3760.0
01423000,02-26,129.0,147.0,221.0,467,899.0,1930.0,3200.0
01423000,02-27,118.0,141.0,236.0,433,967.0,2170.0,2640.0
01423000,02-28,110.0,141.0,252.0,491,1150.0,1870.0,2650.0
01423000,02-29,120.0,130.0,209.0,470,985.0,1480.0,5050.0
01423000,03-01,120.0,147.0,250.0,514,963.0,1600.0,1940.0
01423000,03-02,127.0,173.0,262.0,549,958.0,1450.0,2020.0
01423000,03-03,118.0,177.0,289.0,494,924.0,1330.0,1590.0
01423000,03-04,118.0,174.0,293.0,563,1110.0,1470.0,1820.0
01423000,03-05,124.0,168.0,311.0,545,974.0,2030.0,4720.0
01423000,03-06,120.0,178.0,313.0,589,1100.0,2690.0,5430.0
01423000,03-07,137.0,193.0,282.0,578,1120.0,3220.0,4070.0
01423000,03-08,137.0,183.0,282.0,633,1230.0,2670.0,4080.0
01423000,03-09,138.0,178.0,300.0,557,1240.0,2430.0,5030.0
01423000,03-10,137.0,188.0,342.0,561,1320.0,2830.0,4190.0
01423000,03-11,167.0,214.0,384.0,651,1320.0,2900.0,3230.0
01423000,03-12,169.0,235.0,422.0,740,1780.0,2780.0,3190.0
01423000,03-13,164.0,263.0,432.0,832,1540.0,2220.0,2890.0
01423000,03-14,202.0,285.0,471.0,854,1400.0,2110.0,2740.0
01423000,03-15,196.0,328.0,504.0,873,1380.0,1990.0,4340.0
01423000,03-16,202.0,350.0,491.0,830,1220.0,1940.0,4010.0
01423000,03-17,221.0,345.0,510.0,817,1350.0,2670.0,3450.0
01423000,03-18,284.0,368.0,486.0,775,1440.0,2280.0,2760.0
01423000,03-19,354.0,384.0,487.0,777,1360.0,1820.0,3010.0
01423000,03-20,311.0,369.0,543.0,844,1290.0,2250.0,3140.0
01423000,03-21,279.0,356.0,550.0,917,1320.0,2230.0,2890.0
01423000,03-22,271.0,343.0,553.0,928,1420.0,2390.0,3560.0
01423000,03-23,264.0,331.0,521.0,865,1500.0,2590.0,3640.0
01423000,03-24,298.0,361.0,510.0,817,1430.0,2450.0,3060.0
01423000,03-25,293.0,353.0,515.0,863,1480.0,2550.0,3070.0
01423000,03-26,332.0,422.0,597.0,1020,1510.0,2620.0,3320.0
01423000,03-27,320.0,437.0,640.0,1010,1590.0,2390.0,3860.0
01423000,03-28,337.0,445.0,707.0,1120,1580.0,2510.0,3290.0
01423000,03-29,401.0,461.0,718.0,1130,1720.0,3000.0,4610.0
01423000,03-30,364.0,474.0,767.0,1080,1810.0,3410.0,4120.0
01423000,03-31,383.0,483.0,709.0,1110,1830.0,3390.0,6210.0
01423000,04-01,398.0,487.0,717.0,1100,2090.0,3250.0,4530.0
01423000,04-02,434.0,550.0,731.0,1220,2150.0,2950.0,4140.0
01423000,04-03,395.0,549.0,785.0,1300,2100.0,2990.0,4300.0
01423000,04-04,459.0,521.0,838.0,1340,2400.0,3550.0,4620.0
01423000,04-05,446.0,538.0,795.0,1420,2150.0,3280.0,4440.0
01423000,04-06,402.0,540.0,766.0,1270,2040.0,3440.0,4420.0
01423000,04-07,510.0,566.0,705.0,1220,1950.0,2930.0,5020.0
01423000,04-08,501.0,589.0,692.0,1080,1770.0,3390.0,3840.0
01423000,04-09,520.0,549.0,674.0,1030,1530.0,2560.0,3800.0
01423000,04-10,463.0,542.0,662.0,1120,1530.0,2530.0,2930.0
01423000,04-11,441.0,512.0,637.0,988,1460.0,2470.0,3290.0
01423000,04-12,407.0,503.0,632.0,928,1410.0,2090.0,2610.0
01423000,04-13,423.0,482.0,703.0,1010,1380.0,2130.0,2810.0
01423000,04-14,383.0,463.0,642.0,1020,1410.0,2250.0,2880.0
01423000,04-15,354.0,455.0,633.0,954,1400.0,2350.0,2900.0
01423000,04-16,428.0,454.0,662.0,977,1550.0,2940.0,4000.0
01423000,04-17,413.0,457.0,652.0,901,1530.0,3240.0,4200.0
01423000,04-18,383.0,425.0,619.0,835,1560.0,2730.0,3150.0
01423000,04-19,365.0,398.0,565.0,859,1460.0,2100.0,2560.0
01423000,04-20,354.0,393.0,575.0,833,1410.0,2080.0,3030.0
01423000,04-21,349.0,388.0,587.0,777,1300.0,1680.0,2590.0
01423000,04-22,332.0,375.0,559.0,734,1220.0,2020.0,2330.0
01423000,04-23,354.0,380.0,539.0,789,1370.0,1920.0,2700.0
01423000,04-24,350.0,447.0,512.0,753,1290.0,1880.0,2200.0
01423000,04-25,350.0,430.0,532.0,736,1190.0,1890.0,2900.0
01423000,04-26,385.0,411.0,522.0,797,1250.0,1760.0,2540.0
01423000,04-27,359.0,395.0,526.0,796,1220.0,1840.0,2350.0
01423000,04-28,340.0,388.0,525.0,751,1160.0,1630.0,2070.0
01423000,04-29,335.0,388.0,498.0,800,1050.0,1610.0,1820.0
01423000,04-30,331.0,360.0,478.0,737,955.0,1460.0,2430.0
01423000,05-01,308.0,345.0,469.0,713,959.0,1740.0,2830.0
01423000,05-02,300.0,338.0,468.0,645,915.0,1620.0,2400.0
01423000,05-03,285.0,313.0,455.0,621,1040.0,1490.0,1960.0
01423000,05-04,269.0,300.0,437.0,637,1110.0,1530.0,2050.0
01423000,05-05,265.0,293.0,405.0,593,1000.0,1610.0,2160.0
01423000,05-06,259.0,292.0,388.0,552,970.0,1660.0,1970.0
01423000,05-07,252.0,268.0,349.0,517,945.0,1420.0,1860.0
01423000,05-08,219.0,248.0,352.0,521,858.0,1350.0,1740.0
01423000,05-09,215.0,246.0,378.0,519,861.0,1310.0,1600.0
01423000,05-10,204.0,231.0,354.0,524,904.0,1220.0,1720.0
01423000,05-11,197.0,264.0,346.0,539,841.0,1660.0,2230.0
01423000,05-12,187.0,247.0,333.0,591,874.0,1490.0,1760.0
01423000,05-13,178.0,233.0,310.0,564,1100.0,1500.0,1860.0
01423000,05-14,166.0,211.0,321.0,512,1050.0,1460.0,2290.0
01423000,05-15,155.0,199.0,325.0,541,945.0,1480.0,1860.0
01423000,05-16,160.0,198.0,310.0,567,1040.0,1550.0,1880.0
01423000,05-17,158.0,193.0,330.0,563,940.0,1410.0,1600.0
01423000,05-18,149.0,186.0,337.0,522,886.0,1250.0,2070.0
01423000,05-19,145.0,191.0,308.0,505,837.0,1150.0,1610.0
01423000,05-20,150.0,187.0,285.0,506,893.0,1690.0,2100.0
01423000,05-21,149.0,175.0,259.0,486,763.0,1410.0,2400.0
01423000,05-22,144.0,177.0,242.0,436,742.0,1290.0,1940.0
01423000,05-23,146.0,188.0,258.0,443,735.0,1200.0,1600.0
01423000,05-24,144.0,195.0,275.0,438,652.0,1270.0,1610.0
01423000,05-25,145.0,182.0,255.0,426,633.0,1010.0,1430.0
01423000,05-26,127.0,168.0,228.0,406,595.0,904.0,1910.0
01423000,05-27,141.0,166.0,227.0,376,639.0,891.0,1750.0
01423000,05-28,138.0,161.0,238.0,348,549.0,901.0,1360.0
01423000,05-29,131.0,150.0,233.0,348,540.0,994.0,1490.0
01423000,05-30,122.0,133.0,217.0,327,520.0,866.0,2030.0
01423000,05-31,119.0,123.0,224.0,328,548.0,924.0,1870.0
01423000,06-01,113.0,134.0,211.0,340,586.0,878.0,1730.0
01423000,06-02,124.0,158.0,197.0,330,549.0,862.0,1320.0
01423000,06-03,116.0,137.0,218.0,306,510.0,918.0,1320.0
01423000,06-04,108.0,136.0,186.0,305,478.0,863.0,1040.0
01423000,06-05,108.0,121.0,178.0,280,428.0,809.0,895.0
01423000,06-06,105.0,127.0,178.0,270,595.0,786.0,954.0
01423000,06-07,101.0,143.0,177.0,257,566.0,782.0,1720.0
01423000,06-08,120.0,130.0,168.0,232,503.0,798.0,1520.0
01423000,06-09,108.0,125.0,155.0,237,484.0,1000.0,1640.0
01423000,06-10,99.0,113.0,153.0,264,481.0,982.0,1250.0
01423000,06-11,92.0,115.0,147.0,252,409.0,1140.0,1380.0
01423000,06-12,92.0,111.0,153.0,247,413.0,1070.0,1390.0
01423000,06-13,93.0,104.0,160.0,279,543.0,911.0,1220.0
01423000,06-14,90.0,103.0,151.0,252,588.0,1090.0,1710.0
01423000,06-15,86.0,102.0,149.0,234,516.0,1040.0,1350.0
01423000,06-16,88.0,104.0,130.0,216,555.0,966.0,1270.0
01423000,06-17,80.0,105.0,127.0,235,533.0,916.0,1410.0
01423000,06-18,81.0,100.0,120.0,214,439.0,934.0,1120.0
01423000,06-19,76.0,94.0,123.0,213,467.0,803.0,1090.0
01423000,06-20,76.0,89.0,116.0,198,392.0,832.0,942.0
01423000,06-21,73.0,86.0,108.0,185,385.0,705.0,997.0
01423000,06-22,71.0,83.0,107.0,191,379.0,881.0,1360.0
01423000,06-23,72.0,82.0,106.0,205,469.0,858.0,1170.0
01423000,06-24,70.0,78.0,111.0,183,424.0,774.0,1010.0
01423000,06-25,66.0,75.0,113.0,179,412.0,704.0,1020.0
01423000,06-26,63.0,76.0,108.0,174,408.0,698.0,1500.0
01423000,06-27,61.0,83.0,103.0,157,362.0,728.0,1220.0
01423000,06-28,59.0,82.0,104.0,167,412.0,724.0,1210.0
01423000,06-29,62.0,79.0,105.0,167,407.0,883.0,1580.0
01423000,06-30,57.0,70.0,113.0,164,374.0,1170.0,1940.0
01423000,07-01,54.0,70.0,101.0,150,369.0,1080.0,2630.0
01423000,07-02,50.0,71.0,98.0,160,388.0,841.0,1630.0
01423000,07-03,55.0,70.0,91.0,145,404.0,963.0,1520.0
01423000,07-04,55.0,67.0,92.0,160,402.0,783.0,1150.0
01423000,07-05,57.0,63.0,87.0,184,346.0,882.0,1010.0
01423000,07-06,55.0,61.0,82.0,182,296.0,662.0,741.0
01423000,07-07,54.0,57.0,80.0,175,302.0,566.0,740.0
01423000,07-08,50.0,57.0,81.0,148,330.0,637.0,762.0
01423000,07-09,48.0,53.0,85.0,142,298.0,541.0,626.0
01423000,07-10,45.0,51.0,83.0,140,289.0,498.0,686.0
01423000,07-11,42.0,48.0,78.0,141,272.0,503.0,666.0
01423000,07-12,41.0,46.0,76.0,134,272.0,490.0,739.0
01423000,07-13,42.0,47.0,80.0,121,299.0,480.0,933.0
01423000,07-14,40.0,43.0,77.0,129,285.0,500.0,832.0
01423000,07-15,39.0,48.0,76.0,142,266.0,501.0,774.0
01423000,07-16,37.0,46.0,71.0,135,270.0,426.0,644.0
01423000,07-17,37.0,50.0,69.0,142,260.0,415.0,736.0
01423000,07-18,37.0,47.0,71.0,151,223.0,436.0,746.0
01423000,07-19,34.0,47.0,68.0,139,212.0,372.0,668.0
01423000,07-20,37.0,47.0,74.0,139,207.0,328.0,563.0
01423000,07-21,36.0,49.0,71.0,139,248.0,350.0,527.0
01423000,07-22,33.0,46.0,74.0,133,220.0,390.0,645.0
01423000,07-23,41.0,47.0,75.0,136,232.0,450.0,582.0
01423000,07-24,43.0,46.0,74.0,130,228.0,377.0,583.0
01423000,07-25,40.0,47.0,70.0,123,188.0,443.0,844.0
01423000,07-26,38.0,45.0,70.0,116,191.0,399.0,714.0
01423000,07-27,34.0,43.0,72.0,127,194.0,352.0,716.0
01423000,07-28,34.0,42.0,66.0,111,227.0,429.0,723.0
01423000,07-29,33.0,40.0,66.0,110,249.0,410.0,904.0
01423000,07-30,30.0,39.0,64.0,109,206.0,487.0,1040.0
01423000,07-31,31.0,38.0,62.0,114,200.0,423.0,826.0
01423000,08-01,29.0,35.0,60.0,111,196.0,404.0,842.0
01423000,08-02,31.0,38.0,56.0,108,164.0,493.0,701.0
01423000,08-03,31.0,37.0,57.0,108,204.0,403.0,562.0
01423000,08-04,30.0,37.0,56.0,104,198.0,451.0,714.0
01423000,08-05,29.0,38.0,61.0,103,222.0,382.0,747.0
01423000,08-06,27.0,35.0,58.0,103,208.0,349.0,719.0
01423000,08-07,31.0,34.0,57.0,100,231.0,464.0,998.0
01423000,08-08,30.0,34.0,56.0,96,220.0,508.0,858.0
01423000,08-09,32.0,33.0,52.0,94,198.0,600.0,963.0
01423000,08-10,29.0,37.0,53.0,94,213.0,570.0,1190.0
01423000,08-11,31.0,37.0,54.0,105,201.0,447.0,1090.0
01423000,08-12,32.0,36.0,51.0,103,231.0,524.0,852.0
01423000,08-13,31.0,34.0,48.0,101,212.0,720.0,1120.0
01423000,08-14,30.0,33.0,47.0,102,221.0,858.0,1150.0
01423000,08-15,29.0,32.0,47.0,96,234.0,559.0,732.0
01423000,08-16,27.0,33.0,56.0,93,231.0,547.0,703.0
01423000,08-17,27.0,35.0,55.0,103,207.0,467.0,578.0
01423000,08-18,29.0,35.0,53.0,85,188.0,436.0,1600.0
01423000,08-19,29.0,34.0,50.0,99,187.0,432.0,1270.0
01423000,08-20,28.0,35.0,44.0,92,207.0,447.0,1120.0
01423000,08-21,26.0,34.0,46.0,91,192.0,516.0,1070.0
01423000,08-22,26.0,33.0,44.0,93,174.0,415.0,1220.0
01423000,08-23,25.0,31.0,46.0,92,172.0,520.0,973.0
01423000,08-24,26.0,33.0,47.0,90,171.0,461.0,774.0
01423000,08-25,29.0,33.0,45.0,94,175.0,477.0,646.0
01423000,08-26,30.0,32.0,45.0,93,159.0,475.0,654.0
01423000,08-27,29.0,32.0,42.0,90,154.0,462.0,582.0
01423000,08-28,28.0,32.0,44.0,85,185.0,514.0,726.0
01423000,08-29,27.0,32.0,41.0,84,197.0,536.0,1050.0
01423000,08-30,24.0,33.0,43.0,82,215.0,484.0,1010.0
01423000,08-31,28.0,34.0,51.0,86,238.0,481.0,725.0
01423000,09-01,28.0,34.0,53.0,88,223.0,412.0,754.0
01423000,09-02,24.0,32.0,55.0,84,185.0,590.0,1120.0
01423000,09-03,26.0,31.0,53.0,85,172.0,484.0,988.0
01423000,09-04,25.0,34.0,52.0,78,165.0,366.0,971.0
01423000,09-05,25.0,36.0,51.0,84,143.0,295.0,1070.0
01423000,09-06,25.0,33.0,50.0,81,143.0,498.0,978.0
01423000,09-07,24.0,32.0,48.0,81,150.0,531.0,998.0
01423000,09-08,24.0,30.0,52.0,80,154.0,372.0,588.0
01423000,09-09,23.0,30.0,51.0,79,158.0,403.0,751.0
01423000,09-10,24.0,29.0,52.0,81,156.0,416.0,652.0
01423000,09-11,24.0,30.0,48.0,93,148.0,454.0,581.0
01423000,09-12,24.0,28.0,48.0,87,154.0,396.0,1110.0
01423000,09-13,24.0,29.0,45.0,84,184.0,387.0,932.0
01423000,09-14,25.0,29.0,47.0,88,176.0,380.0,779.0
01423000,09-15,27.0,31.0,45.0,84,193.0,518.0,877.0
01423000,09-16,28.0,32.0,47.0,96,238.0,519.0,757.0
01423000,09-17,28.0,33.0,46.0,91,181.0,538.0,876.0
01423000,09-18,27.0,33.0,45.0,94,199.0,570.0,1110.0
01423000,09-19,26.0,31.0,50.0,98,289.0,725.0,1490.0
01423000,09-20,25.0,31.0,46.0,94,268.0,503.0,1730.0
01423000,09-21,26.0,34.0,47.0,90,259.0,527.0,1340.0
01423000,09-22,28.0,34.0,51.0,94,232.0,753.0,1220.0
01423000,09-23,29.0,37.0,52.0,96,239.0,723.0,1220.0
01423000,09-24,29.0,36.0,55.0,101,257.0,838.0,1330.0
01423000,09-25,29.0,38.0,56.0,107,288.0,838.0,1730.0
01423000,09-26,28.0,35.0,55.0,104,235.0,722.0,1530.0
01423000,09-27,28.0,35.0,59.0,104,263.0,692.0,1870.0
01423000,09-28,29.0,34.0,58.0,99,348.0,1070.0,1900.0
01423000,09-29,31.0,38.0,54.0,101,333.0,1250.0,1800.0
01423000,09-30,33.0,37.0,54.0,121,383.0,934.0,1340.0
01423000,10-01,34.0,37.0,51.0,114,348.0,948.0,1390.0
01423000,10-02,31.0,36.0,49.0,116,322.0,849.0,1740.0
01423000,10-03,29.0,34.0,51.0,115,311.0,793.0,1500.0
01423000,10-04,31.0,34.0,53.0,110,330.0,796.0,1220.0
01423000,10-05,29.0,36.0,56.0,104,304.0,835.0,1270.0
01423000,10-06,28.0,37.0,65.0,120,350.0,830.0,1230.0
01423000,10-07,29.0,35.0,60.0,145,367.0,734.0,1070.0
01423000,10-08,32.0,39.0,65.0,153,429.0,759.0,1030.0
01423000,10-09,31.0,40.0,64.0,162,409.0,745.0,1400.0
01423000,10-10,30.0,42.0,72.0,160,406.0,640.0,1010.0
01423000,10-11,30.0,40.0,66.0,157,378.0,620.0,1000.0
01423000,10-12,29.0,37.0,63.0,158,366.0,710.0,1010.0
01423000,10-13,29.0,36.0,65.0,172,372.0,602.0,885.0
01423000,10-14,30.0,40.0,81.0,172,369.0,543.0,883.0
01423000,10-15,30.0,39.0,81.0,184,436.0,907.0,1080.0
01423000,10-16,29.0,40.0,81.0,186,423.0,728.0,1280.0
01423000,10-17,30.0,42.0,76.0,175,383.0,1050.0,2670.0
01423000,10-18,33.0,42.0,74.0,194,388.0,945.0,2130.0
01423000,10-19,32.0,43.0,72.0,197,438.0,1060.0,2160.0
01423000,10-20,33.0,42.0,73.0,204,534.0,1130.0,2480.0
01423000,10-21,31.0,42.0,78.0,207,479.0,1570.0,2310.0
01423000,10-22,30.0,47.0,79.0,198,465.0,1160.0,2090.0
01423000,10-23,28.0,45.0,92.0,215,525.0,1180.0,1570.0
01423000,10-24,28.0,44.0,82.0,245,576.0,1190.0,1330.0
01423000,10-25,30.0,44.0,95.0,232,625.0,1020.0,1550.0
01423000,10-26,35.0,44.0,92.0,256,756.0,1070.0,1620.0
01423000,10-27,33.0,47.0,96.0,234,718.0,1260.0,1400.0
01423000,10-28,32.0,49.0,99.0,273,763.0,1830.0,2770.0
01423000,10-29,32.0,48.0,107.0,304,713.0,1950.0,2580.0
01423000,10-30,30.0,49.0,113.0,339,763.0,1770.0,2420.0
01423000,10-31,29.0,47.0,138.0,316,798.0,1470.0,1680.0
01423000,11-01,29.0,46.0,130.0,321,789.0,1300.0,1510.0
01423000,11-02,29.0,46.0,137.0,353,779.0,1150.0,1410.0
01423000,11-03,29.0,46.0,146.0,396,807.0,1300.0,2340.0
01423000,11-04,38.0,47.0,142.0,352,733.0,1290.0,1820.0
01423000,11-05,40.0,50.0,141.0,372,692.0,1140.0,1600.0
01423000,11-06,40.0,49.0,155.0,392,728.0,1100.0,1530.0
01423000,11-07,45.0,49.0,149.0,387,714.0,1050.0,1620.0
01423000,11-08,45.0,65.0,167.0,367,684.0,1060.0,1480.0
01423000,11-09,44.0,64.0,172.0,383,662.0,1360.0,2560.0
01423000,11-10,44.0,70.0,193.0,409,680.0,1190.0,2480.0
01423000,11-11,56.0,65.0,208.0,439,686.0,1430.0,2120.0
01423000,11-12,57.0,73.0,226.0,454,712.0,1410.0,2020.0
01423000,11-13,54.0,73.0,215.0,461,764.0,1490.0,1840.0
01423000,11-14,50.0,67.0,213.0,430,790.0,1290.0,1520.0
01423000,11-15,50.0,92.0,211.0,433,763.0,1170.0,1670.0
01423000,11-16,53.0,98.0,213.0,448,847.0,1280.0,1650.0
01423000,11-17,52.0,116.0,227.0,449,884.0,1260.0,1720.0
01423000,11-18,50.0,104.0,226.0,473,866.0,1240.0,1870.0
01423000,11-19,49.0,103.0,222.0,450,876.0,1200.0,1550.0
01423000,11-20,51.0,101.0,227.0,466,896.0,1320.0,1510.0
01423000,11-21,65.0,123.0,238.0,502,885.0,1440.0,2580.0
01423000,11-22,74.0,139.0,244.0,484,874.0,1300.0,1770.0
01423000,11-23,77.0,154.0,250.0,559,839.0,1360.0,1920.0
01423000,11-24,70.0,175.0,285.0,615,822.0,1300.0,1750.0
01423000,11-25,95.0,167.0,350.0,599,909.0,1430.0,1780.0
01423000,11-26,127.0,172.0,360.0,598,928.0,1370.0,1780.0
01423000,11-27,112.0,175.0,383.0,645,936.0,2120.0,3420.0
01423000,11-28,126.0,202.0,396.0,616,1030.0,1990.0,2680.0
01423000,11-29,143.0,246.0,403.0,628,1130.0,1890.0,2160.0
01423000,11-30,200.0,268.0,408.0,625,1150.0,1500.0,1640.0
01423000,12-01,167.0,272.0,379.0,734,1120.0,1570.0,2180.0
01423000,12-02,160.0,249.0,371.0,655,997.0,1610.0,2560.0
01423000,12-03,169.0,232.0,350.0,680,927.0,1530.0,1880.0
01423000,12-04,144.0,201.0,367.0,670,996.0,1410.0,1880.0
01423000,12-05,130.0,242.0,352.0,647,933.0,1230.0,1670.0
01423000,12-06,130.0,265.0,381.0,619,901.0,1280.0,1580.0
01423000,12-07,166.0,271.0,375.0,640,958.0,1530.0,2460.0
01423000,12-08,157.0,241.0,368.0,619,872.0,1500.0,2990.0
01423000,12-09,150.0,247.0,405.0,596,882.0,1410.0,2330.0
01423000,12-10,142.0,255.0,409.0,581,905.0,1650.0,2900.0
01423000,12-11,133.0,240.0,384.0,604,997.0,2140.0,3450.0
01423000,12-12,147.0,249.0,374.0,540,1130.0,1970.0,3450.0
01423000,12-13,143.0,215.0,363.0,522,1050.0,2060.0,2830.0
01423000,12-14,160.0,210.0,341.0,561,1140.0,1740.0,1940.0
01423000,12-15,120.0,196.0,329.0,568,1000.0,1650.0,1890.0
01423000,12-16,123.0,200.0,305.0,559,955.0,1470.0,2020.0
01423000,12-17,125.0,207.0,341.0,549,908.0,1400.0,1900.0
01423000,12-18,196.0,228.0,329.0,542,799.0,1490.0,1940.0
01423000,12-19,185.0,245.0,341.0,528,844.0,1290.0,2030.0
01423000,12-20,169.0,199.0,347.0,503,793.0,1350.0,1810.0
01423000,12-21,149.0,197.0,336.0,539,897.0,1470.0,2240.0
01423000,12-22,174.0,201.0,311.0,512,895.0,1600.0,2600.0
01423000,12-23,170.0,210.0,317.0,491,885.0,1600.0,1980.0
01423000,12-24,169.0,235.0,322.0,501,1080.0,1660.0,2580.0
01423000,12-25,150.0,217.0,315.0,543,1070.0,1700.0,2580.0
01423000,12-26,175.0,213.0,315.0,524,996.0,1430.0,2080.0
01423000,12-27,148.0,200.0,300.0,502,976.0,1330.0,2150.0
01423000,12-28,148.0,213.0,310.0,546,977.0,1430.0,2100.0
01423000,12-29,130.0,209.0,302.0,593,964.0,1480.0,1830.0
01423000,12-30,129.0,189.0,300.0,569,1070.0,1510.0,2040.0
01423000,12-31,137.0,198.0,290.0,548,997.0,1510.0,2090.0
01425000,01-01,10.0,14.0,40.0,180,614.0,1500.0,1720.0
01425000,01-02,10.0,14.0,40.0,180,614.0,1490.0,1520.0
01425000,01-03,10.0,13.0,39.0,153,613.0,1480.0,1500.0
01425000,01-04,9.9,13.0,39.0,148,613.0,1450.0,1500.0
01425000,01-05,9.7,13.0,38.0,151,605.0,1460.0,1500.0
01425000,01-06,10.0,14.0,38.0,181,603.0,1470.0,1510.0
01425000,01-07,10.0,15.0,38.0,180,582.0,1480.0,1540.0
01425000,01-08,9.9,15.0,38.0,149,611.0,1360.0,1490.0
01425000,01-09,9.9,13.0,38.0,145,602.0,1470.0,1510.0
01425000,01-10,9.8,13.0,38.0,145,655.0,1350.0,1510.0
01425000,01-11,9.8,13.0,37.0,145,673.0,1390.0,1510.0
01425000,01-12,9.8,15.0,36.0,145,655.0,1480.0,1530.0
01425000,01-13,9.8,16.0,36.0,144,605.0,1500.0,1860.0
01425000,01-14,10.0,14.0,35.0,143,582.0,1860.0,2190.0
01425000,01-15,9.8,13.0,35.0,138,581.0,1840.0,2230.0
01425000,01-16,8.9,12.0,35.0,137,551.0,1920.0,2250.0
01425000,01-17,9.1,12.0,38.0,154,582.0,1540.0,2550.0
01425000,01-18,9.0,13.0,35.0,192,582.0,1500.0,2390.0
01425000,01-19,9.2,13.0,35.0,153,582.0,1500.0,2060.0
01425000,01-20,9.3,14.0,38.0,192,581.0,1510.0,1690.0
01425000,01-21,9.2,13.0,38.0,190,582.0,1500.0,1520.0
01425000,01-22,9.6,13.0,38.0,151,599.0,1490.0,1500.0
01425000,01-23,9.7,14.0,37.0,187,594.0,1440.0,1500.0
01425000,01-24,10.0,13.0,37.0,238,616.0,1480.0,1510.0
01425000,01-25,10.0,15.0,37.0,241,604.0,1470.0,1500.0
01425000,01-26,10.0,13.0,39.0,226,632.0,1500.0,1540.0
01425000,01-27,13.0,16.0,41.0,225,785.0,1510.0,2340.0
01425000,01-28,15.0,17.0,44.0,219,739.0,1530.0,4230.0
01425000,01-29,14.0,16.0,41.0,183,694.0,1550.0,3190.0
01425000,01-30,12.0,14.0,39.0,177,820.0,1560.0,2550.0
01425000,01-31,11.0,13.0,37.0,188,986.0,1670.0,2600.0
01425000,02-01,11.0,13.0,41.0,200,904.0,1590.0,2120.0
01425000,02-02,11.0,14.0,40.0,221,782.0,1570.0,1800.0
01425000,02-03,12.0,13.0,40.0,218,991.0,1570.0,1900.0
01425000,02-04,12.0,13.0,40.0,234,994.0,1590.0,2030.0
01425000,02-05,11.0,13.0,39.0,220,923.0,1560.0,1960.0
01425000,02-06,10.0,13.0,39.0,209,825.0,1480.0,1760.0
01425000,02-07,9.7,12.0,38.0,190,690.0,1250.0,1580.0
01425000,02-08,10.0,12.0,37.0,189,703.0,1280.0,1610.0
01425000,02-09,10.0,12.0,37.0,198,678.0,1510.0,1590.0
01425000,02-10,11.0,13.0,39.0,223,630.0,1520.0,1650.0
01425000,02-11,10.0,12.0,39.0,212,552.0,1480.0,1580.0
01425000,02-12,9.6,13.0,39.0,221,507.0,1330.0,1560.0
01425000,02-13,10.0,14.0,40.0,220,486.0,1160.0,1560.0
01425000,02-14,10.0,15.0,39.0,221,531.0,931.0,1530.0
01425000,02-15,12.0,13.0,37.0,192,560.0,860.0,1480.0
01425000,02-16,11.0,12.0,37.0,171,507.0,861.0,1460.0
01425000,02-17,11.0,12.0,38.0,193,507.0,856.0,1700.0
01425000,02-18,9.7,13.0,39.0,196,467.0,902.0,2060.0
01425000,02-19,9.8,12.0,40.0,216,446.0,926.0,2550.0
01425000,02-20,10.0,15.0,40.0,201,468.0,926.0,2220.0
01425000,02-21,11.0,14.0,44.0,196,550.0,889.0,1860.0
01425000,02-22,11.0,13.0,43.0,221,587.0,967.0,1650.0
01425000,02-23,10.0,13.0,43.0,221,559.0,1440.0,2230.0
01425000,02-24,9.8,14.0,41.0,190,600.0,1430.0,2330.0
01425000,02-25,9.9,14.0,43.0,241,602.0,1610.0,2250.0
01425000,02-26,9.8,14.0,43.0,272,605.0,1590.0,2000.0
01425000,02-27,9.8,14.0,42.0,266,626.0,1530.0,2170.0
01425000,02-28,9.8,14.0,43.0,234,697.0,1510.0,2290.0
01425000,02-29,,31.0,93.0,382,1060.0,1790.0,
01425000,03-01,10.0,14.0,42.0,250,781.0,1500.0,2000.0
01425000,03-02,10.0,13.0,42.0,234,729.0,1510.0,1870.0
01425000,03-03,11.0,13.0,42.0,230,824.0,1540.0,1880.0
01425000,03-04,11.0,13.0,51.0,269,917.0,1540.0,1850.0
01425000,03-05,12.0,14.0,55.0,276,988.0,1680.0,2360.0
01425000,03-06,10.0,14.0,55.0,307,958.0,1750.0,2570.0
01425000,03-07,10.0,13.0,55.0,311,917.0,1810.0,2480.0
01425000,03-08,10.0,14.0,42.0,289,996.0,1950.0,2970.0
01425000,03-09,10.0,14.0,42.0,270,1280.0,1840.0,2950.0
01425000,03-10,11.0,13.0,39.0,297,1090.0,2330.0,3370.0
01425000,03-11,11.0,14.0,53.0,270,1310.0,2360.0,4040.0
01425000,03-12,11.0,14.0,55.0,275,1160.0,3240.0,3920.0
01425000,03-13,11.0,15.0,53.0,270,1070.0,2900.0,3430.0
01425000,03-14,12.0,14.0,45.0,289,976.0,2600.0,3270.0
01425000,03-15,12.0,14.0,53.0,305,941.0,2350.0,3880.0
01425000,03-16,12.0,13.0,47.0,289,1140.0,2070.0,3680.0
01425000,03-17,12.0,13.0,43.0,479,1130.0,2080.0,3170.0
01425000,03-18,11.0,14.0,47.0,429,1220.0,2400.0,3120.0
01425000,03-19,11.0,14.0,44.0,517,1150.0,2280.0,2910.0
01425000,03-20,11.0,14.0,45.0,532,1200.0,2310.0,3280.0
01425000,03-21,11.0,14.0,51.0,549,1220.0,2680.0,3430.0
01425000,03-22,11.0,14.0,66.0,610,1320.0,2630.0,3610.0
01425000,03-23,11.0,14.0,57.0,611,1420.0,2810.0,3720.0
01425000,03-24,11.0,15.0,88.0,551,1410.0,2470.0,3760.0
01425000,03-25,11.0,15.0,88.0,556,1410.0,2700.0,3400.0
01425000,03-26,13.0,15.0,88.0,590,1460.0,2370.0,3560.0
01425000,03-27,13.0,17.0,93.0,699,1590.0,2750.0,3930.0
01425000,03-28,13.0,16.0,93.0,720,1680.0,2730.0,4050.0
01425000,03-29,13.0,16.0,115.0,802,1680.0,2890.0,3720.0
01425000,03-30,14.0,15.0,140.0,1030,1650.0,3060.0,5140.0
01425000,03-31,14.0,16.0,126.0,948,1720.0,3120.0,5510.0
01425000,04-01,14.0,15.0,108.0,1010,1760.0,2880.0,5140.0
01425000,04-02,13.0,14.0,108.0,1060,1720.0,2760.0,4230.0
01425000,04-03,12.0,14.0,187.0,1230,2190.0,3030.0,3800.0
01425000,04-04,12.0,16.0,169.0,1200,2260.0,2930.0,4240.0
01425000,04-05,12.0,15.0,169.0,1240,2300.0,3700.0,4420.0
01425000,04-06,12.0,16.0,170.0,1220,2360.0,3400.0,4180.0
01425000,04-07,12.0,16.0,197.0,1180,2370.0,3360.0,3760.0
01425000,04-08,12.0,14.0,213.0,1310,2280.0,3000.0,4160.0
01425000,04-09,12.0,14.0,213.0,1300,2100.0,3230.0,4130.0
01425000,04-10,12.0,14.0,196.0,1350,1990.0,3310.0,4470.0
01425000,04-11,12.0,15.0,188.0,1370,1840.0,3190.0,4700.0
01425000,04-12,12.0,14.0,195.0,1120,1900.0,2930.0,3860.0
01425000,04-13,12.0,14.0,196.0,1210,1990.0,2960.0,3890.0
01425000,04-14,12.0,14.0,271.0,1120,1940.0,3190.0,3620.0
01425000,04-15,13.0,16.0,217.0,1140,1930.0,2870.0,3480.0
01425000,04-16,29.0,30.0,217.0,1040,2070.0,2920.0,3480.0
01425000,04-17,29.0,30.0,217.0,941,1920.0,3670.0,3990.0
01425000,04-18,29.0,31.0,216.0,748,1990.0,3920.0,4230.0
01425000,04-19,29.0,30.0,205.0,692,1800.0,3200.0,4070.0
01425000,04-20,29.0,29.0,179.0,846,1610.0,2960.0,3450.0
01425000,04-21,29.0,29.0,206.0,823,1970.0,2630.0,3560.0
01425000,04-22,29.0,30.0,205.0,837,1860.0,2490.0,3300.0
01425000,04-23,29.0,32.0,206.0,813,1680.0,2490.0,3530.0
01425000,04-24,29.0,32.0,138.0,809,1640.0,2620.0,3330.0
01425000,04-25,28.0,31.0,162.0,799,1590.0,2740.0,3200.0
01425000,04-26,28.0,30.0,137.0,805,1540.0,2510.0,3070.0
01425000,04-27,28.0,30.0,158.0,780,1500.0,2450.0,3120.0
01425000,04-28,28.0,32.0,141.0,751,1450.0,2230.0,3680.0
01425000,04-29,28.0,31.0,90.0,801,1420.0,1920.0,3220.0
01425000,04-30,28.0,34.0,91.0,766,1360.0,1760.0,2760.0
01425000,05-01,29.0,31.0,138.0,721,1280.0,1950.0,2740.0
01425000,05-02,29.0,34.0,157.0,717,1250.0,1980.0,3320.0
01425000,05-03,30.0,33.0,145.0,624,1330.0,1800.0,2810.0
01425000,05-04,28.0,31.0,143.0,642,1350.0,1900.0,3040.0
01425000,05-05,28.0,33.0,142.0,612,1290.0,2240.0,3390.0
01425000,05-06,29.0,35.0,142.0,564,1100.0,2170.0,2990.0
01425000,05-07,29.0,35.0,142.0,480,1120.0,2220.0,2900.0
01425000,05-08,28.0,35.0,146.0,450,1190.0,2050.0,2550.0
01425000,05-09,28.0,42.0,145.0,471,1090.0,1920.0,2230.0
01425000,05-10,28.0,42.0,152.0,418,1100.0,1740.0,1970.0
01425000,05-11,28.0,42.0,152.0,490,1110.0,1660.0,2000.0
01425000,05-12,30.0,42.0,143.0,419,1130.0,1600.0,2720.0
01425000,05-13,31.0,42.0,140.0,428,1280.0,1760.0,2340.0
01425000,05-14,31.0,43.0,134.0,375,1350.0,1820.0,2430.0
01425000,05-15,31.0,39.0,110.0,375,1280.0,1830.0,2240.0
01425000,05-16,31.0,38.0,92.0,377,1250.0,1790.0,2280.0
01425000,05-17,32.0,38.0,115.0,401,1210.0,1850.0,2220.0
01425000,05-18,33.0,41.0,106.0,407,1090.0,1790.0,2490.0
01425000,05-19,31.0,37.0,80.0,493,1040.0,1680.0,2710.0
01425000,05-20,30.0,35.0,70.0,480,1010.0,1630.0,2550.0
01425000,05-21,31.0,40.0,148.0,434,954.0,2050.0,2580.0
01425000,05-22,31.0,40.0,188.0,454,906.0,1830.0,2780.0
01425000,05-23,31.0,40.0,188.0,456,897.0,1790.0,2530.0
01425000,05-24,30.0,49.0,188.0,446,793.0,1910.0,2290.0
01425000,05-25,29.0,49.0,188.0,446,804.0,1700.0,2090.0
01425000,05-26,32.0,47.0,158.0,445,792.0,1590.0,1930.0
01425000,05-27,32.0,50.0,188.0,491,651.0,1480.0,1900.0
01425000,05-28,29.0,50.0,187.0,458,655.0,1280.0,1580.0
01425000,05-29,28.0,54.0,199.0,452,601.0,1230.0,2140.0
01425000,05-30,28.0,53.0,200.0,432,734.0,1290.0,1960.0
01425000,05-31,28.0,53.0,173.0,392,617.0,1250.0,3100.0
01425000,06-01,32.0,51.0,161.0,420,680.0,1220.0,2880.0
01425000,06-02,30.0,45.0,208.0,405,646.0,1180.0,1830.0
01425000,06-03,30.0,41.0,195.0,408,627.0,1180.0,1690.0
01425000,06-04,30.0,35.0,162.0,409,577.0,1160.0,1560.0
01425000,06-05,29.0,35.0,157.0,365,542.0,1140.0,1340.0
01425000,06-06,29.0,38.0,144.0,341,527.0,1090.0,1370.0
01425000,06-07,28.0,35.0,163.0,377,574.0,1050.0,1250.0
01425000,06-08,29.0,32.0,136.0,432,662.0,991.0,1660.0
01425000,06-09,28.0,35.0,126.0,456,592.0,941.0,1840.0
01425000,06-10,29.0,36.0,177.0,475,619.0,890.0,1730.0
01425000,06-11,29.0,40.0,162.0,431,546.0,1030.0,1670.0
01425000,06-12,33.0,89.0,171.0,424,537.0,1270.0,1470.0
01425000,06-13,39.0,110.0,235.0,494,665.0,1200.0,1570.0
01425000,06-14,46.0,90.0,286.0,481,667.0,1340.0,1780.0
01425000,06-15,40.0,132.0,274.0,440,624.0,1290.0,1910.0
01425000,06-16,31.0,74.0,274.0,436,560.0,1330.0,1810.0
01425000,06-17,30.0,51.0,320.0,461,736.0,1270.0,1860.0
01425000,06-18,29.0,91.0,331.0,499,748.0,1410.0,1580.0
01425000,06-19,29.0,104.0,328.0,478,743.0,1400.0,1590.0
01425000,06-20,28.0,109.0,331.0,457,663.0,1290.0,1630.0
01425000,06-21,30.0,119.0,330.0,427,564.0,1280.0,1570.0
01425000,06-22,30.0,99.0,330.0,433,723.0,1110.0,1550.0
01425000,06-23,33.0,100.0,326.0,462,675.0,1340.0,1580.0
01425000,06-24,30.0,162.0,331.0,483,812.0,1360.0,1680.0
01425000,06-25,38.0,125.0,331.0,481,791.0,1290.0,1590.0
01425000,06-26,57.0,250.0,334.0,485,809.0,1140.0,1700.0
01425000,06-27,48.0,215.0,334.0,481,739.0,1130.0,1940.0
01425000,06-28,58.0,138.0,328.0,484,632.0,1350.0,1860.0
01425000,06-29,83.0,215.0,328.0,483,618.0,1530.0,2080.0
01425000,06-30,75.0,211.0,330.0,487,673.0,1450.0,2030.0
01425000,07-01,56.0,184.0,335.0,494,725.0,1720.0,2600.0
01425000,07-02,60.0,224.0,336.0,526,942.0,1950.0,2920.0
01425000,07-03,172.0,288.0,341.0,523,964.0,1770.0,2690.0
01425000,07-04,173.0,262.0,340.0,525,889.0,1620.0,2260.0
01425000,07-05,167.0,234.0,340.0,522,850.0,1560.0,1830.0
01425000,07-06,127.0,214.0,336.0,513,797.0,1450.0,1580.0
01425000,07-07,83.0,255.0,336.0,497,770.0,1250.0,1520.0
01425000,07-08,131.0,205.0,336.0,499,790.0,1190.0,1430.0
01425000,07-09,119.0,215.0,336.0,492,784.0,1120.0,1530.0
01425000,07-10,190.0,252.0,331.0,501,677.0,1040.0,1800.0
01425000,07-11,176.0,247.0,340.0,518,720.0,997.0,1780.0
01425000,07-12,161.0,248.0,336.0,499,666.0,1190.0,1850.0
01425000,07-13,149.0,235.0,335.0,453,610.0,1100.0,1730.0
01425000,07-14,121.0,266.0,335.0,483,651.0,1010.0,1460.0
01425000,07-15,110.0,278.0,337.0,503,732.0,1370.0,1540.0
01425000,07-16,80.0,251.0,340.0,511,782.0,1300.0,1540.0
01425000,07-17,60.0,244.0,345.0,482,638.0,1150.0,1520.0
01425000,07-18,93.0,242.0,341.0,490,736.0,1030.0,1530.0
01425000,07-19,127.0,204.0,334.0,510,750.0,1240.0,1530.0
01425000,07-20,138.0,221.0,330.0,485,672.0,1140.0,1460.0
01425000,07-21,61.0,210.0,335.0,471,590.0,969.0,1450.0
01425000,07-22,74.0,160.0,331.0,486,684.0,1060.0,1480.0
01425000,07-23,124.0,167.0,322.0,449,727.0,1080.0,1510.0
01425000,07-24,54.0,171.0,335.0,470,669.0,1040.0,1390.0
01425000,07-25,38.0,174.0,328.0,504,673.0,1030.0,1410.0
01425000,07-26,54.0,164.0,337.0,495,865.0,1130.0,1360.0
01425000,07-27,53.0,152.0,326.0,499,756.0,1100.0,1400.0
01425000,07-28,63.0,172.0,326.0,493,615.0,1030.0,1220.0
01425000,07-29,84.0,163.0,327.0,502,636.0,989.0,1240.0
01425000,07-30,74.0,196.0,340.0,498,637.0,1110.0,1220.0
01425000,07-31,62.0,81.0,332.0,503,748.0,1110.0,1290.0
01425000,08-01,63.0,85.0,340.0,514,769.0,1150.0,1520.0
01425000,08-02,39.0,157.0,341.0,511,751.0,1190.0,1480.0
01425000,08-03,45.0,87.0,326.0,506,677.0,1080.0,1430.0
01425000,08-04,32.0,51.0,322.0,520,774.0,1050.0,1350.0
01425000,08-05,31.0,86.0,322.0,515,838.0,1210.0,1330.0
01425000,08-06,29.0,82.0,311.0,505,806.0,1290.0,1420.0
01425000,08-07,29.0,74.0,306.0,504,826.0,1170.0,1370.0
01425000,08-08,30.0,64.0,334.0,499,849.0,1240.0,1440.0
01425000,08-09,30.0,140.0,333.0,484,863.0,1280.0,1450.0
01425000,08-10,30.0,73.0,326.0,507,863.0,1270.0,1470.0
01425000,08-11,45.0,144.0,315.0,515,915.0,1280.0,1440.0
01425000,08-12,47.0,141.0,338.0,538,863.0,1290.0,1410.0
01425000,08-13,41.0,124.0,337.0,518,889.0,1370.0,1490.0
01425000,08-14,33.0,144.0,354.0,502,917.0,1380.0,1500.0
01425000,08-15,69.0,141.0,343.0,547,898.0,1190.0,1460.0
01425000,08-16,62.0,115.0,336.0,553,880.0,1260.0,1500.0
01425000,08-17,41.0,78.0,345.0,576,1020.0,1260.0,1500.0
01425000,08-18,30.0,81.0,412.0,653,928.0,1200.0,1660.0
01425000,08-19,44.0,79.0,387.0,584,886.0,1190.0,1790.0
01425000,08-20,46.0,68.0,364.0,580,908.0,1320.0,1540.0
01425000,08-21,50.0,65.0,317.0,555,997.0,1350.0,1610.0
01425000,08-22,52.0,65.0,316.0,567,1010.0,1300.0,1610.0
01425000,08-23,44.0,79.0,337.0,574,1010.0,1330.0,1400.0
01425000,08-24,52.0,176.0,418.0,594,938.0,1260.0,1400.0
01425000,08-25,72.0,139.0,409.0,559,930.0,1230.0,1570.0
01425000,08-26,67.0,195.0,426.0,583,884.0,1240.0,1560.0
01425000,08-27,54.0,150.0,416.0,579,886.0,1190.0,1240.0
01425000,08-28,43.0,133.0,338.0,567,938.0,1160.0,1260.0
01425000,08-29,41.0,61.0,331.0,550,884.0,1190.0,1360.0
01425000,08-30,35.0,70.0,219.0,512,858.0,1260.0,1440.0
01425000,08-31,37.0,51.0,250.0,575,941.0,1120.0,1410.0
01425000,09-01,29.0,39.0,291.0,559,960.0,1180.0,1400.0
01425000,09-02,30.0,57.0,328.0,603,936.0,1230.0,1530.0
01425000,09-03,34.0,55.0,341.0,601,926.0,1220.0,1470.0
01425000,09-04,33.0,55.0,348.0,634,939.0,1220.0,1530.0
01425000,09-05,31.0,52.0,332.0,610,954.0,1260.0,1590.0
01425000,09-06,30.0,49.0,174.0,561,935.0,1190.0,1650.0
01425000,09-07,29.0,47.0,244.0,469,796.0,1200.0,1650.0
01425000,09-08,33.0,54.0,303.0,473,868.0,1280.0,1440.0
01425000,09-09,31.0,64.0,334.0,565,945.0,1200.0,1650.0
01425000,09-10,29.0,44.0,321.0,609,955.0,1280.0,1520.0
01425000,09-11,29.0,44.0,252.0,542,997.0,1300.0,1460.0
01425000,09-12,28.0,42.0,218.0,517,911.0,1230.0,1450.0
01425000,09-13,28.0,45.0,225.0,612,905.0,1200.0,1310.0
01425000,09-14,39.0,59.0,248.0,566,863.0,1200.0,1330.0
01425000,09-15,29.0,47.0,244.0,477,785.0,1400.0,1490.0
01425000,09-16,27.0,43.0,232.0,480,992.0,1350.0,1450.0
01425000,09-17,27.0,35.0,236.0,431,821.0,1330.0,1490.0
01425000,09-18,28.0,48.0,185.0,427,895.0,1410.0,1610.0
01425000,09-19,31.0,48.0,248.0,462,968.0,1290.0,1500.0
01425000,09-20,30.0,44.0,258.0,496,996.0,1360.0,1590.0
01425000,09-21,32.0,46.0,176.0,416,983.0,1300.0,1700.0
01425000,09-22,30.0,48.0,160.0,383,946.0,1220.0,1640.0
01425000,09-23,32.0,46.0,210.0,432,932.0,1150.0,1590.0
01425000,09-24,31.0,45.0,96.0,487,939.0,1320.0,1550.0
01425000,09-25,41.0,45.0,188.0,513,948.0,1380.0,1570.0
01425000,09-26,29.0,45.0,208.0,537,945.0,1460.0,1530.0
01425000,09-27,30.0,44.0,140.0,531,969.0,1470.0,1860.0
01425000,09-28,38.0,43.0,122.0,512,1010.0,1500.0,1870.0
01425000,09-29,29.0,42.0,106.0,405,1030.0,1560.0,1960.0
01425000,09-30,38.0,43.0,146.0,546,1120.0,1520.0,1940.0
01425000,10-01,32.0,43.0,107.0,520,1180.0,1490.0,1740.0
01425000,10-02,31.0,42.0,113.0,620,1090.0,1470.0,1560.0
01425000,10-03,26.0,39.0,119.0,648,1110.0,1390.0,1520.0
01425000,10-04,29.0,42.0,129.0,592,1130.0,1370.0,1510.0
01425000,10-05,30.0,42.0,104.0,615,1090.0,1400.0,1510.0
01425000,10-06,29.0,41.0,112.0,564,1020.0,1330.0,1510.0
01425000,10-07,28.0,42.0,129.0,560,1030.0,1270.0,1530.0
01425000,10-08,27.0,41.0,150.0,496,1010.0,1250.0,1470.0
01425000,10-09,27.0,42.0,95.0,496,952.0,1320.0,1490.0
01425000,10-10,26.0,42.0,129.0,436,862.0,1330.0,1520.0
01425000,10-11,28.0,41.0,108.0,371,862.0,1280.0,1510.0
01425000,10-12,26.0,40.0,116.0,403,850.0,1230.0,1510.0
01425000,10-13,26.0,41.0,73.0,448,789.0,1190.0,1510.0
01425000,10-14,25.0,37.0,56.0,456,846.0,1270.0,1520.0
01425000,10-15,26.0,32.0,54.0,355,886.0,1240.0,1520.0
01425000,10-16,25.0,32.0,48.0,332,900.0,1260.0,1520.0
01425000,10-17,25.0,28.0,54.0,322,916.0,1200.0,1470.0
01425000,10-18,25.0,28.0,48.0,335,940.0,1300.0,1820.0
01425000,10-19,26.0,32.0,49.0,411,870.0,1250.0,1820.0
01425000,10-20,26.0,30.0,50.0,321,860.0,1260.0,1810.0
01425000,10-21,26.0,35.0,54.0,430,834.0,1410.0,2410.0
01425000,10-22,27.0,35.0,54.0,478,862.0,1420.0,2910.0
01425000,10-23,26.0,33.0,53.0,306,873.0,1310.0,2260.0
01425000,10-24,25.0,30.0,52.0,256,874.0,1360.0,1800.0
01425000,10-25,26.0,30.0,52.0,232,847.0,1340.0,1570.0
01425000,10-26,26.0,33.0,48.0,202,714.0,1260.0,1470.0
01425000,10-27,27.0,30.0,49.0,235,647.0,1250.0,1450.0
01425000,10-28,27.0,30.0,48.0,178,648.0,1220.0,1460.0
01425000,10-29,27.0,30.0,48.0,154,717.0,1220.0,1490.0
01425000,10-30,28.0,32.0,49.0,198,652.0,1120.0,1470.0
01425000,10-31,26.0,33.0,49.0,197,647.0,1170.0,1480.0
01425000,11-01,26.0,33.0,46.0,195,645.0,1210.0,1490.0
01425000,11-02,24.0,32.0,45.0,152,617.0,1210.0,1510.0
01425000,11-03,23.0,30.0,42.0,168,647.0,1170.0,1530.0
01425000,11-04,23.0,30.0,40.0,153,576.0,1330.0,1530.0
01425000,11-05,24.0,32.0,42.0,152,522.0,1160.0,1530.0
01425000,11-06,24.0,29.0,41.0,147,511.0,1080.0,1530.0
01425000,11-07,24.0,27.0,40.0,152,495.0,1050.0,1460.0
01425000,11-08,23.0,28.0,40.0,151,477.0,1170.0,1400.0
01425000,11-09,24.0,28.0,40.0,151,657.0,1100.0,1490.0
01425000,11-10,24.0,29.0,41.0,152,581.0,1240.0,1450.0
01425000,11-11,25.0,29.0,40.0,157,581.0,1180.0,1500.0
01425000,11-12,25.0,29.0,40.0,152,435.0,1210.0,1500.0
01425000,11-13,25.0,29.0,40.0,145,500.0,1180.0,1490.0
01425000,11-14,25.0,29.0,40.0,152,450.0,1270.0,1480.0
01425000,11-15,25.0,30.0,38.0,150,435.0,1340.0,1480.0
01425000,11-16,23.0,28.0,38.0,127,392.0,1380.0,1490.0
01425000,11-17,24.0,28.0,38.0,137,408.0,1340.0,1480.0
01425000,11-18,27.0,31.0,40.0,148,380.0,1290.0,1480.0
01425000,11-19,27.0,31.0,38.0,151,406.0,1080.0,1460.0
01425000,11-20,27.0,32.0,39.0,149,398.0,1270.0,1500.0
01425000,11-21,24.0,30.0,38.0,149,404.0,1260.0,1500.0
01425000,11-22,27.0,30.0,38.0,149,420.0,1390.0,1720.0
01425000,11-23,26.0,29.0,41.0,141,383.0,1330.0,1710.0
01425000,11-24,26.0,30.0,40.0,120,364.0,1300.0,1600.0
01425000,11-25,25.0,29.0,39.0,150,309.0,1260.0,1500.0
01425000,11-26,25.0,30.0,42.0,121,232.0,1290.0,1500.0
01425000,11-27,26.0,29.0,37.0,61,232.0,1170.0,1530.0
01425000,11-28,24.0,29.0,39.0,59,183.0,1350.0,1550.0
01425000,11-29,25.0,29.0,37.0,58,209.0,1240.0,1650.0
01425000,11-30,23.0,29.0,37.0,61,183.0,1130.0,1560.0
01425000,12-01,16.0,17.0,34.0,56,236.0,1320.0,1690.0
01425000,12-02,10.0,13.0,30.0,56,251.0,1360.0,2890.0
01425000,12-03,10.0,14.0,30.0,56,315.0,1360.0,2970.0
01425000,12-04,11.0,14.0,36.0,79,336.0,1350.0,2610.0
01425000,12-05,11.0,13.0,32.0,78,459.0,1280.0,2260.0
01425000,12-06,12.0,15.0,35.0,79,418.0,1200.0,2020.0
01425000,12-07,13.0,16.0,37.0,107,368.0,1120.0,1750.0
01425000,12-08,13.0,14.0,38.0,115,481.0,1200.0,1530.0
01425000,12-09,12.0,15.0,37.0,104,636.0,1420.0,1670.0
01425000,12-10,12.0,15.0,37.0,113,618.0,1450.0,1670.0
01425000,12-11,12.0,16.0,36.0,120,538.0,1470.0,1520.0
01425000,12-12,12.0,14.0,35.0,118,481.0,1470.0,2560.0
01425000,12-13,12.0,15.0,37.0,133,490.0,1500.0,2260.0
01425000,12-14,11.0,15.0,37.0,142,535.0,1500.0,2440.0
01425000,12-15,10.0,13.0,36.0,149,480.0,1630.0,2330.0
01425000,12-16,10.0,13.0,35.0,149,596.0,1500.0,2090.0
01425000,12-17,9.8,13.0,30.0,145,470.0,1500.0,1850.0
01425000,12-18,11.0,13.0,33.0,149,543.0,1490.0,1930.0
01425000,12-19,10.0,13.0,36.0,153,751.0,1530.0,1960.0
01425000,12-20,10.0,13.0,37.0,154,727.0,1530.0,2090.0
01425000,12-21,9.9,14.0,37.0,154,688.0,1510.0,2000.0
01425000,12-22,9.9,14.0,37.0,180,858.0,1520.0,1810.0
01425000,12-23,9.8,15.0,38.0,178,989.0,1500.0,1550.0
01425000,12-24,9.6,14.0,38.0,180,924.0,1550.0,1850.0
01425000,12-25,11.0,14.0,38.0,162,854.0,1530.0,2250.0
01425000,12-26,10.0,14.0,37.0,153,816.0,1550.0,2130.0
01425000,12-27,10.0,14.0,38.0,148,742.0,1530.0,1870.0
01425000,12-28,10.0,16.0,37.0,155,716.0,1500.0,1570.0
01425000,12-29,10.0,16.0,38.0,154,711.0,1480.0,1620.0
01425000,12-30,10.0,16.0,38.0,178,614.0,1480.0,1650.0
01425000,12-31,10.0,14.0,39.0,178,601.0,1500.0,1690.0
01426500,01-01,112.0,148.0,220.0,430,1100.0,1950.0,2310.0
01426500,01-02,110.0,133.0,190.0,420,1060.0,1900.0,2330.0
01426500,01-03,110.0,126.0,200.0,409,993.0,1810.0,1980.0
01426500,01-04,110.0,134.0,190.0,475,925.0,1750.0,1900.0
01426500,01-05,120.0,138.0,190.0,454,903.0,1740.0,2010.0
01426500,01-06,120.0,138.0,190.0,389,897.0,1740.0,1970.0
01426500,01-07,111.0,125.0,180.0,350,846.0,1740.0,1870.0
01426500,01-08,112.0,120.0,180.0,321,833.0,1730.0,2130.0
01426500,01-09,101.0,114.0,170.0,320,858.0,1750.0,3000.0
01426500,01-10,100.0,116.0,170.0,355,974.0,1590.0,2700.0
01426500,01-11,102.0,122.0,180.0,370,925.0,1630.0,2540.0
01426500,01-12,110.0,120.0,165.0,370,880.0,1740.0,3030.0
01426500,01-13,110.0,120.0,173.0,395,880.0,2140.0,2910.0
01426500,01-14,100.0,110.0,170.0,467,780.0,2540.0,3110.0
01426500,01-15,90.0,104.0,150.0,470,728.0,2580.0,2830.0
01426500,01-16,92.0,100.0,130.0,470,780.0,2300.0,3650.0
01426500,01-17,88.0,104.0,178.0,450,708.0,2060.0,3450.0
01426500,01-18,80.0,104.0,180.0,460,672.0,1850.0,3060.0
01426500,01-19,78.0,98.0,180.0,462,803.0,1880.0,2930.0
01426500,01-20,79.0,103.0,170.0,451,1030.0,1850.0,2530.0
01426500,01-21,90.0,98.0,213.0,437,992.0,1640.0,1800.0
01426500,01-22,80.0,100.0,170.0,407,839.0,1610.0,1700.0
01426500,01-23,76.0,92.0,240.0,402,892.0,1700.0,1750.0
01426500,01-24,72.0,98.0,240.0,500,1170.0,1720.0,2000.0
01426500,01-25,74.0,100.0,275.0,500,1200.0,2100.0,2920.0
01426500,01-26,69.0,120.0,240.0,510,1380.0,1930.0,3410.0
01426500,01-27,93.0,132.0,234.0,521,1240.0,2420.0,3820.0
01426500,01-28,112.0,162.0,224.0,450,1200.0,2170.0,5280.0
01426500,01-29,104.0,134.0,210.0,400,1160.0,2060.0,3980.0
01426500,01-30,60.0,122.0,210.0,440,1150.0,2140.0,3300.0
01426500,01-31,63.0,130.0,210.0,419,1520.0,2080.0,3120.0
01426500,02-01,88.0,132.0,210.0,428,1100.0,1960.0,2600.0
01426500,02-02,92.0,130.0,210.0,436,1140.0,2150.0,2450.0
01426500,02-03,107.0,150.0,220.0,481,1520.0,2150.0,2670.0
01426500,02-04,103.0,170.0,240.0,516,1400.0,2020.0,2680.0
01426500,02-05,102.0,163.0,210.0,431,1100.0,1960.0,2470.0
01426500,02-06,92.0,154.0,201.0,380,1000.0,1820.0,2420.0
01426500,02-07,70.0,140.0,190.0,331,940.0,1810.0,2580.0
01426500,02-08,66.0,124.0,190.0,343,900.0,1740.0,2450.0
01426500,02-09,63.0,120.0,190.0,336,830.0,1970.0,2200.0
01426500,02-10,86.0,114.0,180.0,370,804.0,1830.0,2500.0
01426500,02-11,104.0,130.0,180.0,394,793.0,1780.0,2630.0
01426500,02-12,96.0,140.0,190.0,430,800.0,1640.0,2290.0
01426500,02-13,96.0,146.0,220.0,415,743.0,1330.0,2130.0
01426500,02-14,95.0,160.0,250.0,412,797.0,1730.0,2300.0
01426500,02-15,95.0,138.0,218.0,422,740.0,1220.0,2150.0
01426500,02-16,102.0,154.0,220.0,447,714.0,1400.0,2260.0
01426500,02-17,96.0,150.0,225.0,410,771.0,1460.0,2100.0
01426500,02-18,94.0,138.0,230.0,380,807.0,1510.0,3200.0
01426500,02-19,120.0,154.0,223.0,400,777.0,1260.0,2960.0
01426500,02-20,132.0,158.0,230.0,435,787.0,1400.0,2720.0
01426500,02-21,132.0,162.0,250.0,450,791.0,1820.0,2240.0
01426500,02-22,140.0,158.0,250.0,427,791.0,1640.0,2330.0
01426500,02-23,124.0,148.0,240.0,415,881.0,1830.0,3010.0
01426500,02-24,122.0,137.0,215.0,440,846.0,2290.0,3090.0
01426500,02-25,120.0,154.0,247.0,440,904.0,2640.0,2960.0
01426500,02-26,122.0,148.0,265.0,500,1000.0,2300.0,3470.0
01426500,02-27,116.0,134.0,232.0,504,960.0,1950.0,3050.0
01426500,02-28,120.0,138.0,210.0,507,960.0,2110.0,3860.0
01426500,02-29,,172.0,285.0,620,1780.0,2420.0,
01426500,03-01,104.0,152.0,250.0,480,1000.0,1920.0,2750.0
01426500,03-02,101.0,153.0,251.0,560,1040.0,2210.0,2640.0
01426500,03-03,112.0,169.0,260.0,521,1200.0,2010.0,2600.0
01426500,03-04,131.0,166.0,297.0,515,1080.0,2070.0,2780.0
01426500,03-05,122.0,174.0,307.0,650,1590.0,2450.0,3850.0
01426500,03-06,122.0,146.0,310.0,688,1740.0,3020.0,3750.0
01426500,03-07,132.0,168.0,326.0,694,1650.0,2980.0,3380.0
01426500,03-08,130.0,152.0,310.0,648,1630.0,2520.0,3770.0
01426500,03-09,121.0,136.0,336.0,654,1990.0,2530.0,4020.0
01426500,03-10,118.0,139.0,287.0,651,1780.0,3110.0,5570.0
01426500,03-11,128.0,177.0,265.0,729,1790.0,3900.0,5490.0
01426500,03-12,132.0,156.0,317.0,757,1680.0,4080.0,4690.0
01426500,03-13,132.0,166.0,331.0,771,1540.0,3670.0,4700.0
01426500,03-14,129.0,164.0,340.0,749,1420.0,3320.0,3930.0
01426500,03-15,122.0,199.0,387.0,797,1460.0,3090.0,4470.0
01426500,03-16,134.0,217.0,340.0,767,1630.0,2590.0,4350.0
01426500,03-17,125.0,205.0,366.0,882,1690.0,2570.0,4100.0
01426500,03-18,148.0,225.0,360.0,910,1740.0,2950.0,4180.0
01426500,03-19,154.0,218.0,348.0,924,1600.0,2830.0,3930.0
01426500,03-20,152.0,234.0,340.0,939,1770.0,3260.0,4650.0
01426500,03-21,145.0,209.0,429.0,997,1720.0,3580.0,4700.0
01426500,03-22,132.0,212.0,488.0,932,1950.0,3510.0,4330.0
01426500,03-23,144.0,204.0,459.0,1020,1850.0,3450.0,4960.0
01426500,03-24,154.0,222.0,414.0,1000,1840.0,2980.0,4440.0
01426500,03-25,166.0,227.0,408.0,1210,2020.0,3470.0,4830.0
01426500,03-26,224.0,282.0,434.0,1200,2130.0,3120.0,4170.0
01426500,03-27,231.0,330.0,600.0,1170,2250.0,3600.0,4940.0
01426500,03-28,241.0,330.0,644.0,1270,2190.0,3200.0,4700.0
01426500,03-29,273.0,326.0,645.0,1320,2300.0,3860.0,5110.0
01426500,03-30,212.0,323.0,606.0,1690,2770.0,3910.0,6930.0
01426500,03-31,203.0,308.0,687.0,1590,2600.0,4060.0,7050.0
01426500,04-01,207.0,309.0,576.0,1480,2410.0,3940.0,6510.0
01426500,04-02,302.0,341.0,609.0,1560,2540.0,3910.0,5310.0
01426500,04-03,286.0,305.0,741.0,1640,2770.0,3750.0,4880.0
01426500,04-04,285.0,305.0,827.0,1750,3100.0,4310.0,5190.0
01426500,04-05,251.0,290.0,772.0,1880,3120.0,4480.0,6180.0
01426500,04-06,232.0,270.0,828.0,1870,3120.0,4430.0,5200.0
01426500,04-07,235.0,259.0,776.0,1690,3000.0,4090.0,4650.0
01426500,04-08,218.0,263.0,726.0,1840,2960.0,3930.0,5740.0
01426500,04-09,220.0,257.0,585.0,1720,2610.0,4100.0,5090.0
01426500,04-10,232.0,278.0,590.0,1760,2600.0,4060.0,5650.0
01426500,04-11,214.0,256.0,527.0,1670,2380.0,3870.0,5290.0
01426500,04-12,193.0,296.0,564.0,1470,2610.0,3530.0,4830.0
01426500,04-13,187.0,272.0,601.0,1590,2480.0,3640.0,5040.0
01426500,04-14,209.0,259.0,552.0,1460,2470.0,3860.0,4340.0
01426500,04-15,211.0,246.0,561.0,1400,2460.0,3900.0,4160.0
01426500,04-16,197.0,268.0,586.0,1340,2570.0,4020.0,4430.0
01426500,04-17,198.0,264.0,650.0,1220,2480.0,4830.0,5390.0
01426500,04-18,185.0,243.0,582.0,1120,2300.0,4770.0,5340.0
01426500,04-19,174.0,225.0,484.0,1180,2190.0,3880.0,4940.0
01426500,04-20,190.0,227.0,429.0,1020,2260.0,3470.0,4730.0
01426500,04-21,174.0,210.0,470.0,1100,2450.0,3400.0,4560.0
01426500,04-22,163.0,212.0,394.0,1060,2240.0,3330.0,4160.0
01426500,04-23,160.0,188.0,522.0,1130,2040.0,3240.0,4180.0
01426500,04-24,176.0,229.0,470.0,1090,2010.0,3430.0,4150.0
01426500,04-25,174.0,260.0,537.0,1030,2230.0,3530.0,4250.0
01426500,04-26,181.0,271.0,487.0,1080,2030.0,3300.0,4170.0
01426500,04-27,165.0,229.0,424.0,1020,1810.0,2960.0,4820.0
01426500,04-28,187.0,261.0,438.0,938,1830.0,2590.0,4320.0
01426500,04-29,164.0,222.0,537.0,1040,1710.0,2250.0,3660.0
01426500,04-30,160.0,190.0,520.0,1040,1660.0,2320.0,3100.0
01426500,05-01,157.0,180.0,523.0,895,1580.0,2600.0,4550.0
01426500,05-02,150.0,185.0,462.0,877,1460.0,2460.0,3770.0
01426500,05-03,137.0,216.0,434.0,845,1620.0,2590.0,3440.0
01426500,05-04,133.0,184.0,368.0,935,1590.0,2870.0,4260.0
01426500,05-05,144.0,186.0,333.0,838,1710.0,2860.0,4000.0
01426500,05-06,138.0,193.0,303.0,832,1670.0,3280.0,3790.0
01426500,05-07,135.0,191.0,301.0,787,1580.0,2910.0,3620.0
01426500,05-08,134.0,196.0,311.0,700,1510.0,2450.0,3160.0
01426500,05-09,129.0,167.0,328.0,727,1400.0,2380.0,2890.0
01426500,05-10,126.0,155.0,346.0,721,1440.0,2200.0,2490.0
01426500,05-11,115.0,174.0,348.0,713,1630.0,2130.0,3070.0
01426500,05-12,107.0,177.0,336.0,657,1680.0,2030.0,3380.0
01426500,05-13,102.0,139.0,296.0,780,1740.0,2530.0,2880.0
01426500,05-14,97.0,163.0,291.0,714,1790.0,2540.0,3030.0
01426500,05-15,98.0,145.0,276.0,705,1640.0,2420.0,2890.0
01426500,05-16,101.0,121.0,279.0,620,1620.0,2510.0,2970.0
01426500,05-17,128.0,151.0,295.0,674,1620.0,2450.0,2730.0
01426500,05-18,121.0,161.0,350.0,825,1350.0,2220.0,3300.0
01426500,05-19,111.0,160.0,263.0,732,1330.0,2080.0,3180.0
01426500,05-20,116.0,135.0,301.0,699,1340.0,2500.0,3180.0
01426500,05-21,107.0,138.0,295.0,644,1220.0,2460.0,3030.0
01426500,05-22,99.0,126.0,318.0,647,1160.0,2240.0,3060.0
01426500,05-23,103.0,114.0,327.0,625,1110.0,2390.0,2760.0
01426500,05-24,98.0,152.0,339.0,665,1120.0,2290.0,2790.0
01426500,05-25,89.0,157.0,310.0,629,1100.0,2000.0,2400.0
01426500,05-26,90.0,145.0,262.0,593,1060.0,1920.0,2300.0
01426500,05-27,92.0,126.0,268.0,623,928.0,1660.0,2270.0
01426500,05-28,111.0,136.0,266.0,601,927.0,1660.0,1920.0
01426500,05-29,110.0,148.0,280.0,579,904.0,1660.0,2510.0
01426500,05-30,136.0,160.0,293.0,530,865.0,1880.0,3020.0
01426500,05-31,138.0,157.0,268.0,540,853.0,1750.0,3130.0
01426500,06-01,117.0,161.0,312.0,523,940.0,1750.0,3000.0
01426500,06-02,114.0,165.0,321.0,545,872.0,1740.0,2140.0
01426500,06-03,122.0,150.0,304.0,535,821.0,1610.0,2050.0
01426500,06-04,115.0,151.0,310.0,488,781.0,1560.0,1790.0
01426500,06-05,101.0,125.0,268.0,495,737.0,1440.0,1540.0
01426500,06-06,92.0,126.0,244.0,550,809.0,1330.0,1600.0
01426500,06-07,87.0,111.0,262.0,528,891.0,1350.0,1530.0
01426500,06-08,86.0,97.0,225.0,545,781.0,1230.0,2060.0
01426500,06-09,86.0,105.0,211.0,548,787.0,1160.0,2100.0
01426500,06-10,87.0,116.0,274.0,560,749.0,1280.0,1990.0
01426500,06-11,87.0,113.0,217.0,540,760.0,1100.0,2010.0
01426500,06-12,109.0,121.0,278.0,514,697.0,1510.0,1830.0
01426500,06-13,106.0,179.0,345.0,570,772.0,1610.0,2010.0
01426500,06-14,90.0,234.0,386.0,575,842.0,1720.0,2830.0
01426500,06-15,170.0,228.0,372.0,567,816.0,1790.0,2650.0
01426500,06-16,111.0,195.0,399.0,537,933.0,1580.0,2290.0
01426500,06-17,110.0,192.0,402.0,548,909.0,1680.0,2170.0
01426500,06-18,101.0,162.0,432.0,562,830.0,1730.0,1970.0
01426500,06-19,100.0,269.0,421.0,571,850.0,1620.0,2000.0
01426500,06-20,91.0,167.0,399.0,541,867.0,1680.0,1980.0
01426500,06-21,125.0,242.0,375.0,523,721.0,1490.0,2150.0
01426500,06-22,128.0,212.0,387.0,534,755.0,1490.0,2660.0
01426500,06-23,138.0,209.0,366.0,542,855.0,1460.0,2850.0
01426500,06-24,124.0,219.0,390.0,552,800.0,1500.0,2390.0
01426500,06-25,119.0,195.0,409.0,547,833.0,1510.0,1760.0
01426500,06-26,130.0,278.0,396.0,549,890.0,1460.0,1980.0
01426500,06-27,131.0,229.0,400.0,554,811.0,1380.0,2380.0
01426500,06-28,106.0,216.0,392.0,581,875.0,1820.0,2500.0
01426500,06-29,101.0,245.0,393.0,590,808.0,1920.0,2660.0
01426500,06-30,121.0,235.0,388.0,598,920.0,1780.0,2470.0
01426500,07-01,84.0,261.0,387.0,564,884.0,2550.0,3460.0
01426500,07-02,109.0,282.0,432.0,590,965.0,2770.0,3580.0
01426500,07-03,215.0,345.0,411.0,592,927.0,2470.0,3480.0
01426500,07-04,213.0,346.0,430.0,620,978.0,2260.0,3110.0
01426500,07-05,220.0,351.0,418.0,619,934.0,1680.0,2100.0
01426500,07-06,175.0,301.0,399.0,593,843.0,1590.0,1810.0
01426500,07-07,116.0,344.0,405.0,555,815.0,1360.0,1570.0
01426500,07-08,139.0,266.0,395.0,579,887.0,1380.0,1470.0
01426500,07-09,215.0,260.0,400.0,575,803.0,1300.0,1510.0
01426500,07-10,231.0,307.0,385.0,556,749.0,1180.0,1630.0
01426500,07-11,247.0,303.0,412.0,594,732.0,1090.0,1630.0
01426500,07-12,244.0,345.0,416.0,554,870.0,1230.0,1710.0
01426500,07-13,239.0,308.0,397.0,543,844.0,1290.0,1740.0
01426500,07-14,203.0,308.0,413.0,560,810.0,1390.0,1560.0
01426500,07-15,173.0,322.0,457.0,628,857.0,1340.0,1550.0
01426500,07-16,159.0,314.0,442.0,609,885.0,1360.0,1800.0
01426500,07-17,122.0,285.0,410.0,500,872.0,1270.0,1840.0
01426500,07-18,112.0,289.0,429.0,557,813.0,1110.0,1740.0
01426500,07-19,159.0,262.0,405.0,624,785.0,1210.0,1720.0
01426500,07-20,194.0,262.0,405.0,527,706.0,1210.0,1770.0
01426500,07-21,186.0,268.0,416.0,518,717.0,1020.0,1730.0
01426500,07-22,142.0,192.0,411.0,554,707.0,1100.0,1670.0
01426500,07-23,163.0,251.0,406.0,525,823.0,1150.0,1590.0
01426500,07-24,110.0,287.0,399.0,543,781.0,1100.0,1570.0
01426500,07-25,93.0,287.0,384.0,581,901.0,1420.0,1610.0
01426500,07-26,130.0,220.0,421.0,615,866.0,1150.0,1270.0
01426500,07-27,143.0,174.0,419.0,644,937.0,1100.0,1400.0
01426500,07-28,156.0,218.0,400.0,574,734.0,1070.0,1370.0
01426500,07-29,146.0,270.0,431.0,560,714.0,1020.0,1210.0
01426500,07-30,156.0,302.0,436.0,561,779.0,1090.0,1260.0
01426500,07-31,173.0,227.0,429.0,599,828.0,1240.0,1580.0
01426500,08-01,162.0,202.0,455.0,613,875.0,1050.0,1560.0
01426500,08-02,93.0,209.0,445.0,595,793.0,1140.0,1500.0
01426500,08-03,130.0,213.0,397.0,584,793.0,1100.0,1720.0
01426500,08-04,79.0,204.0,382.0,619,837.0,1130.0,1600.0
01426500,08-05,94.0,181.0,456.0,607,841.0,1180.0,1310.0
01426500,08-06,71.0,157.0,391.0,613,984.0,1260.0,1450.0
01426500,08-07,68.0,170.0,381.0,619,1010.0,1340.0,1750.0
01426500,08-08,77.0,164.0,419.0,609,962.0,1290.0,1640.0
01426500,08-09,81.0,193.0,402.0,578,995.0,1320.0,1960.0
01426500,08-10,65.0,187.0,413.0,584,939.0,1310.0,2400.0
01426500,08-11,147.0,224.0,368.0,630,908.0,1330.0,1640.0
01426500,08-12,147.0,199.0,371.0,637,967.0,1340.0,2280.0
01426500,08-13,132.0,242.0,415.0,608,986.0,1320.0,1430.0
01426500,08-14,112.0,197.0,432.0,613,937.0,1380.0,1770.0
01426500,08-15,158.0,188.0,411.0,617,967.0,1280.0,1950.0
01426500,08-16,124.0,239.0,385.0,676,1000.0,1370.0,1650.0
01426500,08-17,117.0,156.0,415.0,667,1000.0,1230.0,1730.0
01426500,08-18,76.0,144.0,571.0,745,962.0,1380.0,2320.0
01426500,08-19,91.0,162.0,543.0,711,958.0,1360.0,1880.0
01426500,08-20,76.0,147.0,466.0,689,1020.0,1280.0,1630.0
01426500,08-21,81.0,149.0,440.0,682,1040.0,1320.0,1700.0
01426500,08-22,69.0,149.0,411.0,688,1040.0,1280.0,1730.0
01426500,08-23,67.0,160.0,377.0,698,1060.0,1310.0,1720.0
01426500,08-24,88.0,294.0,470.0,683,970.0,1220.0,1430.0
01426500,08-25,124.0,207.0,446.0,648,940.0,1180.0,1570.0
01426500,08-26,142.0,241.0,495.0,634,909.0,1230.0,1610.0
01426500,08-27,130.0,247.0,521.0,653,976.0,1150.0,1240.0
01426500,08-28,106.0,200.0,462.0,721,934.0,1150.0,1500.0
01426500,08-29,71.0,106.0,458.0,702,944.0,1170.0,1620.0
01426500,08-30,66.0,146.0,361.0,666,896.0,1440.0,1620.0
01426500,08-31,71.0,139.0,321.0,697,936.0,1470.0,1760.0
01426500,09-01,79.0,119.0,371.0,664,960.0,1160.0,1450.0
01426500,09-02,78.0,111.0,365.0,715,1000.0,1290.0,1770.0
01426500,09-03,83.0,111.0,403.0,698,969.0,1220.0,1480.0
01426500,09-04,88.0,147.0,421.0,681,979.0,1200.0,1760.0
01426500,09-05,70.0,122.0,412.0,698,1000.0,1270.0,1860.0
01426500,09-06,66.0,141.0,355.0,619,956.0,1260.0,1980.0
01426500,09-07,62.0,122.0,301.0,587,896.0,1220.0,1620.0
01426500,09-08,56.0,108.0,357.0,556,908.0,1220.0,1390.0
01426500,09-09,75.0,120.0,420.0,642,1010.0,1230.0,1640.0
01426500,09-10,73.0,118.0,335.0,640,996.0,1320.0,1920.0
01426500,09-11,65.0,99.0,342.0,629,1030.0,1380.0,1840.0
01426500,09-12,53.0,74.0,289.0,611,997.0,1280.0,1530.0
01426500,09-13,47.0,96.0,349.0,688,958.0,1230.0,1520.0
01426500,09-14,70.0,114.0,384.0,665,899.0,1160.0,1580.0
01426500,09-15,58.0,101.0,278.0,595,929.0,1390.0,1600.0
01426500,09-16,51.0,111.0,306.0,578,1100.0,1470.0,1770.0
01426500,09-17,48.0,83.0,303.0,542,956.0,1490.0,1690.0
01426500,09-18,48.0,102.0,305.0,548,959.0,1510.0,1730.0
01426500,09-19,44.0,116.0,374.0,573,997.0,1340.0,1740.0
01426500,09-20,72.0,104.0,392.0,606,1040.0,1530.0,1720.0
01426500,09-21,80.0,115.0,338.0,604,1080.0,1470.0,1700.0
01426500,09-22,79.0,95.0,354.0,597,1020.0,1450.0,1750.0
01426500,09-23,65.0,106.0,352.0,581,991.0,1520.0,1820.0
01426500,09-24,70.0,91.0,306.0,575,1030.0,1450.0,2340.0
01426500,09-25,73.0,94.0,313.0,609,1140.0,2040.0,2780.0
01426500,09-26,63.0,82.0,335.0,615,1020.0,1940.0,2860.0
01426500,09-27,56.0,118.0,250.0,636,1040.0,2030.0,2860.0
01426500,09-28,62.0,140.0,221.0,636,1110.0,1890.0,3070.0
01426500,09-29,70.0,132.0,199.0,593,1160.0,2120.0,2600.0
01426500,09-30,77.0,114.0,346.0,662,1220.0,2010.0,2400.0
01426500,10-01,57.0,90.0,191.0,602,1220.0,1910.0,2120.0
01426500,10-02,62.0,119.0,242.0,755,1170.0,1660.0,1860.0
01426500,10-03,65.0,84.0,241.0,717,1190.0,1530.0,1870.0
01426500,10-04,53.0,97.0,238.0,662,1150.0,1460.0,1920.0
01426500,10-05,49.0,101.0,259.0,657,1180.0,1430.0,1940.0
01426500,10-06,49.0,98.0,263.0,712,1110.0,1330.0,1880.0
01426500,10-07,65.0,94.0,253.0,613,1080.0,1290.0,1790.0
01426500,10-08,63.0,113.0,276.0,574,1010.0,1350.0,1600.0
01426500,10-09,55.0,85.0,239.0,647,1000.0,1320.0,1750.0
01426500,10-10,56.0,97.0,236.0,632,1060.0,1320.0,1790.0
01426500,10-11,67.0,99.0,238.0,545,910.0,1330.0,1790.0
01426500,10-12,66.0,98.0,231.0,538,970.0,1210.0,1700.0
01426500,10-13,56.0,104.0,238.0,580,872.0,1170.0,1710.0
01426500,10-14,49.0,90.0,233.0,628,836.0,1230.0,1900.0
01426500,10-15,44.0,100.0,210.0,556,1120.0,1630.0,1940.0
01426500,10-16,42.0,93.0,180.0,639,1130.0,1530.0,1970.0
01426500,10-17,39.0,97.0,186.0,660,1150.0,1600.0,1940.0
01426500,10-18,39.0,107.0,208.0,513,1080.0,1340.0,1930.0
01426500,10-19,37.0,97.0,189.0,538,948.0,1320.0,1910.0
01426500,10-20,37.0,121.0,238.0,549,971.0,1460.0,2370.0
01426500,10-21,49.0,137.0,273.0,602,1010.0,1870.0,3590.0
01426500,10-22,52.0,132.0,267.0,603,985.0,1780.0,3680.0
01426500,10-23,57.0,110.0,238.0,528,973.0,1500.0,2850.0
01426500,10-24,46.0,134.0,271.0,556,1090.0,1670.0,2570.0
01426500,10-25,37.0,144.0,244.0,459,1040.0,1470.0,1900.0
01426500,10-26,60.0,138.0,274.0,470,949.0,1490.0,1800.0
01426500,10-27,56.0,126.0,260.0,497,962.0,1560.0,2290.0
01426500,10-28,52.0,119.0,221.0,555,915.0,1710.0,2380.0
01426500,10-29,49.0,98.0,206.0,511,838.0,1690.0,2380.0
01426500,10-30,53.0,121.0,215.0,466,891.0,1420.0,2470.0
01426500,10-31,64.0,135.0,210.0,443,782.0,1560.0,2300.0
01426500,11-01,66.0,138.0,193.0,412,797.0,2120.0,2680.0
01426500,11-02,61.0,122.0,205.0,398,787.0,1620.0,2240.0
01426500,11-03,60.0,122.0,235.0,464,825.0,1520.0,2360.0
01426500,11-04,56.0,110.0,222.0,416,736.0,1620.0,2210.0
01426500,11-05,61.0,102.0,212.0,367,670.0,1470.0,2130.0
01426500,11-06,58.0,100.0,234.0,424,694.0,1340.0,2020.0
01426500,11-07,60.0,103.0,222.0,394,637.0,1300.0,1790.0
01426500,11-08,67.0,106.0,215.0,379,873.0,1500.0,1930.0
01426500,11-09,71.0,119.0,234.0,346,945.0,1730.0,2150.0
01426500,11-10,77.0,153.0,243.0,390,790.0,1720.0,2100.0
01426500,11-11,142.0,180.0,266.0,393,784.0,1720.0,3390.0
01426500,11-12,136.0,178.0,236.0,394,961.0,1360.0,2530.0
01426500,11-13,127.0,176.0,227.0,376,812.0,1610.0,2440.0
01426500,11-14,122.0,168.0,269.0,338,772.0,1740.0,2260.0
01426500,11-15,112.0,140.0,245.0,386,810.0,1790.0,2120.0
01426500,11-16,107.0,126.0,240.0,382,814.0,1880.0,2120.0
01426500,11-17,101.0,123.0,217.0,409,860.0,1780.0,1930.0
01426500,11-18,121.0,145.0,254.0,403,867.0,1610.0,1890.0
01426500,11-19,115.0,159.0,277.0,402,744.0,1680.0,1910.0
01426500,11-20,107.0,137.0,275.0,420,664.0,1660.0,1930.0
01426500,11-21,105.0,143.0,254.0,427,676.0,1760.0,2010.0
01426500,11-22,138.0,172.0,259.0,390,600.0,1740.0,2350.0
01426500,11-23,136.0,172.0,240.0,411,699.0,1770.0,2290.0
01426500,11-24,121.0,172.0,269.0,386,644.0,1600.0,2080.0
01426500,11-25,139.0,188.0,253.0,367,669.0,1590.0,2310.0
01426500,11-26,139.0,173.0,262.0,366,671.0,1700.0,2210.0
01426500,11-27,117.0,153.0,254.0,376,801.0,1880.0,2220.0
01426500,11-28,112.0,147.0,257.0,393,678.0,1760.0,2180.0
01426500,11-29,130.0,171.0,267.0,410,675.0,1600.0,2320.0
01426500,11-30,138.0,162.0,264.0,405,685.0,1670.0,2160.0
01426500,12-01,142.0,170.0,251.0,366,671.0,1620.0,2560.0
01426500,12-02,129.0,152.0,201.0,367,559.0,1710.0,3800.0
01426500,12-03,125.0,149.0,202.0,388,605.0,1710.0,3790.0
01426500,12-04,132.0,154.0,241.0,430,700.0,1650.0,3180.0
01426500,12-05,130.0,150.0,230.0,389,826.0,1540.0,2660.0
01426500,12-06,129.0,156.0,225.0,374,731.0,1440.0,2260.0
01426500,12-07,124.0,159.0,234.0,361,689.0,1440.0,2040.0
01426500,12-08,122.0,158.0,218.0,373,907.0,1900.0,2170.0
01426500,12-09,115.0,161.0,220.0,376,995.0,1790.0,2230.0
01426500,12-10,104.0,153.0,215.0,416,1140.0,1650.0,2120.0
01426500,12-11,130.0,155.0,239.0,464,1210.0,1900.0,3030.0
01426500,12-12,142.0,171.0,239.0,502,1150.0,1980.0,3180.0
01426500,12-13,137.0,165.0,239.0,450,1000.0,2180.0,3270.0
01426500,12-14,150.0,159.0,262.0,450,851.0,2160.0,3150.0
01426500,12-15,150.0,169.0,264.0,411,879.0,1970.0,2920.0
01426500,12-16,144.0,165.0,260.0,410,879.0,1930.0,2490.0
01426500,12-17,144.0,188.0,245.0,450,836.0,1920.0,2860.0
01426500,12-18,130.0,164.0,230.0,450,942.0,1890.0,3090.0
01426500,12-19,126.0,162.0,220.0,404,1060.0,1820.0,2700.0
01426500,12-20,120.0,154.0,220.0,429,1040.0,1850.0,2590.0
01426500,12-21,124.0,154.0,248.0,445,1150.0,2210.0,2690.0
01426500,12-22,142.0,158.0,240.0,427,1390.0,1940.0,2320.0
01426500,12-23,132.0,149.0,220.0,455,1450.0,1890.0,2290.0
01426500,12-24,126.0,150.0,210.0,420,1280.0,2110.0,2650.0
01426500,12-25,122.0,150.0,230.0,410,1260.0,2420.0,2850.0
01426500,12-26,140.0,150.0,230.0,563,1200.0,2200.0,2350.0
01426500,12-27,132.0,147.0,210.0,524,1080.0,2060.0,2150.0
01426500,12-28,132.0,140.0,230.0,451,993.0,1870.0,2020.0
01426500,12-29,130.0,140.0,240.0,492,1020.0,1940.0,2340.0
01426500,12-30,122.0,140.0,220.0,469,995.0,1960.0,2330.0
01426500,12-31,120.0,138.0,215.0,447,897.0,2000.0,2220.0
01427207,01-01,861.0,1330.0,2060.0,3190,4620.0,5710.0,6820.0
01427207,01-02,877.0,1280.0,1970.0,3440,4470.0,5070.0,6410.0
01427207,01-03,893.0,1270.0,1840.0,3060,3910.0,4580.0,5870.0
01427207,01-04,930.0,1420.0,2180.0,3050,3870.0,4940.0,5410.0
01427207,01-05,954.0,1440.0,1910.0,2990,3680.0,4260.0,5570.0
01427207,01-06,973.0,1170.0,2180.0,2900,3700.0,5880.0,7300.0
01427207,01-07,980.0,1040.0,1850.0,2770,3600.0,5020.0,7590.0
01427207,01-08,933.0,995.0,1560.0,2540,3480.0,5110.0,9240.0
01427207,01-09,955.0,1010.0,1230.0,2380,3460.0,9000.0,9020.0
01427207,01-10,944.0,1010.0,1240.0,2340,4970.0,10200.0,10300.0
01427207,01-11,937.0,1010.0,1260.0,2140,4700.0,8350.0,11700.0
01427207,01-12,890.0,1080.0,1600.0,2640,3900.0,11500.0,11800.0
01427207,01-13,845.0,1030.0,1970.0,3120,7130.0,10700.0,11000.0
01427207,01-14,832.0,974.0,1990.0,3120,5010.0,7280.0,10900.0
01427207,01-15,927.0,984.0,1870.0,3000,4120.0,7220.0,8470.0
01427207,01-16,884.0,891.0,1750.0,2840,3540.0,7310.0,9940.0
01427207,01-17,858.0,963.0,2040.0,2520,3310.0,5990.0,8380.0
01427207,01-18,822.0,1020.0,1910.0,2610,3280.0,4850.0,7420.0
01427207,01-19,784.0,1320.0,1630.0,2300,3260.0,4400.0,6980.0
01427207,01-20,750.0,1240.0,1590.0,1920,3710.0,4110.0,6140.0
01427207,01-21,735.0,1070.0,1460.0,1790,3360.0,3810.0,5060.0
01427207,01-22,724.0,997.0,1410.0,1750,3260.0,3550.0,4510.0
01427207,01-23,714.0,886.0,1270.0,2220,3320.0,4010.0,5170.0
01427207,01-24,702.0,793.0,1350.0,2780,3580.0,8030.0,9730.0
01427207,01-25,688.0,691.0,1300.0,2740,4380.0,11200.0,15100.0
01427207,01-26,615.0,678.0,1270.0,2770,3610.0,10200.0,18700.0
01427207,01-27,596.0,672.0,1210.0,2900,3360.0,8760.0,9500.0
01427207,01-28,615.0,664.0,1210.0,2810,3380.0,7120.0,8990.0
01427207,01-29,604.0,654.0,1150.0,2600,3590.0,5460.0,9630.0
01427207,01-30,609.0,644.0,1100.0,2510,3480.0,4790.0,7120.0
01427207,01-31,591.0,644.0,1070.0,2570,3800.0,6740.0,8450.0
01427207,02-01,582.0,637.0,1070.0,2360,3740.0,5920.0,6280.0
01427207,02-02,567.0,626.0,1070.0,2180,3820.0,4720.0,5420.0
01427207,02-03,574.0,626.0,1020.0,2150,3120.0,4340.0,4760.0
01427207,02-04,608.0,623.0,1190.0,2370,3570.0,4130.0,4220.0
01427207,02-05,601.0,608.0,1240.0,2180,3740.0,3960.0,4120.0
01427207,02-06,583.0,620.0,1090.0,1960,2910.0,4940.0,8890.0
01427207,02-07,579.0,613.0,970.0,1980,3010.0,5800.0,13700.0
01427207,02-08,563.0,575.0,910.0,1890,2810.0,9890.0,11100.0
01427207,02-09,559.0,566.0,880.0,1760,2270.0,8000.0,10500.0
01427207,02-10,563.0,564.0,873.0,1450,2110.0,6970.0,8180.0
01427207,02-11,560.0,564.0,900.0,1530,2080.0,5530.0,6980.0
01427207,02-12,564.0,583.0,888.0,1800,3110.0,4780.0,6000.0
01427207,02-13,564.0,595.0,848.0,1750,3460.0,5440.0,5440.0
01427207,02-14,564.0,588.0,815.0,1740,2810.0,4810.0,8430.0
01427207,02-15,568.0,570.0,1100.0,1700,2300.0,4410.0,7280.0
01427207,02-16,552.0,575.0,1090.0,1750,3420.0,4280.0,6440.0
01427207,02-17,530.0,578.0,1070.0,1640,3080.0,5600.0,7560.0
01427207,02-18,518.0,580.0,1090.0,1820,3720.0,5480.0,10200.0
01427207,02-19,513.0,584.0,1270.0,1910,3060.0,4070.0,15200.0
01427207,02-20,505.0,584.0,1180.0,1900,2810.0,4660.0,11900.0
01427207,02-21,510.0,585.0,1150.0,1920,2360.0,7280.0,9160.0
01427207,02-22,519.0,593.0,1130.0,1840,2120.0,7440.0,7730.0
01427207,02-23,518.0,604.0,1080.0,1830,2500.0,6340.0,6760.0
01427207,02-24,511.0,615.0,987.0,1770,3400.0,5470.0,6070.0
01427207,02-25,517.0,640.0,1100.0,1700,3780.0,10200.0,15100.0
01427207,02-26,521.0,699.0,1120.0,1810,3180.0,10100.0,17700.0
01427207,02-27,526.0,853.0,1110.0,2130,4200.0,7730.0,7760.0
01427207,02-28,539.0,1060.0,1370.0,2320,3760.0,5720.0,6390.0
01427207,02-29,,,2280.0,4020,4610.0,,
01427207,03-01,541.0,1040.0,1510.0,2200,3490.0,4800.0,5680.0
01427207,03-02,549.0,1200.0,1330.0,2060,3250.0,4470.0,6690.0
01427207,03-03,539.0,1200.0,1520.0,2320,3360.0,5080.0,5960.0
01427207,03-04,530.0,1140.0,1550.0,2450,3770.0,4920.0,5220.0
01427207,03-05,528.0,1100.0,1570.0,2320,3760.0,4950.0,20600.0
01427207,03-06,513.0,1090.0,1380.0,2360,4490.0,11300.0,24900.0
01427207,03-07,509.0,1060.0,1530.0,2400,4470.0,16900.0,21300.0
01427207,03-08,502.0,1090.0,1710.0,2900,4880.0,10000.0,23300.0
01427207,03-09,502.0,1070.0,1860.0,3200,5120.0,16600.0,36600.0
01427207,03-10,513.0,1160.0,1760.0,2980,4020.0,16700.0,22900.0
01427207,03-11,529.0,1330.0,1840.0,3060,4050.0,15100.0,29000.0
01427207,03-12,595.0,1430.0,2020.0,3380,6600.0,11500.0,20600.0
01427207,03-13,752.0,1250.0,2000.0,3000,8670.0,12200.0,16700.0
01427207,03-14,1010.0,1080.0,1900.0,2930,6790.0,12500.0,13400.0
01427207,03-15,836.0,1280.0,2060.0,2960,6600.0,10800.0,11700.0
01427207,03-16,1290.0,1450.0,1950.0,2930,5770.0,10200.0,10500.0
01427207,03-17,1310.0,1520.0,2280.0,2970,6070.0,7150.0,10600.0
01427207,03-18,1250.0,1480.0,2150.0,2970,5280.0,6240.0,12300.0
01427207,03-19,1230.0,1410.0,2000.0,3180,5380.0,6320.0,15100.0
01427207,03-20,1350.0,1400.0,1940.0,3270,5180.0,12200.0,19300.0
01427207,03-21,1460.0,1500.0,2040.0,3210,4390.0,10600.0,14600.0
01427207,03-22,1430.0,1460.0,1980.0,3400,3830.0,9700.0,11200.0
01427207,03-23,1330.0,1450.0,1950.0,3270,4860.0,9010.0,16800.0
01427207,03-24,1240.0,1480.0,1820.0,2830,7290.0,8010.0,16800.0
01427207,03-25,1140.0,1310.0,1700.0,2950,6470.0,12100.0,13800.0
01427207,03-26,1050.0,1270.0,1710.0,2950,6130.0,11900.0,12200.0
01427207,03-27,1110.0,1180.0,1620.0,2880,5780.0,9810.0,16600.0
01427207,03-28,1220.0,1240.0,1640.0,2800,6470.0,8050.0,20200.0
01427207,03-29,1220.0,1240.0,1920.0,3440,7150.0,10900.0,17500.0
01427207,03-30,1160.0,1240.0,1810.0,3920,6710.0,10600.0,13700.0
01427207,03-31,1180.0,1280.0,1740.0,4400,6550.0,11400.0,17600.0
01427207,04-01,1130.0,1340.0,2050.0,4690,9000.0,10200.0,14700.0
01427207,04-02,1150.0,1350.0,2280.0,4170,8460.0,11800.0,13500.0
01427207,04-03,1180.0,1340.0,2810.0,4570,7200.0,9810.0,11100.0
01427207,04-04,1210.0,1270.0,2950.0,5360,7850.0,10600.0,11100.0
01427207,04-05,1160.0,1180.0,2890.0,5590,7220.0,10900.0,12900.0
01427207,04-06,1120.0,1130.0,2760.0,5550,6700.0,11200.0,11500.0
01427207,04-07,1060.0,1560.0,2590.0,5080,6960.0,10100.0,19300.0
01427207,04-08,1020.0,1540.0,2800.0,5030,6990.0,15400.0,37400.0
01427207,04-09,985.0,1640.0,3280.0,4400,5940.0,12600.0,27400.0
01427207,04-10,970.0,1650.0,2980.0,4190,5750.0,13300.0,18700.0
01427207,04-11,959.0,1650.0,3060.0,3810,5510.0,11800.0,13100.0
01427207,04-12,961.0,1930.0,2930.0,3680,6370.0,9850.0,10300.0
01427207,04-13,914.0,2080.0,2660.0,4160,6060.0,8660.0,13900.0
01427207,04-14,881.0,2190.0,2530.0,3840,5840.0,12300.0,12400.0
01427207,04-15,862.0,1920.0,2360.0,4500,6520.0,11000.0,18100.0
01427207,04-16,846.0,1780.0,2360.0,4030,6850.0,16500.0,21600.0
01427207,04-17,805.0,1760.0,2210.0,3400,9340.0,11700.0,21200.0
01427207,04-18,730.0,1770.0,2050.0,3100,8240.0,10000.0,18700.0
01427207,04-19,698.0,1460.0,1720.0,2570,7010.0,8550.0,17600.0
01427207,04-20,739.0,1140.0,1660.0,3470,6640.0,13100.0,17200.0
01427207,04-21,848.0,1260.0,1560.0,4430,7070.0,14800.0,15100.0
01427207,04-22,864.0,1210.0,1540.0,4320,6770.0,11400.0,12300.0
01427207,04-23,1130.0,1400.0,1740.0,3840,6020.0,9160.0,10400.0
01427207,04-24,1080.0,1310.0,1640.0,3680,5270.0,8820.0,8840.0
01427207,04-25,1220.0,1230.0,1580.0,2980,4770.0,7760.0,8430.0
01427207,04-26,1170.0,1330.0,1580.0,2550,6110.0,7400.0,11100.0
01427207,04-27,1120.0,1230.0,2050.0,2880,5950.0,10000.0,15300.0
01427207,04-28,1060.0,1230.0,1840.0,2600,5440.0,8330.0,20800.0
01427207,04-29,981.0,1370.0,1770.0,2450,4950.0,7240.0,20200.0
01427207,04-30,920.0,1260.0,1630.0,2640,5330.0,6440.0,15000.0
01427207,05-01,927.0,1070.0,1660.0,2530,5570.0,15500.0,18400.0
01427207,05-02,1070.0,1190.0,1560.0,3640,5140.0,14900.0,15900.0
01427207,05-03,1050.0,1240.0,1690.0,3070,4820.0,11700.0,11800.0
01427207,05-04,995.0,1160.0,1700.0,2930,5370.0,10400.0,10400.0
01427207,05-05,991.0,1090.0,1580.0,2830,7370.0,10500.0,11400.0
01427207,05-06,1040.0,1040.0,1420.0,2860,7590.0,9480.0,10300.0
01427207,05-07,1010.0,1010.0,1310.0,2710,6420.0,9090.0,16400.0
01427207,05-08,948.0,1050.0,1330.0,2580,5220.0,7730.0,10600.0
01427207,05-09,897.0,1080.0,1650.0,2810,5450.0,6410.0,11600.0
01427207,05-10,854.0,1130.0,1590.0,2850,4390.0,6820.0,19800.0
01427207,05-11,805.0,1270.0,1520.0,3000,3830.0,6690.0,15900.0
01427207,05-12,796.0,1250.0,1640.0,2730,3400.0,6020.0,11800.0
01427207,05-13,776.0,1160.0,1490.0,2300,3350.0,6360.0,9470.0
01427207,05-14,747.0,1110.0,1320.0,2170,3200.0,7710.0,9640.0
01427207,05-15,718.0,1080.0,1560.0,2140,3600.0,8300.0,10500.0
01427207,05-16,867.0,1160.0,1540.0,2600,5120.0,7500.0,13200.0
01427207,05-17,1320.0,1380.0,1450.0,2690,4760.0,8470.0,20100.0
01427207,05-18,1180.0,1220.0,1330.0,2380,4300.0,6110.0,12900.0
01427207,05-19,1140.0,1170.0,1340.0,2100,4090.0,7670.0,9220.0
01427207,05-20,1120.0,1200.0,1250.0,1850,3290.0,7200.0,11500.0
01427207,05-21,958.0,1120.0,1250.0,1740,3150.0,5590.0,12500.0
01427207,05-22,951.0,1060.0,1250.0,1660,3120.0,5430.0,9440.0
01427207,05-23,885.0,996.0,1330.0,1880,3370.0,6290.0,7690.0
01427207,05-24,811.0,947.0,1230.0,1650,3380.0,4940.0,7230.0
01427207,05-25,781.0,912.0,1130.0,1540,3050.0,4050.0,6120.0
01427207,05-26,770.0,867.0,1090.0,1510,2680.0,3440.0,4970.0
01427207,05-27,787.0,835.0,1060.0,1560,2460.0,3090.0,5050.0
01427207,05-28,844.0,936.0,1180.0,1560,2360.0,3350.0,4620.0
01427207,05-29,873.0,893.0,1160.0,1690,2980.0,3920.0,7280.0
01427207,05-30,792.0,841.0,989.0,1920,2640.0,5920.0,9010.0
01427207,05-31,740.0,797.0,965.0,1800,3170.0,6580.0,7450.0
01427207,06-01,775.0,871.0,1020.0,1670,2650.0,7080.0,7970.0
01427207,06-02,876.0,936.0,1090.0,1800,2490.0,5250.0,6720.0
01427207,06-03,839.0,878.0,1130.0,1630,2410.0,4140.0,5600.0
01427207,06-04,783.0,889.0,1010.0,1740,2070.0,3690.0,4700.0
01427207,06-05,767.0,882.0,1010.0,1630,2140.0,3100.0,4020.0
01427207,06-06,845.0,897.0,1020.0,1550,2390.0,3650.0,11200.0
01427207,06-07,796.0,840.0,1030.0,1440,1830.0,3940.0,11300.0
01427207,06-08,869.0,870.0,982.0,1610,1800.0,4550.0,8410.0
01427207,06-09,868.0,947.0,1180.0,1550,2310.0,4690.0,6900.0
01427207,06-10,948.0,1010.0,1230.0,1500,2170.0,4680.0,5520.0
01427207,06-11,895.0,999.0,1190.0,1500,2520.0,4330.0,4810.0
01427207,06-12,803.0,885.0,1130.0,1440,2660.0,3790.0,5260.0
01427207,06-13,771.0,897.0,1200.0,2010,3100.0,3360.0,6470.0
01427207,06-14,840.0,959.0,1180.0,1780,2280.0,7090.0,16400.0
01427207,06-15,1020.0,1050.0,1140.0,1600,2640.0,3930.0,13500.0
01427207,06-16,827.0,1010.0,1100.0,1410,2780.0,3700.0,10600.0
01427207,06-17,920.0,948.0,1080.0,1420,2890.0,3330.0,8780.0
01427207,06-18,844.0,878.0,1150.0,1400,2350.0,5450.0,7190.0
01427207,06-19,816.0,975.0,1030.0,1360,2280.0,5910.0,8090.0
01427207,06-20,841.0,948.0,1090.0,1620,3560.0,4510.0,7720.0
01427207,06-21,916.0,948.0,1060.0,1500,2290.0,5810.0,15000.0
01427207,06-22,850.0,887.0,1020.0,1340,2860.0,7150.0,13400.0
01427207,06-23,756.0,914.0,1000.0,1340,3520.0,7900.0,10800.0
01427207,06-24,852.0,899.0,1010.0,1230,3790.0,5550.0,8450.0
01427207,06-25,767.0,898.0,981.0,1270,2570.0,5920.0,7090.0
01427207,06-26,712.0,919.0,1030.0,1300,3270.0,6360.0,11500.0
01427207,06-27,733.0,895.0,993.0,1240,2960.0,5850.0,6860.0
01427207,06-28,755.0,884.0,1130.0,1810,2750.0,5130.0,11700.0
01427207,06-29,666.0,877.0,1120.0,1870,3240.0,5610.0,5770.0
01427207,06-30,747.0,835.0,1150.0,1450,2590.0,4100.0,4120.0
01427207,07-01,708.0,727.0,1180.0,1420,2300.0,4120.0,8480.0
01427207,07-02,660.0,853.0,1120.0,1450,2100.0,4140.0,8520.0
01427207,07-03,634.0,915.0,1020.0,1510,3110.0,4550.0,7180.0
01427207,07-04,758.0,778.0,1030.0,1350,3520.0,6570.0,9380.0
01427207,07-05,651.0,927.0,1070.0,1300,2670.0,5520.0,6520.0
01427207,07-06,765.0,826.0,1070.0,1450,2440.0,4400.0,5460.0
01427207,07-07,630.0,837.0,1030.0,1320,2180.0,3880.0,4540.0
01427207,07-08,647.0,835.0,977.0,1280,2160.0,3590.0,3670.0
01427207,07-09,582.0,914.0,1120.0,1280,2030.0,3180.0,5460.0
01427207,07-10,586.0,884.0,1060.0,1240,2650.0,3080.0,4090.0
01427207,07-11,810.0,864.0,1020.0,1320,2100.0,2510.0,2840.0
01427207,07-12,725.0,838.0,976.0,1410,2220.0,2490.0,4510.0
01427207,07-13,675.0,816.0,998.0,1240,1660.0,2200.0,6620.0
01427207,07-14,692.0,803.0,1040.0,1340,1950.0,6420.0,8010.0
01427207,07-15,709.0,944.0,1020.0,1230,2660.0,5130.0,5260.0
01427207,07-16,737.0,824.0,1060.0,1220,2730.0,4160.0,6520.0
01427207,07-17,776.0,810.0,1040.0,1300,2160.0,4610.0,4710.0
01427207,07-18,776.0,812.0,1010.0,1340,1840.0,3350.0,11200.0
01427207,07-19,739.0,795.0,1020.0,1330,1630.0,2860.0,8600.0
01427207,07-20,712.0,720.0,1030.0,1210,1600.0,2960.0,6320.0
01427207,07-21,698.0,845.0,1030.0,1160,1540.0,2730.0,7450.0
01427207,07-22,715.0,883.0,987.0,1130,1360.0,2670.0,6150.0
01427207,07-23,693.0,857.0,1010.0,1300,2140.0,2800.0,5010.0
01427207,07-24,961.0,1030.0,1100.0,1550,2700.0,4230.0,14300.0
01427207,07-25,865.0,897.0,1070.0,1300,3630.0,5130.0,6530.0
01427207,07-26,776.0,859.0,1030.0,1300,2620.0,3820.0,10400.0
01427207,07-27,747.0,871.0,1030.0,1370,2340.0,2950.0,4640.0
01427207,07-28,699.0,948.0,984.0,1310,2350.0,3100.0,3270.0
01427207,07-29,670.0,956.0,1070.0,1340,2010.0,2280.0,2400.0
01427207,07-30,754.0,931.0,1150.0,1310,2010.0,2960.0,6860.0
01427207,07-31,936.0,943.0,1110.0,1330,1720.0,2200.0,6640.0
01427207,08-01,922.0,962.0,1070.0,1320,1620.0,1950.0,10600.0
01427207,08-02,887.0,900.0,1040.0,1310,1630.0,2500.0,7400.0
01427207,08-03,880.0,934.0,1110.0,1230,1560.0,3440.0,7500.0
01427207,08-04,872.0,1010.0,1120.0,1230,1570.0,5250.0,12800.0
01427207,08-05,839.0,892.0,1020.0,1150,1640.0,6680.0,9710.0
01427207,08-06,855.0,865.0,950.0,1150,1510.0,3960.0,4530.0
01427207,08-07,859.0,871.0,959.0,1220,2260.0,3880.0,3990.0
01427207,08-08,823.0,878.0,996.0,1310,3220.0,4620.0,4820.0
01427207,08-09,780.0,846.0,964.0,1360,3060.0,12400.0,15400.0
01427207,08-10,810.0,815.0,1030.0,1230,2710.0,15300.0,23500.0
01427207,08-11,847.0,884.0,1100.0,1410,2310.0,7500.0,12800.0
01427207,08-12,797.0,911.0,1070.0,1420,2130.0,7370.0,7730.0
01427207,08-13,813.0,939.0,1070.0,1320,2720.0,6100.0,6480.0
01427207,08-14,756.0,946.0,1000.0,1390,2450.0,4980.0,8730.0
01427207,08-15,903.0,923.0,1070.0,1290,2210.0,6970.0,11600.0
01427207,08-16,855.0,880.0,1100.0,1330,2040.0,5940.0,8910.0
01427207,08-17,852.0,929.0,1050.0,1330,1830.0,4280.0,7400.0
01427207,08-18,838.0,862.0,1150.0,1340,1960.0,9690.0,13000.0
01427207,08-19,797.0,875.0,1060.0,1390,2330.0,7240.0,14800.0
01427207,08-20,778.0,881.0,1070.0,1370,2190.0,4760.0,11400.0
01427207,08-21,824.0,925.0,1150.0,1380,1940.0,3740.0,8570.0
01427207,08-22,843.0,857.0,1080.0,1450,2070.0,3750.0,7540.0
01427207,08-23,767.0,820.0,1090.0,1330,2590.0,6300.0,6720.0
01427207,08-24,787.0,816.0,1020.0,1220,2390.0,4410.0,5080.0
01427207,08-25,779.0,967.0,1030.0,1240,2020.0,3150.0,4090.0
01427207,08-26,764.0,948.0,1000.0,1220,1730.0,2890.0,3570.0
01427207,08-27,765.0,909.0,985.0,1210,1880.0,2430.0,3340.0
01427207,08-28,850.0,899.0,1070.0,1160,2160.0,3200.0,25000.0
01427207,08-29,837.0,880.0,1030.0,1150,2130.0,4330.0,27200.0
01427207,08-30,848.0,861.0,954.0,1140,2260.0,7190.0,14900.0
01427207,08-31,848.0,893.0,1060.0,1240,1910.0,3640.0,8680.0
01427207,09-01,892.0,914.0,987.0,1240,2200.0,2910.0,6770.0
01427207,09-02,833.0,868.0,922.0,1230,2250.0,5560.0,6880.0
01427207,09-03,678.0,888.0,1050.0,1190,2240.0,4220.0,4860.0
01427207,09-04,681.0,820.0,935.0,1320,2130.0,3000.0,4240.0
01427207,09-05,727.0,776.0,899.0,1360,1940.0,2570.0,6160.0
01427207,09-06,417.0,740.0,965.0,1350,1870.0,5890.0,9220.0
01427207,09-07,574.0,709.0,954.0,1310,1680.0,6710.0,34300.0
01427207,09-08,627.0,735.0,965.0,1280,1990.0,4380.0,55600.0
01427207,09-09,643.0,813.0,1060.0,1230,2110.0,3240.0,38200.0
01427207,09-10,754.0,787.0,991.0,1260,1880.0,4240.0,21000.0
01427207,09-11,655.0,777.0,1060.0,1220,1610.0,6400.0,13900.0
01427207,09-12,635.0,762.0,995.0,1350,1920.0,4190.0,10700.0
01427207,09-13,807.0,842.0,971.0,1250,2230.0,3920.0,8800.0
01427207,09-14,734.0,839.0,961.0,1270,2290.0,4830.0,6860.0
01427207,09-15,731.0,804.0,1010.0,1410,2020.0,5640.0,6240.0
01427207,09-16,619.0,741.0,970.0,1370,1790.0,4950.0,5050.0
01427207,09-17,538.0,699.0,946.0,1220,1610.0,4030.0,4290.0
01427207,09-18,513.0,807.0,910.0,1130,1800.0,3770.0,6050.0
01427207,09-19,629.0,708.0,945.0,1250,2330.0,5930.0,12300.0
01427207,09-20,851.0,885.0,992.0,1410,2100.0,3670.0,4430.0
01427207,09-21,787.0,801.0,1050.0,1330,1900.0,3340.0,3730.0
01427207,09-22,804.0,835.0,1130.0,1330,1830.0,3260.0,5360.0
01427207,09-23,791.0,834.0,1160.0,1310,2170.0,4030.0,4560.0
01427207,09-24,776.0,830.0,1060.0,1300,1970.0,7110.0,13500.0
01427207,09-25,824.0,883.0,994.0,1380,1950.0,7070.0,8080.0
01427207,09-26,818.0,842.0,969.0,1330,2010.0,5310.0,12000.0
01427207,09-27,769.0,849.0,998.0,1210,1760.0,5390.0,12200.0
01427207,09-28,407.0,721.0,987.0,1410,1890.0,11000.0,13800.0
01427207,09-29,560.0,751.0,994.0,1380,2910.0,8900.0,14500.0
01427207,09-30,739.0,810.0,1280.0,1490,3280.0,6740.0,14600.0
01427207,10-01,792.0,915.0,1250.0,1530,3030.0,9220.0,36000.0
01427207,10-02,820.0,850.0,1050.0,1400,2830.0,8710.0,11200.0
01427207,10-03,781.0,801.0,895.0,1340,2770.0,7610.0,7890.0
01427207,10-04,755.0,783.0,922.0,1360,2590.0,6050.0,6650.0
01427207,10-05,601.0,769.0,941.0,1420,2620.0,6080.0,6790.0
01427207,10-06,527.0,811.0,1040.0,1450,2370.0,5310.0,5690.0
01427207,10-07,603.0,792.0,1020.0,1400,2430.0,4470.0,4990.0
01427207,10-08,590.0,894.0,1090.0,1420,3210.0,4240.0,4570.0
01427207,10-09,509.0,758.0,1160.0,1340,2510.0,3730.0,4230.0
01427207,10-10,462.0,855.0,1170.0,1370,2100.0,3540.0,3930.0
01427207,10-11,466.0,830.0,982.0,1330,1930.0,3420.0,4510.0
01427207,10-12,514.0,706.0,896.0,1150,1980.0,3310.0,6480.0
01427207,10-13,587.0,784.0,897.0,1240,1740.0,3370.0,5440.0
01427207,10-14,593.0,856.0,1070.0,1160,1860.0,4370.0,5170.0
01427207,10-15,837.0,938.0,1080.0,1400,1890.0,4580.0,5930.0
01427207,10-16,683.0,822.0,1070.0,1380,2420.0,4900.0,6360.0
01427207,10-17,734.0,888.0,1200.0,1350,3330.0,4630.0,5660.0
01427207,10-18,764.0,866.0,1190.0,1380,3030.0,3960.0,4210.0
01427207,10-19,635.0,872.0,1130.0,1340,2790.0,3880.0,6330.0
01427207,10-20,894.0,927.0,1050.0,1340,2690.0,6160.0,7840.0
01427207,10-21,693.0,861.0,986.0,1480,2550.0,4460.0,8790.0
01427207,10-22,907.0,939.0,1060.0,1410,2490.0,3640.0,5840.0
01427207,10-23,930.0,957.0,1040.0,1430,2530.0,3490.0,4640.0
01427207,10-24,675.0,886.0,1240.0,1610,2600.0,3850.0,3930.0
01427207,10-25,545.0,1010.0,1290.0,1590,2840.0,3500.0,6850.0
01427207,10-26,1120.0,1170.0,1330.0,1530,3130.0,5550.0,20100.0
01427207,10-27,830.0,873.0,1190.0,1840,2870.0,4670.0,20500.0
01427207,10-28,713.0,822.0,1170.0,2240,4900.0,8630.0,11200.0
01427207,10-29,688.0,968.0,1250.0,2350,5210.0,7990.0,12700.0
01427207,10-30,932.0,1000.0,1380.0,2620,4950.0,9070.0,11800.0
01427207,10-31,904.0,916.0,1800.0,2510,4750.0,5950.0,7610.0
01427207,11-01,915.0,958.0,1440.0,2140,4460.0,6180.0,15100.0
01427207,11-02,920.0,945.0,1610.0,2150,3950.0,6220.0,7730.0
01427207,11-03,838.0,890.0,1470.0,1870,3540.0,5680.0,9670.0
01427207,11-04,853.0,1090.0,1310.0,1700,3230.0,5080.0,8100.0
01427207,11-05,835.0,954.0,1200.0,1800,2760.0,4650.0,6570.0
01427207,11-06,718.0,827.0,1160.0,1730,2400.0,4210.0,7000.0
01427207,11-07,816.0,1010.0,1190.0,1780,2200.0,3840.0,7480.0
01427207,11-08,798.0,1030.0,1310.0,1690,2130.0,3940.0,6300.0
01427207,11-09,759.0,968.0,1260.0,1670,2070.0,5670.0,6070.0
01427207,11-10,734.0,948.0,1280.0,1630,2020.0,4890.0,8470.0
01427207,11-11,781.0,1050.0,1260.0,1520,2190.0,5490.0,7300.0
01427207,11-12,1110.0,1110.0,1220.0,1650,3290.0,6160.0,6420.0
01427207,11-13,1060.0,1100.0,1290.0,1620,3310.0,6400.0,8020.0
01427207,11-14,1020.0,1060.0,1300.0,1510,2800.0,6610.0,7680.0
01427207,11-15,983.0,1120.0,1190.0,1530,2440.0,5880.0,6300.0
01427207,11-16,960.0,1090.0,1190.0,1870,2530.0,6290.0,8340.0
01427207,11-17,974.0,979.0,1270.0,1890,2910.0,5220.0,20900.0
01427207,11-18,945.0,1000.0,1310.0,1750,3260.0,4760.0,13600.0
01427207,11-19,1120.0,1150.0,1390.0,1660,2710.0,4730.0,10500.0
01427207,11-20,813.0,1090.0,1410.0,1770,2750.0,4810.0,8470.0
01427207,11-21,667.0,1060.0,1270.0,1510,3160.0,4570.0,6980.0
01427207,11-22,859.0,1170.0,1270.0,1470,2580.0,4260.0,5860.0
01427207,11-23,855.0,1160.0,1270.0,1520,2430.0,6110.0,6850.0
01427207,11-24,884.0,1090.0,1260.0,1520,2220.0,5950.0,6590.0
01427207,11-25,933.0,1130.0,1280.0,1720,2050.0,5650.0,5770.0
01427207,11-26,1130.0,1220.0,1420.0,1650,2470.0,5150.0,6740.0
01427207,11-27,1080.0,1210.0,1480.0,2150,3810.0,7090.0,12200.0
01427207,11-28,1020.0,1170.0,1360.0,2130,4050.0,5920.0,9630.0
01427207,11-29,962.0,1040.0,1240.0,2060,3460.0,4000.0,7600.0
01427207,11-30,937.0,1090.0,1270.0,2020,3080.0,6300.0,7740.0
01427207,12-01,966.0,1070.0,1340.0,2330,4600.0,6090.0,6590.0
01427207,12-02,966.0,1060.0,1400.0,2230,3950.0,6430.0,13900.0
01427207,12-03,910.0,1090.0,1590.0,2350,3780.0,6650.0,7770.0
01427207,12-04,873.0,1010.0,1650.0,2370,3860.0,4930.0,7990.0
01427207,12-05,804.0,858.0,1540.0,2070,3360.0,4360.0,7000.0
01427207,12-06,790.0,936.0,1480.0,1950,3270.0,3840.0,6040.0
01427207,12-07,833.0,890.0,1410.0,2150,3410.0,5390.0,5690.0
01427207,12-08,725.0,855.0,1300.0,1980,3130.0,4710.0,11700.0
01427207,12-09,597.0,913.0,1330.0,1910,2990.0,4230.0,8260.0
01427207,12-10,583.0,929.0,1420.0,2440,3080.0,4080.0,7260.0
01427207,12-11,704.0,903.0,1390.0,2550,5540.0,6670.0,9210.0
01427207,12-12,769.0,892.0,1430.0,2340,4330.0,16600.0,19300.0
01427207,12-13,793.0,822.0,1380.0,2430,4030.0,6910.0,9280.0
01427207,12-14,690.0,787.0,1360.0,2790,3770.0,5090.0,5630.0
01427207,12-15,654.0,727.0,1440.0,2580,3560.0,4790.0,5990.0
01427207,12-16,572.0,618.0,1550.0,2400,3920.0,4720.0,5330.0
01427207,12-17,606.0,726.0,1420.0,2410,3660.0,4660.0,4720.0
01427207,12-18,718.0,776.0,1950.0,2770,3410.0,4470.0,23100.0
01427207,12-19,786.0,1180.0,1910.0,2860,3670.0,5240.0,16200.0
01427207,12-20,807.0,1080.0,1730.0,2820,3430.0,5340.0,12100.0
01427207,12-21,862.0,1160.0,1680.0,2870,3320.0,9600.0,10400.0
01427207,12-22,799.0,1130.0,1790.0,2980,4340.0,10500.0,13700.0
01427207,12-23,904.0,1090.0,1910.0,3120,5950.0,8720.0,8910.0
01427207,12-24,1130.0,1330.0,2280.0,3190,6020.0,7730.0,12300.0
01427207,12-25,1130.0,1610.0,2650.0,4400,5720.0,7660.0,34900.0
01427207,12-26,1130.0,1400.0,2260.0,3460,5280.0,6060.0,14900.0
01427207,12-27,954.0,1160.0,1990.0,3480,4430.0,5780.0,6550.0
01427207,12-28,735.0,1250.0,2230.0,3150,4480.0,6440.0,7050.0
01427207,12-29,695.0,1270.0,2200.0,3150,4820.0,5650.0,8890.0
01427207,12-30,744.0,1240.0,2100.0,3240,5150.0,5570.0,7420.0
01427207,12-31,825.0,1310.0,2140.0,2990,4690.0,5030.0,6800.0
01427510,01-01,692.0,808.0,1270.0,2260,4230.0,6200.0,8290.0
01427510,01-02,724.0,824.0,1250.0,2320,4390.0,6180.0,7520.0
01427510,01-03,712.0,816.0,1200.0,2160,4340.0,4980.0,6410.0
01427510,01-04,700.0,816.0,1300.0,2000,3890.0,5890.0,6370.0
01427510,01-05,704.0,884.0,1100.0,2080,4140.0,5390.0,7070.0
01427510,01-06,700.0,828.0,1030.0,2100,4120.0,7080.0,8020.0
01427510,01-07,704.0,800.0,1040.0,2070,3700.0,6030.0,7700.0
01427510,01-08,704.0,824.0,1040.0,1810,3440.0,5810.0,8240.0
01427510,01-09,680.0,820.0,1080.0,1610,3630.0,6140.0,16500.0
01427510,01-10,652.0,784.0,1020.0,1500,3500.0,7340.0,14500.0
01427510,01-11,676.0,768.0,1100.0,1700,3200.0,6720.0,12200.0
01427510,01-12,684.0,840.0,1200.0,1800,3600.0,5600.0,11200.0
01427510,01-13,652.0,840.0,1150.0,2000,3750.0,8320.0,11300.0
01427510,01-14,656.0,900.0,1100.0,2040,3630.0,8180.0,12100.0
01427510,01-15,636.0,840.0,1080.0,1990,3690.0,7380.0,13500.0
01427510,01-16,632.0,832.0,967.0,1800,3640.0,7080.0,11000.0
01427510,01-17,660.0,800.0,970.0,1600,3400.0,6090.0,9040.0
01427510,01-18,644.0,764.0,960.0,1690,3240.0,5390.0,8170.0
01427510,01-19,624.0,728.0,1100.0,1780,3350.0,6600.0,17600.0
01427510,01-20,610.0,700.0,1000.0,1880,3300.0,6440.0,13500.0
01427510,01-21,632.0,708.0,980.0,1870,3160.0,6070.0,10200.0
01427510,01-22,648.0,728.0,1090.0,1790,3240.0,4980.0,7460.0
01427510,01-23,664.0,764.0,1000.0,1660,3700.0,4650.0,6230.0
01427510,01-24,680.0,780.0,1000.0,1700,3540.0,7810.0,11400.0
01427510,01-25,640.0,762.0,1070.0,1900,3580.0,8460.0,16200.0
01427510,01-26,636.0,773.0,1060.0,1700,4030.0,9760.0,14200.0
01427510,01-27,700.0,807.0,1100.0,1800,4240.0,10200.0,16600.0
01427510,01-28,691.0,800.0,1050.0,1660,3730.0,8270.0,17800.0
01427510,01-29,652.0,784.0,1100.0,1600,3330.0,6230.0,12600.0
01427510,01-30,576.0,769.0,1100.0,1600,3300.0,6550.0,9400.0
01427510,01-31,556.0,742.0,1050.0,1850,3400.0,6760.0,8310.0
01427510,02-01,556.0,730.0,1000.0,1700,3360.0,6080.0,7740.0
01427510,02-02,617.0,804.0,1100.0,1600,3710.0,5380.0,6730.0
01427510,02-03,603.0,765.0,1130.0,1780,3730.0,5540.0,8230.0
01427510,02-04,590.0,840.0,1200.0,1720,3430.0,6930.0,9720.0
01427510,02-05,721.0,852.0,1200.0,1720,3530.0,5770.0,6240.0
01427510,02-06,729.0,816.0,1200.0,1900,3100.0,4500.0,7740.0
01427510,02-07,756.0,804.0,1120.0,1700,2780.0,5480.0,8400.0
01427510,02-08,728.0,754.0,1050.0,1700,2600.0,6820.0,9890.0
01427510,02-09,696.0,745.0,1050.0,1600,2270.0,6010.0,8170.0
01427510,02-10,616.0,724.0,1000.0,1600,2210.0,5880.0,7940.0
01427510,02-11,643.0,724.0,996.0,1600,2260.0,6000.0,8730.0
01427510,02-12,633.0,726.0,960.0,1500,2600.0,5440.0,7430.0
01427510,02-13,622.0,740.0,955.0,1500,3080.0,5960.0,6360.0
01427510,02-14,648.0,700.0,964.0,1470,2400.0,5560.0,6160.0
01427510,02-15,668.0,772.0,972.0,1430,2300.0,4820.0,6420.0
01427510,02-16,718.0,804.0,1050.0,1700,2500.0,5120.0,6590.0
01427510,02-17,671.0,796.0,1060.0,1750,2490.0,6480.0,9080.0
01427510,02-18,660.0,768.0,1100.0,1700,2800.0,6250.0,9350.0
01427510,02-19,655.0,768.0,1100.0,1600,2760.0,6360.0,10400.0
01427510,02-20,659.0,756.0,1100.0,1700,3140.0,6160.0,14300.0
01427510,02-21,691.0,748.0,1250.0,1950,3080.0,5300.0,11100.0
01427510,02-22,700.0,744.0,1180.0,1900,3260.0,7760.0,10800.0
01427510,02-23,691.0,760.0,1230.0,2000,3500.0,7950.0,9860.0
01427510,02-24,675.0,772.0,1250.0,2040,3200.0,7940.0,9830.0
01427510,02-25,673.0,765.0,1230.0,1860,4000.0,9700.0,12700.0
01427510,02-26,660.0,830.0,1200.0,2070,3990.0,9450.0,12500.0
01427510,02-27,658.0,924.0,1210.0,1890,3800.0,8770.0,10100.0
01427510,02-28,670.0,924.0,1260.0,2200,3380.0,7740.0,10200.0
01427510,02-29,,574.0,1290.0,3960,6280.0,11300.0,
01427510,03-01,681.0,936.0,1330.0,2100,3640.0,6740.0,8550.0
01427510,03-02,677.0,912.0,1400.0,2150,3400.0,7370.0,8620.0
01427510,03-03,671.0,916.0,1420.0,2000,3700.0,6740.0,7360.0
01427510,03-04,677.0,904.0,1400.0,2100,4000.0,6360.0,7240.0
01427510,03-05,685.0,900.0,1500.0,2060,5200.0,8660.0,11800.0
01427510,03-06,679.0,884.0,1450.0,2080,5240.0,10600.0,19800.0
01427510,03-07,713.0,940.0,1400.0,2170,5310.0,13000.0,22500.0
01427510,03-08,731.0,940.0,1290.0,2610,5380.0,10300.0,14500.0
01427510,03-09,737.0,1020.0,1410.0,2570,6640.0,11200.0,16600.0
01427510,03-10,718.0,952.0,1600.0,2940,5770.0,11900.0,19900.0
01427510,03-11,715.0,966.0,1680.0,3420,5820.0,14000.0,17100.0
01427510,03-12,790.0,1000.0,1600.0,3480,6390.0,12900.0,15400.0
01427510,03-13,760.0,1040.0,1500.0,3860,7680.0,11300.0,15800.0
01427510,03-14,688.0,1070.0,1820.0,3490,6290.0,9160.0,15000.0
01427510,03-15,736.0,1020.0,2260.0,3600,5140.0,11400.0,21000.0
01427510,03-16,861.0,1360.0,2120.0,3510,4900.0,9670.0,13900.0
01427510,03-17,831.0,1450.0,2000.0,3100,5620.0,8430.0,11900.0
01427510,03-18,1010.0,1470.0,2000.0,3170,5860.0,7620.0,11300.0
01427510,03-19,1240.0,1490.0,2090.0,3100,5600.0,7740.0,13800.0
01427510,03-20,1180.0,1500.0,1980.0,3250,4910.0,7620.0,17000.0
01427510,03-21,1070.0,1580.0,2020.0,3390,5080.0,8660.0,15500.0
01427510,03-22,984.0,1590.0,2120.0,4040,5830.0,10300.0,19800.0
01427510,03-23,954.0,1480.0,2280.0,4100,6780.0,9970.0,13300.0
01427510,03-24,1220.0,1430.0,1990.0,3980,6980.0,8930.0,13700.0
01427510,03-25,1240.0,1530.0,1930.0,4210,7320.0,10500.0,13600.0
01427510,03-26,1280.0,1510.0,2310.0,3950,6510.0,12200.0,13400.0
01427510,03-27,1290.0,1510.0,2400.0,4520,6980.0,10600.0,14400.0
01427510,03-28,1250.0,1690.0,2800.0,5260,7140.0,9150.0,14200.0
01427510,03-29,1260.0,1660.0,2980.0,5310,7560.0,13600.0,18100.0
01427510,03-30,1220.0,1640.0,3680.0,5420,7770.0,13500.0,17900.0
01427510,03-31,1230.0,1500.0,3350.0,5190,8540.0,12800.0,23300.0
01427510,04-01,1240.0,1620.0,3160.0,5610,9990.0,13700.0,19900.0
01427510,04-02,1420.0,1810.0,2920.0,5320,10000.0,13800.0,21900.0
01427510,04-03,1320.0,1760.0,3360.0,5310,8680.0,11900.0,17700.0
01427510,04-04,1330.0,1660.0,3230.0,5990,9230.0,13300.0,16700.0
01427510,04-05,1390.0,1660.0,3020.0,6270,10000.0,12400.0,19300.0
01427510,04-06,1260.0,1780.0,2820.0,5380,9000.0,12800.0,18700.0
01427510,04-07,1390.0,1840.0,2710.0,5470,8530.0,13500.0,17800.0
01427510,04-08,1410.0,1770.0,3090.0,4970,8300.0,13200.0,16700.0
01427510,04-09,1350.0,1720.0,2990.0,4850,7820.0,12100.0,14800.0
01427510,04-10,1590.0,1680.0,2780.0,4950,7650.0,12400.0,18400.0
01427510,04-11,1570.0,1690.0,2580.0,4390,7340.0,13700.0,18200.0
01427510,04-12,1410.0,1700.0,2530.0,4270,6640.0,10600.0,14900.0
01427510,04-13,1360.0,1620.0,2960.0,4910,6560.0,11900.0,16100.0
01427510,04-14,1470.0,1640.0,2770.0,4570,6840.0,12300.0,14600.0
01427510,04-15,1450.0,1830.0,2630.0,4640,7420.0,10300.0,15300.0
01427510,04-16,1450.0,1760.0,2650.0,4220,7740.0,18100.0,22600.0
01427510,04-17,1390.0,1880.0,2710.0,3940,7690.0,18000.0,21300.0
01427510,04-18,1250.0,1990.0,2410.0,3570,7670.0,13800.0,17100.0
01427510,04-19,1250.0,1720.0,2120.0,3340,8370.0,10600.0,13100.0
01427510,04-20,1290.0,1490.0,1940.0,3390,7370.0,9990.0,13000.0
01427510,04-21,1200.0,1350.0,1830.0,3180,6820.0,9140.0,11900.0
01427510,04-22,1180.0,1290.0,1850.0,3600,6330.0,9600.0,11800.0
01427510,04-23,1150.0,1540.0,1940.0,3410,6010.0,10000.0,10800.0
01427510,04-24,1230.0,1490.0,2290.0,3870,5900.0,9790.0,10900.0
01427510,04-25,1270.0,1510.0,2140.0,3450,6060.0,9490.0,12100.0
01427510,04-26,1330.0,1590.0,2070.0,3150,5680.0,8520.0,11600.0
01427510,04-27,1240.0,1510.0,1920.0,3420,6070.0,8870.0,15800.0
01427510,04-28,1340.0,1500.0,2130.0,3480,5740.0,8860.0,14300.0
01427510,04-29,1250.0,1490.0,2120.0,3510,5770.0,7190.0,12200.0
01427510,04-30,1190.0,1380.0,2090.0,3450,5380.0,7850.0,12400.0
01427510,05-01,1190.0,1310.0,1900.0,3190,4960.0,11600.0,17900.0
01427510,05-02,1190.0,1350.0,1870.0,3250,5290.0,13000.0,15900.0
01427510,05-03,1110.0,1260.0,1960.0,3390,5270.0,10800.0,13800.0
01427510,05-04,1080.0,1160.0,2080.0,3340,5090.0,10400.0,11900.0
01427510,05-05,1030.0,1240.0,1900.0,3330,6150.0,9570.0,11400.0
01427510,05-06,964.0,1200.0,1830.0,3040,6160.0,10200.0,11400.0
01427510,05-07,972.0,1130.0,1680.0,2930,5140.0,8590.0,14200.0
01427510,05-08,948.0,1080.0,1620.0,2720,4700.0,7290.0,9940.0
01427510,05-09,870.0,974.0,1660.0,2620,5020.0,7100.0,7560.0
01427510,05-10,842.0,924.0,1880.0,2580,5060.0,6670.0,8420.0
01427510,05-11,798.0,940.0,1760.0,2550,4750.0,8850.0,13100.0
01427510,05-12,778.0,901.0,1690.0,2800,4630.0,9690.0,14100.0
01427510,05-13,713.0,801.0,1520.0,2780,4920.0,9290.0,11500.0
01427510,05-14,675.0,758.0,1470.0,2580,5150.0,8700.0,13500.0
01427510,05-15,648.0,732.0,1400.0,2490,4900.0,7640.0,11600.0
01427510,05-16,692.0,784.0,1370.0,2830,5190.0,8990.0,9710.0
01427510,05-17,733.0,812.0,1360.0,2940,4920.0,8020.0,10300.0
01427510,05-18,826.0,905.0,1270.0,2660,4640.0,6650.0,9120.0
01427510,05-19,896.0,935.0,1290.0,2520,4210.0,6720.0,9090.0
01427510,05-20,900.0,964.0,1320.0,2500,4520.0,7740.0,8800.0
01427510,05-21,826.0,913.0,1300.0,2250,3920.0,7100.0,8350.0
01427510,05-22,805.0,868.0,1130.0,2000,4560.0,7150.0,8800.0
01427510,05-23,803.0,892.0,1100.0,1960,3810.0,7700.0,8740.0
01427510,05-24,782.0,935.0,1250.0,1920,4170.0,6210.0,8470.0
01427510,05-25,785.0,886.0,1140.0,1830,3930.0,5800.0,10400.0
01427510,05-26,740.0,790.0,1080.0,1940,3420.0,5430.0,9690.0
01427510,05-27,721.0,843.0,1030.0,1860,3220.0,5280.0,7850.0
01427510,05-28,750.0,839.0,1070.0,1840,3040.0,4400.0,6520.0
01427510,05-29,772.0,828.0,1080.0,1900,3190.0,4890.0,9880.0
01427510,05-30,764.0,899.0,1070.0,1800,2960.0,5600.0,10900.0
01427510,05-31,842.0,920.0,1100.0,1920,3090.0,6160.0,8190.0
01427510,06-01,770.0,833.0,1080.0,1740,3380.0,7030.0,9840.0
01427510,06-02,754.0,919.0,1120.0,1830,2980.0,5930.0,7640.0
01427510,06-03,719.0,878.0,1120.0,1730,3180.0,4350.0,6290.0
01427510,06-04,739.0,865.0,1100.0,1650,2740.0,4820.0,5680.0
01427510,06-05,844.0,910.0,1020.0,1470,2450.0,4230.0,5060.0
01427510,06-06,722.0,835.0,1070.0,1530,2830.0,4000.0,4910.0
01427510,06-07,717.0,800.0,990.0,1570,2760.0,4460.0,8850.0
01427510,06-08,648.0,787.0,1050.0,1470,2650.0,4870.0,7130.0
01427510,06-09,638.0,806.0,1050.0,1480,2730.0,4900.0,5410.0
01427510,06-10,639.0,897.0,1000.0,1630,2540.0,4300.0,4970.0
01427510,06-11,641.0,895.0,1010.0,1510,2470.0,4570.0,5310.0
01427510,06-12,597.0,770.0,1010.0,1420,2540.0,4430.0,5840.0
01427510,06-13,647.0,725.0,1030.0,1440,3060.0,4720.0,7080.0
01427510,06-14,598.0,719.0,1040.0,1460,3000.0,6260.0,9070.0
01427510,06-15,661.0,780.0,1010.0,1430,3170.0,5210.0,9470.0
01427510,06-16,717.0,793.0,973.0,1290,3370.0,5410.0,8800.0
01427510,06-17,687.0,798.0,927.0,1230,3020.0,4540.0,7650.0
01427510,06-18,733.0,808.0,962.0,1280,2670.0,5100.0,6990.0
01427510,06-19,711.0,903.0,1040.0,1310,2460.0,4740.0,7690.0
01427510,06-20,782.0,917.0,1000.0,1230,2320.0,4250.0,6280.0
01427510,06-21,748.0,845.0,958.0,1240,2140.0,4050.0,7310.0
01427510,06-22,718.0,833.0,927.0,1280,1840.0,5940.0,8030.0
01427510,06-23,836.0,853.0,921.0,1280,1760.0,5210.0,9570.0
01427510,06-24,803.0,874.0,999.0,1230,1720.0,5520.0,7680.0
01427510,06-25,794.0,866.0,1010.0,1220,1820.0,4640.0,7070.0
01427510,06-26,808.0,881.0,1030.0,1190,1850.0,4900.0,8310.0
01427510,06-27,748.0,889.0,991.0,1200,1770.0,3780.0,6760.0
01427510,06-28,647.0,787.0,1000.0,1320,2590.0,3370.0,7830.0
01427510,06-29,678.0,807.0,1000.0,1310,2300.0,4690.0,6690.0
01427510,06-30,689.0,823.0,999.0,1410,2190.0,4260.0,4840.0
01427510,07-01,607.0,820.0,920.0,1430,2120.0,4430.0,9150.0
01427510,07-02,645.0,798.0,989.0,1370,1910.0,4390.0,7880.0
01427510,07-03,612.0,798.0,1090.0,1300,2060.0,5440.0,6530.0
01427510,07-04,785.0,867.0,1000.0,1230,1950.0,4760.0,8250.0
01427510,07-05,713.0,776.0,971.0,1290,2040.0,4340.0,6240.0
01427510,07-06,800.0,898.0,988.0,1240,1740.0,3780.0,5020.0
01427510,07-07,749.0,801.0,996.0,1270,1610.0,2880.0,4300.0
01427510,07-08,684.0,796.0,967.0,1240,1640.0,3060.0,4030.0
01427510,07-09,707.0,812.0,893.0,1200,1560.0,3290.0,5080.0
01427510,07-10,762.0,816.0,944.0,1200,1410.0,3170.0,4340.0
01427510,07-11,722.0,782.0,912.0,1150,1540.0,2690.0,3190.0
01427510,07-12,728.0,820.0,893.0,1170,1550.0,2460.0,4270.0
01427510,07-13,602.0,705.0,860.0,1210,1700.0,2540.0,3720.0
01427510,07-14,629.0,710.0,848.0,1220,1750.0,3380.0,9050.0
01427510,07-15,652.0,722.0,881.0,1140,1720.0,5290.0,6730.0
01427510,07-16,671.0,772.0,980.0,1290,1970.0,3460.0,5930.0
01427510,07-17,694.0,774.0,1040.0,1330,1690.0,3380.0,6470.0
01427510,07-18,710.0,742.0,944.0,1160,1740.0,3180.0,5250.0
01427510,07-19,683.0,730.0,905.0,1200,1610.0,2740.0,4530.0
01427510,07-20,704.0,747.0,977.0,1170,1460.0,2280.0,4590.0
01427510,07-21,673.0,769.0,966.0,1100,1390.0,2770.0,4150.0
01427510,07-22,740.0,765.0,969.0,1170,1460.0,2590.0,3520.0
01427510,07-23,737.0,836.0,950.0,1240,1630.0,2650.0,3530.0
01427510,07-24,755.0,834.0,1010.0,1220,1650.0,2760.0,4070.0
01427510,07-25,727.0,832.0,961.0,1140,1490.0,3720.0,5860.0
01427510,07-26,696.0,813.0,908.0,1110,1570.0,3220.0,4310.0
01427510,07-27,787.0,805.0,993.0,1220,1710.0,3090.0,4080.0
01427510,07-28,750.0,852.0,974.0,1270,1650.0,2680.0,3850.0
01427510,07-29,724.0,802.0,928.0,1230,1590.0,2550.0,2820.0
01427510,07-30,775.0,795.0,939.0,1290,1870.0,2650.0,3760.0
01427510,07-31,788.0,837.0,998.0,1330,1650.0,2180.0,3080.0
01427510,08-01,820.0,911.0,1040.0,1260,1620.0,2260.0,3210.0
01427510,08-02,852.0,893.0,1090.0,1290,1580.0,2260.0,3070.0
01427510,08-03,782.0,841.0,993.0,1290,1560.0,2140.0,3520.0
01427510,08-04,762.0,859.0,1100.0,1250,1530.0,2030.0,5510.0
01427510,08-05,790.0,914.0,1080.0,1230,1530.0,2230.0,6780.0
01427510,08-06,840.0,941.0,1010.0,1310,1520.0,2590.0,4370.0
01427510,08-07,835.0,952.0,1010.0,1360,1560.0,3680.0,4000.0
01427510,08-08,824.0,867.0,1030.0,1250,1640.0,3660.0,4260.0
01427510,08-09,773.0,877.0,974.0,1280,1650.0,4090.0,8650.0
01427510,08-10,689.0,814.0,1000.0,1280,1540.0,5170.0,12300.0
01427510,08-11,631.0,839.0,1070.0,1290,1620.0,4380.0,8280.0
01427510,08-12,585.0,710.0,1090.0,1350,1750.0,4150.0,7740.0
01427510,08-13,540.0,816.0,1080.0,1330,1850.0,3980.0,6810.0
01427510,08-14,660.0,810.0,1030.0,1280,1810.0,3780.0,7230.0
01427510,08-15,845.0,897.0,1010.0,1250,1840.0,4450.0,6640.0
01427510,08-16,732.0,857.0,1050.0,1280,1660.0,4240.0,8740.0
01427510,08-17,709.0,834.0,1040.0,1280,1550.0,3840.0,6210.0
01427510,08-18,752.0,887.0,1040.0,1270,1550.0,3550.0,10500.0
01427510,08-19,819.0,913.0,1100.0,1280,1510.0,4330.0,10200.0
01427510,08-20,787.0,887.0,993.0,1230,1540.0,3180.0,5740.0
01427510,08-21,750.0,819.0,1010.0,1260,1560.0,3510.0,4390.0
01427510,08-22,707.0,858.0,1060.0,1270,1870.0,3320.0,5450.0
01427510,08-23,704.0,822.0,999.0,1200,1560.0,4350.0,6090.0
01427510,08-24,705.0,796.0,995.0,1190,1600.0,3640.0,4660.0
01427510,08-25,734.0,814.0,1060.0,1200,1560.0,2840.0,3690.0
01427510,08-26,684.0,752.0,1000.0,1180,1480.0,2590.0,3260.0
01427510,08-27,694.0,913.0,1020.0,1200,1590.0,2460.0,2690.0
01427510,08-28,678.0,866.0,998.0,1240,1480.0,2420.0,2900.0
01427510,08-29,605.0,864.0,1080.0,1260,1530.0,2420.0,3160.0
01427510,08-30,790.0,858.0,1020.0,1240,1830.0,2950.0,7120.0
01427510,08-31,748.0,823.0,1020.0,1240,1500.0,3470.0,4940.0
01427510,09-01,762.0,876.0,1040.0,1200,1420.0,3000.0,3700.0
01427510,09-02,611.0,820.0,999.0,1220,1460.0,2590.0,8420.0
01427510,09-03,583.0,792.0,993.0,1220,1520.0,2620.0,5470.0
01427510,09-04,560.0,801.0,972.0,1200,1470.0,2470.0,4200.0
01427510,09-05,712.0,790.0,905.0,1130,1440.0,2210.0,4580.0
01427510,09-06,658.0,740.0,950.0,1160,1480.0,2060.0,8240.0
01427510,09-07,642.0,712.0,922.0,1100,1500.0,2550.0,9390.0
01427510,09-08,576.0,636.0,780.0,1120,1610.0,2330.0,6540.0
01427510,09-09,555.0,732.0,837.0,1200,1500.0,3990.0,8490.0
01427510,09-10,657.0,759.0,982.0,1130,1500.0,4320.0,6690.0
01427510,09-11,606.0,756.0,943.0,1190,1520.0,3610.0,6800.0
01427510,09-12,611.0,714.0,864.0,1200,1660.0,2620.0,4370.0
01427510,09-13,551.0,615.0,901.0,1230,1530.0,2780.0,6290.0
01427510,09-14,514.0,636.0,917.0,1200,1490.0,2890.0,6500.0
01427510,09-15,570.0,601.0,928.0,1170,1600.0,3840.0,6260.0
01427510,09-16,549.0,607.0,835.0,1210,1720.0,4500.0,5760.0
01427510,09-17,520.0,638.0,892.0,1150,1580.0,4130.0,4830.0
01427510,09-18,507.0,628.0,861.0,1110,1690.0,4130.0,6350.0
01427510,09-19,500.0,642.0,979.0,1210,1560.0,3750.0,10000.0
01427510,09-20,555.0,747.0,980.0,1270,1520.0,3630.0,5410.0
01427510,09-21,566.0,735.0,1000.0,1240,1590.0,3530.0,5720.0
01427510,09-22,516.0,605.0,968.0,1270,1570.0,3440.0,4950.0
01427510,09-23,457.0,689.0,1000.0,1240,1550.0,3690.0,6620.0
01427510,09-24,453.0,641.0,989.0,1210,1920.0,4130.0,10100.0
01427510,09-25,420.0,673.0,951.0,1170,1620.0,7740.0,10100.0
01427510,09-26,397.0,768.0,906.0,1220,1810.0,5970.0,13200.0
01427510,09-27,734.0,790.0,1010.0,1170,1600.0,6080.0,16100.0
01427510,09-28,670.0,742.0,986.0,1260,1780.0,8510.0,17000.0
01427510,09-29,617.0,816.0,1020.0,1280,1610.0,7130.0,11800.0
01427510,09-30,594.0,731.0,1060.0,1350,2200.0,6020.0,8890.0
01427510,10-01,655.0,736.0,1000.0,1400,2290.0,6430.0,9470.0
01427510,10-02,580.0,718.0,1050.0,1310,1760.0,6780.0,11300.0
01427510,10-03,734.0,840.0,998.0,1320,1690.0,6010.0,8010.0
01427510,10-04,716.0,766.0,1030.0,1350,1760.0,5220.0,6890.0
01427510,10-05,681.0,749.0,1040.0,1370,2240.0,5550.0,7490.0
01427510,10-06,606.0,759.0,1140.0,1430,2020.0,5570.0,6580.0
01427510,10-07,580.0,702.0,1070.0,1380,1950.0,4810.0,5360.0
01427510,10-08,573.0,688.0,1090.0,1370,1930.0,4260.0,4850.0
01427510,10-09,541.0,737.0,1150.0,1400,2040.0,4060.0,6310.0
01427510,10-10,511.0,632.0,1170.0,1400,1880.0,3940.0,5970.0
01427510,10-11,539.0,786.0,1060.0,1400,2210.0,3370.0,5650.0
01427510,10-12,606.0,756.0,999.0,1330,2220.0,3920.0,5330.0
01427510,10-13,642.0,775.0,1030.0,1260,1900.0,3300.0,5160.0
01427510,10-14,602.0,739.0,1110.0,1340,1890.0,3120.0,5740.0
01427510,10-15,679.0,961.0,1140.0,1350,2320.0,4560.0,6290.0
01427510,10-16,634.0,778.0,1130.0,1430,2080.0,5510.0,6130.0
01427510,10-17,639.0,793.0,1180.0,1380,1980.0,5010.0,8870.0
01427510,10-18,598.0,927.0,1140.0,1370,2200.0,4320.0,7830.0
01427510,10-19,700.0,867.0,1040.0,1400,3090.0,4350.0,10200.0
01427510,10-20,718.0,808.0,1180.0,1420,2970.0,7060.0,12200.0
01427510,10-21,818.0,994.0,1130.0,1510,2950.0,11000.0,13600.0
01427510,10-22,873.0,1000.0,1180.0,1470,2890.0,8090.0,10100.0
01427510,10-23,817.0,960.0,1200.0,1450,2870.0,6770.0,7700.0
01427510,10-24,710.0,787.0,1200.0,1490,2960.0,5530.0,6400.0
01427510,10-25,638.0,942.0,1200.0,1580,2820.0,4860.0,8460.0
01427510,10-26,852.0,990.0,1260.0,1550,2560.0,5370.0,8880.0
01427510,10-27,830.0,882.0,1230.0,1680,3530.0,5130.0,7170.0
01427510,10-28,811.0,874.0,1160.0,1660,4040.0,7800.0,12900.0
01427510,10-29,731.0,818.0,1110.0,1700,4390.0,7640.0,12600.0
01427510,10-30,635.0,904.0,1120.0,1950,3650.0,6580.0,11600.0
01427510,10-31,729.0,992.0,1160.0,1900,3060.0,6810.0,8200.0
01427510,11-01,736.0,882.0,1150.0,1980,2830.0,6060.0,9490.0
01427510,11-02,750.0,965.0,1150.0,1800,2790.0,5430.0,8320.0
01427510,11-03,966.0,1070.0,1310.0,1760,2640.0,5660.0,7240.0
01427510,11-04,954.0,1090.0,1260.0,1710,2760.0,4990.0,6660.0
01427510,11-05,948.0,1020.0,1220.0,1560,2520.0,4620.0,5550.0
01427510,11-06,924.0,1080.0,1220.0,1570,2510.0,4300.0,5360.0
01427510,11-07,960.0,1080.0,1240.0,1600,2410.0,4060.0,4810.0
01427510,11-08,961.0,1080.0,1290.0,1710,2270.0,3720.0,4550.0
01427510,11-09,891.0,1040.0,1310.0,1610,2270.0,5560.0,7250.0
01427510,11-10,992.0,1060.0,1310.0,1600,2580.0,5910.0,9940.0
01427510,11-11,975.0,1070.0,1350.0,1710,2510.0,5640.0,15100.0
01427510,11-12,1120.0,1160.0,1390.0,1760,2590.0,7760.0,10800.0
01427510,11-13,1120.0,1150.0,1320.0,1760,3320.0,7320.0,9700.0
01427510,11-14,973.0,1120.0,1310.0,1760,3120.0,5920.0,8100.0
01427510,11-15,983.0,1100.0,1270.0,1790,2890.0,6720.0,7430.0
01427510,11-16,949.0,1040.0,1240.0,1900,3040.0,5820.0,6970.0
01427510,11-17,774.0,966.0,1220.0,2050,3610.0,6370.0,9400.0
01427510,11-18,730.0,995.0,1230.0,1910,4160.0,5220.0,7310.0
01427510,11-19,802.0,1080.0,1380.0,1920,3670.0,4970.0,5970.0
01427510,11-20,807.0,945.0,1300.0,1860,3630.0,5090.0,7310.0
01427510,11-21,764.0,850.0,1250.0,1840,3600.0,5560.0,9350.0
01427510,11-22,1030.0,1140.0,1370.0,1830,3320.0,5040.0,7170.0
01427510,11-23,1040.0,1100.0,1390.0,1750,3320.0,6480.0,9420.0
01427510,11-24,959.0,1040.0,1360.0,1940,2960.0,6870.0,7970.0
01427510,11-25,978.0,1150.0,1410.0,1930,2960.0,5660.0,6880.0
01427510,11-26,1180.0,1250.0,1440.0,1840,3710.0,5630.0,6920.0
01427510,11-27,1020.0,1200.0,1560.0,2240,4310.0,7930.0,17500.0
01427510,11-28,1050.0,1180.0,1490.0,2400,4680.0,8820.0,12500.0
01427510,11-29,1050.0,1110.0,1350.0,2420,4310.0,6970.0,13400.0
01427510,11-30,1000.0,1070.0,1700.0,2550,4610.0,8190.0,10500.0
01427510,12-01,883.0,1100.0,1500.0,2780,5130.0,6980.0,9290.0
01427510,12-02,919.0,1120.0,1530.0,2530,4130.0,7810.0,16300.0
01427510,12-03,944.0,1070.0,1410.0,2640,3910.0,8110.0,11000.0
01427510,12-04,989.0,1020.0,1450.0,2700,4400.0,8630.0,10200.0
01427510,12-05,958.0,1100.0,1380.0,2350,3790.0,7960.0,9250.0
01427510,12-06,966.0,1060.0,1550.0,2380,3640.0,6940.0,7600.0
01427510,12-07,968.0,1020.0,1310.0,2170,3930.0,6400.0,7870.0
01427510,12-08,900.0,948.0,1380.0,2020,3510.0,5840.0,8050.0
01427510,12-09,755.0,1050.0,1400.0,1990,3340.0,4530.0,7170.0
01427510,12-10,693.0,968.0,1370.0,2460,3410.0,4520.0,7320.0
01427510,12-11,817.0,984.0,1390.0,2320,3800.0,7770.0,10100.0
01427510,12-12,637.0,980.0,1330.0,2300,3450.0,6580.0,21000.0
01427510,12-13,675.0,906.0,1250.0,2220,3910.0,9520.0,12700.0
01427510,12-14,754.0,846.0,1200.0,2170,3780.0,6870.0,11200.0
01427510,12-15,732.0,884.0,1210.0,2060,3740.0,7820.0,10500.0
01427510,12-16,747.0,816.0,1150.0,2010,3720.0,6590.0,9330.0
01427510,12-17,776.0,864.0,1300.0,2050,3920.0,5840.0,10000.0
01427510,12-18,804.0,868.0,1200.0,2230,3690.0,7110.0,16900.0
01427510,12-19,776.0,841.0,1350.0,2270,4130.0,7080.0,10700.0
01427510,12-20,732.0,844.0,1240.0,2310,3590.0,6230.0,8930.0
01427510,12-21,820.0,884.0,1300.0,2220,3620.0,5930.0,11000.0
01427510,12-22,780.0,920.0,1250.0,2420,3520.0,7300.0,11400.0
01427510,12-23,940.0,1100.0,1200.0,2180,4270.0,7460.0,9220.0
01427510,12-24,990.0,1100.0,1400.0,2250,4750.0,9430.0,11000.0
01427510,12-25,984.0,1100.0,1410.0,2500,5170.0,9100.0,15700.0
01427510,12-26,952.0,1000.0,1300.0,2350,4530.0,7360.0,12000.0
01427510,12-27,880.0,1000.0,1280.0,2300,4500.0,6230.0,7830.0
01427510,12-28,838.0,944.0,1200.0,2430,4000.0,6130.0,7510.0
01427510,12-29,768.0,908.0,1200.0,2600,3810.0,6210.0,7270.0
01427510,12-30,784.0,848.0,1200.0,2520,4550.0,6950.0,7300.0
01427510,12-31,724.0,844.0,1200.0,2390,4800.0,6440.0,7240.0
01428500,01-01,864.0,916.0,1400.0,2200,4770.0,6840.0,9790.0
01428500,01-02,860.0,936.0,1400.0,2200,4850.0,7000.0,9010.0
01428500,01-03,868.0,928.0,1370.0,2100,4600.0,5960.0,8100.0
01428500,01-04,880.0,944.0,1300.0,2050,4380.0,6460.0,7200.0
01428500,01-05,868.0,1010.0,1400.0,2220,4500.0,6080.0,7760.0
01428500,01-06,880.0,988.0,1300.0,2030,4320.0,6640.0,8530.0
01428500,01-07,825.0,928.0,1330.0,2200,3800.0,6430.0,8410.0
01428500,01-08,826.0,948.0,1290.0,2000,3410.0,5990.0,7680.0
01428500,01-09,858.0,936.0,1270.0,1800,3190.0,6400.0,12500.0
01428500,01-10,844.0,951.0,1200.0,1700,3250.0,6580.0,15700.0
01428500,01-11,844.0,1000.0,1340.0,2050,3360.0,7240.0,13100.0
01428500,01-12,886.0,988.0,1290.0,1900,3540.0,6890.0,14100.0
01428500,01-13,860.0,974.0,1200.0,1830,3800.0,9200.0,12200.0
01428500,01-14,847.0,988.0,1100.0,2000,4050.0,8970.0,11200.0
01428500,01-15,804.0,972.0,1130.0,1750,3760.0,7700.0,11200.0
01428500,01-16,758.0,934.0,1100.0,1900,3600.0,7730.0,12000.0
01428500,01-17,832.0,900.0,1050.0,1700,3660.0,6670.0,9880.0
01428500,01-18,840.0,854.0,1100.0,1800,3290.0,5930.0,8500.0
01428500,01-19,711.0,816.0,1200.0,1990,3800.0,5660.0,8390.0
01428500,01-20,680.0,794.0,1100.0,1900,3580.0,6440.0,7670.0
01428500,01-21,679.0,788.0,1100.0,2090,3150.0,6020.0,9950.0
01428500,01-22,716.0,806.0,1120.0,2000,3030.0,5400.0,8800.0
01428500,01-23,704.0,818.0,1100.0,1800,3980.0,5240.0,7200.0
01428500,01-24,683.0,834.0,1100.0,2000,3700.0,6500.0,9370.0
01428500,01-25,663.0,828.0,1200.0,2200,4290.0,7940.0,14800.0
01428500,01-26,709.0,808.0,1200.0,2100,5600.0,11600.0,15000.0
01428500,01-27,767.0,880.0,1100.0,2000,5600.0,10600.0,13700.0
01428500,01-28,733.0,888.0,1120.0,1900,4790.0,10300.0,15200.0
01428500,01-29,688.0,813.0,1200.0,1800,4080.0,7590.0,14000.0
01428500,01-30,644.0,808.0,1150.0,2000,3870.0,8360.0,11100.0
01428500,01-31,617.0,808.0,1130.0,2000,4010.0,7520.0,9610.0
01428500,02-01,588.0,803.0,1190.0,2000,3720.0,6800.0,8600.0
01428500,02-02,582.0,812.0,1300.0,2200,3970.0,6190.0,7030.0
01428500,02-03,628.0,798.0,1300.0,2020,4500.0,8010.0,10700.0
01428500,02-04,734.0,880.0,1280.0,1820,4000.0,7770.0,12300.0
01428500,02-05,743.0,1000.0,1370.0,2100,3840.0,6000.0,8550.0
01428500,02-06,742.0,936.0,1360.0,2300,3700.0,5600.0,7900.0
01428500,02-07,781.0,908.0,1250.0,2000,3370.0,5540.0,7750.0
01428500,02-08,828.0,900.0,1200.0,2050,3100.0,5500.0,9150.0
01428500,02-09,712.0,878.0,1150.0,2000,2700.0,6380.0,10400.0
01428500,02-10,580.0,822.0,1120.0,1850,2600.0,6510.0,8960.0
01428500,02-11,724.0,869.0,1190.0,1740,2500.0,6130.0,8710.0
01428500,02-12,744.0,906.0,1200.0,1800,2550.0,5960.0,7510.0
01428500,02-13,744.0,1000.0,1170.0,1800,2700.0,5860.0,6930.0
01428500,02-14,722.0,994.0,1200.0,1800,3150.0,4770.0,6780.0
01428500,02-15,779.0,1000.0,1200.0,1900,2970.0,5480.0,8990.0
01428500,02-16,827.0,988.0,1300.0,1880,2710.0,5570.0,7020.0
01428500,02-17,820.0,988.0,1300.0,1960,2700.0,7240.0,9630.0
01428500,02-18,829.0,976.0,1300.0,1850,2550.0,6480.0,9480.0
01428500,02-19,809.0,928.0,1290.0,1800,2700.0,6590.0,8140.0
01428500,02-20,768.0,888.0,1320.0,1740,2750.0,6010.0,13300.0
01428500,02-21,818.0,920.0,1340.0,1800,3370.0,5430.0,11100.0
01428500,02-22,828.0,888.0,1370.0,1900,3730.0,6120.0,10900.0
01428500,02-23,806.0,940.0,1300.0,2100,3620.0,8460.0,11500.0
01428500,02-24,810.0,1020.0,1300.0,2190,3710.0,9570.0,11500.0
01428500,02-25,823.0,1020.0,1320.0,2130,4130.0,9640.0,14700.0
01428500,02-26,784.0,1020.0,1280.0,2100,4400.0,8990.0,15900.0
01428500,02-27,825.0,1000.0,1270.0,2060,4300.0,8830.0,11500.0
01428500,02-28,867.0,1010.0,1300.0,2000,3940.0,8490.0,12100.0
01428500,02-29,,792.0,1130.0,2020,6580.0,12900.0,
01428500,03-01,840.0,1040.0,1440.0,2170,4010.0,7450.0,9550.0
01428500,03-02,787.0,1040.0,1500.0,2400,4030.0,7930.0,8830.0
01428500,03-03,787.0,1000.0,1590.0,2560,4100.0,7460.0,8880.0
01428500,03-04,785.0,976.0,1600.0,2540,4090.0,7020.0,7470.0
01428500,03-05,796.0,993.0,1790.0,2600,4950.0,8000.0,13700.0
01428500,03-06,802.0,943.0,1600.0,2680,6100.0,12600.0,21800.0
01428500,03-07,806.0,1050.0,1500.0,2810,5810.0,12400.0,20800.0
01428500,03-08,920.0,1020.0,1550.0,3190,5940.0,11100.0,16100.0
01428500,03-09,884.0,1050.0,1600.0,3140,7180.0,10700.0,16200.0
01428500,03-10,854.0,1100.0,1600.0,3070,6200.0,12500.0,22200.0
01428500,03-11,856.0,1020.0,1890.0,3170,6190.0,15200.0,19200.0
01428500,03-12,866.0,1160.0,2000.0,3500,6190.0,13800.0,14800.0
01428500,03-13,856.0,1190.0,1910.0,3840,6870.0,12000.0,16500.0
01428500,03-14,852.0,1100.0,2190.0,3770,6800.0,9340.0,15500.0
01428500,03-15,774.0,1010.0,2300.0,3840,6000.0,9540.0,14800.0
01428500,03-16,836.0,1230.0,2270.0,3830,5520.0,9750.0,15900.0
01428500,03-17,884.0,1560.0,2380.0,3720,6340.0,9530.0,13100.0
01428500,03-18,1000.0,1770.0,2400.0,3520,6950.0,10900.0,14300.0
01428500,03-19,1140.0,1790.0,2500.0,3700,6160.0,9640.0,16000.0
01428500,03-20,1390.0,1840.0,2500.0,4000,6290.0,11900.0,15700.0
01428500,03-21,1430.0,1790.0,2460.0,3950,6290.0,11900.0,19000.0
01428500,03-22,1340.0,1820.0,2530.0,4860,6880.0,12200.0,14900.0
01428500,03-23,1200.0,1840.0,2500.0,5100,8020.0,12200.0,16500.0
01428500,03-24,1470.0,1780.0,2460.0,4730,8220.0,11700.0,18000.0
01428500,03-25,1650.0,1860.0,2430.0,4670,8500.0,12900.0,15500.0
01428500,03-26,1560.0,1790.0,2480.0,4630,7750.0,13500.0,15200.0
01428500,03-27,1630.0,1780.0,3090.0,5120,8290.0,11200.0,13800.0
01428500,03-28,1540.0,1820.0,3390.0,5680,8040.0,10200.0,14200.0
01428500,03-29,1500.0,1930.0,3720.0,5630,7970.0,11300.0,20300.0
01428500,03-30,1580.0,1910.0,3490.0,5490,8100.0,15200.0,22500.0
01428500,03-31,1510.0,1740.0,3440.0,5640,7310.0,14200.0,22500.0
01428500,04-01,1410.0,1950.0,3430.0,5560,9870.0,13600.0,21200.0
01428500,04-02,1480.0,1950.0,3130.0,5930,9820.0,14500.0,18400.0
01428500,04-03,1490.0,2270.0,3630.0,6050,10000.0,15400.0,23600.0
01428500,04-04,1530.0,1920.0,3750.0,7090,12200.0,15500.0,18000.0
01428500,04-05,1630.0,1880.0,3470.0,6920,12900.0,15000.0,23800.0
01428500,04-06,1550.0,2050.0,3230.0,6440,10700.0,16100.0,21200.0
01428500,04-07,1730.0,1960.0,3170.0,6290,9630.0,14500.0,18200.0
01428500,04-08,1890.0,1980.0,3380.0,5990,9150.0,13800.0,18400.0
01428500,04-09,1800.0,2070.0,3140.0,5510,8950.0,14000.0,15500.0
01428500,04-10,1860.0,2040.0,3200.0,5220,8970.0,13400.0,18600.0
01428500,04-11,1940.0,2070.0,3050.0,5100,8250.0,14200.0,18100.0
01428500,04-12,1760.0,2070.0,3000.0,4720,7910.0,11300.0,14800.0
01428500,04-13,1740.0,1870.0,3330.0,5260,7460.0,11700.0,16900.0
01428500,04-14,1700.0,1810.0,3040.0,4990,7860.0,13900.0,15600.0
01428500,04-15,1660.0,2100.0,2830.0,5100,7770.0,12300.0,15300.0
01428500,04-16,1640.0,2060.0,3080.0,5160,8760.0,17100.0,23000.0
01428500,04-17,1620.0,2070.0,3100.0,4680,8820.0,18800.0,25100.0
01428500,04-18,1530.0,2020.0,2810.0,4430,8490.0,16900.0,20500.0
01428500,04-19,1440.0,1870.0,2520.0,4010,8830.0,13600.0,16900.0
01428500,04-20,1440.0,1640.0,2370.0,4000,8590.0,12100.0,14900.0
01428500,04-21,1330.0,1700.0,2180.0,4090,7530.0,10600.0,16100.0
01428500,04-22,1290.0,1570.0,2090.0,3860,6980.0,10900.0,13800.0
01428500,04-23,1390.0,1700.0,2410.0,3810,6630.0,10400.0,11900.0
01428500,04-24,1350.0,1740.0,2680.0,4110,6340.0,11300.0,12000.0
01428500,04-25,1550.0,1670.0,2670.0,4020,6660.0,12000.0,13600.0
01428500,04-26,1550.0,1960.0,2490.0,3890,6720.0,11300.0,12600.0
01428500,04-27,1460.0,1780.0,2440.0,4040,6120.0,9840.0,16200.0
01428500,04-28,1570.0,1760.0,2530.0,3920,6800.0,9040.0,14200.0
01428500,04-29,1480.0,1710.0,2450.0,3980,6230.0,7980.0,11800.0
01428500,04-30,1380.0,1670.0,2350.0,3900,5760.0,8010.0,11600.0
01428500,05-01,1340.0,1570.0,2300.0,3510,5200.0,8410.0,17800.0
01428500,05-02,1390.0,1660.0,2470.0,3700,5410.0,9470.0,15600.0
01428500,05-03,1410.0,1560.0,2390.0,3750,5250.0,9640.0,14500.0
01428500,05-04,1390.0,1470.0,2390.0,3550,5410.0,10400.0,11900.0
01428500,05-05,1350.0,1430.0,2290.0,3880,6230.0,10300.0,12600.0
01428500,05-06,1270.0,1400.0,2220.0,3480,6080.0,10600.0,12500.0
01428500,05-07,1310.0,1360.0,2140.0,3230,5880.0,10100.0,11300.0
01428500,05-08,1190.0,1390.0,1960.0,3160,5210.0,8590.0,11100.0
01428500,05-09,1160.0,1380.0,1930.0,2860,5250.0,7960.0,8910.0
01428500,05-10,1090.0,1260.0,2040.0,2890,5390.0,7450.0,10300.0
01428500,05-11,1070.0,1220.0,2130.0,3170,5500.0,9380.0,14200.0
01428500,05-12,1020.0,1200.0,2010.0,3320,5400.0,10300.0,14900.0
01428500,05-13,984.0,1120.0,1830.0,3450,6470.0,10000.0,15500.0
01428500,05-14,934.0,1050.0,1760.0,3060,6490.0,10500.0,14300.0
01428500,05-15,902.0,993.0,1700.0,3390,6070.0,9650.0,12100.0
01428500,05-16,896.0,953.0,1640.0,3700,6720.0,9050.0,11000.0
01428500,05-17,911.0,1030.0,1670.0,3620,6280.0,8690.0,10700.0
01428500,05-18,929.0,1140.0,1710.0,3410,5560.0,7680.0,12300.0
01428500,05-19,1070.0,1180.0,1600.0,3120,5300.0,8050.0,11200.0
01428500,05-20,1130.0,1250.0,1590.0,3230,4960.0,8910.0,10200.0
01428500,05-21,1070.0,1150.0,1590.0,2950,5090.0,7670.0,9710.0
01428500,05-22,983.0,1090.0,1480.0,2640,4730.0,8190.0,9610.0
01428500,05-23,1010.0,1100.0,1440.0,2340,4160.0,8360.0,10300.0
01428500,05-24,1020.0,1060.0,1490.0,2720,4060.0,7080.0,9880.0
01428500,05-25,957.0,1110.0,1420.0,2660,4420.0,6490.0,9430.0
01428500,05-26,900.0,1050.0,1360.0,2350,3880.0,6130.0,7740.0
01428500,05-27,866.0,962.0,1320.0,2170,3560.0,5430.0,6710.0
01428500,05-28,835.0,941.0,1280.0,2100,3330.0,4760.0,6360.0
01428500,05-29,752.0,949.0,1340.0,2290,3180.0,6700.0,7980.0
01428500,05-30,797.0,1010.0,1230.0,2020,3180.0,6770.0,13100.0
01428500,05-31,900.0,1050.0,1300.0,1900,3610.0,6910.0,10400.0
01428500,06-01,883.0,1010.0,1240.0,1820,3580.0,7990.0,11500.0
01428500,06-02,913.0,990.0,1170.0,2050,3930.0,7500.0,9270.0
01428500,06-03,849.0,1020.0,1240.0,1980,3670.0,5870.0,7590.0
01428500,06-04,824.0,1000.0,1230.0,1810,3200.0,5660.0,6230.0
01428500,06-05,911.0,958.0,1160.0,1750,2840.0,4850.0,5750.0
01428500,06-06,857.0,963.0,1120.0,1660,3090.0,5000.0,6410.0
01428500,06-07,767.0,873.0,1080.0,1560,3290.0,6200.0,11700.0
01428500,06-08,716.0,828.0,1050.0,1590,3330.0,6190.0,9740.0
01428500,06-09,678.0,856.0,1100.0,1680,3020.0,5710.0,6540.0
01428500,06-10,665.0,872.0,1090.0,1670,3000.0,4980.0,5750.0
01428500,06-11,700.0,791.0,1070.0,1630,3330.0,5080.0,5940.0
01428500,06-12,659.0,732.0,1050.0,1540,2840.0,4920.0,6470.0
01428500,06-13,630.0,778.0,1010.0,1600,3260.0,5530.0,7820.0
01428500,06-14,722.0,860.0,1040.0,1610,3340.0,7300.0,9740.0
01428500,06-15,746.0,888.0,1160.0,1550,3580.0,6370.0,9020.0
01428500,06-16,775.0,915.0,1110.0,1560,3700.0,6480.0,9260.0
01428500,06-17,751.0,813.0,1070.0,1450,3310.0,5360.0,6960.0
01428500,06-18,815.0,874.0,1090.0,1460,3150.0,5220.0,7130.0
01428500,06-19,747.0,923.0,1150.0,1580,2540.0,5400.0,6830.0
01428500,06-20,777.0,961.0,1160.0,1450,2560.0,4620.0,5640.0
01428500,06-21,866.0,1000.0,1090.0,1400,2290.0,4230.0,7660.0
01428500,06-22,751.0,905.0,1040.0,1460,2170.0,5060.0,7610.0
01428500,06-23,868.0,937.0,1030.0,1430,2040.0,6000.0,11300.0
01428500,06-24,846.0,929.0,1120.0,1370,2030.0,6300.0,9580.0
01428500,06-25,874.0,952.0,1100.0,1390,2080.0,5310.0,8140.0
01428500,06-26,829.0,964.0,1100.0,1350,2380.0,5090.0,8980.0
01428500,06-27,779.0,933.0,1130.0,1330,2180.0,5010.0,8310.0
01428500,06-28,711.0,932.0,1110.0,1370,2410.0,5360.0,10600.0
01428500,06-29,719.0,903.0,1090.0,1400,2730.0,6430.0,11100.0
01428500,06-30,662.0,906.0,1050.0,1500,2600.0,5210.0,9090.0
01428500,07-01,606.0,852.0,1110.0,1490,2460.0,7090.0,13400.0
01428500,07-02,673.0,835.0,1070.0,1590,2250.0,6740.0,11100.0
01428500,07-03,647.0,862.0,1160.0,1460,2100.0,6430.0,8950.0
01428500,07-04,698.0,999.0,1110.0,1390,2510.0,6850.0,9230.0
01428500,07-05,892.0,928.0,1080.0,1350,2480.0,6230.0,7090.0
01428500,07-06,861.0,973.0,1100.0,1320,2090.0,4780.0,5700.0
01428500,07-07,918.0,949.0,1070.0,1360,1890.0,3730.0,4730.0
01428500,07-08,702.0,861.0,1080.0,1360,1980.0,3430.0,4330.0
01428500,07-09,602.0,869.0,1060.0,1310,1930.0,3530.0,4560.0
01428500,07-10,646.0,922.0,1000.0,1310,1830.0,3700.0,4030.0
01428500,07-11,739.0,835.0,996.0,1230,1830.0,3090.0,3640.0
01428500,07-12,721.0,888.0,1050.0,1220,1880.0,2810.0,4090.0
01428500,07-13,778.0,857.0,986.0,1340,1950.0,2650.0,3730.0
01428500,07-14,622.0,835.0,921.0,1320,2010.0,3220.0,6950.0
01428500,07-15,562.0,805.0,942.0,1310,2080.0,3380.0,7620.0
01428500,07-16,716.0,854.0,1040.0,1380,1950.0,3950.0,6060.0
01428500,07-17,728.0,817.0,1070.0,1380,1970.0,3280.0,6270.0
01428500,07-18,713.0,860.0,1050.0,1300,1890.0,3280.0,4820.0
01428500,07-19,743.0,818.0,987.0,1280,1830.0,2790.0,3910.0
01428500,07-20,782.0,881.0,960.0,1380,1600.0,2330.0,3460.0
01428500,07-21,744.0,805.0,1010.0,1230,1550.0,2360.0,3240.0
01428500,07-22,747.0,861.0,1060.0,1220,1550.0,2250.0,4020.0
01428500,07-23,791.0,834.0,1030.0,1230,1790.0,2120.0,3240.0
01428500,07-24,646.0,891.0,1040.0,1320,1720.0,2900.0,3210.0
01428500,07-25,717.0,839.0,1050.0,1240,1790.0,2990.0,5930.0
01428500,07-26,716.0,865.0,999.0,1220,1760.0,3510.0,4930.0
01428500,07-27,674.0,888.0,1000.0,1280,1790.0,2910.0,3870.0
01428500,07-28,643.0,766.0,1090.0,1350,1900.0,3130.0,3960.0
01428500,07-29,715.0,821.0,1020.0,1320,1690.0,2590.0,3460.0
01428500,07-30,762.0,829.0,943.0,1360,1980.0,2910.0,5380.0
01428500,07-31,743.0,845.0,1020.0,1420,1860.0,2810.0,3950.0
01428500,08-01,848.0,894.0,1080.0,1310,1730.0,2600.0,3410.0
01428500,08-02,855.0,891.0,1110.0,1350,1920.0,2720.0,3360.0
01428500,08-03,878.0,928.0,1100.0,1340,1740.0,2720.0,3900.0
01428500,08-04,843.0,901.0,1080.0,1350,1690.0,2620.0,5300.0
01428500,08-05,881.0,938.0,1130.0,1330,1760.0,2460.0,5750.0
01428500,08-06,818.0,1020.0,1100.0,1320,1720.0,2800.0,5180.0
01428500,08-07,744.0,995.0,1130.0,1400,1740.0,3580.0,4420.0
01428500,08-08,729.0,989.0,1080.0,1300,1720.0,4000.0,4840.0
01428500,08-09,740.0,877.0,1080.0,1270,1930.0,3670.0,4780.0
01428500,08-10,690.0,889.0,1000.0,1280,1810.0,3910.0,10100.0
01428500,08-11,688.0,727.0,1080.0,1310,1910.0,4140.0,7590.0
01428500,08-12,592.0,686.0,1020.0,1340,1990.0,4220.0,8100.0
01428500,08-13,597.0,657.0,1090.0,1390,1780.0,4490.0,7610.0
01428500,08-14,563.0,771.0,995.0,1340,1780.0,3500.0,6550.0
01428500,08-15,782.0,865.0,1080.0,1280,1910.0,3940.0,6410.0
01428500,08-16,800.0,916.0,1070.0,1320,1820.0,3800.0,8210.0
01428500,08-17,756.0,873.0,1100.0,1320,1810.0,3150.0,5610.0
01428500,08-18,650.0,921.0,1080.0,1320,1670.0,3530.0,7630.0
01428500,08-19,926.0,986.0,1080.0,1350,1650.0,3650.0,10400.0
01428500,08-20,927.0,963.0,1090.0,1350,1630.0,3520.0,6220.0
01428500,08-21,868.0,909.0,1090.0,1350,1580.0,2950.0,4710.0
01428500,08-22,720.0,907.0,1070.0,1310,1840.0,2830.0,6030.0
01428500,08-23,688.0,921.0,1080.0,1280,1590.0,3810.0,7900.0
01428500,08-24,742.0,857.0,1080.0,1280,1600.0,3730.0,5620.0
01428500,08-25,768.0,896.0,1080.0,1270,1640.0,3320.0,3890.0
01428500,08-26,759.0,910.0,1040.0,1220,1610.0,2800.0,3760.0
01428500,08-27,700.0,873.0,1050.0,1240,1560.0,2520.0,3090.0
01428500,08-28,696.0,912.0,1050.0,1280,1810.0,2790.0,3060.0
01428500,08-29,634.0,869.0,1100.0,1290,1860.0,2700.0,3540.0
01428500,08-30,567.0,876.0,1070.0,1330,1960.0,3160.0,4680.0
01428500,08-31,633.0,897.0,1040.0,1310,1690.0,3380.0,5600.0
01428500,09-01,666.0,851.0,1100.0,1300,1620.0,3500.0,3990.0
01428500,09-02,816.0,847.0,1050.0,1290,1630.0,2870.0,6740.0
01428500,09-03,605.0,791.0,1020.0,1290,1690.0,3000.0,5820.0
01428500,09-04,586.0,838.0,1050.0,1250,1610.0,2780.0,5130.0
01428500,09-05,517.0,824.0,1000.0,1260,1540.0,2570.0,4010.0
01428500,09-06,750.0,862.0,976.0,1220,1640.0,2460.0,4520.0
01428500,09-07,616.0,737.0,937.0,1280,1750.0,3020.0,9180.0
01428500,09-08,638.0,705.0,862.0,1210,1610.0,2830.0,7020.0
01428500,09-09,582.0,670.0,870.0,1230,1570.0,3870.0,5780.0
01428500,09-10,639.0,888.0,971.0,1170,1590.0,3660.0,7060.0
01428500,09-11,635.0,825.0,975.0,1230,1600.0,4000.0,5520.0
01428500,09-12,687.0,805.0,906.0,1270,1670.0,3160.0,5020.0
01428500,09-13,644.0,712.0,968.0,1280,1750.0,2580.0,5340.0
01428500,09-14,581.0,659.0,960.0,1150,1650.0,3060.0,5860.0
01428500,09-15,595.0,730.0,978.0,1230,1630.0,3000.0,6040.0
01428500,09-16,587.0,683.0,916.0,1210,1760.0,4100.0,6380.0
01428500,09-17,608.0,661.0,871.0,1260,1700.0,4360.0,5410.0
01428500,09-18,529.0,668.0,839.0,1190,1690.0,4480.0,6300.0
01428500,09-19,500.0,641.0,916.0,1190,1680.0,4110.0,9170.0
01428500,09-20,567.0,652.0,977.0,1300,1660.0,3910.0,6280.0
01428500,09-21,570.0,759.0,959.0,1260,1650.0,3630.0,5000.0
01428500,09-22,518.0,666.0,988.0,1320,1760.0,3200.0,4700.0
01428500,09-23,500.0,668.0,1020.0,1340,1800.0,3460.0,5970.0
01428500,09-24,475.0,735.0,920.0,1310,1870.0,2800.0,9000.0
01428500,09-25,576.0,735.0,953.0,1260,1680.0,7750.0,10900.0
01428500,09-26,503.0,750.0,999.0,1210,1720.0,6590.0,14200.0
01428500,09-27,705.0,873.0,1040.0,1270,1880.0,6020.0,15500.0
01428500,09-28,761.0,811.0,1010.0,1280,2080.0,8170.0,14800.0
01428500,09-29,673.0,803.0,1020.0,1350,2070.0,7420.0,13100.0
01428500,09-30,597.0,788.0,994.0,1400,1850.0,6310.0,9850.0
01428500,10-01,677.0,819.0,1060.0,1380,2410.0,5600.0,8950.0
01428500,10-02,617.0,699.0,1080.0,1430,2150.0,6100.0,11200.0
01428500,10-03,602.0,768.0,1070.0,1350,2030.0,5270.0,8970.0
01428500,10-04,598.0,751.0,1060.0,1370,2100.0,5120.0,6250.0
01428500,10-05,741.0,836.0,1020.0,1430,2370.0,5040.0,7600.0
01428500,10-06,760.0,826.0,1050.0,1480,2160.0,6130.0,7120.0
01428500,10-07,684.0,762.0,1020.0,1460,2080.0,4680.0,6010.0
01428500,10-08,710.0,762.0,1110.0,1420,2060.0,4430.0,5140.0
01428500,10-09,673.0,766.0,1060.0,1450,1920.0,4170.0,5400.0
01428500,10-10,603.0,711.0,1130.0,1480,1940.0,4120.0,5080.0
01428500,10-11,603.0,729.0,1170.0,1480,2040.0,3480.0,5930.0
01428500,10-12,661.0,850.0,1070.0,1390,2360.0,3840.0,5110.0
01428500,10-13,662.0,862.0,1090.0,1350,2150.0,3680.0,6570.0
01428500,10-14,663.0,833.0,1130.0,1340,2110.0,3290.0,5350.0
01428500,10-15,710.0,785.0,1100.0,1370,2300.0,3920.0,6320.0
01428500,10-16,691.0,828.0,1120.0,1490,2220.0,5170.0,6820.0
01428500,10-17,679.0,814.0,1110.0,1480,2150.0,5220.0,6020.0
01428500,10-18,700.0,790.0,1220.0,1420,2250.0,5030.0,8420.0
01428500,10-19,704.0,843.0,1160.0,1470,2510.0,5060.0,6270.0
01428500,10-20,710.0,897.0,1210.0,1520,2620.0,5430.0,12800.0
01428500,10-21,691.0,840.0,1210.0,1460,2790.0,7190.0,15500.0
01428500,10-22,684.0,833.0,1220.0,1590,2390.0,7280.0,11000.0
01428500,10-23,637.0,958.0,1240.0,1490,2370.0,6880.0,8380.0
01428500,10-24,596.0,813.0,1230.0,1560,3140.0,6060.0,8360.0
01428500,10-25,651.0,736.0,1220.0,1630,3030.0,5350.0,8500.0
01428500,10-26,673.0,883.0,1330.0,1690,2970.0,5440.0,8720.0
01428500,10-27,679.0,1020.0,1280.0,1680,3210.0,4350.0,7700.0
01428500,10-28,675.0,870.0,1220.0,1700,3580.0,6900.0,11800.0
01428500,10-29,662.0,915.0,1150.0,1870,3270.0,7370.0,11900.0
01428500,10-30,652.0,809.0,1130.0,1800,3720.0,7230.0,9890.0
01428500,10-31,619.0,824.0,1140.0,1810,3410.0,6300.0,9490.0
01428500,11-01,599.0,878.0,1190.0,1830,2940.0,6180.0,8160.0
01428500,11-02,640.0,812.0,1210.0,1640,2760.0,5780.0,7750.0
01428500,11-03,663.0,970.0,1230.0,1850,2840.0,5360.0,7700.0
01428500,11-04,662.0,934.0,1340.0,1810,2950.0,5470.0,7730.0
01428500,11-05,625.0,1050.0,1310.0,1680,2750.0,5020.0,6050.0
01428500,11-06,618.0,986.0,1310.0,1690,2730.0,4240.0,5430.0
01428500,11-07,666.0,982.0,1330.0,1750,2730.0,4040.0,5100.0
01428500,11-08,806.0,1050.0,1320.0,1820,2520.0,3890.0,5280.0
01428500,11-09,807.0,1050.0,1360.0,1750,2630.0,6050.0,9180.0
01428500,11-10,920.0,1080.0,1330.0,1880,2480.0,7190.0,11300.0
01428500,11-11,933.0,1150.0,1510.0,1830,2920.0,6060.0,12100.0
01428500,11-12,1000.0,1150.0,1490.0,1840,2610.0,7460.0,11900.0
01428500,11-13,1060.0,1270.0,1520.0,1930,3290.0,7140.0,11000.0
01428500,11-14,1000.0,1180.0,1390.0,1890,3460.0,8060.0,9640.0
01428500,11-15,958.0,1120.0,1360.0,1880,3330.0,7210.0,8610.0
01428500,11-16,928.0,1050.0,1290.0,1910,3220.0,6230.0,8810.0
01428500,11-17,876.0,1010.0,1280.0,2070,4070.0,7120.0,8690.0
01428500,11-18,850.0,1020.0,1290.0,1930,4260.0,5630.0,8200.0
01428500,11-19,855.0,977.0,1430.0,1970,3810.0,5670.0,8170.0
01428500,11-20,877.0,955.0,1400.0,1960,3980.0,5700.0,9840.0
01428500,11-21,874.0,944.0,1370.0,2000,4480.0,6300.0,8930.0
01428500,11-22,781.0,1060.0,1360.0,1900,3930.0,6040.0,7430.0
01428500,11-23,819.0,1190.0,1450.0,1940,3860.0,6510.0,9200.0
01428500,11-24,960.0,1130.0,1420.0,2320,3430.0,5910.0,9580.0
01428500,11-25,1000.0,1180.0,1470.0,2110,3190.0,6200.0,7340.0
01428500,11-26,1070.0,1260.0,1510.0,2270,3920.0,5320.0,6660.0
01428500,11-27,1070.0,1260.0,1680.0,2210,4200.0,7640.0,16700.0
01428500,11-28,1020.0,1250.0,1720.0,2480,5150.0,8810.0,11700.0
01428500,11-29,1130.0,1240.0,1610.0,2530,4580.0,8270.0,11700.0
01428500,11-30,1090.0,1260.0,1810.0,2750,4450.0,8170.0,11500.0
01428500,12-01,989.0,1210.0,1800.0,2990,4530.0,6990.0,9770.0
01428500,12-02,950.0,1340.0,1680.0,2860,4370.0,8510.0,16700.0
01428500,12-03,996.0,1180.0,1560.0,2640,3960.0,8160.0,11800.0
01428500,12-04,1000.0,1050.0,1520.0,2910,4260.0,6840.0,10100.0
01428500,12-05,1040.0,1100.0,1630.0,2580,3970.0,7220.0,9100.0
01428500,12-06,969.0,1140.0,1580.0,2370,3830.0,7390.0,8160.0
01428500,12-07,1010.0,1180.0,1600.0,2400,4480.0,6850.0,8020.0
01428500,12-08,992.0,1130.0,1480.0,2270,4140.0,7490.0,9950.0
01428500,12-09,899.0,1100.0,1400.0,2290,3890.0,6700.0,11600.0
01428500,12-10,783.0,1040.0,1500.0,2620,3750.0,8130.0,9800.0
01428500,12-11,838.0,1030.0,1400.0,2630,4820.0,8720.0,11200.0
01428500,12-12,916.0,1060.0,1440.0,2710,4670.0,9410.0,22400.0
01428500,12-13,811.0,1080.0,1500.0,2600,4890.0,10900.0,12700.0
01428500,12-14,807.0,976.0,1400.0,2470,4330.0,8250.0,11200.0
01428500,12-15,868.0,980.0,1450.0,2330,4380.0,8330.0,9950.0
01428500,12-16,822.0,973.0,1500.0,2400,4040.0,7050.0,9950.0
01428500,12-17,769.0,907.0,1600.0,2300,4480.0,6810.0,10500.0
01428500,12-18,869.0,948.0,1500.0,2300,4220.0,6030.0,12400.0
01428500,12-19,842.0,992.0,1400.0,2100,4510.0,6590.0,10900.0
01428500,12-20,806.0,940.0,1400.0,2310,4110.0,6510.0,8520.0
01428500,12-21,837.0,1000.0,1400.0,2310,3810.0,7050.0,11600.0
01428500,12-22,900.0,1020.0,1400.0,2370,4010.0,6910.0,16500.0
01428500,12-23,828.0,1110.0,1400.0,2450,4520.0,7880.0,11100.0
01428500,12-24,967.0,1110.0,1480.0,2100,5120.0,9410.0,11100.0
01428500,12-25,948.0,1200.0,1450.0,2470,5380.0,9150.0,11500.0
01428500,12-26,970.0,1150.0,1500.0,2510,5000.0,8110.0,8700.0
01428500,12-27,1000.0,1100.0,1400.0,2350,4910.0,6840.0,10600.0
01428500,12-28,1050.0,1120.0,1400.0,2750,4380.0,7230.0,8340.0
01428500,12-29,1000.0,1100.0,1470.0,2730,4150.0,7170.0,9050.0
01428500,12-30,960.0,1000.0,1400.0,2700,4670.0,7710.0,8780.0
01428500,12-31,864.0,964.0,1300.0,2500,5280.0,7180.0,7800.0
01431500,01-01,120.0,157.0,230.0,438,758.0,1310.0,1850.0
01431500,01-02,120.0,159.0,228.0,385,736.0,1370.0,2330.0
01431500,01-03,117.0,150.0,220.0,409,716.0,1090.0,1980.0
01431500,01-04,117.0,140.0,228.0,407,773.0,1180.0,1800.0
01431500,01-05,111.0,135.0,225.0,389,695.0,1390.0,1740.0
01431500,01-06,106.0,130.0,217.0,377,730.0,1190.0,1830.0
01431500,01-07,101.0,129.0,223.0,360,637.0,1180.0,1530.0
01431500,01-08,111.0,137.0,207.0,341,592.0,983.0,2080.0
01431500,01-09,122.0,138.0,215.0,323,550.0,1280.0,2310.0
01431500,01-10,116.0,138.0,220.0,327,565.0,1420.0,2820.0
01431500,01-11,123.0,147.0,217.0,319,577.0,1280.0,2220.0
01431500,01-12,130.0,140.0,219.0,355,622.0,1220.0,2180.0
01431500,01-13,120.0,140.0,220.0,330,663.0,1040.0,1560.0
01431500,01-14,114.0,134.0,217.0,317,701.0,1140.0,2110.0
01431500,01-15,117.0,130.0,210.0,317,630.0,1060.0,1770.0
01431500,01-16,120.0,130.0,200.0,325,549.0,1080.0,1930.0
01431500,01-17,117.0,130.0,210.0,327,504.0,868.0,1430.0
01431500,01-18,120.0,144.0,194.0,325,531.0,832.0,1050.0
01431500,01-19,114.0,145.0,198.0,337,544.0,851.0,986.0
01431500,01-20,110.0,143.0,200.0,317,488.0,868.0,1720.0
01431500,01-21,114.0,138.0,200.0,340,480.0,1080.0,1770.0
01431500,01-22,112.0,133.0,199.0,326,508.0,1230.0,1570.0
01431500,01-23,114.0,131.0,190.0,335,523.0,1100.0,1270.0
01431500,01-24,110.0,128.0,195.0,328,599.0,1180.0,1690.0
01431500,01-25,112.0,144.0,194.0,350,722.0,1700.0,2840.0
01431500,01-26,110.0,136.0,199.0,348,782.0,2020.0,3330.0
01431500,01-27,110.0,128.0,195.0,326,907.0,1940.0,3050.0
01431500,01-28,110.0,128.0,205.0,320,724.0,1880.0,3020.0
01431500,01-29,110.0,123.0,208.0,308,653.0,1260.0,2620.0
01431500,01-30,110.0,124.0,212.0,309,634.0,1320.0,2210.0
01431500,01-31,107.0,115.0,221.0,352,611.0,1120.0,1650.0
01431500,02-01,100.0,114.0,230.0,336,578.0,1000.0,1310.0
01431500,02-02,100.0,118.0,230.0,346,570.0,999.0,1400.0
01431500,02-03,100.0,112.0,230.0,356,642.0,1520.0,2030.0
01431500,02-04,100.0,110.0,230.0,382,585.0,1600.0,2280.0
01431500,02-05,102.0,117.0,239.0,369,611.0,1210.0,2000.0
01431500,02-06,103.0,119.0,240.0,347,573.0,1000.0,1490.0
01431500,02-07,110.0,129.0,238.0,330,512.0,1140.0,1650.0
01431500,02-08,110.0,125.0,234.0,325,480.0,1090.0,2130.0
01431500,02-09,105.0,110.0,228.0,315,481.0,909.0,1710.0
01431500,02-10,105.0,119.0,215.0,310,438.0,812.0,1480.0
01431500,02-11,103.0,125.0,220.0,320,467.0,943.0,1590.0
01431500,02-12,101.0,126.0,226.0,305,574.0,938.0,1370.0
01431500,02-13,101.0,125.0,228.0,294,582.0,1030.0,1280.0
01431500,02-14,106.0,142.0,224.0,300,575.0,1100.0,1490.0
01431500,02-15,110.0,153.0,224.0,313,640.0,893.0,1320.0
01431500,02-16,117.0,145.0,230.0,355,570.0,936.0,1230.0
01431500,02-17,123.0,159.0,228.0,344,581.0,1050.0,2030.0
01431500,02-18,129.0,167.0,230.0,330,540.0,1230.0,2070.0
01431500,02-19,134.0,169.0,230.0,329,526.0,1110.0,1650.0
01431500,02-20,140.0,167.0,220.0,352,643.0,1590.0,1890.0
01431500,02-21,143.0,166.0,247.0,350,661.0,1330.0,2090.0
01431500,02-22,145.0,160.0,247.0,359,662.0,1430.0,2200.0
01431500,02-23,147.0,165.0,239.0,356,864.0,1760.0,2110.0
01431500,02-24,150.0,169.0,234.0,372,1010.0,1860.0,2040.0
01431500,02-25,153.0,177.0,228.0,388,982.0,2200.0,4270.0
01431500,02-26,149.0,177.0,236.0,390,904.0,2700.0,3920.0
01431500,02-27,147.0,173.0,245.0,385,1020.0,1970.0,2530.0
01431500,02-28,141.0,160.0,237.0,439,981.0,1340.0,2440.0
01431500,02-29,,160.0,205.0,439,918.0,1760.0,
01431500,03-01,134.0,168.0,257.0,439,814.0,1340.0,2320.0
01431500,03-02,140.0,172.0,260.0,492,788.0,1490.0,1910.0
01431500,03-03,139.0,177.0,291.0,496,859.0,1400.0,1860.0
01431500,03-04,140.0,177.0,280.0,503,986.0,1440.0,2200.0
01431500,03-05,141.0,169.0,304.0,514,888.0,1620.0,3200.0
01431500,03-06,145.0,183.0,306.0,547,990.0,2400.0,4670.0
01431500,03-07,149.0,179.0,289.0,540,887.0,2530.0,3220.0
01431500,03-08,150.0,176.0,307.0,618,947.0,1790.0,2690.0
01431500,03-09,151.0,184.0,285.0,636,1030.0,2160.0,2650.0
01431500,03-10,150.0,196.0,302.0,564,1010.0,2100.0,4150.0
01431500,03-11,143.0,206.0,339.0,575,1080.0,2400.0,2980.0
01431500,03-12,152.0,204.0,374.0,620,1230.0,2130.0,3310.0
01431500,03-13,162.0,207.0,388.0,640,1160.0,2070.0,2810.0
01431500,03-14,164.0,237.0,407.0,657,1240.0,1650.0,2700.0
01431500,03-15,165.0,215.0,429.0,664,1130.0,1640.0,3850.0
01431500,03-16,192.0,211.0,428.0,657,1110.0,1700.0,3910.0
01431500,03-17,189.0,221.0,438.0,639,1180.0,1860.0,3130.0
01431500,03-18,209.0,309.0,423.0,658,1110.0,2110.0,3590.0
01431500,03-19,199.0,307.0,451.0,727,1110.0,1910.0,2770.0
01431500,03-20,212.0,295.0,467.0,730,1170.0,1850.0,3440.0
01431500,03-21,213.0,330.0,454.0,729,1270.0,1990.0,2770.0
01431500,03-22,214.0,310.0,502.0,753,1510.0,2030.0,2400.0
01431500,03-23,221.0,309.0,502.0,727,1460.0,2460.0,3380.0
01431500,03-24,260.0,310.0,489.0,799,1290.0,2540.0,3320.0
01431500,03-25,261.0,324.0,481.0,809,1410.0,2440.0,3350.0
01431500,03-26,267.0,326.0,479.0,829,1230.0,2270.0,3140.0
01431500,03-27,246.0,356.0,531.0,852,1470.0,2600.0,3200.0
01431500,03-28,256.0,359.0,556.0,791,1390.0,2630.0,3560.0
01431500,03-29,252.0,343.0,575.0,755,1330.0,3150.0,4120.0
01431500,03-30,248.0,349.0,556.0,806,1770.0,3050.0,3920.0
01431500,03-31,278.0,337.0,550.0,753,1380.0,3490.0,4380.0
01431500,04-01,287.0,415.0,597.0,877,1840.0,2660.0,4960.0
01431500,04-02,312.0,454.0,620.0,855,1610.0,2970.0,3990.0
01431500,04-03,288.0,386.0,611.0,965,1780.0,3040.0,4930.0
01431500,04-04,283.0,346.0,589.0,943,1940.0,3710.0,4470.0
01431500,04-05,286.0,352.0,524.0,1030,1860.0,3320.0,6270.0
01431500,04-06,276.0,322.0,490.0,849,1710.0,3040.0,4320.0
01431500,04-07,278.0,374.0,452.0,870,1590.0,2500.0,3730.0
01431500,04-08,268.0,353.0,469.0,746,1460.0,2250.0,3180.0
01431500,04-09,282.0,342.0,455.0,783,1240.0,1820.0,2600.0
01431500,04-10,294.0,326.0,490.0,708,1300.0,2330.0,3350.0
01431500,04-11,272.0,320.0,449.0,661,1050.0,2240.0,3200.0
01431500,04-12,264.0,290.0,451.0,706,1080.0,1670.0,1890.0
01431500,04-13,251.0,274.0,449.0,745,1110.0,1460.0,1620.0
01431500,04-14,244.0,267.0,425.0,652,1160.0,1520.0,2050.0
01431500,04-15,238.0,264.0,436.0,692,1030.0,1780.0,2390.0
01431500,04-16,242.0,282.0,425.0,657,1130.0,2960.0,4150.0
01431500,04-17,233.0,265.0,405.0,633,1170.0,3350.0,4320.0
01431500,04-18,221.0,244.0,398.0,581,1200.0,2280.0,2580.0
01431500,04-19,203.0,238.0,366.0,560,1060.0,1760.0,1970.0
01431500,04-20,192.0,227.0,344.0,581,1060.0,1720.0,1970.0
01431500,04-21,185.0,226.0,347.0,510,1040.0,1760.0,1950.0
01431500,04-22,182.0,233.0,314.0,520,990.0,1570.0,1920.0
01431500,04-23,191.0,243.0,331.0,487,1050.0,1510.0,1940.0
01431500,04-24,218.0,275.0,367.0,527,967.0,1460.0,1930.0
01431500,04-25,213.0,277.0,349.0,507,934.0,1570.0,2270.0
01431500,04-26,216.0,281.0,341.0,521,879.0,1300.0,2370.0
01431500,04-27,227.0,275.0,331.0,578,892.0,1750.0,2910.0
01431500,04-28,254.0,273.0,334.0,552,814.0,1460.0,1900.0
01431500,04-29,237.0,255.0,334.0,566,694.0,1320.0,1730.0
01431500,04-30,228.0,250.0,331.0,514,700.0,1260.0,1980.0
01431500,05-01,233.0,266.0,330.0,474,691.0,1490.0,2860.0
01431500,05-02,230.0,266.0,364.0,454,708.0,1430.0,2200.0
01431500,05-03,231.0,267.0,366.0,473,802.0,1200.0,1530.0
01431500,05-04,221.0,245.0,359.0,532,832.0,1200.0,1440.0
01431500,05-05,217.0,257.0,343.0,517,801.0,1150.0,1830.0
01431500,05-06,208.0,251.0,323.0,488,745.0,1230.0,1630.0
01431500,05-07,201.0,239.0,322.0,465,759.0,1180.0,1450.0
01431500,05-08,203.0,236.0,306.0,443,667.0,1020.0,1270.0
01431500,05-09,198.0,232.0,308.0,463,720.0,988.0,1370.0
01431500,05-10,211.0,232.0,314.0,485,706.0,1190.0,1730.0
01431500,05-11,198.0,231.0,300.0,450,701.0,1320.0,1920.0
01431500,05-12,190.0,222.0,304.0,461,757.0,1540.0,3200.0
01431500,05-13,182.0,204.0,283.0,492,979.0,2160.0,2600.0
01431500,05-14,165.0,197.0,295.0,439,914.0,1570.0,2420.0
01431500,05-15,161.0,179.0,285.0,445,963.0,1350.0,2410.0
01431500,05-16,154.0,181.0,272.0,511,899.0,1440.0,1770.0
01431500,05-17,154.0,197.0,259.0,441,860.0,1640.0,2400.0
01431500,05-18,149.0,189.0,258.0,470,743.0,1460.0,2130.0
01431500,05-19,155.0,195.0,241.0,442,752.0,1270.0,2190.0
01431500,05-20,140.0,182.0,242.0,399,791.0,1350.0,2850.0
01431500,05-21,138.0,171.0,234.0,444,727.0,1160.0,2370.0
01431500,05-22,139.0,163.0,213.0,409,653.0,1130.0,1350.0
01431500,05-23,141.0,158.0,218.0,417,571.0,1110.0,1550.0
01431500,05-24,131.0,152.0,228.0,366,603.0,1090.0,1810.0
01431500,05-25,127.0,144.0,215.0,325,510.0,1050.0,1360.0
01431500,05-26,117.0,133.0,201.0,313,472.0,755.0,1110.0
01431500,05-27,119.0,134.0,188.0,311,473.0,695.0,917.0
01431500,05-28,114.0,133.0,205.0,285,431.0,715.0,834.0
01431500,05-29,104.0,128.0,205.0,274,435.0,858.0,1650.0
01431500,05-30,98.0,124.0,192.0,265,478.0,1050.0,1990.0
01431500,05-31,93.0,122.0,188.0,265,456.0,860.0,2220.0
01431500,06-01,90.0,124.0,197.0,260,507.0,975.0,3170.0
01431500,06-02,92.0,122.0,178.0,278,445.0,819.0,1870.0
01431500,06-03,91.0,125.0,168.0,303,452.0,1010.0,1270.0
01431500,06-04,96.0,127.0,160.0,270,376.0,818.0,1040.0
01431500,06-05,90.0,117.0,156.0,253,350.0,714.0,956.0
01431500,06-06,91.0,109.0,151.0,239,481.0,804.0,1350.0
01431500,06-07,89.0,108.0,152.0,226,408.0,1120.0,1820.0
01431500,06-08,80.0,113.0,143.0,233,412.0,793.0,1300.0
01431500,06-09,78.0,111.0,145.0,223,431.0,786.0,987.0
01431500,06-10,77.0,101.0,168.0,246,397.0,741.0,1110.0
01431500,06-11,77.0,95.0,152.0,241,394.0,713.0,1120.0
01431500,06-12,75.0,94.0,143.0,218,410.0,662.0,990.0
01431500,06-13,85.0,103.0,138.0,232,518.0,1060.0,1470.0
01431500,06-14,87.0,100.0,131.0,236,487.0,1040.0,1750.0
01431500,06-15,87.0,92.0,129.0,233,442.0,1130.0,1720.0
01431500,06-16,78.0,92.0,142.0,203,434.0,918.0,1950.0
01431500,06-17,78.0,87.0,136.0,189,427.0,799.0,1320.0
01431500,06-18,74.0,83.0,128.0,183,394.0,890.0,1400.0
01431500,06-19,68.0,81.0,117.0,171,353.0,705.0,1080.0
01431500,06-20,65.0,78.0,111.0,167,382.0,573.0,811.0
01431500,06-21,69.0,73.0,108.0,166,330.0,583.0,1510.0
01431500,06-22,64.0,74.0,101.0,171,278.0,713.0,1520.0
01431500,06-23,63.0,71.0,99.0,170,297.0,870.0,2290.0
01431500,06-24,62.0,67.0,99.0,169,288.0,955.0,2350.0
01431500,06-25,59.0,64.0,102.0,168,257.0,769.0,1320.0
01431500,06-26,56.0,62.0,97.0,153,272.0,639.0,1490.0
01431500,06-27,55.0,61.0,95.0,151,249.0,682.0,913.0
01431500,06-28,55.0,62.0,95.0,144,345.0,679.0,1630.0
01431500,06-29,56.0,63.0,94.0,134,350.0,996.0,4110.0
01431500,06-30,53.0,64.0,94.0,161,360.0,874.0,3070.0
01431500,07-01,52.0,59.0,86.0,154,372.0,1640.0,4120.0
01431500,07-02,49.0,58.0,85.0,153,331.0,1290.0,2350.0
01431500,07-03,46.0,53.0,82.0,144,308.0,857.0,1300.0
01431500,07-04,45.0,53.0,84.0,127,293.0,910.0,1190.0
01431500,07-05,45.0,56.0,76.0,136,256.0,695.0,855.0
01431500,07-06,44.0,53.0,77.0,132,241.0,591.0,709.0
01431500,07-07,42.0,54.0,76.0,127,216.0,471.0,559.0
01431500,07-08,38.0,53.0,78.0,117,248.0,422.0,570.0
01431500,07-09,38.0,50.0,78.0,113,248.0,411.0,605.0
01431500,07-10,39.0,47.0,72.0,126,237.0,418.0,575.0
01431500,07-11,39.0,50.0,72.0,116,212.0,364.0,448.0
01431500,07-12,37.0,51.0,71.0,109,224.0,338.0,515.0
01431500,07-13,40.0,48.0,65.0,102,213.0,337.0,832.0
01431500,07-14,39.0,47.0,65.0,109,201.0,419.0,767.0
01431500,07-15,38.0,46.0,58.0,108,223.0,353.0,1250.0
01431500,07-16,36.0,45.0,58.0,122,216.0,434.0,637.0
01431500,07-17,35.0,42.0,60.0,122,202.0,343.0,573.0
01431500,07-18,35.0,41.0,64.0,120,191.0,311.0,585.0
01431500,07-19,35.0,43.0,60.0,116,184.0,280.0,456.0
01431500,07-20,38.0,47.0,62.0,107,180.0,259.0,402.0
01431500,07-21,37.0,44.0,60.0,125,197.0,263.0,321.0
01431500,07-22,37.0,42.0,65.0,136,184.0,326.0,461.0
01431500,07-23,34.0,42.0,76.0,122,185.0,373.0,457.0
01431500,07-24,33.0,45.0,76.0,130,224.0,334.0,599.0
01431500,07-25,33.0,46.0,77.0,126,180.0,379.0,667.0
01431500,07-26,31.0,42.0,76.0,117,164.0,293.0,535.0
01431500,07-27,32.0,39.0,74.0,119,200.0,333.0,415.0
01431500,07-28,36.0,42.0,72.0,120,188.0,313.0,588.0
01431500,07-29,35.0,43.0,71.0,114,172.0,279.0,420.0
01431500,07-30,33.0,42.0,73.0,119,203.0,338.0,777.0
01431500,07-31,31.0,41.0,67.0,121,194.0,331.0,677.0
01431500,08-01,30.0,39.0,63.0,112,183.0,412.0,680.0
01431500,08-02,35.0,40.0,67.0,107,193.0,567.0,716.0
01431500,08-03,34.0,39.0,69.0,109,208.0,403.0,737.0
01431500,08-04,32.0,39.0,67.0,109,215.0,433.0,1030.0
01431500,08-05,32.0,38.0,61.0,102,199.0,500.0,635.0
01431500,08-06,31.0,37.0,60.0,106,205.0,458.0,805.0
01431500,08-07,29.0,36.0,58.0,103,202.0,483.0,759.0
01431500,08-08,33.0,35.0,59.0,102,223.0,450.0,520.0
01431500,08-09,32.0,37.0,56.0,97,181.0,435.0,1030.0
01431500,08-10,30.0,35.0,56.0,95,181.0,426.0,1000.0
01431500,08-11,30.0,35.0,57.0,97,186.0,535.0,1390.0
01431500,08-12,33.0,43.0,54.0,90,201.0,542.0,1030.0
01431500,08-13,40.0,44.0,56.0,101,197.0,407.0,724.0
01431500,08-14,37.0,38.0,57.0,94,172.0,359.0,659.0
01431500,08-15,33.0,39.0,56.0,90,180.0,434.0,721.0
01431500,08-16,31.0,38.0,57.0,81,176.0,357.0,681.0
01431500,08-17,30.0,37.0,54.0,79,158.0,333.0,535.0
01431500,08-18,30.0,36.0,53.0,80,150.0,301.0,874.0
01431500,08-19,28.0,34.0,53.0,81,152.0,332.0,1170.0
01431500,08-20,27.0,34.0,50.0,73,154.0,402.0,765.0
01431500,08-21,28.0,32.0,49.0,87,155.0,388.0,510.0
01431500,08-22,28.0,31.0,50.0,89,161.0,391.0,731.0
01431500,08-23,28.0,36.0,50.0,92,159.0,365.0,1080.0
01431500,08-24,27.0,38.0,50.0,93,151.0,333.0,804.0
01431500,08-25,26.0,32.0,48.0,87,140.0,357.0,573.0
01431500,08-26,24.0,32.0,48.0,82,132.0,338.0,496.0
01431500,08-27,26.0,32.0,51.0,85,135.0,389.0,554.0
01431500,08-28,29.0,38.0,52.0,81,179.0,353.0,772.0
01431500,08-29,30.0,36.0,49.0,84,166.0,524.0,700.0
01431500,08-30,35.0,39.0,48.0,91,213.0,491.0,646.0
01431500,08-31,33.0,39.0,52.0,84,188.0,409.0,573.0
01431500,09-01,31.0,39.0,50.0,79,185.0,288.0,598.0
01431500,09-02,29.0,38.0,46.0,73,168.0,295.0,1070.0
01431500,09-03,28.0,38.0,49.0,73,165.0,308.0,883.0
01431500,09-04,27.0,39.0,49.0,77,148.0,315.0,1140.0
01431500,09-05,26.0,38.0,49.0,82,136.0,254.0,751.0
01431500,09-06,30.0,37.0,51.0,83,131.0,300.0,756.0
01431500,09-07,27.0,36.0,51.0,81,151.0,351.0,1110.0
01431500,09-08,29.0,34.0,49.0,79,148.0,313.0,907.0
01431500,09-09,27.0,32.0,51.0,76,134.0,405.0,1230.0
01431500,09-10,27.0,31.0,49.0,74,132.0,442.0,1420.0
01431500,09-11,25.0,30.0,51.0,74,138.0,444.0,1430.0
01431500,09-12,24.0,28.0,50.0,74,122.0,457.0,1750.0
01431500,09-13,24.0,27.0,46.0,79,117.0,426.0,2100.0
01431500,09-14,23.0,25.0,42.0,77,145.0,380.0,1320.0
01431500,09-15,24.0,28.0,47.0,77,143.0,469.0,1940.0
01431500,09-16,24.0,30.0,55.0,76,143.0,590.0,1370.0
01431500,09-17,23.0,31.0,52.0,71,146.0,691.0,1650.0
01431500,09-18,25.0,30.0,49.0,72,155.0,840.0,1930.0
01431500,09-19,27.0,32.0,49.0,77,155.0,595.0,1010.0
01431500,09-20,29.0,29.0,49.0,75,180.0,505.0,1890.0
01431500,09-21,27.0,31.0,48.0,75,160.0,364.0,1270.0
01431500,09-22,28.0,32.0,48.0,87,165.0,331.0,930.0
01431500,09-23,27.0,34.0,46.0,88,171.0,520.0,873.0
01431500,09-24,27.0,34.0,46.0,86,181.0,580.0,2510.0
01431500,09-25,27.0,34.0,46.0,83,170.0,1480.0,2500.0
01431500,09-26,28.0,35.0,46.0,82,168.0,1060.0,2720.0
01431500,09-27,29.0,34.0,47.0,89,227.0,966.0,2160.0
01431500,09-28,28.0,35.0,52.0,101,286.0,1070.0,2320.0
01431500,09-29,27.0,36.0,51.0,99,315.0,921.0,2390.0
01431500,09-30,27.0,38.0,56.0,114,245.0,850.0,1350.0
01431500,10-01,28.0,39.0,55.0,107,234.0,712.0,1100.0
01431500,10-02,29.0,37.0,56.0,105,294.0,655.0,1580.0
01431500,10-03,29.0,38.0,52.0,104,252.0,526.0,1670.0
01431500,10-04,30.0,37.0,52.0,106,277.0,802.0,1330.0
01431500,10-05,30.0,36.0,56.0,98,305.0,760.0,1890.0
01431500,10-06,31.0,35.0,55.0,100,282.0,857.0,1710.0
01431500,10-07,32.0,34.0,57.0,102,275.0,662.0,959.0
01431500,10-08,31.0,34.0,62.0,122,273.0,573.0,692.0
01431500,10-09,30.0,36.0,60.0,122,278.0,567.0,774.0
01431500,10-10,28.0,35.0,65.0,136,245.0,479.0,936.0
01431500,10-11,28.0,35.0,63.0,131,290.0,432.0,688.0
01431500,10-12,29.0,34.0,64.0,119,289.0,623.0,1020.0
01431500,10-13,32.0,35.0,63.0,117,272.0,579.0,1090.0
01431500,10-14,32.0,38.0,59.0,123,272.0,459.0,1070.0
01431500,10-15,34.0,39.0,58.0,143,270.0,685.0,1120.0
01431500,10-16,33.0,41.0,63.0,147,237.0,835.0,1070.0
01431500,10-17,32.0,40.0,64.0,150,232.0,705.0,796.0
01431500,10-18,32.0,36.0,61.0,138,274.0,631.0,1630.0
01431500,10-19,33.0,38.0,61.0,134,328.0,1040.0,1700.0
01431500,10-20,33.0,38.0,68.0,143,328.0,1830.0,2860.0
01431500,10-21,31.0,37.0,63.0,133,372.0,1440.0,2490.0
01431500,10-22,31.0,42.0,64.0,131,332.0,1060.0,1880.0
01431500,10-23,32.0,40.0,69.0,151,409.0,978.0,1400.0
01431500,10-24,31.0,41.0,71.0,138,393.0,806.0,1030.0
01431500,10-25,35.0,45.0,74.0,147,359.0,722.0,1540.0
01431500,10-26,35.0,48.0,81.0,190,491.0,774.0,1540.0
01431500,10-27,34.0,48.0,83.0,177,509.0,745.0,1650.0
01431500,10-28,34.0,47.0,88.0,188,521.0,1560.0,2430.0
01431500,10-29,34.0,45.0,92.0,210,479.0,1230.0,2910.0
01431500,10-30,33.0,43.0,97.0,216,599.0,1100.0,2030.0
01431500,10-31,32.0,43.0,94.0,199,484.0,1010.0,1460.0
01431500,11-01,32.0,43.0,93.0,196,467.0,997.0,1260.0
01431500,11-02,34.0,41.0,98.0,223,390.0,843.0,1080.0
01431500,11-03,33.0,40.0,98.0,267,521.0,869.0,1100.0
01431500,11-04,33.0,42.0,95.0,245,452.0,744.0,881.0
01431500,11-05,35.0,42.0,102.0,223,450.0,667.0,853.0
01431500,11-06,37.0,44.0,104.0,239,449.0,613.0,750.0
01431500,11-07,39.0,54.0,110.0,260,444.0,551.0,779.0
01431500,11-08,41.0,53.0,112.0,275,438.0,873.0,1230.0
01431500,11-09,40.0,54.0,116.0,273,406.0,1320.0,1830.0
01431500,11-10,39.0,62.0,107.0,282,421.0,1130.0,2570.0
01431500,11-11,47.0,64.0,126.0,278,428.0,1010.0,2260.0
01431500,11-12,56.0,65.0,125.0,286,487.0,1330.0,1720.0
01431500,11-13,56.0,64.0,123.0,302,571.0,1170.0,1680.0
01431500,11-14,53.0,62.0,136.0,321,527.0,940.0,1740.0
01431500,11-15,51.0,63.0,140.0,319,474.0,1140.0,1920.0
01431500,11-16,48.0,62.0,140.0,307,515.0,995.0,2070.0
01431500,11-17,45.0,62.0,147.0,298,615.0,1460.0,1890.0
01431500,11-18,44.0,60.0,136.0,286,589.0,1080.0,2100.0
01431500,11-19,43.0,66.0,132.0,273,560.0,998.0,1720.0
01431500,11-20,42.0,66.0,129.0,269,544.0,1180.0,1610.0
01431500,11-21,44.0,70.0,131.0,286,586.0,1300.0,1810.0
01431500,11-22,54.0,78.0,171.0,306,578.0,1060.0,1260.0
01431500,11-23,54.0,78.0,187.0,319,636.0,1020.0,1300.0
01431500,11-24,54.0,91.0,187.0,345,563.0,820.0,1180.0
01431500,11-25,53.0,96.0,212.0,355,561.0,742.0,1340.0
01431500,11-26,63.0,104.0,221.0,359,640.0,898.0,1180.0
01431500,11-27,78.0,115.0,235.0,373,624.0,1780.0,2790.0
01431500,11-28,77.0,118.0,223.0,408,693.0,2160.0,3130.0
01431500,11-29,93.0,141.0,219.0,406,787.0,1690.0,3790.0
01431500,11-30,88.0,161.0,273.0,414,719.0,1850.0,2020.0
01431500,12-01,113.0,150.0,262.0,433,834.0,1510.0,1740.0
01431500,12-02,125.0,152.0,246.0,403,779.0,1320.0,2790.0
01431500,12-03,107.0,149.0,244.0,438,696.0,1540.0,1860.0
01431500,12-04,101.0,148.0,238.0,401,707.0,1190.0,1630.0
01431500,12-05,111.0,153.0,236.0,381,639.0,1090.0,1360.0
01431500,12-06,106.0,158.0,255.0,384,617.0,1090.0,1540.0
01431500,12-07,96.0,153.0,240.0,386,734.0,1340.0,1660.0
01431500,12-08,82.0,146.0,230.0,405,671.0,1270.0,2210.0
01431500,12-09,85.0,168.0,256.0,392,654.0,1230.0,2090.0
01431500,12-10,87.0,164.0,272.0,404,653.0,1300.0,2130.0
01431500,12-11,88.0,152.0,266.0,411,769.0,1880.0,3140.0
01431500,12-12,86.0,148.0,260.0,424,877.0,1610.0,4040.0
01431500,12-13,110.0,157.0,249.0,385,862.0,2250.0,2610.0
01431500,12-14,95.0,149.0,253.0,361,846.0,1490.0,1880.0
01431500,12-15,100.0,147.0,248.0,367,770.0,1200.0,1780.0
01431500,12-16,114.0,145.0,230.0,407,694.0,1080.0,1840.0
01431500,12-17,129.0,144.0,232.0,389,696.0,1190.0,1810.0
01431500,12-18,134.0,152.0,242.0,430,634.0,1160.0,2260.0
01431500,12-19,120.0,152.0,247.0,392,586.0,1100.0,1910.0
01431500,12-20,114.0,157.0,236.0,380,529.0,925.0,1170.0
01431500,12-21,120.0,160.0,241.0,361,642.0,1110.0,2080.0
01431500,12-22,130.0,148.0,230.0,360,676.0,1410.0,2180.0
01431500,12-23,127.0,149.0,237.0,369,592.0,1520.0,1930.0
01431500,12-24,124.0,154.0,230.0,398,756.0,1560.0,1740.0
01431500,12-25,128.0,159.0,236.0,417,945.0,1420.0,2020.0
01431500,12-26,132.0,150.0,270.0,490,825.0,1240.0,1650.0
01431500,12-27,141.0,157.0,242.0,481,744.0,1210.0,1320.0
01431500,12-28,134.0,150.0,239.0,446,746.0,1040.0,1430.0
01431500,12-29,124.0,145.0,247.0,453,656.0,1110.0,2070.0
01431500,12-30,120.0,140.0,253.0,448,701.0,1300.0,1720.0
01431500,12-31,117.0,154.0,230.0,430,836.0,1350.0,1700.0
01434000,01-01,1310.0,1750.0,2530.0,4050,6950.0,10700.0,14800.0
01434000,01-02,1320.0,1800.0,2500.0,3960,7870.0,11400.0,14500.0
01434000,01-03,1600.0,2140.0,2580.0,4000,7880.0,9290.0,14900.0
01434000,01-04,1740.0,2110.0,2790.0,3800,7150.0,9720.0,11600.0
01434000,01-05,1620.0,2120.0,2790.0,4000,7070.0,10500.0,11400.0
01434000,01-06,1800.0,1940.0,2640.0,4030,6920.0,9750.0,13000.0
01434000,01-07,1660.0,2060.0,2500.0,4080,6550.0,10700.0,13800.0
01434000,01-08,1380.0,1940.0,2540.0,3810,6030.0,9840.0,11000.0
01434000,01-09,1420.0,1900.0,2500.0,3800,5710.0,10100.0,18400.0
01434000,01-10,1510.0,1740.0,2500.0,3400,5900.0,11000.0,26200.0
01434000,01-11,1700.0,1900.0,2630.0,3620,5600.0,10800.0,17600.0
01434000,01-12,1460.0,2050.0,2530.0,3570,5910.0,11400.0,18800.0
01434000,01-13,1620.0,1930.0,2600.0,3920,6160.0,10200.0,16900.0
01434000,01-14,1720.0,1870.0,2600.0,3920,6820.0,13600.0,14800.0
01434000,01-15,1610.0,1800.0,2500.0,3870,6190.0,11400.0,19100.0
01434000,01-16,1520.0,1710.0,2300.0,3730,5770.0,10900.0,16900.0
01434000,01-17,1300.0,1860.0,2300.0,3890,5740.0,9870.0,14800.0
01434000,01-18,1350.0,1630.0,2430.0,3610,5470.0,8710.0,12000.0
01434000,01-19,1430.0,1900.0,2500.0,3830,5910.0,8800.0,13300.0
01434000,01-20,1380.0,1900.0,2600.0,3960,5420.0,8760.0,11900.0
01434000,01-21,1400.0,1700.0,2410.0,3800,5120.0,8880.0,13900.0
01434000,01-22,1200.0,1830.0,2300.0,3600,5090.0,8120.0,13300.0
01434000,01-23,1330.0,1800.0,2400.0,3400,5910.0,8790.0,12200.0
01434000,01-24,1470.0,1840.0,2200.0,3630,5800.0,10600.0,13800.0
01434000,01-25,1600.0,1800.0,2330.0,4120,7200.0,12000.0,27200.0
01434000,01-26,1630.0,1820.0,2330.0,3850,7830.0,16200.0,26800.0
01434000,01-27,1710.0,1790.0,2100.0,4200,8570.0,16600.0,21600.0
01434000,01-28,1620.0,1700.0,2010.0,3920,7380.0,14900.0,25400.0
01434000,01-29,1480.0,1670.0,2240.0,4000,6310.0,11600.0,20800.0
01434000,01-30,1210.0,1590.0,2100.0,3930,6080.0,12800.0,17800.0
01434000,01-31,1320.0,1460.0,2090.0,3650,5750.0,12700.0,15000.0
01434000,02-01,1460.0,1600.0,2390.0,3800,6400.0,12000.0,13100.0
01434000,02-02,1430.0,1680.0,2470.0,3800,5660.0,10700.0,11300.0
01434000,02-03,1430.0,1780.0,2780.0,3980,6060.0,9870.0,14100.0
01434000,02-04,1410.0,1630.0,2960.0,4060,6960.0,11900.0,18400.0
01434000,02-05,1570.0,1770.0,2700.0,3860,6460.0,11900.0,14400.0
01434000,02-06,1520.0,1990.0,2610.0,3890,6420.0,9850.0,12300.0
01434000,02-07,1350.0,1570.0,2480.0,3570,6080.0,8160.0,11000.0
01434000,02-08,1550.0,1850.0,2450.0,3280,5490.0,9380.0,14100.0
01434000,02-09,1510.0,1740.0,2570.0,3510,5260.0,9650.0,14500.0
01434000,02-10,1520.0,1690.0,2580.0,3360,4940.0,9320.0,12800.0
01434000,02-11,1400.0,1720.0,2600.0,3450,4670.0,8970.0,12100.0
01434000,02-12,1490.0,1930.0,2360.0,3620,5110.0,8630.0,11900.0
01434000,02-13,1510.0,1800.0,2450.0,3450,5940.0,8810.0,11500.0
01434000,02-14,1500.0,1810.0,2460.0,3640,5690.0,8730.0,10300.0
01434000,02-15,1500.0,1820.0,2500.0,3780,5160.0,8790.0,9610.0
01434000,02-16,1520.0,1730.0,2670.0,3830,5500.0,8260.0,10900.0
01434000,02-17,1900.0,1970.0,2760.0,3630,5070.0,11400.0,13800.0
01434000,02-18,1530.0,2070.0,2820.0,3600,5420.0,10100.0,15300.0
01434000,02-19,1410.0,1970.0,2810.0,3500,5350.0,9230.0,13000.0
01434000,02-20,1500.0,1990.0,2700.0,3260,5780.0,10000.0,16600.0
01434000,02-21,1810.0,1990.0,2470.0,3640,5900.0,9160.0,17500.0
01434000,02-22,1410.0,1790.0,2530.0,3500,6080.0,10100.0,17100.0
01434000,02-23,1520.0,1800.0,2620.0,3880,6190.0,14100.0,15900.0
01434000,02-24,1440.0,1950.0,2520.0,4190,7260.0,14000.0,17500.0
01434000,02-25,1560.0,1880.0,2620.0,4250,8150.0,15300.0,21600.0
01434000,02-26,1660.0,1990.0,2540.0,3960,8070.0,13700.0,27100.0
01434000,02-27,1530.0,1910.0,2570.0,3930,7790.0,13000.0,19500.0
01434000,02-28,1570.0,1800.0,2620.0,4370,7010.0,13000.0,15900.0
01434000,02-29,,1570.0,2380.0,4980,10400.0,17100.0,
01434000,03-01,1680.0,2010.0,2670.0,4250,6530.0,12400.0,14700.0
01434000,03-02,1550.0,2090.0,3040.0,4330,6340.0,11500.0,13100.0
01434000,03-03,1580.0,1890.0,2850.0,4380,6450.0,11000.0,13600.0
01434000,03-04,1690.0,2200.0,2830.0,4590,6950.0,10600.0,12400.0
01434000,03-05,1590.0,2110.0,2990.0,4780,8390.0,12400.0,19200.0
01434000,03-06,1520.0,2030.0,2970.0,4640,8910.0,16600.0,31100.0
01434000,03-07,1440.0,2160.0,2940.0,4740,7880.0,19100.0,31400.0
01434000,03-08,1720.0,2310.0,2850.0,5270,8140.0,14100.0,25800.0
01434000,03-09,1630.0,2090.0,2970.0,5260,9260.0,15100.0,21100.0
01434000,03-10,1710.0,1950.0,3150.0,5130,9220.0,17700.0,32800.0
01434000,03-11,1870.0,2160.0,3050.0,5190,9090.0,20100.0,30300.0
01434000,03-12,1920.0,2260.0,3270.0,5440,9130.0,19200.0,23200.0
01434000,03-13,1820.0,2430.0,3840.0,5780,9020.0,17500.0,20900.0
01434000,03-14,2040.0,2450.0,3870.0,6050,9670.0,14700.0,25400.0
01434000,03-15,1560.0,1980.0,4190.0,5860,9510.0,14800.0,26300.0
01434000,03-16,1470.0,2140.0,4240.0,6270,9180.0,15900.0,23800.0
01434000,03-17,2120.0,2390.0,4310.0,6370,9130.0,14400.0,20000.0
01434000,03-18,2060.0,3110.0,4100.0,6250,9780.0,15600.0,21000.0
01434000,03-19,2190.0,3020.0,4610.0,6450,9050.0,14300.0,22900.0
01434000,03-20,2300.0,3040.0,4350.0,6810,9860.0,17100.0,21300.0
01434000,03-21,2430.0,3270.0,4350.0,6660,9930.0,16400.0,27100.0
01434000,03-22,2100.0,3190.0,4210.0,7410,11200.0,18200.0,21900.0
01434000,03-23,1930.0,3050.0,4540.0,7260,12700.0,17800.0,25300.0
01434000,03-24,2600.0,2890.0,4480.0,6930,12500.0,19700.0,24200.0
01434000,03-25,2680.0,2910.0,4700.0,7270,12300.0,18600.0,21800.0
01434000,03-26,2660.0,2870.0,4510.0,7610,11500.0,18600.0,21100.0
01434000,03-27,2520.0,3010.0,5200.0,8220,11000.0,17200.0,20700.0
01434000,03-28,2440.0,2740.0,5600.0,7900,11600.0,15300.0,19200.0
01434000,03-29,2440.0,3140.0,5900.0,8170,11900.0,18500.0,27800.0
01434000,03-30,2360.0,3060.0,6040.0,7960,10900.0,23100.0,28800.0
01434000,03-31,2320.0,2710.0,5630.0,8140,12700.0,22600.0,34900.0
01434000,04-01,2270.0,3090.0,5540.0,8040,13900.0,20000.0,31000.0
01434000,04-02,2260.0,3070.0,5400.0,8120,14900.0,21600.0,24500.0
01434000,04-03,2360.0,3510.0,5730.0,8580,13700.0,22000.0,37500.0
01434000,04-04,2490.0,3010.0,5660.0,8650,16100.0,23400.0,28200.0
01434000,04-05,2550.0,3060.0,5190.0,9740,18200.0,22300.0,33200.0
01434000,04-06,2300.0,3260.0,5050.0,9500,16400.0,22100.0,32400.0
01434000,04-07,2490.0,3170.0,4900.0,8860,14700.0,19600.0,30800.0
01434000,04-08,2770.0,3230.0,4950.0,8130,14100.0,20400.0,28500.0
01434000,04-09,2760.0,3230.0,4680.0,8180,12400.0,20400.0,23000.0
01434000,04-10,2840.0,3390.0,4570.0,7610,13200.0,19000.0,27100.0
01434000,04-11,2680.0,3450.0,4470.0,7300,12400.0,22200.0,26800.0
01434000,04-12,2710.0,3200.0,4620.0,6960,12300.0,17000.0,21400.0
01434000,04-13,2570.0,3020.0,5060.0,7490,11400.0,15500.0,23300.0
01434000,04-14,2430.0,3020.0,4820.0,8250,11200.0,18500.0,20200.0
01434000,04-15,2460.0,2940.0,4370.0,7790,11600.0,16500.0,18600.0
01434000,04-16,2390.0,3040.0,4530.0,6910,13400.0,23600.0,32000.0
01434000,04-17,2290.0,2930.0,4540.0,6950,12800.0,24700.0,33500.0
01434000,04-18,2240.0,2780.0,4540.0,6520,11700.0,23600.0,27200.0
01434000,04-19,2200.0,2550.0,4120.0,5890,12700.0,19600.0,22700.0
01434000,04-20,2270.0,2460.0,3690.0,6240,11500.0,18000.0,19700.0
01434000,04-21,2050.0,2390.0,3480.0,6170,10300.0,16800.0,21000.0
01434000,04-22,2010.0,2420.0,3490.0,5920,10400.0,15600.0,18200.0
01434000,04-23,2150.0,2640.0,3710.0,6180,10100.0,14800.0,16500.0
01434000,04-24,2010.0,2630.0,3870.0,6110,9310.0,15300.0,17300.0
01434000,04-25,2340.0,2800.0,4280.0,6240,10700.0,15900.0,17500.0
01434000,04-26,2360.0,2950.0,4050.0,5450,9780.0,15700.0,16800.0
01434000,04-27,2250.0,2620.0,4060.0,6080,9350.0,13600.0,22800.0
01434000,04-28,2560.0,2620.0,3850.0,5720,9290.0,12800.0,21300.0
01434000,04-29,2230.0,2480.0,3900.0,5920,8110.0,11800.0,17700.0
01434000,04-30,2100.0,2470.0,3740.0,5870,7830.0,13000.0,15400.0
01434000,05-01,2100.0,2640.0,3510.0,5800,7740.0,14200.0,22300.0
01434000,05-02,2250.0,2640.0,3540.0,5260,7460.0,12900.0,22300.0
01434000,05-03,2220.0,2560.0,3910.0,5390,8070.0,14800.0,19000.0
01434000,05-04,2310.0,2750.0,3950.0,5530,8650.0,13700.0,17400.0
01434000,05-05,2370.0,2700.0,3610.0,5840,8120.0,14000.0,18900.0
01434000,05-06,2080.0,2650.0,3620.0,5420,8130.0,14100.0,20000.0
01434000,05-07,2090.0,2490.0,3420.0,5070,8400.0,13300.0,15800.0
01434000,05-08,2210.0,2530.0,3200.0,4810,7930.0,11900.0,14100.0
01434000,05-09,2070.0,2460.0,3290.0,4610,7390.0,10700.0,11700.0
01434000,05-10,1930.0,2330.0,3270.0,4740,7440.0,11000.0,13700.0
01434000,05-11,1980.0,2190.0,3340.0,4990,7600.0,12100.0,24200.0
01434000,05-12,1890.0,2160.0,3340.0,4850,7520.0,14300.0,23000.0
01434000,05-13,1700.0,2080.0,3160.0,5330,9340.0,16700.0,20700.0
01434000,05-14,1610.0,1780.0,2940.0,4780,9350.0,16400.0,20000.0
01434000,05-15,1510.0,1710.0,2960.0,4990,9780.0,13800.0,17600.0
01434000,05-16,1490.0,1630.0,2640.0,5620,9590.0,13400.0,16200.0
01434000,05-17,1420.0,1630.0,2800.0,5320,9120.0,13800.0,18400.0
01434000,05-18,1530.0,1680.0,2730.0,4910,8090.0,14000.0,17800.0
01434000,05-19,1640.0,1890.0,2540.0,4830,8400.0,14400.0,17600.0
01434000,05-20,1730.0,1860.0,2660.0,4990,7820.0,13500.0,17500.0
01434000,05-21,1650.0,1850.0,2730.0,4990,7640.0,12400.0,15100.0
01434000,05-22,1540.0,1830.0,2440.0,4400,7530.0,11200.0,12900.0
01434000,05-23,1450.0,1700.0,2320.0,4290,6910.0,12800.0,14800.0
01434000,05-24,1480.0,1730.0,2520.0,4320,6540.0,10500.0,13600.0
01434000,05-25,1490.0,1660.0,2510.0,4010,6430.0,11000.0,12800.0
01434000,05-26,1390.0,1650.0,2410.0,3780,5660.0,9160.0,12400.0
01434000,05-27,1390.0,1640.0,2430.0,3710,5380.0,7930.0,11400.0
01434000,05-28,1420.0,1640.0,2310.0,3630,4960.0,7100.0,9400.0
01434000,05-29,1160.0,1630.0,2410.0,3470,5050.0,9750.0,12100.0
01434000,05-30,1240.0,1610.0,2260.0,3300,5310.0,11000.0,18100.0
01434000,05-31,1360.0,1530.0,2110.0,3090,5460.0,10600.0,15200.0
01434000,06-01,1420.0,1560.0,2140.0,3280,6450.0,11700.0,23000.0
01434000,06-02,1590.0,1670.0,2200.0,3300,5960.0,13200.0,17800.0
01434000,06-03,1530.0,1700.0,2220.0,3360,5460.0,9070.0,13700.0
01434000,06-04,1480.0,1590.0,2200.0,3320,5200.0,8560.0,11600.0
01434000,06-05,1330.0,1460.0,2010.0,3050,4550.0,7370.0,11000.0
01434000,06-06,1370.0,1460.0,1910.0,3200,5160.0,9020.0,9760.0
01434000,06-07,1360.0,1540.0,1850.0,3040,5710.0,12900.0,18400.0
01434000,06-08,1350.0,1470.0,1940.0,3060,5560.0,10800.0,15300.0
01434000,06-09,1390.0,1550.0,1990.0,2700,5580.0,9220.0,10500.0
01434000,06-10,1370.0,1510.0,2080.0,2990,5790.0,8290.0,9910.0
01434000,06-11,1390.0,1480.0,2050.0,2930,5640.0,7300.0,9790.0
01434000,06-12,1430.0,1480.0,1750.0,2870,5910.0,7370.0,9570.0
01434000,06-13,1200.0,1440.0,1840.0,2860,5490.0,8080.0,12000.0
01434000,06-14,1250.0,1380.0,1690.0,3170,5580.0,11600.0,13900.0
01434000,06-15,1340.0,1570.0,1850.0,2950,5260.0,10200.0,13700.0
01434000,06-16,1470.0,1540.0,1940.0,3000,5430.0,10500.0,14600.0
01434000,06-17,1440.0,1600.0,1960.0,2660,5300.0,8990.0,12000.0
01434000,06-18,1490.0,1650.0,1920.0,2640,5350.0,8230.0,11900.0
01434000,06-19,1530.0,1620.0,1760.0,2570,4510.0,8650.0,11200.0
01434000,06-20,1560.0,1620.0,1800.0,2360,4520.0,8150.0,9890.0
01434000,06-21,1340.0,1570.0,1830.0,2610,4180.0,7140.0,11600.0
01434000,06-22,1250.0,1520.0,1870.0,2440,3910.0,8350.0,12400.0
01434000,06-23,1310.0,1540.0,1700.0,2480,3550.0,8930.0,16700.0
01434000,06-24,1400.0,1470.0,1730.0,2340,3830.0,10600.0,14300.0
01434000,06-25,1470.0,1530.0,1770.0,2180,3660.0,8830.0,11600.0
01434000,06-26,1490.0,1560.0,1740.0,2170,4230.0,9030.0,14500.0
01434000,06-27,1340.0,1480.0,1710.0,2070,3980.0,8630.0,10500.0
01434000,06-28,1380.0,1540.0,1780.0,2210,3830.0,8180.0,15000.0
01434000,06-29,1440.0,1490.0,1880.0,2280,4020.0,8410.0,17700.0
01434000,06-30,1420.0,1570.0,1750.0,2320,4160.0,9110.0,14800.0
01434000,07-01,1410.0,1510.0,1820.0,2570,4120.0,11200.0,21900.0
01434000,07-02,1240.0,1490.0,1780.0,2570,3600.0,14200.0,17100.0
01434000,07-03,1240.0,1440.0,1670.0,2440,3750.0,10000.0,14300.0
01434000,07-04,1250.0,1410.0,1680.0,2280,3680.0,10900.0,14600.0
01434000,07-05,1350.0,1410.0,1600.0,2060,4040.0,9880.0,12100.0
01434000,07-06,1370.0,1460.0,1750.0,2130,3430.0,7170.0,10200.0
01434000,07-07,1380.0,1480.0,1780.0,2320,3120.0,7130.0,8500.0
01434000,07-08,1410.0,1560.0,1840.0,2290,2920.0,6360.0,7690.0
01434000,07-09,1430.0,1510.0,1680.0,2250,3260.0,6140.0,8160.0
01434000,07-10,1310.0,1420.0,1850.0,2100,3420.0,5770.0,6940.0
01434000,07-11,1370.0,1460.0,1680.0,2040,2910.0,5740.0,6580.0
01434000,07-12,1310.0,1510.0,1660.0,2050,3040.0,4950.0,7570.0
01434000,07-13,1460.0,1580.0,1780.0,2110,3280.0,4610.0,6290.0
01434000,07-14,1480.0,1580.0,1820.0,2170,3590.0,5810.0,7830.0
01434000,07-15,1320.0,1460.0,1880.0,2310,3260.0,7120.0,11700.0
01434000,07-16,1220.0,1480.0,1690.0,2320,3240.0,6320.0,9950.0
01434000,07-17,1300.0,1530.0,1740.0,2310,3460.0,5560.0,8870.0
01434000,07-18,1310.0,1530.0,1760.0,2370,3390.0,4970.0,9060.0
01434000,07-19,1450.0,1530.0,1750.0,2340,3050.0,4160.0,7650.0
01434000,07-20,1340.0,1450.0,1730.0,2160,2860.0,3910.0,6430.0
01434000,07-21,1190.0,1510.0,1740.0,2290,2960.0,3750.0,5790.0
01434000,07-22,1180.0,1380.0,1820.0,2150,2650.0,3670.0,5670.0
01434000,07-23,1310.0,1530.0,1740.0,2120,2770.0,3830.0,5050.0
01434000,07-24,1360.0,1520.0,1760.0,2290,2940.0,3810.0,5120.0
01434000,07-25,1220.0,1450.0,1750.0,2330,2890.0,4130.0,7250.0
01434000,07-26,1160.0,1410.0,1630.0,2150,2840.0,5130.0,6910.0
01434000,07-27,981.0,1510.0,1730.0,2100,2860.0,4840.0,5650.0
01434000,07-28,1330.0,1530.0,1790.0,2210,3180.0,4730.0,7150.0
01434000,07-29,1390.0,1460.0,1660.0,2160,2960.0,4420.0,5290.0
01434000,07-30,1250.0,1440.0,1610.0,2030,3100.0,4410.0,8080.0
01434000,07-31,1240.0,1370.0,1630.0,2100,2870.0,4630.0,5730.0
01434000,08-01,1260.0,1480.0,1720.0,2160,2900.0,4090.0,5580.0
01434000,08-02,1250.0,1450.0,1690.0,2280,3000.0,4750.0,6520.0
01434000,08-03,1320.0,1450.0,1740.0,2090,3040.0,4410.0,7440.0
01434000,08-04,1250.0,1450.0,1660.0,2150,2880.0,5070.0,9120.0
01434000,08-05,1270.0,1430.0,1650.0,2060,2760.0,5310.0,9500.0
01434000,08-06,1370.0,1460.0,1680.0,1900,2900.0,4360.0,8130.0
01434000,08-07,1450.0,1510.0,1660.0,2060,3160.0,6560.0,7050.0
01434000,08-08,1350.0,1510.0,1680.0,2020,3220.0,5710.0,7160.0
01434000,08-09,1160.0,1510.0,1700.0,2040,2980.0,5720.0,7870.0
01434000,08-10,1200.0,1420.0,1660.0,1930,3090.0,6110.0,12800.0
01434000,08-11,1270.0,1440.0,1690.0,2000,2880.0,5940.0,10500.0
01434000,08-12,1220.0,1420.0,1640.0,1960,2990.0,5370.0,11100.0
01434000,08-13,1150.0,1390.0,1650.0,2030,3180.0,6800.0,10500.0
01434000,08-14,1180.0,1410.0,1610.0,2010,2850.0,5260.0,9490.0
01434000,08-15,1140.0,1430.0,1620.0,1920,3090.0,5440.0,8230.0
01434000,08-16,1160.0,1320.0,1650.0,1890,2820.0,6750.0,12600.0
01434000,08-17,1210.0,1340.0,1610.0,1950,2600.0,4950.0,9490.0
01434000,08-18,1160.0,1320.0,1550.0,1910,2950.0,5190.0,10700.0
01434000,08-19,1260.0,1340.0,1600.0,1830,2820.0,5240.0,16300.0
01434000,08-20,1250.0,1390.0,1570.0,1720,2780.0,5490.0,10100.0
01434000,08-21,1170.0,1280.0,1570.0,1810,2640.0,4580.0,7310.0
01434000,08-22,1350.0,1420.0,1540.0,1910,2550.0,4270.0,8620.0
01434000,08-23,1220.0,1440.0,1640.0,1980,2630.0,5030.0,10500.0
01434000,08-24,1150.0,1330.0,1580.0,1870,2380.0,5820.0,8180.0
01434000,08-25,1000.0,1340.0,1620.0,1890,2550.0,5180.0,6500.0
01434000,08-26,1250.0,1390.0,1620.0,1890,2440.0,4990.0,5440.0
01434000,08-27,1090.0,1380.0,1580.0,1940,2440.0,4310.0,5780.0
01434000,08-28,1220.0,1310.0,1500.0,1880,2450.0,4400.0,5890.0
01434000,08-29,1260.0,1390.0,1620.0,1810,2820.0,4540.0,6460.0
01434000,08-30,1190.0,1410.0,1670.0,1860,2920.0,4380.0,6380.0
01434000,08-31,1300.0,1400.0,1590.0,1910,2910.0,4730.0,8730.0
01434000,09-01,1390.0,1440.0,1600.0,1850,2530.0,5100.0,7070.0
01434000,09-02,1180.0,1360.0,1490.0,1760,2440.0,5250.0,11300.0
01434000,09-03,1250.0,1340.0,1530.0,1720,2290.0,4320.0,10300.0
01434000,09-04,1140.0,1300.0,1470.0,1730,2420.0,4210.0,10000.0
01434000,09-05,1090.0,1330.0,1490.0,1740,2380.0,3750.0,10400.0
01434000,09-06,1090.0,1240.0,1570.0,1790,2530.0,4060.0,8560.0
01434000,09-07,1040.0,1300.0,1530.0,1850,2580.0,5550.0,13000.0
01434000,09-08,1140.0,1260.0,1530.0,1740,2330.0,5430.0,10400.0
01434000,09-09,1230.0,1260.0,1540.0,1740,2470.0,6220.0,8760.0
01434000,09-10,1260.0,1390.0,1560.0,1750,2460.0,4910.0,12000.0
01434000,09-11,1190.0,1340.0,1600.0,1910,2510.0,6040.0,9760.0
01434000,09-12,1200.0,1380.0,1590.0,1870,2380.0,6060.0,9400.0
01434000,09-13,1240.0,1420.0,1620.0,1830,2350.0,4710.0,9120.0
01434000,09-14,1060.0,1360.0,1570.0,1760,2360.0,5190.0,8980.0
01434000,09-15,1220.0,1310.0,1580.0,1800,2390.0,5200.0,8610.0
01434000,09-16,1180.0,1400.0,1650.0,1790,2280.0,6800.0,12000.0
01434000,09-17,1190.0,1310.0,1580.0,1860,2330.0,8010.0,10800.0
01434000,09-18,1140.0,1310.0,1500.0,1800,2440.0,8560.0,10800.0
01434000,09-19,1250.0,1290.0,1460.0,1760,2620.0,8000.0,15900.0
01434000,09-20,1170.0,1330.0,1520.0,1810,2580.0,7130.0,9980.0
01434000,09-21,1260.0,1360.0,1560.0,1730,2460.0,6570.0,9400.0
01434000,09-22,1270.0,1380.0,1580.0,1950,2480.0,6260.0,7510.0
01434000,09-23,1160.0,1340.0,1590.0,1810,2940.0,6220.0,7890.0
01434000,09-24,1210.0,1350.0,1590.0,1840,3190.0,5790.0,15100.0
01434000,09-25,1180.0,1350.0,1620.0,1780,2820.0,12400.0,15500.0
01434000,09-26,1160.0,1350.0,1600.0,1810,2450.0,12000.0,22300.0
01434000,09-27,1310.0,1400.0,1650.0,1840,2750.0,10200.0,17600.0
01434000,09-28,1180.0,1380.0,1530.0,1950,2720.0,10900.0,20400.0
01434000,09-29,1210.0,1370.0,1520.0,2070,3020.0,10800.0,18500.0
01434000,09-30,1260.0,1450.0,1640.0,2030,2940.0,10600.0,15200.0
01434000,10-01,1330.0,1410.0,1560.0,1860,3720.0,8670.0,13600.0
01434000,10-02,1200.0,1350.0,1610.0,1850,3060.0,8620.0,14300.0
01434000,10-03,1230.0,1360.0,1640.0,1820,3210.0,7780.0,16300.0
01434000,10-04,1290.0,1360.0,1560.0,1940,3130.0,7230.0,11100.0
01434000,10-05,1290.0,1400.0,1580.0,1980,3440.0,7450.0,13800.0
01434000,10-06,1190.0,1340.0,1580.0,1870,3340.0,9210.0,12200.0
01434000,10-07,1120.0,1340.0,1590.0,1800,3220.0,7500.0,10400.0
01434000,10-08,1130.0,1300.0,1580.0,1820,2940.0,7380.0,8720.0
01434000,10-09,1180.0,1380.0,1550.0,1880,3390.0,7210.0,8150.0
01434000,10-10,1240.0,1440.0,1610.0,2020,3240.0,6820.0,7760.0
01434000,10-11,1240.0,1360.0,1600.0,1890,3300.0,5710.0,8310.0
01434000,10-12,1210.0,1340.0,1580.0,1830,3670.0,5940.0,7840.0
01434000,10-13,1120.0,1300.0,1600.0,1810,3180.0,5790.0,10900.0
01434000,10-14,1030.0,1350.0,1510.0,1910,2870.0,5230.0,7610.0
01434000,10-15,1140.0,1300.0,1540.0,1920,3430.0,6090.0,9160.0
01434000,10-16,1150.0,1420.0,1580.0,1990,3640.0,5640.0,10500.0
01434000,10-17,1200.0,1350.0,1610.0,1950,3560.0,7910.0,8820.0
01434000,10-18,1310.0,1350.0,1600.0,1950,3930.0,7430.0,9230.0
01434000,10-19,1170.0,1330.0,1600.0,2160,4110.0,6210.0,8790.0
01434000,10-20,1070.0,1270.0,1610.0,2090,4030.0,8330.0,17800.0
01434000,10-21,1070.0,1500.0,1630.0,1960,4100.0,12200.0,19400.0
01434000,10-22,1150.0,1290.0,1580.0,1990,3400.0,10900.0,18200.0
01434000,10-23,1020.0,1310.0,1540.0,2040,3900.0,9870.0,12600.0
01434000,10-24,1080.0,1350.0,1630.0,2110,3790.0,9430.0,11900.0
01434000,10-25,1090.0,1310.0,1580.0,2070,4640.0,8470.0,11500.0
01434000,10-26,1170.0,1420.0,1650.0,2300,4450.0,7530.0,12800.0
01434000,10-27,1350.0,1500.0,1680.0,2270,4830.0,6980.0,11800.0
01434000,10-28,1160.0,1370.0,1720.0,2380,5360.0,10300.0,15000.0
01434000,10-29,1100.0,1330.0,1750.0,2350,5350.0,10100.0,18100.0
01434000,10-30,1050.0,1370.0,1590.0,2670,5670.0,9680.0,14700.0
01434000,10-31,1110.0,1380.0,1590.0,2410,5160.0,9520.0,14000.0
01434000,11-01,1030.0,1330.0,1580.0,2330,4310.0,9140.0,11800.0
01434000,11-02,899.0,1340.0,1650.0,2460,4630.0,8600.0,10200.0
01434000,11-03,952.0,1390.0,1640.0,2710,4560.0,7890.0,10400.0
01434000,11-04,857.0,1360.0,1640.0,2570,4480.0,8020.0,10600.0
01434000,11-05,964.0,1360.0,1660.0,2500,4380.0,7530.0,8450.0
01434000,11-06,1060.0,1380.0,1710.0,2580,4190.0,6780.0,7760.0
01434000,11-07,1250.0,1400.0,1640.0,2840,4180.0,6370.0,7000.0
01434000,11-08,1360.0,1490.0,1680.0,2860,3990.0,6070.0,6930.0
01434000,11-09,1300.0,1440.0,1800.0,2670,4200.0,9620.0,13700.0
01434000,11-10,1270.0,1460.0,1840.0,2710,4020.0,9920.0,17500.0
01434000,11-11,1360.0,1510.0,2020.0,2780,4020.0,8770.0,16800.0
01434000,11-12,1340.0,1470.0,2050.0,2750,4320.0,10000.0,17200.0
01434000,11-13,1360.0,1600.0,1910.0,2960,4700.0,11900.0,15500.0
01434000,11-14,1420.0,1560.0,1940.0,2880,5190.0,11700.0,14100.0
01434000,11-15,1250.0,1480.0,1910.0,2840,5140.0,10600.0,14600.0
01434000,11-16,1280.0,1480.0,1810.0,2990,4810.0,9440.0,16600.0
01434000,11-17,1210.0,1440.0,1760.0,3060,6290.0,11700.0,13300.0
01434000,11-18,1160.0,1400.0,1780.0,3030,5810.0,9530.0,13600.0
01434000,11-19,1320.0,1500.0,1840.0,2920,5910.0,9200.0,14500.0
01434000,11-20,1370.0,1510.0,1870.0,3220,5430.0,9600.0,14900.0
01434000,11-21,1310.0,1410.0,1820.0,2980,6870.0,10900.0,12300.0
01434000,11-22,1390.0,1520.0,1750.0,2910,7090.0,9510.0,10800.0
01434000,11-23,1350.0,1640.0,1900.0,3040,6250.0,9500.0,12700.0
01434000,11-24,1420.0,1530.0,2050.0,3380,5520.0,9230.0,13400.0
01434000,11-25,1430.0,1500.0,2130.0,3420,5080.0,9320.0,11400.0
01434000,11-26,1450.0,1650.0,2020.0,3590,5840.0,8310.0,9890.0
01434000,11-27,1560.0,1780.0,2380.0,3560,6340.0,9770.0,21700.0
01434000,11-28,1490.0,1790.0,2600.0,3780,7730.0,11900.0,17300.0
01434000,11-29,1540.0,1760.0,2480.0,3480,7420.0,14400.0,18600.0
01434000,11-30,1440.0,1720.0,2730.0,4420,6850.0,14300.0,16900.0
01434000,12-01,1470.0,1800.0,2640.0,4480,7500.0,12100.0,15300.0
01434000,12-02,1650.0,1970.0,2450.0,4270,6670.0,13400.0,22600.0
01434000,12-03,1590.0,1850.0,2480.0,4000,6190.0,13600.0,17000.0
01434000,12-04,1470.0,1680.0,2640.0,4090,6780.0,12900.0,14600.0
01434000,12-05,1380.0,1560.0,2830.0,3790,6690.0,11100.0,13100.0
01434000,12-06,1420.0,1630.0,2690.0,4050,6520.0,10800.0,13700.0
01434000,12-07,1430.0,1660.0,2640.0,4220,7160.0,10000.0,12400.0
01434000,12-08,1410.0,1650.0,2480.0,3990,7030.0,11000.0,15900.0
01434000,12-09,1190.0,1580.0,2710.0,3990,6130.0,10300.0,18000.0
01434000,12-10,1110.0,1600.0,2630.0,4110,6550.0,11900.0,15500.0
01434000,12-11,1210.0,1580.0,2600.0,4730,7720.0,13500.0,16900.0
01434000,12-12,1190.0,1570.0,2540.0,4670,7820.0,14900.0,32100.0
01434000,12-13,1330.0,1730.0,2420.0,4380,8000.0,16200.0,17700.0
01434000,12-14,1340.0,1740.0,2570.0,4080,7280.0,13300.0,18600.0
01434000,12-15,1350.0,1620.0,2650.0,3800,7540.0,12400.0,15400.0
01434000,12-16,1440.0,1650.0,2700.0,4350,7390.0,10600.0,16900.0
01434000,12-17,1210.0,1490.0,2680.0,4550,7200.0,11700.0,13500.0
01434000,12-18,1430.0,1710.0,2710.0,4500,6600.0,10600.0,18600.0
01434000,12-19,1610.0,1800.0,2740.0,4260,6910.0,9670.0,17500.0
01434000,12-20,1550.0,1780.0,2800.0,3940,6320.0,9560.0,12800.0
01434000,12-21,1300.0,1670.0,2870.0,3850,6210.0,10400.0,16900.0
01434000,12-22,1480.0,1770.0,2840.0,4060,5800.0,10800.0,26100.0
01434000,12-23,1560.0,1730.0,2710.0,4060,6760.0,13400.0,17800.0
01434000,12-24,1540.0,1900.0,2710.0,3790,8440.0,13500.0,15500.0
01434000,12-25,1560.0,1930.0,2550.0,4020,8240.0,14000.0,17300.0
01434000,12-26,1470.0,1880.0,2620.0,4190,8020.0,12200.0,15000.0
01434000,12-27,1670.0,2180.0,2960.0,4210,7540.0,10500.0,19000.0
01434000,12-28,1620.0,2000.0,3000.0,4150,6870.0,11300.0,14900.0
01434000,12-29,1650.0,2010.0,2960.0,4310,6520.0,11200.0,14300.0
01434000,12-30,1720.0,2010.0,2690.0,4490,6940.0,11600.0,13300.0
01434000,12-31,1380.0,1820.0,2700.0,4360,8030.0,11500.0,12100.0
01436000,01-01,4.4,4.6,6.8,24,50.0,193.0,281.0
01436000,01-02,4.3,4.6,6.7,24,52.0,188.0,299.0
01436000,01-03,4.5,4.6,6.8,23,52.0,185.0,289.0
01436000,01-04,4.5,4.6,6.8,24,50.0,186.0,252.0
01436000,01-05,4.4,4.6,6.8,24,48.0,186.0,245.0
01436000,01-06,4.4,4.5,6.7,24,49.0,185.0,240.0
01436000,01-07,4.4,4.6,6.6,23,49.0,186.0,231.0
01436000,01-08,4.3,4.6,6.6,24,49.0,185.0,215.0
01436000,01-09,4.3,4.5,6.6,24,49.0,186.0,202.0
01436000,01-10,4.2,4.5,6.6,23,49.0,191.0,208.0
01436000,01-11,4.3,4.4,6.6,23,50.0,187.0,195.0
01436000,01-12,4.3,4.5,6.7,24,52.0,191.0,198.0
01436000,01-13,4.2,4.4,6.7,24,52.0,191.0,202.0
01436000,01-14,4.3,4.4,6.7,24,55.0,192.0,230.0
01436000,01-15,4.3,4.4,6.6,23,58.0,193.0,218.0
01436000,01-16,4.3,4.6,6.5,24,60.0,191.0,227.0
01436000,01-17,4.3,4.5,6.4,23,60.0,189.0,221.0
01436000,01-18,4.3,4.6,6.4,23,60.0,192.0,222.0
01436000,01-19,4.3,4.6,6.4,23,56.0,188.0,196.0
01436000,01-20,4.3,4.6,6.6,23,59.0,187.0,192.0
01436000,01-21,4.5,4.7,7.0,23,63.0,187.0,193.0
01436000,01-22,4.6,4.6,7.0,24,67.0,185.0,193.0
01436000,01-23,4.4,4.6,6.4,24,64.0,185.0,193.0
01436000,01-24,4.4,4.6,6.7,24,63.0,188.0,200.0
01436000,01-25,4.4,4.6,6.5,23,79.0,188.0,215.0
01436000,01-26,4.4,4.6,6.6,24,84.0,189.0,209.0
01436000,01-27,4.4,4.7,6.7,24,92.0,188.0,329.0
01436000,01-28,4.5,4.8,6.5,24,76.0,188.0,281.0
01436000,01-29,4.5,4.7,6.7,24,76.0,188.0,255.0
01436000,01-30,4.5,4.8,6.6,24,76.0,189.0,262.0
01436000,01-31,4.5,4.7,6.4,23,76.0,185.0,240.0
01436000,02-01,4.4,4.6,6.4,24,87.0,184.0,224.0
01436000,02-02,4.5,4.8,6.4,23,87.0,185.0,219.0
01436000,02-03,4.4,4.8,6.1,23,87.0,186.0,215.0
01436000,02-04,4.3,4.7,6.1,24,83.0,186.0,225.0
01436000,02-05,4.4,4.7,6.1,24,91.0,185.0,255.0
01436000,02-06,4.4,4.6,6.2,24,89.0,185.0,248.0
01436000,02-07,4.4,4.7,6.2,24,84.0,185.0,246.0
01436000,02-08,4.5,4.9,6.2,24,82.0,185.0,210.0
01436000,02-09,4.7,4.8,6.1,24,76.0,186.0,212.0
01436000,02-10,4.5,4.8,6.1,23,71.0,182.0,194.0
01436000,02-11,4.6,4.8,6.3,24,71.0,185.0,193.0
01436000,02-12,4.6,4.8,6.1,23,82.0,181.0,192.0
01436000,02-13,4.7,5.0,6.1,23,78.0,181.0,193.0
01436000,02-14,4.7,4.8,6.1,24,70.0,179.0,191.0
01436000,02-15,4.6,4.7,6.1,23,70.0,181.0,193.0
01436000,02-16,4.5,4.7,6.1,24,62.0,180.0,192.0
01436000,02-17,4.6,4.7,6.0,23,69.0,181.0,206.0
01436000,02-18,4.6,4.7,6.2,24,61.0,182.0,205.0
01436000,02-19,4.7,4.8,6.2,24,58.0,179.0,192.0
01436000,02-20,4.7,4.7,6.5,24,58.0,166.0,192.0
01436000,02-21,4.7,4.7,6.5,24,58.0,160.0,196.0
01436000,02-22,4.7,4.8,6.5,24,59.0,160.0,189.0
01436000,02-23,4.6,4.8,6.3,24,57.0,155.0,189.0
01436000,02-24,4.6,4.7,6.4,24,57.0,144.0,189.0
01436000,02-25,4.7,4.7,6.5,24,58.0,145.0,190.0
01436000,02-26,4.7,4.7,6.4,23,59.0,147.0,189.0
01436000,02-27,4.7,4.8,6.4,24,60.0,178.0,189.0
01436000,02-28,4.7,4.8,6.5,24,61.0,178.0,192.0
01436000,02-29,,4.7,6.3,24,130.0,187.0,
01436000,03-01,4.6,4.9,6.3,24,69.0,178.0,193.0
01436000,03-02,4.7,4.9,6.4,24,72.0,178.0,194.0
01436000,03-03,4.6,4.9,6.4,23,75.0,178.0,192.0
01436000,03-04,4.7,5.0,6.3,24,68.0,157.0,193.0
01436000,03-05,4.6,4.9,6.6,23,63.0,133.0,192.0
01436000,03-06,4.7,4.9,6.7,23,65.0,123.0,188.0
01436000,03-07,4.7,4.8,6.4,23,63.0,124.0,188.0
01436000,03-08,4.5,4.7,6.4,23,71.0,150.0,188.0
01436000,03-09,4.6,4.7,6.7,23,63.0,132.0,187.0
01436000,03-10,4.6,4.7,6.8,23,63.0,124.0,194.0
01436000,03-11,4.6,4.8,6.5,23,62.0,135.0,309.0
01436000,03-12,4.7,4.8,6.4,23,61.0,133.0,303.0
01436000,03-13,4.7,4.8,6.4,23,63.0,122.0,265.0
01436000,03-14,4.7,4.8,6.2,24,60.0,120.0,208.0
01436000,03-15,4.6,4.7,5.9,24,60.0,121.0,215.0
01436000,03-16,4.6,4.8,5.9,24,60.0,121.0,230.0
01436000,03-17,4.6,4.8,6.1,24,60.0,116.0,227.0
01436000,03-18,4.7,4.8,6.3,24,60.0,115.0,223.0
01436000,03-19,4.6,4.8,6.4,24,60.0,115.0,209.0
01436000,03-20,4.6,4.7,6.4,24,61.0,116.0,271.0
01436000,03-21,4.7,4.8,6.1,24,62.0,116.0,239.0
01436000,03-22,4.6,4.8,6.0,24,62.0,116.0,195.0
01436000,03-23,4.6,4.8,6.0,24,61.0,125.0,210.0
01436000,03-24,4.7,4.8,6.2,24,62.0,138.0,258.0
01436000,03-25,4.7,4.8,6.3,24,64.0,123.0,266.0
01436000,03-26,4.7,4.8,6.5,24,63.0,121.0,200.0
01436000,03-27,4.7,4.8,6.7,24,68.0,124.0,198.0
01436000,03-28,4.7,4.9,6.2,23,74.0,184.0,346.0
01436000,03-29,4.6,4.9,5.9,24,75.0,197.0,872.0
01436000,03-30,4.7,5.0,6.3,24,69.0,193.0,876.0
01436000,03-31,4.8,5.0,6.3,24,70.0,218.0,779.0
01436000,04-01,4.9,5.0,6.4,26,67.0,268.0,660.0
01436000,04-02,4.8,5.0,6.7,26,62.0,351.0,488.0
01436000,04-03,4.9,5.0,7.2,26,61.0,367.0,475.0
01436000,04-04,4.7,5.0,6.8,29,63.0,423.0,557.0
01436000,04-05,4.8,5.0,6.8,29,66.0,397.0,731.0
01436000,04-06,4.9,5.0,7.3,29,73.0,407.0,572.0
01436000,04-07,7.4,8.0,10.0,30,71.0,472.0,807.0
01436000,04-08,13.0,14.0,16.0,38,80.0,347.0,861.0
01436000,04-09,14.0,14.0,16.0,41,91.0,396.0,654.0
01436000,04-10,14.0,15.0,16.0,39,73.0,451.0,617.0
01436000,04-11,12.0,14.0,16.0,33,75.0,343.0,607.0
01436000,04-12,14.0,15.0,16.0,37,70.0,416.0,758.0
01436000,04-13,14.0,14.0,16.0,41,67.0,441.0,1470.0
01436000,04-14,14.0,14.0,16.0,37,67.0,358.0,1090.0
01436000,04-15,14.0,14.0,16.0,42,71.0,456.0,941.0
01436000,04-16,14.0,15.0,16.0,44,81.0,581.0,986.0
01436000,04-17,14.0,15.0,16.0,45,123.0,592.0,1380.0
01436000,04-18,14.0,14.0,16.0,45,110.0,547.0,801.0
01436000,04-19,14.0,14.0,16.0,45,109.0,442.0,537.0
01436000,04-20,14.0,14.0,16.0,43,105.0,366.0,572.0
01436000,04-21,14.0,15.0,16.0,44,87.0,315.0,387.0
01436000,04-22,14.0,15.0,16.0,42,80.0,311.0,501.0
01436000,04-23,14.0,15.0,16.0,43,69.0,293.0,554.0
01436000,04-24,14.0,15.0,16.0,43,72.0,288.0,479.0
01436000,04-25,14.0,15.0,16.0,43,75.0,417.0,860.0
01436000,04-26,14.0,15.0,16.0,43,81.0,425.0,763.0
01436000,04-27,14.0,15.0,17.0,43,146.0,451.0,659.0
01436000,04-28,15.0,15.0,17.0,43,154.0,426.0,748.0
01436000,04-29,14.0,15.0,17.0,43,134.0,441.0,846.0
01436000,04-30,15.0,15.0,16.0,43,132.0,445.0,779.0
01436000,05-01,15.0,15.0,17.0,46,136.0,419.0,1380.0
01436000,05-02,15.0,15.0,16.0,49,117.0,408.0,929.0
01436000,05-03,14.0,15.0,17.0,52,106.0,351.0,585.0
01436000,05-04,14.0,15.0,16.0,48,105.0,283.0,593.0
01436000,05-05,14.0,15.0,17.0,48,82.0,249.0,504.0
01436000,05-06,15.0,15.0,17.0,52,87.0,211.0,430.0
01436000,05-07,14.0,15.0,16.0,48,79.0,226.0,402.0
01436000,05-08,15.0,15.0,17.0,47,79.0,197.0,352.0
01436000,05-09,15.0,15.0,17.0,47,86.0,197.0,298.0
01436000,05-10,15.0,15.0,16.0,48,91.0,203.0,468.0
01436000,05-11,14.0,15.0,17.0,49,97.0,310.0,670.0
01436000,05-12,14.0,15.0,17.0,49,101.0,350.0,571.0
01436000,05-13,15.0,15.0,18.0,49,101.0,397.0,549.0
01436000,05-14,15.0,15.0,17.0,49,98.0,361.0,487.0
01436000,05-15,14.0,15.0,18.0,53,98.0,251.0,378.0
01436000,05-16,15.0,15.0,17.0,53,95.0,174.0,310.0
01436000,05-17,15.0,16.0,21.0,52,103.0,219.0,401.0
01436000,05-18,15.0,15.0,19.0,52,98.0,347.0,728.0
01436000,05-19,15.0,15.0,17.0,51,102.0,318.0,640.0
01436000,05-20,15.0,15.0,17.0,51,102.0,351.0,519.0
01436000,05-21,15.0,16.0,17.0,52,104.0,387.0,647.0
01436000,05-22,15.0,15.0,17.0,52,101.0,312.0,435.0
01436000,05-23,15.0,15.0,17.0,50,98.0,286.0,351.0
01436000,05-24,15.0,15.0,18.0,51,99.0,234.0,303.0
01436000,05-25,15.0,15.0,17.0,53,99.0,214.0,265.0
01436000,05-26,15.0,16.0,18.0,52,100.0,162.0,245.0
01436000,05-27,15.0,15.0,19.0,47,97.0,139.0,207.0
01436000,05-28,15.0,15.0,17.0,46,97.0,134.0,195.0
01436000,05-29,15.0,15.0,17.0,53,100.0,186.0,309.0
01436000,05-30,15.0,15.0,20.0,53,100.0,182.0,402.0
01436000,05-31,15.0,16.0,23.0,54,99.0,148.0,396.0
01436000,06-01,15.0,15.0,20.0,48,110.0,152.0,530.0
01436000,06-02,15.0,15.0,19.0,51,113.0,178.0,429.0
01436000,06-03,15.0,15.0,20.0,49,114.0,168.0,334.0
01436000,06-04,15.0,15.0,20.0,47,114.0,140.0,284.0
01436000,06-05,15.0,15.0,17.0,46,112.0,127.0,185.0
01436000,06-06,15.0,15.0,17.0,46,111.0,122.0,173.0
01436000,06-07,15.0,15.0,20.0,48,111.0,129.0,362.0
01436000,06-08,15.0,15.0,20.0,49,110.0,125.0,249.0
01436000,06-09,15.0,15.0,21.0,49,110.0,124.0,161.0
01436000,06-10,15.0,15.0,24.0,51,111.0,128.0,163.0
01436000,06-11,15.0,15.0,21.0,50,113.0,151.0,276.0
01436000,06-12,15.0,15.0,23.0,49,111.0,163.0,244.0
01436000,06-13,14.0,16.0,21.0,48,111.0,128.0,223.0
01436000,06-14,14.0,16.0,27.0,54,112.0,175.0,495.0
01436000,06-15,15.0,16.0,33.0,53,111.0,145.0,397.0
01436000,06-16,15.0,15.0,33.0,56,110.0,170.0,313.0
01436000,06-17,15.0,15.0,33.0,61,107.0,138.0,274.0
01436000,06-18,15.0,16.0,26.0,53,111.0,210.0,439.0
01436000,06-19,15.0,16.0,23.0,53,110.0,199.0,356.0
01436000,06-20,15.0,16.0,28.0,53,111.0,177.0,321.0
01436000,06-21,14.0,15.0,23.0,52,109.0,146.0,239.0
01436000,06-22,15.0,16.0,35.0,59,112.0,234.0,341.0
01436000,06-23,15.0,16.0,34.0,56,113.0,214.0,344.0
01436000,06-24,15.0,16.0,40.0,56,114.0,226.0,285.0
01436000,06-25,15.0,16.0,42.0,66,114.0,179.0,346.0
01436000,06-26,15.0,16.0,39.0,61,113.0,174.0,423.0
01436000,06-27,15.0,16.0,29.0,61,111.0,146.0,212.0
01436000,06-28,15.0,16.0,39.0,57,113.0,143.0,207.0
01436000,06-29,15.0,16.0,41.0,64,113.0,173.0,259.0
01436000,06-30,15.0,16.0,41.0,61,114.0,172.0,417.0
01436000,07-01,15.0,16.0,42.0,64,114.0,248.0,554.0
01436000,07-02,15.0,15.0,42.0,60,117.0,276.0,363.0
01436000,07-03,15.0,16.0,43.0,65,114.0,269.0,318.0
01436000,07-04,15.0,15.0,43.0,74,114.0,254.0,301.0
01436000,07-05,15.0,15.0,43.0,71,113.0,145.0,291.0
01436000,07-06,15.0,15.0,41.0,62,114.0,185.0,287.0
01436000,07-07,14.0,15.0,40.0,60,112.0,142.0,266.0
01436000,07-08,14.0,15.0,42.0,62,113.0,144.0,242.0
01436000,07-09,14.0,15.0,41.0,60,114.0,144.0,215.0
01436000,07-10,14.0,15.0,42.0,65,112.0,147.0,227.0
01436000,07-11,15.0,15.0,42.0,60,114.0,153.0,269.0
01436000,07-12,14.0,15.0,43.0,61,116.0,150.0,256.0
01436000,07-13,14.0,15.0,42.0,58,114.0,143.0,190.0
01436000,07-14,14.0,15.0,42.0,64,114.0,144.0,191.0
01436000,07-15,15.0,15.0,42.0,65,114.0,148.0,369.0
01436000,07-16,15.0,15.0,42.0,71,115.0,164.0,705.0
01436000,07-17,14.0,15.0,42.0,68,115.0,215.0,515.0
01436000,07-18,14.0,15.0,44.0,78,116.0,186.0,345.0
01436000,07-19,14.0,15.0,45.0,80,114.0,228.0,322.0
01436000,07-20,14.0,15.0,46.0,77,114.0,152.0,296.0
01436000,07-21,14.0,15.0,41.0,72,114.0,150.0,264.0
01436000,07-22,14.0,15.0,41.0,66,114.0,144.0,258.0
01436000,07-23,14.0,15.0,41.0,67,113.0,147.0,252.0
01436000,07-24,14.0,15.0,41.0,65,113.0,144.0,227.0
01436000,07-25,14.0,15.0,41.0,64,114.0,144.0,248.0
01436000,07-26,14.0,15.0,43.0,68,113.0,144.0,219.0
01436000,07-27,14.0,15.0,41.0,59,114.0,169.0,236.0
01436000,07-28,15.0,15.0,42.0,64,114.0,152.0,231.0
01436000,07-29,15.0,15.0,44.0,71,111.0,166.0,241.0
01436000,07-30,15.0,15.0,43.0,66,111.0,164.0,241.0
01436000,07-31,14.0,14.0,41.0,59,111.0,166.0,270.0
01436000,08-01,14.0,14.0,43.0,64,112.0,186.0,287.0
01436000,08-02,14.0,15.0,43.0,69,114.0,203.0,287.0
01436000,08-03,14.0,15.0,43.0,79,113.0,182.0,289.0
01436000,08-04,14.0,14.0,43.0,78,114.0,177.0,285.0
01436000,08-05,14.0,14.0,43.0,78,114.0,187.0,285.0
01436000,08-06,14.0,15.0,43.0,71,114.0,179.0,277.0
01436000,08-07,15.0,15.0,44.0,64,114.0,173.0,274.0
01436000,08-08,14.0,15.0,44.0,70,115.0,201.0,264.0
01436000,08-09,14.0,15.0,44.0,65,113.0,178.0,280.0
01436000,08-10,14.0,15.0,45.0,68,111.0,152.0,235.0
01436000,08-11,14.0,15.0,42.0,67,113.0,133.0,235.0
01436000,08-12,14.0,15.0,45.0,62,114.0,142.0,241.0
01436000,08-13,14.0,15.0,45.0,79,118.0,199.0,265.0
01436000,08-14,14.0,15.0,45.0,72,122.0,250.0,287.0
01436000,08-15,14.0,15.0,45.0,65,119.0,242.0,298.0
01436000,08-16,14.0,15.0,46.0,72,122.0,260.0,303.0
01436000,08-17,14.0,15.0,45.0,68,117.0,260.0,307.0
01436000,08-18,14.0,15.0,45.0,68,117.0,214.0,290.0
01436000,08-19,14.0,15.0,46.0,67,119.0,256.0,309.0
01436000,08-20,14.0,16.0,46.0,67,118.0,260.0,301.0
01436000,08-21,15.0,16.0,45.0,66,122.0,260.0,307.0
01436000,08-22,15.0,15.0,43.0,67,119.0,216.0,271.0
01436000,08-23,15.0,15.0,41.0,58,114.0,212.0,271.0
01436000,08-24,15.0,15.0,41.0,56,117.0,238.0,294.0
01436000,08-25,15.0,15.0,42.0,58,117.0,231.0,269.0
01436000,08-26,15.0,15.0,41.0,58,116.0,193.0,258.0
01436000,08-27,15.0,15.0,41.0,57,114.0,215.0,257.0
01436000,08-28,15.0,15.0,41.0,59,113.0,236.0,286.0
01436000,08-29,15.0,15.0,43.0,60,116.0,233.0,287.0
01436000,08-30,15.0,16.0,41.0,59,113.0,202.0,265.0
01436000,08-31,15.0,15.0,42.0,67,114.0,224.0,275.0
01436000,09-01,15.0,15.0,42.0,61,107.0,190.0,262.0
01436000,09-02,15.0,16.0,41.0,61,100.0,212.0,250.0
01436000,09-03,15.0,16.0,40.0,56,99.0,190.0,250.0
01436000,09-04,15.0,16.0,41.0,49,102.0,195.0,241.0
01436000,09-05,15.0,15.0,41.0,53,95.0,195.0,271.0
01436000,09-06,15.0,16.0,42.0,56,95.0,203.0,250.0
01436000,09-07,15.0,16.0,42.0,56,99.0,200.0,253.0
01436000,09-08,15.0,16.0,45.0,57,99.0,218.0,288.0
01436000,09-09,15.0,16.0,44.0,62,102.0,223.0,268.0
01436000,09-10,15.0,16.0,45.0,60,101.0,239.0,281.0
01436000,09-11,15.0,15.0,43.0,55,101.0,201.0,242.0
01436000,09-12,15.0,15.0,42.0,52,99.0,218.0,277.0
01436000,09-13,15.0,15.0,42.0,52,99.0,224.0,285.0
01436000,09-14,15.0,15.0,42.0,58,99.0,195.0,258.0
01436000,09-15,15.0,15.0,43.0,55,101.0,205.0,261.0
01436000,09-16,15.0,15.0,42.0,54,92.0,199.0,285.0
01436000,09-17,15.0,15.0,43.0,52,91.0,196.0,246.0
01436000,09-18,15.0,15.0,43.0,55,93.0,212.0,273.0
01436000,09-19,15.0,15.0,42.0,51,91.0,200.0,274.0
01436000,09-20,15.0,15.0,34.0,48,91.0,194.0,252.0
01436000,09-21,15.0,15.0,28.0,49,91.0,196.0,248.0
01436000,09-22,14.0,15.0,41.0,49,88.0,194.0,249.0
01436000,09-23,14.0,15.0,35.0,48,90.0,199.0,265.0
01436000,09-24,14.0,15.0,40.0,48,89.0,178.0,236.0
01436000,09-25,15.0,15.0,41.0,49,88.0,178.0,222.0
01436000,09-26,14.0,15.0,35.0,49,90.0,182.0,249.0
01436000,09-27,15.0,15.0,27.0,48,89.0,182.0,236.0
01436000,09-28,15.0,15.0,21.0,48,91.0,170.0,237.0
01436000,09-29,15.0,15.0,39.0,49,84.0,138.0,406.0
01436000,09-30,14.0,15.0,21.0,47,82.0,166.0,273.0
01436000,10-01,14.0,15.0,20.0,45,67.0,115.0,237.0
01436000,10-02,14.0,15.0,21.0,44,60.0,147.0,235.0
01436000,10-03,14.0,15.0,21.0,44,61.0,167.0,259.0
01436000,10-04,14.0,15.0,20.0,44,61.0,173.0,259.0
01436000,10-05,14.0,15.0,19.0,44,63.0,176.0,257.0
01436000,10-06,14.0,15.0,19.0,43,62.0,140.0,253.0
01436000,10-07,14.0,15.0,19.0,43,61.0,162.0,242.0
01436000,10-08,14.0,15.0,20.0,43,61.0,170.0,236.0
01436000,10-09,15.0,15.0,20.0,42,61.0,189.0,229.0
01436000,10-10,14.0,15.0,21.0,44,65.0,179.0,222.0
01436000,10-11,14.0,15.0,21.0,45,63.0,194.0,228.0
01436000,10-12,14.0,15.0,21.0,44,61.0,154.0,201.0
01436000,10-13,14.0,15.0,20.0,45,61.0,184.0,206.0
01436000,10-14,14.0,15.0,20.0,44,61.0,189.0,278.0
01436000,10-15,14.0,15.0,18.0,44,62.0,170.0,250.0
01436000,10-16,14.0,14.0,21.0,45,61.0,181.0,324.0
01436000,10-17,14.0,15.0,23.0,44,61.0,192.0,303.0
01436000,10-18,14.0,15.0,23.0,45,64.0,187.0,305.0
01436000,10-19,14.0,15.0,23.0,44,63.0,176.0,244.0
01436000,10-20,14.0,15.0,23.0,44,60.0,174.0,256.0
01436000,10-21,14.0,15.0,23.0,44,60.0,187.0,236.0
01436000,10-22,14.0,15.0,20.0,44,59.0,187.0,221.0
01436000,10-23,14.0,15.0,23.0,43,59.0,148.0,211.0
01436000,10-24,14.0,15.0,23.0,43,59.0,130.0,205.0
01436000,10-25,14.0,15.0,21.0,43,60.0,120.0,195.0
01436000,10-26,15.0,15.0,19.0,41,57.0,118.0,168.0
01436000,10-27,14.0,15.0,20.0,42,59.0,133.0,186.0
01436000,10-28,15.0,15.0,19.0,43,59.0,127.0,197.0
01436000,10-29,14.0,15.0,21.0,43,59.0,157.0,291.0
01436000,10-30,14.0,15.0,22.0,42,59.0,181.0,643.0
01436000,10-31,15.0,15.0,18.0,39,58.0,173.0,618.0
01436000,11-01,9.3,11.0,17.0,30,59.0,173.0,438.0
01436000,11-02,4.8,5.0,18.0,25,60.0,184.0,338.0
01436000,11-03,4.8,5.1,15.0,27,60.0,184.0,331.0
01436000,11-04,4.7,4.9,15.0,25,59.0,183.0,340.0
01436000,11-05,4.8,4.9,16.0,25,58.0,183.0,319.0
01436000,11-06,4.7,4.8,14.0,25,58.0,183.0,295.0
01436000,11-07,4.7,4.9,14.0,25,57.0,166.0,240.0
01436000,11-08,4.7,4.9,7.3,25,56.0,160.0,202.0
01436000,11-09,4.7,4.8,7.4,25,55.0,113.0,190.0
01436000,11-10,4.7,4.8,7.5,25,54.0,112.0,187.0
01436000,11-11,4.7,4.8,7.6,25,56.0,109.0,183.0
01436000,11-12,4.8,5.0,7.6,25,56.0,123.0,184.0
01436000,11-13,4.8,5.0,8.8,25,55.0,118.0,235.0
01436000,11-14,4.8,5.0,11.0,25,56.0,112.0,273.0
01436000,11-15,4.8,4.9,8.8,24,56.0,116.0,225.0
01436000,11-16,4.9,5.0,7.4,24,55.0,133.0,205.0
01436000,11-17,4.8,5.0,10.0,25,54.0,120.0,246.0
01436000,11-18,4.6,4.9,7.4,25,55.0,116.0,192.0
01436000,11-19,4.7,4.8,7.4,25,56.0,111.0,203.0
01436000,11-20,4.7,4.8,7.2,25,56.0,112.0,213.0
01436000,11-21,4.7,4.8,7.3,25,55.0,117.0,203.0
01436000,11-22,4.6,4.8,7.3,24,52.0,98.0,189.0
01436000,11-23,4.6,4.9,6.8,25,53.0,97.0,187.0
01436000,11-24,4.6,4.8,6.9,24,54.0,97.0,189.0
01436000,11-25,4.7,4.8,6.2,24,53.0,73.0,189.0
01436000,11-26,4.6,4.8,6.3,24,51.0,64.0,187.0
01436000,11-27,4.8,4.9,6.6,24,49.0,63.0,187.0
01436000,11-28,4.7,4.8,7.4,24,54.0,82.0,187.0
01436000,11-29,4.8,4.9,6.5,23,54.0,92.0,188.0
01436000,11-30,4.7,4.8,6.7,24,55.0,104.0,187.0
01436000,12-01,4.6,4.8,6.8,24,55.0,112.0,185.0
01436000,12-02,4.7,4.7,6.6,24,54.0,121.0,187.0
01436000,12-03,4.6,4.7,6.5,24,54.0,140.0,190.0
01436000,12-04,4.7,4.7,6.6,24,54.0,121.0,191.0
01436000,12-05,4.6,4.7,6.7,24,53.0,107.0,192.0
01436000,12-06,4.7,4.9,6.7,24,55.0,111.0,192.0
01436000,12-07,4.6,4.8,6.6,23,56.0,120.0,221.0
01436000,12-08,4.6,4.9,6.7,24,55.0,128.0,214.0
01436000,12-09,4.4,4.8,6.7,24,53.0,160.0,245.0
01436000,12-10,4.4,4.7,6.5,24,52.0,161.0,232.0
01436000,12-11,4.3,4.7,6.4,24,50.0,106.0,209.0
01436000,12-12,4.4,4.7,6.5,24,52.0,106.0,206.0
01436000,12-13,4.3,4.7,6.4,23,52.0,134.0,199.0
01436000,12-14,4.3,4.7,6.8,24,50.0,160.0,198.0
01436000,12-15,4.4,4.6,6.6,23,50.0,124.0,198.0
01436000,12-16,4.3,4.7,6.3,23,51.0,109.0,209.0
01436000,12-17,4.3,4.6,6.4,23,50.0,105.0,225.0
01436000,12-18,4.4,4.6,6.6,23,49.0,138.0,263.0
01436000,12-19,4.5,4.6,6.5,23,50.0,160.0,205.0
01436000,12-20,4.4,4.7,6.6,24,53.0,127.0,205.0
01436000,12-21,4.5,4.7,6.7,24,51.0,176.0,252.0
01436000,12-22,4.6,4.7,6.9,24,51.0,159.0,333.0
01436000,12-23,4.6,4.7,6.8,24,51.0,160.0,288.0
01436000,12-24,4.6,4.7,6.8,24,51.0,160.0,331.0
01436000,12-25,4.4,4.7,6.8,24,51.0,160.0,287.0
01436000,12-26,4.5,4.7,6.8,24,50.0,190.0,317.0
01436000,12-27,4.5,4.7,6.7,23,50.0,194.0,290.0
01436000,12-28,4.6,4.7,6.7,23,50.0,191.0,408.0
01436000,12-29,4.5,4.6,6.8,23,50.0,192.0,368.0
01436000,12-30,4.5,4.6,6.8,23,50.0,160.0,306.0
01436000,12-31,4.5,4.7,6.7,24,50.0,192.0,302.0
01436690,01-01,34.0,91.0,121.0,293,431.0,543.0,898.0
01436690,01-02,40.0,96.0,116.0,293,397.0,594.0,809.0
01436690,01-03,55.0,94.0,121.0,268,368.0,510.0,735.0
01436690,01-04,69.0,103.0,143.0,267,380.0,601.0,773.0
01436690,01-05,69.0,98.0,160.0,260,366.0,715.0,1060.0
01436690,01-06,56.0,92.0,144.0,233,415.0,625.0,970.0
01436690,01-07,57.0,89.0,134.0,257,387.0,611.0,740.0
01436690,01-08,59.0,88.0,120.0,232,355.0,611.0,968.0
01436690,01-09,67.0,91.0,120.0,237,325.0,598.0,889.0
01436690,01-10,60.0,89.0,143.0,230,318.0,630.0,1140.0
01436690,01-11,57.0,87.0,134.0,225,322.0,566.0,974.0
01436690,01-12,67.0,87.0,143.0,251,383.0,528.0,1090.0
01436690,01-13,58.0,86.0,143.0,276,382.0,594.0,1690.0
01436690,01-14,59.0,83.0,130.0,240,424.0,1050.0,2250.0
01436690,01-15,59.0,82.0,125.0,230,367.0,732.0,1520.0
01436690,01-16,58.0,82.0,135.0,255,336.0,640.0,973.0
01436690,01-17,55.0,82.0,125.0,229,318.0,557.0,714.0
01436690,01-18,54.0,84.0,128.0,230,299.0,463.0,1600.0
01436690,01-19,51.0,87.0,146.0,240,338.0,564.0,2400.0
01436690,01-20,51.0,86.0,155.0,240,343.0,475.0,1280.0
01436690,01-21,49.0,85.0,145.0,199,315.0,502.0,840.0
01436690,01-22,42.0,85.0,139.0,207,310.0,413.0,635.0
01436690,01-23,49.0,86.0,131.0,220,319.0,469.0,869.0
01436690,01-24,60.0,87.0,129.0,211,359.0,794.0,1080.0
01436690,01-25,59.0,88.0,127.0,248,410.0,892.0,1840.0
01436690,01-26,53.0,89.0,125.0,213,410.0,849.0,1190.0
01436690,01-27,51.0,90.0,121.0,190,403.0,931.0,1330.0
01436690,01-28,50.0,91.0,119.0,190,357.0,980.0,1520.0
01436690,01-29,59.0,92.0,117.0,218,351.0,639.0,1070.0
01436690,01-30,85.0,93.0,123.0,187,322.0,526.0,788.0
01436690,01-31,94.0,100.0,127.0,168,334.0,642.0,967.0
01436690,02-01,88.0,97.0,111.0,165,308.0,604.0,727.0
01436690,02-02,90.0,94.0,110.0,170,291.0,499.0,577.0
01436690,02-03,87.0,92.0,112.0,170,312.0,459.0,635.0
01436690,02-04,73.0,90.0,119.0,152,311.0,454.0,1040.0
01436690,02-05,76.0,94.0,110.0,155,284.0,426.0,865.0
01436690,02-06,77.0,92.0,114.0,160,297.0,506.0,980.0
01436690,02-07,73.0,88.0,107.0,160,285.0,692.0,1280.0
01436690,02-08,76.0,87.0,111.0,158,278.0,632.0,1130.0
01436690,02-09,75.0,85.0,110.0,160,287.0,500.0,883.0
01436690,02-10,68.0,82.0,112.0,146,295.0,460.0,642.0
01436690,02-11,76.0,82.0,110.0,146,304.0,386.0,514.0
01436690,02-12,76.0,82.0,108.0,150,300.0,449.0,538.0
01436690,02-13,76.0,80.0,108.0,150,296.0,506.0,631.0
01436690,02-14,73.0,80.0,110.0,155,274.0,422.0,661.0
01436690,02-15,73.0,81.0,111.0,157,277.0,438.0,551.0
01436690,02-16,71.0,79.0,119.0,143,281.0,499.0,598.0
01436690,02-17,71.0,78.0,120.0,150,283.0,422.0,540.0
01436690,02-18,69.0,80.0,112.0,160,293.0,406.0,1130.0
01436690,02-19,67.0,81.0,105.0,180,288.0,394.0,1010.0
01436690,02-20,65.0,82.0,125.0,172,281.0,378.0,851.0
01436690,02-21,68.0,86.0,120.0,180,285.0,352.0,745.0
01436690,02-22,77.0,90.0,134.0,182,277.0,536.0,702.0
01436690,02-23,76.0,94.0,130.0,180,307.0,557.0,731.0
01436690,02-24,74.0,89.0,130.0,153,310.0,576.0,647.0
01436690,02-25,72.0,87.0,121.0,170,327.0,581.0,1430.0
01436690,02-26,69.0,87.0,120.0,189,352.0,611.0,838.0
01436690,02-27,69.0,87.0,116.0,235,319.0,566.0,623.0
01436690,02-28,67.0,88.0,127.0,280,392.0,483.0,628.0
01436690,02-29,,,297.0,375,520.0,,
01436690,03-01,62.0,88.0,133.0,265,342.0,466.0,548.0
01436690,03-02,66.0,89.0,158.0,238,334.0,432.0,677.0
01436690,03-03,88.0,104.0,143.0,265,332.0,374.0,745.0
01436690,03-04,87.0,104.0,136.0,244,319.0,459.0,790.0
01436690,03-05,82.0,104.0,138.0,230,293.0,480.0,1470.0
01436690,03-06,82.0,100.0,145.0,217,320.0,727.0,1720.0
01436690,03-07,81.0,97.0,153.0,227,353.0,803.0,1960.0
01436690,03-08,79.0,98.0,146.0,255,397.0,769.0,1730.0
01436690,03-09,74.0,100.0,139.0,252,416.0,1040.0,2670.0
01436690,03-10,82.0,104.0,166.0,240,378.0,986.0,2250.0
01436690,03-11,77.0,103.0,182.0,252,419.0,1210.0,2530.0
01436690,03-12,80.0,114.0,180.0,262,523.0,1070.0,1870.0
01436690,03-13,90.0,124.0,188.0,270,454.0,1020.0,1390.0
01436690,03-14,108.0,139.0,192.0,267,436.0,634.0,1700.0
01436690,03-15,113.0,150.0,179.0,261,427.0,818.0,1240.0
01436690,03-16,109.0,147.0,180.0,251,427.0,732.0,1160.0
01436690,03-17,101.0,140.0,185.0,254,419.0,745.0,1050.0
01436690,03-18,92.0,132.0,195.0,245,462.0,680.0,885.0
01436690,03-19,90.0,128.0,180.0,265,372.0,694.0,1110.0
01436690,03-20,93.0,120.0,191.0,251,361.0,804.0,1410.0
01436690,03-21,97.0,121.0,185.0,262,373.0,736.0,1600.0
01436690,03-22,101.0,132.0,205.0,281,456.0,1020.0,1350.0
01436690,03-23,95.0,114.0,198.0,259,541.0,818.0,1660.0
01436690,03-24,96.0,130.0,181.0,266,510.0,701.0,1590.0
01436690,03-25,103.0,130.0,171.0,259,488.0,863.0,1130.0
01436690,03-26,111.0,134.0,179.0,322,432.0,690.0,962.0
01436690,03-27,120.0,136.0,197.0,295,453.0,651.0,1070.0
01436690,03-28,104.0,135.0,210.0,337,633.0,859.0,951.0
01436690,03-29,101.0,136.0,193.0,350,666.0,1280.0,2720.0
01436690,03-30,101.0,131.0,173.0,372,678.0,2310.0,2770.0
01436690,03-31,102.0,136.0,189.0,361,732.0,1350.0,2450.0
01436690,04-01,106.0,150.0,191.0,359,818.0,1450.0,1790.0
01436690,04-02,110.0,141.0,211.0,390,716.0,1170.0,2690.0
01436690,04-03,94.0,134.0,181.0,433,687.0,969.0,5540.0
01436690,04-04,120.0,137.0,181.0,478,740.0,1130.0,2100.0
01436690,04-05,116.0,126.0,172.0,437,667.0,1130.0,1490.0
01436690,04-06,95.0,113.0,163.0,407,600.0,938.0,1160.0
01436690,04-07,93.0,104.0,160.0,358,604.0,1120.0,1590.0
01436690,04-08,98.0,101.0,161.0,355,627.0,1090.0,2920.0
01436690,04-09,97.0,111.0,211.0,297,559.0,999.0,1530.0
01436690,04-10,98.0,118.0,204.0,294,682.0,1090.0,1990.0
01436690,04-11,97.0,108.0,200.0,247,586.0,937.0,2690.0
01436690,04-12,90.0,111.0,197.0,279,621.0,1590.0,2300.0
01436690,04-13,90.0,114.0,195.0,318,657.0,1340.0,2570.0
01436690,04-14,98.0,121.0,184.0,260,573.0,1460.0,2760.0
01436690,04-15,96.0,136.0,175.0,230,483.0,1470.0,1810.0
01436690,04-16,94.0,115.0,163.0,248,750.0,1220.0,4070.0
01436690,04-17,90.0,128.0,158.0,211,810.0,2120.0,4190.0
01436690,04-18,86.0,114.0,149.0,187,702.0,1140.0,2040.0
01436690,04-19,87.0,100.0,155.0,178,653.0,840.0,1280.0
01436690,04-20,85.0,101.0,147.0,197,615.0,883.0,1450.0
01436690,04-21,87.0,95.0,143.0,224,451.0,715.0,1440.0
01436690,04-22,89.0,122.0,148.0,223,514.0,848.0,1140.0
01436690,04-23,100.0,118.0,144.0,236,580.0,757.0,975.0
01436690,04-24,97.0,114.0,147.0,252,442.0,668.0,836.0
01436690,04-25,103.0,108.0,137.0,211,370.0,552.0,632.0
01436690,04-26,102.0,110.0,150.0,243,355.0,530.0,814.0
01436690,04-27,96.0,103.0,142.0,243,435.0,922.0,1110.0
01436690,04-28,101.0,115.0,142.0,206,376.0,772.0,1500.0
01436690,04-29,98.0,104.0,142.0,201,410.0,685.0,1480.0
01436690,04-30,89.0,93.0,144.0,191,370.0,794.0,1340.0
01436690,05-01,87.0,96.0,141.0,178,363.0,1940.0,2970.0
01436690,05-02,108.0,124.0,146.0,205,357.0,1270.0,1860.0
01436690,05-03,110.0,118.0,160.0,204,371.0,859.0,1160.0
01436690,05-04,109.0,114.0,149.0,274,401.0,665.0,909.0
01436690,05-05,106.0,115.0,144.0,232,403.0,795.0,1170.0
01436690,05-06,103.0,115.0,140.0,208,369.0,797.0,1130.0
01436690,05-07,98.0,112.0,131.0,197,379.0,649.0,1100.0
01436690,05-08,105.0,114.0,139.0,231,347.0,593.0,845.0
01436690,05-09,102.0,115.0,134.0,227,347.0,568.0,1280.0
01436690,05-10,101.0,116.0,142.0,223,354.0,856.0,1930.0
01436690,05-11,88.0,108.0,139.0,225,321.0,792.0,1720.0
01436690,05-12,90.0,116.0,155.0,199,345.0,874.0,1240.0
01436690,05-13,86.0,109.0,153.0,187,428.0,681.0,1040.0
01436690,05-14,83.0,102.0,143.0,185,341.0,772.0,1030.0
01436690,05-15,80.0,100.0,139.0,189,386.0,613.0,979.0
01436690,05-16,79.0,101.0,135.0,240,336.0,621.0,765.0
01436690,05-17,79.0,96.0,142.0,230,331.0,844.0,1280.0
01436690,05-18,78.0,100.0,140.0,200,270.0,878.0,1100.0
01436690,05-19,90.0,108.0,147.0,210,422.0,526.0,1410.0
01436690,05-20,86.0,111.0,145.0,184,291.0,686.0,1150.0
01436690,05-21,88.0,115.0,143.0,166,259.0,594.0,954.0
01436690,05-22,102.0,115.0,134.0,163,321.0,508.0,768.0
01436690,05-23,99.0,111.0,136.0,163,272.0,537.0,638.0
01436690,05-24,95.0,110.0,128.0,159,341.0,516.0,585.0
01436690,05-25,100.0,107.0,127.0,153,329.0,431.0,597.0
01436690,05-26,108.0,116.0,129.0,147,323.0,455.0,547.0
01436690,05-27,104.0,117.0,136.0,169,294.0,355.0,451.0
01436690,05-28,90.0,108.0,138.0,173,244.0,341.0,455.0
01436690,05-29,99.0,117.0,129.0,158,283.0,436.0,576.0
01436690,05-30,94.0,109.0,128.0,182,307.0,461.0,968.0
01436690,05-31,94.0,109.0,122.0,164,274.0,484.0,765.0
01436690,06-01,102.0,108.0,132.0,160,231.0,378.0,1360.0
01436690,06-02,92.0,105.0,136.0,160,256.0,506.0,975.0
01436690,06-03,86.0,105.0,133.0,172,237.0,368.0,624.0
01436690,06-04,83.0,88.0,136.0,183,208.0,395.0,518.0
01436690,06-05,82.0,90.0,131.0,178,209.0,339.0,425.0
01436690,06-06,86.0,96.0,127.0,168,223.0,542.0,1480.0
01436690,06-07,87.0,93.0,126.0,155,259.0,927.0,1860.0
01436690,06-08,83.0,93.0,118.0,147,241.0,632.0,1080.0
01436690,06-09,83.0,87.0,120.0,162,234.0,400.0,635.0
01436690,06-10,77.0,84.0,119.0,166,246.0,462.0,569.0
01436690,06-11,74.0,80.0,128.0,165,267.0,530.0,1460.0
01436690,06-12,80.0,87.0,132.0,169,256.0,467.0,1060.0
01436690,06-13,78.0,88.0,132.0,190,291.0,532.0,1040.0
01436690,06-14,77.0,83.0,134.0,169,300.0,635.0,3600.0
01436690,06-15,74.0,78.0,137.0,166,257.0,546.0,3330.0
01436690,06-16,70.0,76.0,136.0,153,230.0,401.0,1840.0
01436690,06-17,68.0,80.0,142.0,163,250.0,519.0,1180.0
01436690,06-18,80.0,86.0,140.0,170,250.0,720.0,1320.0
01436690,06-19,78.0,93.0,139.0,172,195.0,627.0,1380.0
01436690,06-20,78.0,93.0,134.0,156,213.0,351.0,903.0
01436690,06-21,92.0,107.0,126.0,146,204.0,425.0,1250.0
01436690,06-22,85.0,111.0,132.0,146,241.0,550.0,1040.0
01436690,06-23,82.0,90.0,122.0,148,230.0,576.0,1120.0
01436690,06-24,73.0,80.0,130.0,142,218.0,356.0,891.0
01436690,06-25,80.0,92.0,127.0,143,201.0,295.0,978.0
01436690,06-26,91.0,95.0,124.0,150,205.0,612.0,1560.0
01436690,06-27,92.0,99.0,123.0,154,203.0,438.0,1690.0
01436690,06-28,93.0,104.0,124.0,160,199.0,414.0,2630.0
01436690,06-29,93.0,114.0,129.0,152,203.0,528.0,1560.0
01436690,06-30,88.0,118.0,133.0,150,202.0,759.0,1420.0
01436690,07-01,78.0,89.0,128.0,144,204.0,1110.0,1690.0
01436690,07-02,71.0,82.0,136.0,154,206.0,638.0,1450.0
01436690,07-03,75.0,85.0,121.0,152,240.0,405.0,1400.0
01436690,07-04,73.0,90.0,122.0,152,236.0,472.0,1270.0
01436690,07-05,76.0,93.0,120.0,145,203.0,312.0,817.0
01436690,07-06,77.0,86.0,120.0,137,193.0,239.0,571.0
01436690,07-07,72.0,93.0,114.0,146,172.0,235.0,406.0
01436690,07-08,76.0,91.0,115.0,147,191.0,337.0,369.0
01436690,07-09,75.0,90.0,118.0,142,222.0,355.0,724.0
01436690,07-10,72.0,99.0,114.0,134,218.0,327.0,778.0
01436690,07-11,74.0,85.0,111.0,132,191.0,347.0,832.0
01436690,07-12,71.0,77.0,109.0,127,191.0,259.0,746.0
01436690,07-13,69.0,74.0,98.0,138,198.0,274.0,1090.0
01436690,07-14,72.0,80.0,98.0,146,201.0,332.0,907.0
01436690,07-15,70.0,86.0,118.0,152,205.0,353.0,885.0
01436690,07-16,67.0,80.0,117.0,154,203.0,1100.0,2000.0
01436690,07-17,67.0,83.0,114.0,144,190.0,633.0,1240.0
01436690,07-18,72.0,89.0,124.0,149,195.0,436.0,1440.0
01436690,07-19,75.0,81.0,115.0,142,191.0,335.0,906.0
01436690,07-20,74.0,81.0,111.0,149,182.0,270.0,559.0
01436690,07-21,65.0,79.0,115.0,148,168.0,188.0,434.0
01436690,07-22,63.0,82.0,126.0,145,169.0,207.0,350.0
01436690,07-23,65.0,90.0,121.0,160,192.0,387.0,724.0
01436690,07-24,64.0,94.0,120.0,157,189.0,619.0,1240.0
01436690,07-25,74.0,84.0,111.0,152,199.0,326.0,572.0
01436690,07-26,79.0,91.0,124.0,150,202.0,296.0,915.0
01436690,07-27,71.0,81.0,134.0,163,206.0,312.0,668.0
01436690,07-28,61.0,82.0,130.0,161,204.0,293.0,655.0
01436690,07-29,70.0,86.0,124.0,153,186.0,316.0,380.0
01436690,07-30,72.0,82.0,120.0,131,187.0,246.0,645.0
01436690,07-31,64.0,75.0,116.0,138,176.0,274.0,491.0
01436690,08-01,61.0,73.0,118.0,141,179.0,247.0,1050.0
01436690,08-02,69.0,89.0,120.0,136,179.0,285.0,902.0
01436690,08-03,69.0,88.0,119.0,135,160.0,263.0,1030.0
01436690,08-04,68.0,89.0,119.0,139,178.0,532.0,1450.0
01436690,08-05,63.0,79.0,122.0,132,173.0,332.0,1290.0
01436690,08-06,58.0,74.0,122.0,140,180.0,270.0,558.0
01436690,08-07,58.0,67.0,108.0,128,211.0,316.0,595.0
01436690,08-08,57.0,62.0,101.0,133,208.0,336.0,487.0
01436690,08-09,58.0,61.0,94.0,129,188.0,435.0,681.0
01436690,08-10,57.0,66.0,101.0,135,186.0,552.0,1100.0
01436690,08-11,68.0,80.0,103.0,148,201.0,327.0,690.0
01436690,08-12,61.0,77.0,110.0,153,200.0,318.0,576.0
01436690,08-13,68.0,77.0,112.0,152,202.0,550.0,774.0
01436690,08-14,66.0,73.0,117.0,149,194.0,390.0,1580.0
01436690,08-15,64.0,67.0,131.0,142,185.0,829.0,1580.0
01436690,08-16,64.0,71.0,119.0,142,179.0,595.0,1180.0
01436690,08-17,75.0,91.0,103.0,140,174.0,554.0,823.0
01436690,08-18,72.0,82.0,114.0,138,200.0,627.0,1390.0
01436690,08-19,66.0,76.0,103.0,141,216.0,461.0,802.0
01436690,08-20,65.0,72.0,98.0,135,191.0,343.0,556.0
01436690,08-21,72.0,74.0,104.0,151,215.0,516.0,607.0
01436690,08-22,73.0,76.0,101.0,137,229.0,517.0,683.0
01436690,08-23,66.0,73.0,91.0,135,231.0,570.0,784.0
01436690,08-24,63.0,66.0,103.0,132,182.0,408.0,458.0
01436690,08-25,60.0,65.0,94.0,140,173.0,298.0,367.0
01436690,08-26,59.0,67.0,91.0,134,165.0,282.0,319.0
01436690,08-27,60.0,69.0,97.0,134,172.0,254.0,311.0
01436690,08-28,60.0,68.0,94.0,136,182.0,273.0,3170.0
01436690,08-29,60.0,73.0,104.0,136,158.0,310.0,1940.0
01436690,08-30,61.0,76.0,96.0,133,220.0,288.0,815.0
01436690,08-31,60.0,69.0,88.0,130,198.0,313.0,1100.0
01436690,09-01,62.0,67.0,102.0,129,169.0,421.0,982.0
01436690,09-02,60.0,63.0,92.0,118,199.0,598.0,1840.0
01436690,09-03,58.0,61.0,93.0,123,203.0,675.0,987.0
01436690,09-04,60.0,62.0,85.0,120,185.0,407.0,596.0
01436690,09-05,59.0,63.0,90.0,122,185.0,365.0,485.0
01436690,09-06,58.0,62.0,93.0,130,184.0,347.0,1580.0
01436690,09-07,59.0,65.0,93.0,132,200.0,304.0,2880.0
01436690,09-08,58.0,67.0,95.0,119,199.0,297.0,2220.0
01436690,09-09,58.0,63.0,94.0,124,188.0,655.0,1650.0
01436690,09-10,58.0,61.0,96.0,120,174.0,463.0,960.0
01436690,09-11,57.0,66.0,94.0,122,185.0,372.0,692.0
01436690,09-12,56.0,61.0,89.0,124,211.0,338.0,622.0
01436690,09-13,57.0,63.0,88.0,123,230.0,343.0,516.0
01436690,09-14,61.0,64.0,92.0,123,188.0,269.0,430.0
01436690,09-15,61.0,70.0,90.0,122,182.0,301.0,704.0
01436690,09-16,58.0,76.0,94.0,133,244.0,457.0,962.0
01436690,09-17,61.0,75.0,93.0,131,163.0,333.0,1030.0
01436690,09-18,56.0,79.0,89.0,125,237.0,637.0,1780.0
01436690,09-19,56.0,68.0,88.0,121,227.0,748.0,1760.0
01436690,09-20,60.0,69.0,84.0,119,190.0,327.0,1000.0
01436690,09-21,59.0,71.0,91.0,121,152.0,295.0,695.0
01436690,09-22,64.0,71.0,89.0,116,175.0,351.0,520.0
01436690,09-23,67.0,72.0,82.0,114,204.0,620.0,872.0
01436690,09-24,62.0,65.0,83.0,114,188.0,631.0,1220.0
01436690,09-25,59.0,66.0,88.0,125,191.0,803.0,1350.0
01436690,09-26,63.0,72.0,96.0,124,158.0,524.0,1210.0
01436690,09-27,63.0,77.0,99.0,128,196.0,395.0,923.0
01436690,09-28,64.0,84.0,97.0,126,296.0,652.0,2130.0
01436690,09-29,67.0,80.0,96.0,129,283.0,913.0,2190.0
01436690,09-30,66.0,73.0,96.0,131,280.0,790.0,1670.0
01436690,10-01,60.0,69.0,90.0,129,252.0,636.0,2020.0
01436690,10-02,42.0,47.0,70.0,107,224.0,632.0,1060.0
01436690,10-03,39.0,44.0,73.0,100,195.0,362.0,1230.0
01436690,10-04,40.0,44.0,71.0,100,181.0,439.0,964.0
01436690,10-05,39.0,45.0,74.0,102,204.0,668.0,777.0
01436690,10-06,38.0,45.0,72.0,114,176.0,416.0,615.0
01436690,10-07,38.0,44.0,71.0,94,177.0,390.0,541.0
01436690,10-08,38.0,53.0,71.0,101,190.0,430.0,729.0
01436690,10-09,39.0,52.0,76.0,131,201.0,403.0,716.0
01436690,10-10,38.0,48.0,71.0,132,197.0,348.0,469.0
01436690,10-11,40.0,45.0,79.0,127,199.0,287.0,575.0
01436690,10-12,44.0,48.0,70.0,112,194.0,562.0,1320.0
01436690,10-13,51.0,56.0,70.0,112,202.0,486.0,1310.0
01436690,10-14,50.0,60.0,74.0,113,206.0,757.0,1220.0
01436690,10-15,52.0,60.0,88.0,138,255.0,643.0,891.0
01436690,10-16,54.0,63.0,87.0,141,245.0,563.0,680.0
01436690,10-17,49.0,58.0,83.0,125,233.0,586.0,721.0
01436690,10-18,46.0,55.0,80.0,126,223.0,454.0,486.0
01436690,10-19,47.0,55.0,82.0,128,251.0,436.0,575.0
01436690,10-20,47.0,67.0,87.0,132,276.0,476.0,899.0
01436690,10-21,50.0,64.0,82.0,147,228.0,486.0,875.0
01436690,10-22,59.0,63.0,87.0,137,204.0,398.0,545.0
01436690,10-23,55.0,58.0,86.0,130,247.0,359.0,566.0
01436690,10-24,53.0,57.0,87.0,144,227.0,354.0,537.0
01436690,10-25,54.0,63.0,85.0,144,244.0,371.0,911.0
01436690,10-26,49.0,61.0,80.0,143,245.0,577.0,1410.0
01436690,10-27,47.0,59.0,83.0,141,273.0,523.0,1260.0
01436690,10-28,45.0,59.0,85.0,152,449.0,897.0,1290.0
01436690,10-29,46.0,61.0,82.0,190,408.0,749.0,1500.0
01436690,10-30,45.0,65.0,81.0,179,411.0,1200.0,2620.0
01436690,10-31,43.0,58.0,87.0,180,355.0,943.0,1590.0
01436690,11-01,52.0,79.0,120.0,196,354.0,930.0,1340.0
01436690,11-02,74.0,78.0,120.0,200,384.0,561.0,896.0
01436690,11-03,71.0,83.0,130.0,195,319.0,621.0,1160.0
01436690,11-04,68.0,80.0,113.0,170,265.0,512.0,888.0
01436690,11-05,71.0,81.0,110.0,158,252.0,462.0,769.0
01436690,11-06,62.0,77.0,114.0,161,234.0,419.0,975.0
01436690,11-07,60.0,79.0,104.0,158,210.0,394.0,932.0
01436690,11-08,61.0,76.0,105.0,151,224.0,466.0,876.0
01436690,11-09,54.0,75.0,99.0,143,237.0,710.0,1370.0
01436690,11-10,53.0,72.0,106.0,147,214.0,450.0,1020.0
01436690,11-11,62.0,76.0,112.0,150,207.0,466.0,709.0
01436690,11-12,59.0,82.0,106.0,157,279.0,636.0,1020.0
01436690,11-13,58.0,72.0,105.0,155,295.0,532.0,873.0
01436690,11-14,56.0,77.0,102.0,154,230.0,501.0,871.0
01436690,11-15,63.0,75.0,119.0,160,229.0,581.0,922.0
01436690,11-16,62.0,73.0,121.0,155,291.0,539.0,744.0
01436690,11-17,62.0,70.0,113.0,159,337.0,594.0,883.0
01436690,11-18,53.0,71.0,114.0,154,273.0,540.0,949.0
01436690,11-19,47.0,69.0,105.0,174,287.0,448.0,775.0
01436690,11-20,45.0,69.0,98.0,186,292.0,685.0,1020.0
01436690,11-21,46.0,75.0,100.0,164,281.0,500.0,710.0
01436690,11-22,43.0,70.0,120.0,188,285.0,412.0,621.0
01436690,11-23,40.0,69.0,104.0,174,259.0,491.0,695.0
01436690,11-24,38.0,67.0,107.0,167,287.0,513.0,653.0
01436690,11-25,37.0,72.0,104.0,167,281.0,475.0,799.0
01436690,11-26,54.0,76.0,115.0,164,277.0,398.0,719.0
01436690,11-27,61.0,80.0,133.0,203,306.0,542.0,1120.0
01436690,11-28,49.0,76.0,142.0,211,343.0,716.0,1430.0
01436690,11-29,43.0,96.0,151.0,197,272.0,759.0,955.0
01436690,11-30,43.0,90.0,163.0,205,304.0,744.0,995.0
01436690,12-01,68.0,90.0,154.0,241,422.0,820.0,1490.0
01436690,12-02,45.0,88.0,149.0,233,407.0,853.0,1500.0
01436690,12-03,44.0,80.0,143.0,257,382.0,764.0,908.0
01436690,12-04,42.0,79.0,140.0,229,349.0,537.0,742.0
01436690,12-05,40.0,79.0,143.0,232,317.0,520.0,800.0
01436690,12-06,38.0,75.0,135.0,212,305.0,496.0,583.0
01436690,12-07,37.0,82.0,124.0,210,297.0,628.0,726.0
01436690,12-08,41.0,69.0,128.0,189,286.0,522.0,896.0
01436690,12-09,49.0,80.0,122.0,186,291.0,447.0,723.0
01436690,12-10,55.0,80.0,121.0,186,346.0,542.0,774.0
01436690,12-11,50.0,88.0,135.0,216,372.0,777.0,1560.0
01436690,12-12,46.0,91.0,131.0,222,428.0,724.0,2630.0
01436690,12-13,44.0,82.0,129.0,190,351.0,736.0,1150.0
01436690,12-14,48.0,87.0,122.0,176,390.0,740.0,817.0
01436690,12-15,58.0,84.0,124.0,191,376.0,647.0,784.0
01436690,12-16,47.0,96.0,131.0,195,336.0,572.0,679.0
01436690,12-17,46.0,101.0,150.0,230,380.0,667.0,969.0
01436690,12-18,81.0,103.0,152.0,253,413.0,819.0,1630.0
01436690,12-19,77.0,97.0,133.0,235,378.0,565.0,1460.0
01436690,12-20,67.0,96.0,134.0,218,350.0,504.0,882.0
01436690,12-21,56.0,97.0,139.0,215,364.0,832.0,2110.0
01436690,12-22,62.0,97.0,145.0,200,352.0,721.0,2160.0
01436690,12-23,63.0,98.0,157.0,224,393.0,788.0,1240.0
01436690,12-24,57.0,100.0,164.0,241,565.0,943.0,1400.0
01436690,12-25,52.0,111.0,148.0,228,525.0,1050.0,2800.0
01436690,12-26,43.0,108.0,152.0,220,406.0,713.0,1420.0
01436690,12-27,40.0,108.0,140.0,221,408.0,874.0,1070.0
01436690,12-28,37.0,106.0,140.0,218,391.0,805.0,1190.0
01436690,12-29,34.0,104.0,135.0,240,416.0,820.0,1030.0
01436690,12-30,32.0,103.0,121.0,244,494.0,688.0,795.0
01436690,12-31,29.0,96.0,125.0,304,412.0,628.0,666.0
01437500,01-01,111.0,157.0,210.0,348,716.0,994.0,1250.0
01437500,01-02,110.0,144.0,212.0,333,724.0,960.0,1380.0
01437500,01-03,113.0,143.0,210.0,315,696.0,914.0,1210.0
01437500,01-04,119.0,146.0,229.0,338,619.0,989.0,1250.0
01437500,01-05,110.0,143.0,205.0,344,627.0,977.0,1340.0
01437500,01-06,106.0,148.0,196.0,336,663.0,884.0,1170.0
01437500,01-07,103.0,142.0,200.0,323,649.0,850.0,1250.0
01437500,01-08,112.0,130.0,201.0,307,605.0,896.0,1330.0
01437500,01-09,118.0,140.0,193.0,310,586.0,895.0,1330.0
01437500,01-10,118.0,133.0,195.0,318,548.0,942.0,1580.0
01437500,01-11,103.0,135.0,206.0,335,547.0,1010.0,1390.0
01437500,01-12,101.0,130.0,208.0,342,563.0,991.0,1360.0
01437500,01-13,101.0,132.0,210.0,330,596.0,951.0,1260.0
01437500,01-14,99.0,157.0,205.0,305,566.0,974.0,1800.0
01437500,01-15,96.0,144.0,210.0,307,538.0,946.0,1510.0
01437500,01-16,99.0,143.0,205.0,295,547.0,822.0,1250.0
01437500,01-17,97.0,143.0,201.0,290,561.0,699.0,1070.0
01437500,01-18,99.0,143.0,201.0,290,523.0,686.0,930.0
01437500,01-19,100.0,136.0,191.0,290,510.0,713.0,970.0
01437500,01-20,96.0,143.0,200.0,296,499.0,716.0,851.0
01437500,01-21,91.0,146.0,190.0,311,471.0,659.0,1040.0
01437500,01-22,89.0,139.0,190.0,314,488.0,667.0,1160.0
01437500,01-23,106.0,138.0,191.0,353,568.0,836.0,1060.0
01437500,01-24,105.0,150.0,211.0,353,578.0,826.0,1540.0
01437500,01-25,100.0,142.0,201.0,355,583.0,1400.0,2010.0
01437500,01-26,110.0,133.0,204.0,350,636.0,1400.0,1880.0
01437500,01-27,99.0,132.0,200.0,340,721.0,1410.0,1720.0
01437500,01-28,97.0,123.0,200.0,343,713.0,1240.0,2110.0
01437500,01-29,97.0,127.0,198.0,324,661.0,1030.0,1760.0
01437500,01-30,99.0,140.0,211.0,324,619.0,965.0,1680.0
01437500,01-31,95.0,130.0,212.0,320,590.0,1060.0,1340.0
01437500,02-01,99.0,120.0,212.0,298,533.0,962.0,1170.0
01437500,02-02,99.0,136.0,210.0,286,515.0,828.0,1090.0
01437500,02-03,99.0,158.0,202.0,331,516.0,1020.0,1380.0
01437500,02-04,100.0,149.0,210.0,323,549.0,1040.0,1300.0
01437500,02-05,99.0,150.0,220.0,332,518.0,873.0,1030.0
01437500,02-06,99.0,142.0,223.0,332,515.0,841.0,925.0
01437500,02-07,99.0,143.0,220.0,315,515.0,767.0,1010.0
01437500,02-08,107.0,152.0,221.0,315,498.0,729.0,1130.0
01437500,02-09,106.0,147.0,210.0,300,491.0,695.0,1060.0
01437500,02-10,106.0,146.0,217.0,298,460.0,725.0,1000.0
01437500,02-11,109.0,142.0,202.0,280,465.0,789.0,1160.0
01437500,02-12,110.0,143.0,216.0,275,526.0,819.0,1220.0
01437500,02-13,130.0,145.0,220.0,280,491.0,793.0,1010.0
01437500,02-14,130.0,153.0,230.0,305,547.0,700.0,949.0
01437500,02-15,127.0,149.0,233.0,315,535.0,767.0,890.0
01437500,02-16,126.0,170.0,223.0,309,493.0,709.0,1080.0
01437500,02-17,128.0,146.0,215.0,309,505.0,915.0,1160.0
01437500,02-18,124.0,145.0,223.0,301,488.0,805.0,1360.0
01437500,02-19,118.0,142.0,231.0,308,514.0,742.0,1100.0
01437500,02-20,116.0,148.0,231.0,325,500.0,806.0,1660.0
01437500,02-21,116.0,153.0,232.0,324,505.0,778.0,1290.0
01437500,02-22,122.0,154.0,229.0,314,545.0,977.0,1350.0
01437500,02-23,122.0,154.0,236.0,358,530.0,1070.0,1480.0
01437500,02-24,130.0,153.0,230.0,350,691.0,1040.0,1300.0
01437500,02-25,139.0,175.0,226.0,344,683.0,1310.0,2430.0
01437500,02-26,138.0,170.0,233.0,356,719.0,1280.0,2070.0
01437500,02-27,133.0,173.0,240.0,376,668.0,1070.0,1560.0
01437500,02-28,131.0,166.0,238.0,408,758.0,1030.0,1480.0
01437500,02-29,,143.0,269.0,443,868.0,1280.0,
01437500,03-01,141.0,173.0,255.0,440,730.0,1060.0,1270.0
01437500,03-02,145.0,163.0,282.0,457,695.0,955.0,1280.0
01437500,03-03,153.0,170.0,288.0,517,655.0,1020.0,1190.0
01437500,03-04,152.0,181.0,283.0,500,700.0,1000.0,1310.0
01437500,03-05,153.0,182.0,304.0,470,696.0,1000.0,1460.0
01437500,03-06,153.0,186.0,321.0,498,781.0,1490.0,1720.0
01437500,03-07,146.0,178.0,302.0,479,795.0,1170.0,2140.0
01437500,03-08,148.0,177.0,307.0,511,805.0,1110.0,1730.0
01437500,03-09,156.0,194.0,292.0,496,784.0,1330.0,2240.0
01437500,03-10,158.0,195.0,317.0,504,700.0,1540.0,2450.0
01437500,03-11,172.0,220.0,354.0,530,831.0,1300.0,2570.0
01437500,03-12,164.0,223.0,362.0,505,815.0,1400.0,1990.0
01437500,03-13,164.0,203.0,375.0,548,706.0,1370.0,2020.0
01437500,03-14,148.0,234.0,387.0,552,768.0,1100.0,1990.0
01437500,03-15,179.0,224.0,403.0,570,801.0,1160.0,2420.0
01437500,03-16,189.0,234.0,411.0,547,765.0,1190.0,1970.0
01437500,03-17,188.0,239.0,416.0,547,843.0,1420.0,1760.0
01437500,03-18,197.0,257.0,408.0,571,819.0,1290.0,1930.0
01437500,03-19,215.0,291.0,399.0,576,803.0,1500.0,1910.0
01437500,03-20,195.0,310.0,423.0,590,851.0,1390.0,2140.0
01437500,03-21,218.0,306.0,443.0,596,946.0,1390.0,2250.0
01437500,03-22,242.0,300.0,450.0,612,1000.0,1680.0,2310.0
01437500,03-23,233.0,303.0,445.0,583,1130.0,1560.0,2600.0
01437500,03-24,238.0,303.0,442.0,579,1150.0,1570.0,2080.0
01437500,03-25,248.0,300.0,422.0,630,1090.0,1670.0,2040.0
01437500,03-26,263.0,303.0,441.0,667,1030.0,1590.0,1800.0
01437500,03-27,247.0,327.0,491.0,686,938.0,1580.0,1980.0
01437500,03-28,238.0,313.0,500.0,658,1060.0,1380.0,2310.0
01437500,03-29,260.0,343.0,460.0,688,1030.0,1920.0,2820.0
01437500,03-30,244.0,318.0,467.0,683,1030.0,2190.0,3290.0
01437500,03-31,233.0,299.0,484.0,674,1250.0,2140.0,2680.0
01437500,04-01,251.0,302.0,505.0,708,1440.0,2050.0,2960.0
01437500,04-02,254.0,353.0,511.0,754,1350.0,2050.0,2470.0
01437500,04-03,245.0,296.0,502.0,827,1400.0,2110.0,2610.0
01437500,04-04,253.0,289.0,486.0,937,1570.0,2060.0,3020.0
01437500,04-05,248.0,280.0,458.0,875,1540.0,2050.0,4460.0
01437500,04-06,242.0,268.0,437.0,837,1460.0,2000.0,2830.0
01437500,04-07,237.0,291.0,440.0,818,1450.0,2310.0,3250.0
01437500,04-08,251.0,303.0,432.0,736,1360.0,2070.0,2750.0
01437500,04-09,249.0,303.0,434.0,655,1230.0,1800.0,2060.0
01437500,04-10,245.0,312.0,413.0,670,1280.0,1760.0,2270.0
01437500,04-11,237.0,288.0,406.0,659,1180.0,1750.0,2060.0
01437500,04-12,223.0,270.0,434.0,628,1060.0,1480.0,2180.0
01437500,04-13,217.0,254.0,432.0,669,1030.0,1610.0,2150.0
01437500,04-14,232.0,261.0,411.0,651,952.0,1570.0,2560.0
01437500,04-15,242.0,279.0,414.0,616,895.0,1750.0,2020.0
01437500,04-16,244.0,284.0,379.0,606,1030.0,1720.0,2330.0
01437500,04-17,221.0,275.0,392.0,599,1120.0,2080.0,3810.0
01437500,04-18,203.0,264.0,378.0,557,1030.0,1790.0,2590.0
01437500,04-19,197.0,250.0,358.0,538,1040.0,1470.0,2040.0
01437500,04-20,190.0,238.0,356.0,537,1020.0,1510.0,1840.0
01437500,04-21,184.0,228.0,353.0,516,929.0,1240.0,1580.0
01437500,04-22,212.0,228.0,347.0,492,848.0,1260.0,1710.0
01437500,04-23,208.0,233.0,365.0,481,855.0,1480.0,1690.0
01437500,04-24,210.0,287.0,358.0,504,793.0,1260.0,1480.0
01437500,04-25,216.0,279.0,351.0,475,872.0,1220.0,2490.0
01437500,04-26,232.0,282.0,360.0,482,766.0,1120.0,1880.0
01437500,04-27,236.0,266.0,341.0,509,825.0,1290.0,1990.0
01437500,04-28,241.0,265.0,330.0,544,793.0,1170.0,1820.0
01437500,04-29,229.0,255.0,319.0,515,807.0,1430.0,1930.0
01437500,04-30,226.0,243.0,323.0,468,673.0,1310.0,2060.0
01437500,05-01,228.0,242.0,346.0,447,689.0,1550.0,2920.0
01437500,05-02,237.0,257.0,358.0,457,715.0,1290.0,2470.0
01437500,05-03,243.0,265.0,347.0,478,654.0,1130.0,1960.0
01437500,05-04,232.0,244.0,331.0,477,711.0,1250.0,1570.0
01437500,05-05,226.0,237.0,344.0,486,681.0,1190.0,1780.0
01437500,05-06,216.0,254.0,331.0,451,719.0,1190.0,1720.0
01437500,05-07,209.0,242.0,314.0,422,718.0,1020.0,1430.0
01437500,05-08,205.0,238.0,325.0,429,646.0,965.0,1200.0
01437500,05-09,218.0,241.0,337.0,429,661.0,955.0,1060.0
01437500,05-10,211.0,232.0,303.0,434,711.0,923.0,1460.0
01437500,05-11,192.0,231.0,296.0,438,630.0,1340.0,2250.0
01437500,05-12,183.0,224.0,302.0,449,677.0,1380.0,2140.0
01437500,05-13,176.0,214.0,292.0,433,831.0,1530.0,1900.0
01437500,05-14,165.0,212.0,290.0,399,724.0,1620.0,1830.0
01437500,05-15,166.0,213.0,291.0,397,726.0,1170.0,1700.0
01437500,05-16,161.0,211.0,275.0,460,814.0,1170.0,1720.0
01437500,05-17,163.0,204.0,269.0,446,727.0,1430.0,1870.0
01437500,05-18,160.0,200.0,269.0,427,631.0,1580.0,1980.0
01437500,05-19,169.0,212.0,259.0,438,660.0,1170.0,2220.0
01437500,05-20,159.0,219.0,272.0,412,655.0,1230.0,1760.0
01437500,05-21,147.0,215.0,272.0,400,641.0,1140.0,1590.0
01437500,05-22,177.0,212.0,260.0,379,667.0,1040.0,1620.0
01437500,05-23,171.0,199.0,252.0,366,627.0,903.0,1310.0
01437500,05-24,178.0,188.0,245.0,359,624.0,936.0,1180.0
01437500,05-25,174.0,188.0,244.0,350,549.0,981.0,1280.0
01437500,05-26,171.0,188.0,237.0,337,533.0,863.0,1080.0
01437500,05-27,172.0,187.0,222.0,329,545.0,839.0,890.0
01437500,05-28,162.0,186.0,243.0,313,535.0,740.0,844.0
01437500,05-29,141.0,181.0,224.0,299,562.0,809.0,1230.0
01437500,05-30,164.0,176.0,240.0,314,544.0,974.0,1240.0
01437500,05-31,156.0,176.0,235.0,299,538.0,843.0,1740.0
01437500,06-01,155.0,186.0,218.0,318,529.0,941.0,2310.0
01437500,06-02,147.0,184.0,218.0,325,560.0,885.0,2140.0
01437500,06-03,147.0,186.0,231.0,316,519.0,829.0,1550.0
01437500,06-04,145.0,170.0,221.0,328,469.0,865.0,1310.0
01437500,06-05,137.0,158.0,208.0,301,438.0,748.0,1140.0
01437500,06-06,133.0,158.0,199.0,295,483.0,1110.0,1710.0
01437500,06-07,149.0,165.0,193.0,275,488.0,1130.0,2220.0
01437500,06-08,135.0,164.0,191.0,268,552.0,1110.0,1470.0
01437500,06-09,129.0,156.0,197.0,274,520.0,808.0,1080.0
01437500,06-10,133.0,153.0,198.0,298,537.0,847.0,1040.0
01437500,06-11,122.0,144.0,188.0,291,519.0,797.0,924.0
01437500,06-12,119.0,141.0,195.0,276,504.0,834.0,1070.0
01437500,06-13,129.0,141.0,199.0,292,542.0,778.0,1110.0
01437500,06-14,135.0,144.0,198.0,277,504.0,1020.0,1400.0
01437500,06-15,132.0,136.0,200.0,293,496.0,953.0,1300.0
01437500,06-16,120.0,135.0,188.0,264,454.0,850.0,1300.0
01437500,06-17,110.0,130.0,188.0,263,473.0,739.0,1070.0
01437500,06-18,104.0,125.0,178.0,251,445.0,746.0,1360.0
01437500,06-19,98.0,124.0,172.0,267,407.0,795.0,1420.0
01437500,06-20,99.0,126.0,161.0,239,409.0,705.0,1020.0
01437500,06-21,102.0,125.0,167.0,232,373.0,800.0,988.0
01437500,06-22,115.0,129.0,169.0,239,349.0,820.0,1130.0
01437500,06-23,109.0,121.0,164.0,259,355.0,722.0,1630.0
01437500,06-24,107.0,116.0,161.0,252,393.0,680.0,1180.0
01437500,06-25,99.0,112.0,166.0,242,399.0,664.0,1050.0
01437500,06-26,98.0,115.0,150.0,223,392.0,622.0,1720.0
01437500,06-27,98.0,120.0,155.0,213,362.0,533.0,1440.0
01437500,06-28,92.0,119.0,154.0,224,332.0,799.0,1040.0
01437500,06-29,89.0,110.0,152.0,220,329.0,885.0,1200.0
01437500,06-30,90.0,106.0,158.0,228,372.0,907.0,1520.0
01437500,07-01,86.0,103.0,147.0,229,381.0,1040.0,2940.0
01437500,07-02,81.0,110.0,154.0,238,368.0,974.0,2120.0
01437500,07-03,93.0,108.0,163.0,223,372.0,756.0,1590.0
01437500,07-04,100.0,107.0,158.0,220,360.0,878.0,1290.0
01437500,07-05,97.0,109.0,160.0,233,347.0,644.0,1080.0
01437500,07-06,97.0,117.0,158.0,215,342.0,622.0,886.0
01437500,07-07,94.0,108.0,156.0,208,321.0,535.0,841.0
01437500,07-08,89.0,115.0,151.0,202,313.0,549.0,820.0
01437500,07-09,88.0,118.0,147.0,214,320.0,603.0,736.0
01437500,07-10,92.0,110.0,149.0,208,300.0,567.0,717.0
01437500,07-11,84.0,109.0,151.0,194,281.0,529.0,660.0
01437500,07-12,83.0,108.0,142.0,201,294.0,468.0,571.0
01437500,07-13,85.0,108.0,138.0,198,307.0,458.0,630.0
01437500,07-14,87.0,103.0,135.0,193,333.0,487.0,564.0
01437500,07-15,90.0,100.0,141.0,196,328.0,502.0,583.0
01437500,07-16,83.0,92.0,141.0,191,310.0,521.0,1280.0
01437500,07-17,73.0,103.0,136.0,185,299.0,434.0,1080.0
01437500,07-18,78.0,101.0,140.0,187,304.0,456.0,828.0
01437500,07-19,82.0,115.0,138.0,179,280.0,406.0,615.0
01437500,07-20,88.0,108.0,137.0,180,279.0,406.0,501.0
01437500,07-21,82.0,111.0,132.0,187,291.0,406.0,510.0
01437500,07-22,81.0,101.0,141.0,198,286.0,348.0,494.0
01437500,07-23,87.0,98.0,143.0,197,293.0,371.0,471.0
01437500,07-24,84.0,99.0,141.0,205,284.0,378.0,675.0
01437500,07-25,86.0,97.0,135.0,191,277.0,387.0,491.0
01437500,07-26,85.0,105.0,133.0,190,262.0,344.0,386.0
01437500,07-27,80.0,99.0,129.0,196,300.0,417.0,592.0
01437500,07-28,78.0,89.0,124.0,198,322.0,448.0,644.0
01437500,07-29,74.0,87.0,127.0,189,305.0,374.0,545.0
01437500,07-30,90.0,108.0,132.0,195,296.0,379.0,793.0
01437500,07-31,87.0,104.0,133.0,186,278.0,437.0,731.0
01437500,08-01,83.0,90.0,130.0,193,276.0,410.0,776.0
01437500,08-02,82.0,94.0,139.0,199,297.0,445.0,947.0
01437500,08-03,86.0,104.0,138.0,203,264.0,416.0,879.0
01437500,08-04,77.0,112.0,140.0,196,274.0,461.0,1080.0
01437500,08-05,73.0,105.0,130.0,198,282.0,418.0,1090.0
01437500,08-06,70.0,94.0,134.0,196,279.0,373.0,705.0
01437500,08-07,71.0,92.0,132.0,194,313.0,456.0,772.0
01437500,08-08,70.0,89.0,123.0,179,305.0,496.0,663.0
01437500,08-09,71.0,89.0,130.0,182,276.0,435.0,684.0
01437500,08-10,66.0,88.0,122.0,184,284.0,555.0,948.0
01437500,08-11,71.0,89.0,123.0,180,306.0,558.0,676.0
01437500,08-12,77.0,91.0,122.0,187,291.0,477.0,624.0
01437500,08-13,76.0,83.0,115.0,191,279.0,455.0,890.0
01437500,08-14,71.0,88.0,118.0,187,286.0,408.0,1140.0
01437500,08-15,70.0,81.0,119.0,204,288.0,504.0,991.0
01437500,08-16,67.0,83.0,119.0,211,281.0,518.0,775.0
01437500,08-17,66.0,86.0,123.0,192,281.0,432.0,685.0
01437500,08-18,71.0,90.0,119.0,197,321.0,527.0,1110.0
01437500,08-19,63.0,87.0,126.0,189,286.0,583.0,1210.0
01437500,08-20,63.0,83.0,120.0,193,299.0,475.0,905.0
01437500,08-21,65.0,84.0,118.0,201,302.0,482.0,985.0
01437500,08-22,66.0,80.0,115.0,194,295.0,592.0,942.0
01437500,08-23,70.0,81.0,113.0,176,282.0,590.0,1040.0
01437500,08-24,65.0,79.0,107.0,178,286.0,520.0,725.0
01437500,08-25,69.0,91.0,110.0,189,293.0,485.0,583.0
01437500,08-26,70.0,87.0,113.0,175,275.0,410.0,533.0
01437500,08-27,78.0,88.0,107.0,168,280.0,357.0,554.0
01437500,08-28,73.0,89.0,111.0,178,292.0,435.0,690.0
01437500,08-29,69.0,92.0,113.0,176,283.0,435.0,619.0
01437500,08-30,69.0,82.0,116.0,177,317.0,432.0,672.0
01437500,08-31,73.0,88.0,124.0,184,293.0,407.0,625.0
01437500,09-01,73.0,95.0,125.0,179,272.0,380.0,765.0
01437500,09-02,72.0,92.0,116.0,168,281.0,427.0,1140.0
01437500,09-03,71.0,91.0,115.0,160,292.0,648.0,1150.0
01437500,09-04,68.0,80.0,110.0,161,271.0,516.0,954.0
01437500,09-05,68.0,79.0,103.0,156,267.0,453.0,979.0
01437500,09-06,70.0,80.0,107.0,154,280.0,440.0,1150.0
01437500,09-07,70.0,76.0,104.0,158,282.0,459.0,911.0
01437500,09-08,68.0,80.0,105.0,161,298.0,408.0,597.0
01437500,09-09,76.0,81.0,106.0,173,304.0,401.0,1310.0
01437500,09-10,74.0,83.0,116.0,174,295.0,428.0,878.0
01437500,09-11,73.0,86.0,114.0,171,288.0,371.0,721.0
01437500,09-12,67.0,78.0,109.0,166,262.0,432.0,830.0
01437500,09-13,72.0,75.0,106.0,175,302.0,455.0,1190.0
01437500,09-14,76.0,79.0,104.0,166,295.0,420.0,895.0
01437500,09-15,75.0,82.0,113.0,160,261.0,390.0,1020.0
01437500,09-16,73.0,87.0,124.0,172,282.0,527.0,905.0
01437500,09-17,77.0,89.0,122.0,176,295.0,487.0,729.0
01437500,09-18,77.0,81.0,116.0,165,290.0,705.0,1190.0
01437500,09-19,79.0,92.0,123.0,170,263.0,720.0,1320.0
01437500,09-20,79.0,85.0,120.0,163,300.0,653.0,1260.0
01437500,09-21,77.0,89.0,119.0,156,281.0,610.0,981.0
01437500,09-22,79.0,92.0,121.0,160,288.0,647.0,852.0
01437500,09-23,86.0,91.0,119.0,167,287.0,663.0,912.0
01437500,09-24,77.0,89.0,111.0,171,282.0,622.0,1060.0
01437500,09-25,71.0,81.0,114.0,171,301.0,885.0,1410.0
01437500,09-26,72.0,83.0,117.0,168,291.0,807.0,1230.0
01437500,09-27,75.0,92.0,119.0,188,309.0,813.0,1080.0
01437500,09-28,73.0,83.0,122.0,183,341.0,854.0,1660.0
01437500,09-29,71.0,88.0,119.0,176,370.0,792.0,1460.0
01437500,09-30,72.0,87.0,120.0,183,357.0,744.0,1460.0
01437500,10-01,69.0,82.0,115.0,180,404.0,636.0,1230.0
01437500,10-02,67.0,84.0,113.0,181,340.0,691.0,1420.0
01437500,10-03,59.0,76.0,113.0,178,350.0,608.0,902.0
01437500,10-04,60.0,74.0,109.0,164,355.0,626.0,867.0
01437500,10-05,69.0,81.0,105.0,165,373.0,720.0,1070.0
01437500,10-06,67.0,77.0,112.0,175,357.0,701.0,1200.0
01437500,10-07,73.0,81.0,112.0,181,341.0,575.0,1170.0
01437500,10-08,76.0,89.0,129.0,190,348.0,518.0,1080.0
01437500,10-09,72.0,89.0,118.0,191,348.0,749.0,1100.0
01437500,10-10,69.0,83.0,121.0,211,337.0,749.0,953.0
01437500,10-11,67.0,83.0,116.0,238,321.0,674.0,963.0
01437500,10-12,66.0,80.0,122.0,216,364.0,614.0,1200.0
01437500,10-13,75.0,84.0,125.0,219,345.0,597.0,899.0
01437500,10-14,74.0,81.0,122.0,219,330.0,642.0,1180.0
01437500,10-15,78.0,88.0,124.0,210,363.0,726.0,1370.0
01437500,10-16,80.0,90.0,142.0,250,346.0,709.0,1130.0
01437500,10-17,74.0,85.0,148.0,210,359.0,870.0,1300.0
01437500,10-18,74.0,82.0,144.0,201,354.0,807.0,1050.0
01437500,10-19,78.0,88.0,140.0,197,423.0,778.0,999.0
01437500,10-20,78.0,85.0,142.0,210,389.0,828.0,1640.0
01437500,10-21,75.0,83.0,134.0,207,408.0,881.0,1760.0
01437500,10-22,80.0,93.0,135.0,203,404.0,761.0,1390.0
01437500,10-23,87.0,103.0,135.0,210,389.0,748.0,1270.0
01437500,10-24,82.0,99.0,129.0,235,435.0,746.0,1050.0
01437500,10-25,88.0,98.0,136.0,235,453.0,755.0,894.0
01437500,10-26,85.0,98.0,138.0,221,462.0,766.0,1220.0
01437500,10-27,84.0,96.0,138.0,214,452.0,776.0,1370.0
01437500,10-28,86.0,104.0,141.0,223,521.0,1180.0,1820.0
01437500,10-29,86.0,114.0,157.0,229,483.0,1240.0,1670.0
01437500,10-30,86.0,115.0,150.0,242,567.0,1110.0,1870.0
01437500,10-31,89.0,117.0,150.0,243,482.0,930.0,1950.0
01437500,11-01,84.0,102.0,138.0,238,556.0,958.0,1710.0
01437500,11-02,93.0,107.0,167.0,267,490.0,825.0,1230.0
01437500,11-03,91.0,116.0,165.0,294,550.0,1010.0,1270.0
01437500,11-04,88.0,116.0,171.0,293,474.0,910.0,1240.0
01437500,11-05,91.0,105.0,172.0,279,455.0,804.0,985.0
01437500,11-06,90.0,101.0,188.0,279,466.0,736.0,959.0
01437500,11-07,87.0,114.0,186.0,293,468.0,637.0,870.0
01437500,11-08,89.0,110.0,178.0,273,451.0,826.0,1040.0
01437500,11-09,89.0,105.0,169.0,288,458.0,677.0,2140.0
01437500,11-10,89.0,108.0,178.0,280,470.0,700.0,1440.0
01437500,11-11,92.0,111.0,179.0,275,466.0,804.0,1460.0
01437500,11-12,87.0,118.0,181.0,311,445.0,1010.0,1270.0
01437500,11-13,84.0,123.0,183.0,314,548.0,1030.0,1300.0
01437500,11-14,79.0,109.0,172.0,316,477.0,1070.0,1270.0
01437500,11-15,84.0,103.0,169.0,307,476.0,958.0,1450.0
01437500,11-16,82.0,108.0,166.0,300,470.0,961.0,1510.0
01437500,11-17,86.0,104.0,175.0,299,584.0,1030.0,1580.0
01437500,11-18,89.0,108.0,182.0,283,546.0,820.0,1580.0
01437500,11-19,88.0,99.0,181.0,298,516.0,862.0,1290.0
01437500,11-20,89.0,100.0,165.0,311,503.0,994.0,1340.0
01437500,11-21,89.0,106.0,159.0,305,547.0,1120.0,1450.0
01437500,11-22,87.0,106.0,183.0,367,536.0,988.0,1160.0
01437500,11-23,79.0,110.0,202.0,344,556.0,997.0,1150.0
01437500,11-24,80.0,120.0,213.0,332,529.0,892.0,1040.0
01437500,11-25,79.0,111.0,222.0,357,504.0,879.0,1040.0
01437500,11-26,99.0,126.0,207.0,355,548.0,783.0,979.0
01437500,11-27,108.0,119.0,237.0,372,626.0,874.0,1430.0
01437500,11-28,95.0,131.0,225.0,388,632.0,949.0,1270.0
01437500,11-29,112.0,138.0,242.0,413,612.0,1010.0,1610.0
01437500,11-30,102.0,157.0,248.0,430,653.0,1080.0,1340.0
01437500,12-01,110.0,170.0,245.0,431,695.0,1130.0,1530.0
01437500,12-02,113.0,166.0,221.0,398,591.0,1290.0,1530.0
01437500,12-03,113.0,154.0,223.0,409,597.0,1130.0,1360.0
01437500,12-04,96.0,149.0,223.0,410,672.0,1050.0,1400.0
01437500,12-05,103.0,143.0,230.0,400,661.0,948.0,1360.0
01437500,12-06,103.0,147.0,236.0,394,658.0,917.0,1140.0
01437500,12-07,95.0,151.0,230.0,438,726.0,1110.0,1280.0
01437500,12-08,90.0,151.0,233.0,403,696.0,1010.0,1420.0
01437500,12-09,107.0,144.0,252.0,415,686.0,895.0,1370.0
01437500,12-10,102.0,133.0,247.0,415,666.0,1030.0,1450.0
01437500,12-11,100.0,126.0,275.0,425,697.0,1230.0,1570.0
01437500,12-12,100.0,139.0,293.0,400,708.0,1280.0,1520.0
01437500,12-13,96.0,154.0,262.0,386,759.0,1260.0,1720.0
01437500,12-14,93.0,133.0,264.0,375,733.0,1080.0,1800.0
01437500,12-15,84.0,140.0,246.0,402,754.0,1150.0,1590.0
01437500,12-16,80.0,164.0,242.0,403,687.0,1020.0,1370.0
01437500,12-17,92.0,148.0,242.0,403,685.0,1090.0,1310.0
01437500,12-18,99.0,150.0,220.0,429,632.0,972.0,1510.0
01437500,12-19,111.0,176.0,229.0,410,638.0,862.0,1350.0
01437500,12-20,110.0,170.0,208.0,395,599.0,780.0,1200.0
01437500,12-21,117.0,160.0,210.0,378,615.0,1050.0,2510.0
01437500,12-22,129.0,160.0,229.0,380,599.0,922.0,1960.0
01437500,12-23,121.0,159.0,218.0,382,637.0,1250.0,1530.0
01437500,12-24,120.0,154.0,220.0,388,685.0,1280.0,1650.0
01437500,12-25,123.0,160.0,237.0,390,773.0,1190.0,1740.0
01437500,12-26,116.0,188.0,242.0,386,768.0,1030.0,1380.0
01437500,12-27,105.0,170.0,237.0,363,643.0,1060.0,2020.0
01437500,12-28,100.0,162.0,249.0,360,614.0,1440.0,1680.0
01437500,12-29,100.0,160.0,240.0,376,586.0,1260.0,1560.0
01437500,12-30,106.0,150.0,217.0,361,657.0,1110.0,1410.0
01437500,12-31,109.0,150.0,217.0,340,768.0,1120.0,1200.0
01438500,01-01,1600.0,1900.0,2950.0,4690,8270.0,12900.0,19000.0
01438500,01-02,1640.0,1980.0,2720.0,4500,9170.0,14600.0,19400.0
01438500,01-03,1690.0,2300.0,2850.0,4800,9420.0,13300.0,19600.0
01438500,01-04,1910.0,2380.0,2930.0,4220,8740.0,12900.0,15400.0
01438500,01-05,1820.0,2380.0,3100.0,4570,8610.0,12700.0,15100.0
01438500,01-06,1780.0,2100.0,3290.0,4300,8350.0,11300.0,15400.0
01438500,01-07,1750.0,2080.0,3260.0,4600,8370.0,13600.0,15900.0
01438500,01-08,1660.0,2180.0,3070.0,4440,7960.0,12200.0,21500.0
01438500,01-09,1460.0,1980.0,2800.0,4400,7420.0,12900.0,21000.0
01438500,01-10,1600.0,2020.0,3000.0,3910,6970.0,12600.0,20400.0
01438500,01-11,1700.0,2040.0,2900.0,4410,6580.0,13200.0,18700.0
01438500,01-12,1720.0,2150.0,2980.0,4400,6460.0,12800.0,19600.0
01438500,01-13,1700.0,2040.0,2800.0,4570,6670.0,11800.0,17100.0
01438500,01-14,1840.0,2080.0,3000.0,4440,7200.0,11800.0,16200.0
01438500,01-15,1630.0,2200.0,2900.0,4200,6570.0,11500.0,14900.0
01438500,01-16,1630.0,2080.0,2700.0,4710,6690.0,11100.0,16200.0
01438500,01-17,1640.0,2080.0,2700.0,4400,6500.0,10800.0,14400.0
01438500,01-18,1740.0,2010.0,2700.0,4000,6640.0,9360.0,12200.0
01438500,01-19,1790.0,2190.0,2900.0,4200,6550.0,9250.0,13000.0
01438500,01-20,1800.0,2240.0,3000.0,4370,6200.0,10500.0,11500.0
01438500,01-21,1620.0,1900.0,2900.0,4130,6110.0,9980.0,14200.0
01438500,01-22,1660.0,2140.0,2890.0,4420,6000.0,9750.0,18100.0
01438500,01-23,1410.0,1880.0,2800.0,4500,6300.0,9790.0,13500.0
01438500,01-24,1620.0,2000.0,2620.0,4500,7170.0,12400.0,15300.0
01438500,01-25,1740.0,2100.0,2700.0,4700,8200.0,12900.0,29200.0
01438500,01-26,1700.0,2190.0,2900.0,4400,8700.0,16900.0,28200.0
01438500,01-27,1940.0,2100.0,2700.0,4540,9640.0,19200.0,23500.0
01438500,01-28,1840.0,2040.0,2800.0,4800,9200.0,16800.0,26500.0
01438500,01-29,1660.0,2070.0,3000.0,4600,8260.0,14300.0,22400.0
01438500,01-30,1600.0,1860.0,2700.0,4400,7670.0,12000.0,18200.0
01438500,01-31,1600.0,1700.0,2650.0,4250,7200.0,12300.0,17200.0
01438500,02-01,1520.0,1700.0,2950.0,4500,6400.0,12900.0,14800.0
01438500,02-02,1540.0,1900.0,2900.0,4200,6300.0,12200.0,13700.0
01438500,02-03,1520.0,2180.0,3030.0,4300,7340.0,11900.0,15900.0
01438500,02-04,1590.0,2180.0,3090.0,4500,7970.0,11700.0,18100.0
01438500,02-05,1680.0,2100.0,3000.0,4400,7140.0,12200.0,16200.0
01438500,02-06,1790.0,2050.0,2910.0,4310,7020.0,10300.0,12700.0
01438500,02-07,1610.0,1960.0,3000.0,4200,6800.0,9040.0,12300.0
01438500,02-08,1860.0,2080.0,2950.0,4070,6300.0,11400.0,15400.0
01438500,02-09,1760.0,1940.0,2930.0,3960,5800.0,11400.0,15300.0
01438500,02-10,1670.0,1890.0,2900.0,4000,5730.0,10300.0,12200.0
01438500,02-11,1640.0,1940.0,2900.0,4000,5600.0,10200.0,13600.0
01438500,02-12,1630.0,2040.0,2900.0,4200,6040.0,9340.0,13400.0
01438500,02-13,1740.0,2160.0,2800.0,3850,6420.0,9940.0,12400.0
01438500,02-14,1790.0,2240.0,2800.0,4200,6370.0,8560.0,13800.0
01438500,02-15,1910.0,2100.0,2860.0,4360,6270.0,9600.0,11400.0
01438500,02-16,1910.0,2100.0,3000.0,4200,7000.0,9720.0,12100.0
01438500,02-17,1940.0,2000.0,2830.0,4300,6600.0,11200.0,14500.0
01438500,02-18,1920.0,2190.0,3070.0,4300,6670.0,10900.0,17100.0
01438500,02-19,1880.0,2300.0,3000.0,4250,6280.0,10700.0,15000.0
01438500,02-20,2040.0,2290.0,3100.0,4240,6000.0,12000.0,16200.0
01438500,02-21,2000.0,2310.0,3180.0,4220,7200.0,12800.0,16700.0
01438500,02-22,1800.0,2280.0,2990.0,4200,7500.0,13300.0,21600.0
01438500,02-23,1970.0,2220.0,3000.0,4500,7670.0,15300.0,19200.0
01438500,02-24,2000.0,2260.0,3000.0,4410,9200.0,15200.0,18400.0
01438500,02-25,1990.0,2340.0,3100.0,4950,9600.0,14700.0,25000.0
01438500,02-26,2030.0,2300.0,3220.0,4820,9610.0,14400.0,30000.0
01438500,02-27,1870.0,2300.0,3020.0,4850,9420.0,14700.0,21200.0
01438500,02-28,1920.0,2200.0,3100.0,4960,9490.0,15200.0,17400.0
01438500,02-29,1710.0,1790.0,2950.0,4470,9250.0,15100.0,28000.0
01438500,03-01,2020.0,2290.0,3200.0,5150,9150.0,12900.0,17000.0
01438500,03-02,1910.0,2440.0,3400.0,5240,9100.0,13500.0,16100.0
01438500,03-03,1800.0,2400.0,3480.0,5420,8190.0,12800.0,16400.0
01438500,03-04,1940.0,2380.0,3490.0,5800,8450.0,12500.0,15400.0
01438500,03-05,1900.0,2480.0,3590.0,5780,9610.0,13400.0,19200.0
01438500,03-06,2130.0,2480.0,3700.0,5660,10500.0,17000.0,24200.0
01438500,03-07,2060.0,2700.0,3700.0,5570,11300.0,20800.0,30100.0
01438500,03-08,2090.0,2800.0,3810.0,6110,10400.0,18700.0,29800.0
01438500,03-09,2150.0,2680.0,3600.0,6400,11100.0,21700.0,26100.0
01438500,03-10,2060.0,2620.0,3870.0,6180,10500.0,23100.0,34000.0
01438500,03-11,2330.0,2690.0,3690.0,6260,10600.0,20300.0,31200.0
01438500,03-12,2540.0,2810.0,4280.0,6560,12900.0,20500.0,25300.0
01438500,03-13,2340.0,2830.0,4580.0,7010,12000.0,20500.0,25000.0
01438500,03-14,2350.0,3000.0,4390.0,7300,12100.0,16700.0,19300.0
01438500,03-15,2290.0,3490.0,5370.0,7400,11400.0,16000.0,29200.0
01438500,03-16,2220.0,3090.0,5560.0,7790,10600.0,19600.0,26000.0
01438500,03-17,2480.0,3890.0,5490.0,7760,11700.0,21000.0,29300.0
01438500,03-18,2570.0,4030.0,5450.0,7760,12800.0,21700.0,32300.0
01438500,03-19,2990.0,3790.0,5420.0,8270,11600.0,19300.0,27600.0
01438500,03-20,2770.0,3670.0,5450.0,8080,11400.0,20700.0,33100.0
01438500,03-21,2890.0,3970.0,5650.0,8010,11400.0,18900.0,33600.0
01438500,03-22,3030.0,3720.0,5330.0,9240,12800.0,20300.0,35600.0
01438500,03-23,2880.0,4030.0,5320.0,9050,14400.0,20500.0,30100.0
01438500,03-24,3060.0,3690.0,5590.0,8380,14700.0,23500.0,25500.0
01438500,03-25,3230.0,3600.0,5710.0,8680,14300.0,21100.0,25800.0
01438500,03-26,3220.0,3630.0,5990.0,9480,14100.0,23200.0,24200.0
01438500,03-27,2970.0,4710.0,6240.0,9520,12900.0,20800.0,25000.0
01438500,03-28,2920.0,4450.0,7340.0,9810,13300.0,18700.0,25100.0
01438500,03-29,2960.0,4560.0,7230.0,9550,13100.0,23000.0,32500.0
01438500,03-30,3000.0,4430.0,7170.0,9510,12500.0,25400.0,35000.0
01438500,03-31,2900.0,4240.0,6840.0,9400,14800.0,28000.0,40500.0
01438500,04-01,2880.0,4240.0,6620.0,9540,16100.0,31800.0,48600.0
01438500,04-02,3040.0,4920.0,6560.0,9860,16900.0,25400.0,41800.0
01438500,04-03,3740.0,4910.0,7220.0,10900,17400.0,26600.0,37200.0
01438500,04-04,3350.0,4520.0,6870.0,12500,18800.0,27000.0,32800.0
01438500,04-05,3070.0,4230.0,6460.0,11800,20500.0,27600.0,50100.0
01438500,04-06,3090.0,4330.0,6220.0,12600,19900.0,37500.0,47400.0
01438500,04-07,3260.0,3940.0,6630.0,11100,17800.0,33400.0,39100.0
01438500,04-08,3530.0,4170.0,6560.0,10100,17800.0,28300.0,34900.0
01438500,04-09,3410.0,4330.0,6210.0,10200,17700.0,23600.0,26200.0
01438500,04-10,3490.0,4230.0,5830.0,9870,16200.0,21500.0,26200.0
01438500,04-11,3430.0,4160.0,5500.0,9130,15500.0,23000.0,27900.0
01438500,04-12,3430.0,4120.0,5660.0,9070,13700.0,19100.0,24400.0
01438500,04-13,3180.0,3900.0,5940.0,9600,14100.0,19200.0,26200.0
01438500,04-14,2920.0,3740.0,5700.0,9720,13800.0,21100.0,22800.0
01438500,04-15,3020.0,3990.0,5290.0,9400,14500.0,20200.0,26000.0
01438500,04-16,3030.0,4250.0,5390.0,8970,14900.0,25100.0,33800.0
01438500,04-17,2870.0,4070.0,5940.0,8290,14800.0,25900.0,36500.0
01438500,04-18,2770.0,3840.0,5480.0,8000,13600.0,25900.0,30100.0
01438500,04-19,2650.0,3670.0,5070.0,7910,14100.0,21500.0,23400.0
01438500,04-20,2600.0,3360.0,5010.0,7970,13900.0,19800.0,21100.0
01438500,04-21,2580.0,3230.0,4870.0,8130,11900.0,18100.0,23000.0
01438500,04-22,2460.0,3170.0,4710.0,7290,11800.0,17400.0,21700.0
01438500,04-23,2700.0,3470.0,4960.0,7040,11000.0,17700.0,20300.0
01438500,04-24,2580.0,3490.0,5010.0,7610,10900.0,17100.0,19100.0
01438500,04-25,2830.0,3470.0,5140.0,7520,12200.0,17500.0,20300.0
01438500,04-26,3020.0,3750.0,5080.0,7100,11300.0,16800.0,20200.0
01438500,04-27,2820.0,3780.0,4990.0,7310,11100.0,15400.0,24500.0
01438500,04-28,2920.0,3460.0,4750.0,7820,10900.0,14100.0,23100.0
01438500,04-29,2730.0,3500.0,4800.0,7200,10800.0,15500.0,17900.0
01438500,04-30,2610.0,3590.0,4600.0,7280,9610.0,14600.0,17300.0
01438500,05-01,2920.0,3370.0,4280.0,6700,9610.0,14900.0,24000.0
01438500,05-02,2880.0,3420.0,4460.0,6340,9410.0,16200.0,21000.0
01438500,05-03,2800.0,3290.0,4800.0,6430,9280.0,16400.0,20400.0
01438500,05-04,2780.0,3190.0,4650.0,6590,9970.0,14400.0,17800.0
01438500,05-05,2780.0,3010.0,4390.0,6410,9510.0,15700.0,18100.0
01438500,05-06,2710.0,3020.0,4310.0,6280,9550.0,15100.0,21400.0
01438500,05-07,2620.0,3090.0,3960.0,6070,9430.0,14500.0,17000.0
01438500,05-08,2590.0,2860.0,3830.0,5990,9340.0,13500.0,15900.0
01438500,05-09,2720.0,3060.0,3780.0,5710,9100.0,12200.0,15500.0
01438500,05-10,2460.0,2970.0,3870.0,5950,8590.0,13200.0,14900.0
01438500,05-11,2440.0,2720.0,3960.0,5820,8880.0,14300.0,21700.0
01438500,05-12,2380.0,2690.0,3950.0,5880,8630.0,16100.0,22700.0
01438500,05-13,2210.0,2460.0,3760.0,6000,9900.0,16800.0,21900.0
01438500,05-14,2040.0,2440.0,3770.0,5640,10000.0,17600.0,20000.0
01438500,05-15,1920.0,2210.0,3690.0,5730,10300.0,14600.0,17900.0
01438500,05-16,1850.0,2150.0,3440.0,6110,10300.0,14200.0,16100.0
01438500,05-17,1820.0,2160.0,3280.0,5980,10300.0,14000.0,19400.0
01438500,05-18,1850.0,2420.0,3180.0,5850,9400.0,15000.0,19300.0
01438500,05-19,2020.0,2370.0,2990.0,5620,9260.0,16900.0,19700.0
01438500,05-20,2170.0,2350.0,3250.0,5940,9030.0,14600.0,19200.0
01438500,05-21,1960.0,2300.0,3110.0,6300,9930.0,13700.0,16700.0
01438500,05-22,2040.0,2190.0,3110.0,5920,9840.0,13200.0,20700.0
01438500,05-23,1830.0,2090.0,2890.0,5590,8720.0,14900.0,20400.0
01438500,05-24,1880.0,2030.0,3070.0,5220,8180.0,14000.0,18100.0
01438500,05-25,1820.0,1980.0,2910.0,5210,8490.0,14000.0,19200.0
01438500,05-26,1740.0,1990.0,2880.0,4750,7370.0,12400.0,20600.0
01438500,05-27,1680.0,2000.0,2890.0,4610,6480.0,12700.0,19200.0
01438500,05-28,1700.0,2050.0,2920.0,4560,6190.0,10600.0,15900.0
01438500,05-29,1480.0,2060.0,2920.0,4300,6600.0,12200.0,15300.0
01438500,05-30,1430.0,2000.0,2860.0,3880,6460.0,12400.0,18000.0
01438500,05-31,1470.0,1830.0,2750.0,3840,7210.0,11000.0,15300.0
01438500,06-01,1560.0,1890.0,2750.0,3920,7470.0,11300.0,20400.0
01438500,06-02,1790.0,1920.0,2710.0,4000,7450.0,14600.0,20500.0
01438500,06-03,1840.0,2040.0,2740.0,4200,6500.0,14000.0,16700.0
01438500,06-04,1710.0,2060.0,2520.0,4040,6290.0,10800.0,15400.0
01438500,06-05,1700.0,1860.0,2460.0,3880,5660.0,10400.0,12300.0
01438500,06-06,1640.0,1810.0,2310.0,3780,7190.0,10400.0,12000.0
01438500,06-07,1600.0,1770.0,2350.0,3640,6550.0,10600.0,17500.0
01438500,06-08,1660.0,1700.0,2280.0,3630,6870.0,11100.0,15600.0
01438500,06-09,1630.0,1780.0,2260.0,3350,6810.0,9450.0,11700.0
01438500,06-10,1590.0,1750.0,2100.0,3310,6330.0,8530.0,10400.0
01438500,06-11,1660.0,1850.0,2350.0,3290,6340.0,8220.0,9680.0
01438500,06-12,1560.0,1780.0,2230.0,3240,5900.0,7710.0,10500.0
01438500,06-13,1560.0,1760.0,2200.0,3290,5610.0,8000.0,11500.0
01438500,06-14,1570.0,1680.0,2120.0,3900,5800.0,8820.0,14600.0
01438500,06-15,1670.0,1760.0,2210.0,3850,5660.0,9480.0,13200.0
01438500,06-16,1660.0,1800.0,2310.0,3410,5790.0,11100.0,13900.0
01438500,06-17,1640.0,1860.0,2210.0,3160,5560.0,9390.0,11200.0
01438500,06-18,1730.0,1870.0,2270.0,2860,5760.0,8280.0,10100.0
01438500,06-19,1790.0,1820.0,2130.0,3050,5430.0,9050.0,11500.0
01438500,06-20,1750.0,1840.0,2000.0,2910,5160.0,8430.0,10200.0
01438500,06-21,1600.0,1750.0,2130.0,2690,4750.0,7810.0,11300.0
01438500,06-22,1480.0,1770.0,2050.0,2720,4270.0,8490.0,12900.0
01438500,06-23,1550.0,1750.0,1970.0,2770,4120.0,8820.0,15100.0
01438500,06-24,1620.0,1720.0,1950.0,2720,4270.0,8450.0,14500.0
01438500,06-25,1690.0,1760.0,1950.0,2660,4270.0,8610.0,12300.0
01438500,06-26,1600.0,1720.0,2030.0,2570,4740.0,8280.0,11700.0
01438500,06-27,1450.0,1660.0,1910.0,2430,4480.0,8570.0,12000.0
01438500,06-28,1370.0,1680.0,2000.0,2470,4180.0,7970.0,12900.0
01438500,06-29,1490.0,1680.0,1960.0,2610,4210.0,9150.0,16200.0
01438500,06-30,1320.0,1630.0,1970.0,2650,4390.0,8290.0,13200.0
01438500,07-01,1550.0,1660.0,1930.0,2780,4170.0,8660.0,17500.0
01438500,07-02,1110.0,1530.0,1870.0,2820,4010.0,9840.0,19600.0
01438500,07-03,1180.0,1390.0,1790.0,2630,4180.0,8440.0,15500.0
01438500,07-04,1110.0,1380.0,1770.0,2320,3770.0,8130.0,14000.0
01438500,07-05,1150.0,1390.0,1670.0,2160,3740.0,6800.0,12400.0
01438500,07-06,1210.0,1450.0,1820.0,2410,3670.0,7600.0,10800.0
01438500,07-07,1260.0,1440.0,1850.0,2530,3480.0,6030.0,9340.0
01438500,07-08,1290.0,1530.0,1930.0,2460,3240.0,5600.0,8350.0
01438500,07-09,1230.0,1570.0,1900.0,2480,3340.0,6550.0,8050.0
01438500,07-10,1100.0,1440.0,1900.0,2380,3310.0,6440.0,10500.0
01438500,07-11,1150.0,1490.0,1770.0,2330,3020.0,6090.0,8410.0
01438500,07-12,1210.0,1470.0,1800.0,2300,3250.0,5230.0,8110.0
01438500,07-13,1230.0,1570.0,1900.0,2230,3390.0,5360.0,7240.0
01438500,07-14,1280.0,1630.0,1880.0,2320,3630.0,5720.0,7640.0
01438500,07-15,1200.0,1520.0,1860.0,2480,3820.0,5410.0,9550.0
01438500,07-16,1270.0,1440.0,1800.0,2470,3660.0,5640.0,10300.0
01438500,07-17,1160.0,1380.0,1840.0,2290,3590.0,5880.0,10700.0
01438500,07-18,1190.0,1480.0,1800.0,2390,3590.0,5340.0,9740.0
01438500,07-19,1310.0,1610.0,1840.0,2510,3410.0,4710.0,9630.0
01438500,07-20,1400.0,1520.0,1890.0,2360,3190.0,4380.0,8280.0
01438500,07-21,1190.0,1430.0,1870.0,2440,3250.0,4710.0,7240.0
01438500,07-22,1300.0,1470.0,1910.0,2470,3120.0,4300.0,6730.0
01438500,07-23,1280.0,1530.0,1970.0,2410,3070.0,4370.0,5750.0
01438500,07-24,1070.0,1520.0,1870.0,2510,3200.0,4730.0,7750.0
01438500,07-25,1110.0,1470.0,1880.0,2490,3180.0,4470.0,9340.0
01438500,07-26,1180.0,1460.0,1810.0,2370,3260.0,5580.0,8740.0
01438500,07-27,1070.0,1320.0,1810.0,2280,2960.0,4820.0,7000.0
01438500,07-28,1210.0,1410.0,1880.0,2300,3360.0,5120.0,9480.0
01438500,07-29,1370.0,1490.0,1770.0,2250,3250.0,4940.0,9540.0
01438500,07-30,1010.0,1340.0,1810.0,2190,3220.0,5420.0,9100.0
01438500,07-31,956.0,1480.0,1760.0,2240,3240.0,5290.0,6520.0
01438500,08-01,968.0,1470.0,1770.0,2350,3360.0,4780.0,6360.0
01438500,08-02,1000.0,1490.0,1780.0,2400,3300.0,5440.0,7230.0
01438500,08-03,1170.0,1490.0,1770.0,2360,3310.0,4600.0,8570.0
01438500,08-04,1250.0,1410.0,1760.0,2360,3220.0,4600.0,9500.0
01438500,08-05,1100.0,1420.0,1740.0,2250,3010.0,4680.0,9820.0
01438500,08-06,1020.0,1410.0,1780.0,2210,3070.0,4670.0,8080.0
01438500,08-07,814.0,1480.0,1780.0,2040,3160.0,5160.0,8100.0
01438500,08-08,801.0,1390.0,1780.0,2100,3370.0,6070.0,7790.0
01438500,08-09,1050.0,1340.0,1800.0,2160,3270.0,5600.0,8140.0
01438500,08-10,1040.0,1360.0,1740.0,2100,3310.0,6660.0,11100.0
01438500,08-11,1080.0,1290.0,1700.0,2180,3060.0,6420.0,10000.0
01438500,08-12,1030.0,1380.0,1740.0,2170,3150.0,5380.0,10200.0
01438500,08-13,1060.0,1530.0,1720.0,2140,3180.0,5700.0,10800.0
01438500,08-14,984.0,1360.0,1720.0,2080,2860.0,5670.0,10500.0
01438500,08-15,1030.0,1350.0,1700.0,2150,2900.0,5220.0,8900.0
01438500,08-16,1080.0,1370.0,1720.0,2100,2760.0,5780.0,11200.0
01438500,08-17,1140.0,1410.0,1770.0,2160,2820.0,5310.0,11300.0
01438500,08-18,1110.0,1360.0,1650.0,2120,2930.0,5760.0,10600.0
01438500,08-19,1070.0,1240.0,1700.0,2030,3180.0,5880.0,16000.0
01438500,08-20,853.0,1320.0,1690.0,1960,3030.0,6480.0,12100.0
01438500,08-21,903.0,1340.0,1680.0,2030,2950.0,5640.0,8590.0
01438500,08-22,799.0,1430.0,1660.0,2060,2870.0,5090.0,9540.0
01438500,08-23,800.0,1360.0,1720.0,2130,2910.0,4870.0,12400.0
01438500,08-24,820.0,1300.0,1660.0,2040,2720.0,4760.0,9490.0
01438500,08-25,904.0,1070.0,1640.0,2030,2740.0,5500.0,7820.0
01438500,08-26,939.0,1250.0,1690.0,2060,2800.0,5340.0,6960.0
01438500,08-27,861.0,1220.0,1700.0,2060,2670.0,4960.0,6320.0
01438500,08-28,1060.0,1380.0,1700.0,2090,2680.0,5220.0,6500.0
01438500,08-29,1130.0,1400.0,1740.0,1960,2780.0,4680.0,6110.0
01438500,08-30,1160.0,1310.0,1710.0,2080,2850.0,4640.0,5920.0
01438500,08-31,1000.0,1440.0,1720.0,2030,3070.0,5000.0,8180.0
01438500,09-01,1220.0,1430.0,1770.0,2020,2650.0,5190.0,8170.0
01438500,09-02,1100.0,1360.0,1660.0,1960,2760.0,5670.0,10000.0
01438500,09-03,1090.0,1310.0,1670.0,1870,2730.0,5560.0,11500.0
01438500,09-04,1040.0,1320.0,1610.0,1940,2570.0,5040.0,9840.0
01438500,09-05,827.0,1240.0,1670.0,1920,2730.0,4300.0,8500.0
01438500,09-06,825.0,1190.0,1640.0,1910,2860.0,4300.0,6660.0
01438500,09-07,937.0,1140.0,1590.0,1940,2740.0,3940.0,8730.0
01438500,09-08,1150.0,1280.0,1660.0,1860,2590.0,4060.0,7390.0
01438500,09-09,1090.0,1270.0,1610.0,1950,2730.0,4630.0,9060.0
01438500,09-10,1120.0,1390.0,1700.0,1900,2610.0,5050.0,9900.0
01438500,09-11,1160.0,1410.0,1680.0,2020,2640.0,4650.0,9410.0
01438500,09-12,841.0,1310.0,1680.0,2070,2650.0,6000.0,8580.0
01438500,09-13,845.0,1230.0,1720.0,2040,2660.0,4860.0,9690.0
01438500,09-14,1100.0,1370.0,1610.0,1970,2540.0,5210.0,9360.0
01438500,09-15,1090.0,1290.0,1670.0,1920,2650.0,5300.0,9230.0
01438500,09-16,1080.0,1320.0,1680.0,1970,2650.0,5720.0,10900.0
01438500,09-17,1090.0,1350.0,1710.0,2080,2630.0,5810.0,11000.0
01438500,09-18,1110.0,1400.0,1720.0,1960,2780.0,6920.0,10200.0
01438500,09-19,889.0,1440.0,1570.0,2040,2850.0,7780.0,13300.0
01438500,09-20,1000.0,1420.0,1730.0,2070,2650.0,7880.0,14200.0
01438500,09-21,1170.0,1400.0,1720.0,2000,2600.0,7370.0,10500.0
01438500,09-22,1240.0,1410.0,1720.0,2030,2750.0,6620.0,8410.0
01438500,09-23,1130.0,1280.0,1770.0,2010,2870.0,6090.0,9240.0
01438500,09-24,1110.0,1380.0,1750.0,1980,3290.0,5220.0,12700.0
01438500,09-25,1040.0,1330.0,1680.0,1970,3170.0,8290.0,15700.0
01438500,09-26,884.0,1350.0,1710.0,1980,2810.0,7760.0,18300.0
01438500,09-27,1070.0,1280.0,1620.0,2010,3200.0,9450.0,12500.0
01438500,09-28,1080.0,1250.0,1660.0,2080,3120.0,10600.0,21600.0
01438500,09-29,985.0,1160.0,1640.0,2030,3290.0,10800.0,20500.0
01438500,09-30,1020.0,1300.0,1770.0,2080,2970.0,9810.0,15800.0
01438500,10-01,1190.0,1380.0,1720.0,2090,3910.0,8780.0,13800.0
01438500,10-02,1060.0,1400.0,1710.0,2000,3750.0,7940.0,12500.0
01438500,10-03,888.0,1410.0,1710.0,2120,3490.0,7780.0,13800.0
01438500,10-04,940.0,1380.0,1690.0,2030,3540.0,7830.0,10700.0
01438500,10-05,1090.0,1430.0,1670.0,2060,3950.0,8040.0,11400.0
01438500,10-06,1080.0,1400.0,1700.0,1990,3540.0,8050.0,13200.0
01438500,10-07,1110.0,1370.0,1660.0,2050,3610.0,7700.0,12200.0
01438500,10-08,1210.0,1350.0,1700.0,2150,3410.0,8620.0,10000.0
01438500,10-09,1010.0,1390.0,1700.0,2160,3870.0,8660.0,9750.0
01438500,10-10,904.0,1330.0,1770.0,2260,3780.0,8170.0,12200.0
01438500,10-11,1020.0,1330.0,1770.0,2070,3700.0,6900.0,9430.0
01438500,10-12,860.0,1200.0,1760.0,2050,3870.0,6910.0,8190.0
01438500,10-13,904.0,1210.0,1660.0,2030,3890.0,6410.0,10100.0
01438500,10-14,1030.0,1330.0,1730.0,1960,3420.0,6310.0,8820.0
01438500,10-15,1180.0,1400.0,1670.0,2120,3440.0,6690.0,10300.0
01438500,10-16,1160.0,1360.0,1650.0,2040,3670.0,6260.0,11500.0
01438500,10-17,940.0,1230.0,1730.0,2150,3320.0,8140.0,11000.0
01438500,10-18,978.0,1390.0,1730.0,2090,3770.0,8370.0,9120.0
01438500,10-19,1070.0,1370.0,1680.0,2150,4060.0,6860.0,10300.0
01438500,10-20,920.0,1220.0,1680.0,2120,4000.0,8010.0,17200.0
01438500,10-21,1030.0,1280.0,1710.0,2060,3730.0,9960.0,16500.0
01438500,10-22,1070.0,1210.0,1650.0,2060,3520.0,9300.0,17100.0
01438500,10-23,945.0,1280.0,1700.0,2170,3490.0,10000.0,13400.0
01438500,10-24,994.0,1180.0,1750.0,2320,3820.0,9610.0,11600.0
01438500,10-25,924.0,1120.0,1750.0,2260,4830.0,9340.0,10400.0
01438500,10-26,808.0,1200.0,1760.0,2230,5290.0,8530.0,10200.0
01438500,10-27,714.0,1290.0,1830.0,2480,5680.0,7580.0,16300.0
01438500,10-28,1210.0,1350.0,1780.0,2570,5770.0,11100.0,16200.0
01438500,10-29,1170.0,1390.0,1840.0,2710,6020.0,12400.0,17400.0
01438500,10-30,1100.0,1280.0,1790.0,2740,5660.0,11800.0,13800.0
01438500,10-31,1040.0,1210.0,1770.0,2670,5350.0,10700.0,16000.0
01438500,11-01,1030.0,1220.0,1730.0,2820,5180.0,9550.0,13700.0
01438500,11-02,1050.0,1250.0,1800.0,2790,5470.0,9960.0,12400.0
01438500,11-03,1030.0,1320.0,1890.0,3140,5660.0,9810.0,12000.0
01438500,11-04,1080.0,1590.0,1850.0,3200,5870.0,10500.0,14800.0
01438500,11-05,1080.0,1620.0,1930.0,3000,5400.0,9260.0,13600.0
01438500,11-06,1140.0,1640.0,2050.0,3170,5530.0,8620.0,11000.0
01438500,11-07,1480.0,1620.0,1920.0,3320,5050.0,8190.0,10700.0
01438500,11-08,1480.0,1680.0,2080.0,3400,5090.0,7660.0,9980.0
01438500,11-09,1350.0,1660.0,2030.0,3310,5470.0,12200.0,24500.0
01438500,11-10,1370.0,1630.0,2140.0,3280,5880.0,11100.0,20100.0
01438500,11-11,1340.0,1630.0,2150.0,3330,5880.0,9780.0,18400.0
01438500,11-12,1250.0,1570.0,2220.0,3330,5960.0,11700.0,15200.0
01438500,11-13,1530.0,1600.0,2190.0,3420,6720.0,11500.0,17000.0
01438500,11-14,1510.0,1720.0,2240.0,3200,6660.0,12400.0,13900.0
01438500,11-15,1420.0,1620.0,2220.0,3320,6020.0,12000.0,15500.0
01438500,11-16,1340.0,1700.0,2200.0,3520,5670.0,11500.0,17300.0
01438500,11-17,1260.0,1650.0,2150.0,3660,6630.0,12200.0,15200.0
01438500,11-18,1380.0,1620.0,2140.0,3590,6530.0,10800.0,14400.0
01438500,11-19,1510.0,1700.0,2140.0,3480,6260.0,10300.0,13900.0
01438500,11-20,1520.0,1740.0,2180.0,3620,6090.0,10700.0,13000.0
01438500,11-21,1400.0,1770.0,2260.0,3720,7500.0,10800.0,13900.0
01438500,11-22,1570.0,1760.0,2320.0,3940,7090.0,11100.0,16100.0
01438500,11-23,1500.0,1720.0,2430.0,4080,7040.0,11200.0,16300.0
01438500,11-24,1630.0,1740.0,2430.0,4360,6340.0,11000.0,15400.0
01438500,11-25,1580.0,1730.0,2450.0,4140,6250.0,10900.0,13200.0
01438500,11-26,1630.0,1860.0,2480.0,4430,6960.0,10000.0,12000.0
01438500,11-27,1740.0,1920.0,2840.0,4280,7360.0,10500.0,24000.0
01438500,11-28,1580.0,1920.0,3080.0,4470,7220.0,13200.0,20500.0
01438500,11-29,1660.0,2040.0,2940.0,4460,8270.0,14700.0,20300.0
01438500,11-30,1610.0,2120.0,3030.0,4930,7910.0,13700.0,18900.0
01438500,12-01,1740.0,2130.0,2940.0,4800,8340.0,13300.0,16000.0
01438500,12-02,1930.0,2150.0,2820.0,4380,8010.0,13900.0,18000.0
01438500,12-03,1860.0,2160.0,2810.0,4670,6960.0,11800.0,19100.0
01438500,12-04,1770.0,2000.0,2730.0,4630,7590.0,13600.0,16200.0
01438500,12-05,1590.0,1930.0,2710.0,4310,7080.0,12100.0,14800.0
01438500,12-06,1620.0,1890.0,2940.0,4300,7360.0,12200.0,17000.0
01438500,12-07,1630.0,2050.0,2930.0,5110,8210.0,11400.0,16200.0
01438500,12-08,1590.0,2080.0,2760.0,4830,8410.0,12900.0,21600.0
01438500,12-09,1500.0,1820.0,3110.0,4630,7420.0,12600.0,19700.0
01438500,12-10,1440.0,1790.0,2910.0,4850,7690.0,13400.0,17600.0
01438500,12-11,1450.0,1750.0,3040.0,4940,8530.0,15500.0,18600.0
01438500,12-12,1330.0,1790.0,3070.0,4710,8100.0,15700.0,29200.0
01438500,12-13,1400.0,2000.0,2900.0,4780,9070.0,16700.0,20400.0
01438500,12-14,1600.0,2000.0,2880.0,4560,8140.0,15500.0,23200.0
01438500,12-15,1610.0,2000.0,3180.0,4430,8800.0,14100.0,17500.0
01438500,12-16,1640.0,2080.0,3010.0,4920,8700.0,12900.0,15400.0
01438500,12-17,1620.0,2100.0,3070.0,4980,8370.0,11900.0,14800.0
01438500,12-18,1710.0,2140.0,2880.0,4800,7510.0,12200.0,15800.0
01438500,12-19,1860.0,2100.0,3120.0,4860,7910.0,10500.0,14600.0
01438500,12-20,1900.0,2180.0,3190.0,4700,7200.0,10100.0,13700.0
01438500,12-21,1700.0,2120.0,3160.0,4960,7210.0,11400.0,17400.0
01438500,12-22,1580.0,2020.0,3330.0,4800,7100.0,12800.0,27700.0
01438500,12-23,1820.0,2180.0,3280.0,4870,7590.0,13700.0,18400.0
01438500,12-24,2040.0,2330.0,3240.0,4490,8350.0,14100.0,17400.0
01438500,12-25,1840.0,2280.0,2980.0,4610,8940.0,15600.0,18800.0
01438500,12-26,1740.0,2130.0,2900.0,4420,8790.0,12800.0,16400.0
01438500,12-27,2000.0,2280.0,3100.0,4600,8840.0,12000.0,18600.0
01438500,12-28,2030.0,2350.0,3300.0,4580,8270.0,13100.0,17000.0
01438500,12-29,2000.0,2230.0,3200.0,4660,7920.0,13400.0,16900.0
01438500,12-30,2040.0,2380.0,3100.0,5100,8200.0,13000.0,18100.0
01438500,12-31,1800.0,2080.0,3200.0,5170,9020.0,13900.0,16500.0
01421900,01-01,54.0,71.0,121.0,228,426.0,624.0,1180.0
01421900,01-02,59.0,90.0,120.0,240,404.0,641.0,854.0
01421900,01-03,58.0,90.0,123.0,233,390.0,553.0,752.0
01421900,01-04,56.0,88.0,117.0,236,407.0,605.0,781.0
01421900,01-05,50.0,74.0,110.0,224,370.0,548.0,691.0
01421900,01-06,52.0,70.0,110.0,250,373.0,539.0,1200.0
01421900,01-07,52.0,66.0,105.0,238,346.0,695.0,1380.0
01421900,01-08,50.0,58.0,110.0,210,310.0,613.0,943.0
01421900,01-09,48.0,65.0,116.0,207,308.0,554.0,810.0
01421900,01-10,46.0,70.0,123.0,228,299.0,572.0,916.0
01421900,01-11,45.0,65.0,125.0,210,301.0,580.0,1160.0
01421900,01-12,43.0,68.0,120.0,205,329.0,602.0,1050.0
01421900,01-13,42.0,68.0,123.0,200,383.0,718.0,852.0
01421900,01-14,42.0,70.0,120.0,182,328.0,608.0,813.0
01421900,01-15,45.0,82.0,117.0,180,402.0,555.0,957.0
01421900,01-16,46.0,83.0,112.0,180,354.0,588.0,892.0
01421900,01-17,45.0,76.0,112.0,160,298.0,450.0,660.0
01421900,01-18,41.0,75.0,96.0,151,295.0,525.0,663.0
01421900,01-19,39.0,64.0,94.0,164,287.0,381.0,538.0
01421900,01-20,42.0,65.0,96.0,154,250.0,433.0,554.0
01421900,01-21,43.0,80.0,100.0,168,241.0,409.0,769.0
01421900,01-22,44.0,76.0,102.0,158,261.0,398.0,542.0
01421900,01-23,48.0,75.0,98.0,149,236.0,552.0,1190.0
01421900,01-24,49.0,75.0,96.0,140,310.0,780.0,1850.0
01421900,01-25,48.0,75.0,92.0,167,429.0,1360.0,2060.0
01421900,01-26,47.0,75.0,90.0,156,380.0,1010.0,1230.0
01421900,01-27,54.0,76.0,91.0,158,356.0,815.0,956.0
01421900,01-28,57.0,71.0,88.0,135,298.0,706.0,837.0
01421900,01-29,58.0,69.0,91.0,140,286.0,502.0,536.0
01421900,01-30,51.0,62.0,96.0,138,350.0,439.0,531.0
01421900,01-31,56.0,69.0,91.0,146,300.0,542.0,774.0
01421900,02-01,54.0,69.0,91.0,150,310.0,463.0,622.0
01421900,02-02,54.0,68.0,90.0,150,290.0,493.0,686.0
01421900,02-03,52.0,63.0,88.0,148,300.0,479.0,804.0
01421900,02-04,52.0,58.0,82.0,142,308.0,528.0,696.0
01421900,02-05,47.0,61.0,86.0,181,278.0,410.0,718.0
01421900,02-06,48.0,58.0,84.0,158,250.0,407.0,628.0
01421900,02-07,48.0,69.0,80.0,150,230.0,612.0,1060.0
01421900,02-08,50.0,68.0,87.0,150,250.0,485.0,1050.0
01421900,02-09,52.0,66.0,84.0,150,239.0,421.0,729.0
01421900,02-10,56.0,66.0,84.0,149,290.0,541.0,698.0
01421900,02-11,54.0,66.0,89.0,160,331.0,585.0,805.0
01421900,02-12,51.0,65.0,90.0,144,310.0,490.0,895.0
01421900,02-13,52.0,64.0,91.0,145,297.0,568.0,748.0
01421900,02-14,58.0,73.0,96.0,155,252.0,492.0,647.0
01421900,02-15,60.0,70.0,100.0,162,366.0,583.0,694.0
01421900,02-16,58.0,69.0,103.0,171,335.0,652.0,785.0
01421900,02-17,58.0,69.0,110.0,190,294.0,594.0,670.0
01421900,02-18,56.0,74.0,110.0,180,269.0,556.0,1260.0
01421900,02-19,60.0,76.0,104.0,182,332.0,647.0,728.0
01421900,02-20,63.0,70.0,96.0,170,288.0,696.0,1110.0
01421900,02-21,59.0,74.0,94.0,165,292.0,821.0,977.0
01421900,02-22,56.0,71.0,100.0,179,296.0,813.0,1050.0
01421900,02-23,56.0,76.0,100.0,165,387.0,740.0,1230.0
01421900,02-24,55.0,74.0,104.0,158,380.0,680.0,951.0
01421900,02-25,56.0,72.0,96.0,190,400.0,696.0,1350.0
01421900,02-26,56.0,73.0,101.0,191,391.0,884.0,1130.0
01421900,02-27,53.0,70.0,105.0,188,397.0,875.0,1360.0
01421900,02-28,54.0,67.0,100.0,195,455.0,820.0,972.0
01421900,02-29,,64.0,90.0,161,396.0,1120.0,
01421900,03-01,56.0,66.0,108.0,181,416.0,717.0,907.0
01421900,03-02,62.0,70.0,100.0,195,353.0,615.0,790.0
01421900,03-03,54.0,73.0,120.0,202,348.0,567.0,676.0
01421900,03-04,61.0,85.0,123.0,221,440.0,630.0,818.0
01421900,03-05,64.0,80.0,131.0,206,454.0,915.0,1280.0
01421900,03-06,75.0,78.0,120.0,230,602.0,1550.0,2070.0
01421900,03-07,68.0,79.0,120.0,245,489.0,1410.0,2000.0
01421900,03-08,70.0,83.0,120.0,250,494.0,1140.0,2540.0
01421900,03-09,72.0,79.0,126.0,218,542.0,2000.0,2150.0
01421900,03-10,70.0,87.0,127.0,232,557.0,1300.0,2080.0
01421900,03-11,84.0,100.0,164.0,250,586.0,1200.0,1330.0
01421900,03-12,95.0,102.0,173.0,301,700.0,1240.0,1550.0
01421900,03-13,94.0,116.0,179.0,352,571.0,906.0,1030.0
01421900,03-14,96.0,132.0,206.0,356,532.0,825.0,1060.0
01421900,03-15,92.0,145.0,210.0,316,562.0,715.0,1720.0
01421900,03-16,90.0,160.0,221.0,330,545.0,1120.0,1720.0
01421900,03-17,92.0,166.0,220.0,329,580.0,1580.0,2390.0
01421900,03-18,94.0,151.0,204.0,339,649.0,1330.0,1620.0
01421900,03-19,148.0,157.0,197.0,344,550.0,1060.0,1430.0
01421900,03-20,119.0,160.0,194.0,341,584.0,1170.0,1510.0
01421900,03-21,121.0,160.0,221.0,346,520.0,992.0,1520.0
01421900,03-22,125.0,155.0,223.0,354,559.0,974.0,1540.0
01421900,03-23,143.0,164.0,202.0,332,542.0,1040.0,2050.0
01421900,03-24,128.0,159.0,189.0,308,563.0,1310.0,1410.0
01421900,03-25,136.0,156.0,198.0,316,617.0,1110.0,1520.0
01421900,03-26,150.0,159.0,214.0,416,663.0,1130.0,1310.0
01421900,03-27,139.0,154.0,237.0,432,711.0,1010.0,1860.0
01421900,03-28,136.0,167.0,257.0,464,716.0,1090.0,1710.0
01421900,03-29,153.0,170.0,255.0,456,671.0,1270.0,2020.0
01421900,03-30,143.0,194.0,290.0,444,832.0,1510.0,1740.0
01421900,03-31,134.0,191.0,294.0,421,861.0,1460.0,2380.0
01421900,04-01,142.0,175.0,288.0,464,853.0,1380.0,2480.0
01421900,04-02,161.0,187.0,280.0,497,905.0,1420.0,1590.0
01421900,04-03,155.0,184.0,279.0,540,852.0,1390.0,1750.0
01421900,04-04,151.0,186.0,308.0,507,1020.0,1770.0,2040.0
01421900,04-05,160.0,215.0,301.0,507,973.0,1550.0,2110.0
01421900,04-06,178.0,208.0,281.0,506,988.0,1600.0,1770.0
01421900,04-07,194.0,226.0,284.0,560,955.0,1350.0,1960.0
01421900,04-08,212.0,231.0,270.0,523,865.0,1420.0,1890.0
01421900,04-09,190.0,222.0,262.0,490,714.0,1270.0,2140.0
01421900,04-10,173.0,194.0,278.0,477,696.0,1100.0,1590.0
01421900,04-11,151.0,195.0,264.0,426,592.0,1020.0,1220.0
01421900,04-12,142.0,200.0,252.0,435,618.0,916.0,1140.0
01421900,04-13,155.0,196.0,274.0,440,596.0,911.0,1040.0
01421900,04-14,145.0,187.0,253.0,394,542.0,919.0,1190.0
01421900,04-15,135.0,177.0,238.0,386,572.0,1030.0,1310.0
01421900,04-16,150.0,176.0,222.0,395,551.0,976.0,1680.0
01421900,04-17,139.0,171.0,237.0,376,574.0,983.0,1770.0
01421900,04-18,129.0,160.0,221.0,351,572.0,823.0,1300.0
01421900,04-19,125.0,151.0,234.0,391,521.0,754.0,1020.0
01421900,04-20,118.0,148.0,247.0,350,548.0,931.0,1270.0
01421900,04-21,123.0,153.0,204.0,359,579.0,775.0,1240.0
01421900,04-22,133.0,145.0,214.0,345,525.0,806.0,1080.0
01421900,04-23,119.0,147.0,248.0,348,591.0,867.0,916.0
01421900,04-24,127.0,152.0,244.0,354,514.0,733.0,874.0
01421900,04-25,124.0,156.0,237.0,344,500.0,811.0,1000.0
01421900,04-26,126.0,200.0,247.0,356,525.0,744.0,783.0
01421900,04-27,146.0,187.0,233.0,363,534.0,661.0,859.0
01421900,04-28,145.0,171.0,230.0,334,517.0,642.0,800.0
01421900,04-29,153.0,163.0,215.0,290,440.0,615.0,682.0
01421900,04-30,137.0,149.0,208.0,277,443.0,594.0,757.0
01421900,05-01,119.0,150.0,189.0,268,388.0,772.0,1070.0
01421900,05-02,116.0,139.0,189.0,248,375.0,623.0,881.0
01421900,05-03,105.0,130.0,174.0,242,481.0,576.0,701.0
01421900,05-04,96.0,132.0,164.0,237,453.0,570.0,616.0
01421900,05-05,92.0,130.0,150.0,220,372.0,532.0,684.0
01421900,05-06,91.0,114.0,148.0,212,383.0,537.0,616.0
01421900,05-07,83.0,113.0,136.0,191,344.0,519.0,653.0
01421900,05-08,96.0,108.0,136.0,218,320.0,462.0,661.0
01421900,05-09,85.0,106.0,136.0,206,319.0,455.0,690.0
01421900,05-10,90.0,102.0,134.0,188,315.0,540.0,670.0
01421900,05-11,87.0,102.0,137.0,194,305.0,528.0,840.0
01421900,05-12,78.0,92.0,135.0,210,353.0,582.0,752.0
01421900,05-13,76.0,89.0,122.0,182,392.0,568.0,751.0
01421900,05-14,73.0,85.0,128.0,183,340.0,600.0,1020.0
01421900,05-15,67.0,78.0,130.0,203,404.0,768.0,853.0
01421900,05-16,68.0,83.0,124.0,188,416.0,624.0,677.0
01421900,05-17,66.0,80.0,123.0,196,367.0,566.0,723.0
01421900,05-18,62.0,75.0,116.0,185,351.0,562.0,688.0
01421900,05-19,60.0,74.0,111.0,198,358.0,536.0,669.0
01421900,05-20,57.0,73.0,101.0,194,427.0,713.0,820.0
01421900,05-21,54.0,72.0,98.0,200,350.0,560.0,916.0
01421900,05-22,60.0,68.0,94.0,182,329.0,540.0,952.0
01421900,05-23,59.0,73.0,110.0,198,326.0,549.0,779.0
01421900,05-24,65.0,78.0,104.0,200,300.0,518.0,900.0
01421900,05-25,58.0,70.0,101.0,180,335.0,545.0,747.0
01421900,05-26,52.0,65.0,94.0,171,281.0,561.0,730.0
01421900,05-27,47.0,61.0,93.0,169,256.0,495.0,671.0
01421900,05-28,49.0,57.0,90.0,160,236.0,400.0,546.0
01421900,05-29,50.0,54.0,95.0,155,244.0,438.0,856.0
01421900,05-30,49.0,51.0,89.0,150,235.0,386.0,779.0
01421900,05-31,43.0,49.0,80.0,135,217.0,352.0,875.0
01421900,06-01,47.0,52.0,79.0,127,248.0,425.0,694.0
01421900,06-02,45.0,49.0,84.0,123,226.0,455.0,593.0
01421900,06-03,42.0,52.0,77.0,126,216.0,504.0,719.0
01421900,06-04,40.0,48.0,70.0,115,224.0,386.0,493.0
01421900,06-05,39.0,46.0,73.0,111,190.0,354.0,440.0
01421900,06-06,42.0,47.0,69.0,109,259.0,391.0,560.0
01421900,06-07,40.0,47.0,65.0,97,218.0,439.0,688.0
01421900,06-08,40.0,46.0,63.0,90,202.0,405.0,515.0
01421900,06-09,38.0,42.0,64.0,89,193.0,424.0,590.0
01421900,06-10,32.0,39.0,61.0,100,204.0,353.0,550.0
01421900,06-11,30.0,37.0,58.0,92,193.0,422.0,595.0
01421900,06-12,29.0,37.0,59.0,91,195.0,463.0,641.0
01421900,06-13,29.0,34.0,57.0,99,232.0,463.0,618.0
01421900,06-14,31.0,37.0,57.0,113,275.0,540.0,798.0
01421900,06-15,31.0,37.0,54.0,112,256.0,434.0,908.0
01421900,06-16,32.0,35.0,49.0,98,236.0,404.0,492.0
01421900,06-17,30.0,36.0,48.0,114,193.0,374.0,475.0
01421900,06-18,30.0,34.0,46.0,105,244.0,361.0,474.0
01421900,06-19,27.0,33.0,46.0,92,203.0,344.0,396.0
01421900,06-20,26.0,31.0,45.0,92,171.0,349.0,443.0
01421900,06-21,24.0,29.0,44.0,82,189.0,295.0,437.0
01421900,06-22,23.0,27.0,44.0,78,166.0,381.0,675.0
01421900,06-23,23.0,27.0,41.0,73,201.0,353.0,433.0
01421900,06-24,23.0,29.0,46.0,70,161.0,286.0,341.0
01421900,06-25,22.0,28.0,48.0,70,178.0,285.0,431.0
01421900,06-26,22.0,26.0,42.0,83,173.0,309.0,618.0
01421900,06-27,20.0,25.0,44.0,68,159.0,342.0,500.0
01421900,06-28,19.0,25.0,42.0,85,167.0,348.0,576.0
01421900,06-29,18.0,28.0,41.0,87,148.0,342.0,482.0
01421900,06-30,19.0,25.0,44.0,68,132.0,314.0,497.0
01421900,07-01,18.0,25.0,39.0,73,155.0,289.0,493.0
01421900,07-02,20.0,24.0,36.0,66,159.0,261.0,332.0
01421900,07-03,19.0,22.0,34.0,60,141.0,266.0,468.0
01421900,07-04,19.0,22.0,38.0,66,150.0,292.0,393.0
01421900,07-05,18.0,22.0,36.0,69,130.0,230.0,348.0
01421900,07-06,18.0,22.0,33.0,64,121.0,222.0,250.0
01421900,07-07,17.0,22.0,33.0,56,108.0,215.0,271.0
01421900,07-08,18.0,20.0,31.0,52,107.0,227.0,437.0
01421900,07-09,18.0,20.0,29.0,57,129.0,191.0,278.0
01421900,07-10,17.0,21.0,31.0,61,113.0,189.0,473.0
01421900,07-11,16.0,19.0,30.0,60,117.0,218.0,288.0
01421900,07-12,15.0,18.0,28.0,58,124.0,255.0,343.0
01421900,07-13,15.0,19.0,29.0,50,98.0,178.0,288.0
01421900,07-14,14.0,20.0,28.0,54,108.0,189.0,258.0
01421900,07-15,15.0,18.0,29.0,52,106.0,167.0,214.0
01421900,07-16,15.0,17.0,28.0,48,90.0,186.0,227.0
01421900,07-17,14.0,16.0,26.0,48,87.0,146.0,223.0
01421900,07-18,13.0,16.0,25.0,47,106.0,139.0,201.0
01421900,07-19,13.0,17.0,23.0,47,89.0,155.0,317.0
01421900,07-20,14.0,18.0,24.0,49,88.0,171.0,283.0
01421900,07-21,13.0,16.0,24.0,56,94.0,187.0,281.0
01421900,07-22,12.0,15.0,24.0,51,84.0,239.0,426.0
01421900,07-23,14.0,16.0,31.0,48,128.0,238.0,422.0
01421900,07-24,13.0,16.0,28.0,50,124.0,186.0,290.0
01421900,07-25,13.0,17.0,23.0,45,93.0,216.0,272.0
01421900,07-26,12.0,16.0,23.0,46,86.0,216.0,399.0
01421900,07-27,13.0,15.0,20.0,46,95.0,194.0,364.0
01421900,07-28,13.0,14.0,22.0,43,99.0,229.0,379.0
01421900,07-29,13.0,16.0,24.0,46,86.0,252.0,461.0
01421900,07-30,13.0,16.0,23.0,46,82.0,230.0,349.0
01421900,07-31,13.0,15.0,23.0,42,96.0,193.0,281.0
01421900,08-01,11.0,14.0,21.0,41,82.0,200.0,268.0
01421900,08-02,12.0,15.0,20.0,42,68.0,194.0,272.0
01421900,08-03,12.0,14.0,20.0,36,71.0,155.0,199.0
01421900,08-04,11.0,14.0,21.0,38,77.0,157.0,336.0
01421900,08-05,11.0,13.0,21.0,40,72.0,141.0,301.0
01421900,08-06,11.0,13.0,23.0,37,74.0,132.0,243.0
01421900,08-07,12.0,13.0,22.0,39,77.0,167.0,208.0
01421900,08-08,12.0,12.0,20.0,36,77.0,155.0,198.0
01421900,08-09,11.0,12.0,19.0,36,76.0,150.0,348.0
01421900,08-10,11.0,13.0,20.0,40,79.0,238.0,308.0
01421900,08-11,9.8,12.0,19.0,40,83.0,212.0,284.0
01421900,08-12,11.0,12.0,18.0,35,82.0,177.0,491.0
01421900,08-13,10.0,12.0,19.0,39,85.0,313.0,495.0
01421900,08-14,10.0,13.0,19.0,38,79.0,262.0,466.0
01421900,08-15,9.6,12.0,21.0,37,92.0,201.0,263.0
01421900,08-16,8.9,11.0,18.0,40,83.0,203.0,292.0
01421900,08-17,9.2,12.0,20.0,42,82.0,191.0,203.0
01421900,08-18,9.3,11.0,18.0,39,72.0,165.0,501.0
01421900,08-19,9.9,11.0,16.0,36,91.0,172.0,263.0
01421900,08-20,9.7,11.0,17.0,36,87.0,179.0,205.0
01421900,08-21,9.6,11.0,17.0,34,78.0,185.0,454.0
01421900,08-22,9.6,10.0,19.0,36,75.0,152.0,415.0
01421900,08-23,8.8,11.0,17.0,32,64.0,196.0,385.0
01421900,08-24,8.4,12.0,19.0,35,60.0,161.0,287.0
01421900,08-25,8.6,11.0,19.0,32,66.0,174.0,279.0
01421900,08-26,7.9,11.0,17.0,32,65.0,166.0,260.0
01421900,08-27,7.2,10.0,15.0,29,75.0,190.0,244.0
01421900,08-28,8.1,11.0,16.0,29,74.0,201.0,357.0
01421900,08-29,9.2,12.0,16.0,28,67.0,167.0,441.0
01421900,08-30,8.6,12.0,16.0,27,72.0,189.0,374.0
01421900,08-31,8.6,13.0,18.0,31,92.0,189.0,284.0
01421900,09-01,9.4,13.0,17.0,32,91.0,223.0,388.0
01421900,09-02,8.7,13.0,17.0,28,101.0,236.0,439.0
01421900,09-03,10.0,13.0,16.0,30,85.0,183.0,311.0
01421900,09-04,11.0,13.0,17.0,29,68.0,151.0,317.0
01421900,09-05,10.0,12.0,16.0,27,62.0,140.0,793.0
01421900,09-06,9.6,12.0,17.0,26,55.0,180.0,455.0
01421900,09-07,8.7,12.0,18.0,27,65.0,150.0,394.0
01421900,09-08,8.4,12.0,16.0,32,68.0,129.0,269.0
01421900,09-09,7.9,11.0,18.0,35,56.0,125.0,275.0
01421900,09-10,7.7,11.0,17.0,34,64.0,159.0,212.0
01421900,09-11,7.3,10.0,17.0,33,78.0,181.0,245.0
01421900,09-12,7.2,10.0,16.0,34,79.0,154.0,353.0
01421900,09-13,8.5,11.0,16.0,32,85.0,182.0,304.0
01421900,09-14,9.7,11.0,17.0,32,81.0,133.0,327.0
01421900,09-15,9.7,10.0,16.0,33,83.0,209.0,344.0
01421900,09-16,9.3,10.0,16.0,34,101.0,178.0,326.0
01421900,09-17,9.0,10.0,15.0,35,80.0,192.0,347.0
01421900,09-18,8.7,11.0,14.0,34,91.0,213.0,490.0
01421900,09-19,8.4,10.0,14.0,34,109.0,277.0,358.0
01421900,09-20,8.1,10.0,16.0,32,88.0,267.0,660.0
01421900,09-21,9.3,11.0,16.0,31,71.0,217.0,618.0
01421900,09-22,8.6,10.0,16.0,34,72.0,203.0,616.0
01421900,09-23,7.7,9.3,16.0,32,91.0,406.0,509.0
01421900,09-24,7.6,12.0,15.0,30,78.0,324.0,1080.0
01421900,09-25,7.6,11.0,16.0,33,98.0,263.0,617.0
01421900,09-26,8.9,10.0,18.0,32,81.0,287.0,499.0
01421900,09-27,9.8,11.0,18.0,41,91.0,233.0,397.0
01421900,09-28,9.8,12.0,17.0,39,125.0,404.0,805.0
01421900,09-29,10.0,12.0,16.0,34,128.0,343.0,551.0
01421900,09-30,9.8,12.0,18.0,41,142.0,391.0,495.0
01421900,10-01,11.0,11.0,18.0,47,154.0,336.0,424.0
01421900,10-02,10.0,12.0,18.0,45,105.0,327.0,581.0
01421900,10-03,9.7,11.0,18.0,45,90.0,310.0,415.0
01421900,10-04,9.3,13.0,17.0,42,84.0,309.0,415.0
01421900,10-05,8.9,14.0,18.0,41,93.0,281.0,427.0
01421900,10-06,8.8,14.0,19.0,43,121.0,244.0,286.0
01421900,10-07,9.0,13.0,19.0,42,132.0,244.0,320.0
01421900,10-08,12.0,14.0,22.0,62,134.0,239.0,275.0
01421900,10-09,13.0,14.0,25.0,56,124.0,212.0,381.0
01421900,10-10,12.0,13.0,22.0,51,116.0,174.0,257.0
01421900,10-11,12.0,13.0,22.0,49,112.0,189.0,284.0
01421900,10-12,12.0,13.0,23.0,48,108.0,218.0,405.0
01421900,10-13,12.0,13.0,21.0,51,116.0,186.0,222.0
01421900,10-14,12.0,12.0,21.0,51,112.0,182.0,311.0
01421900,10-15,12.0,13.0,21.0,54,107.0,297.0,499.0
01421900,10-16,11.0,13.0,25.0,57,113.0,324.0,473.0
01421900,10-17,11.0,14.0,25.0,57,118.0,396.0,987.0
01421900,10-18,11.0,15.0,29.0,55,126.0,312.0,529.0
01421900,10-19,11.0,15.0,27.0,55,126.0,305.0,396.0
01421900,10-20,12.0,17.0,26.0,66,164.0,297.0,508.0
01421900,10-21,12.0,15.0,25.0,72,144.0,256.0,325.0
01421900,10-22,11.0,15.0,26.0,60,132.0,253.0,286.0
01421900,10-23,10.0,15.0,24.0,76,162.0,245.0,370.0
01421900,10-24,10.0,16.0,24.0,77,187.0,298.0,481.0
01421900,10-25,11.0,15.0,27.0,79,182.0,370.0,536.0
01421900,10-26,11.0,15.0,30.0,79,233.0,442.0,693.0
01421900,10-27,11.0,16.0,27.0,90,259.0,583.0,664.0
01421900,10-28,11.0,17.0,33.0,87,266.0,638.0,1080.0
01421900,10-29,11.0,16.0,29.0,85,271.0,846.0,1070.0
01421900,10-30,14.0,17.0,33.0,110,299.0,743.0,1290.0
01421900,10-31,13.0,17.0,44.0,128,290.0,602.0,673.0
01421900,11-01,13.0,17.0,43.0,122,333.0,542.0,592.0
01421900,11-02,12.0,17.0,44.0,132,330.0,501.0,579.0
01421900,11-03,13.0,16.0,51.0,147,327.0,636.0,952.0
01421900,11-04,13.0,18.0,52.0,127,299.0,588.0,719.0
01421900,11-05,14.0,19.0,53.0,130,283.0,500.0,625.0
01421900,11-06,13.0,19.0,56.0,159,286.0,485.0,625.0
01421900,11-07,14.0,22.0,60.0,162,293.0,464.0,629.0
01421900,11-08,14.0,27.0,69.0,160,273.0,447.0,594.0
01421900,11-09,14.0,32.0,71.0,155,266.0,465.0,952.0
01421900,11-10,14.0,32.0,69.0,146,273.0,440.0,733.0
01421900,11-11,15.0,29.0,78.0,151,290.0,492.0,722.0
01421900,11-12,15.0,31.0,91.0,170,282.0,467.0,551.0
01421900,11-13,15.0,28.0,77.0,163,274.0,406.0,568.0
01421900,11-14,15.0,27.0,83.0,153,267.0,434.0,493.0
01421900,11-15,15.0,31.0,89.0,148,281.0,394.0,582.0
01421900,11-16,15.0,38.0,99.0,177,297.0,501.0,651.0
01421900,11-17,15.0,37.0,97.0,161,294.0,523.0,602.0
01421900,11-18,15.0,35.0,94.0,168,291.0,491.0,647.0
01421900,11-19,14.0,33.0,95.0,160,316.0,460.0,578.0
01421900,11-20,14.0,33.0,95.0,181,320.0,633.0,743.0
01421900,11-21,22.0,46.0,92.0,187,312.0,525.0,620.0
01421900,11-22,32.0,46.0,106.0,193,301.0,530.0,765.0
01421900,11-23,30.0,46.0,105.0,198,329.0,531.0,744.0
01421900,11-24,29.0,68.0,116.0,195,340.0,511.0,596.0
01421900,11-25,28.0,66.0,122.0,218,364.0,504.0,734.0
01421900,11-26,30.0,65.0,131.0,212,358.0,459.0,594.0
01421900,11-27,39.0,82.0,135.0,237,345.0,594.0,1190.0
01421900,11-28,40.0,77.0,123.0,246,372.0,631.0,897.0
01421900,11-29,35.0,72.0,129.0,220,377.0,709.0,1020.0
01421900,11-30,33.0,75.0,126.0,218,363.0,605.0,702.0
01421900,12-01,37.0,71.0,128.0,236,371.0,567.0,815.0
01421900,12-02,37.0,64.0,113.0,211,329.0,645.0,860.0
01421900,12-03,39.0,63.0,109.0,226,360.0,589.0,648.0
01421900,12-04,34.0,60.0,104.0,235,368.0,514.0,567.0
01421900,12-05,39.0,63.0,108.0,224,348.0,459.0,787.0
01421900,12-06,36.0,64.0,127.0,217,334.0,389.0,706.0
01421900,12-07,28.0,75.0,136.0,210,305.0,592.0,923.0
01421900,12-08,26.0,76.0,134.0,216,298.0,524.0,894.0
01421900,12-09,31.0,70.0,140.0,219,272.0,499.0,618.0
01421900,12-10,27.0,70.0,131.0,208,309.0,591.0,856.0
01421900,12-11,24.0,76.0,128.0,217,372.0,1100.0,1320.0
01421900,12-12,36.0,84.0,132.0,208,483.0,785.0,1620.0
01421900,12-13,37.0,90.0,149.0,205,507.0,914.0,1050.0
01421900,12-14,71.0,80.0,135.0,201,374.0,657.0,738.0
01421900,12-15,47.0,81.0,121.0,214,417.0,582.0,711.0
01421900,12-16,44.0,75.0,130.0,210,370.0,497.0,674.0
01421900,12-17,46.0,73.0,134.0,198,339.0,615.0,833.0
01421900,12-18,60.0,86.0,134.0,208,407.0,711.0,1070.0
01421900,12-19,55.0,97.0,124.0,200,360.0,686.0,909.0
01421900,12-20,45.0,78.0,122.0,219,364.0,630.0,751.0
01421900,12-21,41.0,84.0,116.0,227,400.0,841.0,1030.0
01421900,12-22,63.0,85.0,116.0,223,350.0,678.0,945.0
01421900,12-23,66.0,77.0,120.0,199,362.0,687.0,759.0
01421900,12-24,79.0,90.0,116.0,205,461.0,766.0,1120.0
01421900,12-25,66.0,84.0,128.0,208,400.0,814.0,1290.0
01421900,12-26,76.0,86.0,135.0,220,370.0,604.0,793.0
01421900,12-27,64.0,85.0,135.0,208,376.0,634.0,904.0
01421900,12-28,56.0,98.0,140.0,222,384.0,694.0,835.0
01421900,12-29,52.0,79.0,133.0,253,505.0,677.0,983.0
01421900,12-30,54.0,74.0,124.0,243,505.0,800.0,1440.0
01421900,12-31,50.0,66.0,120.0,221,435.0,651.0,815.0
01421500,01-01,,,,687,,,
01421500,01-02,,,,653,,,
01421500,01-03,,,,669,,,
01421500,01-04,,,,742,,,
01421500,01-05,,,,777,,,
01421500,01-06,,,,799,,,
01421500,01-07,,,,848,,,
01421500,01-08,,,,893,,,
01421500,01-09,,,,957,,,
01421500,01-10,,,,1270,,,
01421500,01-11,,,,1530,,,
01421500,01-12,,,,1490,,,
01421500,01-13,,,,1320,,,
01421500,01-14,,,,1260,,,
01421500,01-15,,,,1440,,,
01421500,01-16,,,,1270,,,
01421500,01-17,,,,916,,,
01421500,01-18,,,,765,,,
01421500,01-19,,,,656,,,
01421500,01-20,,,,564,,,
01421500,01-21,,,,503,,,
01421500,01-22,,,,487,,,
01421500,01-23,,,,488,,,
01421500,01-24,,,,498,,,
01421500,01-25,,,,500,,,
01421500,01-26,,,,478,,,
01421500,01-27,,,,476,,,
01421500,01-28,,,,476,,,
01421500,01-29,,,,517,,,
01421500,01-30,,,,585,,,
01421500,01-31,,,,630,,,
01421500,02-01,,,,648,,,
01421500,02-02,,,,655,,,
01421500,02-03,,,,641,,,
01421500,02-04,,,,627,,,
01421500,02-05,,,,629,,,
01421500,02-06,,,,613,,,
01421500,02-07,,,,621,,,
01421500,02-08,,,,605,,,
01421500,02-09,,,,571,,,
01421500,02-10,,,,570,,,
01421500,02-11,,,,570,,,
01421500,02-12,,,,561,,,
01421500,02-13,,,,549,,,
01421500,02-14,,,,550,,,
01421500,02-15,,,,549,,,
01421500,02-16,,,,563,,,
01421500,02-17,,,,578,,,
01421500,02-18,,,,596,,,
01421500,02-19,,,,670,,,
01421500,02-20,,,,719,,,
01421500,02-21,,,,762,,,
01421500,02-22,,,,773,,,
01421500,02-23,,,,743,,,
01421500,02-24,,,,633,,,
01421500,02-25,,,,573,,,
01421500,02-26,,,,604,,,
01421500,02-27,,,,650,,,
01421500,02-28,,,,669,,,
01421500,03-01,,,,725,,,
01421500,03-02,,,,678,,,
01421500,03-03,,,,578,,,
01421500,03-04,,,,623,,,
01421500,03-05,,,,1390,,,
01421500,03-06,,,,2440,,,
01421500,03-07,,,,2410,,,
01421500,03-08,,,,4530,,,
01421500,03-09,,,,6450,,,
01421500,03-10,,,,6010,,,
01421500,03-11,,,,7510,,,
01421500,03-12,,,,8110,,,
01421500,03-13,,,,4660,,,
01421500,03-14,,,,3330,,,
01421500,03-15,,,,2420,,,
01421500,03-16,,,,2510,,,
01421500,03-17,,,,6670,,,
01421500,03-18,,,,4020,,,
01421500,03-19,,,,2950,,,
01421500,03-20,,,,2420,,,
01421500,03-21,,,,3040,,,
01421500,03-22,,,,2540,,,
01421500,03-23,,,,3620,,,
01421500,03-24,,,,3090,,,
01421500,03-25,,,,2620,,,
01421500,03-26,,,,2270,,,
01421500,03-27,,,,2370,,,
01421500,03-28,,,,2130,,,
01421500,03-29,,,,1900,,,
01421500,03-30,,,,1860,,,
01421500,03-31,,,,1920,,,
01421500,04-01,,,,3630,,,
01421500,04-02,,,,4190,,,
01421500,04-03,,,,2450,,,
01421500,04-04,,,,2250,,,
01421500,04-05,,,,2060,,,
01421500,04-06,,,,2120,,,
01421500,04-07,,,,1900,,,
01421500,04-08,,,,1740,,,
01421500,04-09,,,,1610,,,
01421500,04-10,,,,1410,,,
01421500,04-11,,,,1300,,,
01421500,04-12,,,,1170,,,
01421500,04-13,,,,1390,,,
01421500,04-14,,,,1310,,,
01421500,04-15,,,,1250,,,
01421500,04-16,,,,1360,,,
01421500,04-17,,,,1240,,,
01421500,04-18,,,,1110,,,
01421500,04-19,,,,1080,,,
01421500,04-20,,,,1210,,,
01421500,04-21,,,,1170,,,
01421500,04-22,,,,1080,,,
01421500,04-23,,,,994,,,
01421500,04-24,,,,912,,,
01421500,04-25,,,,888,,,
01421500,04-26,,,,1660,,,
01421500,04-27,,,,2020,,,
01421500,04-28,,,,1610,,,
01421500,04-29,,,,1440,,,
01421500,04-30,,,,1630,,,
01421500,05-01,,,,1480,,,
01421500,05-02,,,,1370,,,
01421500,05-03,,,,1270,,,
01421500,05-04,,,,1340,,,
01421500,05-05,,,,2830,,,
01421500,05-06,,,,2760,,,
01421500,05-07,,,,3930,,,
01421500,05-08,,,,2640,,,
01421500,05-09,,,,3810,,,
01421500,05-10,,,,6940,,,
01421500,05-11,,,,5270,,,
01421500,05-12,,,,3930,,,
01421500,05-13,,,,3170,,,
01421500,05-14,,,,3080,,,
01421500,05-15,,,,2830,,,
01421500,05-16,,,,2540,,,
01421500,05-17,,,,2290,,,
01421500,05-18,,,,2060,,,
01421500,05-19,,,,1810,,,
01421500,05-20,,,,1530,,,
01421500,05-21,,,,1420,,,
01421500,05-22,,,,1320,,,
01421500,05-23,,,,1380,,,
01421500,05-24,,,,1550,,,
01421500,05-25,,,,1420,,,
01421500,05-26,,,,1270,,,
01421500,05-27,,,,1030,,,
01421500,05-28,,,,863,,,
01421500,05-29,,,,805,,,
01421500,05-30,,,,764,,,
01421500,05-31,,,,1870,,,
01421500,06-01,,,,2750,,,
01421500,06-02,,,,2280,,,
01421500,06-03,,,,1860,,,
01421500,06-04,,,,1510,,,
01421500,06-05,,,,1280,,,
01421500,06-06,,,,1160,,,
01421500,06-07,,,,1240,,,
01421500,06-08,,,,1960,,,
01421500,06-09,,,,1700,,,
01421500,06-10,,,,1680,,,
01421500,06-11,,,,1590,,,
01421500,06-12,,,,1490,,,
01421500,06-13,,,,1370,,,
01421500,06-14,,,,1310,,,
01421500,06-15,,,,1210,,,
01421500,06-16,,,,1030,,,
01421500,06-17,,,,983,,,
01421500,06-18,,,,1270,,,
01421500,06-19,,,,2010,,,
01421500,06-20,,,,1540,,,
01421500,06-21,,,,1260,,,
01421500,06-22,,,,3080,,,
01421500,06-23,,,,3240,,,
01421500,06-24,,,,2250,,,
01421500,06-25,,,,1760,,,
01421500,06-26,,,,1470,,,
01421500,06-27,,,,1370,,,
01421500,06-28,,,,1250,,,
01421500,06-29,,,,1120,,,
01421500,06-30,,,,1010,,,
01421500,07-01,,,,972,,,
01421500,07-02,,,,990,,,
01421500,07-03,,,,904,,,
01421500,07-04,,,,930,,,
01421500,07-05,,,,820,,,
01421500,07-06,,,,649,,,
01421500,07-07,,,,580,,,
01421500,07-08,,,,562,,,
01421500,07-09,,,,561,,,
01421500,07-10,,,,549,,,
01421500,07-11,,,,509,,,
01421500,07-12,,,,538,,,
01421500,07-13,,,,552,,,
01421500,07-14,,,,2850,,,
01421500,07-15,,,,2530,,,
01421500,07-16,,,,1390,,,
01421500,07-17,,,,1030,,,
01421500,07-18,,,,842,,,
01421500,07-19,,,,717,,,
01421500,07-20,,,,656,,,
01421500,07-21,,,,603,,,
01421500,07-22,,,,549,,,
01421500,07-23,,,,510,,,
01421500,07-24,,,,486,,,
01421500,07-25,,,,482,,,
01421500,07-26,,,,472,,,
01421500,07-27,,,,500,,,
01421500,07-28,,,,518,,,
01421500,07-29,,,,439,,,
01421500,07-30,,,,396,,,
01421500,07-31,,,,435,,,
01421500,08-01,,,,705,,,
01421500,08-02,,,,528,,,
01421500,08-03,,,,429,,,
01421500,08-04,,,,387,,,
01421500,08-05,,,,364,,,
01421500,08-06,,,,348,,,
01421500,08-07,,,,343,,,
01421500,08-08,,,,342,,,
01421500,08-09,,,,340,,,
01421500,08-10,,,,317,,,
01421500,08-11,,,,303,,,
01421500,08-12,,,,294,,,
01421500,08-13,,,,310,,,
01421500,08-14,,,,359,,,
01421500,08-15,,,,312,,,
01421500,08-16,,,,290,,,
01421500,08-17,,,,281,,,
01421500,08-18,,,,271,,,
01421500,08-19,,,,260,,,
01421500,08-20,,,,289,,,
01421500,08-21,,,,352,,,
01421500,08-22,,,,315,,,
01421500,08-23,,,,284,,,
01421500,08-24,,,,274,,,
01421500,08-25,,,,298,,,
01421500,08-26,,,,278,,,
01421500,08-27,,,,263,,,
01421500,08-28,,,,262,,,
01421500,08-29,,,,254,,,
01421500,08-30,,,,246,,,
01421500,08-31,,,,242,,,
01421500,09-01,,,,237,,,
01421500,09-02,,,,226,,,
01421500,09-03,,,,222,,,
01421500,09-04,,,,227,,,
01421500,09-05,,,,286,,,
01421500,09-06,,,,270,,,
01421500,09-07,,,,252,,,
01421500,09-08,,,,253,,,
01421500,09-09,,,,234,,,
01421500,09-10,,,,224,,,
01421500,09-11,,,,219,,,
01421500,09-12,,,,215,,,
01421500,09-13,,,,211,,,
01421500,09-14,,,,210,,,
01421500,09-15,,,,208,,,
01421500,09-16,,,,205,,,
01421500,09-17,,,,193,,,
01421500,09-18,,,,187,,,
01421500,09-19,,,,183,,,
01421500,09-20,,,,179,,,
01421500,09-21,,,,173,,,
01421500,09-22,,,,169,,,
01421500,09-23,,,,170,,,
01421500,09-24,,,,201,,,
01421500,09-25,,,,526,,,
01421500,09-26,,,,1480,,,
01421500,09-27,,,,705,,,
01421500,09-28,,,,503,,,
01421500,09-29,,,,423,,,
01421500,09-30,,,,376,,,
01421500,10-01,,,,342,,,
01421500,10-02,,,,284,,,
01421500,10-03,,,,266,,,
01421500,10-04,,,,259,,,
01421500,10-05,,,,253,,,
01421500,10-06,,,,245,,,
01421500,10-07,,,,240,,,
01421500,10-08,,,,518,,,
01421500,10-09,,,,630,,,
01421500,10-10,,,,453,,,
01421500,10-11,,,,392,,,
01421500,10-12,,,,368,,,
01421500,10-13,,,,361,,,
01421500,10-14,,,,409,,,
01421500,10-15,,,,441,,,
01421500,10-16,,,,388,,,
01421500,10-17,,,,356,,,
01421500,10-18,,,,341,,,
01421500,10-19,,,,333,,,
01421500,10-20,,,,378,,,
01421500,10-21,,,,614,,,
01421500,10-22,,,,587,,,
01421500,10-23,,,,522,,,
01421500,10-24,,,,485,,,
01421500,10-25,,,,457,,,
01421500,10-26,,,,441,,,
01421500,10-27,,,,420,,,
01421500,10-28,,,,404,,,
01421500,10-29,,,,391,,,
01421500,10-30,,,,461,,,
01421500,10-31,,,,1250,,,
01421500,11-01,,,,1190,,,
01421500,11-02,,,,937,,,
01421500,11-03,,,,828,,,
01421500,11-04,,,,791,,,
01421500,11-05,,,,742,,,
01421500,11-06,,,,784,,,
01421500,11-07,,,,766,,,
01421500,11-08,,,,728,,,
01421500,11-09,,,,769,,,
01421500,11-10,,,,1740,,,
01421500,11-11,,,,1630,,,
01421500,11-12,,,,1290,,,
01421500,11-13,,,,1160,,,
01421500,11-14,,,,1120,,,
01421500,11-15,,,,1040,,,
01421500,11-16,,,,1470,,,
01421500,11-17,,,,1640,,,
01421500,11-18,,,,1390,,,
01421500,11-19,,,,1250,,,
01421500,11-20,,,,1150,,,
01421500,11-21,,,,1060,,,
01421500,11-22,,,,1010,,,
01421500,11-23,,,,950,,,
01421500,11-24,,,,885,,,
01421500,11-25,,,,822,,,
01421500,11-26,,,,923,,,
01421500,11-27,,,,1010,,,
01421500,11-28,,,,929,,,
01421500,11-29,,,,863,,,
01421500,11-30,,,,804,,,
01421500,12-01,,,,781,,,
01421500,12-02,,,,767,,,
01421500,12-03,,,,778,,,
01421500,12-04,,,,719,,,
01421500,12-05,,,,618,,,
01421500,12-06,,,,629,,,
01421500,12-07,,,,596,,,
01421500,12-08,,,,520,,,
01421500,12-09,,,,450,,,
01421500,12-10,,,,492,,,
01421500,12-11,,,,567,,,
01421500,12-12,,,,593,,,
01421500,12-13,,,,653,,,
01421500,12-14,,,,666,,,
01421500,12-15,,,,561,,,
01421500,12-16,,,,504,,,
01421500,12-17,,,,513,,,
01421500,12-18,,,,564,,,
01421500,12-19,,,,2040,,,
01421500,12-20,,,,3900,,,
01421500,12-21,,,,2530,,,
01421500,12-22,,,,1970,,,
01421500,12-23,,,,1690,,,
01421500,12-24,,,,1500,,,
01421500,12-25,,,,1300,,,
01421500,12-26,,,,1050,,,
01421500,12-27,,,,886,,,
01421500,12-28,,,,778,,,
01421500,12-29,,,,784,,,
01421500,12-30,,,,884,,,
01421500,12-31,,,,785,,,
