SiteCode,MonthDay,p05,p10,p25,p50,p75,p90,p95
01531500,01-01,1970.0,3000.0,4210.0,8000,15900,28000.0,37900.0
01531500,01-02,1890.0,2960.0,4100.0,8240,18800,29200.0,41200.0
01531500,01-03,1900.0,3000.0,4050.0,8140,17500,27900.0,34900.0
01531500,01-04,1940.0,2930.0,4150.0,8020,16800,25200.0,34900.0
01531500,01-05,1790.0,2840.0,3800.0,8480,16400,25000.0,31900.0
01531500,01-06,2010.0,2800.0,3950.0,9240,16000,25200.0,33900.0
01531500,01-07,2450.0,2780.0,4120.0,8800,16200,24400.0,33500.0
01531500,01-08,2200.0,2740.0,4050.0,8900,15000,22200.0,40400.0
01531500,01-09,2070.0,2590.0,4050.0,8280,13000,26300.0,30600.0
01531500,01-10,2070.0,2540.0,4060.0,7940,12200,25500.0,33500.0
01531500,01-11,1980.0,2440.0,4230.0,7450,13000,22800.0,32500.0
01531500,01-12,1940.0,2540.0,4270.0,7500,12000,24600.0,38200.0
01531500,01-13,1800.0,2640.0,4000.0,7360,14000,26200.0,36000.0
01531500,01-14,1870.0,2360.0,4000.0,6850,13700,26800.0,36900.0
01531500,01-15,1770.0,2220.0,3800.0,6880,13100,23600.0,31600.0
01531500,01-16,1910.0,2320.0,3600.0,7100,13300,22900.0,32100.0
01531500,01-17,1890.0,2540.0,3700.0,6940,13600,23700.0,26400.0
01531500,01-18,1700.0,2300.0,3800.0,6800,12600,19500.0,28800.0
01531500,01-19,1690.0,2040.0,3820.0,6400,12400,21300.0,30900.0
01531500,01-20,1800.0,2000.0,4000.0,6020,12700,20500.0,30400.0
01531500,01-21,1840.0,2310.0,3990.0,6500,11000,23400.0,35500.0
01531500,01-22,1880.0,2560.0,4050.0,6900,10700,23200.0,36600.0
01531500,01-23,1870.0,2670.0,4000.0,6800,13000,23100.0,35400.0
01531500,01-24,1790.0,2580.0,4120.0,6570,12800,26500.0,38600.0
01531500,01-25,1730.0,2640.0,4060.0,6600,14900,32600.0,42600.0
01531500,01-26,1700.0,2640.0,4000.0,7000,16700,28100.0,57700.0
01531500,01-27,1660.0,2540.0,3750.0,7000,16000,36300.0,49100.0
01531500,01-28,1640.0,2340.0,3860.0,6730,15900,32400.0,52500.0
01531500,01-29,1680.0,2260.0,3800.0,6200,14000,27300.0,40500.0
01531500,01-30,1710.0,2180.0,3800.0,6000,14300,23000.0,35000.0
01531500,01-31,1710.0,2070.0,3830.0,6700,14900,26100.0,31500.0
01531500,02-01,1590.0,2070.0,3870.0,6700,12900,22600.0,28200.0
01531500,02-02,1540.0,2060.0,3990.0,6500,14000,22800.0,30000.0
01531500,02-03,1650.0,2000.0,4050.0,6400,14200,24600.0,35000.0
01531500,02-04,1730.0,2080.0,4120.0,6810,12800,24700.0,34500.0
01531500,02-05,1730.0,2100.0,4090.0,6310,13200,21200.0,32500.0
01531500,02-06,1790.0,2410.0,3850.0,7020,12000,18100.0,29100.0
01531500,02-07,1780.0,2600.0,3830.0,6560,11900,19600.0,23700.0
01531500,02-08,1760.0,2670.0,3830.0,6500,11200,17800.0,25000.0
01531500,02-09,1750.0,2840.0,3700.0,6000,10000,18600.0,27600.0
01531500,02-10,1740.0,2700.0,3550.0,6000,10500,17600.0,30700.0
01531500,02-11,1720.0,2600.0,3600.0,5800,11200,25000.0,31900.0
01531500,02-12,1720.0,2680.0,3600.0,6000,10900,20500.0,36200.0
01531500,02-13,1970.0,2740.0,3600.0,5760,11100,21200.0,41100.0
01531500,02-14,2340.0,2670.0,3700.0,5800,11100,25400.0,37100.0
01531500,02-15,2270.0,2600.0,4000.0,6000,12800,25900.0,31800.0
01531500,02-16,2140.0,2500.0,4260.0,6600,12000,26400.0,40600.0
01531500,02-17,2140.0,2720.0,4350.0,7560,13300,25900.0,39000.0
01531500,02-18,2140.0,2680.0,4280.0,7160,13300,26500.0,37200.0
01531500,02-19,2070.0,3020.0,4400.0,7460,13200,24000.0,44400.0
01531500,02-20,2110.0,2840.0,4500.0,8180,15300,30500.0,45200.0
01531500,02-21,2110.0,2800.0,4250.0,8250,14800,31200.0,41700.0
01531500,02-22,2210.0,3000.0,4250.0,8190,17100,33400.0,47200.0
01531500,02-23,2390.0,3200.0,4550.0,8270,20000,37000.0,44900.0
01531500,02-24,2510.0,3100.0,4750.0,8310,23300,34500.0,56400.0
01531500,02-25,2520.0,3100.0,4660.0,8900,23300,42300.0,53900.0
01531500,02-26,2850.0,3300.0,4810.0,9110,20200,43800.0,54600.0
01531500,02-27,2780.0,3240.0,4980.0,9900,21400,38700.0,48500.0
01531500,02-28,2350.0,3240.0,5150.0,10000,21900,40200.0,48100.0
01531500,02-29,1800.0,2090.0,4820.0,9150,17300,30500.0,71700.0
01531500,03-01,2290.0,3140.0,5460.0,12400,19900,40200.0,47200.0
01531500,03-02,2210.0,3180.0,5600.0,12200,19500,36900.0,49100.0
01531500,03-03,2470.0,3180.0,6100.0,10900,19600,35100.0,46700.0
01531500,03-04,2670.0,3600.0,6030.0,11400,20300,35900.0,50900.0
01531500,03-05,3140.0,3840.0,6690.0,11400,22100,48800.0,60900.0
01531500,03-06,3170.0,3690.0,6720.0,11200,24500,50700.0,68300.0
01531500,03-07,3380.0,3860.0,6710.0,11400,28700,46600.0,71900.0
01531500,03-08,3550.0,4600.0,7190.0,13000,28600,54000.0,67600.0
01531500,03-09,3770.0,4700.0,7010.0,13700,26200,54900.0,61800.0
01531500,03-10,3620.0,4580.0,6820.0,13800,25500,47800.0,70200.0
01531500,03-11,3870.0,4680.0,7440.0,13800,26000,48700.0,55900.0
01531500,03-12,4060.0,4920.0,8020.0,14900,31200,45100.0,58900.0
01531500,03-13,4430.0,5350.0,8000.0,16100,30600,49000.0,57000.0
01531500,03-14,4670.0,5540.0,9230.0,17600,30300,45200.0,76000.0
01531500,03-15,4600.0,5250.0,9600.0,17800,32500,44200.0,81400.0
01531500,03-16,4350.0,5490.0,10400.0,18900,30600,48800.0,75300.0
01531500,03-17,4460.0,5720.0,10400.0,18200,31300,56600.0,75300.0
01531500,03-18,4640.0,6700.0,11600.0,19300,31200,63600.0,79400.0
01531500,03-19,4780.0,6170.0,11100.0,17000,32300,50500.0,69500.0
01531500,03-20,5470.0,7610.0,11000.0,17100,29500,44500.0,61600.0
01531500,03-21,5920.0,7750.0,12000.0,18100,28500,45700.0,57900.0
01531500,03-22,6630.0,7360.0,12100.0,19600,32100,44900.0,78100.0
01531500,03-23,6160.0,8360.0,12200.0,17900,32600,50800.0,69600.0
01531500,03-24,6120.0,7970.0,12500.0,19200,30400,51800.0,70500.0
01531500,03-25,7130.0,9160.0,12400.0,20600,30300,53900.0,60400.0
01531500,03-26,7280.0,9080.0,14100.0,20100,32400,53100.0,61800.0
01531500,03-27,7730.0,9530.0,13700.0,21100,35800,56200.0,60900.0
01531500,03-28,7380.0,9800.0,15300.0,23300,37000,58500.0,72300.0
01531500,03-29,8310.0,9770.0,15000.0,23000,34400,60100.0,85200.0
01531500,03-30,7960.0,10300.0,14800.0,22800,36200,58500.0,76100.0
01531500,03-31,7620.0,10600.0,14400.0,22900,38600,59600.0,95900.0
01531500,04-01,7190.0,11000.0,14400.0,22600,36600,64700.0,92500.0
01531500,04-02,7490.0,10700.0,14700.0,23000,38300,59400.0,82000.0
01531500,04-03,8040.0,11100.0,15400.0,24000,40100,65900.0,87900.0
01531500,04-04,8030.0,10000.0,16000.0,25100,40600,69200.0,80700.0
01531500,04-05,8050.0,9460.0,16400.0,24000,42000,70000.0,84400.0
01531500,04-06,8150.0,10000.0,15100.0,25600,42400,66100.0,96400.0
01531500,04-07,8500.0,11000.0,15200.0,24600,42300,69500.0,92900.0
01531500,04-08,8470.0,10800.0,15200.0,24000,38900,60600.0,79300.0
01531500,04-09,8900.0,11300.0,15000.0,22500,35400,58800.0,74900.0
01531500,04-10,8980.0,11700.0,14600.0,20900,35000,50800.0,67400.0
01531500,04-11,8630.0,11000.0,13700.0,20800,33500,51000.0,61900.0
01531500,04-12,8650.0,10100.0,12900.0,20500,31200,49400.0,56800.0
01531500,04-13,8170.0,8940.0,13300.0,23300,34100,44500.0,50800.0
01531500,04-14,7930.0,8620.0,13400.0,21800,33200,42400.0,52400.0
01531500,04-15,7270.0,8150.0,12800.0,21100,30500,47700.0,57400.0
01531500,04-16,6840.0,8560.0,12200.0,19900,30900,46000.0,57200.0
01531500,04-17,6510.0,8060.0,12200.0,19400,28300,50400.0,62200.0
01531500,04-18,6450.0,8070.0,11700.0,18600,27600,47100.0,54300.0
01531500,04-19,6130.0,7770.0,10700.0,16800,27200,44100.0,48100.0
01531500,04-20,6280.0,7630.0,10400.0,16200,26000,39400.0,45600.0
01531500,04-21,5880.0,7480.0,9660.0,16900,25600,38100.0,51500.0
01531500,04-22,5530.0,6980.0,9830.0,15200,25300,36200.0,56700.0
01531500,04-23,5840.0,7100.0,10000.0,15100,25300,40900.0,56000.0
01531500,04-24,5970.0,7570.0,10200.0,14700,24400,39000.0,45800.0
01531500,04-25,5730.0,7470.0,9450.0,14100,24200,38400.0,42900.0
01531500,04-26,5500.0,7110.0,9500.0,13800,22400,33700.0,42000.0
01531500,04-27,6220.0,6860.0,9840.0,14000,21500,30400.0,37200.0
01531500,04-28,5840.0,6990.0,9160.0,13500,21100,27100.0,37500.0
01531500,04-29,5860.0,7000.0,9410.0,12800,19700,28500.0,33600.0
01531500,04-30,5510.0,6730.0,9310.0,12200,17900,26900.0,35300.0
01531500,05-01,5390.0,6410.0,9130.0,12000,17800,29300.0,55800.0
01531500,05-02,5250.0,6240.0,8560.0,11900,16900,25000.0,43900.0
01531500,05-03,5160.0,6100.0,8360.0,12000,17400,25100.0,35800.0
01531500,05-04,5140.0,5820.0,7900.0,11800,16400,25800.0,32200.0
01531500,05-05,5020.0,5770.0,7570.0,11200,17200,26200.0,36600.0
01531500,05-06,4870.0,5410.0,7280.0,11100,18400,30000.0,38100.0
01531500,05-07,4560.0,5020.0,7040.0,10700,17400,29400.0,38400.0
01531500,05-08,4490.0,4860.0,6940.0,10200,17200,26100.0,49500.0
01531500,05-09,4390.0,5060.0,6930.0,9730,17200,32300.0,41400.0
01531500,05-10,4210.0,4880.0,6740.0,10200,18400,32100.0,36800.0
01531500,05-11,4020.0,4560.0,6820.0,10200,17900,30500.0,47300.0
01531500,05-12,4190.0,5040.0,6570.0,10300,17500,32600.0,45900.0
01531500,05-13,3920.0,5280.0,6510.0,10800,18800,32400.0,51000.0
01531500,05-14,3640.0,4620.0,6330.0,10200,18400,31800.0,46700.0
01531500,05-15,3520.0,4310.0,6000.0,9690,17600,32000.0,41000.0
01531500,05-16,3430.0,4150.0,5740.0,9800,17400,26500.0,36400.0
01531500,05-17,3360.0,3990.0,5860.0,10200,17800,26600.0,30600.0
01531500,05-18,3160.0,3920.0,5760.0,9450,16500,24700.0,32500.0
01531500,05-19,3220.0,4000.0,5470.0,9460,16100,21100.0,29400.0
01531500,05-20,3050.0,3790.0,5840.0,9840,15400,22600.0,34100.0
01531500,05-21,3040.0,3580.0,5580.0,10200,16500,26900.0,32900.0
01531500,05-22,2960.0,3470.0,5690.0,8650,16300,29700.0,37400.0
01531500,05-23,2960.0,3450.0,5300.0,8180,15400,25600.0,34100.0
01531500,05-24,2900.0,3720.0,4920.0,8020,15000,26200.0,38700.0
01531500,05-25,2830.0,3670.0,4800.0,7920,14500,22100.0,38300.0
01531500,05-26,3080.0,3390.0,4560.0,8190,12800,22300.0,33300.0
01531500,05-27,3080.0,3310.0,4340.0,7580,12600,20000.0,34800.0
01531500,05-28,2910.0,3140.0,4200.0,7010,12200,20600.0,27800.0
01531500,05-29,2700.0,3110.0,4160.0,7230,11400,19500.0,26900.0
01531500,05-30,2660.0,2990.0,3860.0,6710,11400,17700.0,31200.0
01531500,05-31,2510.0,2920.0,3870.0,6290,10700,15900.0,24900.0
01531500,06-01,2410.0,2780.0,3620.0,5960,10200,17400.0,23700.0
01531500,06-02,2320.0,2830.0,3650.0,5930,10800,16700.0,23800.0
01531500,06-03,2220.0,2630.0,3760.0,5920,10800,17600.0,24300.0
01531500,06-04,2210.0,2540.0,3710.0,5340,9710,18300.0,28600.0
01531500,06-05,2220.0,2580.0,3680.0,5450,9140,16900.0,21300.0
01531500,06-06,2120.0,2480.0,3530.0,5350,8840,17300.0,24500.0
01531500,06-07,2130.0,2350.0,3430.0,4990,9640,16000.0,28500.0
01531500,06-08,2050.0,2350.0,3260.0,4880,9930,16600.0,28200.0
01531500,06-09,1920.0,2390.0,3150.0,5000,8860,15100.0,22100.0
01531500,06-10,1750.0,2350.0,3270.0,5100,9000,14600.0,18800.0
01531500,06-11,1790.0,2170.0,3220.0,4910,8720,13800.0,18700.0
01531500,06-12,1860.0,2170.0,3110.0,5040,8610,13600.0,18500.0
01531500,06-13,1780.0,2180.0,2960.0,4960,8860,16700.0,19400.0
01531500,06-14,1740.0,2100.0,2950.0,4440,8690,14500.0,24400.0
01531500,06-15,1720.0,2030.0,2930.0,4320,8280,17200.0,24400.0
01531500,06-16,1720.0,2050.0,3080.0,4150,8150,16500.0,23500.0
01531500,06-17,1710.0,1920.0,2780.0,4340,8850,16400.0,22100.0
01531500,06-18,1690.0,1920.0,2550.0,4360,8740,15700.0,27500.0
01531500,06-19,1630.0,1930.0,2600.0,4320,8240,16600.0,20100.0
01531500,06-20,1590.0,1820.0,2550.0,4430,7950,14500.0,19800.0
01531500,06-21,1550.0,1740.0,2420.0,3860,7870,14000.0,31400.0
01531500,06-22,1470.0,1720.0,2340.0,3880,7700,16400.0,28600.0
01531500,06-23,1460.0,1710.0,2230.0,3710,7470,17600.0,23400.0
01531500,06-24,1370.0,1600.0,2200.0,3540,6890,14900.0,24900.0
01531500,06-25,1320.0,1560.0,2150.0,3560,6880,13700.0,24200.0
01531500,06-26,1270.0,1490.0,2120.0,3470,6600,14000.0,20200.0
01531500,06-27,1240.0,1460.0,2100.0,3410,6450,12800.0,18500.0
01531500,06-28,1230.0,1440.0,2040.0,3420,6970,12600.0,20900.0
01531500,06-29,1200.0,1430.0,2030.0,3210,6850,13300.0,29000.0
01531500,06-30,1210.0,1500.0,2130.0,3210,6700,13100.0,26700.0
01531500,07-01,1170.0,1480.0,2060.0,3600,7070,19900.0,33600.0
01531500,07-02,1080.0,1450.0,2070.0,3280,6500,17900.0,30700.0
01531500,07-03,1140.0,1430.0,2010.0,3240,6150,14200.0,28100.0
01531500,07-04,1170.0,1410.0,1930.0,3020,5950,11500.0,24200.0
01531500,07-05,1200.0,1420.0,1850.0,3210,5950,12200.0,21000.0
01531500,07-06,1170.0,1360.0,1840.0,3110,6260,12200.0,17700.0
01531500,07-07,1110.0,1340.0,1760.0,3200,5650,9720.0,14000.0
01531500,07-08,1120.0,1280.0,1760.0,3150,5410,10000.0,14100.0
01531500,07-09,1090.0,1230.0,1680.0,2880,5180,10400.0,16800.0
01531500,07-10,1050.0,1200.0,1690.0,2850,5190,10100.0,14400.0
01531500,07-11,1000.0,1190.0,1650.0,2830,4900,10400.0,14100.0
01531500,07-12,929.0,1140.0,1600.0,2780,4720,10500.0,13700.0
01531500,07-13,939.0,1080.0,1620.0,2840,4610,9810.0,14800.0
01531500,07-14,904.0,1040.0,1630.0,2770,4860,8540.0,13900.0
01531500,07-15,906.0,1010.0,1560.0,2840,4540,9240.0,14800.0
01531500,07-16,892.0,1000.0,1470.0,2790,4630,8530.0,13400.0
01531500,07-17,857.0,1030.0,1500.0,2640,4620,8880.0,11900.0
01531500,07-18,876.0,1010.0,1570.0,2510,4510,8280.0,10100.0
01531500,07-19,919.0,977.0,1480.0,2470,4200,7430.0,11500.0
01531500,07-20,875.0,1010.0,1510.0,2340,3810,6970.0,9280.0
01531500,07-21,856.0,942.0,1530.0,2340,3790,7410.0,10100.0
01531500,07-22,802.0,944.0,1470.0,2450,4140,8480.0,10400.0
01531500,07-23,782.0,949.0,1450.0,2570,4820,7600.0,13600.0
01531500,07-24,805.0,893.0,1450.0,2480,4920,11700.0,17100.0
01531500,07-25,797.0,921.0,1410.0,2530,4900,9430.0,16200.0
01531500,07-26,797.0,924.0,1370.0,2360,4710,9770.0,12700.0
01531500,07-27,761.0,918.0,1380.0,2450,4540,8750.0,11500.0
01531500,07-28,754.0,957.0,1380.0,2450,4260,7720.0,11000.0
01531500,07-29,818.0,971.0,1400.0,2320,4140,8030.0,10200.0
01531500,07-30,805.0,941.0,1390.0,2230,3760,7850.0,9160.0
01531500,07-31,758.0,959.0,1390.0,2290,3990,6630.0,9160.0
01531500,08-01,750.0,957.0,1500.0,2260,3870,6160.0,10600.0
01531500,08-02,706.0,922.0,1420.0,2190,4060,6780.0,13900.0
01531500,08-03,702.0,880.0,1470.0,2220,3830,6990.0,12600.0
01531500,08-04,679.0,884.0,1510.0,2110,3690,7520.0,12200.0
01531500,08-05,691.0,944.0,1460.0,2070,4010,5990.0,10900.0
01531500,08-06,733.0,896.0,1380.0,2040,3680,6970.0,9240.0
01531500,08-07,692.0,890.0,1350.0,1960,3560,6720.0,9470.0
01531500,08-08,681.0,855.0,1310.0,2130,3950,6760.0,11800.0
01531500,08-09,694.0,855.0,1260.0,1950,4140,7570.0,12200.0
01531500,08-10,736.0,845.0,1200.0,1930,4000,7730.0,16300.0
01531500,08-11,697.0,926.0,1280.0,1970,3830,8190.0,17700.0
01531500,08-12,684.0,904.0,1220.0,2070,3770,9440.0,13800.0
01531500,08-13,735.0,905.0,1290.0,1980,4030,8200.0,12600.0
01531500,08-14,725.0,884.0,1210.0,2080,4140,8750.0,13100.0
01531500,08-15,780.0,876.0,1190.0,2130,3660,8960.0,13600.0
01531500,08-16,792.0,905.0,1230.0,1970,3570,8100.0,12600.0
01531500,08-17,779.0,883.0,1170.0,2010,3380,7260.0,10700.0
01531500,08-18,738.0,875.0,1140.0,1820,3390,8190.0,12000.0
01531500,08-19,721.0,833.0,1110.0,1810,3480,7120.0,14000.0
01531500,08-20,734.0,789.0,1140.0,1880,3900,6980.0,12300.0
01531500,08-21,697.0,784.0,1130.0,1680,3630,7060.0,12300.0
01531500,08-22,675.0,738.0,1090.0,1760,3700,6640.0,15000.0
01531500,08-23,684.0,708.0,1080.0,1910,3530,5700.0,14400.0
01531500,08-24,655.0,712.0,1050.0,1780,3480,5820.0,16100.0
01531500,08-25,628.0,712.0,1030.0,1790,3170,8150.0,14900.0
01531500,08-26,656.0,695.0,1020.0,1720,3000,7580.0,12500.0
01531500,08-27,626.0,718.0,1040.0,1620,2850,7300.0,11100.0
01531500,08-28,617.0,792.0,1060.0,1600,2910,6830.0,10600.0
01531500,08-29,632.0,823.0,1080.0,1700,2840,8030.0,11000.0
01531500,08-30,611.0,818.0,1070.0,1760,3210,7940.0,11500.0
01531500,08-31,596.0,841.0,1080.0,1740,3190,8040.0,11400.0
01531500,09-01,602.0,788.0,1130.0,1810,4050,7970.0,11400.0
01531500,09-02,603.0,795.0,1130.0,1710,3870,6810.0,10500.0
01531500,09-03,600.0,852.0,1060.0,1640,3890,7220.0,13100.0
01531500,09-04,585.0,812.0,1100.0,1760,3620,6870.0,10900.0
01531500,09-05,578.0,813.0,1130.0,1710,3520,7400.0,11200.0
01531500,09-06,570.0,820.0,1130.0,1690,3080,6560.0,10500.0
01531500,09-07,591.0,848.0,1090.0,1710,2830,6160.0,8700.0
01531500,09-08,598.0,823.0,1120.0,1760,2660,5310.0,8280.0
01531500,09-09,694.0,806.0,1130.0,1710,2600,5690.0,7410.0
01531500,09-10,698.0,810.0,1080.0,1610,2740,5190.0,6940.0
01531500,09-11,668.0,785.0,1040.0,1600,2740,5600.0,8470.0
01531500,09-12,662.0,749.0,1020.0,1680,2870,5790.0,10900.0
01531500,09-13,651.0,751.0,1030.0,1630,3000,7420.0,15400.0
01531500,09-14,635.0,753.0,1020.0,1600,3290,6970.0,14800.0
01531500,09-15,628.0,770.0,1020.0,1580,3610,8790.0,12400.0
01531500,09-16,670.0,775.0,1060.0,1610,3450,8740.0,11100.0
01531500,09-17,674.0,756.0,1050.0,1750,3640,7910.0,12600.0
01531500,09-18,652.0,774.0,1100.0,1860,3370,7860.0,17700.0
01531500,09-19,638.0,774.0,1060.0,1880,3150,8160.0,13400.0
01531500,09-20,642.0,767.0,1110.0,1890,3540,6600.0,11700.0
01531500,09-21,658.0,786.0,1080.0,1770,4100,7180.0,12900.0
01531500,09-22,674.0,826.0,1080.0,1750,3780,6810.0,13000.0
01531500,09-23,643.0,824.0,1150.0,1680,4030,7590.0,10200.0
01531500,09-24,662.0,807.0,1130.0,1840,4380,8060.0,16400.0
01531500,09-25,648.0,828.0,1110.0,1860,4290,7580.0,19500.0
01531500,09-26,626.0,814.0,1080.0,1850,4140,9940.0,15300.0
01531500,09-27,613.0,848.0,1090.0,1870,4120,9770.0,16200.0
01531500,09-28,649.0,847.0,1140.0,1880,4010,10600.0,17300.0
01531500,09-29,677.0,844.0,1230.0,1900,4230,10300.0,22500.0
01531500,09-30,695.0,837.0,1300.0,1850,5010,10600.0,19600.0
01531500,10-01,728.0,842.0,1260.0,1840,5520,11100.0,26400.0
01531500,10-02,759.0,909.0,1220.0,1850,5010,8500.0,22800.0
01531500,10-03,811.0,903.0,1210.0,1780,5310,9240.0,33400.0
01531500,10-04,793.0,933.0,1200.0,1750,4690,9860.0,27000.0
01531500,10-05,803.0,970.0,1160.0,1730,4210,11200.0,18100.0
01531500,10-06,790.0,968.0,1230.0,1900,4120,11900.0,18700.0
01531500,10-07,823.0,946.0,1250.0,2080,4000,13400.0,20600.0
01531500,10-08,860.0,997.0,1180.0,2160,5230,11900.0,17400.0
01531500,10-09,834.0,933.0,1210.0,2040,5940,11500.0,15800.0
01531500,10-10,815.0,946.0,1260.0,2090,5450,9810.0,17300.0
01531500,10-11,792.0,964.0,1340.0,2060,4660,8620.0,14200.0
01531500,10-12,764.0,993.0,1260.0,2180,4610,8320.0,14700.0
01531500,10-13,768.0,945.0,1200.0,2150,4320,8850.0,16800.0
01531500,10-14,759.0,908.0,1170.0,2040,4490,10900.0,15100.0
01531500,10-15,786.0,905.0,1190.0,2190,4630,8790.0,18200.0
01531500,10-16,783.0,902.0,1200.0,2290,4870,10900.0,20000.0
01531500,10-17,731.0,902.0,1260.0,2260,5360,14900.0,17400.0
01531500,10-18,712.0,913.0,1300.0,2480,5030,13400.0,17900.0
01531500,10-19,718.0,924.0,1290.0,2500,5290,12500.0,22000.0
01531500,10-20,721.0,931.0,1340.0,2410,6850,17600.0,28700.0
01531500,10-21,735.0,959.0,1430.0,2700,7430,18700.0,29700.0
01531500,10-22,717.0,934.0,1480.0,2670,7520,15900.0,35200.0
01531500,10-23,751.0,966.0,1450.0,2840,7570,18200.0,27100.0
01531500,10-24,725.0,932.0,1490.0,3120,7460,15200.0,22600.0
01531500,10-25,761.0,957.0,1440.0,3240,8490,13800.0,25900.0
01531500,10-26,789.0,993.0,1520.0,3440,9180,20200.0,27200.0
01531500,10-27,781.0,977.0,1650.0,3790,10200,16900.0,27000.0
01531500,10-28,818.0,978.0,1630.0,3970,10400,20600.0,31900.0
01531500,10-29,831.0,981.0,1670.0,3790,10000,21600.0,39800.0
01531500,10-30,831.0,1030.0,1980.0,4130,9850,21100.0,38800.0
01531500,10-31,829.0,1030.0,2060.0,4510,9110,23700.0,31800.0
01531500,11-01,875.0,1030.0,2040.0,4390,9480,23200.0,36100.0
01531500,11-02,885.0,1110.0,2000.0,4570,9680,21100.0,25500.0
01531500,11-03,879.0,1150.0,2010.0,4850,11300,18800.0,24700.0
01531500,11-04,912.0,1190.0,2130.0,5180,10900,17300.0,28100.0
01531500,11-05,961.0,1210.0,2290.0,5240,11000,16300.0,27500.0
01531500,11-06,1020.0,1200.0,2490.0,5180,9990,17000.0,23900.0
01531500,11-07,1060.0,1250.0,2650.0,4940,10300,15400.0,20900.0
01531500,11-08,1090.0,1360.0,2780.0,5430,9840,16200.0,22400.0
01531500,11-09,1080.0,1440.0,3040.0,5680,10400,17900.0,33300.0
01531500,11-10,1080.0,1490.0,3050.0,5610,10300,18900.0,29300.0
01531500,11-11,1120.0,1460.0,3120.0,5950,9770,21100.0,33700.0
01531500,11-12,1210.0,1540.0,3340.0,6110,9620,19800.0,25500.0
01531500,11-13,1290.0,1720.0,3290.0,6040,12500,20700.0,26400.0
01531500,11-14,1260.0,1610.0,3200.0,5800,11900,21700.0,30500.0
01531500,11-15,1300.0,1650.0,3190.0,5900,11400,21300.0,25600.0
01531500,11-16,1330.0,1830.0,2960.0,6150,12000,21600.0,28700.0
01531500,11-17,1330.0,1840.0,3200.0,6150,12900,24400.0,34400.0
01531500,11-18,1320.0,1880.0,3190.0,6760,14200,22700.0,36600.0
01531500,11-19,1320.0,1830.0,3400.0,6750,14600,24300.0,32100.0
01531500,11-20,1320.0,1790.0,3450.0,6850,15000,21800.0,38000.0
01531500,11-21,1390.0,1950.0,3610.0,7440,14500,19800.0,30100.0
01531500,11-22,1410.0,1900.0,3640.0,7600,14400,20100.0,28500.0
01531500,11-23,1480.0,2080.0,3540.0,7880,14500,19700.0,23100.0
01531500,11-24,1560.0,2170.0,4140.0,8640,13200,18700.0,25200.0
01531500,11-25,1630.0,2200.0,4530.0,8440,12000,19500.0,28600.0
01531500,11-26,1650.0,2390.0,4710.0,8130,12400,19500.0,30100.0
01531500,11-27,1640.0,2560.0,5180.0,8160,12200,24200.0,33200.0
01531500,11-28,1680.0,2630.0,5020.0,8460,13600,26700.0,39500.0
01531500,11-29,1790.0,2830.0,5240.0,8780,14700,26900.0,47200.0
01531500,11-30,1900.0,3090.0,4870.0,9040,15100,23400.0,39300.0
01531500,12-01,1980.0,3140.0,5680.0,9060,15800,24800.0,31600.0
01531500,12-02,2060.0,3050.0,5760.0,8700,15400,28200.0,45200.0
01531500,12-03,2090.0,2950.0,5510.0,8310,13400,34300.0,40300.0
01531500,12-04,2580.0,3110.0,5010.0,8470,15400,28900.0,36800.0
01531500,12-05,2640.0,3170.0,4860.0,8310,15300,25600.0,34100.0
01531500,12-06,2520.0,3090.0,5050.0,8510,14900,27400.0,35100.0
01531500,12-07,2430.0,3300.0,5090.0,8820,16100,23800.0,32000.0
01531500,12-08,2480.0,3590.0,5330.0,8690,14600,25100.0,34500.0
01531500,12-09,2190.0,3690.0,5340.0,8990,14800,22300.0,35600.0
01531500,12-10,2290.0,3610.0,5400.0,9030,14000,23200.0,35200.0
01531500,12-11,2260.0,3460.0,5430.0,9850,14700,25900.0,37800.0
01531500,12-12,2000.0,3380.0,4950.0,9050,14900,26800.0,42600.0
01531500,12-13,1970.0,2920.0,4770.0,8630,15800,29300.0,43000.0
01531500,12-14,1800.0,2940.0,4760.0,8670,14500,29600.0,37800.0
01531500,12-15,1970.0,2990.0,4740.0,9400,15800,27300.0,38700.0
01531500,12-16,1860.0,2820.0,4750.0,9000,15400,24300.0,36100.0
01531500,12-17,2060.0,2780.0,4850.0,8340,14700,21700.0,29100.0
01531500,12-18,1990.0,2580.0,5090.0,8200,14500,22900.0,33200.0
01531500,12-19,1580.0,2560.0,4670.0,8250,15200,25900.0,32500.0
01531500,12-20,1620.0,2510.0,4640.0,8210,14000,24100.0,30900.0
01531500,12-21,1610.0,2440.0,4750.0,8580,14000,22600.0,29200.0
01531500,12-22,1470.0,2720.0,4830.0,8200,15100,20400.0,35700.0
01531500,12-23,1580.0,2760.0,4700.0,8160,13400,22800.0,35400.0
01531500,12-24,1840.0,3110.0,4820.0,7800,13900,27100.0,39600.0
01531500,12-25,1840.0,3240.0,4850.0,8210,14900,26600.0,34600.0
01531500,12-26,1940.0,2990.0,5030.0,8240,14500,23100.0,33800.0
01531500,12-27,2070.0,3040.0,4800.0,8700,15700,24800.0,30000.0
01531500,12-28,1970.0,3000.0,4460.0,7920,16200,21200.0,27500.0
01531500,12-29,1970.0,2880.0,4530.0,7910,15400,22700.0,35000.0
01531500,12-30,2170.0,2930.0,4340.0,7620,15200,24000.0,41400.0
01531500,12-31,2000.0,2900.0,4130.0,7750,16900,27600.0,47400.0
01532000,01-01,36.0,53.0,90.0,177,384,984.0,1250.0
01532000,01-02,37.0,53.0,90.0,192,356,775.0,1040.0
01532000,01-03,47.0,52.0,90.0,180,346,616.0,967.0
01532000,01-04,46.0,54.0,87.0,174,366,618.0,914.0
01532000,01-05,42.0,55.0,82.0,169,339,723.0,965.0
01532000,01-06,45.0,57.0,80.0,164,340,806.0,989.0
01532000,01-07,46.0,54.0,79.0,160,317,621.0,1010.0
01532000,01-08,44.0,53.0,85.0,152,310,593.0,980.0
01532000,01-09,45.0,52.0,90.0,160,275,637.0,1030.0
01532000,01-10,46.0,60.0,88.0,154,270,705.0,1360.0
01532000,01-11,45.0,51.0,96.0,150,300,665.0,1100.0
01532000,01-12,41.0,52.0,94.0,145,301,607.0,904.0
01532000,01-13,39.0,56.0,92.0,140,355,719.0,1340.0
01532000,01-14,40.0,55.0,84.0,130,339,670.0,1070.0
01532000,01-15,42.0,58.0,84.0,160,370,684.0,863.0
01532000,01-16,42.0,57.0,80.0,150,350,647.0,873.0
01532000,01-17,41.0,54.0,83.0,130,300,486.0,698.0
01532000,01-18,40.0,58.0,80.0,128,270,525.0,805.0
01532000,01-19,43.0,59.0,80.0,132,315,578.0,963.0
01532000,01-20,43.0,59.0,77.0,136,282,554.0,936.0
01532000,01-21,42.0,56.0,76.0,140,276,651.0,1030.0
01532000,01-22,46.0,54.0,78.0,150,290,553.0,973.0
01532000,01-23,47.0,56.0,80.0,155,300,691.0,1110.0
01532000,01-24,48.0,52.0,80.0,160,397,773.0,1230.0
01532000,01-25,44.0,54.0,75.0,170,393,819.0,1640.0
01532000,01-26,45.0,54.0,72.0,170,355,806.0,1050.0
01532000,01-27,44.0,50.0,86.0,167,396,717.0,1400.0
01532000,01-28,43.0,48.0,76.0,157,360,735.0,1040.0
01532000,01-29,39.0,49.0,72.0,160,326,523.0,915.0
01532000,01-30,38.0,49.0,72.0,160,301,654.0,938.0
01532000,01-31,36.0,48.0,80.0,160,278,564.0,781.0
01532000,02-01,36.0,48.0,81.0,160,324,686.0,853.0
01532000,02-02,38.0,50.0,82.0,154,319,769.0,1140.0
01532000,02-03,36.0,48.0,84.0,145,304,631.0,1200.0
01532000,02-04,34.0,47.0,77.0,147,289,586.0,1320.0
01532000,02-05,35.0,49.0,73.0,148,283,513.0,997.0
01532000,02-06,37.0,52.0,75.0,139,284,478.0,784.0
01532000,02-07,36.0,52.0,78.0,129,263,566.0,1030.0
01532000,02-08,37.0,49.0,80.0,138,255,523.0,771.0
01532000,02-09,37.0,48.0,80.0,144,236,480.0,732.0
01532000,02-10,39.0,49.0,77.0,134,268,539.0,728.0
01532000,02-11,37.0,48.0,74.0,144,298,534.0,1610.0
01532000,02-12,37.0,48.0,73.0,141,283,693.0,1100.0
01532000,02-13,37.0,56.0,74.0,139,278,697.0,843.0
01532000,02-14,44.0,61.0,93.0,140,267,525.0,937.0
01532000,02-15,44.0,58.0,93.0,148,308,615.0,1390.0
01532000,02-16,44.0,56.0,98.0,158,363,767.0,1430.0
01532000,02-17,48.0,60.0,94.0,164,344,804.0,1050.0
01532000,02-18,53.0,61.0,92.0,167,328,857.0,1440.0
01532000,02-19,51.0,61.0,91.0,161,356,746.0,1180.0
01532000,02-20,51.0,60.0,83.0,161,377,817.0,1630.0
01532000,02-21,50.0,59.0,93.0,164,400,921.0,1450.0
01532000,02-22,49.0,60.0,89.0,172,386,971.0,1390.0
01532000,02-23,52.0,61.0,92.0,203,594,997.0,1410.0
01532000,02-24,50.0,60.0,95.0,204,530,1180.0,1880.0
01532000,02-25,46.0,60.0,97.0,198,508,1100.0,1920.0
01532000,02-26,44.0,66.0,101.0,218,536,1030.0,1750.0
01532000,02-27,42.0,69.0,121.0,248,525,1160.0,1530.0
01532000,02-28,43.0,65.0,121.0,241,524,1020.0,1520.0
01532000,02-29,44.0,58.0,87.0,173,432,782.0,1270.0
01532000,03-01,43.0,66.0,130.0,236,487,1010.0,1740.0
01532000,03-02,47.0,64.0,130.0,230,480,1050.0,1400.0
01532000,03-03,47.0,65.0,130.0,239,585,1150.0,1400.0
01532000,03-04,47.0,75.0,135.0,235,588,1300.0,2060.0
01532000,03-05,51.0,91.0,131.0,251,622,1500.0,2610.0
01532000,03-06,60.0,90.0,140.0,261,678,1580.0,2560.0
01532000,03-07,59.0,94.0,155.0,268,676,1330.0,1780.0
01532000,03-08,70.0,92.0,153.0,332,639,1370.0,2450.0
01532000,03-09,78.0,97.0,145.0,345,563,1760.0,2180.0
01532000,03-10,77.0,101.0,154.0,299,628,1250.0,1950.0
01532000,03-11,73.0,98.0,169.0,321,751,1210.0,1870.0
01532000,03-12,75.0,99.0,170.0,354,695,1430.0,2290.0
01532000,03-13,81.0,102.0,191.0,373,675,1410.0,1800.0
01532000,03-14,79.0,109.0,203.0,409,709,1440.0,2320.0
01532000,03-15,89.0,115.0,218.0,394,790,1330.0,2550.0
01532000,03-16,96.0,125.0,230.0,390,842,1450.0,2000.0
01532000,03-17,98.0,129.0,231.0,386,770,1610.0,1960.0
01532000,03-18,104.0,136.0,235.0,375,714,1410.0,1750.0
01532000,03-19,110.0,150.0,231.0,385,680,1050.0,1400.0
01532000,03-20,106.0,160.0,233.0,403,691,1300.0,2050.0
01532000,03-21,117.0,171.0,268.0,389,773,1370.0,2230.0
01532000,03-22,123.0,166.0,255.0,398,864,1360.0,2160.0
01532000,03-23,139.0,163.0,251.0,406,786,1230.0,1910.0
01532000,03-24,142.0,178.0,270.0,436,738,1170.0,1880.0
01532000,03-25,145.0,175.0,286.0,507,767,1240.0,1720.0
01532000,03-26,140.0,169.0,307.0,497,787,1380.0,1750.0
01532000,03-27,137.0,194.0,305.0,430,768,1440.0,2820.0
01532000,03-28,154.0,209.0,302.0,460,721,1510.0,2550.0
01532000,03-29,164.0,209.0,280.0,428,742,1480.0,2890.0
01532000,03-30,141.0,206.0,283.0,420,718,1750.0,3620.0
01532000,03-31,172.0,194.0,264.0,430,703,1720.0,3730.0
01532000,04-01,162.0,179.0,274.0,470,825,1650.0,3720.0
01532000,04-02,149.0,192.0,268.0,505,914,2170.0,2780.0
01532000,04-03,133.0,183.0,315.0,480,832,1870.0,2460.0
01532000,04-04,143.0,181.0,292.0,480,891,2000.0,3350.0
01532000,04-05,153.0,189.0,280.0,441,905,2060.0,3070.0
01532000,04-06,158.0,196.0,301.0,446,870,1770.0,3530.0
01532000,04-07,158.0,187.0,282.0,468,840,1930.0,2500.0
01532000,04-08,162.0,180.0,270.0,416,850,1440.0,1760.0
01532000,04-09,154.0,181.0,310.0,448,750,1380.0,1890.0
01532000,04-10,144.0,177.0,278.0,423,767,1450.0,2110.0
01532000,04-11,136.0,179.0,254.0,450,751,1200.0,1480.0
01532000,04-12,132.0,169.0,241.0,498,781,1240.0,1580.0
01532000,04-13,137.0,162.0,239.0,488,775,1100.0,1310.0
01532000,04-14,126.0,153.0,228.0,442,683,1050.0,1540.0
01532000,04-15,118.0,149.0,231.0,410,665,1420.0,2110.0
01532000,04-16,114.0,143.0,230.0,381,704,1650.0,2510.0
01532000,04-17,106.0,131.0,215.0,400,690,1390.0,2700.0
01532000,04-18,100.0,144.0,197.0,367,616,1260.0,1710.0
01532000,04-19,95.0,129.0,185.0,345,619,1020.0,1480.0
01532000,04-20,88.0,116.0,195.0,345,661,1030.0,1990.0
01532000,04-21,84.0,108.0,180.0,343,642,1130.0,2120.0
01532000,04-22,85.0,103.0,185.0,337,589,1270.0,1840.0
01532000,04-23,90.0,116.0,199.0,319,535,1010.0,1550.0
01532000,04-24,87.0,115.0,198.0,306,520,979.0,1560.0
01532000,04-25,83.0,118.0,191.0,310,450,1020.0,1320.0
01532000,04-26,95.0,116.0,198.0,286,464,823.0,1350.0
01532000,04-27,91.0,114.0,182.0,276,480,794.0,1270.0
01532000,04-28,96.0,117.0,169.0,264,453,791.0,1250.0
01532000,04-29,93.0,123.0,167.0,268,424,862.0,1110.0
01532000,04-30,88.0,115.0,158.0,252,415,770.0,1690.0
01532000,05-01,96.0,111.0,155.0,264,444,686.0,1820.0
01532000,05-02,102.0,119.0,163.0,250,461,842.0,1180.0
01532000,05-03,98.0,119.0,164.0,250,405,816.0,1050.0
01532000,05-04,96.0,114.0,162.0,241,415,689.0,1200.0
01532000,05-05,87.0,112.0,158.0,249,435,762.0,1090.0
01532000,05-06,82.0,106.0,145.0,248,416,815.0,1050.0
01532000,05-07,86.0,97.0,133.0,226,465,729.0,992.0
01532000,05-08,84.0,106.0,138.0,227,379,690.0,974.0
01532000,05-09,81.0,104.0,138.0,251,457,769.0,1080.0
01532000,05-10,78.0,101.0,144.0,243,450,914.0,1630.0
01532000,05-11,77.0,99.0,144.0,239,411,1030.0,1600.0
01532000,05-12,76.0,92.0,144.0,236,440,1070.0,2210.0
01532000,05-13,74.0,85.0,133.0,232,479,1170.0,1620.0
01532000,05-14,71.0,82.0,128.0,224,493,899.0,1530.0
01532000,05-15,64.0,79.0,130.0,243,477,844.0,1220.0
01532000,05-16,69.0,77.0,120.0,234,468,774.0,1120.0
01532000,05-17,64.0,80.0,113.0,254,438,751.0,996.0
01532000,05-18,59.0,74.0,119.0,215,414,668.0,1030.0
01532000,05-19,55.0,70.0,115.0,226,417,773.0,912.0
01532000,05-20,58.0,68.0,125.0,217,409,637.0,805.0
01532000,05-21,58.0,73.0,123.0,213,420,778.0,1140.0
01532000,05-22,53.0,69.0,110.0,205,393,712.0,1210.0
01532000,05-23,57.0,65.0,101.0,187,351,720.0,1080.0
01532000,05-24,56.0,64.0,95.0,182,320,780.0,1150.0
01532000,05-25,52.0,67.0,93.0,182,312,659.0,1220.0
01532000,05-26,49.0,65.0,92.0,171,320,746.0,1280.0
01532000,05-27,47.0,60.0,87.0,156,310,685.0,923.0
01532000,05-28,43.0,54.0,81.0,138,271,554.0,796.0
01532000,05-29,40.0,52.0,76.0,155,302,644.0,1380.0
01532000,05-30,38.0,48.0,71.0,143,250,613.0,1130.0
01532000,05-31,35.0,44.0,65.0,130,293,600.0,745.0
01532000,06-01,33.0,44.0,67.0,124,255,523.0,791.0
01532000,06-02,33.0,43.0,67.0,121,289,568.0,796.0
01532000,06-03,30.0,38.0,68.0,126,317,482.0,908.0
01532000,06-04,30.0,38.0,67.0,112,284,450.0,736.0
01532000,06-05,29.0,36.0,63.0,116,247,424.0,523.0
01532000,06-06,28.0,39.0,56.0,118,264,444.0,1050.0
01532000,06-07,33.0,38.0,54.0,110,213,443.0,968.0
01532000,06-08,28.0,33.0,55.0,92,196,413.0,775.0
01532000,06-09,26.0,34.0,54.0,94,166,294.0,499.0
01532000,06-10,25.0,31.0,54.0,104,158,306.0,450.0
01532000,06-11,27.0,32.0,49.0,92,149,269.0,468.0
01532000,06-12,28.0,32.0,50.0,86,133,313.0,391.0
01532000,06-13,30.0,34.0,44.0,89,135,305.0,367.0
01532000,06-14,28.0,36.0,45.0,79,149,298.0,433.0
01532000,06-15,28.0,32.0,46.0,78,144,281.0,420.0
01532000,06-16,23.0,31.0,42.0,73,168,294.0,544.0
01532000,06-17,22.0,28.0,42.0,62,147,298.0,544.0
01532000,06-18,21.0,26.0,39.0,61,159,275.0,469.0
01532000,06-19,20.0,25.0,34.0,69,161,244.0,482.0
01532000,06-20,19.0,25.0,31.0,60,125,259.0,571.0
01532000,06-21,19.0,22.0,30.0,59,125,332.0,721.0
01532000,06-22,18.0,21.0,31.0,60,129,328.0,601.0
01532000,06-23,17.0,19.0,32.0,60,119,257.0,499.0
01532000,06-24,16.0,19.0,35.0,54,101,272.0,757.0
01532000,06-25,15.0,18.0,34.0,49,95,289.0,533.0
01532000,06-26,15.0,17.0,31.0,48,103,272.0,502.0
01532000,06-27,14.0,16.0,30.0,47,120,335.0,535.0
01532000,06-28,14.0,16.0,29.0,42,117,347.0,572.0
01532000,06-29,13.0,17.0,27.0,52,133,290.0,454.0
01532000,06-30,12.0,16.0,25.0,54,121,289.0,534.0
01532000,07-01,12.0,17.0,25.0,49,117,335.0,766.0
01532000,07-02,11.0,16.0,25.0,52,111,291.0,526.0
01532000,07-03,11.0,15.0,24.0,48,107,258.0,499.0
01532000,07-04,10.0,14.0,23.0,45,115,217.0,384.0
01532000,07-05,9.7,14.0,22.0,45,100,196.0,344.0
01532000,07-06,9.5,13.0,22.0,41,88,207.0,370.0
01532000,07-07,8.9,13.0,23.0,40,81,171.0,375.0
01532000,07-08,7.8,12.0,21.0,37,80,202.0,470.0
01532000,07-09,8.5,11.0,20.0,36,81,226.0,350.0
01532000,07-10,9.5,11.0,20.0,44,78,203.0,304.0
01532000,07-11,8.4,11.0,19.0,40,81,205.0,233.0
01532000,07-12,8.1,9.8,17.0,41,77,169.0,311.0
01532000,07-13,7.5,9.8,17.0,36,63,159.0,287.0
01532000,07-14,7.2,11.0,17.0,34,72,158.0,318.0
01532000,07-15,6.8,9.0,18.0,34,67,177.0,363.0
01532000,07-16,6.5,9.1,16.0,32,65,214.0,423.0
01532000,07-17,6.3,9.4,15.0,31,63,134.0,297.0
01532000,07-18,7.3,9.0,18.0,30,64,190.0,295.0
01532000,07-19,6.8,8.3,18.0,33,58,167.0,222.0
01532000,07-20,6.8,8.9,17.0,30,68,162.0,272.0
01532000,07-21,6.6,9.3,14.0,32,86,179.0,363.0
01532000,07-22,6.1,8.0,15.0,34,79,261.0,488.0
01532000,07-23,5.8,8.4,15.0,34,77,308.0,563.0
01532000,07-24,5.8,9.6,15.0,31,80,269.0,766.0
01532000,07-25,5.8,10.0,15.0,30,74,212.0,415.0
01532000,07-26,6.8,9.0,15.0,32,61,160.0,283.0
01532000,07-27,7.4,8.6,14.0,28,58,176.0,547.0
01532000,07-28,6.8,7.8,15.0,26,63,210.0,459.0
01532000,07-29,6.5,8.4,15.0,29,57,188.0,395.0
01532000,07-30,5.6,7.8,15.0,33,70,179.0,294.0
01532000,07-31,5.7,8.2,14.0,34,75,160.0,345.0
01532000,08-01,5.7,8.1,14.0,30,68,215.0,340.0
01532000,08-02,5.7,7.5,13.0,33,72,221.0,313.0
01532000,08-03,4.4,8.0,13.0,31,65,174.0,350.0
01532000,08-04,4.7,7.4,13.0,29,63,149.0,448.0
01532000,08-05,4.5,7.1,12.0,26,50,193.0,562.0
01532000,08-06,4.7,7.1,13.0,24,52,171.0,405.0
01532000,08-07,4.6,6.6,12.0,25,62,257.0,470.0
01532000,08-08,3.7,7.0,11.0,24,67,273.0,506.0
01532000,08-09,4.3,6.5,12.0,25,60,210.0,427.0
01532000,08-10,3.7,6.3,12.0,23,50,202.0,299.0
01532000,08-11,3.8,6.6,14.0,24,60,195.0,291.0
01532000,08-12,5.7,7.0,14.0,24,65,161.0,236.0
01532000,08-13,5.0,6.9,14.0,23,58,164.0,317.0
01532000,08-14,5.5,6.4,13.0,21,67,144.0,433.0
01532000,08-15,5.1,6.5,13.0,24,55,123.0,474.0
01532000,08-16,4.8,6.5,12.0,22,55,143.0,410.0
01532000,08-17,4.4,6.2,12.0,24,52,167.0,383.0
01532000,08-18,4.1,5.9,12.0,23,55,231.0,643.0
01532000,08-19,3.9,5.9,11.0,23,60,221.0,421.0
01532000,08-20,4.3,5.9,10.0,22,58,173.0,322.0
01532000,08-21,4.6,6.1,10.0,22,53,150.0,303.0
01532000,08-22,5.1,6.1,10.0,21,71,180.0,272.0
01532000,08-23,5.0,6.5,10.0,20,65,183.0,250.0
01532000,08-24,4.9,6.2,10.0,19,54,168.0,273.0
01532000,08-25,4.4,5.9,9.8,19,46,126.0,276.0
01532000,08-26,3.8,5.6,10.0,20,50,128.0,235.0
01532000,08-27,3.9,5.5,10.0,20,42,121.0,251.0
01532000,08-28,3.5,5.3,11.0,23,45,115.0,275.0
01532000,08-29,3.2,5.1,10.0,25,53,183.0,471.0
01532000,08-30,3.1,5.1,11.0,23,59,174.0,346.0
01532000,08-31,3.0,4.7,10.0,22,68,163.0,272.0
01532000,09-01,2.9,4.4,11.0,22,71,170.0,371.0
01532000,09-02,2.9,4.8,10.0,22,58,197.0,388.0
01532000,09-03,2.2,4.5,10.0,21,57,197.0,324.0
01532000,09-04,2.6,4.9,10.0,20,54,178.0,296.0
01532000,09-05,3.3,4.9,10.0,19,49,163.0,276.0
01532000,09-06,3.3,4.4,11.0,22,50,166.0,275.0
01532000,09-07,4.0,4.7,10.0,22,50,137.0,219.0
01532000,09-08,3.8,5.1,9.0,22,53,101.0,167.0
01532000,09-09,3.6,5.7,8.9,21,44,108.0,214.0
01532000,09-10,3.5,4.8,9.0,20,50,109.0,266.0
01532000,09-11,3.4,4.7,9.3,18,47,123.0,328.0
01532000,09-12,3.4,4.6,8.6,20,54,176.0,311.0
01532000,09-13,3.3,4.5,9.6,22,56,146.0,256.0
01532000,09-14,3.1,4.4,10.0,24,64,147.0,356.0
01532000,09-15,3.0,5.5,11.0,24,66,148.0,267.0
01532000,09-16,2.4,5.2,11.0,26,58,138.0,204.0
01532000,09-17,2.7,5.1,11.0,24,61,147.0,491.0
01532000,09-18,2.6,4.8,11.0,23,64,160.0,503.0
01532000,09-19,2.3,4.9,10.0,22,62,224.0,567.0
01532000,09-20,2.2,5.1,11.0,23,56,232.0,368.0
01532000,09-21,2.5,4.5,11.0,21,65,186.0,303.0
01532000,09-22,3.0,5.1,11.0,23,68,206.0,324.0
01532000,09-23,3.2,5.5,12.0,24,93,225.0,391.0
01532000,09-24,2.9,4.2,11.0,23,86,212.0,388.0
01532000,09-25,2.9,4.1,10.0,23,67,217.0,619.0
01532000,09-26,3.0,4.7,9.3,22,73,308.0,627.0
01532000,09-27,3.4,5.3,11.0,25,84,266.0,693.0
01532000,09-28,4.5,7.4,11.0,32,98,381.0,865.0
01532000,09-29,5.2,8.0,11.0,36,92,284.0,457.0
01532000,09-30,5.8,7.5,11.0,37,115,368.0,740.0
01532000,10-01,6.0,7.9,12.0,33,110,264.0,570.0
01532000,10-02,6.1,7.5,13.0,34,105,313.0,721.0
01532000,10-03,6.0,7.3,14.0,31,100,350.0,531.0
01532000,10-04,6.1,7.8,14.0,36,84,300.0,381.0
01532000,10-05,6.3,7.9,14.0,32,96,253.0,440.0
01532000,10-06,6.1,7.9,14.0,34,100,328.0,627.0
01532000,10-07,6.5,8.1,14.0,37,102,259.0,467.0
01532000,10-08,7.0,9.2,18.0,36,98,234.0,387.0
01532000,10-09,7.0,9.4,18.0,36,87,234.0,358.0
01532000,10-10,6.9,9.5,17.0,42,80,221.0,331.0
01532000,10-11,6.9,9.3,17.0,42,75,206.0,281.0
01532000,10-12,7.7,9.2,17.0,39,85,189.0,457.0
01532000,10-13,7.8,9.6,16.0,39,80,209.0,437.0
01532000,10-14,7.8,9.7,16.0,38,98,240.0,472.0
01532000,10-15,7.9,9.9,16.0,39,102,336.0,636.0
01532000,10-16,7.4,11.0,16.0,41,105,285.0,479.0
01532000,10-17,7.9,11.0,16.0,45,116,255.0,675.0
01532000,10-18,7.6,11.0,16.0,56,125,302.0,821.0
01532000,10-19,8.1,11.0,17.0,50,114,464.0,1290.0
01532000,10-20,8.3,11.0,18.0,46,130,730.0,1420.0
01532000,10-21,7.8,13.0,21.0,50,157,751.0,1670.0
01532000,10-22,8.0,13.0,21.0,49,165,533.0,981.0
01532000,10-23,7.7,12.0,21.0,55,176,500.0,763.0
01532000,10-24,8.1,12.0,23.0,76,212,502.0,714.0
01532000,10-25,9.4,14.0,27.0,83,213,484.0,1210.0
01532000,10-26,9.3,14.0,26.0,88,200,602.0,1050.0
01532000,10-27,9.1,14.0,27.0,86,251,673.0,1260.0
01532000,10-28,9.4,13.0,29.0,78,232,577.0,1220.0
01532000,10-29,9.4,13.0,28.0,87,243,482.0,1250.0
01532000,10-30,9.4,14.0,28.0,96,255,661.0,1110.0
01532000,10-31,9.6,14.0,29.0,93,223,647.0,1350.0
01532000,11-01,9.5,14.0,30.0,83,264,593.0,840.0
01532000,11-02,9.6,15.0,32.0,110,290,579.0,814.0
01532000,11-03,9.6,15.0,34.0,116,278,501.0,838.0
01532000,11-04,10.0,18.0,35.0,112,261,479.0,696.0
01532000,11-05,10.0,15.0,40.0,102,266,415.0,842.0
01532000,11-06,10.0,14.0,41.0,124,233,428.0,691.0
01532000,11-07,12.0,18.0,46.0,133,266,469.0,550.0
01532000,11-08,14.0,19.0,44.0,146,274,423.0,678.0
01532000,11-09,14.0,22.0,50.0,136,234,407.0,898.0
01532000,11-10,13.0,23.0,54.0,119,214,501.0,1270.0
01532000,11-11,14.0,25.0,61.0,141,247,459.0,769.0
01532000,11-12,14.0,23.0,57.0,131,247,557.0,1020.0
01532000,11-13,15.0,25.0,58.0,134,273,709.0,1480.0
01532000,11-14,14.0,25.0,57.0,127,258,603.0,989.0
01532000,11-15,14.0,26.0,65.0,136,291,548.0,661.0
01532000,11-16,14.0,23.0,78.0,150,326,698.0,1120.0
01532000,11-17,14.0,23.0,77.0,145,310,817.0,1440.0
01532000,11-18,15.0,23.0,78.0,144,373,795.0,1320.0
01532000,11-19,14.0,27.0,78.0,139,330,665.0,1130.0
01532000,11-20,17.0,27.0,72.0,166,402,592.0,1280.0
01532000,11-21,16.0,29.0,71.0,172,392,673.0,1070.0
01532000,11-22,22.0,32.0,71.0,182,344,570.0,700.0
01532000,11-23,22.0,33.0,90.0,187,306,636.0,1160.0
01532000,11-24,26.0,39.0,99.0,183,308,539.0,758.0
01532000,11-25,22.0,42.0,112.0,184,295,537.0,765.0
01532000,11-26,25.0,44.0,105.0,185,298,539.0,955.0
01532000,11-27,29.0,44.0,98.0,180,328,721.0,1580.0
01532000,11-28,28.0,44.0,98.0,188,354,980.0,1440.0
01532000,11-29,26.0,65.0,99.0,180,390,961.0,1310.0
01532000,11-30,25.0,61.0,104.0,183,356,775.0,1010.0
01532000,12-01,25.0,62.0,104.0,182,464,863.0,1370.0
01532000,12-02,25.0,60.0,99.0,183,381,744.0,1880.0
01532000,12-03,25.0,63.0,96.0,180,359,672.0,1000.0
01532000,12-04,24.0,60.0,94.0,180,360,694.0,1090.0
01532000,12-05,24.0,60.0,95.0,180,344,667.0,1160.0
01532000,12-06,30.0,60.0,93.0,178,374,737.0,1140.0
01532000,12-07,36.0,62.0,93.0,184,402,847.0,986.0
01532000,12-08,34.0,62.0,99.0,175,349,621.0,1090.0
01532000,12-09,26.0,60.0,93.0,176,320,716.0,1180.0
01532000,12-10,28.0,51.0,100.0,171,390,712.0,1230.0
01532000,12-11,22.0,50.0,96.0,200,375,829.0,1850.0
01532000,12-12,22.0,50.0,95.0,187,440,782.0,1210.0
01532000,12-13,30.0,46.0,92.0,186,359,705.0,925.0
01532000,12-14,38.0,51.0,86.0,185,420,697.0,1140.0
01532000,12-15,34.0,49.0,86.0,191,368,788.0,1290.0
01532000,12-16,29.0,40.0,87.0,200,340,688.0,1100.0
01532000,12-17,26.0,42.0,90.0,199,339,615.0,915.0
01532000,12-18,26.0,50.0,93.0,200,364,793.0,1230.0
01532000,12-19,25.0,48.0,100.0,200,321,613.0,860.0
01532000,12-20,25.0,49.0,100.0,209,327,550.0,943.0
01532000,12-21,26.0,50.0,108.0,201,322,622.0,1440.0
01532000,12-22,30.0,48.0,98.0,190,299,682.0,1230.0
01532000,12-23,35.0,46.0,100.0,180,338,773.0,1300.0
01532000,12-24,32.0,52.0,100.0,180,348,866.0,1210.0
01532000,12-25,33.0,54.0,105.0,180,346,792.0,1440.0
01532000,12-26,35.0,53.0,96.0,170,369,657.0,919.0
01532000,12-27,36.0,60.0,96.0,163,346,619.0,1070.0
01532000,12-28,34.0,60.0,100.0,160,360,631.0,898.0
01532000,12-29,33.0,56.0,96.0,177,365,652.0,900.0
01532000,12-30,35.0,51.0,93.0,180,386,740.0,1270.0
01532000,12-31,31.0,50.0,86.0,180,385,659.0,1230.0
01533400,01-01,2850.0,3450.0,6360.0,13200,22800,29300.0,47400.0
01533400,01-02,2860.0,3410.0,6390.0,12400,22600,35300.0,47800.0
01533400,01-03,2780.0,3190.0,6450.0,11300,20300,32600.0,37200.0
01533400,01-04,2780.0,3430.0,6310.0,10800,19100,26300.0,34600.0
01533400,01-05,2820.0,3550.0,5750.0,13200,21800,29300.0,36400.0
01533400,01-06,2860.0,3470.0,5610.0,12800,22400,32900.0,38100.0
01533400,01-07,3020.0,3650.0,5420.0,11900,20200,28600.0,32800.0
01533400,01-08,3000.0,3710.0,5370.0,11000,18000,26400.0,28000.0
01533400,01-09,2800.0,3410.0,5180.0,10900,17300,26700.0,43300.0
01533400,01-10,2780.0,3290.0,5070.0,10300,16300,30500.0,62200.0
01533400,01-11,2780.0,3340.0,4680.0,9680,16900,33000.0,57700.0
01533400,01-12,2910.0,3330.0,4820.0,9510,16800,34200.0,46700.0
01533400,01-13,3030.0,3460.0,4980.0,9320,22500,31900.0,43400.0
01533400,01-14,3010.0,3750.0,4970.0,9010,25300,40200.0,47300.0
01533400,01-15,3040.0,3370.0,4920.0,8760,23800,36500.0,46000.0
01533400,01-16,2850.0,3270.0,4400.0,10200,21100,35200.0,49000.0
01533400,01-17,3030.0,3340.0,4580.0,10100,19500,30100.0,43100.0
01533400,01-18,3100.0,3500.0,4750.0,8960,17000,25300.0,39500.0
01533400,01-19,3090.0,3620.0,5000.0,10300,17700,27800.0,49400.0
01533400,01-20,2990.0,3500.0,5160.0,10100,17200,24300.0,49700.0
01533400,01-21,2690.0,3500.0,4880.0,9630,15100,35800.0,52400.0
01533400,01-22,2730.0,3420.0,4690.0,9060,13600,29900.0,53400.0
01533400,01-23,2510.0,3570.0,4540.0,8590,13300,25800.0,39600.0
01533400,01-24,2820.0,3510.0,4520.0,8230,13500,30100.0,51600.0
01533400,01-25,3170.0,3620.0,4650.0,7550,18000,42600.0,52900.0
01533400,01-26,3270.0,3630.0,4690.0,7920,20800,50600.0,77400.0
01533400,01-27,3120.0,3610.0,4850.0,7770,19800,55500.0,80500.0
01533400,01-28,3070.0,3510.0,4720.0,7940,18000,43800.0,68500.0
01533400,01-29,2990.0,3310.0,4980.0,7990,16800,39100.0,58100.0
01533400,01-30,3050.0,3520.0,4910.0,7690,17100,29200.0,43300.0
01533400,01-31,2900.0,3420.0,4800.0,8270,18100,29300.0,36800.0
01533400,02-01,2800.0,3820.0,5470.0,8200,15200,25800.0,29200.0
01533400,02-02,3060.0,3600.0,5620.0,7770,15700,25200.0,33300.0
01533400,02-03,2960.0,3800.0,5780.0,7900,16000,29700.0,39300.0
01533400,02-04,2910.0,3770.0,5800.0,8040,14500,31500.0,44800.0
01533400,02-05,2910.0,3930.0,5550.0,8180,17500,28900.0,41600.0
01533400,02-06,2860.0,3980.0,5210.0,8440,16000,30000.0,41000.0
01533400,02-07,2780.0,3530.0,5070.0,8250,14800,24600.0,40400.0
01533400,02-08,2720.0,3530.0,4990.0,7700,13000,28100.0,43700.0
01533400,02-09,2820.0,3400.0,5200.0,7200,12000,26600.0,48200.0
01533400,02-10,2920.0,3210.0,4990.0,7760,12300,27100.0,38700.0
01533400,02-11,2950.0,3130.0,4780.0,7560,13400,31700.0,45600.0
01533400,02-12,2910.0,3070.0,4720.0,8250,15700,25500.0,40400.0
01533400,02-13,2770.0,3300.0,4630.0,7690,15300,28500.0,40700.0
01533400,02-14,2850.0,3320.0,4740.0,7290,15100,25700.0,37300.0
01533400,02-15,2720.0,3560.0,4570.0,7410,15400,22600.0,30200.0
01533400,02-16,2880.0,3830.0,4870.0,7120,14200,25800.0,31100.0
01533400,02-17,2940.0,4410.0,5060.0,7760,15300,36700.0,51600.0
01533400,02-18,3000.0,4110.0,5000.0,8320,15500,37700.0,52600.0
01533400,02-19,3020.0,4030.0,5700.0,8930,15000,47900.0,56700.0
01533400,02-20,2990.0,3960.0,5470.0,10000,16300,39100.0,53600.0
01533400,02-21,2990.0,3860.0,6020.0,10800,23700,36800.0,48300.0
01533400,02-22,3030.0,3860.0,6540.0,10300,23600,41100.0,59600.0
01533400,02-23,3170.0,4420.0,6260.0,10300,20500,42100.0,48000.0
01533400,02-24,3560.0,4670.0,6780.0,11500,18400,33100.0,55000.0
01533400,02-25,3510.0,5040.0,7370.0,12700,24000,44300.0,52500.0
01533400,02-26,3550.0,5120.0,7660.0,12100,21600,45000.0,59200.0
01533400,02-27,3510.0,4560.0,7110.0,11700,20700,38800.0,53400.0
01533400,02-28,3450.0,4780.0,7100.0,11500,24800,40400.0,46000.0
01533400,02-29,,3930.0,7180.0,14900,30700,93400.0,
01533400,03-01,3370.0,4840.0,6820.0,13400,23500,45400.0,51100.0
01533400,03-02,3240.0,5300.0,8030.0,13300,21100,38400.0,55900.0
01533400,03-03,3090.0,5070.0,9210.0,13400,21700,34600.0,49400.0
01533400,03-04,3000.0,4790.0,8620.0,13400,24700,38000.0,46700.0
01533400,03-05,2970.0,4710.0,8640.0,12900,23300,52500.0,76500.0
01533400,03-06,2950.0,4690.0,8170.0,11600,28800,59400.0,79700.0
01533400,03-07,2960.0,4990.0,8030.0,11900,25700,63900.0,87400.0
01533400,03-08,3490.0,5010.0,7990.0,12000,29400,66400.0,75900.0
01533400,03-09,4250.0,4910.0,7900.0,15400,30500,62900.0,78400.0
01533400,03-10,4330.0,4960.0,7890.0,17700,29100,55000.0,71500.0
01533400,03-11,4500.0,5080.0,8930.0,18200,28400,59300.0,69600.0
01533400,03-12,4850.0,6410.0,9970.0,19600,33100,49300.0,61300.0
01533400,03-13,4970.0,6890.0,11100.0,20500,36800,49300.0,57200.0
01533400,03-14,5510.0,7370.0,10800.0,20800,32300,51400.0,77700.0
01533400,03-15,4860.0,8910.0,12500.0,21200,32600,62300.0,83600.0
01533400,03-16,4820.0,8430.0,14300.0,21200,32500,53000.0,99900.0
01533400,03-17,6910.0,9010.0,13900.0,20100,32700,48400.0,76200.0
01533400,03-18,8520.0,9950.0,13600.0,19900,29500,53000.0,65700.0
01533400,03-19,8010.0,10400.0,13200.0,19000,32100,46500.0,66800.0
01533400,03-20,7920.0,11100.0,12400.0,18400,29400,46000.0,65300.0
01533400,03-21,7880.0,11200.0,13400.0,17500,29800,48700.0,68000.0
01533400,03-22,6890.0,9980.0,13700.0,20600,33400,55300.0,80400.0
01533400,03-23,6520.0,8880.0,12900.0,20200,38100,52600.0,87200.0
01533400,03-24,6670.0,8800.0,13100.0,20400,31100,60300.0,90100.0
01533400,03-25,8670.0,9850.0,13100.0,20500,30000,59200.0,75200.0
01533400,03-26,8650.0,9610.0,13200.0,20700,29200,49800.0,65200.0
01533400,03-27,8530.0,9230.0,14700.0,22700,37200,61100.0,62900.0
01533400,03-28,8140.0,9310.0,15200.0,23100,37200,68100.0,77100.0
01533400,03-29,7870.0,9110.0,15000.0,24300,38700,61700.0,84000.0
01533400,03-30,7850.0,8570.0,16700.0,26300,40500,66400.0,87100.0
01533400,03-31,7610.0,8680.0,16400.0,25200,45200,68500.0,78900.0
01533400,04-01,7610.0,8280.0,16000.0,26000,46200,69600.0,79900.0
01533400,04-02,7800.0,8570.0,15600.0,27700,44000,67000.0,78400.0
01533400,04-03,8180.0,8910.0,16300.0,25900,44600,65800.0,111000.0
01533400,04-04,8320.0,9310.0,17200.0,27500,45100,56900.0,106000.0
01533400,04-05,8860.0,9220.0,16800.0,28000,45100,83900.0,90200.0
01533400,04-06,8550.0,10800.0,15600.0,27300,50800,74700.0,89700.0
01533400,04-07,8440.0,10100.0,14900.0,25200,44900,73800.0,84000.0
01533400,04-08,8600.0,10100.0,14800.0,24300,42000,65500.0,82100.0
01533400,04-09,8450.0,11600.0,15400.0,21500,44400,60700.0,74300.0
01533400,04-10,7840.0,12200.0,15100.0,20600,41100,61300.0,77600.0
01533400,04-11,7690.0,11800.0,14700.0,21700,36100,55700.0,87800.0
01533400,04-12,8300.0,11500.0,13800.0,20200,34800,48300.0,72800.0
01533400,04-13,7970.0,10600.0,14200.0,22200,32800,47900.0,68200.0
01533400,04-14,8010.0,9790.0,13600.0,22000,29900,47000.0,76300.0
01533400,04-15,8750.0,9150.0,13600.0,21000,29700,50900.0,66300.0
01533400,04-16,8090.0,9510.0,13300.0,20000,33000,47500.0,65700.0
01533400,04-17,7640.0,9200.0,13700.0,18900,33300,69100.0,83000.0
01533400,04-18,7400.0,8880.0,12700.0,19500,31600,61400.0,67500.0
01533400,04-19,6910.0,8080.0,11700.0,18300,31700,51300.0,56600.0
01533400,04-20,6880.0,7750.0,10600.0,18100,32700,46300.0,53800.0
01533400,04-21,6490.0,8090.0,10100.0,16900,31700,44300.0,55900.0
01533400,04-22,6050.0,7670.0,9410.0,15700,28500,44200.0,56800.0
01533400,04-23,6550.0,7260.0,9820.0,15000,26200,43100.0,48400.0
01533400,04-24,7040.0,7980.0,10200.0,15900,23200,41500.0,49500.0
01533400,04-25,7060.0,7840.0,10100.0,15200,26800,43200.0,60800.0
01533400,04-26,6830.0,7500.0,9820.0,14900,25500,41800.0,69100.0
01533400,04-27,6870.0,7160.0,10900.0,14600,22800,30300.0,86800.0
01533400,04-28,6480.0,7250.0,10400.0,14500,22200,29800.0,69100.0
01533400,04-29,6070.0,7770.0,10400.0,14900,20600,29900.0,54800.0
01533400,04-30,5750.0,7890.0,10500.0,13800,19700,35800.0,46800.0
01533400,05-01,5520.0,7820.0,9890.0,13300,20400,55000.0,71700.0
01533400,05-02,6540.0,7340.0,9650.0,13300,20900,50200.0,75800.0
01533400,05-03,6580.0,6860.0,8950.0,14200,18800,40400.0,52400.0
01533400,05-04,6340.0,6660.0,8530.0,13300,19700,32200.0,50900.0
01533400,05-05,6010.0,6380.0,8130.0,12800,22400,29500.0,45000.0
01533400,05-06,5690.0,5940.0,8650.0,12300,21500,30000.0,43400.0
01533400,05-07,5290.0,5710.0,8750.0,12300,21600,36300.0,59200.0
01533400,05-08,5010.0,5440.0,8270.0,11400,19100,30200.0,60600.0
01533400,05-09,4880.0,5170.0,8190.0,10800,18400,31400.0,49000.0
01533400,05-10,4810.0,5620.0,7550.0,10300,17100,33700.0,42500.0
01533400,05-11,4550.0,5300.0,7300.0,11400,19000,45000.0,48300.0
01533400,05-12,4210.0,5040.0,7140.0,11800,18500,35500.0,86500.0
01533400,05-13,4010.0,5620.0,7160.0,11500,19900,33900.0,69300.0
01533400,05-14,3770.0,4860.0,7020.0,11300,19800,41000.0,58700.0
01533400,05-15,3610.0,4390.0,6950.0,10300,18400,45000.0,56900.0
01533400,05-16,3580.0,4210.0,6330.0,10800,20100,43300.0,45600.0
01533400,05-17,3490.0,4030.0,6890.0,10800,23400,34300.0,46700.0
01533400,05-18,3590.0,4270.0,6480.0,9490,21200,32600.0,38300.0
01533400,05-19,3420.0,4360.0,6480.0,9570,16800,27300.0,43900.0
01533400,05-20,3320.0,4330.0,6210.0,9720,17500,32200.0,45000.0
01533400,05-21,3350.0,4080.0,6400.0,9180,16700,28300.0,46600.0
01533400,05-22,3340.0,3920.0,6000.0,8140,18000,34400.0,36100.0
01533400,05-23,3340.0,3840.0,5600.0,7410,15400,30500.0,35100.0
01533400,05-24,3340.0,3930.0,5380.0,6730,14100,24500.0,29500.0
01533400,05-25,3440.0,4000.0,5330.0,8320,14500,22300.0,25000.0
01533400,05-26,3290.0,4040.0,5080.0,7370,14500,20700.0,23400.0
01533400,05-27,3190.0,4050.0,4780.0,6690,13100,17900.0,31700.0
01533400,05-28,3110.0,3900.0,4540.0,7360,12600,18500.0,32400.0
01533400,05-29,3050.0,3710.0,4300.0,7320,11900,21100.0,33700.0
01533400,05-30,2890.0,3460.0,4060.0,7380,12300,20400.0,27600.0
01533400,05-31,2670.0,3310.0,3970.0,6850,13900,18100.0,29300.0
01533400,06-01,2590.0,3200.0,4000.0,6680,14100,23000.0,30700.0
01533400,06-02,2480.0,3130.0,4200.0,6850,13300,19400.0,37300.0
01533400,06-03,2430.0,3070.0,4170.0,6780,12200,19000.0,29800.0
01533400,06-04,2440.0,3030.0,4260.0,6650,11000,19900.0,25900.0
01533400,06-05,2400.0,3010.0,4110.0,6770,10300,15900.0,21700.0
01533400,06-06,2340.0,2870.0,4050.0,6500,10300,15700.0,26200.0
01533400,06-07,2310.0,2760.0,4160.0,5940,11000,18700.0,41800.0
01533400,06-08,2310.0,2700.0,4160.0,5680,10600,18800.0,38400.0
01533400,06-09,2240.0,2630.0,4200.0,5460,9560,17100.0,31300.0
01533400,06-10,2240.0,2620.0,3930.0,5840,9580,17200.0,24500.0
01533400,06-11,2140.0,2620.0,3730.0,5950,10100,15700.0,18600.0
01533400,06-12,2150.0,2640.0,3680.0,5830,9770,13500.0,15300.0
01533400,06-13,2130.0,2980.0,3900.0,5930,9490,16200.0,17900.0
01533400,06-14,2140.0,2750.0,3610.0,5470,10200,16900.0,21700.0
01533400,06-15,2180.0,2550.0,3490.0,4950,10700,18300.0,33100.0
01533400,06-16,2330.0,2400.0,3580.0,5100,10200,25500.0,34200.0
01533400,06-17,2230.0,2530.0,3460.0,5110,11000,21200.0,33700.0
01533400,06-18,2070.0,2440.0,3120.0,4840,10000,18900.0,31700.0
01533400,06-19,2000.0,2400.0,3010.0,4690,9520,19700.0,24800.0
01533400,06-20,1900.0,2260.0,2980.0,5170,10000,17600.0,21400.0
01533400,06-21,1850.0,2100.0,3020.0,5120,10200,17900.0,30100.0
01533400,06-22,1760.0,2100.0,2870.0,4470,9030,15800.0,39600.0
01533400,06-23,1700.0,2160.0,2800.0,4220,9060,19000.0,27800.0
01533400,06-24,1590.0,2070.0,2860.0,4140,8120,19300.0,31700.0
01533400,06-25,1540.0,1970.0,2750.0,4560,8820,19800.0,28200.0
01533400,06-26,1490.0,1930.0,2650.0,4090,8170,15200.0,21400.0
01533400,06-27,1420.0,1830.0,2490.0,4150,8400,15000.0,18800.0
01533400,06-28,1350.0,1790.0,2580.0,4630,10000,14000.0,16800.0
01533400,06-29,1450.0,1810.0,2610.0,4510,9330,16300.0,30600.0
01533400,06-30,1480.0,1940.0,2540.0,4340,8480,19000.0,30600.0
01533400,07-01,1490.0,1910.0,2700.0,4190,8210,27000.0,37300.0
01533400,07-02,1460.0,1840.0,2720.0,4790,7510,18000.0,48000.0
01533400,07-03,1390.0,1850.0,2530.0,5180,7320,14700.0,40700.0
01533400,07-04,1350.0,1650.0,2480.0,4880,6830,13200.0,29200.0
01533400,07-05,1330.0,1620.0,2300.0,4750,7450,12600.0,25500.0
01533400,07-06,1330.0,1720.0,2230.0,4290,7880,12900.0,21800.0
01533400,07-07,1290.0,1640.0,2210.0,4020,6610,11400.0,19900.0
01533400,07-08,1360.0,1570.0,2170.0,3780,6430,11200.0,17800.0
01533400,07-09,1350.0,1510.0,2130.0,3660,6520,11900.0,18500.0
01533400,07-10,1300.0,1460.0,2140.0,3540,6630,12700.0,16600.0
01533400,07-11,1250.0,1500.0,2180.0,3770,6220,11400.0,14700.0
01533400,07-12,1220.0,1410.0,2090.0,3680,5530,12000.0,16300.0
01533400,07-13,1190.0,1320.0,2080.0,3220,5430,11700.0,14100.0
01533400,07-14,1140.0,1280.0,2160.0,3250,5250,9510.0,15700.0
01533400,07-15,1080.0,1240.0,2020.0,3020,6810,9980.0,20400.0
01533400,07-16,1020.0,1310.0,1880.0,3310,6270,14200.0,21600.0
01533400,07-17,1110.0,1310.0,1900.0,3060,6150,12200.0,16000.0
01533400,07-18,1130.0,1250.0,1980.0,2900,6010,9570.0,14500.0
01533400,07-19,1140.0,1260.0,1970.0,2870,5380,9140.0,15000.0
01533400,07-20,1160.0,1220.0,1910.0,3050,5260,8320.0,12500.0
01533400,07-21,1160.0,1320.0,1860.0,2990,4470,8870.0,12100.0
01533400,07-22,1110.0,1320.0,1970.0,2790,4530,8750.0,10300.0
01533400,07-23,1110.0,1330.0,1870.0,3220,5490,7900.0,22600.0
01533400,07-24,1070.0,1330.0,1780.0,3080,6140,17900.0,22700.0
01533400,07-25,1030.0,1350.0,1700.0,2950,6270,18200.0,37800.0
01533400,07-26,1010.0,1320.0,1700.0,2920,6330,12100.0,26400.0
01533400,07-27,1070.0,1360.0,1660.0,2860,6320,11400.0,19300.0
01533400,07-28,1040.0,1330.0,1730.0,2770,6130,12100.0,17600.0
01533400,07-29,1050.0,1300.0,1710.0,2740,5700,10100.0,13200.0
01533400,07-30,1040.0,1280.0,1640.0,2490,5540,9390.0,14000.0
01533400,07-31,993.0,1290.0,1660.0,2420,5760,9210.0,13100.0
01533400,08-01,963.0,1300.0,1720.0,2380,5280,12500.0,21500.0
01533400,08-02,1030.0,1230.0,1750.0,2260,4740,11500.0,24000.0
01533400,08-03,1020.0,1150.0,1760.0,2360,5410,15100.0,19700.0
01533400,08-04,977.0,1130.0,1720.0,2190,5590,14800.0,16300.0
01533400,08-05,917.0,1140.0,1690.0,2290,5560,11900.0,15500.0
01533400,08-06,887.0,1140.0,1600.0,2660,5510,9380.0,12800.0
01533400,08-07,850.0,1150.0,1510.0,2840,5850,9170.0,13100.0
01533400,08-08,815.0,1210.0,1480.0,2920,5480,9100.0,12300.0
01533400,08-09,814.0,1190.0,1450.0,3070,5150,10900.0,12700.0
01533400,08-10,813.0,1190.0,1360.0,3060,5340,9930.0,23200.0
01533400,08-11,834.0,1160.0,1320.0,2540,4710,15000.0,26700.0
01533400,08-12,895.0,1100.0,1270.0,2480,5850,16800.0,23900.0
01533400,08-13,970.0,1010.0,1360.0,2630,5560,14100.0,22300.0
01533400,08-14,935.0,1080.0,1330.0,2830,5570,14300.0,20300.0
01533400,08-15,899.0,1020.0,1340.0,2790,5240,11800.0,21600.0
01533400,08-16,913.0,979.0,1370.0,2890,5090,14600.0,18900.0
01533400,08-17,867.0,1020.0,1410.0,2570,5010,11700.0,13800.0
01533400,08-18,874.0,935.0,1460.0,2360,4840,10500.0,30300.0
01533400,08-19,875.0,906.0,1400.0,2150,5230,11900.0,34000.0
01533400,08-20,877.0,910.0,1370.0,2080,5600,10200.0,37800.0
01533400,08-21,861.0,882.0,1350.0,2140,5850,11800.0,25800.0
01533400,08-22,817.0,856.0,1340.0,2240,4940,10900.0,30400.0
01533400,08-23,786.0,870.0,1350.0,2340,4640,8760.0,29000.0
01533400,08-24,758.0,839.0,1270.0,2210,4510,9060.0,24700.0
01533400,08-25,760.0,816.0,1230.0,2230,4390,11600.0,18400.0
01533400,08-26,762.0,888.0,1240.0,2010,3990,12800.0,15500.0
01533400,08-27,743.0,961.0,1250.0,1890,3600,9600.0,12300.0
01533400,08-28,716.0,919.0,1230.0,1990,3590,10000.0,12300.0
01533400,08-29,703.0,979.0,1230.0,1970,3280,11500.0,13200.0
01533400,08-30,788.0,1020.0,1140.0,2380,4210,12300.0,25800.0
01533400,08-31,778.0,976.0,1190.0,2240,3870,11200.0,22300.0
01533400,09-01,769.0,940.0,1170.0,2380,4550,9480.0,22200.0
01533400,09-02,719.0,967.0,1180.0,2200,5700,10200.0,15100.0
01533400,09-03,684.0,1030.0,1160.0,2170,5020,10000.0,23200.0
01533400,09-04,659.0,1040.0,1120.0,2010,5230,8420.0,24600.0
01533400,09-05,669.0,992.0,1190.0,1910,4440,7920.0,21800.0
01533400,09-06,665.0,995.0,1220.0,2020,4280,8390.0,14700.0
01533400,09-07,657.0,983.0,1300.0,2000,3880,8420.0,15100.0
01533400,09-08,657.0,940.0,1240.0,2000,3640,9250.0,12100.0
01533400,09-09,691.0,899.0,1170.0,1970,3740,9150.0,13900.0
01533400,09-10,787.0,879.0,1370.0,2000,4240,7540.0,38800.0
01533400,09-11,827.0,859.0,1320.0,1980,4050,7940.0,50700.0
01533400,09-12,800.0,848.0,1280.0,1980,3290,8750.0,36400.0
01533400,09-13,739.0,870.0,1270.0,2000,3410,9760.0,26900.0
01533400,09-14,695.0,859.0,1290.0,2080,3380,11100.0,21300.0
01533400,09-15,683.0,840.0,1280.0,2000,4320,11700.0,15500.0
01533400,09-16,756.0,840.0,1230.0,1920,4420,10500.0,12000.0
01533400,09-17,763.0,820.0,1330.0,2120,4050,9950.0,12700.0
01533400,09-18,755.0,874.0,1270.0,2250,4780,13700.0,37400.0
01533400,09-19,848.0,923.0,1230.0,2180,4300,14100.0,53100.0
01533400,09-20,808.0,923.0,1270.0,2260,3910,12500.0,43300.0
01533400,09-21,814.0,919.0,1300.0,2140,4860,10500.0,44200.0
01533400,09-22,850.0,938.0,1260.0,2100,4880,9390.0,39500.0
01533400,09-23,891.0,937.0,1200.0,2110,5060,8860.0,34000.0
01533400,09-24,889.0,927.0,1360.0,2030,5530,14500.0,29900.0
01533400,09-25,873.0,951.0,1380.0,2070,6700,17800.0,27100.0
01533400,09-26,874.0,948.0,1360.0,2040,6700,15100.0,31400.0
01533400,09-27,897.0,1020.0,1430.0,2160,6000,15300.0,34400.0
01533400,09-28,889.0,990.0,1480.0,2460,6160,15700.0,32200.0
01533400,09-29,970.0,1060.0,1540.0,2660,5830,17700.0,44100.0
01533400,09-30,1020.0,1200.0,1620.0,2900,7490,15800.0,34400.0
01533400,10-01,1060.0,1210.0,1640.0,2860,7670,14700.0,32500.0
01533400,10-02,1130.0,1240.0,1640.0,2690,6710,12200.0,35600.0
01533400,10-03,1070.0,1150.0,1610.0,2640,6110,10600.0,40600.0
01533400,10-04,996.0,1180.0,1630.0,2460,6200,9560.0,37800.0
01533400,10-05,959.0,1120.0,1630.0,2290,5740,11500.0,31400.0
01533400,10-06,947.0,1120.0,1590.0,2460,5520,23100.0,28900.0
01533400,10-07,954.0,1120.0,1480.0,2990,5090,22800.0,26600.0
01533400,10-08,984.0,1140.0,1510.0,3030,8260,16200.0,22200.0
01533400,10-09,1000.0,1290.0,1430.0,3040,7950,13800.0,22900.0
01533400,10-10,990.0,1310.0,1620.0,2770,7440,14800.0,20600.0
01533400,10-11,973.0,1260.0,1640.0,2840,6740,13700.0,21900.0
01533400,10-12,949.0,1240.0,1620.0,3160,6250,10600.0,26500.0
01533400,10-13,943.0,1240.0,1540.0,3220,5430,13100.0,29600.0
01533400,10-14,1010.0,1240.0,1550.0,3120,5450,15600.0,25800.0
01533400,10-15,1030.0,1200.0,1570.0,3060,6130,21900.0,25800.0
01533400,10-16,1040.0,1210.0,1750.0,3480,5870,19900.0,24900.0
01533400,10-17,1020.0,1180.0,1780.0,3780,8200,17300.0,21800.0
01533400,10-18,1070.0,1160.0,1860.0,3650,9250,18900.0,23500.0
01533400,10-19,1070.0,1180.0,1850.0,4250,10600,17700.0,22400.0
01533400,10-20,1070.0,1200.0,1860.0,4170,11600,19500.0,35400.0
01533400,10-21,1050.0,1290.0,1890.0,4750,12400,28900.0,47600.0
01533400,10-22,1090.0,1220.0,1820.0,4790,11900,36800.0,57700.0
01533400,10-23,1080.0,1200.0,1980.0,4490,12400,29800.0,44500.0
01533400,10-24,1070.0,1240.0,1980.0,4610,13600,25100.0,35400.0
01533400,10-25,1080.0,1270.0,2130.0,4620,12800,19800.0,31100.0
01533400,10-26,1180.0,1350.0,2200.0,5000,11400,22700.0,47000.0
01533400,10-27,1230.0,1500.0,2380.0,5290,10400,21300.0,57100.0
01533400,10-28,1240.0,1470.0,2410.0,5910,17200,32900.0,45100.0
01533400,10-29,1270.0,1460.0,2450.0,6060,16300,38500.0,55700.0
01533400,10-30,1280.0,1460.0,2480.0,6850,17300,41400.0,57300.0
01533400,10-31,1250.0,1570.0,3060.0,7490,14700,35300.0,44300.0
01533400,11-01,1220.0,1560.0,3270.0,7800,15000,29000.0,43800.0
01533400,11-02,1190.0,1550.0,3150.0,7140,13100,25600.0,35700.0
01533400,11-03,1160.0,1560.0,2950.0,6740,14800,23400.0,33500.0
01533400,11-04,1150.0,1550.0,3800.0,6870,13900,21400.0,31700.0
01533400,11-05,1270.0,1720.0,3530.0,6470,13100,19500.0,27800.0
01533400,11-06,1260.0,1690.0,3680.0,6150,11400,19500.0,26300.0
01533400,11-07,1270.0,1640.0,3710.0,6260,13600,16900.0,21500.0
01533400,11-08,1270.0,1670.0,3660.0,6330,13000,18100.0,27200.0
01533400,11-09,1260.0,1690.0,3620.0,6660,12900,17400.0,41400.0
01533400,11-10,1290.0,1660.0,3440.0,7590,11800,17700.0,35300.0
01533400,11-11,1390.0,1660.0,3820.0,7230,11000,22400.0,55100.0
01533400,11-12,1420.0,2240.0,4160.0,7480,11500,22300.0,59200.0
01533400,11-13,1490.0,2270.0,4530.0,7190,11900,31900.0,46200.0
01533400,11-14,1480.0,2220.0,4370.0,7130,11900,27800.0,35800.0
01533400,11-15,1540.0,2350.0,4230.0,7060,12300,24900.0,28600.0
01533400,11-16,1540.0,2580.0,4000.0,7510,12200,24200.0,25200.0
01533400,11-17,1530.0,2580.0,3900.0,8010,17000,22700.0,35200.0
01533400,11-18,1500.0,2560.0,4420.0,7340,19900,26400.0,41500.0
01533400,11-19,1430.0,2500.0,4320.0,7170,17600,26300.0,35700.0
01533400,11-20,1440.0,2420.0,4140.0,7180,18000,25000.0,35800.0
01533400,11-21,1480.0,2450.0,4300.0,8110,17500,20100.0,30700.0
01533400,11-22,1630.0,2440.0,4870.0,8120,16600,19900.0,27900.0
01533400,11-23,1910.0,2450.0,4730.0,7990,16500,20200.0,26300.0
01533400,11-24,2070.0,3050.0,4570.0,7910,15300,23300.0,31900.0
01533400,11-25,2130.0,3030.0,5270.0,7780,14000,23300.0,32900.0
01533400,11-26,2520.0,3060.0,5310.0,9110,13700,22300.0,32200.0
01533400,11-27,2690.0,4160.0,6240.0,9670,16300,26400.0,58000.0
01533400,11-28,2770.0,4150.0,6740.0,10400,19100,29600.0,59900.0
01533400,11-29,3430.0,4130.0,7630.0,11300,20400,39300.0,56200.0
01533400,11-30,3450.0,4350.0,7200.0,11600,21100,39000.0,49800.0
01533400,12-01,3870.0,4630.0,7050.0,11000,20200,32400.0,37700.0
01533400,12-02,3770.0,5080.0,7670.0,11300,23800,35800.0,68100.0
01533400,12-03,3870.0,4950.0,8030.0,10700,20300,42500.0,53200.0
01533400,12-04,3860.0,5260.0,8870.0,12400,18400,37500.0,47300.0
01533400,12-05,4110.0,4730.0,8050.0,11900,20200,33600.0,47800.0
01533400,12-06,4340.0,4710.0,7300.0,11500,18200,35900.0,39200.0
01533400,12-07,4050.0,4610.0,7590.0,11400,19100,29000.0,34300.0
01533400,12-08,4040.0,4330.0,7450.0,11200,18600,25900.0,29800.0
01533400,12-09,3820.0,4000.0,7460.0,11000,16500,21200.0,27800.0
01533400,12-10,3720.0,3950.0,7510.0,10800,16000,19000.0,24000.0
01533400,12-11,3470.0,3940.0,7440.0,11900,15800,22500.0,32100.0
01533400,12-12,3290.0,3890.0,7130.0,11900,17100,32500.0,53800.0
01533400,12-13,3120.0,3500.0,7410.0,10800,18200,31200.0,51500.0
01533400,12-14,2890.0,3720.0,7230.0,10300,18000,38500.0,59300.0
01533400,12-15,2800.0,3630.0,6940.0,10500,19100,34300.0,65400.0
01533400,12-16,2800.0,3200.0,6700.0,10400,18500,27800.0,62300.0
01533400,12-17,2700.0,3480.0,6550.0,11300,18500,28500.0,49800.0
01533400,12-18,2730.0,3430.0,6800.0,12100,17500,37700.0,46900.0
01533400,12-19,2690.0,4020.0,6830.0,12100,21700,35000.0,45300.0
01533400,12-20,2850.0,3970.0,6640.0,11500,18600,34500.0,38100.0
01533400,12-21,3000.0,4320.0,6210.0,11700,18400,29600.0,37900.0
01533400,12-22,2840.0,4610.0,6220.0,11900,19200,31100.0,48700.0
01533400,12-23,2670.0,4560.0,6340.0,11400,17100,31800.0,50700.0
01533400,12-24,3180.0,4590.0,7120.0,11700,22400,43700.0,48100.0
01533400,12-25,4020.0,5120.0,7970.0,11300,22900,40900.0,66400.0
01533400,12-26,3770.0,5660.0,7840.0,12000,24600,38700.0,55500.0
01533400,12-27,3450.0,5080.0,7120.0,13700,22400,31900.0,40000.0
01533400,12-28,3270.0,5220.0,6620.0,12800,20300,27800.0,30700.0
01533400,12-29,3180.0,3830.0,6190.0,13900,18900,26500.0,39200.0
01533400,12-30,2860.0,3650.0,6840.0,13300,22400,28800.0,34900.0
01533400,12-31,2840.0,3500.0,6770.0,13300,22600,30400.0,40000.0
01534000,01-01,87.0,120.0,200.0,385,850,1530.0,2260.0
01534000,01-02,94.0,124.0,210.0,381,811,1550.0,1940.0
01534000,01-03,98.0,133.0,191.0,355,730,1360.0,2200.0
01534000,01-04,101.0,133.0,208.0,375,766,1320.0,1860.0
01534000,01-05,100.0,123.0,200.0,394,771,1430.0,2040.0
01534000,01-06,105.0,137.0,182.0,389,799,1580.0,2160.0
01534000,01-07,108.0,137.0,184.0,393,806,1470.0,2580.0
01534000,01-08,97.0,130.0,190.0,367,700,1200.0,2050.0
01534000,01-09,94.0,130.0,186.0,358,692,1400.0,1730.0
01534000,01-10,100.0,131.0,180.0,376,642,1310.0,1690.0
01534000,01-11,96.0,122.0,181.0,370,624,1270.0,1820.0
01534000,01-12,99.0,120.0,174.0,341,649,1200.0,1560.0
01534000,01-13,103.0,120.0,182.0,345,691,1210.0,1720.0
01534000,01-14,92.0,116.0,170.0,325,653,1180.0,1790.0
01534000,01-15,94.0,112.0,170.0,349,698,1240.0,1800.0
01534000,01-16,93.0,112.0,163.0,385,646,1160.0,1410.0
01534000,01-17,93.0,117.0,163.0,328,562,936.0,1190.0
01534000,01-18,95.0,110.0,170.0,293,563,1170.0,1470.0
01534000,01-19,94.0,112.0,172.0,297,544,1170.0,1750.0
01534000,01-20,95.0,110.0,170.0,293,512,1060.0,1590.0
01534000,01-21,88.0,108.0,174.0,325,636,1190.0,1550.0
01534000,01-22,88.0,106.0,176.0,347,647,1370.0,2670.0
01534000,01-23,89.0,110.0,178.0,350,679,1690.0,1960.0
01534000,01-24,87.0,110.0,180.0,341,735,1530.0,2480.0
01534000,01-25,81.0,120.0,185.0,383,779,2430.0,4360.0
01534000,01-26,80.0,120.0,178.0,351,874,1940.0,2980.0
01534000,01-27,81.0,120.0,175.0,341,815,1910.0,2710.0
01534000,01-28,81.0,110.0,180.0,319,714,1660.0,2730.0
01534000,01-29,81.0,106.0,171.0,307,703,1220.0,1790.0
01534000,01-30,81.0,92.0,172.0,329,700,1110.0,1660.0
01534000,01-31,79.0,94.0,172.0,345,653,1230.0,1650.0
01534000,02-01,70.0,102.0,190.0,338,665,1280.0,1740.0
01534000,02-02,80.0,104.0,190.0,321,618,1330.0,1900.0
01534000,02-03,83.0,107.0,195.0,320,628,1140.0,2320.0
01534000,02-04,80.0,106.0,170.0,355,628,1410.0,2020.0
01534000,02-05,80.0,107.0,190.0,350,553,1060.0,1410.0
01534000,02-06,89.0,113.0,176.0,350,599,890.0,1440.0
01534000,02-07,90.0,112.0,170.0,330,523,1060.0,2220.0
01534000,02-08,91.0,110.0,172.0,310,487,840.0,1830.0
01534000,02-09,90.0,116.0,177.0,310,481,860.0,1390.0
01534000,02-10,89.0,103.0,185.0,300,528,1180.0,1880.0
01534000,02-11,83.0,116.0,185.0,295,563,1350.0,2200.0
01534000,02-12,81.0,123.0,173.0,290,671,1300.0,2280.0
01534000,02-13,85.0,120.0,193.0,280,616,1360.0,1970.0
01534000,02-14,89.0,124.0,210.0,310,611,1290.0,1880.0
01534000,02-15,94.0,140.0,209.0,320,726,1690.0,2590.0
01534000,02-16,105.0,132.0,225.0,370,751,1560.0,2490.0
01534000,02-17,114.0,137.0,210.0,352,727,1400.0,2340.0
01534000,02-18,111.0,150.0,210.0,370,759,1260.0,2040.0
01534000,02-19,117.0,155.0,213.0,350,722,1310.0,1760.0
01534000,02-20,105.0,150.0,220.0,359,801,1820.0,2790.0
01534000,02-21,104.0,150.0,222.0,378,880,1790.0,2540.0
01534000,02-22,116.0,150.0,218.0,402,941,1990.0,2890.0
01534000,02-23,119.0,144.0,225.0,431,1040,1800.0,2410.0
01534000,02-24,128.0,147.0,212.0,423,969,1910.0,2570.0
01534000,02-25,118.0,151.0,225.0,470,1040,1900.0,4130.0
01534000,02-26,120.0,160.0,248.0,488,1150,2470.0,3560.0
01534000,02-27,120.0,150.0,263.0,483,1110,2190.0,3750.0
01534000,02-28,120.0,150.0,284.0,569,1040,2000.0,3020.0
01534000,02-29,112.0,119.0,223.0,476,739,1220.0,2770.0
01534000,03-01,117.0,150.0,281.0,548,985,2190.0,3030.0
01534000,03-02,110.0,150.0,276.0,546,850,1980.0,2670.0
01534000,03-03,117.0,165.0,322.0,534,995,1710.0,2260.0
01534000,03-04,117.0,160.0,315.0,522,1080,2010.0,2570.0
01534000,03-05,134.0,184.0,347.0,518,1170,2050.0,4210.0
01534000,03-06,135.0,179.0,344.0,545,1410,2670.0,3830.0
01534000,03-07,137.0,212.0,351.0,577,1200,2160.0,3460.0
01534000,03-08,179.0,230.0,361.0,612,1170,2290.0,2750.0
01534000,03-09,185.0,247.0,352.0,696,1130,2150.0,3700.0
01534000,03-10,197.0,263.0,344.0,655,1180,2160.0,2900.0
01534000,03-11,197.0,243.0,353.0,663,1270,2200.0,3390.0
01534000,03-12,198.0,235.0,365.0,727,1350,3100.0,3740.0
01534000,03-13,207.0,247.0,413.0,735,1390,2270.0,3270.0
01534000,03-14,230.0,290.0,451.0,840,1210,2660.0,4570.0
01534000,03-15,242.0,276.0,472.0,810,1270,2930.0,3900.0
01534000,03-16,257.0,321.0,477.0,768,1420,2330.0,3310.0
01534000,03-17,254.0,345.0,491.0,785,1500,2980.0,4060.0
01534000,03-18,274.0,350.0,479.0,781,1480,2260.0,3350.0
01534000,03-19,276.0,350.0,483.0,770,1240,2020.0,2570.0
01534000,03-20,266.0,361.0,498.0,830,1240,2120.0,3680.0
01534000,03-21,264.0,330.0,560.0,852,1360,2310.0,3230.0
01534000,03-22,265.0,340.0,527.0,882,1630,2480.0,3410.0
01534000,03-23,257.0,358.0,529.0,785,1490,2560.0,3370.0
01534000,03-24,285.0,367.0,545.0,847,1480,2460.0,3380.0
01534000,03-25,278.0,374.0,539.0,900,1540,2260.0,3600.0
01534000,03-26,276.0,396.0,616.0,948,1360,2280.0,3470.0
01534000,03-27,270.0,393.0,589.0,896,1420,3020.0,4850.0
01534000,03-28,292.0,423.0,587.0,820,1550,3000.0,4310.0
01534000,03-29,313.0,420.0,587.0,793,1450,2700.0,5340.0
01534000,03-30,299.0,409.0,554.0,771,1600,3190.0,4420.0
01534000,03-31,311.0,387.0,531.0,761,1470,3190.0,4680.0
01534000,04-01,295.0,379.0,557.0,895,1560,2860.0,5630.0
01534000,04-02,320.0,345.0,603.0,929,1720,3140.0,4370.0
01534000,04-03,297.0,345.0,611.0,1000,1700,3060.0,4140.0
01534000,04-04,278.0,350.0,605.0,954,1900,3370.0,4110.0
01534000,04-05,295.0,331.0,570.0,888,1880,3100.0,4930.0
01534000,04-06,269.0,331.0,535.0,1060,1710,2850.0,4820.0
01534000,04-07,271.0,401.0,564.0,1020,1610,2460.0,3840.0
01534000,04-08,280.0,413.0,540.0,950,1410,2460.0,3500.0
01534000,04-09,299.0,396.0,559.0,879,1290,2310.0,3330.0
01534000,04-10,303.0,369.0,551.0,875,1310,2440.0,2920.0
01534000,04-11,304.0,385.0,501.0,823,1360,1910.0,2530.0
01534000,04-12,308.0,345.0,534.0,850,1390,2010.0,2630.0
01534000,04-13,294.0,345.0,516.0,930,1330,1700.0,2470.0
01534000,04-14,285.0,338.0,518.0,851,1240,1940.0,2890.0
01534000,04-15,270.0,320.0,502.0,789,1270,2330.0,2890.0
01534000,04-16,260.0,293.0,489.0,708,1210,2050.0,3130.0
01534000,04-17,252.0,300.0,512.0,728,1180,2510.0,3910.0
01534000,04-18,231.0,301.0,471.0,710,1030,2050.0,2650.0
01534000,04-19,218.0,281.0,437.0,666,1040,1680.0,2420.0
01534000,04-20,211.0,273.0,444.0,680,1080,1710.0,2880.0
01534000,04-21,199.0,274.0,393.0,661,1090,1800.0,2690.0
01534000,04-22,207.0,258.0,386.0,620,1010,2190.0,2890.0
01534000,04-23,209.0,294.0,384.0,608,1100,1840.0,2150.0
01534000,04-24,223.0,276.0,387.0,580,1100,1680.0,2290.0
01534000,04-25,226.0,252.0,407.0,549,990,1580.0,2500.0
01534000,04-26,235.0,265.0,400.0,617,939,1510.0,2470.0
01534000,04-27,216.0,273.0,367.0,633,943,1670.0,2650.0
01534000,04-28,233.0,264.0,371.0,583,845,1630.0,2680.0
01534000,04-29,209.0,260.0,383.0,540,793,1480.0,2040.0
01534000,04-30,190.0,250.0,359.0,515,846,1470.0,1680.0
01534000,05-01,187.0,249.0,354.0,504,980,1410.0,2360.0
01534000,05-02,196.0,259.0,343.0,519,840,1420.0,1850.0
01534000,05-03,203.0,249.0,346.0,506,823,1300.0,1640.0
01534000,05-04,198.0,245.0,325.0,545,840,1270.0,1780.0
01534000,05-05,202.0,241.0,314.0,483,796,1230.0,2010.0
01534000,05-06,190.0,221.0,298.0,501,767,1320.0,1850.0
01534000,05-07,182.0,206.0,315.0,491,807,1320.0,2480.0
01534000,05-08,189.0,204.0,292.0,472,723,1390.0,2330.0
01534000,05-09,184.0,209.0,290.0,484,864,1550.0,2190.0
01534000,05-10,169.0,203.0,282.0,520,899,1510.0,2330.0
01534000,05-11,179.0,196.0,286.0,492,892,1670.0,2260.0
01534000,05-12,164.0,186.0,291.0,510,885,1770.0,2270.0
01534000,05-13,154.0,179.0,297.0,478,1070,2020.0,2500.0
01534000,05-14,146.0,165.0,273.0,461,1000,1580.0,2030.0
01534000,05-15,144.0,168.0,272.0,483,952,1560.0,1930.0
01534000,05-16,136.0,164.0,245.0,489,874,1360.0,1960.0
01534000,05-17,131.0,169.0,254.0,510,807,1390.0,2070.0
01534000,05-18,123.0,155.0,238.0,478,758,1230.0,1750.0
01534000,05-19,121.0,154.0,237.0,435,750,1260.0,1520.0
01534000,05-20,114.0,152.0,255.0,434,777,1190.0,1770.0
01534000,05-21,111.0,160.0,247.0,424,773,1300.0,1790.0
01534000,05-22,103.0,161.0,240.0,367,684,1370.0,2320.0
01534000,05-23,106.0,157.0,221.0,379,661,1080.0,1860.0
01534000,05-24,126.0,144.0,202.0,349,709,1160.0,2810.0
01534000,05-25,127.0,139.0,217.0,337,616,1010.0,2120.0
01534000,05-26,120.0,140.0,225.0,332,525,992.0,2110.0
01534000,05-27,120.0,130.0,197.0,336,509,948.0,1620.0
01534000,05-28,110.0,130.0,202.0,314,477,932.0,1390.0
01534000,05-29,107.0,127.0,193.0,295,507,1080.0,1710.0
01534000,05-30,90.0,119.0,181.0,290,469,966.0,1740.0
01534000,05-31,89.0,110.0,170.0,276,509,883.0,1450.0
01534000,06-01,89.0,108.0,164.0,250,539,1220.0,1580.0
01534000,06-02,85.0,113.0,159.0,260,534,1050.0,1500.0
01534000,06-03,76.0,107.0,158.0,270,495,863.0,1120.0
01534000,06-04,69.0,106.0,150.0,246,501,803.0,1380.0
01534000,06-05,88.0,109.0,143.0,243,447,761.0,1140.0
01534000,06-06,81.0,101.0,132.0,249,509,956.0,1350.0
01534000,06-07,75.0,97.0,133.0,233,489,893.0,1330.0
01534000,06-08,65.0,93.0,131.0,214,490,778.0,1100.0
01534000,06-09,63.0,83.0,129.0,217,443,630.0,843.0
01534000,06-10,62.0,81.0,117.0,250,410,571.0,842.0
01534000,06-11,63.0,76.0,112.0,238,347,590.0,701.0
01534000,06-12,65.0,77.0,125.0,214,346,560.0,833.0
01534000,06-13,63.0,79.0,122.0,210,361,623.0,953.0
01534000,06-14,65.0,80.0,121.0,199,414,752.0,1090.0
01534000,06-15,63.0,84.0,117.0,202,392,652.0,1190.0
01534000,06-16,61.0,76.0,127.0,188,344,610.0,979.0
01534000,06-17,56.0,71.0,108.0,187,355,751.0,1030.0
01534000,06-18,57.0,67.0,110.0,173,341,646.0,1300.0
01534000,06-19,56.0,66.0,106.0,180,361,644.0,1150.0
01534000,06-20,56.0,67.0,96.0,163,322,612.0,1080.0
01534000,06-21,49.0,63.0,90.0,150,307,591.0,1150.0
01534000,06-22,50.0,62.0,85.0,142,308,864.0,1290.0
01534000,06-23,47.0,63.0,84.0,159,317,656.0,1020.0
01534000,06-24,53.0,60.0,81.0,162,301,632.0,1080.0
01534000,06-25,50.0,57.0,84.0,154,285,550.0,901.0
01534000,06-26,48.0,53.0,82.0,143,286,636.0,892.0
01534000,06-27,44.0,51.0,84.0,143,261,643.0,1190.0
01534000,06-28,45.0,52.0,83.0,142,266,727.0,1370.0
01534000,06-29,44.0,52.0,78.0,142,292,955.0,1530.0
01534000,06-30,43.0,57.0,78.0,139,303,780.0,1120.0
01534000,07-01,40.0,54.0,77.0,131,312,873.0,2070.0
01534000,07-02,40.0,51.0,75.0,148,306,904.0,1310.0
01534000,07-03,39.0,47.0,71.0,153,321,695.0,978.0
01534000,07-04,37.0,51.0,66.0,136,295,703.0,884.0
01534000,07-05,37.0,51.0,70.0,138,259,552.0,924.0
01534000,07-06,38.0,50.0,66.0,125,259,554.0,714.0
01534000,07-07,40.0,46.0,66.0,120,229,499.0,648.0
01534000,07-08,40.0,47.0,65.0,116,236,557.0,774.0
01534000,07-09,37.0,44.0,71.0,107,262,529.0,936.0
01534000,07-10,38.0,45.0,67.0,115,235,472.0,1210.0
01534000,07-11,38.0,43.0,66.0,113,234,444.0,946.0
01534000,07-12,34.0,40.0,63.0,121,223,399.0,722.0
01534000,07-13,32.0,43.0,63.0,122,256,416.0,635.0
01534000,07-14,31.0,38.0,62.0,107,258,489.0,792.0
01534000,07-15,31.0,39.0,62.0,102,236,617.0,791.0
01534000,07-16,31.0,39.0,62.0,106,255,556.0,739.0
01534000,07-17,26.0,36.0,58.0,99,222,423.0,703.0
01534000,07-18,27.0,34.0,57.0,99,225,369.0,880.0
01534000,07-19,27.0,35.0,55.0,94,208,420.0,736.0
01534000,07-20,34.0,39.0,60.0,101,203,322.0,660.0
01534000,07-21,29.0,33.0,60.0,109,226,393.0,689.0
01534000,07-22,25.0,34.0,58.0,103,251,440.0,711.0
01534000,07-23,26.0,33.0,60.0,120,271,548.0,732.0
01534000,07-24,28.0,37.0,62.0,133,295,504.0,735.0
01534000,07-25,28.0,32.0,64.0,122,232,369.0,581.0
01534000,07-26,27.0,34.0,57.0,123,208,336.0,448.0
01534000,07-27,27.0,33.0,56.0,110,228,440.0,801.0
01534000,07-28,28.0,35.0,58.0,111,215,544.0,738.0
01534000,07-29,27.0,34.0,61.0,108,234,420.0,526.0
01534000,07-30,25.0,33.0,58.0,119,243,542.0,730.0
01534000,07-31,22.0,34.0,54.0,114,231,416.0,1130.0
01534000,08-01,22.0,32.0,54.0,108,230,630.0,870.0
01534000,08-02,22.0,32.0,59.0,103,243,458.0,715.0
01534000,08-03,24.0,29.0,55.0,103,218,492.0,804.0
01534000,08-04,23.0,31.0,53.0,108,205,470.0,1140.0
01534000,08-05,23.0,33.0,57.0,97,202,500.0,987.0
01534000,08-06,23.0,33.0,52.0,98,176,494.0,775.0
01534000,08-07,24.0,33.0,51.0,99,187,510.0,829.0
01534000,08-08,22.0,32.0,49.0,94,219,439.0,592.0
01534000,08-09,24.0,32.0,47.0,88,234,445.0,690.0
01534000,08-10,23.0,28.0,48.0,90,193,427.0,1010.0
01534000,08-11,24.0,32.0,50.0,92,214,489.0,905.0
01534000,08-12,27.0,33.0,51.0,88,210,459.0,745.0
01534000,08-13,29.0,35.0,53.0,95,202,418.0,673.0
01534000,08-14,30.0,35.0,51.0,88,183,407.0,882.0
01534000,08-15,29.0,35.0,49.0,88,194,434.0,622.0
01534000,08-16,28.0,33.0,45.0,93,178,422.0,560.0
01534000,08-17,25.0,30.0,48.0,88,175,374.0,580.0
01534000,08-18,23.0,28.0,46.0,85,180,356.0,2050.0
01534000,08-19,22.0,26.0,46.0,78,169,317.0,1970.0
01534000,08-20,22.0,26.0,40.0,71,145,341.0,1210.0
01534000,08-21,24.0,27.0,39.0,74,129,393.0,823.0
01534000,08-22,21.0,28.0,38.0,82,156,547.0,753.0
01534000,08-23,22.0,26.0,39.0,83,147,542.0,897.0
01534000,08-24,22.0,29.0,40.0,76,158,423.0,746.0
01534000,08-25,24.0,28.0,44.0,71,151,408.0,761.0
01534000,08-26,23.0,27.0,46.0,72,157,329.0,581.0
01534000,08-27,24.0,27.0,45.0,69,142,349.0,830.0
01534000,08-28,21.0,25.0,41.0,73,184,376.0,759.0
01534000,08-29,20.0,26.0,39.0,88,169,415.0,850.0
01534000,08-30,19.0,24.0,41.0,78,163,456.0,1020.0
01534000,08-31,19.0,24.0,45.0,77,172,452.0,703.0
01534000,09-01,19.0,24.0,42.0,84,161,490.0,692.0
01534000,09-02,20.0,26.0,40.0,77,154,422.0,735.0
01534000,09-03,20.0,25.0,46.0,75,171,333.0,622.0
01534000,09-04,20.0,30.0,47.0,71,148,279.0,619.0
01534000,09-05,21.0,30.0,47.0,74,168,289.0,631.0
01534000,09-06,22.0,31.0,44.0,72,172,289.0,640.0
01534000,09-07,25.0,32.0,43.0,76,144,344.0,572.0
01534000,09-08,24.0,29.0,42.0,71,148,391.0,519.0
01534000,09-09,23.0,27.0,40.0,69,137,370.0,645.0
01534000,09-10,21.0,27.0,40.0,67,141,352.0,965.0
01534000,09-11,20.0,25.0,41.0,67,162,302.0,901.0
01534000,09-12,20.0,26.0,38.0,70,164,337.0,1030.0
01534000,09-13,20.0,27.0,39.0,76,147,351.0,1090.0
01534000,09-14,21.0,27.0,38.0,77,149,344.0,1040.0
01534000,09-15,22.0,26.0,43.0,80,169,335.0,900.0
01534000,09-16,22.0,27.0,44.0,78,175,720.0,1040.0
01534000,09-17,22.0,26.0,46.0,74,163,582.0,735.0
01534000,09-18,23.0,26.0,41.0,78,153,480.0,904.0
01534000,09-19,23.0,26.0,43.0,73,159,495.0,804.0
01534000,09-20,23.0,27.0,46.0,75,192,443.0,893.0
01534000,09-21,22.0,26.0,45.0,78,196,514.0,1150.0
01534000,09-22,22.0,26.0,49.0,81,240,546.0,1060.0
01534000,09-23,22.0,28.0,48.0,93,256,575.0,834.0
01534000,09-24,22.0,28.0,47.0,93,225,511.0,1150.0
01534000,09-25,20.0,29.0,44.0,90,206,551.0,1520.0
01534000,09-26,21.0,27.0,43.0,92,192,579.0,1080.0
01534000,09-27,22.0,28.0,43.0,84,253,514.0,2160.0
01534000,09-28,23.0,27.0,44.0,90,297,770.0,2130.0
01534000,09-29,22.0,28.0,46.0,86,270,727.0,1580.0
01534000,09-30,23.0,27.0,48.0,101,261,782.0,1430.0
01534000,10-01,23.0,31.0,54.0,98,262,708.0,1420.0
01534000,10-02,24.0,30.0,49.0,113,246,787.0,1950.0
01534000,10-03,25.0,29.0,53.0,95,228,666.0,1170.0
01534000,10-04,25.0,32.0,50.0,92,229,763.0,1270.0
01534000,10-05,25.0,32.0,46.0,105,282,730.0,1140.0
01534000,10-06,26.0,31.0,45.0,101,360,783.0,1250.0
01534000,10-07,26.0,32.0,51.0,93,325,664.0,1090.0
01534000,10-08,26.0,33.0,57.0,117,302,607.0,923.0
01534000,10-09,25.0,31.0,58.0,128,283,603.0,912.0
01534000,10-10,24.0,31.0,57.0,136,283,564.0,976.0
01534000,10-11,23.0,32.0,54.0,136,282,532.0,809.0
01534000,10-12,24.0,33.0,56.0,132,256,608.0,881.0
01534000,10-13,24.0,31.0,54.0,131,279,556.0,997.0
01534000,10-14,24.0,33.0,55.0,130,246,564.0,908.0
01534000,10-15,27.0,35.0,56.0,130,250,679.0,929.0
01534000,10-16,28.0,36.0,59.0,135,240,604.0,1030.0
01534000,10-17,28.0,37.0,60.0,124,247,625.0,821.0
01534000,10-18,29.0,36.0,63.0,131,268,559.0,1280.0
01534000,10-19,29.0,39.0,65.0,134,268,894.0,1740.0
01534000,10-20,29.0,38.0,68.0,140,296,1130.0,2380.0
01534000,10-21,29.0,40.0,69.0,131,304,939.0,2510.0
01534000,10-22,29.0,46.0,69.0,131,281,881.0,1360.0
01534000,10-23,27.0,45.0,65.0,156,295,795.0,1460.0
01534000,10-24,27.0,44.0,74.0,163,405,872.0,1280.0
01534000,10-25,31.0,44.0,73.0,166,440,1090.0,1770.0
01534000,10-26,32.0,47.0,80.0,159,446,972.0,1950.0
01534000,10-27,32.0,44.0,83.0,186,492,945.0,1520.0
01534000,10-28,34.0,44.0,71.0,192,547,1160.0,2270.0
01534000,10-29,35.0,46.0,79.0,179,555,1040.0,1730.0
01534000,10-30,34.0,51.0,90.0,193,527,1020.0,1750.0
01534000,10-31,35.0,49.0,93.0,231,483,1070.0,1850.0
01534000,11-01,35.0,46.0,95.0,222,457,1220.0,1470.0
01534000,11-02,34.0,47.0,90.0,241,531,972.0,1340.0
01534000,11-03,34.0,44.0,91.0,232,620,1090.0,2050.0
01534000,11-04,39.0,48.0,92.0,246,561,900.0,1240.0
01534000,11-05,42.0,50.0,96.0,239,517,909.0,1250.0
01534000,11-06,40.0,56.0,101.0,277,554,875.0,1170.0
01534000,11-07,47.0,56.0,100.0,270,528,801.0,966.0
01534000,11-08,44.0,55.0,97.0,319,534,744.0,1220.0
01534000,11-09,51.0,57.0,113.0,295,503,868.0,1470.0
01534000,11-10,47.0,61.0,126.0,279,484,968.0,2630.0
01534000,11-11,48.0,61.0,121.0,293,518,1090.0,2090.0
01534000,11-12,49.0,68.0,125.0,282,504,1260.0,1770.0
01534000,11-13,51.0,66.0,117.0,300,595,1320.0,1860.0
01534000,11-14,53.0,64.0,111.0,306,545,1070.0,1730.0
01534000,11-15,53.0,67.0,121.0,318,557,1220.0,2000.0
01534000,11-16,52.0,66.0,139.0,316,616,1490.0,2810.0
01534000,11-17,50.0,67.0,144.0,312,744,1580.0,2360.0
01534000,11-18,58.0,67.0,140.0,292,780,1490.0,1900.0
01534000,11-19,57.0,70.0,129.0,274,779,1250.0,1840.0
01534000,11-20,51.0,67.0,126.0,293,732,1460.0,2220.0
01534000,11-21,50.0,67.0,146.0,311,805,1470.0,2030.0
01534000,11-22,54.0,73.0,159.0,388,708,1260.0,1510.0
01534000,11-23,53.0,77.0,173.0,413,680,1320.0,1920.0
01534000,11-24,51.0,88.0,180.0,400,646,1110.0,1540.0
01534000,11-25,57.0,87.0,192.0,417,676,1150.0,1480.0
01534000,11-26,59.0,101.0,209.0,371,729,1170.0,1760.0
01534000,11-27,68.0,102.0,222.0,368,750,1850.0,2800.0
01534000,11-28,66.0,98.0,206.0,386,835,1920.0,2880.0
01534000,11-29,66.0,117.0,205.0,393,828,1830.0,2710.0
01534000,11-30,74.0,117.0,216.0,390,865,1550.0,2330.0
01534000,12-01,72.0,115.0,214.0,391,898,1630.0,2230.0
01534000,12-02,65.0,114.0,211.0,387,793,1610.0,2760.0
01534000,12-03,66.0,135.0,209.0,385,840,1460.0,2460.0
01534000,12-04,68.0,121.0,199.0,363,889,1490.0,1980.0
01534000,12-05,75.0,123.0,195.0,359,863,1380.0,2260.0
01534000,12-06,74.0,112.0,201.0,363,805,1710.0,2290.0
01534000,12-07,80.0,108.0,200.0,368,818,1680.0,2380.0
01534000,12-08,81.0,113.0,200.0,382,720,1300.0,2410.0
01534000,12-09,73.0,101.0,220.0,403,682,1310.0,2250.0
01534000,12-10,84.0,100.0,213.0,406,802,1220.0,1780.0
01534000,12-11,79.0,102.0,211.0,420,801,1570.0,3250.0
01534000,12-12,76.0,93.0,205.0,463,762,1670.0,2400.0
01534000,12-13,71.0,107.0,199.0,433,828,1660.0,2120.0
01534000,12-14,80.0,90.0,188.0,415,898,1520.0,2580.0
01534000,12-15,75.0,101.0,190.0,432,865,1460.0,2370.0
01534000,12-16,70.0,103.0,189.0,417,720,1230.0,1590.0
01534000,12-17,69.0,106.0,226.0,395,789,1140.0,1600.0
01534000,12-18,70.0,102.0,240.0,449,798,1460.0,2240.0
01534000,12-19,71.0,112.0,233.0,420,727,1350.0,2420.0
01534000,12-20,72.0,110.0,230.0,428,701,1210.0,1780.0
01534000,12-21,76.0,114.0,211.0,409,694,1440.0,2270.0
01534000,12-22,81.0,127.0,210.0,391,699,1470.0,2430.0
01534000,12-23,74.0,113.0,220.0,388,788,1390.0,1970.0
01534000,12-24,81.0,123.0,229.0,401,807,1350.0,1850.0
01534000,12-25,83.0,135.0,233.0,415,789,1240.0,2050.0
01534000,12-26,89.0,130.0,240.0,400,750,1310.0,1750.0
01534000,12-27,91.0,123.0,213.0,381,666,1140.0,1590.0
01534000,12-28,90.0,120.0,223.0,394,691,1160.0,1660.0
01534000,12-29,96.0,129.0,200.0,375,653,1290.0,1720.0
01534000,12-30,88.0,127.0,193.0,355,722,1340.0,2540.0
01534000,12-31,85.0,125.0,191.0,332,798,1370.0,1720.0
01536000,01-01,94.0,128.0,190.0,366,583,1080.0,1600.0
01536000,01-02,92.0,137.0,194.0,321,628,1130.0,1800.0
01536000,01-03,101.0,130.0,200.0,284,606,1280.0,1420.0
01536000,01-04,104.0,120.0,196.0,338,599,1130.0,1470.0
01536000,01-05,94.0,110.0,181.0,325,592,1170.0,1650.0
01536000,01-06,92.0,108.0,180.0,312,570,1110.0,1420.0
01536000,01-07,90.0,112.0,168.0,313,544,1070.0,1330.0
01536000,01-08,96.0,110.0,175.0,291,491,1000.0,1780.0
01536000,01-09,103.0,131.0,162.0,272,591,1070.0,1550.0
01536000,01-10,100.0,128.0,153.0,303,562,962.0,1440.0
01536000,01-11,102.0,134.0,165.0,300,621,891.0,1680.0
01536000,01-12,115.0,140.0,188.0,290,555,1210.0,1460.0
01536000,01-13,110.0,135.0,171.0,285,602,1130.0,1290.0
01536000,01-14,104.0,131.0,166.0,277,580,1010.0,1740.0
01536000,01-15,102.0,125.0,170.0,267,560,944.0,1320.0
01536000,01-16,100.0,121.0,157.0,301,534,1020.0,1260.0
01536000,01-17,97.0,110.0,158.0,265,490,883.0,1030.0
01536000,01-18,95.0,111.0,165.0,280,499,727.0,838.0
01536000,01-19,88.0,105.0,160.0,264,502,715.0,1100.0
01536000,01-20,88.0,100.0,150.0,302,488,751.0,1230.0
01536000,01-21,88.0,98.0,140.0,310,445,858.0,1290.0
01536000,01-22,86.0,96.0,140.0,278,415,823.0,1250.0
01536000,01-23,85.0,109.0,141.0,270,433,965.0,1170.0
01536000,01-24,86.0,109.0,168.0,259,530,1070.0,2190.0
01536000,01-25,81.0,113.0,154.0,294,590,1690.0,2300.0
01536000,01-26,77.0,115.0,153.0,289,853,1810.0,2220.0
01536000,01-27,76.0,114.0,156.0,272,769,1620.0,1940.0
01536000,01-28,72.0,104.0,153.0,284,665,1460.0,2130.0
01536000,01-29,73.0,105.0,153.0,277,597,1370.0,2300.0
01536000,01-30,75.0,102.0,150.0,294,760,1040.0,1730.0
01536000,01-31,70.0,96.0,168.0,307,642,1140.0,1410.0
01536000,02-01,71.0,93.0,174.0,313,600,1000.0,1210.0
01536000,02-02,79.0,105.0,179.0,315,605,1030.0,1640.0
01536000,02-03,82.0,102.0,178.0,339,600,1200.0,1930.0
01536000,02-04,80.0,96.0,180.0,318,550,1280.0,1820.0
01536000,02-05,80.0,103.0,180.0,344,546,1010.0,1410.0
01536000,02-06,85.0,96.0,175.0,329,500,942.0,1280.0
01536000,02-07,84.0,106.0,172.0,290,470,950.0,1190.0
01536000,02-08,82.0,100.0,168.0,286,445,914.0,1380.0
01536000,02-09,84.0,110.0,170.0,274,432,807.0,1130.0
01536000,02-10,83.0,105.0,160.0,258,425,885.0,1020.0
01536000,02-11,91.0,102.0,160.0,280,411,937.0,1630.0
01536000,02-12,96.0,114.0,166.0,293,492,1030.0,1430.0
01536000,02-13,84.0,113.0,170.0,272,541,1060.0,1350.0
01536000,02-14,88.0,123.0,160.0,266,574,1020.0,1370.0
01536000,02-15,90.0,134.0,160.0,259,536,939.0,1190.0
01536000,02-16,89.0,129.0,170.0,287,541,1010.0,1530.0
01536000,02-17,83.0,127.0,161.0,281,500,936.0,1870.0
01536000,02-18,102.0,119.0,175.0,274,535,1040.0,2250.0
01536000,02-19,108.0,132.0,181.0,280,528,1070.0,1840.0
01536000,02-20,106.0,126.0,192.0,308,553,1310.0,1670.0
01536000,02-21,104.0,139.0,193.0,312,601,1380.0,1710.0
01536000,02-22,106.0,123.0,180.0,321,567,1190.0,1880.0
01536000,02-23,117.0,130.0,184.0,303,864,1420.0,1650.0
01536000,02-24,118.0,142.0,217.0,335,919,1230.0,1840.0
01536000,02-25,110.0,131.0,228.0,329,925,1580.0,3210.0
01536000,02-26,103.0,130.0,220.0,346,772,1610.0,2500.0
01536000,02-27,98.0,128.0,227.0,328,795,1500.0,1810.0
01536000,02-28,98.0,128.0,212.0,422,753,1410.0,1810.0
01536000,02-29,,116.0,202.0,591,805,1360.0,
01536000,03-01,110.0,133.0,212.0,451,646,1390.0,1730.0
01536000,03-02,117.0,146.0,231.0,449,653,1420.0,1700.0
01536000,03-03,113.0,151.0,223.0,431,701,1280.0,1490.0
01536000,03-04,117.0,133.0,252.0,414,792,1240.0,1320.0
01536000,03-05,117.0,161.0,270.0,428,831,1430.0,2730.0
01536000,03-06,111.0,158.0,281.0,430,974,1670.0,3020.0
01536000,03-07,112.0,152.0,279.0,403,942,1630.0,2650.0
01536000,03-08,117.0,148.0,267.0,451,952,1640.0,2260.0
01536000,03-09,137.0,159.0,277.0,457,878,1820.0,2070.0
01536000,03-10,152.0,187.0,293.0,488,869,1900.0,2550.0
01536000,03-11,182.0,212.0,320.0,546,990,1750.0,2380.0
01536000,03-12,153.0,224.0,359.0,547,1070,1760.0,1980.0
01536000,03-13,128.0,255.0,354.0,558,1090,1590.0,2230.0
01536000,03-14,121.0,230.0,383.0,631,1020,1480.0,2670.0
01536000,03-15,128.0,221.0,387.0,658,961,1690.0,2510.0
01536000,03-16,135.0,266.0,377.0,598,943,1610.0,2380.0
01536000,03-17,157.0,250.0,399.0,625,1050,1720.0,2400.0
01536000,03-18,179.0,256.0,405.0,577,1120,1670.0,2370.0
01536000,03-19,210.0,267.0,396.0,626,1050,1430.0,1920.0
01536000,03-20,217.0,285.0,416.0,616,1000,1570.0,2430.0
01536000,03-21,233.0,304.0,429.0,676,1040,1550.0,1940.0
01536000,03-22,220.0,287.0,410.0,703,1220,1710.0,1850.0
01536000,03-23,216.0,290.0,395.0,667,1240,1890.0,2310.0
01536000,03-24,267.0,282.0,368.0,683,1050,1620.0,2050.0
01536000,03-25,255.0,262.0,445.0,749,1100,1520.0,2120.0
01536000,03-26,241.0,276.0,485.0,730,1080,1640.0,2100.0
01536000,03-27,223.0,295.0,502.0,739,1110,1940.0,2660.0
01536000,03-28,225.0,285.0,511.0,796,1230,1760.0,3140.0
01536000,03-29,228.0,292.0,525.0,741,1160,2210.0,3310.0
01536000,03-30,219.0,319.0,520.0,741,1400,2370.0,3120.0
01536000,03-31,224.0,310.0,483.0,753,1290,2220.0,3330.0
01536000,04-01,231.0,312.0,484.0,747,1370,2260.0,3500.0
01536000,04-02,265.0,319.0,490.0,823,1540,2340.0,3540.0
01536000,04-03,252.0,302.0,542.0,805,1430,2790.0,3930.0
01536000,04-04,257.0,318.0,539.0,855,1650,2760.0,3980.0
01536000,04-05,258.0,306.0,491.0,875,1510,2810.0,3550.0
01536000,04-06,237.0,292.0,455.0,791,1360,2390.0,3150.0
01536000,04-07,258.0,354.0,482.0,725,1420,2360.0,2920.0
01536000,04-08,260.0,357.0,455.0,662,1420,2090.0,2650.0
01536000,04-09,266.0,333.0,469.0,671,1190,1890.0,2270.0
01536000,04-10,294.0,318.0,450.0,633,1330,1930.0,2410.0
01536000,04-11,287.0,310.0,424.0,582,1250,1780.0,1880.0
01536000,04-12,267.0,308.0,403.0,682,1100,1490.0,1850.0
01536000,04-13,250.0,308.0,431.0,710,1120,1320.0,1730.0
01536000,04-14,238.0,287.0,423.0,676,1070,1220.0,1610.0
01536000,04-15,244.0,292.0,429.0,669,1010,1410.0,1820.0
01536000,04-16,237.0,251.0,451.0,661,903,2230.0,2820.0
01536000,04-17,211.0,247.0,431.0,645,967,2460.0,2760.0
01536000,04-18,194.0,237.0,421.0,586,1020,1910.0,2230.0
01536000,04-19,179.0,221.0,385.0,553,1010,1630.0,2110.0
01536000,04-20,166.0,256.0,376.0,554,999,1860.0,2150.0
01536000,04-21,156.0,253.0,345.0,530,1030,1560.0,1920.0
01536000,04-22,213.0,251.0,321.0,478,993,1530.0,1770.0
01536000,04-23,230.0,257.0,369.0,501,1030,1350.0,1870.0
01536000,04-24,253.0,274.0,355.0,549,974,1190.0,1610.0
01536000,04-25,234.0,258.0,364.0,505,929,1450.0,1810.0
01536000,04-26,244.0,265.0,382.0,571,932,1300.0,1700.0
01536000,04-27,234.0,268.0,350.0,592,864,1390.0,2630.0
01536000,04-28,237.0,268.0,365.0,548,817,1260.0,2050.0
01536000,04-29,221.0,259.0,379.0,562,755,1150.0,1670.0
01536000,04-30,232.0,250.0,361.0,536,787,1260.0,1880.0
01536000,05-01,256.0,275.0,338.0,503,724,1370.0,2240.0
01536000,05-02,259.0,287.0,361.0,523,748,1550.0,1680.0
01536000,05-03,239.0,254.0,380.0,529,768,1330.0,1380.0
01536000,05-04,224.0,238.0,386.0,550,806,1080.0,1810.0
01536000,05-05,219.0,253.0,388.0,502,756,1110.0,1850.0
01536000,05-06,214.0,247.0,363.0,509,734,1200.0,2140.0
01536000,05-07,200.0,240.0,337.0,472,808,1280.0,1820.0
01536000,05-08,189.0,245.0,332.0,486,757,1190.0,1690.0
01536000,05-09,191.0,249.0,339.0,475,765,1180.0,1560.0
01536000,05-10,187.0,243.0,335.0,519,832,1190.0,1820.0
01536000,05-11,179.0,223.0,352.0,482,706,1380.0,2180.0
01536000,05-12,194.0,232.0,362.0,520,755,1460.0,1610.0
01536000,05-13,180.0,225.0,350.0,511,907,1340.0,1990.0
01536000,05-14,169.0,208.0,336.0,481,1040,1540.0,2140.0
01536000,05-15,165.0,209.0,314.0,474,962,1480.0,1960.0
01536000,05-16,157.0,192.0,290.0,544,907,1530.0,1750.0
01536000,05-17,161.0,197.0,299.0,514,809,1510.0,2040.0
01536000,05-18,151.0,180.0,281.0,531,851,1330.0,1730.0
01536000,05-19,148.0,197.0,284.0,494,865,1150.0,1610.0
01536000,05-20,159.0,190.0,279.0,470,762,1180.0,1640.0
01536000,05-21,140.0,164.0,263.0,427,732,1050.0,1400.0
01536000,05-22,137.0,167.0,234.0,403,688,1060.0,1680.0
01536000,05-23,136.0,170.0,260.0,406,642,1060.0,1400.0
01536000,05-24,132.0,163.0,255.0,389,612,1130.0,1520.0
01536000,05-25,128.0,156.0,238.0,358,521,986.0,1400.0
01536000,05-26,117.0,143.0,231.0,345,486,837.0,1150.0
01536000,05-27,120.0,140.0,221.0,330,480,830.0,1010.0
01536000,05-28,125.0,149.0,201.0,305,471,822.0,903.0
01536000,05-29,115.0,131.0,208.0,308,533,1120.0,1840.0
01536000,05-30,108.0,131.0,215.0,274,472,929.0,1860.0
01536000,05-31,105.0,133.0,206.0,274,473,1410.0,1810.0
01536000,06-01,112.0,128.0,185.0,277,466,1530.0,2580.0
01536000,06-02,107.0,127.0,180.0,290,507,1310.0,1890.0
01536000,06-03,115.0,121.0,178.0,284,457,937.0,1440.0
01536000,06-04,106.0,113.0,170.0,277,421,795.0,1240.0
01536000,06-05,99.0,118.0,159.0,273,401,814.0,948.0
01536000,06-06,112.0,132.0,151.0,260,523,973.0,1500.0
01536000,06-07,106.0,127.0,169.0,243,566,1170.0,1840.0
01536000,06-08,97.0,123.0,165.0,235,494,1020.0,1280.0
01536000,06-09,116.0,132.0,169.0,238,446,852.0,1010.0
01536000,06-10,96.0,119.0,165.0,236,386,723.0,914.0
01536000,06-11,86.0,115.0,150.0,233,380,619.0,849.0
01536000,06-12,104.0,122.0,145.0,243,419,685.0,879.0
01536000,06-13,109.0,121.0,152.0,231,453,715.0,873.0
01536000,06-14,102.0,109.0,146.0,231,490,813.0,1120.0
01536000,06-15,93.0,105.0,151.0,230,445,960.0,1160.0
01536000,06-16,97.0,105.0,154.0,213,383,843.0,1100.0
01536000,06-17,93.0,102.0,142.0,205,445,776.0,1260.0
01536000,06-18,83.0,100.0,131.0,192,420,852.0,1190.0
01536000,06-19,80.0,96.0,120.0,191,390,749.0,960.0
01536000,06-20,78.0,91.0,115.0,188,344,726.0,810.0
01536000,06-21,81.0,85.0,108.0,177,320,575.0,954.0
01536000,06-22,75.0,80.0,113.0,175,327,743.0,1480.0
01536000,06-23,68.0,80.0,103.0,170,344,876.0,1780.0
01536000,06-24,60.0,73.0,100.0,169,290,838.0,1760.0
01536000,06-25,62.0,70.0,108.0,177,300,804.0,1210.0
01536000,06-26,59.0,68.0,102.0,162,273,780.0,1330.0
01536000,06-27,60.0,67.0,108.0,157,334,653.0,1350.0
01536000,06-28,59.0,70.0,99.0,147,361,868.0,1700.0
01536000,06-29,61.0,67.0,104.0,157,348,974.0,1930.0
01536000,06-30,60.0,77.0,95.0,190,387,894.0,1640.0
01536000,07-01,64.0,70.0,93.0,177,363,1070.0,2360.0
01536000,07-02,64.0,71.0,98.0,163,331,863.0,1850.0
01536000,07-03,60.0,64.0,90.0,164,318,735.0,1400.0
01536000,07-04,53.0,58.0,83.0,158,324,739.0,1180.0
01536000,07-05,53.0,61.0,86.0,161,316,610.0,912.0
01536000,07-06,53.0,61.0,87.0,143,266,534.0,717.0
01536000,07-07,50.0,61.0,87.0,139,242,439.0,609.0
01536000,07-08,49.0,59.0,84.0,145,258,485.0,622.0
01536000,07-09,55.0,61.0,78.0,132,255,471.0,504.0
01536000,07-10,55.0,64.0,86.0,134,226,407.0,489.0
01536000,07-11,50.0,62.0,78.0,129,242,355.0,411.0
01536000,07-12,49.0,59.0,77.0,123,255,359.0,530.0
01536000,07-13,49.0,56.0,76.0,110,246,378.0,596.0
01536000,07-14,49.0,54.0,74.0,114,243,620.0,1470.0
01536000,07-15,53.0,57.0,73.0,113,237,615.0,1050.0
01536000,07-16,48.0,54.0,70.0,129,232,421.0,877.0
01536000,07-17,47.0,50.0,77.0,129,207,442.0,633.0
01536000,07-18,50.0,56.0,81.0,121,217,393.0,483.0
01536000,07-19,49.0,63.0,85.0,120,210,340.0,428.0
01536000,07-20,46.0,62.0,83.0,130,201,333.0,372.0
01536000,07-21,44.0,53.0,72.0,120,217,378.0,487.0
01536000,07-22,46.0,54.0,79.0,119,247,356.0,524.0
01536000,07-23,49.0,53.0,84.0,127,224,356.0,485.0
01536000,07-24,45.0,53.0,88.0,123,201,409.0,533.0
01536000,07-25,46.0,52.0,93.0,126,204,353.0,616.0
01536000,07-26,42.0,54.0,87.0,132,195,267.0,613.0
01536000,07-27,41.0,58.0,79.0,119,227,371.0,627.0
01536000,07-28,42.0,47.0,79.0,123,194,383.0,539.0
01536000,07-29,41.0,49.0,83.0,123,199,355.0,455.0
01536000,07-30,40.0,49.0,78.0,121,257,428.0,683.0
01536000,07-31,38.0,46.0,76.0,129,247,421.0,1030.0
01536000,08-01,42.0,50.0,73.0,109,232,444.0,673.0
01536000,08-02,37.0,49.0,81.0,127,232,489.0,922.0
01536000,08-03,38.0,52.0,75.0,118,225,460.0,975.0
01536000,08-04,38.0,51.0,71.0,118,217,449.0,1160.0
01536000,08-05,41.0,50.0,76.0,114,218,489.0,881.0
01536000,08-06,41.0,48.0,71.0,133,252,494.0,634.0
01536000,08-07,37.0,44.0,64.0,132,252,399.0,550.0
01536000,08-08,39.0,42.0,64.0,111,267,396.0,697.0
01536000,08-09,37.0,46.0,64.0,120,237,389.0,520.0
01536000,08-10,36.0,46.0,65.0,119,206,410.0,590.0
01536000,08-11,37.0,45.0,71.0,123,269,498.0,758.0
01536000,08-12,40.0,51.0,71.0,138,236,492.0,768.0
01536000,08-13,44.0,58.0,73.0,129,234,409.0,1090.0
01536000,08-14,50.0,53.0,65.0,122,198,349.0,873.0
01536000,08-15,43.0,52.0,66.0,109,191,352.0,805.0
01536000,08-16,39.0,49.0,67.0,115,193,345.0,638.0
01536000,08-17,43.0,51.0,64.0,117,202,305.0,509.0
01536000,08-18,46.0,49.0,63.0,106,184,374.0,1250.0
01536000,08-19,39.0,49.0,63.0,94,169,373.0,1350.0
01536000,08-20,43.0,47.0,61.0,101,162,286.0,807.0
01536000,08-21,43.0,47.0,61.0,101,191,433.0,603.0
01536000,08-22,45.0,47.0,59.0,91,195,416.0,734.0
01536000,08-23,43.0,50.0,64.0,92,217,338.0,907.0
01536000,08-24,40.0,46.0,61.0,88,174,332.0,639.0
01536000,08-25,36.0,44.0,62.0,92,161,305.0,596.0
01536000,08-26,35.0,45.0,61.0,83,145,279.0,542.0
01536000,08-27,37.0,45.0,62.0,87,154,361.0,511.0
01536000,08-28,36.0,45.0,59.0,107,157,374.0,595.0
01536000,08-29,37.0,45.0,67.0,100,176,452.0,537.0
01536000,08-30,39.0,43.0,60.0,97,211,439.0,651.0
01536000,08-31,42.0,47.0,60.0,98,210,320.0,491.0
01536000,09-01,40.0,48.0,65.0,92,196,317.0,571.0
01536000,09-02,41.0,47.0,60.0,92,203,310.0,556.0
01536000,09-03,39.0,47.0,59.0,99,180,389.0,491.0
01536000,09-04,42.0,45.0,61.0,91,158,387.0,579.0
01536000,09-05,40.0,43.0,61.0,85,160,300.0,766.0
01536000,09-06,37.0,41.0,54.0,87,155,344.0,1230.0
01536000,09-07,38.0,42.0,54.0,89,147,305.0,1000.0
01536000,09-08,38.0,40.0,55.0,81,131,324.0,801.0
01536000,09-09,37.0,40.0,60.0,81,139,508.0,1270.0
01536000,09-10,38.0,42.0,56.0,81,155,650.0,1380.0
01536000,09-11,35.0,41.0,55.0,83,152,594.0,1050.0
01536000,09-12,34.0,37.0,52.0,84,169,558.0,1350.0
01536000,09-13,33.0,38.0,51.0,88,168,474.0,1440.0
01536000,09-14,35.0,40.0,58.0,89,159,441.0,990.0
01536000,09-15,38.0,45.0,56.0,87,144,593.0,1040.0
01536000,09-16,37.0,39.0,54.0,83,142,663.0,1490.0
01536000,09-17,36.0,41.0,54.0,83,158,555.0,1010.0
01536000,09-18,36.0,42.0,52.0,86,152,706.0,1350.0
01536000,09-19,34.0,42.0,51.0,84,198,581.0,1230.0
01536000,09-20,35.0,41.0,54.0,78,167,464.0,1220.0
01536000,09-21,37.0,40.0,56.0,94,164,417.0,998.0
01536000,09-22,38.0,44.0,55.0,97,198,496.0,916.0
01536000,09-23,35.0,41.0,54.0,89,203,745.0,1100.0
01536000,09-24,37.0,41.0,53.0,87,156,657.0,1440.0
01536000,09-25,36.0,42.0,53.0,87,217,1090.0,1650.0
01536000,09-26,36.0,45.0,56.0,92,198,907.0,1800.0
01536000,09-27,38.0,42.0,56.0,98,248,1260.0,1840.0
01536000,09-28,37.0,44.0,64.0,104,225,1150.0,2330.0
01536000,09-29,43.0,45.0,62.0,99,226,1250.0,1760.0
01536000,09-30,38.0,45.0,66.0,103,383,1060.0,1320.0
01536000,10-01,33.0,43.0,64.0,111,386,896.0,1690.0
01536000,10-02,36.0,42.0,60.0,106,312,795.0,1560.0
01536000,10-03,35.0,42.0,59.0,100,300,721.0,1490.0
01536000,10-04,40.0,45.0,61.0,95,336,877.0,1280.0
01536000,10-05,37.0,41.0,63.0,100,308,840.0,1300.0
01536000,10-06,36.0,41.0,63.0,94,261,805.0,1050.0
01536000,10-07,36.0,42.0,60.0,104,296,691.0,880.0
01536000,10-08,38.0,43.0,60.0,111,277,630.0,745.0
01536000,10-09,35.0,43.0,61.0,127,267,570.0,930.0
01536000,10-10,34.0,41.0,60.0,132,269,523.0,692.0
01536000,10-11,36.0,45.0,59.0,118,266,549.0,1100.0
01536000,10-12,36.0,41.0,64.0,121,287,616.0,1580.0
01536000,10-13,36.0,41.0,65.0,101,293,660.0,1050.0
01536000,10-14,35.0,47.0,65.0,127,339,595.0,873.0
01536000,10-15,40.0,51.0,71.0,121,314,732.0,941.0
01536000,10-16,38.0,46.0,70.0,130,270,671.0,1230.0
01536000,10-17,37.0,48.0,71.0,150,256,565.0,865.0
01536000,10-18,39.0,47.0,69.0,150,277,561.0,1130.0
01536000,10-19,37.0,45.0,68.0,154,342,1170.0,1690.0
01536000,10-20,36.0,45.0,74.0,142,355,925.0,2600.0
01536000,10-21,36.0,45.0,71.0,142,347,1050.0,2680.0
01536000,10-22,36.0,46.0,67.0,160,297,846.0,1960.0
01536000,10-23,36.0,45.0,64.0,175,380,959.0,1510.0
01536000,10-24,35.0,45.0,73.0,159,407,832.0,1330.0
01536000,10-25,40.0,53.0,71.0,154,359,840.0,1240.0
01536000,10-26,44.0,52.0,69.0,179,382,714.0,1670.0
01536000,10-27,44.0,49.0,71.0,183,477,881.0,1540.0
01536000,10-28,44.0,51.0,83.0,177,510,1120.0,1910.0
01536000,10-29,41.0,50.0,97.0,189,485,1000.0,1620.0
01536000,10-30,44.0,51.0,100.0,215,430,961.0,1470.0
01536000,10-31,41.0,51.0,97.0,211,409,889.0,1270.0
01536000,11-01,42.0,50.0,97.0,232,388,873.0,1390.0
01536000,11-02,42.0,48.0,93.0,229,410,849.0,1180.0
01536000,11-03,45.0,47.0,97.0,225,503,897.0,1010.0
01536000,11-04,45.0,50.0,96.0,210,448,685.0,849.0
01536000,11-05,45.0,56.0,100.0,203,413,639.0,787.0
01536000,11-06,45.0,57.0,101.0,250,427,580.0,749.0
01536000,11-07,45.0,56.0,119.0,249,392,526.0,741.0
01536000,11-08,46.0,68.0,116.0,257,398,739.0,1230.0
01536000,11-09,46.0,56.0,108.0,249,364,790.0,1360.0
01536000,11-10,46.0,61.0,112.0,236,395,812.0,2160.0
01536000,11-11,54.0,71.0,132.0,250,396,793.0,2040.0
01536000,11-12,49.0,62.0,133.0,262,427,1290.0,1800.0
01536000,11-13,45.0,61.0,136.0,272,547,1140.0,1700.0
01536000,11-14,50.0,63.0,142.0,264,490,994.0,1500.0
01536000,11-15,48.0,61.0,133.0,256,496,1070.0,1610.0
01536000,11-16,47.0,61.0,126.0,282,493,1130.0,1980.0
01536000,11-17,48.0,67.0,133.0,258,572,1100.0,1970.0
01536000,11-18,48.0,64.0,147.0,238,559,1090.0,1280.0
01536000,11-19,49.0,64.0,128.0,229,553,1050.0,1440.0
01536000,11-20,61.0,75.0,116.0,272,580,1190.0,1410.0
01536000,11-21,58.0,82.0,124.0,279,582,1070.0,1190.0
01536000,11-22,55.0,75.0,152.0,279,632,955.0,1150.0
01536000,11-23,54.0,82.0,145.0,312,569,990.0,1220.0
01536000,11-24,58.0,94.0,148.0,307,540,843.0,1080.0
01536000,11-25,80.0,103.0,167.0,330,545,743.0,1120.0
01536000,11-26,92.0,113.0,168.0,351,516,852.0,1050.0
01536000,11-27,85.0,104.0,188.0,354,530,1240.0,1640.0
01536000,11-28,86.0,107.0,175.0,368,700,1750.0,2980.0
01536000,11-29,102.0,135.0,203.0,389,660,1670.0,2190.0
01536000,11-30,111.0,143.0,224.0,366,669,1500.0,1770.0
01536000,12-01,121.0,139.0,224.0,378,735,1360.0,1610.0
01536000,12-02,120.0,149.0,225.0,378,763,1190.0,1930.0
01536000,12-03,118.0,136.0,230.0,376,705,1290.0,1450.0
01536000,12-04,114.0,141.0,220.0,374,684,1120.0,1290.0
01536000,12-05,113.0,138.0,220.0,348,617,1010.0,1320.0
01536000,12-06,111.0,138.0,219.0,372,574,923.0,1490.0
01536000,12-07,105.0,128.0,204.0,366,678,1170.0,1340.0
01536000,12-08,102.0,120.0,202.0,343,590,1060.0,1970.0
01536000,12-09,99.0,123.0,207.0,351,586,899.0,2020.0
01536000,12-10,94.0,113.0,211.0,351,595,938.0,1510.0
01536000,12-11,90.0,114.0,215.0,367,620,1380.0,1890.0
01536000,12-12,101.0,110.0,210.0,369,925,1240.0,2380.0
01536000,12-13,90.0,109.0,207.0,361,849,1610.0,2030.0
01536000,12-14,91.0,125.0,194.0,334,824,1290.0,1840.0
01536000,12-15,87.0,122.0,200.0,314,753,1280.0,1740.0
01536000,12-16,92.0,132.0,214.0,320,690,1170.0,1500.0
01536000,12-17,98.0,124.0,225.0,358,654,1120.0,1620.0
01536000,12-18,102.0,124.0,220.0,423,622,1190.0,1500.0
01536000,12-19,106.0,124.0,203.0,392,596,1040.0,1340.0
01536000,12-20,92.0,122.0,196.0,372,562,918.0,1320.0
01536000,12-21,93.0,124.0,194.0,358,600,1130.0,1900.0
01536000,12-22,99.0,123.0,188.0,349,573,1220.0,1680.0
01536000,12-23,94.0,127.0,198.0,340,619,1130.0,1670.0
01536000,12-24,94.0,146.0,200.0,353,693,1350.0,1750.0
01536000,12-25,98.0,146.0,217.0,356,794,1440.0,1610.0
01536000,12-26,100.0,145.0,210.0,341,766,1180.0,1420.0
01536000,12-27,109.0,139.0,217.0,326,682,961.0,1150.0
01536000,12-28,107.0,132.0,215.0,379,619,889.0,1170.0
01536000,12-29,102.0,127.0,200.0,374,639,943.0,1270.0
01536000,12-30,96.0,110.0,198.0,357,607,1020.0,1190.0
01536000,12-31,79.0,110.0,190.0,342,673,969.0,1370.0
01536500,01-01,2240.0,3520.0,5410.0,10800,18900,33500.0,51900.0
01536500,01-02,2310.0,3520.0,5380.0,11500,20500,35100.0,50300.0
01536500,01-03,2280.0,3600.0,5200.0,11300,21800,34600.0,46900.0
01536500,01-04,2250.0,3680.0,5100.0,10700,20900,34900.0,46400.0
01536500,01-05,2330.0,3480.0,5400.0,10700,20000,34900.0,43300.0
01536500,01-06,2540.0,3460.0,5400.0,11000,21000,35700.0,43100.0
01536500,01-07,2900.0,3490.0,5400.0,11600,21000,33000.0,42000.0
01536500,01-08,2910.0,3640.0,5320.0,11500,19400,34000.0,49700.0
01536500,01-09,2820.0,3500.0,5200.0,10700,17800,36800.0,49200.0
01536500,01-10,2720.0,3640.0,5200.0,10400,16000,35200.0,45700.0
01536500,01-11,2630.0,3340.0,5400.0,9950,16900,29100.0,41500.0
01536500,01-12,2540.0,3180.0,5500.0,10000,15700,27600.0,45900.0
01536500,01-13,2310.0,3300.0,5600.0,8800,15700,28900.0,48700.0
01536500,01-14,2360.0,3500.0,5200.0,9000,18300,35300.0,42900.0
01536500,01-15,2280.0,3240.0,5380.0,8950,17200,32100.0,41100.0
01536500,01-16,2360.0,3210.0,4770.0,9000,17000,27900.0,42100.0
01536500,01-17,2400.0,3400.0,5000.0,9000,18000,30200.0,36600.0
01536500,01-18,2280.0,3200.0,4700.0,8400,16400,27500.0,31800.0
01536500,01-19,2400.0,3240.0,4800.0,8700,15600,25800.0,35200.0
01536500,01-20,2360.0,3220.0,4910.0,8710,15000,27000.0,40900.0
01536500,01-21,2240.0,3320.0,5000.0,8600,15800,29200.0,42200.0
01536500,01-22,2360.0,3720.0,4910.0,9360,16900,35000.0,50800.0
01536500,01-23,2540.0,3860.0,5620.0,9800,16300,33300.0,47300.0
01536500,01-24,2680.0,3790.0,5400.0,9950,20000,35100.0,58800.0
01536500,01-25,2380.0,4000.0,5400.0,10000,19600,41800.0,55400.0
01536500,01-26,2330.0,3820.0,5150.0,10000,21400,43200.0,66500.0
01536500,01-27,2360.0,3460.0,4950.0,9600,22500,44200.0,70500.0
01536500,01-28,2540.0,3460.0,4900.0,9830,20400,40800.0,58100.0
01536500,01-29,2400.0,3530.0,4760.0,9800,18400,35900.0,53100.0
01536500,01-30,2240.0,3460.0,5490.0,9200,17800,32400.0,40600.0
01536500,01-31,2300.0,3360.0,5840.0,9110,20100,30800.0,38000.0
01536500,02-01,2340.0,3180.0,6000.0,9000,17300,30400.0,38200.0
01536500,02-02,2280.0,3180.0,6000.0,8630,17000,29600.0,34400.0
01536500,02-03,2280.0,3300.0,5740.0,8400,17100,30500.0,41900.0
01536500,02-04,2240.0,3300.0,5800.0,9000,15300,31000.0,49600.0
01536500,02-05,2340.0,3280.0,5900.0,8400,15100,27900.0,44600.0
01536500,02-06,2340.0,3530.0,5600.0,8600,15200,27600.0,38800.0
01536500,02-07,2680.0,3720.0,5470.0,8280,14000,22900.0,35000.0
01536500,02-08,2640.0,3760.0,5440.0,8630,13600,25500.0,34800.0
01536500,02-09,2820.0,3780.0,5150.0,8270,13600,24600.0,34300.0
01536500,02-10,2760.0,3760.0,5000.0,8000,13200,22500.0,31600.0
01536500,02-11,2900.0,3780.0,4800.0,7920,14300,28300.0,37300.0
01536500,02-12,2960.0,3580.0,4950.0,7580,15000,26700.0,37300.0
01536500,02-13,2890.0,3680.0,4800.0,7300,15000,25000.0,40700.0
01536500,02-14,2840.0,3680.0,4720.0,7220,14400,31700.0,46600.0
01536500,02-15,3100.0,3700.0,4890.0,7700,16000,32200.0,41600.0
01536500,02-16,3100.0,3600.0,4900.0,8150,17200,30600.0,47600.0
01536500,02-17,3010.0,3740.0,5200.0,8750,17000,36500.0,46500.0
01536500,02-18,3080.0,3400.0,5400.0,9400,17200,35600.0,49200.0
01536500,02-19,3000.0,3580.0,5160.0,9520,17200,32200.0,51000.0
01536500,02-20,3060.0,3760.0,5400.0,9270,18700,34800.0,48500.0
01536500,02-21,3090.0,3860.0,5560.0,10000,20000,36500.0,55800.0
01536500,02-22,3100.0,3920.0,5910.0,10300,20500,39500.0,57000.0
01536500,02-23,3220.0,3880.0,5940.0,10100,22400,41700.0,62000.0
01536500,02-24,3360.0,4000.0,6160.0,10100,25300,45900.0,56600.0
01536500,02-25,3700.0,3920.0,6040.0,11700,26300,45400.0,67100.0
01536500,02-26,3460.0,4000.0,6640.0,12000,27400,49400.0,70500.0
01536500,02-27,3580.0,4140.0,6860.0,12900,25100,47300.0,61600.0
01536500,02-28,3540.0,4250.0,7200.0,13200,29000,45900.0,51100.0
01536500,02-29,2560.0,4020.0,6570.0,12900,20400,40600.0,78000.0
01536500,03-01,3200.0,3980.0,7190.0,14700,29300,50800.0,71200.0
01536500,03-02,3220.0,3980.0,7480.0,15800,26200,55300.0,77500.0
01536500,03-03,3160.0,4080.0,7480.0,14500,23500,50100.0,66500.0
01536500,03-04,3300.0,4540.0,8440.0,14800,26500,46400.0,59800.0
01536500,03-05,3590.0,4760.0,7780.0,14400,30600,58100.0,78700.0
01536500,03-06,3980.0,5120.0,9140.0,15100,33500,60000.0,80400.0
01536500,03-07,4120.0,5460.0,8880.0,15500,35400,62500.0,83500.0
01536500,03-08,4210.0,5580.0,8590.0,15700,35100,59500.0,81900.0
01536500,03-09,4510.0,6030.0,8690.0,16800,34600,64300.0,82700.0
01536500,03-10,4730.0,6170.0,9120.0,17000,31500,61800.0,83000.0
01536500,03-11,5140.0,6690.0,9700.0,18300,32000,64100.0,74800.0
01536500,03-12,5290.0,6970.0,10900.0,18900,35700,56700.0,79600.0
01536500,03-13,5900.0,7540.0,10600.0,21500,41600,56200.0,74500.0
01536500,03-14,6200.0,7830.0,11300.0,22000,39600,60400.0,81000.0
01536500,03-15,6380.0,7850.0,12400.0,22800,38900,63700.0,91600.0
01536500,03-16,6040.0,7330.0,13900.0,24800,40100,61200.0,91300.0
01536500,03-17,6180.0,7430.0,14700.0,25200,38900,66900.0,88800.0
01536500,03-18,6610.0,8220.0,14900.0,22700,38500,70500.0,95900.0
01536500,03-19,6850.0,8990.0,14700.0,22700,38000,69800.0,82700.0
01536500,03-20,7100.0,9180.0,13900.0,22500,39000,57500.0,75900.0
01536500,03-21,8030.0,10100.0,14000.0,23600,36500,59000.0,72200.0
01536500,03-22,7910.0,10500.0,15300.0,25000,35200,55100.0,77200.0
01536500,03-23,7690.0,10600.0,16300.0,24400,42400,57800.0,89800.0
01536500,03-24,8100.0,10200.0,16500.0,24200,38300,69200.0,88200.0
01536500,03-25,7800.0,10900.0,16500.0,25200,40000,63400.0,86900.0
01536500,03-26,8720.0,11300.0,17700.0,26400,39700,66200.0,77500.0
01536500,03-27,9440.0,11600.0,18900.0,27300,42500,69100.0,83200.0
01536500,03-28,10400.0,13400.0,18700.0,28600,45000,73900.0,106000.0
01536500,03-29,10400.0,13500.0,19800.0,30000,46300,83000.0,101000.0
01536500,03-30,10900.0,13400.0,19000.0,30200,49200,80400.0,103000.0
01536500,03-31,10600.0,13600.0,18700.0,28200,49300,73100.0,117000.0
01536500,04-01,9650.0,13500.0,18200.0,27700,45500,80200.0,102000.0
01536500,04-02,9580.0,14700.0,17900.0,28700,48100,80100.0,96600.0
01536500,04-03,10000.0,13700.0,19200.0,29700,50100,75700.0,112000.0
01536500,04-04,9880.0,13200.0,19200.0,29300,47200,76500.0,108000.0
01536500,04-05,9670.0,12600.0,19100.0,29100,47200,82400.0,104000.0
01536500,04-06,10300.0,12400.0,19300.0,29100,49300,84900.0,118000.0
01536500,04-07,10300.0,12800.0,18400.0,30100,52000,89400.0,105000.0
01536500,04-08,10400.0,12900.0,17900.0,31400,49000,77000.0,107000.0
01536500,04-09,10600.0,13300.0,17600.0,30400,46000,74300.0,86300.0
01536500,04-10,10900.0,14700.0,18100.0,28600,46400,65800.0,84000.0
01536500,04-11,11400.0,14000.0,17900.0,26300,43700,64500.0,76100.0
01536500,04-12,11200.0,13500.0,17000.0,26400,40700,56000.0,69600.0
01536500,04-13,10800.0,13200.0,17200.0,27300,37800,53700.0,63500.0
01536500,04-14,10500.0,12000.0,17400.0,28700,40200,50400.0,60400.0
01536500,04-15,9770.0,11200.0,16800.0,27200,39500,50300.0,67600.0
01536500,04-16,9450.0,10800.0,16100.0,25100,38500,58500.0,74100.0
01536500,04-17,8760.0,10300.0,16200.0,23800,39500,56900.0,74500.0
01536500,04-18,8780.0,10300.0,15400.0,24000,37300,54700.0,77200.0
01536500,04-19,8390.0,10200.0,14900.0,22700,33000,52700.0,62200.0
01536500,04-20,8230.0,9790.0,14000.0,21000,32500,49200.0,56800.0
01536500,04-21,8080.0,9520.0,14100.0,20900,32400,48900.0,63500.0
01536500,04-22,7800.0,9140.0,13500.0,19600,31400,49900.0,68600.0
01536500,04-23,7950.0,9560.0,13300.0,18500,30900,49000.0,64400.0
01536500,04-24,7730.0,9550.0,13100.0,18800,29900,48400.0,58900.0
01536500,04-25,7880.0,8990.0,13100.0,18000,30100,47000.0,53500.0
01536500,04-26,7900.0,8810.0,12300.0,17000,27200,45400.0,55900.0
01536500,04-27,7270.0,8580.0,12800.0,16900,26400,37700.0,50200.0
01536500,04-28,7300.0,8840.0,12400.0,17000,26500,34400.0,47800.0
01536500,04-29,7120.0,8960.0,11800.0,16400,26100,36500.0,43700.0
01536500,04-30,6830.0,8870.0,11700.0,16100,23900,34600.0,45800.0
01536500,05-01,6640.0,8720.0,11300.0,15900,24000,38300.0,65900.0
01536500,05-02,6820.0,8450.0,11000.0,16400,23400,33400.0,65900.0
01536500,05-03,6950.0,7880.0,10500.0,15300,22800,35100.0,49300.0
01536500,05-04,6980.0,7510.0,10800.0,14700,21800,33100.0,45000.0
01536500,05-05,6640.0,7370.0,10100.0,14900,20000,34500.0,45600.0
01536500,05-06,6490.0,7320.0,9710.0,14100,22200,33600.0,44500.0
01536500,05-07,6100.0,6870.0,8830.0,13800,21800,36600.0,48500.0
01536500,05-08,5920.0,6470.0,8740.0,13400,21700,36000.0,54000.0
01536500,05-09,5730.0,6360.0,9000.0,12900,20200,35700.0,57600.0
01536500,05-10,5650.0,6120.0,9000.0,12900,23000,39500.0,51000.0
01536500,05-11,5540.0,5880.0,8460.0,12900,22300,41600.0,52300.0
01536500,05-12,5280.0,5920.0,8620.0,12900,21000,35900.0,52700.0
01536500,05-13,4900.0,5860.0,8150.0,13300,23900,35900.0,54400.0
01536500,05-14,4470.0,5560.0,8140.0,13600,24600,37800.0,59800.0
01536500,05-15,4200.0,5420.0,7760.0,12500,22400,34500.0,49800.0
01536500,05-16,3970.0,5340.0,7560.0,12400,22500,34700.0,44700.0
01536500,05-17,4230.0,5320.0,7300.0,11800,21800,32100.0,41200.0
01536500,05-18,4190.0,5280.0,7150.0,11700,21200,31300.0,36400.0
01536500,05-19,3920.0,4990.0,6890.0,11200,20200,27800.0,35400.0
01536500,05-20,3760.0,5050.0,6910.0,11400,20400,27300.0,39900.0
01536500,05-21,3730.0,4870.0,7080.0,12600,19900,30300.0,39800.0
01536500,05-22,4230.0,4390.0,7120.0,12100,20000,33600.0,41700.0
01536500,05-23,3780.0,4570.0,6600.0,10600,20200,36300.0,47500.0
01536500,05-24,3800.0,4710.0,6540.0,9750,18400,29600.0,42400.0
01536500,05-25,3830.0,4530.0,6410.0,9760,18400,28200.0,43100.0
01536500,05-26,3930.0,4390.0,6000.0,10000,16200,25400.0,42800.0
01536500,05-27,4050.0,4370.0,5790.0,9450,16000,28200.0,43000.0
01536500,05-28,3840.0,4340.0,5880.0,8920,15200,23700.0,40500.0
01536500,05-29,3770.0,4380.0,5480.0,9070,14600,26100.0,36900.0
01536500,05-30,3710.0,4190.0,5330.0,8850,14100,28700.0,35900.0
01536500,05-31,3380.0,3960.0,5100.0,8300,14400,24300.0,37400.0
01536500,06-01,3330.0,3780.0,4880.0,8140,15600,21800.0,31300.0
01536500,06-02,3280.0,3700.0,4650.0,7920,14000,21400.0,32100.0
01536500,06-03,3200.0,3650.0,4750.0,7580,14100,19500.0,30400.0
01536500,06-04,2970.0,3590.0,4720.0,7360,13300,23300.0,30700.0
01536500,06-05,3000.0,3480.0,4720.0,7560,12300,21500.0,32400.0
01536500,06-06,2900.0,3490.0,4900.0,7110,12400,21100.0,29400.0
01536500,06-07,2770.0,3430.0,4640.0,6700,13200,22000.0,26800.0
01536500,06-08,2700.0,3260.0,4550.0,6460,12200,20500.0,33900.0
01536500,06-09,2670.0,3260.0,4380.0,6200,12000,19400.0,32400.0
01536500,06-10,2620.0,3270.0,4270.0,6940,11300,18400.0,28600.0
01536500,06-11,2520.0,3090.0,4030.0,6600,11300,18300.0,22900.0
01536500,06-12,2650.0,2970.0,4090.0,6560,11200,16100.0,22200.0
01536500,06-13,2560.0,2910.0,4200.0,6760,12000,17100.0,20800.0
01536500,06-14,2590.0,2880.0,4010.0,6400,11100,18300.0,23200.0
01536500,06-15,2550.0,2860.0,3840.0,5930,11300,19700.0,29800.0
01536500,06-16,2470.0,2880.0,3840.0,5480,11000,21500.0,29400.0
01536500,06-17,2460.0,2850.0,3730.0,6120,9850,19900.0,26100.0
01536500,06-18,2360.0,2680.0,3680.0,5910,10700,20000.0,27000.0
01536500,06-19,2230.0,2570.0,3410.0,5490,10700,19100.0,30900.0
01536500,06-20,2120.0,2490.0,3300.0,5490,9900,18200.0,25000.0
01536500,06-21,2170.0,2380.0,3280.0,5210,10600,18400.0,26000.0
01536500,06-22,2100.0,2300.0,3390.0,4940,9610,17900.0,37000.0
01536500,06-23,2060.0,2220.0,3260.0,5070,9360,19900.0,33400.0
01536500,06-24,1930.0,2150.0,3060.0,4820,9210,22700.0,32900.0
01536500,06-25,1800.0,2120.0,2980.0,4650,9100,18300.0,30300.0
01536500,06-26,1760.0,2170.0,2860.0,4680,8300,20400.0,26000.0
01536500,06-27,1760.0,2110.0,2990.0,4520,8110,17400.0,23600.0
01536500,06-28,1700.0,2140.0,2820.0,4240,8060,15700.0,21300.0
01536500,06-29,1660.0,2080.0,2920.0,4130,9210,16600.0,28100.0
01536500,06-30,1690.0,2030.0,2810.0,4010,8520,17600.0,32600.0
01536500,07-01,1700.0,2070.0,2720.0,4020,8440,21800.0,35100.0
01536500,07-02,1600.0,2030.0,2720.0,4000,8620,20600.0,39800.0
01536500,07-03,1520.0,1980.0,2660.0,4120,8540,18500.0,35100.0
01536500,07-04,1620.0,1880.0,2660.0,4000,7930,18400.0,30300.0
01536500,07-05,1530.0,1840.0,2520.0,3720,8010,14200.0,27900.0
01536500,07-06,1510.0,1820.0,2520.0,4270,8240,12900.0,23900.0
01536500,07-07,1500.0,1820.0,2400.0,4240,7720,14700.0,21300.0
01536500,07-08,1470.0,1800.0,2360.0,3990,7150,14200.0,18800.0
01536500,07-09,1440.0,1770.0,2400.0,4010,6920,13500.0,21400.0
01536500,07-10,1450.0,1810.0,2200.0,4010,6990,12300.0,18400.0
01536500,07-11,1450.0,1710.0,2220.0,3780,6270,12600.0,16700.0
01536500,07-12,1370.0,1710.0,2140.0,3810,5980,11900.0,15700.0
01536500,07-13,1340.0,1610.0,2090.0,4010,6190,12700.0,15800.0
01536500,07-14,1300.0,1580.0,2000.0,3780,6210,12200.0,16000.0
01536500,07-15,1360.0,1510.0,2000.0,3920,6170,11500.0,15400.0
01536500,07-16,1340.0,1460.0,2040.0,3730,5890,11000.0,15200.0
01536500,07-17,1310.0,1480.0,1930.0,3710,5850,11300.0,15500.0
01536500,07-18,1270.0,1440.0,1920.0,3640,5770,10100.0,13700.0
01536500,07-19,1280.0,1380.0,1900.0,3440,5510,9730.0,12600.0
01536500,07-20,1240.0,1410.0,1990.0,3280,5450,9380.0,12200.0
01536500,07-21,1230.0,1360.0,2010.0,3250,5150,8750.0,12000.0
01536500,07-22,1180.0,1330.0,2000.0,3340,5680,9880.0,11800.0
01536500,07-23,1180.0,1310.0,2000.0,3370,6010,10400.0,16900.0
01536500,07-24,1220.0,1310.0,1950.0,3150,6480,9860.0,18900.0
01536500,07-25,1180.0,1300.0,1930.0,3260,5970,12600.0,22500.0
01536500,07-26,1170.0,1280.0,1950.0,3310,5850,11000.0,17100.0
01536500,07-27,1170.0,1340.0,1880.0,3390,6200,11100.0,14500.0
01536500,07-28,1160.0,1380.0,1810.0,3130,5730,10400.0,14100.0
01536500,07-29,1130.0,1380.0,1930.0,3300,4980,10100.0,13200.0
01536500,07-30,1090.0,1280.0,1960.0,3060,5050,9910.0,12300.0
01536500,07-31,1070.0,1250.0,1910.0,3100,5700,9560.0,13400.0
01536500,08-01,1080.0,1270.0,1880.0,3060,5700,9620.0,14000.0
01536500,08-02,1070.0,1320.0,1850.0,3190,5500,8550.0,12200.0
01536500,08-03,1020.0,1330.0,1820.0,2900,4960,9570.0,17100.0
01536500,08-04,1020.0,1270.0,1810.0,3000,5830,9220.0,17800.0
01536500,08-05,1040.0,1200.0,1880.0,2920,5730,8240.0,15300.0
01536500,08-06,1010.0,1230.0,1810.0,2860,5730,7680.0,14800.0
01536500,08-07,974.0,1220.0,1770.0,2860,5220,9780.0,12700.0
01536500,08-08,965.0,1140.0,1770.0,2830,5150,8820.0,13000.0
01536500,08-09,1010.0,1110.0,1680.0,2740,4970,9470.0,14800.0
01536500,08-10,1040.0,1180.0,1640.0,2620,5350,10000.0,15000.0
01536500,08-11,1030.0,1120.0,1630.0,2600,5070,9250.0,19800.0
01536500,08-12,1070.0,1190.0,1580.0,2600,4980,8900.0,19500.0
01536500,08-13,1010.0,1300.0,1650.0,2530,4770,10100.0,14600.0
01536500,08-14,1090.0,1300.0,1570.0,2600,5190,9420.0,13500.0
01536500,08-15,1090.0,1260.0,1600.0,2580,5300,11000.0,14700.0
01536500,08-16,1050.0,1250.0,1700.0,2810,5190,10100.0,15800.0
01536500,08-17,1040.0,1210.0,1650.0,2650,4710,9700.0,13700.0
01536500,08-18,982.0,1200.0,1600.0,2470,4630,8990.0,13700.0
01536500,08-19,1030.0,1160.0,1540.0,2450,4590,9920.0,15600.0
01536500,08-20,970.0,1180.0,1440.0,2340,4390,8890.0,14200.0
01536500,08-21,1020.0,1120.0,1460.0,2290,4360,7850.0,15400.0
01536500,08-22,974.0,1110.0,1470.0,2490,4950,8860.0,14600.0
01536500,08-23,932.0,1090.0,1510.0,2460,4800,8290.0,17100.0
01536500,08-24,885.0,1080.0,1470.0,2600,4480,8050.0,17400.0
01536500,08-25,932.0,1050.0,1460.0,2500,4420,9280.0,20400.0
01536500,08-26,919.0,1040.0,1420.0,2460,4200,10300.0,19400.0
01536500,08-27,907.0,1050.0,1490.0,2480,4190,8570.0,14000.0
01536500,08-28,920.0,1050.0,1540.0,2510,4400,9680.0,15200.0
01536500,08-29,902.0,1020.0,1600.0,2480,4280,9260.0,14300.0
01536500,08-30,858.0,1080.0,1580.0,2460,4150,9680.0,16100.0
01536500,08-31,854.0,1160.0,1550.0,2470,4140,10000.0,14500.0
01536500,09-01,855.0,1130.0,1500.0,2450,4400,9930.0,14100.0
01536500,09-02,841.0,1090.0,1540.0,2690,5650,9410.0,18200.0
01536500,09-03,847.0,1060.0,1530.0,2470,6080,9590.0,17600.0
01536500,09-04,848.0,1090.0,1550.0,2480,5130,10400.0,17000.0
01536500,09-05,889.0,1140.0,1480.0,2300,4500,10700.0,15000.0
01536500,09-06,914.0,1130.0,1540.0,2290,4770,9740.0,13700.0
01536500,09-07,938.0,1100.0,1540.0,2340,4440,8870.0,13100.0
01536500,09-08,898.0,1070.0,1600.0,2290,4000,8020.0,10900.0
01536500,09-09,876.0,1100.0,1530.0,2290,3730,8550.0,10900.0
01536500,09-10,900.0,1080.0,1530.0,2380,3740,7910.0,9790.0
01536500,09-11,902.0,1100.0,1510.0,2320,3750,7280.0,9510.0
01536500,09-12,911.0,1100.0,1470.0,2350,3850,7830.0,14700.0
01536500,09-13,898.0,1100.0,1450.0,2350,4050,10000.0,18900.0
01536500,09-14,886.0,1050.0,1440.0,2240,3970,10200.0,18500.0
01536500,09-15,883.0,1050.0,1470.0,2280,4000,10500.0,16500.0
01536500,09-16,911.0,1060.0,1480.0,2290,4370,10600.0,15100.0
01536500,09-17,902.0,1030.0,1430.0,2290,4870,10700.0,13300.0
01536500,09-18,890.0,992.0,1380.0,2390,4490,9760.0,18700.0
01536500,09-19,862.0,987.0,1380.0,2410,4420,10600.0,18000.0
01536500,09-20,843.0,978.0,1380.0,2550,4230,10400.0,18100.0
01536500,09-21,841.0,976.0,1460.0,2470,4530,9220.0,16200.0
01536500,09-22,850.0,1060.0,1510.0,2410,5150,9500.0,16900.0
01536500,09-23,837.0,1020.0,1570.0,2330,4830,10100.0,14900.0
01536500,09-24,825.0,979.0,1530.0,2200,4800,10800.0,20800.0
01536500,09-25,820.0,981.0,1560.0,2290,5250,10800.0,25500.0
01536500,09-26,814.0,1070.0,1530.0,2400,5160,11100.0,23400.0
01536500,09-27,878.0,1070.0,1550.0,2410,5720,15300.0,18200.0
01536500,09-28,866.0,1110.0,1600.0,2380,5540,14100.0,28500.0
01536500,09-29,933.0,1120.0,1620.0,2510,5940,15000.0,25200.0
01536500,09-30,970.0,1120.0,1630.0,2570,6160,12900.0,30600.0
01536500,10-01,975.0,1090.0,1660.0,2790,7120,17100.0,29600.0
01536500,10-02,986.0,1170.0,1680.0,2910,6830,13600.0,31100.0
01536500,10-03,986.0,1170.0,1680.0,2800,6740,12400.0,33500.0
01536500,10-04,998.0,1180.0,1660.0,2610,6680,11400.0,33500.0
01536500,10-05,970.0,1180.0,1610.0,2600,6140,11200.0,27000.0
01536500,10-06,970.0,1230.0,1610.0,2700,6010,14900.0,23900.0
01536500,10-07,1010.0,1170.0,1650.0,2740,6210,15000.0,26900.0
01536500,10-08,982.0,1160.0,1700.0,3050,6210,13700.0,22900.0
01536500,10-09,1050.0,1170.0,1740.0,3050,7220,16300.0,20500.0
01536500,10-10,982.0,1160.0,1750.0,3010,7250,14700.0,22300.0
01536500,10-11,977.0,1150.0,1690.0,3060,6790,13100.0,21100.0
01536500,10-12,1060.0,1150.0,1700.0,3130,6530,12000.0,18900.0
01536500,10-13,1010.0,1150.0,1720.0,3080,6640,12900.0,20000.0
01536500,10-14,1030.0,1190.0,1710.0,3100,6490,13600.0,20600.0
01536500,10-15,1010.0,1210.0,1640.0,3060,6290,14400.0,25400.0
01536500,10-16,973.0,1190.0,1610.0,3270,5930,12800.0,22800.0
01536500,10-17,980.0,1200.0,1610.0,3190,6290,13500.0,20500.0
01536500,10-18,1000.0,1150.0,1610.0,3120,6620,18300.0,22300.0
01536500,10-19,1000.0,1180.0,1780.0,3480,6380,16500.0,23900.0
01536500,10-20,990.0,1150.0,1780.0,3720,7420,15500.0,35000.0
01536500,10-21,996.0,1230.0,1870.0,3680,8430,23900.0,36800.0
01536500,10-22,1000.0,1210.0,1880.0,3700,9700,21800.0,49800.0
01536500,10-23,976.0,1230.0,1910.0,3840,10300,19600.0,39300.0
01536500,10-24,969.0,1250.0,2020.0,4220,9840,21100.0,35500.0
01536500,10-25,986.0,1280.0,2070.0,4580,9700,20000.0,30000.0
01536500,10-26,950.0,1330.0,2080.0,4270,11900,20700.0,28200.0
01536500,10-27,986.0,1390.0,2060.0,4590,11800,22400.0,31600.0
01536500,10-28,1090.0,1360.0,2280.0,4800,14700,22000.0,32300.0
01536500,10-29,1170.0,1370.0,2290.0,5300,12900,27500.0,41100.0
01536500,10-30,1180.0,1390.0,2410.0,5620,12700,23500.0,48700.0
01536500,10-31,1200.0,1360.0,2760.0,5470,11900,31900.0,40000.0
01536500,11-01,1190.0,1370.0,2760.0,5600,11600,26900.0,35700.0
01536500,11-02,1250.0,1360.0,2660.0,6010,11300,24900.0,34900.0
01536500,11-03,1240.0,1360.0,2850.0,6720,14000,24200.0,32500.0
01536500,11-04,1220.0,1510.0,3010.0,6520,14000,23300.0,27800.0
01536500,11-05,1360.0,1700.0,2850.0,6940,13000,22600.0,28800.0
01536500,11-06,1340.0,1720.0,3270.0,6520,12500,21400.0,28700.0
01536500,11-07,1310.0,1780.0,3460.0,6730,12100,19900.0,25700.0
01536500,11-08,1320.0,1800.0,3660.0,6800,12900,19200.0,25100.0
01536500,11-09,1320.0,1780.0,3570.0,6780,12600,23200.0,39100.0
01536500,11-10,1360.0,1800.0,3660.0,7150,13000,19700.0,39300.0
01536500,11-11,1450.0,1830.0,4010.0,6830,12700,24000.0,37200.0
01536500,11-12,1490.0,1990.0,4150.0,6820,12500,22700.0,33300.0
01536500,11-13,1510.0,1970.0,4200.0,7180,13200,22200.0,33200.0
01536500,11-14,1540.0,2070.0,4380.0,7210,14700,28300.0,36400.0
01536500,11-15,1540.0,2240.0,4280.0,7080,14100,28100.0,34400.0
01536500,11-16,1590.0,2290.0,4390.0,6780,13700,26100.0,30500.0
01536500,11-17,1680.0,2360.0,4220.0,7180,14300,25600.0,40200.0
01536500,11-18,1680.0,2380.0,4080.0,7800,15800,29000.0,42400.0
01536500,11-19,1670.0,2340.0,4470.0,7910,16500,29700.0,43000.0
01536500,11-20,1680.0,2270.0,4410.0,7580,17100,28900.0,38200.0
01536500,11-21,1850.0,2350.0,4380.0,8270,17700,25900.0,40300.0
01536500,11-22,1950.0,2530.0,4520.0,8400,18100,23700.0,33000.0
01536500,11-23,1930.0,2870.0,4520.0,8760,17400,24300.0,31000.0
01536500,11-24,1860.0,2820.0,4610.0,8970,17100,25000.0,29300.0
01536500,11-25,1820.0,2800.0,5340.0,9740,15800,23500.0,30300.0
01536500,11-26,2050.0,2780.0,5750.0,9700,15000,25000.0,34500.0
01536500,11-27,2190.0,3180.0,6040.0,9950,15200,26600.0,40600.0
01536500,11-28,2190.0,3170.0,6210.0,9950,15400,33000.0,44600.0
01536500,11-29,2150.0,3660.0,6380.0,10000,18200,38900.0,62100.0
01536500,11-30,2110.0,4170.0,6340.0,10100,19200,31800.0,47600.0
01536500,12-01,2080.0,4080.0,6370.0,10900,19300,29800.0,42900.0
01536500,12-02,2080.0,3180.0,6520.0,10800,18700,32600.0,52300.0
01536500,12-03,2150.0,3660.0,6200.0,10700,17800,35800.0,52900.0
01536500,12-04,2320.0,3900.0,6040.0,10400,17700,39800.0,47900.0
01536500,12-05,2560.0,3540.0,5600.0,10200,19800,34300.0,41300.0
01536500,12-06,2660.0,3740.0,5750.0,10300,19200,34500.0,44200.0
01536500,12-07,2850.0,3750.0,5780.0,10600,19600,32300.0,41500.0
01536500,12-08,2730.0,3710.0,5700.0,10500,20400,32600.0,39300.0
01536500,12-09,2610.0,3580.0,6000.0,10500,19000,29700.0,42600.0
01536500,12-10,2490.0,3480.0,6140.0,11000,18500,27300.0,40700.0
01536500,12-11,2360.0,3610.0,6250.0,11500,17800,29000.0,46100.0
01536500,12-12,2270.0,3490.0,6000.0,11800,18200,37600.0,48000.0
01536500,12-13,1640.0,3320.0,6000.0,11500,18100,34700.0,52400.0
01536500,12-14,2130.0,2950.0,5900.0,10900,18700,35000.0,46200.0
01536500,12-15,1960.0,2840.0,5600.0,10900,20000,33800.0,52200.0
01536500,12-16,2220.0,2940.0,5800.0,11100,19600,30500.0,45900.0
01536500,12-17,2060.0,3080.0,6000.0,10900,19700,30000.0,40900.0
01536500,12-18,1990.0,3080.0,6000.0,11300,18500,29700.0,45900.0
01536500,12-19,2070.0,2890.0,5990.0,11000,18900,31300.0,39600.0
01536500,12-20,2140.0,2800.0,5800.0,11500,17900,29100.0,40300.0
01536500,12-21,2090.0,2830.0,6200.0,11200,18100,29400.0,37100.0
01536500,12-22,1940.0,2830.0,6000.0,11500,17000,27600.0,46300.0
01536500,12-23,1950.0,2850.0,6000.0,10800,16400,30800.0,49500.0
01536500,12-24,2100.0,3170.0,6000.0,11000,16000,36100.0,49800.0
01536500,12-25,2080.0,3460.0,6290.0,11600,18700,36800.0,47400.0
01536500,12-26,2070.0,3280.0,6000.0,10600,19300,33500.0,41500.0
01536500,12-27,2020.0,3640.0,5600.0,11100,18600,31100.0,43500.0
01536500,12-28,2040.0,3920.0,5500.0,11000,19400,29100.0,36200.0
01536500,12-29,2140.0,3700.0,5620.0,10700,18900,30900.0,36700.0
01536500,12-30,2160.0,3500.0,5750.0,10000,18900,29000.0,48300.0
01536500,12-31,2200.0,3050.0,5600.0,10100,19000,33000.0,50700.0
01538700,01-01,,7280.0,18700.0,25300,28500,32400.0,
01538700,01-02,,6770.0,16600.0,25900,31900,35600.0,
01538700,01-03,,5960.0,14100.0,25200,29700,39000.0,
01538700,01-04,,5350.0,13700.0,22000,30500,38900.0,
01538700,01-05,,5040.0,15500.0,19900,27400,41100.0,
01538700,01-06,,5040.0,16300.0,20000,28100,39900.0,
01538700,01-07,,5380.0,14000.0,19000,25800,35400.0,
01538700,01-08,,6180.0,12500.0,17400,21200,30500.0,
01538700,01-09,,6510.0,11400.0,14900,18800,26700.0,
01538700,01-10,,6450.0,10400.0,13500,21800,37000.0,
01538700,01-11,,6210.0,9040.0,14500,20600,60100.0,
01538700,01-12,,6850.0,8700.0,15500,26600,56600.0,
01538700,01-13,,7980.0,9600.0,17200,27300,47900.0,
01538700,01-14,,9630.0,10700.0,24700,27700,53100.0,
01538700,01-15,,9200.0,10200.0,21500,34100,51000.0,
01538700,01-16,,7350.0,9590.0,19900,28600,38800.0,
01538700,01-17,,7690.0,9750.0,18800,24600,28700.0,
01538700,01-18,,7150.0,9050.0,18900,22000,24100.0,
01538700,01-19,,6290.0,8670.0,17500,19000,23800.0,
01538700,01-20,,6430.0,9130.0,15100,19600,28800.0,
01538700,01-21,,6400.0,9100.0,13900,18200,38800.0,
01538700,01-22,,5640.0,7760.0,12200,16200,36000.0,
01538700,01-23,,5610.0,7050.0,10800,17200,32500.0,
01538700,01-24,,4890.0,6420.0,10800,26700,30700.0,
01538700,01-25,,4830.0,5890.0,11400,35000,67700.0,
01538700,01-26,,4880.0,5900.0,16900,41100,53500.0,
01538700,01-27,,4650.0,5500.0,16900,38200,65900.0,
01538700,01-28,,4580.0,5280.0,16300,34800,69100.0,
01538700,01-29,,4480.0,5110.0,15400,28600,64200.0,
01538700,01-30,,4360.0,5000.0,14600,24100,58100.0,
01538700,01-31,,4820.0,5390.0,13800,21200,45000.0,
01538700,02-01,,4940.0,5290.0,12400,19400,36100.0,
01538700,02-02,,4910.0,5420.0,13200,17300,30900.0,
01538700,02-03,,5280.0,5700.0,12000,15800,27800.0,
01538700,02-04,,5680.0,7150.0,12900,15400,25600.0,
01538700,02-05,,5100.0,7740.0,12900,17500,23800.0,
01538700,02-06,,5040.0,7780.0,10600,21600,26700.0,
01538700,02-07,,5120.0,7700.0,10100,20100,37100.0,
01538700,02-08,,5590.0,6960.0,10800,17800,48900.0,
01538700,02-09,,5670.0,6560.0,10800,16500,60900.0,
01538700,02-10,,5230.0,6790.0,10500,26400,55300.0,
01538700,02-11,,5260.0,6480.0,11000,24000,43100.0,
01538700,02-12,,4750.0,6080.0,13000,21600,34700.0,
01538700,02-13,,4570.0,5790.0,13200,22000,30300.0,
01538700,02-14,,4690.0,5750.0,12700,24400,31000.0,
01538700,02-15,,4540.0,5470.0,11800,22400,27600.0,
01538700,02-16,,4440.0,6220.0,11100,22100,24600.0,
01538700,02-17,,4960.0,7480.0,12700,22400,40100.0,
01538700,02-18,,4830.0,8830.0,16300,20500,48900.0,
01538700,02-19,,4900.0,9390.0,16900,32200,61700.0,
01538700,02-20,,5010.0,9340.0,15100,29100,59500.0,
01538700,02-21,,5070.0,10100.0,14300,27600,44200.0,
01538700,02-22,,5240.0,9690.0,14700,27300,44200.0,
01538700,02-23,,5320.0,9530.0,14200,25800,52700.0,
01538700,02-24,,5370.0,9830.0,14800,24800,58400.0,
01538700,02-25,,5730.0,9910.0,17600,35800,63200.0,
01538700,02-26,,5910.0,9990.0,16900,48500,75200.0,
01538700,02-27,,5900.0,11600.0,18000,51500,70100.0,
01538700,02-28,,6020.0,13400.0,20000,49700,55600.0,
01538700,02-29,,,16200.0,41600,45100,,
01538700,03-01,,6890.0,14800.0,25600,36300,45400.0,
01538700,03-02,,6500.0,15400.0,25800,31800,41600.0,
01538700,03-03,,6220.0,16000.0,24400,27200,51500.0,
01538700,03-04,,6150.0,15300.0,22900,28600,42700.0,
01538700,03-05,,6160.0,16000.0,21600,28900,38700.0,
01538700,03-06,,5870.0,17000.0,24200,30400,40800.0,
01538700,03-07,,5480.0,16000.0,22900,37100,64100.0,
01538700,03-08,,5170.0,15000.0,26200,43800,65000.0,
01538700,03-09,,4980.0,13800.0,24300,48400,73500.0,
01538700,03-10,,5270.0,13600.0,24000,54400,67300.0,
01538700,03-11,,6130.0,14900.0,22300,43700,69200.0,
01538700,03-12,,8560.0,16800.0,22800,39000,62300.0,
01538700,03-13,,10300.0,16900.0,24300,48500,59100.0,
01538700,03-14,,11800.0,15900.0,23400,38300,58600.0,
01538700,03-15,,13300.0,14800.0,21400,32000,47800.0,
01538700,03-16,,14400.0,16200.0,20900,31200,36800.0,
01538700,03-17,,13500.0,16600.0,23500,35200,40100.0,
01538700,03-18,,13400.0,17400.0,23700,40500,47400.0,
01538700,03-19,,13700.0,16600.0,31800,39600,47800.0,
01538700,03-20,,13700.0,16100.0,27300,39700,44200.0,
01538700,03-21,,13000.0,16200.0,21100,33300,47400.0,
01538700,03-22,,12300.0,17200.0,22700,29800,44600.0,
01538700,03-23,,11600.0,16900.0,21800,35000,46500.0,
01538700,03-24,,11000.0,16700.0,22500,29400,48000.0,
01538700,03-25,,10800.0,14900.0,23500,31000,40800.0,
01538700,03-26,,10500.0,13500.0,25900,32800,38100.0,
01538700,03-27,,10200.0,13400.0,23600,33600,41900.0,
01538700,03-28,,10500.0,14800.0,22400,35800,52700.0,
01538700,03-29,,11100.0,14600.0,22500,32900,58700.0,
01538700,03-30,,10600.0,19200.0,22300,30500,54000.0,
01538700,03-31,,10500.0,18700.0,23600,30600,51700.0,
01538700,04-01,,10700.0,18200.0,25100,29400,67800.0,
01538700,04-02,,10400.0,17800.0,27500,41700,73500.0,
01538700,04-03,,10000.0,18600.0,29000,39500,73800.0,
01538700,04-04,,10200.0,20000.0,30700,57800,69800.0,
01538700,04-05,,10300.0,18300.0,26900,59200,84500.0,
01538700,04-06,,11200.0,16700.0,24900,60800,70600.0,
01538700,04-07,,11900.0,17900.0,24800,53600,83100.0,
01538700,04-08,,14200.0,17300.0,30100,49200,94600.0,
01538700,04-09,,13500.0,19600.0,26900,60900,90900.0,
01538700,04-10,,13200.0,18000.0,27600,59100,79800.0,
01538700,04-11,,12600.0,17700.0,24600,49800,84400.0,
01538700,04-12,,13400.0,17100.0,22100,40800,74700.0,
01538700,04-13,,16100.0,17900.0,21800,37700,62000.0,
01538700,04-14,,15200.0,19300.0,20700,33600,55300.0,
01538700,04-15,,14300.0,18000.0,23900,30000,50900.0,
01538700,04-16,,13800.0,17300.0,22500,39800,45500.0,
01538700,04-17,,12800.0,17300.0,21300,33200,45900.0,
01538700,04-18,,12700.0,17100.0,20600,31100,43200.0,
01538700,04-19,,12400.0,16300.0,19900,30100,41200.0,
01538700,04-20,,12100.0,14800.0,23100,32000,37800.0,
01538700,04-21,,11400.0,13500.0,24200,35100,54200.0,
01538700,04-22,,10700.0,12600.0,24700,47300,59200.0,
01538700,04-23,,10300.0,12300.0,21500,44500,60300.0,
01538700,04-24,,10200.0,12100.0,19200,39500,47500.0,
01538700,04-25,,10600.0,12400.0,17500,32500,37700.0,
01538700,04-26,,10300.0,12600.0,18300,27700,31700.0,
01538700,04-27,,9930.0,13600.0,20500,27600,31500.0,
01538700,04-28,,9280.0,13200.0,21800,27900,34600.0,
01538700,04-29,,9200.0,12300.0,20400,25400,36700.0,
01538700,04-30,,9950.0,12700.0,19600,22500,32200.0,
01538700,05-01,,9990.0,14000.0,19600,42700,67600.0,
01538700,05-02,,10600.0,13800.0,20800,39700,102000.0,
01538700,05-03,,12600.0,13900.0,19700,35100,81500.0,
01538700,05-04,,12100.0,15000.0,20300,33000,56000.0,
01538700,05-05,,11200.0,14500.0,26000,32100,42600.0,
01538700,05-06,,10500.0,14300.0,25200,35900,39100.0,
01538700,05-07,,10200.0,15300.0,23200,33400,64000.0,
01538700,05-08,,9680.0,16400.0,24300,31600,84500.0,
01538700,05-09,,9200.0,15900.0,20400,32900,78000.0,
01538700,05-10,,8740.0,14200.0,19000,34700,68200.0,
01538700,05-11,,8610.0,13200.0,18400,32800,60400.0,
01538700,05-12,,8200.0,13100.0,16600,28500,51700.0,
01538700,05-13,,7590.0,12800.0,17100,32900,41400.0,
01538700,05-14,,8240.0,12300.0,18000,28300,51000.0,
01538700,05-15,,8830.0,11800.0,17400,25000,59400.0,
01538700,05-16,,8340.0,11000.0,17900,27600,50300.0,
01538700,05-17,,7990.0,10400.0,17600,28200,42900.0,
01538700,05-18,,8350.0,10600.0,15900,26300,35000.0,
01538700,05-19,,8160.0,11000.0,14800,22400,29300.0,
01538700,05-20,,8000.0,11200.0,14100,20100,28600.0,
01538700,05-21,,7390.0,11300.0,13600,17800,26400.0,
01538700,05-22,,6910.0,10000.0,12300,17400,25200.0,
01538700,05-23,,6600.0,9340.0,11000,18900,51400.0,
01538700,05-24,,6400.0,8580.0,10600,17100,49200.0,
01538700,05-25,,6170.0,7710.0,9980,16600,35700.0,
01538700,05-26,,5710.0,7040.0,9700,17800,27100.0,
01538700,05-27,,5230.0,6540.0,9420,21200,23600.0,
01538700,05-28,,4940.0,6250.0,9520,19100,22100.0,
01538700,05-29,,4630.0,5930.0,9500,16400,22700.0,
01538700,05-30,,4380.0,5540.0,11100,14600,27200.0,
01538700,05-31,,4130.0,5340.0,11300,17500,29300.0,
01538700,06-01,,4070.0,5260.0,10800,20300,27800.0,
01538700,06-02,,4040.0,5960.0,9850,20800,25600.0,
01538700,06-03,,3860.0,6280.0,10100,18800,23100.0,
01538700,06-04,,3730.0,6380.0,9060,16300,18900.0,
01538700,06-05,,3590.0,5890.0,8610,14000,16300.0,
01538700,06-06,,3650.0,5540.0,7890,13800,15600.0,
01538700,06-07,,3500.0,5260.0,7610,14300,20100.0,
01538700,06-08,,3330.0,4960.0,7500,13600,33500.0,
01538700,06-09,,3280.0,5010.0,7450,13100,36600.0,
01538700,06-10,,3220.0,5580.0,7770,11600,33800.0,
01538700,06-11,,3140.0,6260.0,8240,11000,35500.0,
01538700,06-12,,3340.0,6050.0,9340,14100,33000.0,
01538700,06-13,,4800.0,5860.0,8430,12700,25100.0,
01538700,06-14,,4620.0,5940.0,7840,11900,21000.0,
01538700,06-15,,4380.0,5450.0,6990,11000,18000.0,
01538700,06-16,,4270.0,5340.0,6120,10100,17900.0,
01538700,06-17,,4330.0,5120.0,5580,9660,22400.0,
01538700,06-18,,4090.0,4630.0,5680,13900,20000.0,
01538700,06-19,,3840.0,4540.0,5520,13600,34400.0,
01538700,06-20,,3600.0,4340.0,5430,14400,26500.0,
01538700,06-21,,3490.0,4270.0,5000,14900,28700.0,
01538700,06-22,,3260.0,4260.0,4580,16300,38600.0,
01538700,06-23,,3050.0,3970.0,4430,14400,34200.0,
01538700,06-24,,2900.0,3880.0,4880,14300,28700.0,
01538700,06-25,,2890.0,4090.0,5100,12300,30500.0,
01538700,06-26,,2810.0,4390.0,4920,10800,23700.0,
01538700,06-27,,2670.0,4480.0,5210,9540,19300.0,
01538700,06-28,,2740.0,4250.0,5670,10500,15300.0,
01538700,06-29,,2850.0,4000.0,6100,11800,14800.0,
01538700,06-30,,2500.0,3780.0,6670,11900,26500.0,
01538700,07-01,,2500.0,3870.0,6350,10600,31000.0,
01538700,07-02,,2920.0,3900.0,6370,9850,40300.0,
01538700,07-03,,2650.0,4180.0,6850,9400,36400.0,
01538700,07-04,,2550.0,4370.0,7660,12000,32200.0,
01538700,07-05,,2580.0,4020.0,7540,14300,30100.0,
01538700,07-06,,2510.0,3930.0,7160,11700,24600.0,
01538700,07-07,,2310.0,3810.0,7220,9690,20300.0,
01538700,07-08,,2350.0,3500.0,6340,9340,16600.0,
01538700,07-09,,2270.0,3780.0,6110,11000,14800.0,
01538700,07-10,,2200.0,3380.0,6400,11500,14300.0,
01538700,07-11,,2080.0,4030.0,6030,10400,14700.0,
01538700,07-12,,2190.0,3580.0,6010,9970,15300.0,
01538700,07-13,,2060.0,3230.0,5640,8700,28900.0,
01538700,07-14,,2550.0,2990.0,5540,9110,46900.0,
01538700,07-15,,2530.0,3760.0,5450,11500,39200.0,
01538700,07-16,,2470.0,3520.0,5290,18400,34200.0,
01538700,07-17,,2350.0,3920.0,4660,17500,28700.0,
01538700,07-18,,2310.0,3900.0,5200,14200,26300.0,
01538700,07-19,,2310.0,3710.0,7410,11400,37800.0,
01538700,07-20,,2180.0,3380.0,7520,9930,45000.0,
01538700,07-21,,2110.0,3110.0,6490,9220,33100.0,
01538700,07-22,,2070.0,3120.0,5540,9920,33600.0,
01538700,07-23,,2030.0,3300.0,6420,11800,31900.0,
01538700,07-24,,1980.0,3180.0,6700,11600,25700.0,
01538700,07-25,,2100.0,3010.0,7880,20500,48700.0,
01538700,07-26,,2320.0,2910.0,6890,16200,86100.0,
01538700,07-27,,2130.0,2860.0,7530,13500,60800.0,
01538700,07-28,,1990.0,2620.0,7550,12300,34900.0,
01538700,07-29,,1830.0,2450.0,6670,11500,23600.0,
01538700,07-30,,1920.0,2390.0,5210,11800,17900.0,
01538700,07-31,,2320.0,3250.0,5840,11400,14900.0,
01538700,08-01,,2250.0,3330.0,4940,9660,12900.0,
01538700,08-02,,2190.0,3390.0,4520,8170,12000.0,
01538700,08-03,,2020.0,3450.0,4610,7330,12000.0,
01538700,08-04,,1950.0,3620.0,5420,7520,28100.0,
01538700,08-05,,2100.0,3780.0,5130,9630,25600.0,
01538700,08-06,,2080.0,3430.0,4660,7860,18400.0,
01538700,08-07,,2080.0,3160.0,5260,8390,14200.0,
01538700,08-08,,2270.0,2970.0,5910,8480,13300.0,
01538700,08-09,,2120.0,2860.0,7190,13000,15400.0,
01538700,08-10,,2040.0,2770.0,6460,14400,53200.0,
01538700,08-11,,1930.0,3100.0,5530,12100,69900.0,
01538700,08-12,,1860.0,3170.0,5380,10500,50500.0,
01538700,08-13,,1780.0,3590.0,4830,9860,40300.0,
01538700,08-14,,1870.0,3510.0,4670,9810,79300.0,
01538700,08-15,,1670.0,3450.0,4520,12600,135000.0,
01538700,08-16,,1580.0,3190.0,4870,14000,115000.0,
01538700,08-17,,1520.0,3080.0,4590,11300,56100.0,
01538700,08-18,,1480.0,2950.0,4420,9700,41500.0,
01538700,08-19,,1490.0,2660.0,6090,13200,44800.0,
01538700,08-20,,1460.0,2470.0,5070,29300,38200.0,
01538700,08-21,,1460.0,2510.0,4830,26100,40800.0,
01538700,08-22,,1540.0,2480.0,5330,18300,29500.0,
01538700,08-23,,1830.0,2310.0,5830,13500,35200.0,
01538700,08-24,,2140.0,2230.0,5550,10900,35500.0,
01538700,08-25,,2280.0,2730.0,5050,10700,28900.0,
01538700,08-26,,2010.0,3090.0,4980,14400,24200.0,
01538700,08-27,,1900.0,2800.0,4460,12000,19000.0,
01538700,08-28,,1910.0,2610.0,4100,10200,16100.0,
01538700,08-29,,1820.0,2670.0,3720,8990,14900.0,
01538700,08-30,,1810.0,2430.0,3400,8110,16300.0,
01538700,08-31,,2170.0,2510.0,3200,7540,19000.0,
01538700,09-01,,2190.0,2330.0,3140,9180,20300.0,
01538700,09-02,,1920.0,2120.0,3640,8450,49200.0,
01538700,09-03,,1930.0,2010.0,3560,7730,25800.0,
01538700,09-04,,1960.0,2120.0,3090,8110,17300.0,
01538700,09-05,,1960.0,2190.0,3140,7840,14100.0,
01538700,09-06,,1840.0,2030.0,3700,6910,12400.0,
01538700,09-07,,1760.0,1880.0,3560,7210,12600.0,
01538700,09-08,,1710.0,1820.0,3470,8040,14200.0,
01538700,09-09,,1650.0,1760.0,3550,7310,13200.0,
01538700,09-10,,1660.0,1730.0,3480,11900,17400.0,
01538700,09-11,,1690.0,1760.0,3300,10600,39300.0,
01538700,09-12,,1660.0,1750.0,3340,9480,56500.0,
01538700,09-13,,1630.0,1730.0,3280,8680,40400.0,
01538700,09-14,,1530.0,1650.0,3140,8350,32100.0,
01538700,09-15,,1530.0,1560.0,3290,7400,25500.0,
01538700,09-16,,1460.0,1540.0,3110,10200,19500.0,
01538700,09-17,,1410.0,1560.0,3050,12600,15900.0,
01538700,09-18,,1370.0,1490.0,3230,12000,19800.0,
01538700,09-19,,1320.0,1530.0,2960,10900,66800.0,
01538700,09-20,,1260.0,1590.0,2740,9760,62100.0,
01538700,09-21,,1220.0,1580.0,2580,9050,39700.0,
01538700,09-22,,1190.0,1540.0,2460,8330,29500.0,
01538700,09-23,,1210.0,1510.0,2540,7510,37800.0,
01538700,09-24,,1200.0,1460.0,2470,7180,31700.0,
01538700,09-25,,1230.0,1450.0,2270,16100,38500.0,
01538700,09-26,,1210.0,1970.0,2430,18900,36900.0,
01538700,09-27,,1210.0,1830.0,2460,14900,49200.0,
01538700,09-28,,1210.0,1680.0,2440,13100,49000.0,
01538700,09-29,,1240.0,1540.0,2420,11700,45900.0,
01538700,09-30,,1430.0,1840.0,2460,10200,38000.0,
01538700,10-01,,1740.0,1840.0,2740,7970,28400.0,
01538700,10-02,,1590.0,1810.0,2700,7160,23200.0,
01538700,10-03,,1620.0,1810.0,2460,8750,30100.0,
01538700,10-04,,1680.0,1770.0,2460,8060,36400.0,
01538700,10-05,,1680.0,1820.0,2380,7430,36300.0,
01538700,10-06,,1670.0,1810.0,2300,8750,35800.0,
01538700,10-07,,1650.0,1730.0,2350,8390,33800.0,
01538700,10-08,,1660.0,1740.0,2670,10300,28900.0,
01538700,10-09,,1700.0,1870.0,2720,13800,25500.0,
01538700,10-10,,1670.0,1790.0,2650,14000,21400.0,
01538700,10-11,,1630.0,1710.0,2460,11300,22100.0,
01538700,10-12,,1540.0,1780.0,2640,9530,25200.0,
01538700,10-13,,1470.0,1760.0,3290,8050,29600.0,
01538700,10-14,,1420.0,1690.0,3340,7200,28400.0,
01538700,10-15,,1390.0,1830.0,3340,8280,23900.0,
01538700,10-16,,1360.0,2430.0,3780,8120,21100.0,
01538700,10-17,,1360.0,2460.0,4130,8860,19200.0,
01538700,10-18,,1370.0,2420.0,3940,13800,19600.0,
01538700,10-19,,1330.0,2280.0,3710,16600,23400.0,
01538700,10-20,,1310.0,2170.0,3580,16700,22100.0,
01538700,10-21,,1310.0,2140.0,3400,15000,19800.0,
01538700,10-22,,1540.0,2290.0,5060,12800,17600.0,
01538700,10-23,,1560.0,2220.0,5590,15500,17300.0,
01538700,10-24,,1600.0,2240.0,5260,15500,19600.0,
01538700,10-25,,1650.0,2210.0,5010,14600,17600.0,
01538700,10-26,,1660.0,2130.0,4990,13300,16900.0,
01538700,10-27,,1720.0,2120.0,5000,13200,40200.0,
01538700,10-28,,1760.0,2130.0,5350,15700,79800.0,
01538700,10-29,,1920.0,2460.0,5290,20300,72800.0,
01538700,10-30,,2160.0,3290.0,6580,19400,60600.0,
01538700,10-31,,2390.0,3890.0,9970,22100,75600.0,
01538700,11-01,,2410.0,5850.0,11300,32000,68400.0,
01538700,11-02,,2390.0,5870.0,12300,28200,66900.0,
01538700,11-03,,2360.0,5370.0,11100,32400,57400.0,
01538700,11-04,,2320.0,4890.0,9250,31000,48600.0,
01538700,11-05,,2280.0,4500.0,7810,26400,40800.0,
01538700,11-06,,2260.0,4210.0,7000,22800,36700.0,
01538700,11-07,,2240.0,4000.0,6930,19300,36400.0,
01538700,11-08,,2180.0,3840.0,6540,17900,35100.0,
01538700,11-09,,2130.0,3680.0,6420,17400,31900.0,
01538700,11-10,,2130.0,3620.0,6380,15300,32500.0,
01538700,11-11,,2280.0,3770.0,6030,13800,31400.0,
01538700,11-12,,2470.0,4530.0,6660,13600,31300.0,
01538700,11-13,,2490.0,4620.0,8360,23500,35600.0,
01538700,11-14,,2410.0,5080.0,7940,31900,41300.0,
01538700,11-15,,2330.0,4850.0,7510,24100,35800.0,
01538700,11-16,,2280.0,4700.0,7180,19000,31300.0,
01538700,11-17,,2250.0,4550.0,6900,17600,28500.0,
01538700,11-18,,2280.0,4400.0,8450,17400,27100.0,
01538700,11-19,,2270.0,4260.0,8080,18000,26500.0,
01538700,11-20,,2330.0,4390.0,8110,15900,28100.0,
01538700,11-21,,2670.0,5440.0,8380,13500,31200.0,
01538700,11-22,,3040.0,5350.0,9100,11600,29400.0,
01538700,11-23,,3490.0,5060.0,9210,12800,25600.0,
01538700,11-24,,3970.0,5020.0,8480,12400,22300.0,
01538700,11-25,,4450.0,5110.0,7890,12800,25300.0,
01538700,11-26,,4800.0,6130.0,7540,13100,29700.0,
01538700,11-27,,5100.0,6600.0,8550,13400,44400.0,
01538700,11-28,,5580.0,7120.0,9940,13900,63400.0,
01538700,11-29,,5820.0,7650.0,11100,14300,54400.0,
01538700,11-30,,5550.0,8350.0,11500,14600,43600.0,
01538700,12-01,,5410.0,7880.0,11800,14300,36500.0,
01538700,12-02,,5590.0,7560.0,12200,13900,31800.0,
01538700,12-03,,5870.0,7480.0,11600,17000,33400.0,
01538700,12-04,,5800.0,7440.0,12300,16500,42200.0,
01538700,12-05,,5760.0,8300.0,12400,17300,45700.0,
01538700,12-06,,5750.0,7600.0,12600,15400,42200.0,
01538700,12-07,,5630.0,6900.0,13100,16800,34800.0,
01538700,12-08,,5650.0,6420.0,12300,20900,29200.0,
01538700,12-09,,5370.0,6420.0,12400,18900,26800.0,
01538700,12-10,,4970.0,6680.0,13100,18500,23000.0,
01538700,12-11,,5010.0,7010.0,13200,20200,24600.0,
01538700,12-12,,4730.0,6660.0,14400,30800,41400.0,
01538700,12-13,,4580.0,6450.0,15300,33200,53200.0,
01538700,12-14,,4480.0,6430.0,13900,27600,45200.0,
01538700,12-15,,4160.0,6530.0,12800,23800,36500.0,
01538700,12-16,,3820.0,6580.0,12700,21200,39900.0,
01538700,12-17,,3810.0,6530.0,13500,20600,37100.0,
01538700,12-18,,3880.0,6300.0,14400,23800,48200.0,
01538700,12-19,,4400.0,6100.0,15800,22500,94600.0,
01538700,12-20,,4380.0,8520.0,18400,22800,83300.0,
01538700,12-21,,4850.0,9560.0,19400,20600,62800.0,
01538700,12-22,,5110.0,9210.0,17800,26500,55300.0,
01538700,12-23,,5700.0,9670.0,15900,21300,62900.0,
01538700,12-24,,6700.0,10900.0,14500,30600,56800.0,
01538700,12-25,,8200.0,13800.0,16300,41700,59600.0,
01538700,12-26,,10000.0,12800.0,18500,34400,114000.0,
01538700,12-27,,10300.0,12000.0,19000,32400,103000.0,
01538700,12-28,,8920.0,11100.0,18700,27300,68400.0,
01538700,12-29,,6580.0,11500.0,21300,26300,51800.0,
01538700,12-30,,5750.0,13200.0,21000,27400,42500.0,
01538700,12-31,,5950.0,17800.0,21100,27400,37400.0,
01540500,01-01,2730.0,3810.0,6030.0,12100,22800,39200.0,54500.0
01540500,01-02,2920.0,3810.0,6450.0,12700,25600,37500.0,52600.0
01540500,01-03,3210.0,3830.0,6280.0,13000,26500,40800.0,56100.0
01540500,01-04,3000.0,3900.0,6060.0,12600,25300,40800.0,53800.0
01540500,01-05,3000.0,4300.0,6180.0,12500,24100,39800.0,47800.0
01540500,01-06,2910.0,4310.0,6330.0,12900,22000,39600.0,50700.0
01540500,01-07,3400.0,4500.0,6600.0,13600,24900,38400.0,48900.0
01540500,01-08,3610.0,4620.0,6860.0,13900,23600,39100.0,53800.0
01540500,01-09,3500.0,4400.0,6400.0,12800,21300,39800.0,57000.0
01540500,01-10,3200.0,4320.0,6820.0,12800,19400,38400.0,49900.0
01540500,01-11,3100.0,4040.0,6620.0,11900,19900,37900.0,46900.0
01540500,01-12,3100.0,4030.0,6600.0,11400,19000,34500.0,50300.0
01540500,01-13,3320.0,3850.0,6510.0,10200,18300,34700.0,58300.0
01540500,01-14,3210.0,4000.0,6200.0,10800,22400,36200.0,58900.0
01540500,01-15,2820.0,3600.0,6040.0,10400,21400,42200.0,47500.0
01540500,01-16,2900.0,3600.0,5850.0,10200,20800,34000.0,45200.0
01540500,01-17,3000.0,3670.0,5990.0,10700,20300,35300.0,42900.0
01540500,01-18,2800.0,3600.0,5570.0,10200,20800,33800.0,36900.0
01540500,01-19,2810.0,3500.0,5500.0,10100,19100,30300.0,46400.0
01540500,01-20,2810.0,3710.0,6000.0,10000,18100,31500.0,50500.0
01540500,01-21,2810.0,3800.0,5930.0,10200,19000,31500.0,43900.0
01540500,01-22,2810.0,4000.0,6080.0,11200,20000,39700.0,50400.0
01540500,01-23,2900.0,4320.0,6070.0,11000,19900,38500.0,59300.0
01540500,01-24,3100.0,4320.0,6140.0,11100,22900,40200.0,50300.0
01540500,01-25,2810.0,4070.0,6400.0,10500,22000,47600.0,63400.0
01540500,01-26,2900.0,4630.0,6040.0,11300,25600,49400.0,72600.0
01540500,01-27,3000.0,4200.0,6040.0,11000,26400,50600.0,79800.0
01540500,01-28,2810.0,4230.0,5980.0,11100,24300,46800.0,66200.0
01540500,01-29,2800.0,4020.0,6040.0,11400,22600,43000.0,67200.0
01540500,01-30,2600.0,3640.0,6510.0,10600,21400,38900.0,50300.0
01540500,01-31,2600.0,3640.0,6520.0,10500,22500,34900.0,46600.0
01540500,02-01,2610.0,3650.0,6700.0,10600,21000,36200.0,43500.0
01540500,02-02,2710.0,3440.0,6760.0,9940,20100,32500.0,36900.0
01540500,02-03,2610.0,4010.0,6420.0,9560,20300,32900.0,39100.0
01540500,02-04,2700.0,4000.0,6400.0,9730,19600,38100.0,50100.0
01540500,02-05,2710.0,3900.0,6840.0,9900,18600,33200.0,47800.0
01540500,02-06,2900.0,4010.0,6580.0,11000,17400,29700.0,43000.0
01540500,02-07,3010.0,4410.0,6410.0,10400,15900,28000.0,38400.0
01540500,02-08,3220.0,4480.0,6260.0,10700,15100,30200.0,36000.0
01540500,02-09,3120.0,4490.0,6010.0,10000,16000,26300.0,38800.0
01540500,02-10,3130.0,4500.0,6000.0,9380,15000,26300.0,35400.0
01540500,02-11,3120.0,4510.0,5990.0,9700,16300,29500.0,40700.0
01540500,02-12,3370.0,4410.0,5620.0,9320,16700,34600.0,44400.0
01540500,02-13,3500.0,4320.0,5600.0,9000,16900,30200.0,43900.0
01540500,02-14,3320.0,4480.0,5830.0,8630,17200,32600.0,49700.0
01540500,02-15,3500.0,4230.0,6000.0,9700,19600,31800.0,46100.0
01540500,02-16,3810.0,4270.0,5820.0,9460,21500,36100.0,55200.0
01540500,02-17,3800.0,4320.0,6250.0,9960,19800,39900.0,48400.0
01540500,02-18,3800.0,4360.0,6670.0,10600,20500,39700.0,51200.0
01540500,02-19,3600.0,4480.0,6500.0,11200,21600,40500.0,59900.0
01540500,02-20,3710.0,4410.0,6730.0,10800,22200,41500.0,57000.0
01540500,02-21,3800.0,4350.0,6670.0,12600,22800,43100.0,63500.0
01540500,02-22,3710.0,4350.0,6960.0,12300,22300,47900.0,70600.0
01540500,02-23,3720.0,4690.0,7010.0,12600,25500,48100.0,72000.0
01540500,02-24,4100.0,4820.0,7120.0,12800,28300,50600.0,61700.0
01540500,02-25,4210.0,4730.0,7410.0,13200,32400,49400.0,70600.0
01540500,02-26,4130.0,4710.0,7530.0,14200,33600,56400.0,77100.0
01540500,02-27,4210.0,5000.0,8060.0,14100,30000,60500.0,71400.0
01540500,02-28,4200.0,5110.0,8830.0,15500,33100,49200.0,66400.0
01540500,02-29,3040.0,4640.0,7220.0,15400,25100,47300.0,83500.0
01540500,03-01,4100.0,5000.0,8880.0,18000,32800,49600.0,62500.0
01540500,03-02,4000.0,5200.0,8940.0,17600,29700,51000.0,72200.0
01540500,03-03,4310.0,5000.0,8940.0,16900,27700,54800.0,71500.0
01540500,03-04,4510.0,5590.0,9750.0,17500,29900,53500.0,66100.0
01540500,03-05,4900.0,6800.0,9780.0,17400,33100,57800.0,70200.0
01540500,03-06,5210.0,7000.0,9900.0,17000,33800,67200.0,88400.0
01540500,03-07,4910.0,6940.0,10400.0,17100,35600,67200.0,92000.0
01540500,03-08,4910.0,7010.0,10200.0,17300,39500,60700.0,92000.0
01540500,03-09,4800.0,6950.0,10500.0,18300,36100,70800.0,94900.0
01540500,03-10,5470.0,7780.0,11100.0,18800,35800,69400.0,93700.0
01540500,03-11,5830.0,8330.0,12000.0,20300,32100,59200.0,90700.0
01540500,03-12,6300.0,8330.0,11900.0,21300,37600,65400.0,73600.0
01540500,03-13,6580.0,8780.0,13200.0,22500,39700,58400.0,67400.0
01540500,03-14,7710.0,9250.0,13100.0,23000,43700,62800.0,75600.0
01540500,03-15,7000.0,9040.0,14800.0,24900,40900,60000.0,110000.0
01540500,03-16,7670.0,8550.0,16400.0,27200,43500,64700.0,107000.0
01540500,03-17,7450.0,9100.0,16200.0,28200,45200,64500.0,102000.0
01540500,03-18,7730.0,9520.0,17000.0,26500,44800,74600.0,99800.0
01540500,03-19,7900.0,9730.0,16500.0,25000,44000,82200.0,89400.0
01540500,03-20,8320.0,10200.0,16500.0,24900,45000,69400.0,88000.0
01540500,03-21,8460.0,10800.0,16100.0,23600,44100,66300.0,77700.0
01540500,03-22,9160.0,12000.0,16600.0,26000,40100,64600.0,81100.0
01540500,03-23,9740.0,11200.0,17500.0,27500,44500,62100.0,99500.0
01540500,03-24,9730.0,12100.0,18300.0,26200,43600,65600.0,93900.0
01540500,03-25,8780.0,12200.0,18000.0,28200,42900,67900.0,90800.0
01540500,03-26,9370.0,12300.0,18700.0,28300,40800,70300.0,79500.0
01540500,03-27,11000.0,13800.0,21200.0,29800,43700,71300.0,88500.0
01540500,03-28,11400.0,15200.0,22400.0,31100,45000,72500.0,95300.0
01540500,03-29,11700.0,15500.0,22800.0,33100,48400,87200.0,107000.0
01540500,03-30,11700.0,15900.0,22300.0,32300,49500,87300.0,126000.0
01540500,03-31,11300.0,15800.0,21400.0,32300,52700,83100.0,124000.0
01540500,04-01,11300.0,15600.0,21800.0,30800,57400,85700.0,105000.0
01540500,04-02,10900.0,15400.0,20700.0,31300,51900,84400.0,118000.0
01540500,04-03,10500.0,15200.0,22200.0,32300,51000,84300.0,122000.0
01540500,04-04,10900.0,15600.0,22000.0,32900,52600,82300.0,121000.0
01540500,04-05,11000.0,14600.0,21800.0,32100,54500,86100.0,110000.0
01540500,04-06,10600.0,14400.0,21500.0,32200,54800,93600.0,116000.0
01540500,04-07,11400.0,14700.0,20600.0,35900,56100,99400.0,122000.0
01540500,04-08,11900.0,14600.0,20300.0,34300,56700,86500.0,118000.0
01540500,04-09,12300.0,14600.0,20000.0,31700,54700,81500.0,96800.0
01540500,04-10,12400.0,14700.0,20000.0,31500,50000,75400.0,85400.0
01540500,04-11,12500.0,15700.0,20100.0,29200,48500,73000.0,84100.0
01540500,04-12,12400.0,14600.0,19800.0,28900,45600,66900.0,76300.0
01540500,04-13,11600.0,14100.0,19800.0,30500,42400,62200.0,73900.0
01540500,04-14,10700.0,13100.0,19700.0,30300,45300,57900.0,68900.0
01540500,04-15,10700.0,13000.0,18200.0,30700,44600,57700.0,67500.0
01540500,04-16,10700.0,12300.0,18000.0,29400,44600,64900.0,86300.0
01540500,04-17,10200.0,11800.0,17800.0,28100,46900,70200.0,80200.0
01540500,04-18,9860.0,11600.0,17200.0,28100,43900,59500.0,87300.0
01540500,04-19,9650.0,11500.0,17000.0,26000,40600,63500.0,72600.0
01540500,04-20,9580.0,10900.0,15900.0,25200,37500,56000.0,64500.0
01540500,04-21,9170.0,11100.0,14600.0,23400,36100,56300.0,68100.0
01540500,04-22,9430.0,10500.0,15700.0,21900,35700,52000.0,68400.0
01540500,04-23,8800.0,10700.0,15400.0,21600,34600,52700.0,74400.0
01540500,04-24,9610.0,11000.0,15200.0,21700,33500,54300.0,65900.0
01540500,04-25,9330.0,11000.0,15200.0,22200,32200,50700.0,60700.0
01540500,04-26,9530.0,10900.0,14600.0,20700,33200,49500.0,63800.0
01540500,04-27,9100.0,10600.0,14300.0,20100,31100,44900.0,64100.0
01540500,04-28,9010.0,10600.0,14400.0,19900,28600,44400.0,55800.0
01540500,04-29,9300.0,10400.0,13800.0,19100,28800,41100.0,54500.0
01540500,04-30,8900.0,10700.0,13600.0,18900,27400,41300.0,58700.0
01540500,05-01,8560.0,10300.0,13600.0,18800,27600,44700.0,66100.0
01540500,05-02,8410.0,9730.0,12900.0,18200,27000,38900.0,79000.0
01540500,05-03,8780.0,9620.0,13000.0,17500,25600,38300.0,63400.0
01540500,05-04,8320.0,9350.0,12600.0,17100,25000,39100.0,56300.0
01540500,05-05,8240.0,9690.0,12100.0,16800,24400,36300.0,49500.0
01540500,05-06,8150.0,9360.0,11300.0,16700,23200,36900.0,52800.0
01540500,05-07,7790.0,8740.0,11100.0,16800,25700,41400.0,51000.0
01540500,05-08,7450.0,8240.0,10600.0,16500,24800,40500.0,54100.0
01540500,05-09,6990.0,7950.0,10800.0,15900,24800,37700.0,65300.0
01540500,05-10,7000.0,7720.0,10500.0,15300,24300,40600.0,58600.0
01540500,05-11,6880.0,7490.0,10100.0,15500,26700,40500.0,51000.0
01540500,05-12,6450.0,7400.0,10700.0,15400,25500,42400.0,62000.0
01540500,05-13,6270.0,6960.0,10700.0,16000,26100,42700.0,63300.0
01540500,05-14,6040.0,6890.0,10100.0,15200,28300,43900.0,66400.0
01540500,05-15,5890.0,6580.0,9880.0,15100,27000,42300.0,59900.0
01540500,05-16,5760.0,6470.0,9380.0,14800,26300,42500.0,51700.0
01540500,05-17,5380.0,6180.0,8840.0,13900,25300,42200.0,49700.0
01540500,05-18,5130.0,6470.0,8980.0,14100,25000,36100.0,42600.0
01540500,05-19,5040.0,6340.0,8540.0,14400,24600,34800.0,44300.0
01540500,05-20,5200.0,6170.0,8620.0,12800,24000,32800.0,39500.0
01540500,05-21,5230.0,6010.0,9020.0,14700,22400,31300.0,44600.0
01540500,05-22,5000.0,5560.0,8750.0,14800,24800,34700.0,44900.0
01540500,05-23,5070.0,5500.0,8070.0,13300,23100,41300.0,60600.0
01540500,05-24,4900.0,5770.0,8310.0,11900,20800,36400.0,49800.0
01540500,05-25,4850.0,5660.0,7950.0,12000,20500,35000.0,50800.0
01540500,05-26,4890.0,5520.0,7430.0,11800,19200,33100.0,55400.0
01540500,05-27,4840.0,5420.0,6970.0,11700,18300,35800.0,46300.0
01540500,05-28,4700.0,5200.0,6860.0,10900,17900,28200.0,46800.0
01540500,05-29,4660.0,5160.0,6670.0,10500,18300,31400.0,43300.0
01540500,05-30,4510.0,5250.0,6610.0,11000,17900,29700.0,38600.0
01540500,05-31,4300.0,5000.0,6210.0,10200,16900,29300.0,39400.0
01540500,06-01,4130.0,4810.0,5830.0,9690,16800,25400.0,34500.0
01540500,06-02,3960.0,4710.0,6000.0,9740,16100,25900.0,31400.0
01540500,06-03,3850.0,4550.0,6310.0,9710,15700,24300.0,27400.0
01540500,06-04,3690.0,4430.0,5990.0,8910,15600,25200.0,31600.0
01540500,06-05,3580.0,4440.0,5760.0,8690,15200,26100.0,38800.0
01540500,06-06,3680.0,4350.0,6060.0,8600,14600,23700.0,37700.0
01540500,06-07,3900.0,4370.0,5940.0,8070,14900,23100.0,33000.0
01540500,06-08,3920.0,4210.0,5550.0,7870,14100,24800.0,29600.0
01540500,06-09,3620.0,4190.0,5430.0,7320,13100,22500.0,33100.0
01540500,06-10,3500.0,4130.0,5310.0,7640,12900,19800.0,32500.0
01540500,06-11,3550.0,3980.0,5080.0,8250,12600,17800.0,24600.0
01540500,06-12,3490.0,3770.0,5110.0,7830,12500,18200.0,22800.0
01540500,06-13,3410.0,3780.0,4970.0,7590,11900,19100.0,23100.0
01540500,06-14,3300.0,3770.0,4750.0,7770,13400,20000.0,25100.0
01540500,06-15,3360.0,3760.0,4560.0,7400,12300,20200.0,28400.0
01540500,06-16,3390.0,3670.0,4440.0,6810,13400,23700.0,30300.0
01540500,06-17,3240.0,3610.0,4350.0,6550,12200,22700.0,31400.0
01540500,06-18,3100.0,3520.0,4550.0,7050,12400,22200.0,27000.0
01540500,06-19,2890.0,3530.0,4360.0,7140,12300,23200.0,36400.0
01540500,06-20,2800.0,3320.0,4280.0,6730,11800,23700.0,32300.0
01540500,06-21,2700.0,3150.0,4250.0,6210,11600,20600.0,30200.0
01540500,06-22,2570.0,3090.0,4070.0,6150,11700,22300.0,35200.0
01540500,06-23,2490.0,3020.0,4030.0,5860,11500,23800.0,35800.0
01540500,06-24,2440.0,2890.0,3730.0,5960,10700,22100.0,34300.0
01540500,06-25,2440.0,2800.0,3770.0,5690,9980,22000.0,35900.0
01540500,06-26,2320.0,2800.0,3650.0,5420,10200,20000.0,30200.0
01540500,06-27,2160.0,2720.0,3610.0,5380,9500,19500.0,26900.0
01540500,06-28,2080.0,2600.0,3660.0,5500,9500,18600.0,25500.0
01540500,06-29,2060.0,2570.0,3590.0,4970,10300,18200.0,24200.0
01540500,06-30,2100.0,2530.0,3500.0,5120,10700,18300.0,37400.0
01540500,07-01,2180.0,2450.0,3390.0,4860,10000,21600.0,34500.0
01540500,07-02,2230.0,2570.0,3320.0,4670,9400,24900.0,44000.0
01540500,07-03,2180.0,2570.0,3370.0,5210,9590,22200.0,42200.0
01540500,07-04,2050.0,2550.0,3250.0,5020,9980,19200.0,34200.0
01540500,07-05,1980.0,2460.0,3200.0,4950,8990,17200.0,32500.0
01540500,07-06,1870.0,2380.0,3210.0,5120,9430,15800.0,29100.0
01540500,07-07,1900.0,2270.0,3110.0,5200,9240,15200.0,24900.0
01540500,07-08,1900.0,2250.0,2920.0,4940,8660,14400.0,21500.0
01540500,07-09,1900.0,2170.0,2900.0,4730,8660,14700.0,20200.0
01540500,07-10,1980.0,2110.0,2850.0,4550,8090,15200.0,20200.0
01540500,07-11,1930.0,2230.0,2770.0,4610,7910,15200.0,17600.0
01540500,07-12,1810.0,2120.0,2790.0,4500,7420,14500.0,17700.0
01540500,07-13,1730.0,2020.0,2650.0,4550,7440,13600.0,18900.0
01540500,07-14,1750.0,2070.0,2520.0,4550,7600,14800.0,18800.0
01540500,07-15,1680.0,1950.0,2520.0,4450,7460,13400.0,17300.0
01540500,07-16,1620.0,1970.0,2410.0,4570,7420,13100.0,18200.0
01540500,07-17,1600.0,1840.0,2450.0,4360,6990,13800.0,19000.0
01540500,07-18,1600.0,1800.0,2520.0,4320,6720,12100.0,16900.0
01540500,07-19,1600.0,1790.0,2460.0,4260,6360,11700.0,16400.0
01540500,07-20,1600.0,1730.0,2330.0,4000,5900,11200.0,14800.0
01540500,07-21,1410.0,1710.0,2510.0,3960,6100,11000.0,15000.0
01540500,07-22,1400.0,1660.0,2470.0,3960,6670,10900.0,12400.0
01540500,07-23,1400.0,1610.0,2350.0,4020,7270,11900.0,14900.0
01540500,07-24,1350.0,1600.0,2560.0,4150,7500,13300.0,19400.0
01540500,07-25,1360.0,1600.0,2530.0,4170,7990,11900.0,22500.0
01540500,07-26,1340.0,1640.0,2420.0,4030,7670,13500.0,23300.0
01540500,07-27,1400.0,1640.0,2370.0,4060,8090,13200.0,17700.0
01540500,07-28,1440.0,1780.0,2420.0,4260,7140,12600.0,18200.0
01540500,07-29,1360.0,1750.0,2290.0,4030,7180,11800.0,16800.0
01540500,07-30,1360.0,1600.0,2300.0,4090,6480,11300.0,13900.0
01540500,07-31,1350.0,1700.0,2440.0,3980,6540,11700.0,12700.0
01540500,08-01,1380.0,1620.0,2350.0,3980,6720,11400.0,16100.0
01540500,08-02,1350.0,1720.0,2280.0,3770,6650,10300.0,15200.0
01540500,08-03,1360.0,1620.0,2300.0,3810,6440,10700.0,14800.0
01540500,08-04,1330.0,1620.0,2380.0,3610,6240,11200.0,20800.0
01540500,08-05,1240.0,1550.0,2310.0,3710,6620,10900.0,18700.0
01540500,08-06,1280.0,1560.0,2310.0,3590,6560,9050.0,16300.0
01540500,08-07,1210.0,1580.0,2270.0,3410,6280,10500.0,13500.0
01540500,08-08,1260.0,1510.0,2300.0,3410,6440,10400.0,12600.0
01540500,08-09,1330.0,1480.0,2180.0,3340,6540,9510.0,15800.0
01540500,08-10,1400.0,1580.0,2080.0,3370,6140,9530.0,16100.0
01540500,08-11,1340.0,1580.0,2120.0,3340,6240,9730.0,23700.0
01540500,08-12,1310.0,1500.0,2060.0,3310,5910,10500.0,22600.0
01540500,08-13,1410.0,1500.0,2210.0,3440,5680,10700.0,19100.0
01540500,08-14,1390.0,1610.0,2130.0,3230,6160,11100.0,15900.0
01540500,08-15,1440.0,1590.0,2110.0,3320,6020,10200.0,15300.0
01540500,08-16,1420.0,1530.0,2040.0,3260,6150,13700.0,18500.0
01540500,08-17,1330.0,1560.0,2120.0,3350,5900,12500.0,19400.0
01540500,08-18,1290.0,1580.0,2030.0,3360,5370,10900.0,14600.0
01540500,08-19,1240.0,1560.0,2010.0,3150,5650,12100.0,18900.0
01540500,08-20,1260.0,1560.0,1950.0,2880,5280,10700.0,24300.0
01540500,08-21,1240.0,1580.0,1880.0,2820,5130,10500.0,19100.0
01540500,08-22,1360.0,1480.0,1830.0,2990,5570,10200.0,17900.0
01540500,08-23,1250.0,1420.0,1900.0,2970,5520,10400.0,21000.0
01540500,08-24,1160.0,1400.0,1920.0,2990,5180,9600.0,22100.0
01540500,08-25,1180.0,1380.0,1960.0,2950,5350,10600.0,19200.0
01540500,08-26,1120.0,1400.0,1950.0,2840,5260,9480.0,20500.0
01540500,08-27,1200.0,1330.0,1890.0,2860,4940,9330.0,17700.0
01540500,08-28,1150.0,1400.0,1960.0,2810,5030,11400.0,14200.0
01540500,08-29,1130.0,1420.0,1970.0,2840,5380,10900.0,17200.0
01540500,08-30,1100.0,1410.0,1990.0,2820,5060,10900.0,16900.0
01540500,08-31,1080.0,1430.0,1980.0,2780,5380,10100.0,16100.0
01540500,09-01,1080.0,1430.0,2010.0,2920,5580,12600.0,16700.0
01540500,09-02,1210.0,1400.0,1930.0,2900,5990,10500.0,15900.0
01540500,09-03,1120.0,1410.0,1920.0,3010,6910,11900.0,19100.0
01540500,09-04,1160.0,1420.0,2000.0,2880,5880,12600.0,17900.0
01540500,09-05,1160.0,1430.0,1920.0,2800,5910,12900.0,18200.0
01540500,09-06,1220.0,1400.0,1910.0,2920,5530,11200.0,20600.0
01540500,09-07,1230.0,1380.0,1970.0,2940,6170,12000.0,16100.0
01540500,09-08,1150.0,1410.0,1930.0,2830,5360,9670.0,15000.0
01540500,09-09,1110.0,1400.0,1920.0,2930,5080,9850.0,12900.0
01540500,09-10,1100.0,1350.0,1830.0,2860,4880,9840.0,13700.0
01540500,09-11,1150.0,1400.0,1860.0,2880,4790,9430.0,12000.0
01540500,09-12,1100.0,1380.0,1830.0,2850,4900,9250.0,12400.0
01540500,09-13,1060.0,1410.0,1720.0,2850,4720,11200.0,22500.0
01540500,09-14,1010.0,1410.0,1830.0,2850,4770,10600.0,26200.0
01540500,09-15,1000.0,1390.0,1770.0,2790,4860,11200.0,20700.0
01540500,09-16,1070.0,1340.0,1790.0,2770,4990,12300.0,19900.0
01540500,09-17,1060.0,1360.0,1800.0,2940,5800,13900.0,15600.0
01540500,09-18,1020.0,1400.0,1810.0,2850,5400,13900.0,19100.0
01540500,09-19,1070.0,1340.0,1820.0,2960,5700,12600.0,22600.0
01540500,09-20,1110.0,1320.0,1830.0,2900,5490,14000.0,21100.0
01540500,09-21,1090.0,1360.0,1830.0,2880,5130,12100.0,22800.0
01540500,09-22,1140.0,1400.0,1860.0,3010,5440,12100.0,20100.0
01540500,09-23,1110.0,1350.0,1890.0,2810,6300,13700.0,18900.0
01540500,09-24,1060.0,1340.0,1960.0,2810,5950,13500.0,28000.0
01540500,09-25,1010.0,1310.0,1930.0,2800,6380,13800.0,31100.0
01540500,09-26,1030.0,1320.0,1860.0,2840,6800,12900.0,35000.0
01540500,09-27,1010.0,1310.0,1930.0,3100,7470,14800.0,26900.0
01540500,09-28,1060.0,1340.0,1840.0,3080,6950,16700.0,34900.0
01540500,09-29,1070.0,1300.0,1890.0,3230,6650,17400.0,28200.0
01540500,09-30,1240.0,1350.0,1910.0,3220,7600,16600.0,33300.0
01540500,10-01,1280.0,1490.0,1940.0,3270,7490,19600.0,25300.0
01540500,10-02,1210.0,1550.0,2030.0,3460,7970,16900.0,35000.0
01540500,10-03,1190.0,1560.0,2030.0,3420,8070,15500.0,37900.0
01540500,10-04,1210.0,1620.0,1990.0,3270,7440,13700.0,36100.0
01540500,10-05,1210.0,1580.0,2010.0,3280,7610,13200.0,36600.0
01540500,10-06,1280.0,1560.0,2010.0,3230,7730,13600.0,24800.0
01540500,10-07,1240.0,1510.0,2040.0,3220,8020,16600.0,30700.0
01540500,10-08,1220.0,1470.0,2060.0,3410,7910,16800.0,29600.0
01540500,10-09,1200.0,1490.0,2020.0,3820,7680,18500.0,23600.0
01540500,10-10,1220.0,1550.0,2030.0,3710,7950,18200.0,22700.0
01540500,10-11,1220.0,1540.0,1990.0,3810,8260,15400.0,25400.0
01540500,10-12,1330.0,1530.0,1960.0,3870,7830,14100.0,23700.0
01540500,10-13,1250.0,1540.0,2080.0,3820,7670,13500.0,19800.0
01540500,10-14,1270.0,1540.0,2020.0,3740,7400,16500.0,22600.0
01540500,10-15,1330.0,1480.0,1990.0,3620,7280,16400.0,26100.0
01540500,10-16,1310.0,1690.0,1950.0,3690,7170,15600.0,26800.0
01540500,10-17,1290.0,1540.0,1990.0,3530,7000,14200.0,24500.0
01540500,10-18,1250.0,1530.0,2010.0,3800,7280,18100.0,23200.0
01540500,10-19,1280.0,1460.0,2310.0,4060,7580,19100.0,27700.0
01540500,10-20,1220.0,1410.0,2320.0,4030,7870,18400.0,30700.0
01540500,10-21,1230.0,1430.0,2290.0,4130,10200,21300.0,38200.0
01540500,10-22,1220.0,1480.0,2270.0,4300,10900,24100.0,49300.0
01540500,10-23,1310.0,1420.0,2340.0,4700,11800,21500.0,49600.0
01540500,10-24,1270.0,1490.0,2370.0,4770,11400,24700.0,43000.0
01540500,10-25,1250.0,1560.0,2420.0,4810,11200,23700.0,32800.0
01540500,10-26,1310.0,1610.0,2420.0,4970,12600,22800.0,31300.0
01540500,10-27,1290.0,1640.0,2380.0,5380,15100,25800.0,32900.0
01540500,10-28,1350.0,1650.0,2440.0,5810,15200,25500.0,35600.0
01540500,10-29,1320.0,1710.0,2570.0,5890,15400,32100.0,40700.0
01540500,10-30,1320.0,1760.0,2950.0,6060,14900,27300.0,53100.0
01540500,10-31,1370.0,1780.0,3300.0,6380,14300,29100.0,51200.0
01540500,11-01,1450.0,1730.0,3260.0,6530,13300,32200.0,39800.0
01540500,11-02,1420.0,1770.0,3420.0,6810,12600,28700.0,44600.0
01540500,11-03,1390.0,1840.0,3510.0,7430,13300,25600.0,35100.0
01540500,11-04,1540.0,1800.0,3550.0,7380,17500,27300.0,33700.0
01540500,11-05,1600.0,2000.0,3710.0,7630,15700,26100.0,32200.0
01540500,11-06,1610.0,2010.0,3740.0,7620,15000,25000.0,34100.0
01540500,11-07,1590.0,2030.0,3860.0,8020,14700,25400.0,30400.0
01540500,11-08,1790.0,2030.0,4100.0,7770,14300,21100.0,29700.0
01540500,11-09,1760.0,2030.0,4070.0,8540,14900,23800.0,40700.0
01540500,11-10,1700.0,2050.0,4190.0,8150,15500,24700.0,46800.0
01540500,11-11,1830.0,2230.0,4620.0,8440,15500,27000.0,42400.0
01540500,11-12,1850.0,2240.0,4680.0,8310,14800,27500.0,44000.0
01540500,11-13,1850.0,2290.0,4700.0,8800,15500,24100.0,39300.0
01540500,11-14,1850.0,2360.0,4910.0,8890,15900,28700.0,38900.0
01540500,11-15,1950.0,2530.0,4860.0,8650,16800,33100.0,41400.0
01540500,11-16,1850.0,2550.0,5370.0,8560,16400,32600.0,36400.0
01540500,11-17,1850.0,2610.0,5030.0,8400,16600,31100.0,48200.0
01540500,11-18,1890.0,2610.0,4740.0,9560,18500,33800.0,41600.0
01540500,11-19,2160.0,2630.0,4650.0,8910,19600,30800.0,51300.0
01540500,11-20,2060.0,2550.0,5240.0,8680,19500,33200.0,45600.0
01540500,11-21,2190.0,3120.0,5170.0,9540,20500,31400.0,51700.0
01540500,11-22,2200.0,3120.0,5050.0,9980,21200,28200.0,41000.0
01540500,11-23,2150.0,3310.0,5280.0,10600,20700,28600.0,37100.0
01540500,11-24,2290.0,3320.0,5350.0,10600,19100,27400.0,33200.0
01540500,11-25,2270.0,3220.0,5820.0,11500,18900,28100.0,33000.0
01540500,11-26,2310.0,3260.0,6200.0,11500,17800,29600.0,39500.0
01540500,11-27,2390.0,3440.0,6720.0,11500,18200,26800.0,40500.0
01540500,11-28,2550.0,3360.0,6730.0,11800,17400,30400.0,44000.0
01540500,11-29,2530.0,4220.0,7120.0,11900,18600,45100.0,66700.0
01540500,11-30,2530.0,4650.0,7600.0,11900,19500,38300.0,60000.0
01540500,12-01,2380.0,4700.0,7460.0,12000,22900,37100.0,58500.0
01540500,12-02,2320.0,4980.0,7260.0,12700,22300,37000.0,62700.0
01540500,12-03,2320.0,4540.0,7720.0,12500,20600,41600.0,63800.0
01540500,12-04,2310.0,4310.0,7530.0,12100,20800,49600.0,54500.0
01540500,12-05,2420.0,4300.0,7320.0,12300,22500,43700.0,55200.0
01540500,12-06,3000.0,4050.0,6960.0,12200,22800,40800.0,50400.0
01540500,12-07,3050.0,4640.0,7080.0,12600,22300,39000.0,49100.0
01540500,12-08,2920.0,4900.0,6890.0,12900,23300,37800.0,43400.0
01540500,12-09,2910.0,4820.0,7410.0,12700,23600,37600.0,45100.0
01540500,12-10,3070.0,4650.0,7450.0,13400,22400,34500.0,47700.0
01540500,12-11,3070.0,4530.0,7380.0,13400,21300,32000.0,53800.0
01540500,12-12,2810.0,4400.0,7840.0,13700,21100,42200.0,60000.0
01540500,12-13,2180.0,3990.0,7310.0,13600,21600,42600.0,58600.0
01540500,12-14,2800.0,4210.0,7300.0,13200,20700,42500.0,60300.0
01540500,12-15,2540.0,3980.0,6590.0,13200,23600,39000.0,51000.0
01540500,12-16,2540.0,3500.0,6420.0,13200,23600,36400.0,52500.0
01540500,12-17,2410.0,4010.0,7040.0,13100,23100,31400.0,48600.0
01540500,12-18,2420.0,4060.0,7420.0,12300,21700,35400.0,42000.0
01540500,12-19,2540.0,3920.0,7240.0,14100,21500,31800.0,48700.0
01540500,12-20,2580.0,3430.0,7140.0,12500,21200,33900.0,43400.0
01540500,12-21,2530.0,3320.0,7050.0,13100,20500,31700.0,43600.0
01540500,12-22,2440.0,3410.0,7000.0,14000,19900,32000.0,45500.0
01540500,12-23,2330.0,3330.0,7300.0,13100,19700,32100.0,48500.0
01540500,12-24,2600.0,3530.0,7070.0,12200,20000,37700.0,49400.0
01540500,12-25,2610.0,3910.0,7390.0,12800,20000,44500.0,56700.0
01540500,12-26,2510.0,4120.0,7950.0,13000,22700,38300.0,48500.0
01540500,12-27,2580.0,4030.0,7110.0,12400,21600,39000.0,47500.0
01540500,12-28,2700.0,4030.0,6850.0,12900,22300,34400.0,41000.0
01540500,12-29,2830.0,4030.0,6600.0,12600,21800,31300.0,39100.0
01540500,12-30,2820.0,4000.0,6850.0,11300,22100,32600.0,50400.0
01540500,12-31,2900.0,4000.0,6270.0,11600,20500,37600.0,52600.0
