SiteCode,MonthDay,p05,p10,p25,p50,p75,p90,p95
01595500,01-01,100.0,140,238,392,560,1510,2010.0
01595500,01-02,110.0,150,250,383,762,1570,2310.0
01595500,01-03,118.0,145,258,375,786,1700,2570.0
01595500,01-04,110.0,143,245,400,1020,1620,1890.0
01595500,01-05,96.0,136,224,340,903,1500,1660.0
01595500,01-06,86.0,130,220,440,820,1260,1420.0
01595500,01-07,90.0,125,220,388,823,1250,1750.0
01595500,01-08,80.0,125,210,365,677,1010,1310.0
01595500,01-09,100.0,125,205,373,627,968,1060.0
01595500,01-10,107.0,145,231,429,584,1080,2030.0
01595500,01-11,103.0,150,244,416,624,1050,1720.0
01595500,01-12,105.0,144,234,400,623,1520,2270.0
01595500,01-13,100.0,125,218,369,688,1170,2130.0
01595500,01-14,100.0,135,210,390,773,1200,1290.0
01595500,01-15,105.0,150,240,400,666,1440,2020.0
01595500,01-16,105.0,130,230,385,640,1180,1720.0
01595500,01-17,91.0,116,221,356,554,1000,1780.0
01595500,01-18,84.0,113,209,310,590,1180,1560.0
01595500,01-19,84.0,110,214,318,567,1140,1440.0
01595500,01-20,84.0,106,214,325,582,998,1490.0
01595500,01-21,75.0,96,206,316,611,944,1360.0
01595500,01-22,82.0,95,210,330,581,909,1060.0
01595500,01-23,82.0,120,191,370,629,1080,1590.0
01595500,01-24,84.0,120,210,342,713,1370,2250.0
01595500,01-25,70.0,130,202,332,750,1970,2150.0
01595500,01-26,74.0,140,214,398,821,2030,2600.0
01595500,01-27,84.0,130,226,430,819,1450,1700.0
01595500,01-28,82.0,130,238,412,778,1120,1780.0
01595500,01-29,105.0,148,209,420,724,1700,2410.0
01595500,01-30,98.0,140,199,450,932,1330,2460.0
01595500,01-31,93.0,150,213,420,762,1750,2340.0
01595500,02-01,86.0,150,210,412,777,1800,3160.0
01595500,02-02,110.0,165,230,465,760,1670,2410.0
01595500,02-03,105.0,160,280,431,896,1800,2140.0
01595500,02-04,92.0,170,258,401,873,1660,2360.0
01595500,02-05,100.0,170,280,424,866,1270,2320.0
01595500,02-06,92.0,157,272,420,836,1590,2140.0
01595500,02-07,82.0,137,266,465,864,1420,2600.0
01595500,02-08,78.0,114,266,460,760,1460,1890.0
01595500,02-09,74.0,140,248,471,816,1450,1950.0
01595500,02-10,103.0,140,234,416,787,1660,1810.0
01595500,02-11,128.0,165,270,438,937,1840,2100.0
01595500,02-12,136.0,165,266,413,912,1440,1840.0
01595500,02-13,132.0,190,275,425,960,1260,1600.0
01595500,02-14,137.0,200,250,400,920,1170,2020.0
01595500,02-15,132.0,216,256,411,731,1260,1910.0
01595500,02-16,130.0,224,285,479,835,1370,1570.0
01595500,02-17,146.0,212,295,520,742,1300,1620.0
01595500,02-18,150.0,210,290,501,740,1610,2370.0
01595500,02-19,155.0,202,302,491,737,1550,2300.0
01595500,02-20,150.0,208,303,455,816,1420,2150.0
01595500,02-21,145.0,210,306,458,998,2060,2600.0
01595500,02-22,145.0,200,317,528,920,1670,1970.0
01595500,02-23,155.0,200,299,600,1060,1550,1970.0
01595500,02-24,179.0,200,328,585,1070,1920,3290.0
01595500,02-25,172.0,202,335,592,1230,2840,3310.0
01595500,02-26,170.0,185,338,540,969,2120,2980.0
01595500,02-27,161.0,168,327,532,968,2170,2340.0
01595500,02-28,150.0,168,376,534,954,1930,2290.0
01595500,02-29,,145,236,518,880,3040,
01595500,03-01,164.0,179,371,541,1140,2410,3980.0
01595500,03-02,137.0,250,352,604,1080,2040,2490.0
01595500,03-03,150.0,225,379,655,1110,1580,2380.0
01595500,03-04,155.0,220,394,722,1350,2350,3530.0
01595500,03-05,150.0,240,424,626,1390,2990,5110.0
01595500,03-06,155.0,239,455,718,1230,2140,4260.0
01595500,03-07,162.0,222,433,660,1190,1760,2600.0
01595500,03-08,155.0,201,425,694,1140,1710,2010.0
01595500,03-09,165.0,257,448,640,929,1380,1790.0
01595500,03-10,185.0,232,436,626,854,1610,1650.0
01595500,03-11,201.0,272,460,627,1090,1660,2970.0
01595500,03-12,210.0,310,444,693,1200,1790,2880.0
01595500,03-13,216.0,383,470,734,1250,2220,3090.0
01595500,03-14,213.0,371,464,737,1460,2250,2880.0
01595500,03-15,209.0,341,423,668,1260,1950,3220.0
01595500,03-16,190.0,331,421,668,1280,1720,2510.0
01595500,03-17,266.0,325,414,570,1020,1800,2570.0
01595500,03-18,284.0,296,464,573,888,1430,2190.0
01595500,03-19,254.0,342,465,657,1090,1570,2150.0
01595500,03-20,239.0,314,489,730,1300,1970,2470.0
01595500,03-21,231.0,303,457,700,1360,2050,2740.0
01595500,03-22,218.0,269,407,684,1330,1860,3210.0
01595500,03-23,205.0,279,452,716,1110,1800,2350.0
01595500,03-24,208.0,335,466,741,1200,2100,2330.0
01595500,03-25,206.0,325,435,654,1280,1660,2260.0
01595500,03-26,213.0,324,394,722,1060,1630,2380.0
01595500,03-27,244.0,348,470,659,1000,1530,2510.0
01595500,03-28,269.0,330,462,637,1100,1960,3190.0
01595500,03-29,262.0,307,446,639,1040,2340,2870.0
01595500,03-30,251.0,343,445,680,1050,1850,2120.0
01595500,03-31,260.0,341,432,603,1010,1470,1780.0
01595500,04-01,269.0,362,437,641,1050,1500,1730.0
01595500,04-02,296.0,332,474,699,1110,1540,1590.0
01595500,04-03,288.0,335,482,661,1020,1560,2970.0
01595500,04-04,326.0,345,446,806,1130,1850,2640.0
01595500,04-05,291.0,354,494,771,1170,1660,2740.0
01595500,04-06,291.0,346,499,715,1160,1550,1970.0
01595500,04-07,292.0,350,435,672,990,1540,1710.0
01595500,04-08,275.0,300,465,653,1060,1400,2120.0
01595500,04-09,263.0,296,423,736,1140,1510,1630.0
01595500,04-10,240.0,274,383,737,1020,1320,1720.0
01595500,04-11,219.0,271,354,677,923,1260,1430.0
01595500,04-12,245.0,274,393,626,917,1360,1500.0
01595500,04-13,240.0,266,374,586,960,1630,2260.0
01595500,04-14,237.0,252,334,573,1130,1370,1590.0
01595500,04-15,229.0,244,343,614,1140,1360,1710.0
01595500,04-16,208.0,227,326,626,984,1550,2160.0
01595500,04-17,202.0,253,320,581,840,1290,1760.0
01595500,04-18,188.0,225,320,526,806,1310,1440.0
01595500,04-19,188.0,228,326,535,708,1070,1200.0
01595500,04-20,174.0,215,316,533,840,1000,1290.0
01595500,04-21,176.0,209,295,427,776,1030,1540.0
01595500,04-22,175.0,198,298,396,758,1320,1540.0
01595500,04-23,170.0,196,308,493,721,1440,1940.0
01595500,04-24,172.0,213,296,486,884,1450,2200.0
01595500,04-25,155.0,205,317,485,946,1900,2440.0
01595500,04-26,183.0,194,320,475,1100,1620,1740.0
01595500,04-27,154.0,218,326,522,1030,1450,1870.0
01595500,04-28,182.0,213,332,546,846,1290,2440.0
01595500,04-29,187.0,209,353,497,952,1590,2120.0
01595500,04-30,171.0,187,313,530,900,1500,2780.0
01595500,05-01,159.0,185,314,501,789,1280,1740.0
01595500,05-02,152.0,210,324,480,750,1100,1320.0
01595500,05-03,186.0,217,329,490,728,1190,1660.0
01595500,05-04,169.0,205,309,480,758,1460,2210.0
01595500,05-05,167.0,190,276,439,808,1520,2080.0
01595500,05-06,150.0,215,254,454,886,1290,1870.0
01595500,05-07,147.0,200,273,510,955,1420,2520.0
01595500,05-08,152.0,198,288,452,846,1830,2300.0
01595500,05-09,135.0,196,256,455,815,1450,2350.0
01595500,05-10,130.0,185,229,398,787,1100,1710.0
01595500,05-11,125.0,175,225,371,770,999,1870.0
01595500,05-12,143.0,180,251,403,814,1040,1600.0
01595500,05-13,132.0,171,262,480,849,1670,2180.0
01595500,05-14,136.0,166,294,455,872,1350,1690.0
01595500,05-15,131.0,192,284,560,931,1560,1900.0
01595500,05-16,135.0,175,261,496,770,1870,2480.0
01595500,05-17,125.0,169,251,416,692,1990,2110.0
01595500,05-18,142.0,187,308,425,685,1280,1840.0
01595500,05-19,129.0,205,289,446,674,1100,1470.0
01595500,05-20,152.0,170,304,445,645,1290,1630.0
01595500,05-21,145.0,152,256,387,548,1060,1660.0
01595500,05-22,125.0,150,236,346,532,1280,1430.0
01595500,05-23,123.0,154,217,336,596,1340,1850.0
01595500,05-24,118.0,161,227,340,544,1050,1460.0
01595500,05-25,112.0,155,202,300,490,1070,1770.0
01595500,05-26,128.0,134,190,285,428,803,1060.0
01595500,05-27,118.0,134,180,315,536,896,1920.0
01595500,05-28,106.0,114,173,310,657,1150,2360.0
01595500,05-29,92.0,109,181,379,621,944,1610.0
01595500,05-30,82.0,106,193,317,479,888,1270.0
01595500,05-31,74.0,103,169,337,495,891,1770.0
01595500,06-01,72.0,93,147,295,456,1080,1440.0
01595500,06-02,71.0,95,138,283,441,951,1020.0
01595500,06-03,75.0,88,137,285,373,807,2100.0
01595500,06-04,68.0,86,131,264,499,1250,1840.0
01595500,06-05,63.0,73,135,247,598,1200,1860.0
01595500,06-06,63.0,76,130,257,572,1200,1800.0
01595500,06-07,68.0,88,120,222,520,869,1320.0
01595500,06-08,69.0,85,118,222,411,716,1430.0
01595500,06-09,74.0,83,140,220,350,642,927.0
01595500,06-10,72.0,82,136,201,444,934,1270.0
01595500,06-11,68.0,76,112,206,499,1020,1550.0
01595500,06-12,58.0,67,108,204,448,702,1280.0
01595500,06-13,52.0,60,107,190,455,891,1450.0
01595500,06-14,57.0,68,104,201,580,1010,2190.0
01595500,06-15,59.0,72,110,196,433,875,1150.0
01595500,06-16,54.0,78,113,182,392,650,812.0
01595500,06-17,55.0,72,108,189,369,636,960.0
01595500,06-18,65.0,69,115,204,395,811,1010.0
01595500,06-19,61.0,66,99,214,401,694,776.0
01595500,06-20,61.0,75,94,193,350,626,862.0
01595500,06-21,58.0,67,100,241,353,551,837.0
01595500,06-22,49.0,69,98,209,393,623,1080.0
01595500,06-23,45.0,70,89,202,308,570,628.0
01595500,06-24,45.0,65,84,173,344,522,921.0
01595500,06-25,40.0,60,91,189,354,508,1460.0
01595500,06-26,38.0,56,91,145,278,637,1110.0
01595500,06-27,34.0,53,76,152,255,498,836.0
01595500,06-28,37.0,49,75,148,254,626,1280.0
01595500,06-29,34.0,51,80,125,240,656,854.0
01595500,06-30,32.0,52,83,129,227,463,673.0
01595500,07-01,30.0,44,77,120,244,482,1010.0
01595500,07-02,36.0,44,71,124,212,539,656.0
01595500,07-03,31.0,38,66,114,242,554,1040.0
01595500,07-04,33.0,36,64,111,251,492,633.0
01595500,07-05,31.0,39,62,111,279,663,1180.0
01595500,07-06,31.0,41,69,138,269,651,1040.0
01595500,07-07,31.0,41,64,115,282,626,717.0
01595500,07-08,31.0,37,60,127,284,655,790.0
01595500,07-09,36.0,45,67,127,274,644,770.0
01595500,07-10,28.0,53,72,107,283,526,786.0
01595500,07-11,26.0,42,65,110,220,522,902.0
01595500,07-12,25.0,38,63,121,243,559,820.0
01595500,07-13,27.0,38,70,137,219,502,561.0
01595500,07-14,30.0,36,73,135,205,392,426.0
01595500,07-15,37.0,42,72,114,198,378,546.0
01595500,07-16,33.0,39,67,103,216,354,417.0
01595500,07-17,28.0,33,61,98,185,335,386.0
01595500,07-18,24.0,26,57,97,175,294,345.0
01595500,07-19,22.0,28,55,95,162,281,335.0
01595500,07-20,23.0,25,64,99,159,277,394.0
01595500,07-21,22.0,32,66,104,168,271,393.0
01595500,07-22,21.0,27,66,105,204,276,346.0
01595500,07-23,21.0,30,61,102,190,353,564.0
01595500,07-24,28.0,33,62,106,195,328,444.0
01595500,07-25,23.0,48,68,100,168,245,279.0
01595500,07-26,20.0,45,67,93,137,235,277.0
01595500,07-27,19.0,40,65,90,158,318,492.0
01595500,07-28,18.0,31,62,81,158,317,674.0
01595500,07-29,20.0,35,54,87,131,470,852.0
01595500,07-30,19.0,32,54,91,139,233,524.0
01595500,07-31,20.0,31,53,92,149,306,401.0
01595500,08-01,21.0,31,52,93,161,390,667.0
01595500,08-02,18.0,35,48,88,188,401,458.0
01595500,08-03,22.0,32,50,81,184,328,555.0
01595500,08-04,21.0,34,57,88,195,390,542.0
01595500,08-05,21.0,35,58,85,148,430,538.0
01595500,08-06,20.0,30,54,84,172,309,742.0
01595500,08-07,23.0,38,50,94,145,211,569.0
01595500,08-08,27.0,38,52,90,131,226,733.0
01595500,08-09,32.0,40,55,78,157,347,502.0
01595500,08-10,31.0,42,55,81,185,353,495.0
01595500,08-11,32.0,44,60,84,200,298,361.0
01595500,08-12,32.0,47,59,96,179,298,511.0
01595500,08-13,39.0,44,57,84,181,266,662.0
01595500,08-14,32.0,40,56,93,158,357,855.0
01595500,08-15,32.0,41,50,86,154,289,489.0
01595500,08-16,32.0,39,50,85,153,293,694.0
01595500,08-17,31.0,39,49,84,148,463,612.0
01595500,08-18,38.0,40,50,71,158,421,1000.0
01595500,08-19,33.0,40,50,71,139,355,1790.0
01595500,08-20,30.0,36,45,66,150,294,1100.0
01595500,08-21,28.0,33,43,74,140,541,1310.0
01595500,08-22,27.0,33,45,80,148,553,692.0
01595500,08-23,26.0,36,49,78,142,534,597.0
01595500,08-24,25.0,34,48,63,158,331,510.0
01595500,08-25,27.0,32,44,62,153,266,351.0
01595500,08-26,29.0,30,40,67,153,268,303.0
01595500,08-27,27.0,29,38,68,123,244,375.0
01595500,08-28,26.0,32,39,66,140,224,357.0
01595500,08-29,24.0,27,42,71,126,218,400.0
01595500,08-30,23.0,30,42,65,110,198,294.0
01595500,08-31,26.0,32,41,63,113,181,326.0
01595500,09-01,27.0,32,43,70,103,191,549.0
01595500,09-02,27.0,34,42,66,95,280,500.0
01595500,09-03,26.0,31,41,65,121,258,501.0
01595500,09-04,25.0,28,38,63,102,231,407.0
01595500,09-05,22.0,31,38,59,131,298,430.0
01595500,09-06,23.0,30,38,70,157,403,789.0
01595500,09-07,24.0,28,36,58,192,270,554.0
01595500,09-08,24.0,28,37,55,157,259,1040.0
01595500,09-09,25.0,27,34,51,123,339,861.0
01595500,09-10,20.0,26,35,56,113,183,622.0
01595500,09-11,18.0,23,35,64,131,362,426.0
01595500,09-12,19.0,23,33,57,119,325,916.0
01595500,09-13,21.0,27,35,54,113,245,1050.0
01595500,09-14,20.0,28,34,57,109,316,486.0
01595500,09-15,18.0,27,36,56,99,312,391.0
01595500,09-16,18.0,23,38,59,101,222,594.0
01595500,09-17,19.0,21,34,53,96,222,462.0
01595500,09-18,17.0,24,34,54,98,236,641.0
01595500,09-19,16.0,23,35,53,102,215,580.0
01595500,09-20,16.0,18,38,60,101,245,398.0
01595500,09-21,16.0,21,36,54,107,303,578.0
01595500,09-22,15.0,25,37,53,144,348,629.0
01595500,09-23,13.0,25,34,52,114,410,927.0
01595500,09-24,18.0,27,34,54,116,364,512.0
01595500,09-25,18.0,25,35,53,99,256,439.0
01595500,09-26,18.0,23,36,47,79,200,427.0
01595500,09-27,18.0,24,37,53,88,258,461.0
01595500,09-28,18.0,24,38,64,129,341,549.0
01595500,09-29,18.0,23,38,68,112,406,627.0
01595500,09-30,17.0,26,38,65,147,365,545.0
01595500,10-01,18.0,31,43,69,182,506,718.0
01595500,10-02,16.0,30,40,68,178,395,588.0
01595500,10-03,25.0,30,40,62,176,495,796.0
01595500,10-04,21.0,29,40,59,171,381,528.0
01595500,10-05,18.0,29,38,57,189,394,668.0
01595500,10-06,14.0,26,36,58,132,339,492.0
01595500,10-07,23.0,27,44,65,136,345,657.0
01595500,10-08,24.0,31,45,75,152,320,598.0
01595500,10-09,24.0,33,45,76,149,344,1070.0
01595500,10-10,21.0,33,45,76,199,335,598.0
01595500,10-11,24.0,36,44,68,195,408,1130.0
01595500,10-12,29.0,38,43,73,170,495,907.0
01595500,10-13,29.0,36,44,69,167,444,912.0
01595500,10-14,29.0,38,43,65,154,334,628.0
01595500,10-15,29.0,34,42,80,190,501,1060.0
01595500,10-16,29.0,31,42,82,175,444,862.0
01595500,10-17,25.0,30,41,85,200,405,470.0
01595500,10-18,24.0,29,38,92,174,394,650.0
01595500,10-19,27.0,30,43,88,200,344,579.0
01595500,10-20,28.0,32,41,83,195,349,645.0
01595500,10-21,28.0,31,42,98,223,442,607.0
01595500,10-22,28.0,32,42,95,200,387,521.0
01595500,10-23,28.0,34,44,90,190,351,502.0
01595500,10-24,30.0,35,44,109,249,424,1080.0
01595500,10-25,30.0,36,46,100,255,396,740.0
01595500,10-26,30.0,34,53,96,214,363,492.0
01595500,10-27,25.0,32,52,113,233,464,897.0
01595500,10-28,26.0,33,56,110,254,652,817.0
01595500,10-29,28.0,34,66,143,374,909,1090.0
01595500,10-30,27.0,38,67,127,333,818,1000.0
01595500,10-31,27.0,34,70,137,360,758,954.0
01595500,11-01,28.0,36,73,148,365,637,846.0
01595500,11-02,26.0,36,67,173,278,693,788.0
01595500,11-03,28.0,40,67,153,348,636,933.0
01595500,11-04,31.0,38,65,150,375,697,766.0
01595500,11-05,31.0,35,68,164,321,539,1010.0
01595500,11-06,30.0,39,68,150,317,657,890.0
01595500,11-07,32.0,39,76,150,350,707,1090.0
01595500,11-08,32.0,39,72,169,355,590,1530.0
01595500,11-09,32.0,44,65,140,349,639,999.0
01595500,11-10,33.0,40,75,138,328,493,1130.0
01595500,11-11,39.0,47,80,191,302,622,990.0
01595500,11-12,39.0,50,79,188,361,773,1280.0
01595500,11-13,34.0,47,82,176,329,640,1120.0
01595500,11-14,32.0,45,78,154,293,501,808.0
01595500,11-15,32.0,45,83,159,311,450,699.0
01595500,11-16,32.0,66,92,203,372,692,852.0
01595500,11-17,51.0,69,104,186,338,590,715.0
01595500,11-18,54.0,66,112,174,303,555,784.0
01595500,11-19,45.0,62,106,187,272,760,868.0
01595500,11-20,49.0,74,99,178,342,615,1360.0
01595500,11-21,54.0,74,113,176,311,742,1120.0
01595500,11-22,64.0,70,103,172,302,927,1160.0
01595500,11-23,63.0,67,104,175,327,665,812.0
01595500,11-24,62.0,70,116,183,375,672,941.0
01595500,11-25,59.0,82,110,190,350,700,1030.0
01595500,11-26,58.0,93,122,217,364,786,1000.0
01595500,11-27,74.0,78,140,224,402,618,928.0
01595500,11-28,67.0,84,147,244,460,800,1210.0
01595500,11-29,82.0,100,146,235,594,1290,1720.0
01595500,11-30,60.0,105,170,228,621,847,1290.0
01595500,12-01,56.0,112,151,246,578,1120,1370.0
01595500,12-02,57.0,110,164,260,570,821,1080.0
01595500,12-03,54.0,104,180,296,610,938,1280.0
01595500,12-04,52.0,113,182,326,646,900,1570.0
01595500,12-05,94.0,106,185,303,543,790,1150.0
01595500,12-06,99.0,113,188,294,507,871,1310.0
01595500,12-07,104.0,125,182,295,530,1870,2720.0
01595500,12-08,101.0,120,183,302,548,1470,3160.0
01595500,12-09,73.0,131,185,355,640,1420,2260.0
01595500,12-10,80.0,115,200,353,868,1500,2020.0
01595500,12-11,88.0,136,215,431,858,1500,2120.0
01595500,12-12,84.0,127,209,482,722,1300,1980.0
01595500,12-13,80.0,128,227,431,685,1280,1780.0
01595500,12-14,68.0,133,242,416,576,1050,1550.0
01595500,12-15,76.0,135,240,374,548,1230,1440.0
01595500,12-16,67.0,118,213,397,578,969,1340.0
01595500,12-17,66.0,110,211,368,541,1120,1690.0
01595500,12-18,84.0,117,236,358,556,1210,1860.0
01595500,12-19,88.0,120,240,325,590,1040,1630.0
01595500,12-20,68.0,110,219,350,582,939,1290.0
01595500,12-21,76.0,110,210,342,704,1350,1540.0
01595500,12-22,72.0,117,222,353,555,1240,1550.0
01595500,12-23,78.0,120,248,377,606,1040,2480.0
01595500,12-24,96.0,129,233,358,718,1280,1750.0
01595500,12-25,90.0,142,237,358,784,1530,1980.0
01595500,12-26,86.0,148,252,453,717,1100,2000.0
01595500,12-27,80.0,120,239,432,623,912,1400.0
01595500,12-28,76.0,94,243,412,684,943,1380.0
01595500,12-29,88.0,114,272,442,734,1070,1520.0
01595500,12-30,100.0,145,268,418,640,1120,1930.0
01595500,12-31,130.0,151,243,354,605,1230,2080.0
01595800,01-01,151.0,189,338,498,782,1450,3290.0
01595800,01-02,134.0,181,332,498,779,1260,2280.0
01595800,01-03,124.0,175,294,493,847,1400,1860.0
01595800,01-04,124.0,172,317,524,1070,1660,2200.0
01595800,01-05,124.0,172,266,532,1210,1660,2580.0
01595800,01-06,124.0,172,260,464,868,1510,2350.0
01595800,01-07,123.0,172,263,432,875,1480,1590.0
01595800,01-08,124.0,172,281,438,810,1480,1990.0
01595800,01-09,123.0,174,263,441,805,1360,1470.0
01595800,01-10,121.0,168,281,437,732,1400,1510.0
01595800,01-11,120.0,180,268,439,781,1460,1550.0
01595800,01-12,119.0,140,286,448,869,1410,1750.0
01595800,01-13,97.0,131,289,444,863,1540,1660.0
01595800,01-14,82.0,131,287,477,836,1560,1900.0
01595800,01-15,77.0,128,284,424,821,1390,1890.0
01595800,01-16,82.0,126,277,442,730,987,1540.0
01595800,01-17,78.0,126,257,414,711,1040,1500.0
01595800,01-18,73.0,127,281,377,703,1140,1550.0
01595800,01-19,68.0,125,297,429,701,1060,1520.0
01595800,01-20,73.0,125,303,453,724,1060,1530.0
01595800,01-21,75.0,125,299,388,681,1260,1480.0
01595800,01-22,79.0,125,301,366,616,1130,1480.0
01595800,01-23,83.0,125,301,344,622,1200,1500.0
01595800,01-24,101.0,174,301,373,800,1090,1860.0
01595800,01-25,99.0,159,300,388,885,1440,2160.0
01595800,01-26,78.0,127,301,428,1010,2080,2700.0
01595800,01-27,94.0,126,305,456,953,1690,2160.0
01595800,01-28,96.0,184,316,441,937,1380,1570.0
01595800,01-29,94.0,174,306,515,813,1450,2560.0
01595800,01-30,93.0,153,306,445,804,1730,2740.0
01595800,01-31,93.0,147,299,407,812,1970,2530.0
01595800,02-01,123.0,175,307,429,848,1780,2040.0
01595800,02-02,124.0,192,309,488,868,1580,2020.0
01595800,02-03,124.0,191,315,460,881,1500,2020.0
01595800,02-04,146.0,198,314,456,798,1340,1480.0
01595800,02-05,148.0,217,312,554,850,1130,1450.0
01595800,02-06,148.0,252,312,506,827,1300,1620.0
01595800,02-07,146.0,255,311,551,788,1310,1770.0
01595800,02-08,144.0,243,299,572,810,1410,1950.0
01595800,02-09,143.0,230,281,503,807,1470,1930.0
01595800,02-10,143.0,213,300,461,787,1410,1570.0
01595800,02-11,145.0,199,353,481,798,1380,1530.0
01595800,02-12,149.0,223,338,438,1010,1450,1550.0
01595800,02-13,149.0,251,310,444,912,1440,1750.0
01595800,02-14,150.0,251,310,462,894,1450,1860.0
01595800,02-15,153.0,248,311,440,805,1430,1570.0
01595800,02-16,155.0,251,341,511,891,1350,1630.0
01595800,02-17,187.0,230,313,458,869,1290,2100.0
01595800,02-18,180.0,209,315,448,778,1580,2010.0
01595800,02-19,176.0,214,317,464,777,1350,1980.0
01595800,02-20,181.0,219,310,463,818,1420,2180.0
01595800,02-21,170.0,249,356,505,786,1540,2280.0
01595800,02-22,168.0,232,360,580,932,1860,2030.0
01595800,02-23,173.0,231,357,669,1320,1620,2110.0
01595800,02-24,178.0,231,352,663,1270,1970,3300.0
01595800,02-25,177.0,238,348,691,1290,2280,3040.0
01595800,02-26,162.0,235,353,614,1170,2350,3910.0
01595800,02-27,147.0,228,360,577,928,2480,2770.0
01595800,02-28,146.0,219,349,582,1100,2210,2380.0
01595800,02-29,,173,453,500,970,3160,
01595800,03-01,146.0,223,353,667,1550,2060,2430.0
01595800,03-02,146.0,214,357,591,1260,2070,2780.0
01595800,03-03,148.0,212,389,716,1280,1640,2800.0
01595800,03-04,172.0,301,408,766,1520,2280,3030.0
01595800,03-05,165.0,289,348,722,1480,2840,2960.0
01595800,03-06,166.0,280,344,747,1400,2380,5070.0
01595800,03-07,172.0,255,320,777,1060,2360,3350.0
01595800,03-08,169.0,247,315,814,1070,1650,2760.0
01595800,03-09,190.0,261,340,670,922,1490,1920.0
01595800,03-10,214.0,264,315,666,893,1360,1560.0
01595800,03-11,251.0,264,356,616,899,1460,1960.0
01595800,03-12,240.0,278,436,627,887,1800,2110.0
01595800,03-13,244.0,277,415,655,1120,2310,2710.0
01595800,03-14,252.0,303,411,624,1410,2020,2380.0
01595800,03-15,250.0,305,396,561,1480,2400,3750.0
01595800,03-16,250.0,305,385,549,1320,2220,2880.0
01595800,03-17,247.0,291,367,538,1160,1990,4610.0
01595800,03-18,260.0,300,370,542,1050,2020,2780.0
01595800,03-19,263.0,301,378,516,1050,1720,2470.0
01595800,03-20,263.0,299,360,573,1120,1940,2610.0
01595800,03-21,263.0,299,367,704,1430,2070,2820.0
01595800,03-22,263.0,299,354,772,1470,1910,2110.0
01595800,03-23,263.0,299,355,792,1200,1500,2780.0
01595800,03-24,264.0,305,379,770,1140,1500,2380.0
01595800,03-25,263.0,304,388,652,1180,1580,2370.0
01595800,03-26,262.0,291,369,571,1210,1530,2620.0
01595800,03-27,263.0,282,378,545,1070,1550,1830.0
01595800,03-28,270.0,288,369,579,908,1720,2930.0
01595800,03-29,274.0,284,348,544,853,1410,2730.0
01595800,03-30,267.0,273,344,580,918,1270,2430.0
01595800,03-31,260.0,284,325,534,835,1700,2130.0
01595800,04-01,248.0,271,345,550,837,1650,2270.0
01595800,04-02,246.0,272,320,652,1340,1700,2040.0
01595800,04-03,248.0,269,391,655,1160,1460,2430.0
01595800,04-04,249.0,259,385,784,1250,2020,3150.0
01595800,04-05,249.0,259,386,802,1340,2390,3320.0
01595800,04-06,248.0,259,376,689,1290,1870,2610.0
01595800,04-07,250.0,285,425,629,1090,1680,2530.0
01595800,04-08,249.0,280,418,637,1130,1580,1870.0
01595800,04-09,249.0,280,389,723,1210,1590,1860.0
01595800,04-10,249.0,275,388,707,1180,1790,1940.0
01595800,04-11,248.0,272,399,650,1000,1320,1590.0
01595800,04-12,245.0,273,365,628,876,1300,1400.0
01595800,04-13,229.0,273,333,537,962,1710,2110.0
01595800,04-14,254.0,278,336,480,917,1870,2170.0
01595800,04-15,257.0,286,337,533,1180,1640,1860.0
01595800,04-16,257.0,269,339,599,1120,1660,1840.0
01595800,04-17,248.0,257,314,632,1020,1770,2160.0
01595800,04-18,235.0,254,299,561,912,1390,2000.0
01595800,04-19,224.0,260,348,518,858,1200,1730.0
01595800,04-20,215.0,258,334,491,899,1200,1570.0
01595800,04-21,221.0,258,311,497,845,1120,1960.0
01595800,04-22,210.0,253,293,480,822,1290,1740.0
01595800,04-23,202.0,257,312,491,864,1530,2140.0
01595800,04-24,224.0,259,357,557,1090,1950,2560.0
01595800,04-25,217.0,256,314,521,1160,2110,2980.0
01595800,04-26,216.0,225,286,498,988,1770,2150.0
01595800,04-27,166.0,232,291,603,1060,1470,1780.0
01595800,04-28,161.0,217,295,548,938,1410,1980.0
01595800,04-29,146.0,210,352,509,879,1760,2000.0
01595800,04-30,144.0,193,339,509,807,1790,2330.0
01595800,05-01,148.0,184,305,503,886,1400,2140.0
01595800,05-02,137.0,188,329,449,783,1690,1810.0
01595800,05-03,130.0,237,324,473,1020,1250,1420.0
01595800,05-04,173.0,209,315,512,935,1940,2510.0
01595800,05-05,184.0,215,299,577,1260,1740,2230.0
01595800,05-06,165.0,211,339,609,1150,1540,2430.0
01595800,05-07,147.0,193,330,571,1060,2030,2550.0
01595800,05-08,137.0,185,319,566,1100,2180,2930.0
01595800,05-09,129.0,234,326,561,1210,1720,2750.0
01595800,05-10,132.0,215,301,457,1050,2160,2470.0
01595800,05-11,140.0,196,301,433,953,1610,2660.0
01595800,05-12,159.0,240,313,453,949,1980,2140.0
01595800,05-13,145.0,226,313,478,1040,1770,2410.0
01595800,05-14,143.0,246,314,482,1100,1510,1850.0
01595800,05-15,135.0,246,315,600,1200,2180,2540.0
01595800,05-16,186.0,224,303,660,1290,2620,3270.0
01595800,05-17,195.0,244,305,512,889,2190,2860.0
01595800,05-18,185.0,244,329,465,700,2020,2970.0
01595800,05-19,224.0,244,315,462,814,1500,3080.0
01595800,05-20,188.0,251,338,483,889,1810,3290.0
01595800,05-21,164.0,235,309,440,867,2180,2880.0
01595800,05-22,146.0,225,279,393,867,1960,2240.0
01595800,05-23,137.0,219,287,410,762,1630,2330.0
01595800,05-24,134.0,226,315,408,625,1530,2090.0
01595800,05-25,146.0,209,293,395,744,1550,1990.0
01595800,05-26,163.0,220,289,399,589,1150,2030.0
01595800,05-27,144.0,183,289,383,559,1030,2430.0
01595800,05-28,127.0,159,266,376,593,1340,2760.0
01595800,05-29,112.0,152,276,393,719,1060,2230.0
01595800,05-30,100.0,158,290,399,688,1250,2240.0
01595800,05-31,90.0,159,291,392,629,1270,2150.0
01595800,06-01,81.0,153,289,376,599,1480,2680.0
01595800,06-02,77.0,143,282,369,523,1270,1740.0
01595800,06-03,75.0,137,271,334,449,857,1720.0
01595800,06-04,83.0,142,259,315,488,1580,1870.0
01595800,06-05,96.0,183,256,309,644,1740,2240.0
01595800,06-06,99.0,172,253,304,733,1560,2360.0
01595800,06-07,106.0,164,252,293,773,1260,2140.0
01595800,06-08,99.0,155,255,297,551,1240,1660.0
01595800,06-09,92.0,180,251,289,454,872,1190.0
01595800,06-10,105.0,161,248,297,448,985,1450.0
01595800,06-11,87.0,147,210,284,462,1250,1530.0
01595800,06-12,73.0,133,240,287,485,966,1820.0
01595800,06-13,70.0,120,214,297,456,750,1430.0
01595800,06-14,78.0,118,211,290,425,855,2180.0
01595800,06-15,105.0,141,212,269,365,1000,2370.0
01595800,06-16,111.0,142,211,267,392,970,2020.0
01595800,06-17,101.0,117,206,279,428,755,1400.0
01595800,06-18,118.0,133,203,262,425,830,1030.0
01595800,06-19,90.0,147,212,268,470,705,881.0
01595800,06-20,83.0,134,191,266,420,697,1080.0
01595800,06-21,97.0,121,181,294,397,664,1200.0
01595800,06-22,107.0,118,186,292,435,576,1110.0
01595800,06-23,94.0,99,196,287,424,657,2570.0
01595800,06-24,83.0,94,183,273,391,585,2140.0
01595800,06-25,76.0,96,151,273,365,448,1440.0
01595800,06-26,73.0,93,168,253,347,644,1170.0
01595800,06-27,81.0,98,185,266,348,728,837.0
01595800,06-28,76.0,86,189,272,348,1210,1650.0
01595800,06-29,69.0,84,198,251,316,886,1510.0
01595800,06-30,63.0,89,205,247,306,584,1400.0
01595800,07-01,58.0,81,185,247,300,604,1170.0
01595800,07-02,48.0,62,159,249,305,537,783.0
01595800,07-03,37.0,63,155,249,301,557,904.0
01595800,07-04,40.0,62,199,260,314,572,830.0
01595800,07-05,39.0,64,174,252,321,718,1660.0
01595800,07-06,40.0,77,197,254,303,785,1090.0
01595800,07-07,39.0,77,174,248,301,824,1000.0
01595800,07-08,39.0,65,174,250,334,799,909.0
01595800,07-09,49.0,68,155,254,310,816,1000.0
01595800,07-10,48.0,87,156,250,314,726,1040.0
01595800,07-11,46.0,81,174,248,301,708,1140.0
01595800,07-12,41.0,89,174,252,301,488,924.0
01595800,07-13,50.0,83,174,248,300,479,844.0
01595800,07-14,58.0,69,156,240,297,472,513.0
01595800,07-15,55.0,68,147,243,294,444,495.0
01595800,07-16,53.0,75,134,241,296,394,413.0
01595800,07-17,42.0,56,143,237,279,350,400.0
01595800,07-18,41.0,48,120,235,264,315,374.0
01595800,07-19,40.0,53,116,236,265,315,346.0
01595800,07-20,47.0,54,116,233,270,326,389.0
01595800,07-21,42.0,55,118,232,269,324,400.0
01595800,07-22,31.0,50,143,233,267,297,372.0
01595800,07-23,27.0,47,125,233,266,296,392.0
01595800,07-24,26.0,48,140,233,263,296,392.0
01595800,07-25,42.0,55,149,214,257,294,332.0
01595800,07-26,51.0,78,139,223,266,312,508.0
01595800,07-27,55.0,73,119,230,265,293,370.0
01595800,07-28,45.0,78,100,214,265,305,407.0
01595800,07-29,59.0,65,106,224,265,370,946.0
01595800,07-30,51.0,65,129,220,255,326,586.0
01595800,07-31,51.0,57,137,233,258,365,608.0
01595800,08-01,38.0,54,144,233,257,374,473.0
01595800,08-02,47.0,50,146,232,259,472,598.0
01595800,08-03,43.0,55,128,228,257,341,500.0
01595800,08-04,41.0,47,139,231,260,386,750.0
01595800,08-05,39.0,50,119,229,257,423,674.0
01595800,08-06,36.0,60,127,227,258,324,463.0
01595800,08-07,39.0,57,132,217,255,285,418.0
01595800,08-08,34.0,61,138,210,256,282,414.0
01595800,08-09,43.0,69,116,202,254,282,344.0
01595800,08-10,66.0,75,118,224,259,295,332.0
01595800,08-11,64.0,67,128,218,252,287,302.0
01595800,08-12,62.0,71,141,222,260,302,355.0
01595800,08-13,56.0,81,120,222,253,298,385.0
01595800,08-14,56.0,80,117,224,252,295,552.0
01595800,08-15,53.0,80,141,225,257,361,553.0
01595800,08-16,51.0,77,142,215,258,501,741.0
01595800,08-17,55.0,67,139,216,257,386,587.0
01595800,08-18,44.0,58,135,223,256,781,1160.0
01595800,08-19,45.0,54,124,217,253,532,1550.0
01595800,08-20,47.0,55,121,225,255,542,1110.0
01595800,08-21,42.0,50,110,224,255,490,694.0
01595800,08-22,39.0,51,90,210,253,341,744.0
01595800,08-23,37.0,62,110,223,265,695,925.0
01595800,08-24,37.0,57,96,209,260,825,902.0
01595800,08-25,34.0,47,121,202,255,545,728.0
01595800,08-26,32.0,43,141,217,277,463,556.0
01595800,08-27,38.0,55,123,230,286,518,551.0
01595800,08-28,35.0,55,153,220,271,428,625.0
01595800,08-29,35.0,58,130,217,262,459,751.0
01595800,08-30,33.0,59,87,194,260,480,745.0
01595800,08-31,31.0,53,117,196,253,374,634.0
01595800,09-01,33.0,48,110,193,253,308,482.0
01595800,09-02,33.0,42,88,199,251,304,703.0
01595800,09-03,29.0,50,119,198,249,307,525.0
01595800,09-04,29.0,47,117,215,248,312,475.0
01595800,09-05,29.0,44,106,218,247,311,485.0
01595800,09-06,38.0,53,94,220,248,389,645.0
01595800,09-07,33.0,58,118,224,268,379,473.0
01595800,09-08,30.0,44,112,221,254,458,1010.0
01595800,09-09,30.0,35,110,212,253,666,1020.0
01595800,09-10,31.0,40,89,209,258,510,995.0
01595800,09-11,37.0,53,102,201,245,399,984.0
01595800,09-12,33.0,50,88,208,266,707,950.0
01595800,09-13,31.0,43,88,210,257,584,1700.0
01595800,09-14,36.0,50,140,223,296,637,1640.0
01595800,09-15,34.0,45,136,222,299,453,1290.0
01595800,09-16,36.0,53,133,206,296,437,929.0
01595800,09-17,36.0,54,113,217,261,516,798.0
01595800,09-18,36.0,51,103,204,252,462,619.0
01595800,09-19,34.0,51,107,222,299,519,711.0
01595800,09-20,34.0,50,120,216,283,633,736.0
01595800,09-21,34.0,50,109,204,255,529,817.0
01595800,09-22,38.0,54,98,203,255,463,1030.0
01595800,09-23,42.0,49,122,209,281,420,977.0
01595800,09-24,37.0,46,120,209,254,397,1010.0
01595800,09-25,33.0,44,114,196,243,396,818.0
01595800,09-26,30.0,46,104,191,243,403,1010.0
01595800,09-27,30.0,49,97,198,279,467,767.0
01595800,09-28,34.0,53,121,201,299,578,844.0
01595800,09-29,43.0,56,115,194,284,661,855.0
01595800,09-30,39.0,53,126,201,313,623,964.0
01595800,10-01,44.0,51,125,213,311,654,1290.0
01595800,10-02,43.0,47,129,213,310,512,1590.0
01595800,10-03,39.0,47,140,208,291,759,1140.0
01595800,10-04,36.0,45,140,203,270,521,704.0
01595800,10-05,35.0,45,128,206,280,633,830.0
01595800,10-06,34.0,45,128,200,266,475,1540.0
01595800,10-07,34.0,43,120,202,267,654,1200.0
01595800,10-08,34.0,45,128,212,264,764,1050.0
01595800,10-09,33.0,47,167,216,289,628,1990.0
01595800,10-10,42.0,49,171,225,303,707,3350.0
01595800,10-11,45.0,53,172,224,279,625,2140.0
01595800,10-12,43.0,57,153,209,256,495,1430.0
01595800,10-13,42.0,49,140,216,257,466,871.0
01595800,10-14,39.0,48,136,215,269,513,649.0
01595800,10-15,40.0,47,136,200,253,446,596.0
01595800,10-16,35.0,49,143,202,256,451,589.0
01595800,10-17,34.0,52,145,212,266,414,688.0
01595800,10-18,35.0,59,143,197,248,394,803.0
01595800,10-19,55.0,58,146,202,243,394,788.0
01595800,10-20,51.0,62,145,205,247,447,774.0
01595800,10-21,48.0,77,143,202,242,478,710.0
01595800,10-22,43.0,71,145,208,240,438,610.0
01595800,10-23,37.0,65,142,194,240,401,573.0
01595800,10-24,34.0,62,127,198,246,459,643.0
01595800,10-25,44.0,89,141,198,249,444,1090.0
01595800,10-26,46.0,87,139,207,254,500,1420.0
01595800,10-27,68.0,90,141,211,251,523,1000.0
01595800,10-28,75.0,109,146,207,254,784,880.0
01595800,10-29,69.0,93,160,208,299,717,1680.0
01595800,10-30,66.0,102,160,214,301,620,1200.0
01595800,10-31,61.0,95,142,209,298,819,1220.0
01595800,11-01,57.0,89,128,208,302,763,1170.0
01595800,11-02,55.0,83,139,211,308,868,918.0
01595800,11-03,53.0,77,146,218,346,894,1210.0
01595800,11-04,53.0,74,163,218,387,766,1000.0
01595800,11-05,52.0,81,163,218,346,649,986.0
01595800,11-06,50.0,94,164,215,391,877,928.0
01595800,11-07,63.0,86,172,220,404,930,1400.0
01595800,11-08,71.0,94,174,221,427,1150,1830.0
01595800,11-09,68.0,87,173,222,435,1160,1720.0
01595800,11-10,67.0,102,168,221,430,846,1340.0
01595800,11-11,66.0,101,168,233,364,604,954.0
01595800,11-12,85.0,101,173,232,327,741,1070.0
01595800,11-13,81.0,94,180,233,456,840,988.0
01595800,11-14,80.0,96,172,223,374,862,1530.0
01595800,11-15,74.0,105,171,223,339,822,1440.0
01595800,11-16,80.0,121,173,237,400,746,1250.0
01595800,11-17,93.0,120,171,231,383,666,1060.0
01595800,11-18,116.0,130,179,242,350,744,890.0
01595800,11-19,111.0,129,173,238,361,624,944.0
01595800,11-20,119.0,125,170,221,358,633,1960.0
01595800,11-21,120.0,124,169,224,348,549,1670.0
01595800,11-22,110.0,116,170,222,333,496,1470.0
01595800,11-23,104.0,114,168,232,318,837,1130.0
01595800,11-24,106.0,114,170,231,347,974,1550.0
01595800,11-25,109.0,121,170,232,358,1130,1550.0
01595800,11-26,108.0,115,168,251,368,1080,1300.0
01595800,11-27,107.0,117,170,257,429,762,1100.0
01595800,11-28,109.0,153,179,271,527,869,1070.0
01595800,11-29,109.0,149,179,258,602,932,1800.0
01595800,11-30,110.0,145,177,257,564,852,1920.0
01595800,12-01,120.0,143,176,254,493,1110,1910.0
01595800,12-02,126.0,144,177,265,500,976,1500.0
01595800,12-03,124.0,152,186,280,449,1070,1250.0
01595800,12-04,121.0,152,194,280,506,998,1080.0
01595800,12-05,121.0,152,184,279,528,929,1290.0
01595800,12-06,121.0,152,195,291,492,930,1060.0
01595800,12-07,128.0,160,209,285,701,1170,1650.0
01595800,12-08,128.0,160,216,296,742,1390,2240.0
01595800,12-09,128.0,158,213,282,729,1320,3040.0
01595800,12-10,128.0,161,212,352,871,1470,1900.0
01595800,12-11,131.0,159,211,353,993,1460,1610.0
01595800,12-12,152.0,164,228,364,954,1350,1590.0
01595800,12-13,152.0,176,245,386,954,1480,1630.0
01595800,12-14,155.0,183,246,541,926,1280,1490.0
01595800,12-15,154.0,190,252,450,793,1440,1680.0
01595800,12-16,155.0,187,252,428,701,1390,1500.0
01595800,12-17,153.0,191,253,458,704,1310,1530.0
01595800,12-18,153.0,191,263,402,703,1290,1520.0
01595800,12-19,155.0,190,263,370,702,1150,1510.0
01595800,12-20,156.0,198,250,438,730,1160,1520.0
01595800,12-21,157.0,191,248,474,776,1430,2140.0
01595800,12-22,150.0,205,267,450,751,1600,4200.0
01595800,12-23,144.0,205,251,450,729,1490,2700.0
01595800,12-24,132.0,205,250,501,823,1270,1850.0
01595800,12-25,123.0,205,251,517,964,1230,2080.0
01595800,12-26,123.0,206,252,536,926,1080,2360.0
01595800,12-27,123.0,206,252,490,800,948,1340.0
01595800,12-28,123.0,206,252,493,705,938,1600.0
01595800,12-29,134.0,206,291,493,724,990,1470.0
01595800,12-30,151.0,207,307,504,713,1030,1780.0
01595800,12-31,159.0,206,323,514,786,1410,1540.0
01597500,01-01,15.0,31,65,106,225,504,754.0
01597500,01-02,15.0,38,69,102,213,478,1160.0
01597500,01-03,14.0,37,67,107,245,866,1210.0
01597500,01-04,27.0,34,68,112,287,674,931.0
01597500,01-05,15.0,34,65,127,370,544,694.0
01597500,01-06,14.0,38,64,112,349,592,681.0
01597500,01-07,30.0,38,65,107,276,516,673.0
01597500,01-08,31.0,41,68,104,318,582,729.0
01597500,01-09,22.0,41,65,104,313,539,705.0
01597500,01-10,27.0,39,67,106,302,447,599.0
01597500,01-11,15.0,39,75,106,305,525,678.0
01597500,01-12,34.0,40,76,104,323,667,1100.0
01597500,01-13,25.0,40,76,96,312,638,983.0
01597500,01-14,23.0,39,76,97,312,539,975.0
01597500,01-15,26.0,39,76,101,320,449,640.0
01597500,01-16,15.0,37,71,103,296,475,690.0
01597500,01-17,9.8,28,62,104,299,478,751.0
01597500,01-18,10.0,34,62,105,308,658,739.0
01597500,01-19,15.0,37,62,105,300,643,807.0
01597500,01-20,10.0,35,60,102,229,437,647.0
01597500,01-21,9.9,35,56,98,227,386,585.0
01597500,01-22,9.9,38,61,94,273,428,627.0
01597500,01-23,14.0,40,65,97,271,400,496.0
01597500,01-24,22.0,40,78,102,278,421,541.0
01597500,01-25,22.0,40,67,102,294,600,994.0
01597500,01-26,23.0,42,65,105,303,765,1050.0
01597500,01-27,39.0,44,64,107,342,738,988.0
01597500,01-28,38.0,43,80,108,311,567,892.0
01597500,01-29,36.0,42,67,103,285,493,775.0
01597500,01-30,40.0,43,71,107,310,434,670.0
01597500,01-31,40.0,45,79,141,282,647,1010.0
01597500,02-01,38.0,44,81,111,339,616,796.0
01597500,02-02,34.0,42,78,105,307,520,752.0
01597500,02-03,36.0,42,81,104,281,629,772.0
01597500,02-04,36.0,45,81,107,325,477,781.0
01597500,02-05,36.0,47,82,110,266,534,750.0
01597500,02-06,24.0,41,83,102,290,554,718.0
01597500,02-07,24.0,41,84,101,285,502,863.0
01597500,02-08,24.0,41,85,104,300,450,642.0
01597500,02-09,24.0,41,85,108,305,461,866.0
01597500,02-10,24.0,41,85,117,289,524,731.0
01597500,02-11,26.0,41,82,114,320,570,794.0
01597500,02-12,39.0,54,84,128,368,662,731.0
01597500,02-13,38.0,57,84,118,410,677,746.0
01597500,02-14,40.0,46,84,146,346,667,852.0
01597500,02-15,40.0,53,78,107,303,689,952.0
01597500,02-16,40.0,45,79,105,315,598,1020.0
01597500,02-17,35.0,44,81,104,299,641,817.0
01597500,02-18,37.0,45,85,106,285,568,906.0
01597500,02-19,40.0,58,86,110,324,615,913.0
01597500,02-20,36.0,53,86,109,347,732,1110.0
01597500,02-21,24.0,42,87,110,325,739,1460.0
01597500,02-22,25.0,44,88,122,403,794,1240.0
01597500,02-23,24.0,43,88,166,456,771,988.0
01597500,02-24,23.0,46,88,174,519,780,958.0
01597500,02-25,39.0,46,85,190,509,862,1130.0
01597500,02-26,41.0,55,88,197,482,892,1510.0
01597500,02-27,43.0,61,89,201,405,985,1330.0
01597500,02-28,43.0,61,89,166,464,851,1440.0
01597500,02-29,9.2,30,94,206,581,741,1210.0
01597500,03-01,29.0,69,91,175,449,953,1380.0
01597500,03-02,38.0,67,91,196,499,891,1130.0
01597500,03-03,37.0,70,94,215,426,629,1050.0
01597500,03-04,43.0,70,95,191,422,793,1050.0
01597500,03-05,38.0,71,93,192,502,768,1080.0
01597500,03-06,38.0,72,94,173,560,1150,1590.0
01597500,03-07,40.0,70,93,185,514,1140,1810.0
01597500,03-08,47.0,70,93,216,488,1040,1720.0
01597500,03-09,47.0,70,93,182,431,813,1140.0
01597500,03-10,46.0,69,95,187,385,666,1100.0
01597500,03-11,53.0,70,94,139,416,766,907.0
01597500,03-12,67.0,82,103,198,430,761,966.0
01597500,03-13,68.0,82,106,240,525,750,1050.0
01597500,03-14,74.0,85,106,217,500,912,1260.0
01597500,03-15,77.0,85,101,257,487,1040,1210.0
01597500,03-16,69.0,76,97,223,515,977,1060.0
01597500,03-17,51.0,78,95,127,418,831,1070.0
01597500,03-18,51.0,72,94,128,379,633,1140.0
01597500,03-19,17.0,60,93,121,271,674,1040.0
01597500,03-20,14.0,45,93,115,355,762,1050.0
01597500,03-21,27.0,56,88,136,441,864,1040.0
01597500,03-22,13.0,62,90,177,573,880,1030.0
01597500,03-23,13.0,39,91,168,459,866,1020.0
01597500,03-24,13.0,52,96,183,390,810,1040.0
01597500,03-25,15.0,50,96,180,418,796,1010.0
01597500,03-26,13.0,33,99,211,396,692,916.0
01597500,03-27,15.0,36,91,158,398,622,1000.0
01597500,03-28,14.0,29,98,188,390,545,776.0
01597500,03-29,14.0,22,86,124,346,716,1760.0
01597500,03-30,13.0,15,81,129,362,652,1470.0
01597500,03-31,13.0,15,78,124,353,740,1110.0
01597500,04-01,13.0,15,69,124,330,676,1530.0
01597500,04-02,13.0,15,67,122,330,659,922.0
01597500,04-03,13.0,16,66,121,364,625,1150.0
01597500,04-04,13.0,16,70,121,285,655,954.0
01597500,04-05,13.0,16,66,114,322,614,853.0
01597500,04-06,15.0,16,59,122,303,589,1010.0
01597500,04-07,15.0,16,58,114,296,653,865.0
01597500,04-08,13.0,16,60,119,275,614,781.0
01597500,04-09,14.0,16,60,121,297,646,818.0
01597500,04-10,14.0,16,61,117,241,642,988.0
01597500,04-11,14.0,17,61,110,280,640,886.0
01597500,04-12,14.0,17,58,109,228,514,689.0
01597500,04-13,14.0,16,60,106,260,615,1020.0
01597500,04-14,15.0,16,62,118,345,731,880.0
01597500,04-15,14.0,16,59,119,281,492,902.0
01597500,04-16,14.0,16,55,120,344,520,1060.0
01597500,04-17,14.0,16,54,118,339,696,1110.0
01597500,04-18,14.0,16,52,118,309,628,1090.0
01597500,04-19,14.0,16,51,106,269,597,770.0
01597500,04-20,14.0,16,52,102,224,435,763.0
01597500,04-21,14.0,16,53,108,237,424,698.0
01597500,04-22,14.0,16,52,108,275,423,674.0
01597500,04-23,14.0,16,50,106,235,447,553.0
01597500,04-24,14.0,16,46,111,300,554,939.0
01597500,04-25,14.0,16,53,115,293,476,670.0
01597500,04-26,13.0,16,54,115,247,508,942.0
01597500,04-27,12.0,16,57,116,259,588,836.0
01597500,04-28,13.0,16,58,113,216,586,889.0
01597500,04-29,14.0,16,62,119,247,780,1130.0
01597500,04-30,14.0,16,67,122,253,656,872.0
01597500,05-01,14.0,16,64,119,238,557,770.0
01597500,05-02,14.0,16,60,122,205,477,713.0
01597500,05-03,15.0,16,56,121,259,516,683.0
01597500,05-04,14.0,15,56,122,254,451,798.0
01597500,05-05,14.0,16,62,124,297,690,1250.0
01597500,05-06,14.0,16,61,142,348,804,1160.0
01597500,05-07,14.0,17,63,142,354,805,1070.0
01597500,05-08,14.0,16,70,172,380,863,1530.0
01597500,05-09,14.0,16,65,177,370,909,1230.0
01597500,05-10,14.0,16,63,147,373,721,992.0
01597500,05-11,14.0,17,63,155,330,664,811.0
01597500,05-12,16.0,24,63,183,304,612,866.0
01597500,05-13,17.0,27,67,173,270,590,852.0
01597500,05-14,18.0,44,69,150,291,465,846.0
01597500,05-15,18.0,46,67,147,300,718,785.0
01597500,05-16,18.0,47,65,150,332,598,1120.0
01597500,05-17,19.0,47,63,135,295,640,1170.0
01597500,05-18,28.0,53,71,131,279,570,693.0
01597500,05-19,28.0,53,71,133,301,522,849.0
01597500,05-20,28.0,52,70,134,282,504,951.0
01597500,05-21,38.0,52,71,135,269,517,788.0
01597500,05-22,38.0,53,76,127,244,441,673.0
01597500,05-23,27.0,48,69,120,198,432,514.0
01597500,05-24,28.0,52,75,117,196,356,571.0
01597500,05-25,21.0,47,72,109,171,412,539.0
01597500,05-26,21.0,42,73,106,173,398,565.0
01597500,05-27,27.0,38,68,99,194,449,623.0
01597500,05-28,30.0,49,67,115,202,553,1200.0
01597500,05-29,27.0,46,67,107,184,444,812.0
01597500,05-30,22.0,44,68,107,180,406,750.0
01597500,05-31,23.0,46,61,106,178,393,674.0
01597500,06-01,23.0,44,61,104,205,415,557.0
01597500,06-02,21.0,42,60,90,172,404,648.0
01597500,06-03,24.0,36,61,99,188,428,657.0
01597500,06-04,23.0,36,60,89,160,527,619.0
01597500,06-05,25.0,43,60,80,177,406,637.0
01597500,06-06,26.0,41,56,73,196,427,549.0
01597500,06-07,31.0,42,56,71,151,404,634.0
01597500,06-08,28.0,41,56,70,134,299,642.0
01597500,06-09,36.0,40,55,65,120,326,567.0
01597500,06-10,34.0,39,53,66,122,370,483.0
01597500,06-11,28.0,35,52,67,126,339,515.0
01597500,06-12,22.0,30,53,67,123,305,365.0
01597500,06-13,27.0,37,53,69,115,284,681.0
01597500,06-14,28.0,35,55,69,119,322,533.0
01597500,06-15,19.0,33,53,68,120,290,434.0
01597500,06-16,19.0,30,52,65,116,221,318.0
01597500,06-17,15.0,29,53,64,97,197,237.0
01597500,06-18,16.0,28,52,65,111,181,275.0
01597500,06-19,18.0,27,50,63,109,195,437.0
01597500,06-20,21.0,28,51,64,113,262,333.0
01597500,06-21,21.0,31,51,64,100,222,357.0
01597500,06-22,20.0,32,49,66,103,235,367.0
01597500,06-23,19.0,32,49,63,107,315,441.0
01597500,06-24,28.0,34,49,62,94,336,431.0
01597500,06-25,25.0,27,50,61,89,310,455.0
01597500,06-26,24.0,26,49,61,83,207,308.0
01597500,06-27,20.0,24,48,60,83,179,307.0
01597500,06-28,19.0,22,48,61,83,144,259.0
01597500,06-29,19.0,29,43,59,78,134,286.0
01597500,06-30,20.0,29,42,57,74,126,419.0
01597500,07-01,19.0,30,44,59,78,195,352.0
01597500,07-02,18.0,25,46,59,75,172,330.0
01597500,07-03,21.0,24,47,60,82,201,340.0
01597500,07-04,18.0,23,50,61,82,200,406.0
01597500,07-05,20.0,28,49,61,88,340,394.0
01597500,07-06,19.0,26,47,59,86,271,367.0
01597500,07-07,18.0,25,46,59,78,176,278.0
01597500,07-08,20.0,26,44,59,81,129,231.0
01597500,07-09,20.0,30,43,56,75,124,199.0
01597500,07-10,17.0,23,41,56,75,148,255.0
01597500,07-11,14.0,20,42,55,73,145,342.0
01597500,07-12,15.0,26,41,56,70,162,236.0
01597500,07-13,15.0,19,42,56,68,126,206.0
01597500,07-14,14.0,19,42,55,67,117,216.0
01597500,07-15,17.0,29,42,56,64,91,203.0
01597500,07-16,12.0,25,43,54,62,80,131.0
01597500,07-17,12.0,25,42,54,62,106,127.0
01597500,07-18,12.0,23,47,54,62,80,118.0
01597500,07-19,15.0,22,47,55,66,87,121.0
01597500,07-20,15.0,23,46,55,65,103,137.0
01597500,07-21,15.0,21,41,54,65,94,138.0
01597500,07-22,17.0,20,43,54,63,83,123.0
01597500,07-23,15.0,21,42,55,63,81,117.0
01597500,07-24,14.0,21,36,54,62,80,116.0
01597500,07-25,14.0,17,33,53,61,81,116.0
01597500,07-26,14.0,19,39,53,61,81,126.0
01597500,07-27,15.0,18,41,54,61,81,124.0
01597500,07-28,15.0,26,44,54,65,82,127.0
01597500,07-29,18.0,27,46,55,68,94,144.0
01597500,07-30,18.0,34,46,55,68,87,140.0
01597500,07-31,18.0,35,46,55,65,78,120.0
01597500,08-01,18.0,32,47,55,65,77,114.0
01597500,08-02,23.0,28,43,55,67,81,172.0
01597500,08-03,20.0,29,45,54,72,105,241.0
01597500,08-04,26.0,33,44,54,74,106,197.0
01597500,08-05,20.0,27,43,56,71,122,232.0
01597500,08-06,17.0,21,42,53,67,124,165.0
01597500,08-07,17.0,27,44,56,71,126,218.0
01597500,08-08,15.0,28,45,53,69,109,159.0
01597500,08-09,15.0,28,43,54,69,100,161.0
01597500,08-10,18.0,26,43,53,67,109,199.0
01597500,08-11,13.0,23,41,53,66,118,162.0
01597500,08-12,14.0,19,43,55,70,110,129.0
01597500,08-13,15.0,24,43,55,72,95,163.0
01597500,08-14,14.0,22,38,53,67,106,173.0
01597500,08-15,14.0,21,42,54,66,105,133.0
01597500,08-16,15.0,28,40,54,66,85,126.0
01597500,08-17,14.0,28,43,52,68,95,144.0
01597500,08-18,14.0,23,43,53,68,95,135.0
01597500,08-19,18.0,28,43,55,67,95,135.0
01597500,08-20,27.0,33,45,55,70,108,155.0
01597500,08-21,28.0,34,46,55,73,108,256.0
01597500,08-22,23.0,32,47,58,78,111,290.0
01597500,08-23,15.0,28,45,58,86,119,225.0
01597500,08-24,15.0,31,45,57,78,117,126.0
01597500,08-25,17.0,34,44,58,83,118,140.0
01597500,08-26,18.0,33,47,58,77,114,125.0
01597500,08-27,20.0,33,45,58,79,110,129.0
01597500,08-28,28.0,34,47,59,84,110,122.0
01597500,08-29,33.0,37,47,59,86,118,127.0
01597500,08-30,37.0,41,48,59,85,116,133.0
01597500,08-31,40.0,43,49,60,87,119,338.0
01597500,09-01,37.0,41,48,61,91,121,315.0
01597500,09-02,35.0,42,49,60,91,121,258.0
01597500,09-03,28.0,41,49,61,92,118,152.0
01597500,09-04,36.0,42,49,61,92,115,166.0
01597500,09-05,29.0,42,49,61,98,119,390.0
01597500,09-06,38.0,42,49,61,94,114,246.0
01597500,09-07,38.0,43,50,59,92,112,135.0
01597500,09-08,40.0,44,50,61,94,110,204.0
01597500,09-09,41.0,43,50,66,97,113,402.0
01597500,09-10,39.0,43,50,62,93,112,235.0
01597500,09-11,40.0,43,50,60,93,112,289.0
01597500,09-12,36.0,43,49,60,89,112,245.0
01597500,09-13,40.0,44,51,60,94,116,226.0
01597500,09-14,39.0,43,50,59,94,115,217.0
01597500,09-15,35.0,43,48,60,85,114,224.0
01597500,09-16,40.0,43,50,61,94,120,227.0
01597500,09-17,40.0,43,50,61,94,120,264.0
01597500,09-18,37.0,41,48,60,94,114,323.0
01597500,09-19,38.0,43,50,62,106,136,660.0
01597500,09-20,40.0,44,50,63,100,114,311.0
01597500,09-21,39.0,43,49,59,85,111,147.0
01597500,09-22,35.0,43,49,60,84,110,141.0
01597500,09-23,33.0,42,49,61,90,118,295.0
01597500,09-24,29.0,38,48,61,102,222,294.0
01597500,09-25,22.0,39,47,60,102,180,380.0
01597500,09-26,30.0,39,48,65,102,158,331.0
01597500,09-27,30.0,42,51,66,92,163,339.0
01597500,09-28,30.0,43,52,66,93,191,425.0
01597500,09-29,27.0,43,52,70,102,136,393.0
01597500,09-30,22.0,41,48,67,100,115,307.0
01597500,10-01,15.0,42,46,65,94,111,222.0
01597500,10-02,14.0,40,47,66,96,114,155.0
01597500,10-03,14.0,39,47,66,90,112,171.0
01597500,10-04,23.0,38,47,66,94,110,132.0
01597500,10-05,25.0,42,49,67,92,106,114.0
01597500,10-06,26.0,43,49,68,92,109,123.0
01597500,10-07,28.0,43,49,70,92,108,134.0
01597500,10-08,26.0,43,48,68,92,109,145.0
01597500,10-09,31.0,42,48,69,88,108,167.0
01597500,10-10,23.0,42,48,66,93,108,156.0
01597500,10-11,24.0,43,50,67,94,127,442.0
01597500,10-12,31.0,42,52,68,91,127,389.0
01597500,10-13,31.0,42,52,68,95,142,457.0
01597500,10-14,31.0,42,51,61,92,145,598.0
01597500,10-15,31.0,42,50,59,90,145,473.0
01597500,10-16,31.0,42,50,62,89,107,182.0
01597500,10-17,31.0,42,50,60,95,112,205.0
01597500,10-18,26.0,42,50,65,95,109,140.0
01597500,10-19,26.0,41,49,62,96,109,185.0
01597500,10-20,25.0,41,50,64,95,109,207.0
01597500,10-21,25.0,41,50,64,94,133,244.0
01597500,10-22,25.0,41,50,63,94,140,253.0
01597500,10-23,23.0,40,48,65,96,186,290.0
01597500,10-24,23.0,39,48,63,93,142,255.0
01597500,10-25,23.0,39,50,63,93,152,300.0
01597500,10-26,25.0,36,48,62,94,229,354.0
01597500,10-27,25.0,38,48,61,93,214,420.0
01597500,10-28,25.0,36,46,63,94,259,470.0
01597500,10-29,27.0,36,48,67,94,200,531.0
01597500,10-30,31.0,39,48,71,95,196,291.0
01597500,10-31,33.0,41,48,73,97,195,286.0
01597500,11-01,33.0,42,49,71,98,207,338.0
01597500,11-02,33.0,42,50,72,98,166,409.0
01597500,11-03,33.0,42,51,68,99,200,386.0
01597500,11-04,33.0,42,52,72,102,182,348.0
01597500,11-05,33.0,42,52,75,108,336,397.0
01597500,11-06,33.0,42,52,72,106,341,477.0
01597500,11-07,33.0,41,49,76,105,272,557.0
01597500,11-08,29.0,39,48,76,106,284,346.0
01597500,11-09,11.0,37,46,68,103,269,409.0
01597500,11-10,11.0,33,46,67,102,283,459.0
01597500,11-11,11.0,33,46,68,102,293,410.0
01597500,11-12,15.0,34,45,68,101,313,410.0
01597500,11-13,19.0,31,45,64,100,242,444.0
01597500,11-14,12.0,31,45,68,101,249,459.0
01597500,11-15,13.0,29,45,68,101,253,402.0
01597500,11-16,12.0,29,44,73,100,221,338.0
01597500,11-17,13.0,26,43,70,99,216,336.0
01597500,11-18,13.0,26,42,67,99,242,414.0
01597500,11-19,12.0,25,42,68,99,219,332.0
01597500,11-20,11.0,24,42,65,98,222,303.0
01597500,11-21,11.0,20,42,67,104,294,459.0
01597500,11-22,11.0,27,42,68,104,346,529.0
01597500,11-23,11.0,29,41,67,117,382,582.0
01597500,11-24,11.0,24,41,61,163,406,579.0
01597500,11-25,11.0,18,40,60,106,294,584.0
01597500,11-26,11.0,20,42,67,106,276,556.0
01597500,11-27,11.0,24,42,79,106,276,515.0
01597500,11-28,21.0,29,42,84,147,349,564.0
01597500,11-29,12.0,30,44,87,186,399,751.0
01597500,11-30,18.0,29,49,89,174,448,698.0
01597500,12-01,11.0,30,47,86,146,517,608.0
01597500,12-02,11.0,31,50,88,169,524,653.0
01597500,12-03,11.0,33,50,91,184,429,660.0
01597500,12-04,14.0,32,49,96,196,409,604.0
01597500,12-05,14.0,32,50,95,179,404,588.0
01597500,12-06,11.0,33,52,94,183,401,570.0
01597500,12-07,11.0,30,52,94,204,364,619.0
01597500,12-08,12.0,21,53,93,220,381,960.0
01597500,12-09,12.0,33,61,99,242,389,547.0
01597500,12-10,14.0,36,66,100,255,429,539.0
01597500,12-11,14.0,37,66,103,266,514,659.0
01597500,12-12,23.0,36,70,104,270,569,864.0
01597500,12-13,13.0,34,67,107,274,549,705.0
01597500,12-14,11.0,34,67,110,311,550,741.0
01597500,12-15,11.0,34,67,108,285,555,724.0
01597500,12-16,11.0,34,68,108,281,508,741.0
01597500,12-17,11.0,37,79,108,250,431,684.0
01597500,12-18,22.0,40,79,108,237,458,596.0
01597500,12-19,22.0,40,82,108,233,418,567.0
01597500,12-20,31.0,40,81,107,197,390,607.0
01597500,12-21,22.0,40,79,104,182,457,605.0
01597500,12-22,22.0,38,79,110,225,527,600.0
01597500,12-23,22.0,38,72,103,249,552,715.0
01597500,12-24,22.0,38,68,98,282,498,620.0
01597500,12-25,22.0,38,71,96,281,459,605.0
01597500,12-26,31.0,40,82,111,301,485,667.0
01597500,12-27,31.0,41,74,107,280,582,813.0
01597500,12-28,31.0,43,77,106,280,544,630.0
01597500,12-29,32.0,40,83,107,251,453,649.0
01597500,12-30,20.0,40,78,110,253,514,552.0
01597500,12-31,16.0,38,70,107,264,538,724.0
01598500,01-01,133.0,202,352,633,991,1890,3250.0
01598500,01-02,179.0,221,363,586,950,2020,3410.0
01598500,01-03,178.0,225,383,637,1020,3040,3450.0
01598500,01-04,175.0,215,389,650,1150,2660,2970.0
01598500,01-05,156.0,211,362,599,1540,2170,2830.0
01598500,01-06,146.0,206,352,596,1370,1770,2340.0
01598500,01-07,151.0,196,350,623,1250,1750,2460.0
01598500,01-08,164.0,192,360,610,1100,1990,2580.0
01598500,01-09,153.0,191,372,579,1200,1800,2100.0
01598500,01-10,162.0,183,383,599,1130,1880,3080.0
01598500,01-11,162.0,186,393,599,1050,1850,2530.0
01598500,01-12,160.0,187,390,638,1300,2130,2790.0
01598500,01-13,136.0,185,396,673,1290,2070,2980.0
01598500,01-14,142.0,193,387,667,1210,1970,2580.0
01598500,01-15,164.0,205,409,643,1190,2020,2790.0
01598500,01-16,163.0,198,398,644,1220,1660,2510.0
01598500,01-17,161.0,183,392,589,1020,1570,2740.0
01598500,01-18,156.0,205,389,516,1150,1920,2600.0
01598500,01-19,155.0,212,383,513,1040,2160,2650.0
01598500,01-20,150.0,203,401,514,1080,2030,2500.0
01598500,01-21,148.0,218,391,533,1140,1920,2510.0
01598500,01-22,143.0,216,385,540,1160,1890,2830.0
01598500,01-23,153.0,262,402,599,1190,2110,3920.0
01598500,01-24,151.0,251,386,577,1130,2140,3150.0
01598500,01-25,142.0,216,390,655,1150,2370,3040.0
01598500,01-26,128.0,192,390,662,1220,2760,3140.0
01598500,01-27,131.0,197,389,635,1250,2600,3230.0
01598500,01-28,135.0,194,387,670,1300,2080,2550.0
01598500,01-29,135.0,204,376,720,1290,2270,3550.0
01598500,01-30,177.0,238,397,698,1130,2430,4060.0
01598500,01-31,157.0,248,385,662,1090,2550,3450.0
01598500,02-01,184.0,270,394,618,1120,2440,3170.0
01598500,02-02,191.0,255,382,591,1200,2800,3300.0
01598500,02-03,191.0,262,395,531,1080,2400,3330.0
01598500,02-04,190.0,273,396,648,1140,2060,2600.0
01598500,02-05,197.0,280,403,658,1200,1910,2210.0
01598500,02-06,186.0,261,411,646,1300,1960,2210.0
01598500,02-07,178.0,263,443,743,1250,2080,2960.0
01598500,02-08,147.0,258,429,729,1130,1910,3200.0
01598500,02-09,164.0,253,401,659,1280,2270,3260.0
01598500,02-10,163.0,253,402,688,1260,2120,2860.0
01598500,02-11,197.0,273,440,706,1430,2110,2810.0
01598500,02-12,197.0,263,412,673,1480,2360,2530.0
01598500,02-13,190.0,285,412,677,1510,2430,3040.0
01598500,02-14,199.0,298,415,707,1470,2440,2730.0
01598500,02-15,228.0,310,429,685,1370,2240,2750.0
01598500,02-16,251.0,327,438,668,1300,2040,3590.0
01598500,02-17,244.0,288,449,687,1220,1990,3170.0
01598500,02-18,231.0,286,442,656,1150,2030,2990.0
01598500,02-19,251.0,279,449,649,1190,2070,3080.0
01598500,02-20,228.0,257,447,657,1160,2600,3600.0
01598500,02-21,212.0,280,434,699,1130,2660,3930.0
01598500,02-22,223.0,288,484,790,1480,2640,3160.0
01598500,02-23,221.0,279,484,838,1560,2590,3160.0
01598500,02-24,212.0,284,470,788,1870,3050,3310.0
01598500,02-25,220.0,284,466,862,1740,3050,3430.0
01598500,02-26,219.0,274,493,810,1790,3220,4470.0
01598500,02-27,209.0,272,484,784,1380,3390,4110.0
01598500,02-28,217.0,259,485,750,1510,3660,4490.0
01598500,02-29,193.0,219,525,926,1640,4020,4430.0
01598500,03-01,214.0,265,514,882,1990,3780,4550.0
01598500,03-02,221.0,308,514,924,1710,3080,3460.0
01598500,03-03,226.0,327,544,1060,1780,2600,3440.0
01598500,03-04,229.0,401,581,1150,2120,2770,3460.0
01598500,03-05,233.0,403,570,1110,2060,3700,4560.0
01598500,03-06,258.0,391,574,1030,2030,3820,5760.0
01598500,03-07,245.0,376,571,1080,1830,3180,5340.0
01598500,03-08,235.0,373,567,1170,1890,3070,3830.0
01598500,03-09,263.0,391,558,1040,1640,2710,4650.0
01598500,03-10,284.0,404,598,1020,1560,2730,3830.0
01598500,03-11,351.0,408,608,1030,1670,2920,4010.0
01598500,03-12,377.0,431,677,1030,1840,3040,3650.0
01598500,03-13,379.0,432,688,1170,1900,3320,3770.0
01598500,03-14,381.0,447,698,1130,2090,3140,4230.0
01598500,03-15,403.0,439,666,1070,1860,3230,4400.0
01598500,03-16,385.0,431,573,1010,1730,3040,3920.0
01598500,03-17,375.0,426,583,870,1590,3220,4210.0
01598500,03-18,372.0,418,578,842,1450,2740,3980.0
01598500,03-19,395.0,422,599,889,1510,3010,3720.0
01598500,03-20,410.0,426,589,1010,1570,3020,4250.0
01598500,03-21,402.0,410,580,1030,1800,3460,4260.0
01598500,03-22,390.0,410,576,1150,2060,3250,4220.0
01598500,03-23,374.0,414,577,1100,1930,3220,4130.0
01598500,03-24,383.0,415,593,1140,1980,2770,3540.0
01598500,03-25,391.0,426,552,1190,1980,2700,3880.0
01598500,03-26,382.0,427,546,1100,1800,2720,3970.0
01598500,03-27,378.0,427,675,1010,1670,2510,3940.0
01598500,03-28,359.0,437,666,1050,1590,3000,5260.0
01598500,03-29,354.0,419,612,991,1550,3460,5390.0
01598500,03-30,371.0,461,599,966,1560,3040,4890.0
01598500,03-31,356.0,439,551,907,1400,3230,5170.0
01598500,04-01,357.0,442,544,821,1630,2710,4160.0
01598500,04-02,356.0,419,567,1010,1600,2560,4380.0
01598500,04-03,355.0,411,547,1000,1590,2460,4230.0
01598500,04-04,353.0,403,540,968,1670,2750,4550.0
01598500,04-05,341.0,401,566,897,1380,3390,4080.0
01598500,04-06,344.0,398,574,833,1580,3090,4130.0
01598500,04-07,376.0,416,571,857,1560,2830,3800.0
01598500,04-08,361.0,403,554,866,1680,2680,3130.0
01598500,04-09,342.0,404,550,1020,1650,2810,3160.0
01598500,04-10,320.0,389,538,1010,1720,2850,3120.0
01598500,04-11,315.0,392,524,862,1550,2730,3180.0
01598500,04-12,317.0,387,498,839,1420,2260,3100.0
01598500,04-13,325.0,369,569,823,1380,2720,3480.0
01598500,04-14,314.0,358,510,784,1510,2770,3010.0
01598500,04-15,321.0,369,518,759,1720,2690,3460.0
01598500,04-16,314.0,359,497,823,1790,2640,3970.0
01598500,04-17,293.0,353,459,856,1580,2760,3370.0
01598500,04-18,314.0,357,487,810,1430,2160,3310.0
01598500,04-19,302.0,349,497,753,1290,1900,2590.0
01598500,04-20,321.0,350,462,777,1220,1700,4330.0
01598500,04-21,317.0,359,409,810,1110,1800,3320.0
01598500,04-22,302.0,349,413,737,1190,1920,2610.0
01598500,04-23,299.0,346,473,718,1170,1940,2460.0
01598500,04-24,324.0,345,500,739,1410,2170,2910.0
01598500,04-25,294.0,348,459,730,1380,2430,2790.0
01598500,04-26,265.0,342,461,750,1350,2540,3380.0
01598500,04-27,249.0,319,480,763,1320,2220,2590.0
01598500,04-28,247.0,324,481,730,1210,2040,3440.0
01598500,04-29,248.0,322,492,698,1160,2650,3650.0
01598500,04-30,252.0,317,458,662,1150,2580,3380.0
01598500,05-01,234.0,333,464,674,1130,2030,3450.0
01598500,05-02,256.0,346,441,661,1020,1980,2760.0
01598500,05-03,242.0,335,444,673,1130,1810,2230.0
01598500,05-04,217.0,317,432,666,1270,1790,2590.0
01598500,05-05,242.0,314,432,743,1390,2310,3150.0
01598500,05-06,207.0,320,430,721,1580,2520,4650.0
01598500,05-07,192.0,310,440,690,1460,2780,4250.0
01598500,05-08,201.0,288,449,745,1590,3380,4900.0
01598500,05-09,200.0,299,398,760,1620,3190,4050.0
01598500,05-10,186.0,286,402,679,1450,3300,3870.0
01598500,05-11,185.0,281,404,663,1390,2900,3540.0
01598500,05-12,258.0,324,412,621,1180,2740,3580.0
01598500,05-13,252.0,307,434,721,1330,2530,3030.0
01598500,05-14,264.0,295,426,736,1320,2020,2460.0
01598500,05-15,262.0,301,431,817,1370,2440,3430.0
01598500,05-16,238.0,277,398,748,1310,2690,4190.0
01598500,05-17,224.0,276,376,712,1230,2710,3920.0
01598500,05-18,243.0,277,408,645,1120,2330,3090.0
01598500,05-19,246.0,285,426,660,1120,2410,3210.0
01598500,05-20,247.0,316,485,657,1050,1880,2880.0
01598500,05-21,244.0,308,461,668,1160,2420,3770.0
01598500,05-22,205.0,300,404,600,1050,2040,3180.0
01598500,05-23,195.0,309,398,545,1060,1850,2610.0
01598500,05-24,194.0,310,409,599,964,1520,2330.0
01598500,05-25,204.0,260,397,565,987,1750,2400.0
01598500,05-26,210.0,266,393,540,853,1460,2180.0
01598500,05-27,184.0,236,364,518,804,1620,3510.0
01598500,05-28,184.0,238,333,540,858,2970,4300.0
01598500,05-29,164.0,217,384,537,1040,1820,3440.0
01598500,05-30,155.0,202,387,550,922,1650,3230.0
01598500,05-31,142.0,192,321,523,868,1570,2150.0
01598500,06-01,142.0,174,339,510,831,1600,2810.0
01598500,06-02,134.0,161,354,515,746,1540,2230.0
01598500,06-03,133.0,161,339,471,775,1470,2480.0
01598500,06-04,133.0,172,302,453,688,1750,2840.0
01598500,06-05,117.0,177,317,453,719,1570,2510.0
01598500,06-06,120.0,170,308,455,833,1710,2300.0
01598500,06-07,125.0,168,311,435,896,1630,2370.0
01598500,06-08,118.0,180,299,407,715,1470,2200.0
01598500,06-09,133.0,198,287,412,668,1110,1700.0
01598500,06-10,132.0,203,275,403,635,1140,1830.0
01598500,06-11,126.0,176,246,404,748,1500,1870.0
01598500,06-12,110.0,161,240,398,709,1280,1970.0
01598500,06-13,106.0,145,255,385,694,1430,2240.0
01598500,06-14,115.0,141,275,378,814,1270,2360.0
01598500,06-15,120.0,150,277,366,645,1150,2450.0
01598500,06-16,114.0,166,256,352,600,1200,1920.0
01598500,06-17,115.0,131,241,347,574,1080,1940.0
01598500,06-18,116.0,146,232,340,542,1360,1980.0
01598500,06-19,112.0,131,238,359,615,1060,1470.0
01598500,06-20,110.0,126,240,341,592,1030,1300.0
01598500,06-21,103.0,154,228,366,556,914,1410.0
01598500,06-22,100.0,150,240,376,591,795,1320.0
01598500,06-23,101.0,134,232,351,561,987,1630.0
01598500,06-24,99.0,124,229,323,506,911,1380.0
01598500,06-25,101.0,115,198,330,469,891,1270.0
01598500,06-26,99.0,120,213,323,464,803,1160.0
01598500,06-27,99.0,125,204,331,462,814,1200.0
01598500,06-28,100.0,108,193,311,456,903,1630.0
01598500,06-29,98.0,103,191,301,453,891,1690.0
01598500,06-30,98.0,107,194,302,420,722,1460.0
01598500,07-01,100.0,107,192,316,416,1110,1300.0
01598500,07-02,100.0,107,176,292,418,776,1090.0
01598500,07-03,96.0,107,174,287,425,680,1040.0
01598500,07-04,96.0,101,165,308,423,735,926.0
01598500,07-05,96.0,102,166,307,434,911,1130.0
01598500,07-06,93.0,105,187,290,435,926,1150.0
01598500,07-07,99.0,106,188,275,411,922,1100.0
01598500,07-08,94.0,101,169,283,385,883,1100.0
01598500,07-09,90.0,106,158,292,392,923,1240.0
01598500,07-10,95.0,112,159,282,410,801,1070.0
01598500,07-11,92.0,106,169,289,397,713,1360.0
01598500,07-12,92.0,101,157,274,394,772,1060.0
01598500,07-13,96.0,106,180,253,410,787,1200.0
01598500,07-14,96.0,108,161,273,376,667,982.0
01598500,07-15,96.0,106,153,262,372,714,773.0
01598500,07-16,100.0,105,140,273,366,558,691.0
01598500,07-17,89.0,99,142,269,367,513,673.0
01598500,07-18,88.0,100,123,261,339,489,667.0
01598500,07-19,91.0,100,127,262,344,485,961.0
01598500,07-20,95.0,101,132,293,367,470,626.0
01598500,07-21,92.0,103,133,254,345,496,804.0
01598500,07-22,95.0,107,145,254,337,415,797.0
01598500,07-23,93.0,105,145,254,334,430,1040.0
01598500,07-24,91.0,102,153,252,336,467,942.0
01598500,07-25,98.0,106,149,257,330,426,812.0
01598500,07-26,97.0,104,134,256,336,521,846.0
01598500,07-27,93.0,97,136,253,341,449,1310.0
01598500,07-28,88.0,93,145,252,342,458,1030.0
01598500,07-29,91.0,103,135,254,341,817,1250.0
01598500,07-30,90.0,102,155,258,350,738,1340.0
01598500,07-31,90.0,97,132,265,352,558,1000.0
01598500,08-01,90.0,98,126,265,340,527,892.0
01598500,08-02,92.0,96,136,260,339,565,840.0
01598500,08-03,89.0,100,130,264,340,591,848.0
01598500,08-04,90.0,99,153,261,339,486,808.0
01598500,08-05,92.0,102,138,277,353,510,1030.0
01598500,08-06,80.0,100,139,262,337,745,1100.0
01598500,08-07,90.0,105,143,247,328,569,1040.0
01598500,08-08,91.0,100,137,238,313,447,933.0
01598500,08-09,82.0,99,134,236,315,453,811.0
01598500,08-10,86.0,101,137,256,331,544,707.0
01598500,08-11,80.0,95,141,269,331,457,564.0
01598500,08-12,81.0,95,146,277,328,473,554.0
01598500,08-13,82.0,91,142,269,344,605,770.0
01598500,08-14,71.0,91,135,255,330,555,840.0
01598500,08-15,67.0,91,132,267,336,523,715.0
01598500,08-16,62.0,98,128,274,328,522,790.0
01598500,08-17,65.0,98,136,255,331,662,927.0
01598500,08-18,64.0,98,123,251,358,655,1090.0
01598500,08-19,65.0,97,125,260,336,568,1020.0
01598500,08-20,70.0,93,140,277,349,523,886.0
01598500,08-21,70.0,94,123,276,355,653,1140.0
01598500,08-22,74.0,97,130,257,377,617,943.0
01598500,08-23,67.0,100,125,254,407,774,872.0
01598500,08-24,71.0,91,117,267,396,750,1060.0
01598500,08-25,59.0,88,139,267,398,624,977.0
01598500,08-26,56.0,95,128,267,385,577,675.0
01598500,08-27,68.0,93,130,288,398,538,652.0
01598500,08-28,83.0,98,138,278,369,505,627.0
01598500,08-29,79.0,99,132,280,352,506,628.0
01598500,08-30,73.0,95,140,254,352,567,761.0
01598500,08-31,71.0,96,151,257,337,507,769.0
01598500,09-01,82.0,95,149,250,359,526,649.0
01598500,09-02,73.0,95,140,258,335,502,816.0
01598500,09-03,68.0,88,153,243,334,499,783.0
01598500,09-04,67.0,92,147,249,332,462,580.0
01598500,09-05,69.0,94,159,250,345,466,615.0
01598500,09-06,81.0,99,146,250,352,505,1160.0
01598500,09-07,62.0,94,138,269,348,507,742.0
01598500,09-08,57.0,90,124,266,335,528,1110.0
01598500,09-09,55.0,92,121,226,343,556,1120.0
01598500,09-10,61.0,93,129,223,320,479,1070.0
01598500,09-11,61.0,99,150,254,342,439,1090.0
01598500,09-12,56.0,96,144,281,363,695,1260.0
01598500,09-13,52.0,97,144,260,356,713,1080.0
01598500,09-14,57.0,104,152,255,355,542,1020.0
01598500,09-15,50.0,97,146,242,339,568,766.0
01598500,09-16,44.0,99,149,237,339,585,886.0
01598500,09-17,61.0,97,144,238,338,532,1320.0
01598500,09-18,60.0,97,140,239,324,608,1290.0
01598500,09-19,64.0,92,150,269,388,769,1230.0
01598500,09-20,85.0,101,147,238,363,724,1010.0
01598500,09-21,77.0,97,141,257,347,605,872.0
01598500,09-22,59.0,96,135,255,349,487,1110.0
01598500,09-23,48.0,90,139,236,372,692,1350.0
01598500,09-24,45.0,81,130,237,353,717,1030.0
01598500,09-25,41.0,81,125,214,328,616,1030.0
01598500,09-26,47.0,76,122,207,326,512,660.0
01598500,09-27,47.0,84,125,218,332,613,728.0
01598500,09-28,50.0,94,141,219,354,609,939.0
01598500,09-29,52.0,95,153,235,365,618,889.0
01598500,09-30,60.0,99,164,249,364,571,908.0
01598500,10-01,60.0,96,154,256,381,641,909.0
01598500,10-02,58.0,96,145,233,362,518,793.0
01598500,10-03,70.0,96,134,238,340,522,934.0
01598500,10-04,75.0,94,135,240,346,524,783.0
01598500,10-05,70.0,95,126,244,353,483,601.0
01598500,10-06,80.0,98,130,249,342,483,690.0
01598500,10-07,89.0,103,132,258,349,586,981.0
01598500,10-08,84.0,96,131,264,344,610,1150.0
01598500,10-09,79.0,97,140,252,327,509,859.0
01598500,10-10,62.0,95,137,255,343,503,961.0
01598500,10-11,69.0,96,136,262,344,661,873.0
01598500,10-12,69.0,103,149,259,341,505,933.0
01598500,10-13,69.0,98,147,251,339,664,807.0
01598500,10-14,79.0,98,144,258,346,700,847.0
01598500,10-15,80.0,99,153,260,338,536,770.0
01598500,10-16,86.0,102,150,258,322,462,742.0
01598500,10-17,82.0,101,160,259,326,526,742.0
01598500,10-18,78.0,98,152,256,315,525,906.0
01598500,10-19,81.0,110,160,251,317,492,885.0
01598500,10-20,81.0,102,157,257,330,528,1010.0
01598500,10-21,81.0,97,152,260,332,628,921.0
01598500,10-22,70.0,96,142,259,332,537,816.0
01598500,10-23,70.0,95,143,255,318,666,886.0
01598500,10-24,77.0,94,141,245,332,659,1100.0
01598500,10-25,79.0,94,156,249,353,655,1230.0
01598500,10-26,78.0,99,148,256,350,673,1180.0
01598500,10-27,78.0,99,157,256,345,642,1170.0
01598500,10-28,78.0,97,154,258,351,680,1380.0
01598500,10-29,78.0,102,163,268,452,790,1180.0
01598500,10-30,75.0,102,169,273,423,689,1140.0
01598500,10-31,78.0,97,168,265,422,687,1220.0
01598500,11-01,82.0,103,183,269,432,685,1200.0
01598500,11-02,82.0,102,176,263,402,867,1180.0
01598500,11-03,90.0,103,168,263,420,906,1290.0
01598500,11-04,90.0,99,182,265,446,832,1270.0
01598500,11-05,78.0,101,176,263,463,959,1300.0
01598500,11-06,88.0,101,176,267,480,893,1280.0
01598500,11-07,87.0,101,166,271,507,1080,1540.0
01598500,11-08,96.0,125,160,273,539,1310,1880.0
01598500,11-09,89.0,106,157,277,502,1190,2070.0
01598500,11-10,82.0,104,168,271,514,1290,2020.0
01598500,11-11,80.0,103,167,290,518,1120,1960.0
01598500,11-12,81.0,101,161,288,467,1180,1590.0
01598500,11-13,78.0,99,172,272,460,1140,1550.0
01598500,11-14,73.0,99,166,271,471,1080,1950.0
01598500,11-15,78.0,99,167,271,444,971,1410.0
01598500,11-16,80.0,103,170,277,471,865,1250.0
01598500,11-17,83.0,116,190,273,469,940,1340.0
01598500,11-18,83.0,120,194,271,456,855,1360.0
01598500,11-19,81.0,121,173,274,456,946,1370.0
01598500,11-20,82.0,117,180,268,473,928,1510.0
01598500,11-21,81.0,123,186,277,473,998,1510.0
01598500,11-22,86.0,121,185,283,453,1260,1750.0
01598500,11-23,103.0,119,190,281,495,1170,1630.0
01598500,11-24,117.0,140,209,310,536,1180,1520.0
01598500,11-25,110.0,139,197,317,516,998,1950.0
01598500,11-26,100.0,141,222,309,609,1200,2070.0
01598500,11-27,99.0,136,209,316,619,1100,1610.0
01598500,11-28,106.0,140,202,324,619,1200,1460.0
01598500,11-29,117.0,138,228,355,778,1280,2390.0
01598500,11-30,108.0,151,221,356,811,1390,2010.0
01598500,12-01,106.0,144,220,353,624,1300,1990.0
01598500,12-02,117.0,154,211,356,616,1230,2170.0
01598500,12-03,115.0,153,235,364,817,1540,2610.0
01598500,12-04,105.0,153,249,399,850,1760,3000.0
01598500,12-05,103.0,168,259,405,708,1520,2530.0
01598500,12-06,118.0,166,256,405,666,1440,1880.0
01598500,12-07,127.0,171,262,406,822,1530,2770.0
01598500,12-08,125.0,168,264,401,843,1940,3160.0
01598500,12-09,107.0,139,256,458,959,1760,2280.0
01598500,12-10,111.0,160,264,476,950,1720,2610.0
01598500,12-11,109.0,178,300,476,1130,1830,2290.0
01598500,12-12,119.0,178,307,516,1270,1860,2180.0
01598500,12-13,124.0,175,306,552,1160,1840,2690.0
01598500,12-14,133.0,186,320,564,1100,1880,2480.0
01598500,12-15,134.0,193,325,571,1020,1910,2470.0
01598500,12-16,134.0,175,311,591,963,1990,2570.0
01598500,12-17,113.0,174,327,530,907,1700,2280.0
01598500,12-18,120.0,191,328,552,967,1750,2110.0
01598500,12-19,116.0,193,326,532,891,1690,1820.0
01598500,12-20,112.0,177,321,536,970,1450,1660.0
01598500,12-21,126.0,178,341,590,1020,1520,2190.0
01598500,12-22,124.0,193,358,595,1030,2170,2750.0
01598500,12-23,141.0,190,370,618,975,1910,2260.0
01598500,12-24,160.0,196,345,566,1060,1710,2360.0
01598500,12-25,172.0,206,356,598,1280,1570,2510.0
01598500,12-26,163.0,214,359,672,1110,1640,2610.0
01598500,12-27,159.0,227,363,686,1040,1760,2050.0
01598500,12-28,157.0,204,357,653,1030,1500,1700.0
01598500,12-29,156.0,222,404,670,1060,1430,2250.0
01598500,12-30,175.0,240,381,661,995,1410,2580.0
01598500,12-31,175.0,219,362,653,1000,1690,2730.0
01601500,01-01,26.0,38,103,262,496,1210,1940.0
01601500,01-02,29.0,42,102,260,457,1220,2860.0
01601500,01-03,35.0,56,106,264,500,1070,1540.0
01601500,01-04,35.0,58,116,262,635,976,1180.0
01601500,01-05,40.0,63,117,252,600,925,1170.0
01601500,01-06,38.0,64,110,240,531,880,1220.0
01601500,01-07,36.0,63,127,259,481,883,983.0
01601500,01-08,45.0,61,121,227,447,775,1240.0
01601500,01-09,49.0,60,113,238,444,790,1180.0
01601500,01-10,44.0,55,118,241,476,800,1250.0
01601500,01-11,40.0,71,109,246,457,777,1090.0
01601500,01-12,38.0,56,114,248,482,759,1670.0
01601500,01-13,39.0,54,108,230,460,1090,1530.0
01601500,01-14,46.0,62,104,231,462,906,1070.0
01601500,01-15,46.0,74,123,214,441,818,1220.0
01601500,01-16,36.0,68,107,208,414,714,1390.0
01601500,01-17,40.0,65,98,196,452,760,1190.0
01601500,01-18,44.0,68,92,186,414,911,1280.0
01601500,01-19,46.0,69,102,180,398,817,1230.0
01601500,01-20,43.0,67,114,186,498,907,1110.0
01601500,01-21,41.0,69,117,188,458,922,1230.0
01601500,01-22,36.0,66,115,193,429,809,1040.0
01601500,01-23,52.0,69,125,215,419,793,1170.0
01601500,01-24,49.0,77,120,209,504,1050,1840.0
01601500,01-25,48.0,75,127,235,518,1360,1870.0
01601500,01-26,53.0,82,121,230,555,1200,1760.0
01601500,01-27,64.0,80,124,228,500,1090,1810.0
01601500,01-28,59.0,72,121,227,527,989,2080.0
01601500,01-29,59.0,70,120,237,510,942,1400.0
01601500,01-30,55.0,79,115,256,545,804,1120.0
01601500,01-31,55.0,72,121,262,484,774,1250.0
01601500,02-01,55.0,75,120,250,463,747,909.0
01601500,02-02,54.0,85,121,255,469,711,1120.0
01601500,02-03,53.0,79,120,257,434,865,1670.0
01601500,02-04,53.0,83,120,255,475,1190,1470.0
01601500,02-05,50.0,80,125,253,545,1080,1340.0
01601500,02-06,50.0,75,130,246,511,1030,1190.0
01601500,02-07,50.0,70,136,253,614,858,1470.0
01601500,02-08,50.0,79,136,244,579,760,1420.0
01601500,02-09,50.0,71,129,245,523,930,1220.0
01601500,02-10,57.0,66,128,243,581,895,1230.0
01601500,02-11,66.0,88,125,281,589,984,1160.0
01601500,02-12,70.0,84,131,291,596,1020,1180.0
01601500,02-13,70.0,86,139,297,613,1040,1330.0
01601500,02-14,66.0,99,162,309,670,942,1570.0
01601500,02-15,81.0,93,148,318,608,964,1380.0
01601500,02-16,80.0,96,171,299,571,1040,1920.0
01601500,02-17,88.0,95,179,315,546,939,1880.0
01601500,02-18,88.0,106,179,341,686,1110,1540.0
01601500,02-19,87.0,104,181,338,618,1170,1890.0
01601500,02-20,85.0,107,189,348,637,1230,1800.0
01601500,02-21,87.0,110,182,336,708,1310,2030.0
01601500,02-22,92.0,117,214,353,697,1250,1890.0
01601500,02-23,93.0,121,220,376,819,1410,1770.0
01601500,02-24,90.0,118,230,367,796,1500,2060.0
01601500,02-25,86.0,113,209,418,790,1460,2710.0
01601500,02-26,86.0,110,205,446,831,1650,2060.0
01601500,02-27,77.0,105,204,427,811,1450,2470.0
01601500,02-28,79.0,101,214,392,767,2120,2690.0
01601500,02-29,99.0,133,258,460,793,1730,2450.0
01601500,03-01,88.0,113,206,433,723,1570,2530.0
01601500,03-02,88.0,119,220,406,812,1490,1590.0
01601500,03-03,103.0,143,228,409,812,1190,1780.0
01601500,03-04,120.0,173,248,449,910,1340,2430.0
01601500,03-05,136.0,173,280,470,1000,2200,4350.0
01601500,03-06,131.0,180,286,506,1020,2360,3240.0
01601500,03-07,154.0,175,284,520,867,1510,2140.0
01601500,03-08,155.0,167,274,534,915,1310,1780.0
01601500,03-09,138.0,185,270,493,853,1420,1860.0
01601500,03-10,142.0,183,270,468,740,1470,2300.0
01601500,03-11,146.0,175,273,504,771,1610,2190.0
01601500,03-12,159.0,195,319,517,861,1740,2480.0
01601500,03-13,164.0,214,335,516,926,1990,2910.0
01601500,03-14,162.0,230,356,533,1100,1840,2640.0
01601500,03-15,169.0,216,337,548,1140,1790,2590.0
01601500,03-16,161.0,225,323,533,1020,1790,2000.0
01601500,03-17,175.0,215,330,504,937,1390,1950.0
01601500,03-18,197.0,220,297,506,859,1280,2100.0
01601500,03-19,199.0,235,291,587,882,1500,2080.0
01601500,03-20,210.0,228,332,578,972,1800,2510.0
01601500,03-21,200.0,215,332,573,1030,2140,2650.0
01601500,03-22,190.0,218,336,551,1070,1690,2760.0
01601500,03-23,180.0,210,369,625,1000,1560,2470.0
01601500,03-24,180.0,227,377,617,1080,1710,2240.0
01601500,03-25,171.0,224,367,622,1080,1840,2210.0
01601500,03-26,186.0,234,340,584,937,1460,1690.0
01601500,03-27,183.0,239,356,567,872,1320,1660.0
01601500,03-28,179.0,248,367,584,827,1440,2910.0
01601500,03-29,188.0,230,342,545,832,1670,2840.0
01601500,03-30,189.0,216,333,516,866,1780,2170.0
01601500,03-31,176.0,230,329,507,863,1630,3290.0
01601500,04-01,164.0,253,351,500,910,1450,3060.0
01601500,04-02,146.0,226,335,561,1010,1480,2160.0
01601500,04-03,154.0,222,344,562,1010,1480,2110.0
01601500,04-04,169.0,238,329,515,958,1680,2290.0
01601500,04-05,170.0,232,343,494,929,1660,2340.0
01601500,04-06,180.0,227,333,529,857,1390,2270.0
01601500,04-07,185.0,230,312,513,801,1590,2470.0
01601500,04-08,191.0,227,299,512,737,1250,2010.0
01601500,04-09,190.0,228,309,511,845,1340,1640.0
01601500,04-10,180.0,222,325,533,750,1260,2250.0
01601500,04-11,178.0,214,310,499,823,1280,1740.0
01601500,04-12,179.0,208,305,499,804,1240,1480.0
01601500,04-13,178.0,206,296,470,855,1520,2050.0
01601500,04-14,176.0,192,281,465,770,1350,2000.0
01601500,04-15,170.0,187,275,447,723,1510,2290.0
01601500,04-16,163.0,178,271,444,754,1560,2630.0
01601500,04-17,161.0,185,267,420,713,1860,2870.0
01601500,04-18,158.0,179,256,402,707,1210,1930.0
01601500,04-19,149.0,162,242,390,630,1170,1870.0
01601500,04-20,147.0,159,232,365,640,1250,2810.0
01601500,04-21,141.0,151,227,343,583,1330,2450.0
01601500,04-22,143.0,156,228,360,618,1340,1650.0
01601500,04-23,141.0,180,224,360,583,1070,1350.0
01601500,04-24,137.0,181,238,341,599,1020,1330.0
01601500,04-25,135.0,174,228,337,637,1270,1590.0
01601500,04-26,151.0,170,221,338,636,1190,1770.0
01601500,04-27,135.0,160,212,349,617,1080,1690.0
01601500,04-28,145.0,161,211,345,615,1210,2230.0
01601500,04-29,149.0,155,213,341,605,1450,1860.0
01601500,04-30,140.0,146,209,321,592,1250,1500.0
01601500,05-01,135.0,139,204,306,560,970,1280.0
01601500,05-02,131.0,137,210,335,614,872,1180.0
01601500,05-03,126.0,139,193,338,671,986,1130.0
01601500,05-04,130.0,144,206,327,677,1070,1260.0
01601500,05-05,125.0,137,203,338,658,901,1570.0
01601500,05-06,121.0,135,195,392,669,1440,2230.0
01601500,05-07,122.0,134,190,401,610,1680,2130.0
01601500,05-08,112.0,130,181,394,709,1820,2380.0
01601500,05-09,116.0,141,191,369,838,1500,2000.0
01601500,05-10,114.0,135,192,350,717,1360,2120.0
01601500,05-11,112.0,131,178,330,640,1400,1950.0
01601500,05-12,105.0,124,180,341,628,1210,1810.0
01601500,05-13,99.0,122,181,361,683,1240,2410.0
01601500,05-14,105.0,123,196,346,645,1200,2030.0
01601500,05-15,104.0,116,182,341,611,1110,1510.0
01601500,05-16,104.0,121,171,319,610,1210,1750.0
01601500,05-17,104.0,117,167,315,595,1220,2030.0
01601500,05-18,97.0,111,166,324,595,1130,1580.0
01601500,05-19,102.0,125,169,317,556,1040,1490.0
01601500,05-20,98.0,124,182,294,554,893,1190.0
01601500,05-21,98.0,116,178,281,547,898,1360.0
01601500,05-22,95.0,115,170,277,487,959,1480.0
01601500,05-23,88.0,108,169,266,451,837,1460.0
01601500,05-24,81.0,105,166,236,442,940,1170.0
01601500,05-25,81.0,103,158,242,401,852,1100.0
01601500,05-26,75.0,100,144,227,391,720,1020.0
01601500,05-27,84.0,92,145,221,376,693,1060.0
01601500,05-28,78.0,89,144,225,424,928,1240.0
01601500,05-29,71.0,90,139,232,442,1010,1650.0
01601500,05-30,71.0,87,129,225,386,764,1030.0
01601500,05-31,73.0,82,120,203,397,797,1210.0
01601500,06-01,74.0,79,118,197,339,611,1070.0
01601500,06-02,70.0,77,122,206,355,654,1050.0
01601500,06-03,66.0,78,114,194,313,772,1360.0
01601500,06-04,60.0,74,116,186,310,612,1300.0
01601500,06-05,61.0,72,114,178,304,782,1000.0
01601500,06-06,65.0,68,112,167,290,760,881.0
01601500,06-07,62.0,67,112,162,290,627,831.0
01601500,06-08,58.0,66,108,155,289,596,795.0
01601500,06-09,53.0,66,101,163,272,482,808.0
01601500,06-10,55.0,68,104,163,266,518,800.0
01601500,06-11,55.0,66,102,153,243,557,983.0
01601500,06-12,54.0,67,97,148,232,559,747.0
01601500,06-13,55.0,70,91,135,224,532,879.0
01601500,06-14,56.0,65,96,132,222,485,697.0
01601500,06-15,56.0,68,90,125,193,438,580.0
01601500,06-16,54.0,65,88,132,219,354,490.0
01601500,06-17,51.0,61,89,123,190,313,547.0
01601500,06-18,59.0,64,91,129,182,377,530.0
01601500,06-19,55.0,59,82,123,209,435,712.0
01601500,06-20,53.0,59,80,119,204,589,1190.0
01601500,06-21,51.0,56,76,116,214,646,834.0
01601500,06-22,46.0,57,73,110,210,480,718.0
01601500,06-23,43.0,57,73,105,235,510,770.0
01601500,06-24,41.0,54,67,100,200,394,915.0
01601500,06-25,40.0,52,69,94,178,385,507.0
01601500,06-26,39.0,54,62,94,166,295,360.0
01601500,06-27,43.0,52,62,93,166,269,587.0
01601500,06-28,42.0,49,60,91,174,278,464.0
01601500,06-29,40.0,46,58,88,154,298,408.0
01601500,06-30,38.0,43,56,80,145,237,378.0
01601500,07-01,36.0,45,54,80,133,249,684.0
01601500,07-02,35.0,42,56,80,123,213,468.0
01601500,07-03,33.0,41,54,77,132,243,430.0
01601500,07-04,32.0,39,52,75,134,283,456.0
01601500,07-05,31.0,38,50,73,129,290,438.0
01601500,07-06,31.0,38,51,80,122,319,383.0
01601500,07-07,32.0,37,51,76,123,341,409.0
01601500,07-08,32.0,36,49,73,125,282,420.0
01601500,07-09,32.0,35,47,73,126,269,309.0
01601500,07-10,30.0,34,47,75,133,270,472.0
01601500,07-11,31.0,33,48,76,113,274,402.0
01601500,07-12,29.0,32,50,70,134,248,314.0
01601500,07-13,28.0,31,49,70,129,202,261.0
01601500,07-14,28.0,32,47,69,129,192,236.0
01601500,07-15,29.0,36,45,71,118,190,270.0
01601500,07-16,28.0,37,43,66,111,180,262.0
01601500,07-17,26.0,33,41,62,101,185,296.0
01601500,07-18,26.0,32,41,59,101,222,419.0
01601500,07-19,25.0,31,43,57,107,195,302.0
01601500,07-20,24.0,30,44,58,97,195,341.0
01601500,07-21,22.0,29,45,66,105,163,259.0
01601500,07-22,22.0,27,43,65,105,172,256.0
01601500,07-23,24.0,28,42,65,96,206,288.0
01601500,07-24,24.0,28,41,62,97,168,194.0
01601500,07-25,24.0,29,42,59,89,146,282.0
01601500,07-26,22.0,28,41,58,80,128,193.0
01601500,07-27,23.0,31,40,56,83,129,163.0
01601500,07-28,23.0,31,39,54,89,134,214.0
01601500,07-29,25.0,30,41,56,86,131,416.0
01601500,07-30,25.0,28,41,57,81,159,365.0
01601500,07-31,26.0,29,39,53,90,169,300.0
01601500,08-01,24.0,27,37,51,88,216,335.0
01601500,08-02,25.0,26,36,50,82,191,278.0
01601500,08-03,25.0,28,35,48,101,164,218.0
01601500,08-04,24.0,26,35,47,96,167,250.0
01601500,08-05,23.0,25,36,51,91,192,290.0
01601500,08-06,22.0,25,35,51,94,183,285.0
01601500,08-07,22.0,26,35,48,83,160,322.0
01601500,08-08,22.0,26,33,51,81,193,292.0
01601500,08-09,23.0,26,34,46,80,171,236.0
01601500,08-10,22.0,26,34,46,86,152,218.0
01601500,08-11,22.0,24,34,51,85,121,173.0
01601500,08-12,19.0,23,38,49,80,160,229.0
01601500,08-13,19.0,23,36,51,78,160,258.0
01601500,08-14,19.0,23,34,48,71,144,292.0
01601500,08-15,20.0,22,34,51,69,125,163.0
01601500,08-16,20.0,22,32,48,71,124,224.0
01601500,08-17,20.0,22,31,46,73,139,289.0
01601500,08-18,20.0,22,32,44,77,275,420.0
01601500,08-19,20.0,23,34,45,67,188,323.0
01601500,08-20,19.0,22,32,43,80,152,336.0
01601500,08-21,19.0,22,29,42,78,228,377.0
01601500,08-22,19.0,23,29,43,78,212,479.0
01601500,08-23,19.0,23,29,41,78,178,368.0
01601500,08-24,20.0,24,28,42,74,191,335.0
01601500,08-25,19.0,22,28,42,78,148,276.0
01601500,08-26,18.0,22,30,42,71,135,310.0
01601500,08-27,18.0,21,28,41,69,125,262.0
01601500,08-28,17.0,19,29,40,73,167,277.0
01601500,08-29,16.0,18,28,38,75,194,354.0
01601500,08-30,16.0,20,27,37,74,162,211.0
01601500,08-31,15.0,19,28,37,78,144,201.0
01601500,09-01,15.0,19,28,36,84,155,243.0
01601500,09-02,14.0,19,27,36,78,151,196.0
01601500,09-03,14.0,19,27,36,78,126,264.0
01601500,09-04,14.0,18,26,36,71,144,226.0
01601500,09-05,14.0,19,25,42,66,147,185.0
01601500,09-06,14.0,19,26,40,78,160,296.0
01601500,09-07,14.0,18,25,36,76,157,241.0
01601500,09-08,16.0,17,25,34,69,147,458.0
01601500,09-09,14.0,17,25,36,64,152,528.0
01601500,09-10,15.0,16,26,36,57,130,380.0
01601500,09-11,14.0,16,25,36,59,124,461.0
01601500,09-12,15.0,17,26,36,61,120,385.0
01601500,09-13,14.0,17,24,38,70,123,297.0
01601500,09-14,14.0,17,26,38,66,140,233.0
01601500,09-15,15.0,16,25,38,68,135,248.0
01601500,09-16,15.0,17,25,35,66,204,393.0
01601500,09-17,15.0,18,24,37,63,171,364.0
01601500,09-18,15.0,19,24,36,62,145,481.0
01601500,09-19,16.0,18,24,37,60,159,1390.0
01601500,09-20,16.0,18,24,34,59,144,859.0
01601500,09-21,15.0,18,25,33,67,212,550.0
01601500,09-22,14.0,18,24,33,64,195,452.0
01601500,09-23,14.0,17,24,35,64,262,579.0
01601500,09-24,14.0,16,23,35,63,234,467.0
01601500,09-25,14.0,18,22,37,61,220,403.0
01601500,09-26,14.0,17,22,36,57,205,298.0
01601500,09-27,14.0,17,23,38,62,212,368.0
01601500,09-28,14.0,17,25,40,95,229,379.0
01601500,09-29,14.0,16,26,43,87,226,367.0
01601500,09-30,15.0,17,28,41,84,261,514.0
01601500,10-01,14.0,17,28,41,80,243,452.0
01601500,10-02,14.0,16,29,41,83,268,390.0
01601500,10-03,14.0,18,29,39,93,206,469.0
01601500,10-04,13.0,18,29,38,86,175,388.0
01601500,10-05,14.0,18,28,38,87,163,282.0
01601500,10-06,16.0,20,28,40,84,176,272.0
01601500,10-07,15.0,21,29,42,71,160,222.0
01601500,10-08,15.0,21,29,41,82,146,268.0
01601500,10-09,15.0,21,28,40,78,177,291.0
01601500,10-10,15.0,21,28,39,74,180,261.0
01601500,10-11,16.0,21,27,38,72,167,454.0
01601500,10-12,16.0,20,27,39,73,154,375.0
01601500,10-13,16.0,20,27,36,68,142,318.0
01601500,10-14,16.0,20,27,40,64,139,532.0
01601500,10-15,17.0,21,27,40,73,188,601.0
01601500,10-16,17.0,21,27,40,69,196,515.0
01601500,10-17,18.0,22,27,40,70,226,461.0
01601500,10-18,20.0,21,29,41,63,264,568.0
01601500,10-19,20.0,21,29,41,67,308,592.0
01601500,10-20,20.0,21,30,40,73,356,601.0
01601500,10-21,19.0,22,30,40,80,318,906.0
01601500,10-22,19.0,22,30,41,86,327,702.0
01601500,10-23,19.0,22,30,41,89,307,594.0
01601500,10-24,18.0,23,29,42,133,356,619.0
01601500,10-25,20.0,24,30,44,153,338,473.0
01601500,10-26,19.0,22,30,45,140,323,604.0
01601500,10-27,19.0,22,31,48,144,318,480.0
01601500,10-28,19.0,22,31,51,150,295,472.0
01601500,10-29,20.0,23,31,56,204,377,620.0
01601500,10-30,20.0,22,32,58,193,385,870.0
01601500,10-31,21.0,22,31,57,180,365,718.0
01601500,11-01,20.0,23,32,59,182,321,553.0
01601500,11-02,20.0,23,34,64,198,465,619.0
01601500,11-03,21.0,23,36,74,193,430,584.0
01601500,11-04,19.0,23,35,77,199,392,546.0
01601500,11-05,20.0,24,35,81,193,397,717.0
01601500,11-06,20.0,26,35,74,217,370,614.0
01601500,11-07,20.0,27,37,71,184,485,606.0
01601500,11-08,21.0,27,38,77,185,387,770.0
01601500,11-09,19.0,26,37,76,204,345,611.0
01601500,11-10,22.0,26,38,79,200,391,789.0
01601500,11-11,22.0,26,38,86,201,337,743.0
01601500,11-12,22.0,26,38,91,201,481,753.0
01601500,11-13,22.0,26,36,100,198,461,606.0
01601500,11-14,22.0,26,37,99,193,379,658.0
01601500,11-15,21.0,24,39,99,198,400,592.0
01601500,11-16,21.0,26,42,98,213,360,685.0
01601500,11-17,21.0,24,44,104,229,356,678.0
01601500,11-18,21.0,25,44,96,210,353,641.0
01601500,11-19,21.0,26,41,106,224,461,807.0
01601500,11-20,21.0,27,45,100,237,560,809.0
01601500,11-21,22.0,27,45,106,231,612,774.0
01601500,11-22,22.0,28,45,105,243,521,1000.0
01601500,11-23,26.0,31,45,105,252,459,755.0
01601500,11-24,26.0,31,50,104,243,399,673.0
01601500,11-25,30.0,33,56,102,230,483,604.0
01601500,11-26,30.0,33,59,110,256,421,840.0
01601500,11-27,28.0,31,57,118,244,456,799.0
01601500,11-28,28.0,31,54,133,275,705,1210.0
01601500,11-29,27.0,35,54,137,345,983,1470.0
01601500,11-30,27.0,34,55,131,380,818,971.0
01601500,12-01,27.0,33,59,125,379,727,1300.0
01601500,12-02,26.0,34,60,144,382,832,1280.0
01601500,12-03,26.0,33,66,146,374,864,1170.0
01601500,12-04,26.0,31,67,138,429,787,997.0
01601500,12-05,27.0,32,66,143,407,718,914.0
01601500,12-06,27.0,34,65,157,385,615,795.0
01601500,12-07,29.0,38,65,148,370,629,1550.0
01601500,12-08,31.0,37,69,173,321,610,1230.0
01601500,12-09,28.0,37,69,191,422,561,1210.0
01601500,12-10,27.0,36,67,187,363,844,1070.0
01601500,12-11,28.0,36,79,186,393,818,1450.0
01601500,12-12,29.0,41,78,191,452,853,1110.0
01601500,12-13,30.0,38,76,191,425,750,1100.0
01601500,12-14,31.0,37,73,203,441,741,1300.0
01601500,12-15,28.0,40,80,197,491,845,1100.0
01601500,12-16,28.0,39,79,199,454,710,1060.0
01601500,12-17,28.0,36,71,201,440,703,931.0
01601500,12-18,27.0,36,91,202,423,737,1300.0
01601500,12-19,26.0,38,95,192,379,657,1180.0
01601500,12-20,26.0,35,93,196,367,666,863.0
01601500,12-21,26.0,38,95,200,403,846,1030.0
01601500,12-22,26.0,36,93,194,342,829,1280.0
01601500,12-23,26.0,36,97,197,365,679,1090.0
01601500,12-24,25.0,36,101,214,360,827,1110.0
01601500,12-25,25.0,44,99,210,438,865,1340.0
01601500,12-26,25.0,40,96,216,566,927,1280.0
01601500,12-27,28.0,37,92,231,540,775,875.0
01601500,12-28,24.0,43,101,245,535,800,1120.0
01601500,12-29,27.0,39,113,249,499,754,1130.0
01601500,12-30,27.0,43,94,239,462,986,1120.0
01601500,12-31,26.0,48,100,256,445,958,1260.0
01603000,01-01,184.0,267,526,1210,1820,3600,5520.0
01603000,01-02,185.0,272,551,1150,1800,4710,7210.0
01603000,01-03,185.0,321,611,1090,2090,4470,6230.0
01603000,01-04,212.0,366,618,1070,2200,3780,4900.0
01603000,01-05,221.0,384,573,1020,2250,3480,4580.0
01603000,01-06,223.0,374,547,1030,2110,3520,4460.0
01603000,01-07,237.0,313,560,1060,2150,3420,4460.0
01603000,01-08,264.0,315,628,1110,2150,3420,4620.0
01603000,01-09,247.0,292,631,1120,2030,3040,4760.0
01603000,01-10,196.0,290,561,1060,2020,3740,4890.0
01603000,01-11,227.0,324,600,1100,1920,3070,3990.0
01603000,01-12,218.0,310,563,1100,2030,3580,4480.0
01603000,01-13,198.0,296,573,1060,1940,3350,4090.0
01603000,01-14,221.0,299,569,1150,1990,2930,3340.0
01603000,01-15,221.0,353,583,1020,1930,3070,4560.0
01603000,01-16,236.0,353,582,1030,1960,3160,4670.0
01603000,01-17,223.0,322,567,1020,1770,2820,5100.0
01603000,01-18,227.0,315,565,901,1790,3390,4650.0
01603000,01-19,185.0,338,548,871,1750,3590,4610.0
01603000,01-20,190.0,313,564,960,1960,3830,4230.0
01603000,01-21,211.0,308,559,905,1800,3740,4150.0
01603000,01-22,233.0,305,559,923,1620,3500,4650.0
01603000,01-23,235.0,305,589,1020,1770,3260,4490.0
01603000,01-24,234.0,298,600,1050,1750,3610,6330.0
01603000,01-25,225.0,294,669,1020,1960,4680,6490.0
01603000,01-26,252.0,318,614,1010,2260,4810,7080.0
01603000,01-27,267.0,393,636,1030,2010,4580,7130.0
01603000,01-28,270.0,379,609,1060,2200,3580,7260.0
01603000,01-29,265.0,387,629,1150,2210,3480,5310.0
01603000,01-30,270.0,390,632,1170,2180,3380,4590.0
01603000,01-31,260.0,397,625,1160,1980,3380,5220.0
01603000,02-01,271.0,405,670,1040,1920,3080,4950.0
01603000,02-02,344.0,427,661,1110,1950,3740,5060.0
01603000,02-03,322.0,397,669,1040,1830,3870,6550.0
01603000,02-04,285.0,402,662,1070,1930,4060,4890.0
01603000,02-05,316.0,415,676,1030,2210,3630,4890.0
01603000,02-06,283.0,404,670,1020,2450,3780,4650.0
01603000,02-07,285.0,410,700,1140,2410,3820,5270.0
01603000,02-08,271.0,421,689,1340,2310,3640,4700.0
01603000,02-09,320.0,425,636,1170,2280,3690,4350.0
01603000,02-10,255.0,419,635,1270,2170,3770,5230.0
01603000,02-11,351.0,453,693,1320,2350,3580,4960.0
01603000,02-12,394.0,475,670,1270,2560,4100,4590.0
01603000,02-13,393.0,446,755,1270,2770,3860,4550.0
01603000,02-14,381.0,459,783,1300,2710,3870,4980.0
01603000,02-15,397.0,492,787,1370,2620,3630,4750.0
01603000,02-16,438.0,525,841,1440,2440,3550,6560.0
01603000,02-17,471.0,556,871,1400,2340,3340,6500.0
01603000,02-18,439.0,515,879,1300,2260,4020,6270.0
01603000,02-19,444.0,617,906,1320,2310,4440,7470.0
01603000,02-20,426.0,585,875,1410,2180,4360,5950.0
01603000,02-21,408.0,532,851,1380,2260,4560,7460.0
01603000,02-22,402.0,546,928,1410,2590,5010,5620.0
01603000,02-23,398.0,501,927,1550,3490,4750,6440.0
01603000,02-24,379.0,526,931,1500,3310,5880,7010.0
01603000,02-25,377.0,501,915,1510,3240,5890,7350.0
01603000,02-26,365.0,490,905,1670,3180,5700,7700.0
01603000,02-27,361.0,512,876,1680,2860,6210,8910.0
01603000,02-28,345.0,496,900,1560,2920,6490,8150.0
01603000,02-29,375.0,514,942,2000,3550,7060,7490.0
01603000,03-01,348.0,514,929,1610,3320,6640,7970.0
01603000,03-02,365.0,470,920,1690,3480,5440,6590.0
01603000,03-03,418.0,481,970,1760,3210,4500,5850.0
01603000,03-04,469.0,743,1130,1900,3430,4780,6430.0
01603000,03-05,514.0,739,1110,1840,4200,7240,9850.0
01603000,03-06,530.0,785,1180,1920,3870,6800,9560.0
01603000,03-07,534.0,728,1170,1910,3530,6390,8960.0
01603000,03-08,557.0,727,1180,1890,3320,5120,7470.0
01603000,03-09,525.0,727,1130,1950,3200,5080,7500.0
01603000,03-10,621.0,760,1120,1800,2780,5870,7540.0
01603000,03-11,679.0,810,1170,1790,2780,5310,6680.0
01603000,03-12,657.0,808,1210,1810,3280,5020,7160.0
01603000,03-13,647.0,865,1230,1860,3750,6320,7960.0
01603000,03-14,690.0,878,1290,2090,3650,6450,8640.0
01603000,03-15,698.0,859,1310,2130,4100,6750,8350.0
01603000,03-16,719.0,886,1210,2170,3850,5900,7790.0
01603000,03-17,772.0,883,1180,1890,3080,5560,7560.0
01603000,03-18,762.0,862,1160,1830,3060,4720,7360.0
01603000,03-19,778.0,842,1180,1970,3010,5770,7470.0
01603000,03-20,802.0,857,1240,2060,3120,5480,8370.0
01603000,03-21,783.0,830,1210,2010,3800,7470,8620.0
01603000,03-22,764.0,804,1250,2010,4140,6310,7550.0
01603000,03-23,752.0,781,1270,2050,3820,5600,7460.0
01603000,03-24,712.0,833,1370,2180,3900,6480,9290.0
01603000,03-25,708.0,872,1210,2060,3970,5890,7880.0
01603000,03-26,683.0,893,1280,2050,3400,5450,7290.0
01603000,03-27,687.0,950,1270,2120,2950,4350,6670.0
01603000,03-28,675.0,955,1350,2070,2860,4560,8030.0
01603000,03-29,671.0,927,1250,2090,2810,5110,11400.0
01603000,03-30,787.0,918,1170,1800,2920,4960,7660.0
01603000,03-31,768.0,911,1180,1810,2910,6180,8150.0
01603000,04-01,688.0,877,1230,1840,2790,4980,8290.0
01603000,04-02,712.0,855,1210,2030,3050,5180,7150.0
01603000,04-03,680.0,848,1200,1920,3160,4860,6410.0
01603000,04-04,696.0,872,1150,1840,3350,4780,7780.0
01603000,04-05,696.0,833,1140,1760,2950,6210,7800.0
01603000,04-06,737.0,851,1110,1730,2820,4910,7200.0
01603000,04-07,764.0,887,1110,1810,2920,5000,7080.0
01603000,04-08,811.0,866,1110,1760,2760,5350,5800.0
01603000,04-09,733.0,832,1160,1890,3150,4430,5450.0
01603000,04-10,715.0,805,1160,2010,2990,4630,6810.0
01603000,04-11,701.0,775,1110,1850,2860,4840,6090.0
01603000,04-12,725.0,800,1100,1830,2780,4540,5480.0
01603000,04-13,733.0,797,1050,1690,3260,5160,7110.0
01603000,04-14,696.0,772,990,1680,2960,4800,7410.0
01603000,04-15,709.0,745,1020,1620,2830,5090,6750.0
01603000,04-16,692.0,730,990,1700,3250,5250,7350.0
01603000,04-17,646.0,718,1020,1590,2790,6230,10200.0
01603000,04-18,635.0,706,982,1640,2550,4980,7470.0
01603000,04-19,613.0,680,979,1540,2310,4710,6290.0
01603000,04-20,596.0,665,913,1550,2220,4070,11900.0
01603000,04-21,554.0,653,868,1520,2210,4500,8120.0
01603000,04-22,553.0,637,843,1500,2290,4310,5450.0
01603000,04-23,546.0,649,839,1430,2240,4320,4760.0
01603000,04-24,513.0,658,859,1320,2370,3630,4640.0
01603000,04-25,574.0,650,879,1340,2620,3980,5330.0
01603000,04-26,570.0,613,855,1320,2500,4470,6270.0
01603000,04-27,556.0,593,822,1340,2320,4030,5950.0
01603000,04-28,520.0,630,810,1390,2480,3910,7570.0
01603000,04-29,517.0,641,815,1300,2210,4740,6800.0
01603000,04-30,517.0,602,803,1220,2100,4530,5660.0
01603000,05-01,529.0,571,793,1260,2120,3910,5270.0
01603000,05-02,491.0,550,896,1300,2060,3340,5000.0
01603000,05-03,480.0,583,836,1290,2280,3560,4610.0
01603000,05-04,480.0,560,790,1300,2350,3620,4480.0
01603000,05-05,463.0,545,848,1520,2590,3850,6140.0
01603000,05-06,442.0,571,811,1530,2780,4580,7470.0
01603000,05-07,418.0,552,794,1560,2970,5320,8650.0
01603000,05-08,400.0,524,760,1560,2770,6170,9510.0
01603000,05-09,438.0,493,776,1550,3070,5950,7780.0
01603000,05-10,445.0,523,747,1460,2890,4710,7530.0
01603000,05-11,439.0,497,735,1380,2760,4770,6020.0
01603000,05-12,436.0,486,698,1240,2380,4730,7560.0
01603000,05-13,407.0,521,759,1350,2360,4760,7710.0
01603000,05-14,396.0,526,773,1400,2160,4150,7180.0
01603000,05-15,413.0,495,835,1600,2230,4640,5720.0
01603000,05-16,404.0,509,781,1500,2250,4640,6400.0
01603000,05-17,448.0,504,773,1410,2280,5440,6830.0
01603000,05-18,420.0,467,768,1320,2180,4090,5230.0
01603000,05-19,423.0,514,792,1260,2000,4090,5280.0
01603000,05-20,421.0,557,913,1170,1860,3470,4610.0
01603000,05-21,460.0,519,846,1260,2110,3420,6680.0
01603000,05-22,468.0,532,779,1160,2020,4020,5940.0
01603000,05-23,427.0,515,767,1090,1800,3520,5080.0
01603000,05-24,395.0,475,782,1040,1720,3260,4780.0
01603000,05-25,383.0,478,734,1040,1650,3400,4000.0
01603000,05-26,384.0,459,691,980,1580,2750,3820.0
01603000,05-27,353.0,455,676,928,1650,2710,3960.0
01603000,05-28,313.0,457,636,949,1730,2820,6570.0
01603000,05-29,299.0,391,664,1020,1710,3690,5660.0
01603000,05-30,272.0,380,628,978,1660,3060,5100.0
01603000,05-31,262.0,354,605,958,1560,2910,5230.0
01603000,06-01,246.0,331,516,873,1560,2980,4970.0
01603000,06-02,247.0,350,514,874,1400,2710,4350.0
01603000,06-03,224.0,339,547,829,1300,3110,4380.0
01603000,06-04,208.0,325,567,777,1250,2920,4170.0
01603000,06-05,197.0,316,529,789,1300,2950,5220.0
01603000,06-06,223.0,293,512,770,1330,2580,3970.0
01603000,06-07,213.0,300,496,738,1350,2540,3420.0
01603000,06-08,225.0,320,456,686,1280,2210,3520.0
01603000,06-09,220.0,333,461,685,1200,1800,2690.0
01603000,06-10,214.0,341,475,659,1090,1810,2430.0
01603000,06-11,234.0,327,460,696,1050,2250,3580.0
01603000,06-12,250.0,315,449,645,1060,2320,3690.0
01603000,06-13,243.0,294,466,603,1010,2150,3760.0
01603000,06-14,242.0,301,431,631,993,2000,3230.0
01603000,06-15,240.0,315,416,623,993,1770,2760.0
01603000,06-16,247.0,312,391,597,878,1630,2560.0
01603000,06-17,246.0,288,409,592,886,1430,2380.0
01603000,06-18,238.0,266,409,576,911,1870,3460.0
01603000,06-19,226.0,269,429,585,957,1940,3110.0
01603000,06-20,215.0,252,426,571,1140,2190,2710.0
01603000,06-21,200.0,239,400,570,1050,1960,3500.0
01603000,06-22,177.0,235,392,543,944,1900,3210.0
01603000,06-23,164.0,220,411,543,966,1680,2590.0
01603000,06-24,161.0,196,367,558,998,1620,2690.0
01603000,06-25,157.0,196,338,514,897,1330,1840.0
01603000,06-26,157.0,198,332,494,861,1150,1870.0
01603000,06-27,152.0,211,330,489,742,982,1710.0
01603000,06-28,160.0,213,327,473,709,1090,1910.0
01603000,06-29,161.0,207,302,428,741,1510,3380.0
01603000,06-30,163.0,184,306,413,648,1240,2190.0
01603000,07-01,144.0,191,290,404,609,1530,2990.0
01603000,07-02,148.0,180,277,412,622,1550,2640.0
01603000,07-03,147.0,193,268,439,649,1120,1600.0
01603000,07-04,140.0,188,267,466,688,1230,1850.0
01603000,07-05,139.0,179,265,420,687,1370,1800.0
01603000,07-06,160.0,182,259,406,719,1360,1840.0
01603000,07-07,166.0,179,248,410,697,1300,1810.0
01603000,07-08,153.0,178,243,411,726,1300,1770.0
01603000,07-09,146.0,160,234,444,714,1270,1610.0
01603000,07-10,144.0,161,241,436,732,1310,1710.0
01603000,07-11,133.0,157,248,397,582,1180,1710.0
01603000,07-12,133.0,149,275,414,585,1000,1530.0
01603000,07-13,140.0,174,276,410,619,1160,1460.0
01603000,07-14,139.0,193,284,394,588,947,1440.0
01603000,07-15,145.0,182,280,401,537,910,1380.0
01603000,07-16,142.0,163,254,361,543,912,1010.0
01603000,07-17,143.0,162,241,353,520,834,978.0
01603000,07-18,134.0,148,215,356,557,766,926.0
01603000,07-19,132.0,153,204,360,508,724,1210.0
01603000,07-20,125.0,156,218,398,495,650,1140.0
01603000,07-21,107.0,166,207,388,500,689,1140.0
01603000,07-22,112.0,167,222,386,529,700,1390.0
01603000,07-23,128.0,165,233,380,514,809,1650.0
01603000,07-24,129.0,150,240,370,504,878,1410.0
01603000,07-25,125.0,149,239,367,494,708,1320.0
01603000,07-26,123.0,147,215,369,456,654,876.0
01603000,07-27,127.0,148,227,366,504,702,1360.0
01603000,07-28,127.0,145,219,373,491,645,1350.0
01603000,07-29,122.0,134,221,371,524,1170,1770.0
01603000,07-30,108.0,133,226,350,522,1110,1970.0
01603000,07-31,109.0,151,209,341,551,815,1590.0
01603000,08-01,102.0,146,192,338,516,1140,1260.0
01603000,08-02,89.0,148,180,343,504,892,1410.0
01603000,08-03,114.0,143,182,339,504,890,1580.0
01603000,08-04,104.0,139,218,334,508,783,1510.0
01603000,08-05,114.0,138,250,342,494,776,1590.0
01603000,08-06,111.0,141,215,341,495,931,1280.0
01603000,08-07,107.0,144,212,340,467,1030,1550.0
01603000,08-08,113.0,125,206,327,460,827,1510.0
01603000,08-09,98.0,140,214,320,447,962,1410.0
01603000,08-10,106.0,138,209,319,438,793,1070.0
01603000,08-11,116.0,137,215,326,441,794,1050.0
01603000,08-12,108.0,145,202,329,435,804,964.0
01603000,08-13,102.0,146,199,353,480,877,1260.0
01603000,08-14,106.0,131,207,345,473,784,1070.0
01603000,08-15,98.0,134,194,334,445,730,1410.0
01603000,08-16,101.0,140,205,349,469,642,891.0
01603000,08-17,103.0,133,197,346,473,820,1190.0
01603000,08-18,107.0,133,190,327,532,1130,1620.0
01603000,08-19,109.0,130,186,330,465,937,1550.0
01603000,08-20,101.0,137,186,334,497,704,1490.0
01603000,08-21,107.0,141,172,329,489,1010,1580.0
01603000,08-22,118.0,138,169,331,481,1050,1590.0
01603000,08-23,108.0,128,173,310,494,1130,1370.0
01603000,08-24,111.0,133,195,330,581,1120,1930.0
01603000,08-25,104.0,127,197,322,560,1090,1450.0
01603000,08-26,102.0,134,188,334,506,879,1100.0
01603000,08-27,105.0,136,182,339,556,842,1020.0
01603000,08-28,105.0,128,183,348,577,762,1050.0
01603000,08-29,109.0,127,178,334,547,808,973.0
01603000,08-30,94.0,125,203,327,513,769,1100.0
01603000,08-31,85.0,127,192,324,520,767,1010.0
01603000,09-01,86.0,122,186,316,521,732,894.0
01603000,09-02,103.0,117,199,313,495,660,1070.0
01603000,09-03,103.0,125,175,326,476,848,1290.0
01603000,09-04,99.0,126,174,326,472,719,1100.0
01603000,09-05,90.0,116,199,329,442,636,1040.0
01603000,09-06,87.0,123,213,339,481,795,2300.0
01603000,09-07,85.0,124,198,325,509,770,2110.0
01603000,09-08,83.0,119,195,322,498,698,1980.0
01603000,09-09,92.0,117,182,308,431,783,2320.0
01603000,09-10,100.0,121,185,295,410,698,1600.0
01603000,09-11,93.0,116,196,277,414,601,1390.0
01603000,09-12,85.0,113,204,294,451,598,1140.0
01603000,09-13,82.0,118,193,314,456,882,1430.0
01603000,09-14,96.0,114,198,317,426,714,1300.0
01603000,09-15,93.0,127,201,304,440,887,1110.0
01603000,09-16,90.0,128,195,319,419,815,1280.0
01603000,09-17,90.0,127,193,304,433,1010,1630.0
01603000,09-18,97.0,118,188,313,473,898,2060.0
01603000,09-19,86.0,132,189,312,490,928,3400.0
01603000,09-20,83.0,129,195,322,462,938,2400.0
01603000,09-21,91.0,125,202,313,508,748,1620.0
01603000,09-22,83.0,125,197,310,477,851,1910.0
01603000,09-23,82.0,124,189,305,428,874,2430.0
01603000,09-24,79.0,128,185,285,432,984,1970.0
01603000,09-25,76.0,121,184,282,480,965,1620.0
01603000,09-26,75.0,117,174,273,394,888,2360.0
01603000,09-27,74.0,108,174,276,452,848,1820.0
01603000,09-28,76.0,111,180,312,507,950,1730.0
01603000,09-29,75.0,116,192,337,548,1000,1430.0
01603000,09-30,81.0,122,209,334,554,1070,1450.0
01603000,10-01,88.0,124,204,340,577,1120,1610.0
01603000,10-02,95.0,133,207,334,544,1070,1460.0
01603000,10-03,95.0,134,197,326,504,923,1450.0
01603000,10-04,93.0,131,191,310,480,857,1460.0
01603000,10-05,93.0,125,193,319,484,793,1140.0
01603000,10-06,94.0,118,196,320,481,802,1900.0
01603000,10-07,92.0,129,199,333,486,787,1250.0
01603000,10-08,100.0,121,200,351,492,1020,1720.0
01603000,10-09,102.0,125,197,334,478,900,1820.0
01603000,10-10,103.0,123,192,324,467,969,1210.0
01603000,10-11,94.0,118,186,320,465,934,1290.0
01603000,10-12,93.0,120,187,323,460,815,1510.0
01603000,10-13,91.0,118,186,314,426,801,1330.0
01603000,10-14,90.0,120,201,315,454,1100,2070.0
01603000,10-15,90.0,120,194,311,444,1200,2100.0
01603000,10-16,93.0,122,190,307,438,791,1600.0
01603000,10-17,103.0,121,192,324,419,963,1740.0
01603000,10-18,113.0,121,194,319,470,1210,2300.0
01603000,10-19,113.0,128,213,327,406,1410,1830.0
01603000,10-20,112.0,136,202,329,409,1120,2140.0
01603000,10-21,106.0,129,202,326,464,1540,2190.0
01603000,10-22,103.0,130,202,324,470,1160,1870.0
01603000,10-23,103.0,129,199,332,442,1360,1880.0
01603000,10-24,109.0,128,195,334,506,1360,1740.0
01603000,10-25,99.0,127,208,338,521,1240,1900.0
01603000,10-26,100.0,136,213,341,658,1140,1530.0
01603000,10-27,97.0,138,211,334,568,1180,1550.0
01603000,10-28,114.0,148,223,350,525,1220,2110.0
01603000,10-29,111.0,143,218,377,757,1430,1810.0
01603000,10-30,111.0,141,235,382,778,1800,2240.0
01603000,10-31,110.0,137,218,388,774,1200,2450.0
01603000,11-01,119.0,142,209,370,760,1130,2390.0
01603000,11-02,118.0,140,241,402,732,1520,2280.0
01603000,11-03,135.0,142,242,408,733,1590,2170.0
01603000,11-04,133.0,157,289,399,834,1460,2410.0
01603000,11-05,126.0,147,273,396,801,1770,2410.0
01603000,11-06,127.0,147,252,416,855,1600,2090.0
01603000,11-07,133.0,160,266,408,888,1750,2050.0
01603000,11-08,141.0,182,273,416,961,1670,3250.0
01603000,11-09,140.0,177,282,416,840,1650,3700.0
01603000,11-10,128.0,168,265,440,823,2170,3940.0
01603000,11-11,125.0,166,261,434,788,1840,3170.0
01603000,11-12,125.0,156,278,449,975,1850,2930.0
01603000,11-13,130.0,151,265,455,907,1610,2530.0
01603000,11-14,125.0,148,263,462,815,1750,2370.0
01603000,11-15,123.0,150,268,474,749,1750,2450.0
01603000,11-16,140.0,165,275,473,805,1750,2550.0
01603000,11-17,133.0,173,280,457,875,1700,2660.0
01603000,11-18,131.0,157,285,441,838,1470,2750.0
01603000,11-19,130.0,157,291,457,837,1890,2430.0
01603000,11-20,137.0,191,280,430,840,2040,3550.0
01603000,11-21,128.0,178,285,459,929,2310,2730.0
01603000,11-22,136.0,177,292,473,1020,1960,3770.0
01603000,11-23,146.0,193,294,458,918,1850,3630.0
01603000,11-24,160.0,198,303,480,949,1810,2780.0
01603000,11-25,182.0,203,305,473,944,1940,3130.0
01603000,11-26,157.0,189,350,502,980,1860,2830.0
01603000,11-27,146.0,186,330,519,987,1750,2610.0
01603000,11-28,145.0,174,331,557,1010,2300,3090.0
01603000,11-29,162.0,203,329,593,1380,3040,3570.0
01603000,11-30,178.0,204,349,557,1610,2950,4110.0
01603000,12-01,154.0,204,347,536,1500,2910,3980.0
01603000,12-02,145.0,210,345,568,1430,2580,4680.0
01603000,12-03,141.0,207,324,615,1430,2080,3550.0
01603000,12-04,162.0,208,353,596,1430,2590,3140.0
01603000,12-05,155.0,206,370,602,1310,2450,3740.0
01603000,12-06,146.0,227,388,599,1240,2270,3370.0
01603000,12-07,177.0,218,400,751,1310,2240,3710.0
01603000,12-08,184.0,259,353,711,1300,3010,4890.0
01603000,12-09,172.0,253,428,777,1500,2870,4460.0
01603000,12-10,174.0,251,442,737,1350,2790,3670.0
01603000,12-11,162.0,230,461,819,1580,2970,3690.0
01603000,12-12,171.0,246,456,833,1660,3020,3490.0
01603000,12-13,154.0,212,458,907,1630,2980,4350.0
01603000,12-14,205.0,256,464,931,1720,3170,4190.0
01603000,12-15,204.0,282,466,889,1820,3060,3980.0
01603000,12-16,201.0,265,451,945,1660,3130,4040.0
01603000,12-17,201.0,251,460,973,1730,2810,3380.0
01603000,12-18,187.0,246,505,970,1710,2880,3980.0
01603000,12-19,173.0,250,473,881,1760,2880,3970.0
01603000,12-20,165.0,251,499,863,1720,2290,3220.0
01603000,12-21,152.0,240,498,896,1770,2450,3210.0
01603000,12-22,188.0,248,482,833,1570,3130,3820.0
01603000,12-23,187.0,283,504,943,1600,2570,3590.0
01603000,12-24,189.0,303,519,917,1630,2730,3970.0
01603000,12-25,219.0,295,536,974,1820,3210,4570.0
01603000,12-26,176.0,303,550,1050,1960,3310,4180.0
01603000,12-27,177.0,287,556,1060,1790,3030,3970.0
01603000,12-28,182.0,284,532,1040,1850,2880,3970.0
01603000,12-29,215.0,279,571,1080,2000,2660,3580.0
01603000,12-30,217.0,273,564,1080,1880,2970,3390.0
01603000,12-31,211.0,272,496,1210,1770,3140,5250.0
