SiteCode,MonthDay,p05,p10,p25,p50,p75,p90,p95
01541200,01-01,201.0,254.0,338.0,624,1170.0,2330.0,2470.0
01541200,01-02,223.0,266.0,373.0,604,1150.0,2380.0,3170.0
01541200,01-03,225.0,268.0,392.0,563,1020.0,2130.0,3120.0
01541200,01-04,194.0,260.0,359.0,553,1340.0,2270.0,3420.0
01541200,01-05,195.0,260.0,334.0,556,1360.0,2070.0,3210.0
01541200,01-06,163.0,194.0,298.0,523,1240.0,2080.0,3310.0
01541200,01-07,187.0,231.0,295.0,482,1110.0,1590.0,2770.0
01541200,01-08,208.0,247.0,303.0,472,988.0,1530.0,3030.0
01541200,01-09,201.0,220.0,318.0,527,949.0,1580.0,3880.0
01541200,01-10,198.0,241.0,296.0,552,833.0,2210.0,2530.0
01541200,01-11,221.0,239.0,297.0,500,758.0,1490.0,2690.0
01541200,01-12,205.0,247.0,321.0,487,838.0,1400.0,1690.0
01541200,01-13,200.0,231.0,324.0,563,955.0,1370.0,1930.0
01541200,01-14,200.0,233.0,319.0,510,1020.0,1760.0,2580.0
01541200,01-15,207.0,222.0,302.0,511,992.0,1620.0,2200.0
01541200,01-16,191.0,231.0,281.0,520,873.0,1340.0,1570.0
01541200,01-17,201.0,215.0,256.0,447,955.0,1170.0,1740.0
01541200,01-18,167.0,180.0,254.0,443,823.0,1480.0,2390.0
01541200,01-19,156.0,184.0,275.0,465,791.0,1450.0,2010.0
01541200,01-20,171.0,198.0,270.0,475,917.0,1390.0,2640.0
01541200,01-21,175.0,190.0,258.0,427,865.0,1820.0,2490.0
01541200,01-22,180.0,197.0,268.0,390,789.0,1660.0,2770.0
01541200,01-23,182.0,206.0,281.0,378,845.0,1600.0,2660.0
01541200,01-24,172.0,205.0,274.0,411,1020.0,1720.0,3190.0
01541200,01-25,166.0,214.0,271.0,414,1230.0,1970.0,2620.0
01541200,01-26,172.0,212.0,267.0,522,1080.0,2510.0,3970.0
01541200,01-27,160.0,206.0,298.0,548,1060.0,2260.0,4330.0
01541200,01-28,164.0,205.0,290.0,587,1010.0,2220.0,4320.0
01541200,01-29,161.0,176.0,290.0,550,1070.0,2070.0,3300.0
01541200,01-30,160.0,170.0,306.0,553,1050.0,2110.0,2750.0
01541200,01-31,155.0,165.0,307.0,520,1080.0,2110.0,3080.0
01541200,02-01,140.0,167.0,309.0,604,946.0,1800.0,3490.0
01541200,02-02,143.0,172.0,336.0,584,984.0,1910.0,2890.0
01541200,02-03,151.0,224.0,359.0,650,988.0,2390.0,3170.0
01541200,02-04,155.0,221.0,356.0,637,1150.0,2540.0,3370.0
01541200,02-05,156.0,196.0,319.0,636,1200.0,2780.0,3390.0
01541200,02-06,157.0,186.0,326.0,578,1130.0,2940.0,3790.0
01541200,02-07,150.0,201.0,350.0,546,1030.0,2570.0,3680.0
01541200,02-08,150.0,204.0,343.0,520,1040.0,2100.0,3670.0
01541200,02-09,150.0,200.0,352.0,484,967.0,1870.0,2760.0
01541200,02-10,150.0,172.0,322.0,453,903.0,1980.0,2450.0
01541200,02-11,153.0,202.0,329.0,496,930.0,1690.0,2970.0
01541200,02-12,169.0,256.0,311.0,473,1040.0,1610.0,2300.0
01541200,02-13,195.0,254.0,319.0,436,953.0,1650.0,2780.0
01541200,02-14,196.0,230.0,321.0,440,874.0,1190.0,2900.0
01541200,02-15,163.0,227.0,328.0,430,846.0,1970.0,2210.0
01541200,02-16,234.0,277.0,352.0,554,832.0,1990.0,2890.0
01541200,02-17,248.0,271.0,360.0,620,1170.0,2180.0,3740.0
01541200,02-18,235.0,267.0,349.0,695,1170.0,1950.0,3770.0
01541200,02-19,231.0,247.0,335.0,624,1200.0,2430.0,4190.0
01541200,02-20,240.0,269.0,330.0,666,1270.0,2900.0,4010.0
01541200,02-21,241.0,267.0,332.0,740,1490.0,3160.0,3910.0
01541200,02-22,242.0,277.0,342.0,715,1590.0,3590.0,4210.0
01541200,02-23,241.0,277.0,498.0,755,1520.0,3460.0,4490.0
01541200,02-24,267.0,329.0,505.0,841,1330.0,2950.0,4290.0
01541200,02-25,245.0,294.0,454.0,805,1600.0,3270.0,3990.0
01541200,02-26,258.0,281.0,389.0,718,1470.0,3460.0,3880.0
01541200,02-27,214.0,281.0,411.0,688,1220.0,3150.0,3660.0
01541200,02-28,224.0,269.0,419.0,666,1190.0,2960.0,3740.0
01541200,02-29,,291.0,496.0,939,1350.0,2920.0,
01541200,03-01,226.0,277.0,420.0,654,1630.0,3050.0,3890.0
01541200,03-02,237.0,273.0,458.0,753,1630.0,3340.0,3970.0
01541200,03-03,252.0,282.0,465.0,760,1700.0,3310.0,3790.0
01541200,03-04,265.0,329.0,453.0,827,1640.0,2800.0,3630.0
01541200,03-05,269.0,328.0,511.0,972,1590.0,2990.0,4220.0
01541200,03-06,267.0,295.0,502.0,935,1920.0,2830.0,3710.0
01541200,03-07,267.0,339.0,586.0,975,1630.0,3020.0,4230.0
01541200,03-08,269.0,341.0,525.0,909,1530.0,2530.0,4270.0
01541200,03-09,275.0,372.0,511.0,1030,1490.0,2350.0,4270.0
01541200,03-10,323.0,438.0,538.0,956,1750.0,2460.0,3220.0
01541200,03-11,349.0,509.0,707.0,1020,1500.0,2510.0,3930.0
01541200,03-12,324.0,494.0,730.0,1060,1820.0,2850.0,3950.0
01541200,03-13,396.0,536.0,774.0,1060,1860.0,3260.0,3680.0
01541200,03-14,401.0,494.0,688.0,1020,1930.0,3540.0,3790.0
01541200,03-15,322.0,426.0,630.0,1010,2260.0,3400.0,4290.0
01541200,03-16,395.0,501.0,614.0,976,2330.0,3450.0,4660.0
01541200,03-17,455.0,509.0,661.0,995,1830.0,3560.0,4400.0
01541200,03-18,434.0,500.0,661.0,925,1740.0,3130.0,3980.0
01541200,03-19,368.0,474.0,641.0,904,1680.0,2610.0,3200.0
01541200,03-20,381.0,442.0,637.0,890,2000.0,2650.0,3310.0
01541200,03-21,393.0,441.0,604.0,940,1720.0,2860.0,3530.0
01541200,03-22,356.0,433.0,588.0,992,1990.0,3130.0,3440.0
01541200,03-23,348.0,418.0,593.0,984,1800.0,2940.0,3480.0
01541200,03-24,323.0,428.0,593.0,1030,1560.0,2410.0,3880.0
01541200,03-25,348.0,398.0,531.0,914,1650.0,2760.0,3350.0
01541200,03-26,365.0,389.0,570.0,968,1500.0,2430.0,3950.0
01541200,03-27,315.0,376.0,532.0,890,1360.0,2600.0,4270.0
01541200,03-28,315.0,371.0,592.0,860,1410.0,2330.0,3570.0
01541200,03-29,158.0,336.0,521.0,836,1590.0,2400.0,3070.0
01541200,03-30,157.0,336.0,514.0,849,1440.0,2380.0,3900.0
01541200,03-31,267.0,385.0,547.0,865,1470.0,2160.0,3980.0
01541200,04-01,267.0,341.0,623.0,945,1480.0,2810.0,4290.0
01541200,04-02,265.0,316.0,641.0,985,1400.0,2880.0,4150.0
01541200,04-03,230.0,314.0,587.0,877,1480.0,2810.0,4100.0
01541200,04-04,306.0,437.0,675.0,914,1570.0,3250.0,3890.0
01541200,04-05,163.0,389.0,654.0,1040,2210.0,3420.0,3890.0
01541200,04-06,268.0,452.0,609.0,1080,2020.0,3980.0,4140.0
01541200,04-07,400.0,516.0,633.0,1030,1740.0,3650.0,4050.0
01541200,04-08,371.0,456.0,592.0,1060,1650.0,3680.0,4060.0
01541200,04-09,419.0,448.0,650.0,1040,1440.0,3290.0,4230.0
01541200,04-10,349.0,417.0,581.0,973,1830.0,2950.0,4120.0
01541200,04-11,343.0,408.0,570.0,980,1740.0,2750.0,4180.0
01541200,04-12,293.0,397.0,625.0,926,1280.0,2270.0,2920.0
01541200,04-13,293.0,390.0,567.0,883,1490.0,1790.0,2150.0
01541200,04-14,341.0,409.0,542.0,770,1260.0,1660.0,3150.0
01541200,04-15,341.0,393.0,542.0,716,1190.0,2560.0,3180.0
01541200,04-16,341.0,426.0,509.0,806,1540.0,2540.0,3480.0
01541200,04-17,316.0,377.0,502.0,717,1630.0,2970.0,3510.0
01541200,04-18,318.0,392.0,447.0,713,1330.0,2340.0,3600.0
01541200,04-19,330.0,360.0,435.0,779,1070.0,1910.0,3590.0
01541200,04-20,279.0,346.0,428.0,705,1100.0,2010.0,3870.0
01541200,04-21,261.0,308.0,392.0,730,1100.0,1940.0,3000.0
01541200,04-22,261.0,307.0,368.0,648,1110.0,1840.0,2860.0
01541200,04-23,249.0,302.0,369.0,585,1040.0,1760.0,2840.0
01541200,04-24,263.0,293.0,343.0,584,1080.0,1470.0,2180.0
01541200,04-25,221.0,291.0,350.0,544,1060.0,1450.0,2400.0
01541200,04-26,207.0,244.0,327.0,554,984.0,1660.0,3050.0
01541200,04-27,168.0,196.0,296.0,549,1010.0,1770.0,3180.0
01541200,04-28,99.0,172.0,299.0,527,877.0,1580.0,3150.0
01541200,04-29,82.0,137.0,297.0,526,875.0,1830.0,2570.0
01541200,04-30,90.0,145.0,324.0,492,895.0,1590.0,2170.0
01541200,05-01,108.0,145.0,283.0,486,881.0,1690.0,2240.0
01541200,05-02,122.0,179.0,287.0,494,1060.0,1790.0,2010.0
01541200,05-03,138.0,165.0,266.0,493,1020.0,1370.0,1790.0
01541200,05-04,140.0,164.0,273.0,527,967.0,1350.0,1570.0
01541200,05-05,129.0,231.0,307.0,610,932.0,1740.0,2120.0
01541200,05-06,161.0,252.0,312.0,605,847.0,1650.0,2050.0
01541200,05-07,157.0,245.0,297.0,548,873.0,1620.0,1920.0
01541200,05-08,160.0,250.0,323.0,531,868.0,1470.0,2110.0
01541200,05-09,219.0,262.0,321.0,512,908.0,1850.0,2010.0
01541200,05-10,221.0,276.0,335.0,560,1210.0,1850.0,2470.0
01541200,05-11,223.0,264.0,335.0,565,994.0,1640.0,3770.0
01541200,05-12,224.0,269.0,375.0,577,1110.0,2030.0,2890.0
01541200,05-13,188.0,237.0,355.0,522,1360.0,2270.0,2800.0
01541200,05-14,178.0,230.0,327.0,623,1190.0,2590.0,3200.0
01541200,05-15,182.0,224.0,337.0,650,1150.0,1770.0,2840.0
01541200,05-16,191.0,211.0,333.0,671,1080.0,2120.0,2190.0
01541200,05-17,182.0,194.0,303.0,643,1050.0,1640.0,2260.0
01541200,05-18,193.0,208.0,342.0,566,920.0,1760.0,2450.0
01541200,05-19,196.0,216.0,320.0,588,975.0,1660.0,2810.0
01541200,05-20,184.0,212.0,321.0,548,907.0,1690.0,2050.0
01541200,05-21,197.0,238.0,313.0,548,949.0,1540.0,2010.0
01541200,05-22,186.0,252.0,318.0,543,897.0,1240.0,1890.0
01541200,05-23,199.0,217.0,292.0,516,804.0,1300.0,2670.0
01541200,05-24,185.0,201.0,296.0,584,779.0,1320.0,2390.0
01541200,05-25,176.0,196.0,275.0,567,807.0,1600.0,3070.0
01541200,05-26,174.0,191.0,261.0,471,673.0,1380.0,2570.0
01541200,05-27,159.0,173.0,271.0,438,702.0,1220.0,1670.0
01541200,05-28,161.0,177.0,262.0,439,663.0,1090.0,1490.0
01541200,05-29,140.0,169.0,272.0,444,719.0,1530.0,1960.0
01541200,05-30,126.0,166.0,264.0,401,692.0,1210.0,3090.0
01541200,05-31,113.0,164.0,241.0,390,592.0,973.0,2760.0
01541200,06-01,103.0,172.0,242.0,399,583.0,914.0,2850.0
01541200,06-02,102.0,160.0,231.0,389,653.0,1150.0,1350.0
01541200,06-03,92.0,171.0,240.0,357,605.0,800.0,1110.0
01541200,06-04,89.0,171.0,241.0,344,626.0,966.0,1080.0
01541200,06-05,115.0,168.0,233.0,323,692.0,912.0,1360.0
01541200,06-06,135.0,167.0,227.0,370,623.0,1030.0,1440.0
01541200,06-07,123.0,149.0,234.0,345,562.0,701.0,1080.0
01541200,06-08,111.0,129.0,216.0,316,529.0,1000.0,1420.0
01541200,06-09,103.0,156.0,193.0,343,524.0,1040.0,1220.0
01541200,06-10,110.0,137.0,193.0,324,503.0,994.0,1490.0
01541200,06-11,104.0,141.0,190.0,263,463.0,817.0,1160.0
01541200,06-12,121.0,146.0,182.0,281,497.0,876.0,1310.0
01541200,06-13,133.0,143.0,182.0,321,578.0,894.0,1490.0
01541200,06-14,106.0,140.0,175.0,292,692.0,1140.0,1400.0
01541200,06-15,110.0,141.0,193.0,283,617.0,1210.0,2030.0
01541200,06-16,98.0,126.0,175.0,294,566.0,1210.0,1640.0
01541200,06-17,81.0,106.0,174.0,306,585.0,932.0,1110.0
01541200,06-18,78.0,98.0,168.0,308,574.0,1120.0,1310.0
01541200,06-19,89.0,100.0,161.0,279,565.0,1210.0,1550.0
01541200,06-20,96.0,103.0,177.0,282,602.0,1310.0,2130.0
01541200,06-21,92.0,98.0,179.0,278,528.0,1490.0,2350.0
01541200,06-22,83.0,99.0,149.0,266,698.0,1270.0,1660.0
01541200,06-23,72.0,87.0,163.0,263,600.0,1170.0,1580.0
01541200,06-24,71.0,91.0,162.0,268,537.0,841.0,1510.0
01541200,06-25,72.0,99.0,156.0,272,419.0,882.0,1350.0
01541200,06-26,75.0,90.0,141.0,292,461.0,828.0,1310.0
01541200,06-27,73.0,92.0,142.0,275,470.0,843.0,1480.0
01541200,06-28,73.0,98.0,141.0,258,438.0,1170.0,1890.0
01541200,06-29,73.0,97.0,141.0,220,481.0,1370.0,3220.0
01541200,06-30,73.0,97.0,148.0,250,404.0,846.0,3520.0
01541200,07-01,74.0,97.0,140.0,258,442.0,875.0,2830.0
01541200,07-02,74.0,96.0,143.0,237,429.0,993.0,2180.0
01541200,07-03,74.0,93.0,129.0,229,400.0,729.0,1590.0
01541200,07-04,74.0,92.0,128.0,231,396.0,682.0,1190.0
01541200,07-05,72.0,90.0,134.0,229,292.0,605.0,1020.0
01541200,07-06,69.0,85.0,133.0,207,325.0,682.0,1020.0
01541200,07-07,72.0,84.0,120.0,211,310.0,687.0,1720.0
01541200,07-08,72.0,80.0,117.0,216,373.0,1390.0,1550.0
01541200,07-09,72.0,79.0,121.0,223,369.0,1150.0,1810.0
01541200,07-10,72.0,78.0,133.0,207,364.0,845.0,1030.0
01541200,07-11,73.0,82.0,141.0,209,370.0,743.0,1900.0
01541200,07-12,72.0,90.0,136.0,194,481.0,725.0,1820.0
01541200,07-13,68.0,76.0,114.0,202,404.0,1000.0,1420.0
01541200,07-14,68.0,75.0,108.0,196,450.0,1040.0,1550.0
01541200,07-15,68.0,74.0,106.0,156,473.0,974.0,1920.0
01541200,07-16,67.0,73.0,99.0,166,384.0,676.0,1250.0
01541200,07-17,66.0,72.0,111.0,176,381.0,718.0,952.0
01541200,07-18,65.0,74.0,122.0,162,347.0,606.0,976.0
01541200,07-19,65.0,78.0,108.0,150,339.0,574.0,781.0
01541200,07-20,64.0,69.0,110.0,159,330.0,559.0,704.0
01541200,07-21,65.0,69.0,118.0,187,328.0,687.0,1780.0
01541200,07-22,56.0,74.0,113.0,192,334.0,816.0,1120.0
01541200,07-23,48.0,77.0,112.0,183,282.0,610.0,1300.0
01541200,07-24,52.0,86.0,111.0,172,308.0,557.0,1000.0
01541200,07-25,61.0,90.0,110.0,193,298.0,553.0,728.0
01541200,07-26,63.0,73.0,107.0,183,298.0,514.0,963.0
01541200,07-27,65.0,80.0,115.0,169,308.0,659.0,1590.0
01541200,07-28,66.0,79.0,122.0,177,314.0,689.0,1300.0
01541200,07-29,66.0,84.0,113.0,178,374.0,807.0,1380.0
01541200,07-30,69.0,76.0,107.0,157,374.0,757.0,993.0
01541200,07-31,67.0,72.0,106.0,166,319.0,632.0,1560.0
01541200,08-01,60.0,75.0,97.0,165,254.0,889.0,1840.0
01541200,08-02,60.0,68.0,92.0,159,243.0,596.0,982.0
01541200,08-03,61.0,69.0,86.0,145,225.0,685.0,776.0
01541200,08-04,60.0,72.0,91.0,148,257.0,502.0,731.0
01541200,08-05,62.0,74.0,95.0,141,224.0,484.0,853.0
01541200,08-06,61.0,70.0,90.0,147,227.0,394.0,748.0
01541200,08-07,54.0,66.0,92.0,160,264.0,583.0,941.0
01541200,08-08,60.0,70.0,89.0,171,261.0,648.0,1330.0
01541200,08-09,63.0,72.0,89.0,165,247.0,815.0,1230.0
01541200,08-10,60.0,67.0,78.0,163,222.0,901.0,1230.0
01541200,08-11,53.0,63.0,78.0,159,290.0,1010.0,1880.0
01541200,08-12,54.0,68.0,81.0,162,334.0,1150.0,1850.0
01541200,08-13,53.0,65.0,81.0,149,299.0,817.0,1930.0
01541200,08-14,54.0,66.0,86.0,140,279.0,593.0,1160.0
01541200,08-15,56.0,71.0,80.0,141,258.0,588.0,1530.0
01541200,08-16,45.0,72.0,87.0,138,260.0,584.0,836.0
01541200,08-17,56.0,70.0,89.0,137,270.0,475.0,713.0
01541200,08-18,64.0,71.0,94.0,135,276.0,614.0,1130.0
01541200,08-19,65.0,72.0,93.0,134,252.0,663.0,1360.0
01541200,08-20,65.0,73.0,86.0,128,273.0,564.0,849.0
01541200,08-21,65.0,67.0,83.0,147,288.0,954.0,1570.0
01541200,08-22,62.0,66.0,80.0,149,325.0,1000.0,1750.0
01541200,08-23,58.0,65.0,79.0,141,263.0,622.0,941.0
01541200,08-24,60.0,67.0,80.0,141,267.0,541.0,769.0
01541200,08-25,60.0,68.0,80.0,141,263.0,417.0,538.0
01541200,08-26,59.0,68.0,88.0,133,204.0,411.0,487.0
01541200,08-27,59.0,66.0,85.0,131,212.0,374.0,418.0
01541200,08-28,58.0,70.0,90.0,148,264.0,390.0,642.0
01541200,08-29,57.0,69.0,92.0,151,258.0,525.0,786.0
01541200,08-30,59.0,64.0,101.0,157,267.0,592.0,1030.0
01541200,08-31,55.0,69.0,92.0,151,241.0,484.0,739.0
01541200,09-01,55.0,61.0,88.0,140,239.0,409.0,1290.0
01541200,09-02,59.0,60.0,89.0,126,225.0,925.0,1130.0
01541200,09-03,54.0,63.0,88.0,128,235.0,934.0,1630.0
01541200,09-04,52.0,62.0,82.0,132,234.0,683.0,1540.0
01541200,09-05,58.0,61.0,76.0,135,232.0,575.0,862.0
01541200,09-06,57.0,62.0,74.0,128,232.0,441.0,1010.0
01541200,09-07,56.0,62.0,73.0,121,230.0,666.0,1450.0
01541200,09-08,56.0,61.0,85.0,130,230.0,665.0,857.0
01541200,09-09,56.0,57.0,75.0,134,283.0,626.0,1350.0
01541200,09-10,52.0,58.0,73.0,130,298.0,571.0,2120.0
01541200,09-11,47.0,58.0,91.0,126,227.0,572.0,1160.0
01541200,09-12,49.0,59.0,85.0,135,251.0,542.0,916.0
01541200,09-13,49.0,59.0,79.0,133,272.0,585.0,1940.0
01541200,09-14,50.0,59.0,82.0,137,362.0,838.0,1390.0
01541200,09-15,50.0,58.0,81.0,132,381.0,947.0,1380.0
01541200,09-16,56.0,59.0,80.0,141,286.0,816.0,1830.0
01541200,09-17,52.0,60.0,74.0,141,318.0,668.0,1730.0
01541200,09-18,53.0,60.0,78.0,135,341.0,790.0,1760.0
01541200,09-19,49.0,57.0,70.0,142,375.0,963.0,2420.0
01541200,09-20,51.0,59.0,69.0,145,299.0,775.0,1780.0
01541200,09-21,53.0,60.0,70.0,141,296.0,730.0,1300.0
01541200,09-22,56.0,60.0,76.0,137,299.0,584.0,1040.0
01541200,09-23,58.0,61.0,77.0,142,300.0,777.0,1640.0
01541200,09-24,61.0,63.0,82.0,160,309.0,842.0,1480.0
01541200,09-25,59.0,64.0,79.0,146,327.0,723.0,1160.0
01541200,09-26,60.0,66.0,82.0,135,278.0,449.0,760.0
01541200,09-27,61.0,67.0,87.0,140,324.0,608.0,955.0
01541200,09-28,59.0,62.0,82.0,149,387.0,770.0,1120.0
01541200,09-29,59.0,63.0,82.0,156,403.0,1140.0,1470.0
01541200,09-30,55.0,64.0,88.0,201,368.0,1180.0,1940.0
01541200,10-01,52.0,63.0,76.0,195,384.0,805.0,1380.0
01541200,10-02,43.0,59.0,82.0,196,352.0,798.0,1270.0
01541200,10-03,55.0,62.0,92.0,174,372.0,782.0,1190.0
01541200,10-04,57.0,64.0,89.0,171,410.0,617.0,1590.0
01541200,10-05,47.0,64.0,89.0,168,325.0,681.0,1410.0
01541200,10-06,48.0,63.0,89.0,149,338.0,699.0,1920.0
01541200,10-07,51.0,66.0,99.0,138,326.0,629.0,1300.0
01541200,10-08,54.0,64.0,110.0,155,326.0,568.0,902.0
01541200,10-09,54.0,68.0,101.0,158,308.0,638.0,1120.0
01541200,10-10,52.0,68.0,100.0,142,279.0,563.0,1740.0
01541200,10-11,47.0,64.0,97.0,145,267.0,992.0,1470.0
01541200,10-12,42.0,62.0,96.0,138,252.0,855.0,1370.0
01541200,10-13,47.0,64.0,85.0,135,242.0,769.0,970.0
01541200,10-14,42.0,61.0,99.0,148,258.0,647.0,835.0
01541200,10-15,43.0,60.0,89.0,139,273.0,809.0,1110.0
01541200,10-16,44.0,62.0,94.0,144,277.0,842.0,1010.0
01541200,10-17,48.0,61.0,97.0,150,308.0,577.0,714.0
01541200,10-18,48.0,71.0,102.0,149,327.0,705.0,1810.0
01541200,10-19,47.0,67.0,99.0,144,290.0,981.0,1610.0
01541200,10-20,60.0,77.0,100.0,156,281.0,925.0,1740.0
01541200,10-21,69.0,76.0,100.0,162,468.0,940.0,1930.0
01541200,10-22,70.0,81.0,100.0,158,462.0,1150.0,1460.0
01541200,10-23,70.0,89.0,111.0,168,418.0,888.0,1060.0
01541200,10-24,70.0,89.0,126.0,165,420.0,810.0,977.0
01541200,10-25,71.0,90.0,132.0,171,388.0,650.0,980.0
01541200,10-26,70.0,87.0,137.0,189,417.0,688.0,1140.0
01541200,10-27,72.0,89.0,134.0,197,516.0,769.0,1170.0
01541200,10-28,72.0,82.0,134.0,216,539.0,894.0,1280.0
01541200,10-29,66.0,75.0,138.0,215,505.0,798.0,2160.0
01541200,10-30,61.0,81.0,129.0,236,606.0,1090.0,1770.0
01541200,10-31,60.0,81.0,136.0,248,547.0,842.0,1210.0
01541200,11-01,61.0,81.0,131.0,227,459.0,910.0,1100.0
01541200,11-02,58.0,80.0,137.0,227,432.0,820.0,1240.0
01541200,11-03,66.0,79.0,131.0,262,441.0,805.0,1190.0
01541200,11-04,78.0,86.0,139.0,262,436.0,823.0,1140.0
01541200,11-05,66.0,79.0,140.0,281,454.0,780.0,957.0
01541200,11-06,68.0,77.0,135.0,263,480.0,727.0,1350.0
01541200,11-07,66.0,93.0,150.0,253,579.0,875.0,1200.0
01541200,11-08,70.0,95.0,161.0,275,486.0,781.0,985.0
01541200,11-09,68.0,95.0,166.0,262,484.0,903.0,1850.0
01541200,11-10,92.0,116.0,157.0,290,473.0,1100.0,3290.0
01541200,11-11,107.0,119.0,208.0,358,588.0,1720.0,3120.0
01541200,11-12,101.0,117.0,230.0,364,871.0,1620.0,2610.0
01541200,11-13,101.0,115.0,207.0,376,735.0,1500.0,2010.0
01541200,11-14,90.0,122.0,185.0,347,609.0,1240.0,1540.0
01541200,11-15,90.0,132.0,190.0,366,711.0,1290.0,1470.0
01541200,11-16,91.0,134.0,230.0,419,696.0,1500.0,1820.0
01541200,11-17,92.0,133.0,246.0,475,778.0,1230.0,1860.0
01541200,11-18,110.0,165.0,237.0,461,793.0,1120.0,2420.0
01541200,11-19,94.0,164.0,259.0,526,751.0,1700.0,2200.0
01541200,11-20,94.0,165.0,261.0,518,704.0,1550.0,2640.0
01541200,11-21,120.0,165.0,259.0,511,734.0,1390.0,2000.0
01541200,11-22,121.0,150.0,257.0,504,864.0,1280.0,2060.0
01541200,11-23,122.0,150.0,227.0,532,885.0,1320.0,1600.0
01541200,11-24,125.0,155.0,229.0,469,745.0,1320.0,1480.0
01541200,11-25,138.0,185.0,298.0,452,665.0,1270.0,1410.0
01541200,11-26,187.0,190.0,331.0,514,877.0,1310.0,1980.0
01541200,11-27,187.0,228.0,337.0,478,1020.0,2160.0,2720.0
01541200,11-28,189.0,241.0,333.0,489,1050.0,2030.0,2790.0
01541200,11-29,183.0,255.0,343.0,568,1110.0,1810.0,3130.0
01541200,11-30,167.0,252.0,336.0,592,1210.0,2580.0,3320.0
01541200,12-01,151.0,251.0,337.0,577,1150.0,2420.0,3020.0
01541200,12-02,151.0,271.0,385.0,593,1110.0,2100.0,2820.0
01541200,12-03,165.0,274.0,426.0,619,1130.0,1760.0,2530.0
01541200,12-04,201.0,230.0,357.0,637,1130.0,1710.0,2080.0
01541200,12-05,159.0,220.0,401.0,631,1060.0,1660.0,2150.0
01541200,12-06,184.0,243.0,379.0,599,935.0,1820.0,2540.0
01541200,12-07,177.0,271.0,372.0,577,901.0,1710.0,2300.0
01541200,12-08,147.0,229.0,376.0,577,971.0,1640.0,2080.0
01541200,12-09,140.0,205.0,348.0,513,948.0,1300.0,2670.0
01541200,12-10,179.0,194.0,339.0,524,1010.0,1910.0,3060.0
01541200,12-11,165.0,229.0,330.0,642,1200.0,1950.0,2610.0
01541200,12-12,161.0,215.0,339.0,541,1450.0,2110.0,2590.0
01541200,12-13,182.0,246.0,344.0,602,1180.0,1760.0,2580.0
01541200,12-14,172.0,230.0,366.0,622,1050.0,1620.0,2210.0
01541200,12-15,184.0,208.0,380.0,616,1070.0,1440.0,2410.0
01541200,12-16,165.0,277.0,379.0,649,1160.0,1590.0,1800.0
01541200,12-17,168.0,232.0,408.0,657,1060.0,1390.0,1680.0
01541200,12-18,173.0,242.0,396.0,656,1070.0,1630.0,1910.0
01541200,12-19,203.0,264.0,376.0,616,978.0,1720.0,2480.0
01541200,12-20,171.0,238.0,371.0,565,925.0,1770.0,3900.0
01541200,12-21,152.0,232.0,381.0,581,1210.0,2160.0,3360.0
01541200,12-22,206.0,244.0,382.0,561,1160.0,2030.0,2330.0
01541200,12-23,243.0,304.0,374.0,548,1140.0,1670.0,2710.0
01541200,12-24,242.0,286.0,411.0,569,1090.0,1880.0,2640.0
01541200,12-25,208.0,241.0,376.0,682,1140.0,2060.0,2730.0
01541200,12-26,189.0,224.0,380.0,729,1270.0,1710.0,2810.0
01541200,12-27,190.0,204.0,388.0,640,1190.0,1760.0,2490.0
01541200,12-28,168.0,204.0,371.0,645,1180.0,1730.0,2560.0
01541200,12-29,196.0,210.0,362.0,651,1010.0,1570.0,2000.0
01541200,12-30,203.0,244.0,374.0,628,1150.0,1690.0,1940.0
01541200,12-31,198.0,235.0,327.0,661,1100.0,2390.0,2850.0
01541500,01-01,114.0,164.0,280.0,464,915.0,1730.0,2210.0
01541500,01-02,117.0,170.0,287.0,473,825.0,1740.0,2190.0
01541500,01-03,126.0,164.0,268.0,464,906.0,1560.0,2050.0
01541500,01-04,129.0,157.0,270.0,437,1020.0,1470.0,1980.0
01541500,01-05,120.0,172.0,258.0,444,1000.0,1640.0,2470.0
01541500,01-06,115.0,177.0,259.0,405,887.0,1520.0,1890.0
01541500,01-07,125.0,157.0,251.0,411,801.0,1220.0,1320.0
01541500,01-08,138.0,166.0,256.0,410,730.0,1100.0,2080.0
01541500,01-09,150.0,184.0,265.0,421,662.0,1230.0,2540.0
01541500,01-10,143.0,185.0,251.0,398,771.0,1430.0,2060.0
01541500,01-11,150.0,187.0,258.0,400,745.0,1150.0,1630.0
01541500,01-12,140.0,187.0,266.0,448,815.0,1150.0,1440.0
01541500,01-13,132.0,187.0,261.0,440,867.0,1510.0,1860.0
01541500,01-14,140.0,179.0,260.0,449,803.0,1310.0,1760.0
01541500,01-15,143.0,171.0,255.0,414,769.0,980.0,1590.0
01541500,01-16,140.0,170.0,235.0,448,669.0,1000.0,1390.0
01541500,01-17,140.0,169.0,244.0,409,707.0,987.0,1800.0
01541500,01-18,130.0,174.0,245.0,385,591.0,1330.0,1680.0
01541500,01-19,120.0,159.0,247.0,394,633.0,1330.0,2180.0
01541500,01-20,123.0,157.0,245.0,400,653.0,1390.0,2540.0
01541500,01-21,134.0,179.0,247.0,356,590.0,1420.0,2820.0
01541500,01-22,142.0,167.0,269.0,366,646.0,1170.0,2730.0
01541500,01-23,137.0,189.0,270.0,370,738.0,1120.0,1810.0
01541500,01-24,144.0,188.0,260.0,395,935.0,1640.0,2190.0
01541500,01-25,139.0,189.0,280.0,445,1070.0,1530.0,2910.0
01541500,01-26,143.0,186.0,280.0,450,1000.0,2020.0,3680.0
01541500,01-27,144.0,187.0,287.0,456,860.0,2110.0,3100.0
01541500,01-28,134.0,177.0,275.0,449,992.0,1860.0,2710.0
01541500,01-29,127.0,177.0,265.0,440,901.0,1740.0,3630.0
01541500,01-30,124.0,182.0,260.0,460,1030.0,1550.0,2490.0
01541500,01-31,124.0,172.0,278.0,440,897.0,1900.0,3480.0
01541500,02-01,120.0,170.0,276.0,483,911.0,1750.0,2730.0
01541500,02-02,117.0,188.0,292.0,455,911.0,1710.0,1820.0
01541500,02-03,117.0,191.0,292.0,500,887.0,1530.0,3010.0
01541500,02-04,114.0,191.0,285.0,455,913.0,2200.0,2760.0
01541500,02-05,117.0,187.0,304.0,480,1000.0,1710.0,2850.0
01541500,02-06,114.0,181.0,290.0,460,883.0,1390.0,1930.0
01541500,02-07,114.0,189.0,290.0,410,830.0,1390.0,2170.0
01541500,02-08,114.0,184.0,274.0,441,853.0,1830.0,2180.0
01541500,02-09,122.0,166.0,270.0,405,797.0,1440.0,1840.0
01541500,02-10,130.0,155.0,268.0,400,726.0,1500.0,1980.0
01541500,02-11,135.0,172.0,270.0,447,774.0,1380.0,1690.0
01541500,02-12,145.0,200.0,254.0,449,895.0,1410.0,1880.0
01541500,02-13,144.0,196.0,260.0,417,843.0,1660.0,2560.0
01541500,02-14,143.0,197.0,258.0,410,860.0,1830.0,2460.0
01541500,02-15,155.0,197.0,264.0,420,725.0,1780.0,2210.0
01541500,02-16,159.0,190.0,278.0,460,1100.0,1830.0,2270.0
01541500,02-17,169.0,197.0,295.0,487,988.0,1750.0,3000.0
01541500,02-18,167.0,190.0,293.0,467,880.0,1870.0,3140.0
01541500,02-19,156.0,190.0,293.0,507,1080.0,2040.0,2790.0
01541500,02-20,147.0,197.0,294.0,544,1030.0,2690.0,3180.0
01541500,02-21,160.0,194.0,287.0,580,1190.0,2350.0,4140.0
01541500,02-22,157.0,224.0,338.0,587,1160.0,2580.0,3580.0
01541500,02-23,168.0,243.0,364.0,637,1170.0,2360.0,3690.0
01541500,02-24,161.0,248.0,388.0,642,1250.0,3010.0,3630.0
01541500,02-25,158.0,239.0,399.0,630,1430.0,2860.0,4380.0
01541500,02-26,163.0,230.0,367.0,605,1260.0,2610.0,3830.0
01541500,02-27,165.0,220.0,347.0,560,1210.0,2350.0,2930.0
01541500,02-28,147.0,217.0,350.0,547,1310.0,2180.0,3680.0
01541500,02-29,,164.0,400.0,720,1260.0,1990.0,
01541500,03-01,167.0,228.0,415.0,677,1320.0,2130.0,3470.0
01541500,03-02,173.0,223.0,396.0,699,1280.0,2390.0,3570.0
01541500,03-03,167.0,235.0,389.0,695,1190.0,2250.0,2360.0
01541500,03-04,176.0,279.0,424.0,889,1370.0,1850.0,3460.0
01541500,03-05,196.0,282.0,497.0,852,1530.0,3350.0,4850.0
01541500,03-06,217.0,286.0,525.0,800,1530.0,2610.0,5320.0
01541500,03-07,199.0,294.0,537.0,856,1430.0,2740.0,4330.0
01541500,03-08,254.0,312.0,517.0,899,1320.0,2530.0,3390.0
01541500,03-09,282.0,349.0,488.0,959,1420.0,2070.0,3050.0
01541500,03-10,303.0,398.0,512.0,883,1360.0,2120.0,3340.0
01541500,03-11,302.0,379.0,619.0,900,1380.0,2140.0,2840.0
01541500,03-12,288.0,450.0,705.0,851,1390.0,2510.0,3720.0
01541500,03-13,343.0,497.0,687.0,945,1470.0,2920.0,3650.0
01541500,03-14,342.0,484.0,658.0,984,1930.0,2920.0,3580.0
01541500,03-15,382.0,446.0,624.0,937,1880.0,3680.0,4860.0
01541500,03-16,420.0,502.0,585.0,895,1740.0,2930.0,3970.0
01541500,03-17,457.0,514.0,612.0,891,1570.0,2790.0,3170.0
01541500,03-18,453.0,489.0,620.0,885,1370.0,2350.0,3210.0
01541500,03-19,452.0,481.0,661.0,1000,1530.0,2050.0,2760.0
01541500,03-20,426.0,489.0,627.0,960,1390.0,2570.0,3320.0
01541500,03-21,430.0,458.0,635.0,917,1390.0,2790.0,3110.0
01541500,03-22,420.0,447.0,594.0,950,1740.0,2550.0,4060.0
01541500,03-23,393.0,427.0,702.0,951,1580.0,2550.0,3640.0
01541500,03-24,374.0,401.0,674.0,985,1520.0,2600.0,3600.0
01541500,03-25,362.0,416.0,665.0,965,1530.0,2560.0,3270.0
01541500,03-26,342.0,409.0,648.0,972,1460.0,2150.0,3650.0
01541500,03-27,343.0,402.0,630.0,946,1470.0,2470.0,3960.0
01541500,03-28,320.0,446.0,579.0,920,1510.0,2140.0,2630.0
01541500,03-29,303.0,458.0,608.0,925,1730.0,2780.0,4630.0
01541500,03-30,313.0,424.0,623.0,964,1580.0,2970.0,4390.0
01541500,03-31,329.0,410.0,639.0,937,1410.0,3010.0,3860.0
01541500,04-01,329.0,377.0,629.0,965,1430.0,3020.0,4870.0
01541500,04-02,325.0,434.0,680.0,1000,1600.0,3330.0,3720.0
01541500,04-03,339.0,434.0,689.0,932,1660.0,2720.0,5820.0
01541500,04-04,388.0,545.0,668.0,935,1660.0,2730.0,4080.0
01541500,04-05,443.0,526.0,652.0,994,1680.0,3240.0,4130.0
01541500,04-06,409.0,478.0,636.0,900,1530.0,2580.0,3020.0
01541500,04-07,393.0,477.0,637.0,1050,1330.0,2220.0,2840.0
01541500,04-08,404.0,458.0,593.0,1030,1320.0,1890.0,2630.0
01541500,04-09,422.0,440.0,591.0,907,1310.0,1960.0,2300.0
01541500,04-10,372.0,411.0,582.0,851,1350.0,2160.0,2720.0
01541500,04-11,357.0,383.0,557.0,857,1330.0,1970.0,2650.0
01541500,04-12,343.0,376.0,608.0,860,1270.0,1810.0,2200.0
01541500,04-13,338.0,376.0,560.0,832,1280.0,1710.0,3340.0
01541500,04-14,328.0,390.0,507.0,806,1140.0,1820.0,3240.0
01541500,04-15,322.0,372.0,499.0,770,1180.0,2380.0,2640.0
01541500,04-16,315.0,386.0,498.0,760,1470.0,2220.0,2680.0
01541500,04-17,293.0,392.0,492.0,700,1270.0,2240.0,4360.0
01541500,04-18,302.0,379.0,443.0,702,1210.0,1920.0,2860.0
01541500,04-19,286.0,363.0,449.0,620,1140.0,1650.0,2290.0
01541500,04-20,273.0,340.0,430.0,684,977.0,1460.0,2670.0
01541500,04-21,265.0,320.0,399.0,655,1040.0,1860.0,2360.0
01541500,04-22,286.0,312.0,389.0,602,942.0,1680.0,2760.0
01541500,04-23,284.0,313.0,397.0,633,961.0,1930.0,2520.0
01541500,04-24,277.0,304.0,402.0,578,951.0,1610.0,1990.0
01541500,04-25,275.0,300.0,386.0,617,970.0,1620.0,2180.0
01541500,04-26,258.0,289.0,377.0,539,1010.0,1870.0,2170.0
01541500,04-27,252.0,271.0,372.0,573,1080.0,1570.0,2510.0
01541500,04-28,241.0,274.0,354.0,584,913.0,1600.0,2790.0
01541500,04-29,258.0,273.0,361.0,587,927.0,1790.0,2190.0
01541500,04-30,244.0,278.0,363.0,553,987.0,1860.0,2130.0
01541500,05-01,234.0,268.0,374.0,566,869.0,1780.0,2080.0
01541500,05-02,262.0,288.0,350.0,542,1020.0,1770.0,2030.0
01541500,05-03,253.0,275.0,334.0,553,946.0,1550.0,1740.0
01541500,05-04,257.0,265.0,354.0,630,940.0,1420.0,1900.0
01541500,05-05,233.0,251.0,356.0,633,910.0,1480.0,1790.0
01541500,05-06,233.0,250.0,418.0,620,843.0,1220.0,2250.0
01541500,05-07,227.0,242.0,402.0,565,853.0,1260.0,2070.0
01541500,05-08,227.0,253.0,374.0,571,821.0,1490.0,1760.0
01541500,05-09,216.0,235.0,385.0,566,965.0,1430.0,1750.0
01541500,05-10,207.0,242.0,387.0,547,1050.0,1430.0,2080.0
01541500,05-11,219.0,286.0,394.0,542,924.0,1510.0,2110.0
01541500,05-12,224.0,280.0,388.0,631,1030.0,1940.0,2560.0
01541500,05-13,209.0,270.0,352.0,558,1260.0,2080.0,2650.0
01541500,05-14,200.0,264.0,372.0,598,1130.0,2040.0,2960.0
01541500,05-15,218.0,249.0,333.0,624,987.0,1690.0,2360.0
01541500,05-16,209.0,232.0,316.0,631,1140.0,1830.0,2050.0
01541500,05-17,205.0,229.0,311.0,609,1120.0,1540.0,2330.0
01541500,05-18,198.0,220.0,315.0,600,977.0,1380.0,2380.0
01541500,05-19,210.0,243.0,322.0,546,926.0,1830.0,2980.0
01541500,05-20,214.0,236.0,324.0,607,865.0,1590.0,2180.0
01541500,05-21,214.0,233.0,284.0,581,836.0,1590.0,1820.0
01541500,05-22,207.0,224.0,265.0,504,890.0,1440.0,1880.0
01541500,05-23,198.0,213.0,294.0,468,781.0,1340.0,2210.0
01541500,05-24,198.0,210.0,311.0,452,814.0,1440.0,2280.0
01541500,05-25,191.0,206.0,294.0,453,803.0,1270.0,2730.0
01541500,05-26,179.0,193.0,259.0,415,748.0,1210.0,2270.0
01541500,05-27,161.0,187.0,254.0,420,679.0,1120.0,1760.0
01541500,05-28,154.0,178.0,241.0,426,665.0,963.0,1540.0
01541500,05-29,152.0,166.0,265.0,450,706.0,1230.0,2400.0
01541500,05-30,147.0,158.0,249.0,443,629.0,990.0,2370.0
01541500,05-31,140.0,157.0,237.0,396,560.0,903.0,1730.0
01541500,06-01,136.0,158.0,277.0,365,595.0,1000.0,1310.0
01541500,06-02,136.0,151.0,245.0,350,558.0,892.0,1210.0
01541500,06-03,132.0,165.0,245.0,345,484.0,779.0,1130.0
01541500,06-04,123.0,156.0,243.0,359,634.0,959.0,1190.0
01541500,06-05,121.0,145.0,211.0,335,661.0,813.0,958.0
01541500,06-06,123.0,145.0,213.0,351,602.0,751.0,1360.0
01541500,06-07,115.0,152.0,224.0,330,523.0,1030.0,1950.0
01541500,06-08,105.0,151.0,209.0,305,512.0,1120.0,1520.0
01541500,06-09,100.0,135.0,213.0,359,507.0,1010.0,1210.0
01541500,06-10,99.0,123.0,205.0,306,583.0,981.0,1280.0
01541500,06-11,94.0,114.0,193.0,290,550.0,927.0,1160.0
01541500,06-12,105.0,124.0,192.0,288,556.0,888.0,1080.0
01541500,06-13,106.0,143.0,185.0,291,570.0,960.0,1370.0
01541500,06-14,122.0,142.0,179.0,288,604.0,947.0,1160.0
01541500,06-15,107.0,149.0,174.0,325,531.0,1070.0,1560.0
01541500,06-16,105.0,146.0,171.0,292,527.0,899.0,1270.0
01541500,06-17,100.0,138.0,159.0,303,522.0,815.0,1380.0
01541500,06-18,104.0,125.0,168.0,273,473.0,860.0,1300.0
01541500,06-19,105.0,117.0,166.0,267,417.0,954.0,1390.0
01541500,06-20,93.0,119.0,171.0,270,500.0,1120.0,1450.0
01541500,06-21,89.0,112.0,167.0,265,418.0,1130.0,2120.0
01541500,06-22,96.0,108.0,159.0,243,471.0,1070.0,1750.0
01541500,06-23,93.0,105.0,166.0,216,477.0,790.0,1300.0
01541500,06-24,93.0,106.0,159.0,222,402.0,744.0,1270.0
01541500,06-25,89.0,101.0,155.0,217,375.0,663.0,979.0
01541500,06-26,85.0,99.0,136.0,227,390.0,651.0,912.0
01541500,06-27,83.0,92.0,137.0,224,457.0,709.0,1260.0
01541500,06-28,81.0,87.0,131.0,218,439.0,1130.0,1920.0
01541500,06-29,81.0,90.0,136.0,234,402.0,841.0,1680.0
01541500,06-30,77.0,93.0,132.0,221,348.0,629.0,1040.0
01541500,07-01,75.0,91.0,121.0,203,363.0,738.0,1020.0
01541500,07-02,73.0,83.0,121.0,182,364.0,762.0,1350.0
01541500,07-03,68.0,81.0,123.0,186,328.0,611.0,1200.0
01541500,07-04,66.0,80.0,125.0,178,334.0,693.0,921.0
01541500,07-05,66.0,93.0,124.0,174,281.0,673.0,935.0
01541500,07-06,64.0,92.0,123.0,156,263.0,741.0,1270.0
01541500,07-07,60.0,89.0,115.0,170,248.0,662.0,1010.0
01541500,07-08,65.0,86.0,109.0,163,269.0,677.0,1380.0
01541500,07-09,65.0,81.0,107.0,191,270.0,630.0,1240.0
01541500,07-10,61.0,83.0,103.0,190,281.0,555.0,882.0
01541500,07-11,57.0,84.0,110.0,197,309.0,661.0,984.0
01541500,07-12,54.0,82.0,102.0,182,365.0,677.0,1030.0
01541500,07-13,70.0,84.0,100.0,170,303.0,658.0,818.0
01541500,07-14,73.0,84.0,101.0,168,337.0,669.0,1490.0
01541500,07-15,70.0,82.0,100.0,157,316.0,473.0,945.0
01541500,07-16,67.0,78.0,106.0,169,309.0,391.0,756.0
01541500,07-17,63.0,75.0,100.0,153,295.0,572.0,695.0
01541500,07-18,58.0,74.0,95.0,155,306.0,482.0,942.0
01541500,07-19,59.0,75.0,94.0,153,281.0,427.0,889.0
01541500,07-20,55.0,74.0,94.0,152,249.0,510.0,1230.0
01541500,07-21,52.0,72.0,91.0,168,300.0,720.0,947.0
01541500,07-22,58.0,70.0,100.0,169,276.0,529.0,835.0
01541500,07-23,63.0,73.0,107.0,168,257.0,495.0,786.0
01541500,07-24,61.0,73.0,113.0,154,278.0,449.0,615.0
01541500,07-25,63.0,75.0,112.0,168,264.0,439.0,803.0
01541500,07-26,62.0,76.0,98.0,152,245.0,480.0,684.0
01541500,07-27,64.0,71.0,96.0,146,267.0,484.0,902.0
01541500,07-28,59.0,66.0,106.0,146,281.0,534.0,892.0
01541500,07-29,62.0,67.0,103.0,156,298.0,744.0,1320.0
01541500,07-30,64.0,74.0,100.0,146,275.0,605.0,978.0
01541500,07-31,70.0,78.0,101.0,142,234.0,641.0,1070.0
01541500,08-01,67.0,73.0,93.0,134,234.0,555.0,1410.0
01541500,08-02,64.0,70.0,89.0,125,208.0,434.0,808.0
01541500,08-03,61.0,67.0,85.0,151,253.0,425.0,907.0
01541500,08-04,57.0,63.0,86.0,150,270.0,476.0,1140.0
01541500,08-05,52.0,59.0,90.0,144,245.0,429.0,822.0
01541500,08-06,48.0,57.0,87.0,141,234.0,401.0,696.0
01541500,08-07,47.0,64.0,86.0,144,213.0,479.0,712.0
01541500,08-08,48.0,64.0,87.0,146,203.0,458.0,712.0
01541500,08-09,52.0,63.0,81.0,146,229.0,466.0,1010.0
01541500,08-10,53.0,66.0,91.0,141,205.0,474.0,813.0
01541500,08-11,56.0,65.0,91.0,131,229.0,463.0,1060.0
01541500,08-12,53.0,63.0,86.0,130,198.0,616.0,969.0
01541500,08-13,52.0,61.0,86.0,126,192.0,561.0,1000.0
01541500,08-14,52.0,67.0,91.0,121,211.0,477.0,733.0
01541500,08-15,54.0,68.0,90.0,125,193.0,458.0,767.0
01541500,08-16,53.0,63.0,86.0,119,200.0,420.0,542.0
01541500,08-17,50.0,60.0,93.0,120,197.0,392.0,615.0
01541500,08-18,47.0,61.0,90.0,121,195.0,451.0,825.0
01541500,08-19,49.0,63.0,89.0,106,217.0,553.0,1050.0
01541500,08-20,56.0,62.0,83.0,119,222.0,444.0,601.0
01541500,08-21,57.0,62.0,80.0,120,266.0,600.0,850.0
01541500,08-22,51.0,63.0,77.0,120,251.0,703.0,913.0
01541500,08-23,51.0,65.0,72.0,115,248.0,536.0,700.0
01541500,08-24,55.0,62.0,74.0,114,231.0,445.0,619.0
01541500,08-25,51.0,60.0,71.0,110,206.0,383.0,421.0
01541500,08-26,49.0,58.0,72.0,111,209.0,349.0,482.0
01541500,08-27,48.0,57.0,68.0,115,190.0,333.0,596.0
01541500,08-28,47.0,55.0,78.0,116,208.0,331.0,682.0
01541500,08-29,45.0,57.0,82.0,127,249.0,413.0,589.0
01541500,08-30,44.0,56.0,81.0,125,244.0,410.0,886.0
01541500,08-31,45.0,54.0,82.0,120,248.0,480.0,686.0
01541500,09-01,46.0,55.0,78.0,107,210.0,417.0,1620.0
01541500,09-02,49.0,55.0,74.0,102,222.0,490.0,899.0
01541500,09-03,49.0,55.0,70.0,112,190.0,503.0,1160.0
01541500,09-04,50.0,59.0,67.0,121,214.0,409.0,1030.0
01541500,09-05,47.0,59.0,69.0,111,239.0,519.0,602.0
01541500,09-06,45.0,55.0,72.0,115,219.0,540.0,964.0
01541500,09-07,43.0,53.0,67.0,110,215.0,562.0,1270.0
01541500,09-08,42.0,51.0,63.0,114,235.0,574.0,898.0
01541500,09-09,41.0,51.0,65.0,110,247.0,649.0,1620.0
01541500,09-10,43.0,51.0,68.0,119,245.0,620.0,2700.0
01541500,09-11,42.0,48.0,72.0,113,206.0,561.0,1450.0
01541500,09-12,44.0,47.0,68.0,107,233.0,635.0,1090.0
01541500,09-13,43.0,47.0,73.0,105,243.0,533.0,1200.0
01541500,09-14,43.0,53.0,72.0,108,271.0,499.0,1120.0
01541500,09-15,46.0,55.0,72.0,115,208.0,554.0,1010.0
01541500,09-16,45.0,51.0,70.0,110,205.0,436.0,1010.0
01541500,09-17,45.0,51.0,67.0,101,223.0,643.0,1200.0
01541500,09-18,47.0,56.0,70.0,97,251.0,646.0,1720.0
01541500,09-19,44.0,57.0,70.0,111,243.0,654.0,1360.0
01541500,09-20,47.0,56.0,68.0,105,215.0,534.0,1560.0
01541500,09-21,49.0,55.0,72.0,96,209.0,451.0,1180.0
01541500,09-22,46.0,54.0,73.0,98,228.0,517.0,1010.0
01541500,09-23,49.0,54.0,74.0,108,259.0,603.0,1100.0
01541500,09-24,48.0,53.0,72.0,112,245.0,652.0,1080.0
01541500,09-25,47.0,55.0,74.0,110,229.0,671.0,918.0
01541500,09-26,44.0,57.0,69.0,104,205.0,626.0,1220.0
01541500,09-27,45.0,58.0,68.0,109,233.0,577.0,787.0
01541500,09-28,47.0,60.0,69.0,109,311.0,910.0,1510.0
01541500,09-29,51.0,59.0,79.0,136,312.0,1390.0,1790.0
01541500,09-30,55.0,60.0,78.0,130,379.0,1100.0,1260.0
01541500,10-01,57.0,60.0,74.0,126,374.0,735.0,1000.0
01541500,10-02,54.0,60.0,76.0,120,322.0,667.0,1010.0
01541500,10-03,50.0,60.0,75.0,133,314.0,683.0,937.0
01541500,10-04,52.0,59.0,80.0,128,262.0,600.0,1620.0
01541500,10-05,51.0,59.0,81.0,111,278.0,509.0,1420.0
01541500,10-06,53.0,58.0,76.0,104,258.0,447.0,1000.0
01541500,10-07,51.0,59.0,74.0,113,272.0,401.0,885.0
01541500,10-08,53.0,57.0,79.0,121,260.0,416.0,733.0
01541500,10-09,50.0,57.0,77.0,113,246.0,552.0,917.0
01541500,10-10,49.0,55.0,71.0,118,232.0,479.0,1140.0
01541500,10-11,48.0,54.0,70.0,115,233.0,616.0,1220.0
01541500,10-12,49.0,55.0,70.0,117,237.0,577.0,1090.0
01541500,10-13,49.0,57.0,67.0,114,208.0,544.0,949.0
01541500,10-14,49.0,60.0,76.0,120,196.0,527.0,896.0
01541500,10-15,52.0,60.0,76.0,115,225.0,631.0,960.0
01541500,10-16,52.0,60.0,81.0,123,223.0,605.0,721.0
01541500,10-17,52.0,59.0,81.0,117,222.0,548.0,674.0
01541500,10-18,51.0,58.0,77.0,113,227.0,661.0,967.0
01541500,10-19,52.0,59.0,80.0,112,279.0,725.0,1060.0
01541500,10-20,56.0,61.0,76.0,111,264.0,731.0,951.0
01541500,10-21,58.0,62.0,82.0,116,399.0,955.0,1680.0
01541500,10-22,57.0,60.0,82.0,108,361.0,811.0,1110.0
01541500,10-23,56.0,61.0,77.0,109,318.0,646.0,815.0
01541500,10-24,56.0,63.0,81.0,121,308.0,524.0,694.0
01541500,10-25,55.0,64.0,84.0,136,314.0,627.0,928.0
01541500,10-26,55.0,63.0,88.0,129,331.0,802.0,1170.0
01541500,10-27,54.0,67.0,88.0,138,343.0,718.0,997.0
01541500,10-28,53.0,64.0,86.0,135,415.0,858.0,1050.0
01541500,10-29,52.0,63.0,86.0,160,398.0,805.0,1080.0
01541500,10-30,54.0,63.0,86.0,168,456.0,993.0,1420.0
01541500,10-31,52.0,65.0,84.0,182,408.0,770.0,1030.0
01541500,11-01,52.0,66.0,83.0,181,401.0,720.0,1010.0
01541500,11-02,57.0,68.0,90.0,185,387.0,743.0,941.0
01541500,11-03,57.0,69.0,97.0,221,429.0,770.0,992.0
01541500,11-04,57.0,70.0,107.0,220,418.0,670.0,893.0
01541500,11-05,57.0,70.0,101.0,205,440.0,660.0,832.0
01541500,11-06,55.0,72.0,95.0,216,471.0,790.0,1010.0
01541500,11-07,60.0,80.0,114.0,201,472.0,728.0,843.0
01541500,11-08,61.0,81.0,122.0,232,420.0,686.0,906.0
01541500,11-09,67.0,81.0,128.0,231,430.0,785.0,1980.0
01541500,11-10,65.0,81.0,141.0,237,447.0,899.0,2310.0
01541500,11-11,68.0,87.0,149.0,277,490.0,891.0,1600.0
01541500,11-12,70.0,88.0,153.0,285,561.0,1110.0,1640.0
01541500,11-13,72.0,90.0,149.0,307,512.0,1290.0,1440.0
01541500,11-14,82.0,84.0,146.0,276,476.0,931.0,1310.0
01541500,11-15,76.0,80.0,145.0,261,457.0,929.0,1180.0
01541500,11-16,72.0,82.0,165.0,285,571.0,969.0,1410.0
01541500,11-17,69.0,91.0,163.0,301,622.0,1060.0,1360.0
01541500,11-18,69.0,93.0,174.0,311,486.0,1030.0,1550.0
01541500,11-19,69.0,89.0,184.0,316,638.0,1220.0,1700.0
01541500,11-20,73.0,90.0,145.0,344,622.0,947.0,1390.0
01541500,11-21,73.0,89.0,149.0,318,633.0,908.0,1510.0
01541500,11-22,71.0,92.0,172.0,316,610.0,877.0,1370.0
01541500,11-23,75.0,92.0,176.0,293,610.0,1070.0,1310.0
01541500,11-24,76.0,94.0,177.0,338,555.0,938.0,1280.0
01541500,11-25,79.0,111.0,158.0,347,527.0,959.0,1340.0
01541500,11-26,104.0,115.0,214.0,349,647.0,1370.0,1680.0
01541500,11-27,97.0,119.0,228.0,386,626.0,1590.0,2730.0
01541500,11-28,94.0,137.0,229.0,363,791.0,1680.0,2080.0
01541500,11-29,106.0,140.0,237.0,362,903.0,1410.0,2270.0
01541500,11-30,100.0,142.0,222.0,376,939.0,1350.0,2010.0
01541500,12-01,93.0,130.0,216.0,367,855.0,1380.0,1990.0
01541500,12-02,89.0,129.0,236.0,415,754.0,1440.0,2110.0
01541500,12-03,87.0,155.0,237.0,408,757.0,1480.0,1880.0
01541500,12-04,92.0,158.0,220.0,405,815.0,1450.0,1670.0
01541500,12-05,102.0,158.0,239.0,389,761.0,1380.0,1710.0
01541500,12-06,116.0,139.0,240.0,378,774.0,1220.0,1570.0
01541500,12-07,89.0,143.0,234.0,438,804.0,1110.0,1790.0
01541500,12-08,78.0,135.0,244.0,413,730.0,1220.0,2310.0
01541500,12-09,77.0,163.0,241.0,436,733.0,1150.0,1930.0
01541500,12-10,77.0,154.0,252.0,406,808.0,1350.0,1670.0
01541500,12-11,89.0,144.0,270.0,483,830.0,1710.0,2050.0
01541500,12-12,119.0,171.0,262.0,484,903.0,1490.0,1820.0
01541500,12-13,122.0,167.0,264.0,488,888.0,1160.0,1900.0
01541500,12-14,119.0,169.0,280.0,447,818.0,1300.0,1580.0
01541500,12-15,112.0,141.0,275.0,448,825.0,1290.0,1650.0
01541500,12-16,117.0,160.0,274.0,458,775.0,1240.0,1610.0
01541500,12-17,114.0,158.0,271.0,467,779.0,1030.0,1390.0
01541500,12-18,105.0,150.0,319.0,479,863.0,1260.0,1580.0
01541500,12-19,94.0,150.0,273.0,449,802.0,1060.0,1840.0
01541500,12-20,87.0,147.0,272.0,453,731.0,1360.0,1810.0
01541500,12-21,101.0,140.0,297.0,450,807.0,1570.0,1780.0
01541500,12-22,123.0,176.0,271.0,430,811.0,1490.0,2240.0
01541500,12-23,123.0,184.0,307.0,447,840.0,1380.0,1920.0
01541500,12-24,123.0,181.0,298.0,452,856.0,1760.0,2320.0
01541500,12-25,125.0,174.0,286.0,491,842.0,1660.0,2800.0
01541500,12-26,130.0,164.0,278.0,531,875.0,1320.0,1840.0
01541500,12-27,123.0,157.0,268.0,462,853.0,1220.0,2100.0
01541500,12-28,130.0,146.0,287.0,472,833.0,1230.0,1720.0
01541500,12-29,117.0,143.0,270.0,480,823.0,1280.0,1900.0
01541500,12-30,104.0,161.0,265.0,514,870.0,1320.0,1810.0
01541500,12-31,110.0,168.0,258.0,473,847.0,1310.0,1800.0
01542500,01-01,520.0,815.0,1250.0,2410,3880.0,6820.0,7240.0
01542500,01-02,494.0,816.0,1260.0,2300,3890.0,6340.0,8910.0
01542500,01-03,527.0,806.0,1340.0,2180,4050.0,6330.0,7780.0
01542500,01-04,562.0,810.0,1370.0,2070,4010.0,6330.0,8460.0
01542500,01-05,592.0,785.0,1210.0,1980,4360.0,6000.0,8890.0
01542500,01-06,612.0,845.0,1170.0,2170,4000.0,6420.0,7550.0
01542500,01-07,632.0,839.0,1140.0,2000,3590.0,5510.0,6910.0
01542500,01-08,655.0,820.0,1180.0,1900,3450.0,4820.0,5740.0
01542500,01-09,642.0,816.0,1180.0,1950,3570.0,4400.0,8100.0
01542500,01-10,741.0,854.0,1200.0,2170,3550.0,5700.0,7720.0
01542500,01-11,755.0,849.0,1180.0,1860,3360.0,5430.0,7440.0
01542500,01-12,698.0,803.0,1270.0,2080,3140.0,4640.0,6700.0
01542500,01-13,642.0,783.0,1200.0,2080,3630.0,6280.0,7330.0
01542500,01-14,614.0,805.0,1200.0,2240,3780.0,6590.0,6930.0
01542500,01-15,628.0,748.0,1170.0,2000,3540.0,5650.0,7270.0
01542500,01-16,611.0,742.0,1080.0,2060,3260.0,4460.0,6710.0
01542500,01-17,594.0,744.0,990.0,2080,2920.0,4580.0,6860.0
01542500,01-18,568.0,721.0,1020.0,1890,2940.0,5370.0,7260.0
01542500,01-19,578.0,704.0,1140.0,1700,2800.0,5220.0,7020.0
01542500,01-20,600.0,692.0,1100.0,1800,3030.0,4860.0,7480.0
01542500,01-21,569.0,649.0,1050.0,1700,2890.0,5150.0,6840.0
01542500,01-22,591.0,673.0,1100.0,1480,2770.0,5070.0,7080.0
01542500,01-23,587.0,696.0,1100.0,1600,2780.0,4180.0,6460.0
01542500,01-24,552.0,728.0,1000.0,1460,3060.0,4710.0,5610.0
01542500,01-25,521.0,737.0,1020.0,1600,3610.0,5740.0,8160.0
01542500,01-26,504.0,729.0,1100.0,1640,3890.0,7010.0,9660.0
01542500,01-27,542.0,728.0,1070.0,1830,4010.0,7460.0,9800.0
01542500,01-28,580.0,717.0,1040.0,1900,4140.0,6670.0,11000.0
01542500,01-29,574.0,755.0,952.0,2180,3760.0,6280.0,8910.0
01542500,01-30,564.0,749.0,913.0,1910,3690.0,6310.0,8940.0
01542500,01-31,554.0,748.0,933.0,2000,3760.0,6930.0,10700.0
01542500,02-01,543.0,704.0,1020.0,2050,3310.0,6360.0,10300.0
01542500,02-02,550.0,685.0,1060.0,2010,3390.0,7370.0,9280.0
01542500,02-03,556.0,742.0,1220.0,2290,3640.0,7680.0,12500.0
01542500,02-04,549.0,759.0,1340.0,2280,4250.0,8050.0,11000.0
01542500,02-05,536.0,755.0,1340.0,2170,4330.0,8570.0,9810.0
01542500,02-06,530.0,752.0,1270.0,2080,4020.0,7360.0,10000.0
01542500,02-07,527.0,749.0,1220.0,1940,4070.0,6920.0,9540.0
01542500,02-08,527.0,727.0,1250.0,1770,4090.0,7330.0,9540.0
01542500,02-09,530.0,711.0,1200.0,1900,3590.0,7260.0,8950.0
01542500,02-10,535.0,697.0,1100.0,1840,3230.0,6320.0,7960.0
01542500,02-11,585.0,687.0,1170.0,1840,2940.0,5990.0,9200.0
01542500,02-12,597.0,750.0,1150.0,1800,3170.0,5690.0,9050.0
01542500,02-13,563.0,724.0,1160.0,1790,3690.0,6620.0,9180.0
01542500,02-14,603.0,720.0,1140.0,1620,3740.0,7750.0,12500.0
01542500,02-15,627.0,806.0,1160.0,1630,3680.0,7140.0,9490.0
01542500,02-16,620.0,744.0,1120.0,1850,3690.0,6560.0,11900.0
01542500,02-17,594.0,771.0,1110.0,2060,4090.0,6890.0,14000.0
01542500,02-18,666.0,812.0,1090.0,2350,3980.0,7460.0,14600.0
01542500,02-19,655.0,828.0,1100.0,2310,3860.0,9400.0,12800.0
01542500,02-20,660.0,844.0,1090.0,2120,4180.0,11200.0,14800.0
01542500,02-21,658.0,853.0,1130.0,2050,4250.0,11000.0,13800.0
01542500,02-22,710.0,866.0,1160.0,2130,4200.0,10100.0,12900.0
01542500,02-23,674.0,913.0,1320.0,2470,4720.0,10400.0,14700.0
01542500,02-24,763.0,976.0,1500.0,2500,4170.0,11400.0,15500.0
01542500,02-25,722.0,924.0,1430.0,2570,5220.0,12600.0,16500.0
01542500,02-26,761.0,904.0,1470.0,2400,5570.0,11700.0,14500.0
01542500,02-27,738.0,888.0,1440.0,2530,5150.0,10500.0,12500.0
01542500,02-28,732.0,868.0,1400.0,2450,5440.0,10400.0,12100.0
01542500,02-29,,664.0,1160.0,2340,4090.0,6000.0,
01542500,03-01,758.0,854.0,1440.0,2500,5700.0,9440.0,13400.0
01542500,03-02,774.0,802.0,1630.0,2820,5420.0,11100.0,14000.0
01542500,03-03,735.0,817.0,1770.0,2880,5650.0,9570.0,12100.0
01542500,03-04,741.0,862.0,1810.0,2720,5570.0,9030.0,11000.0
01542500,03-05,762.0,969.0,1900.0,3740,6590.0,13400.0,15900.0
01542500,03-06,874.0,1290.0,2100.0,4070,6630.0,10900.0,18900.0
01542500,03-07,848.0,1260.0,2150.0,3630,6690.0,11500.0,15100.0
01542500,03-08,858.0,1250.0,2280.0,3970,6060.0,9370.0,14200.0
01542500,03-09,926.0,1370.0,2100.0,4140,6760.0,8600.0,14300.0
01542500,03-10,1060.0,1460.0,2030.0,3750,5910.0,10700.0,12900.0
01542500,03-11,1180.0,1720.0,2470.0,3770,5580.0,10200.0,16100.0
01542500,03-12,1370.0,1970.0,2910.0,4310,6030.0,9310.0,13700.0
01542500,03-13,1650.0,2020.0,3070.0,4070,7050.0,11600.0,13200.0
01542500,03-14,1780.0,2000.0,2950.0,4580,8280.0,10500.0,13900.0
01542500,03-15,1820.0,1940.0,2690.0,4280,7760.0,12700.0,14800.0
01542500,03-16,1760.0,1980.0,2750.0,3830,8530.0,13700.0,15200.0
01542500,03-17,1760.0,2070.0,2580.0,3910,7380.0,12000.0,13300.0
01542500,03-18,1840.0,2010.0,2760.0,3820,6320.0,10700.0,12900.0
01542500,03-19,1970.0,2070.0,2660.0,3590,6300.0,8930.0,11900.0
01542500,03-20,1910.0,2080.0,2690.0,3660,6620.0,8890.0,12800.0
01542500,03-21,1800.0,1960.0,2700.0,3580,6260.0,9810.0,11900.0
01542500,03-22,1780.0,1890.0,2430.0,3770,5960.0,9280.0,14200.0
01542500,03-23,1720.0,1840.0,2550.0,3700,6500.0,9180.0,13100.0
01542500,03-24,1680.0,1790.0,2520.0,3860,6230.0,9170.0,13200.0
01542500,03-25,1680.0,1790.0,2570.0,3950,6710.0,10000.0,12400.0
01542500,03-26,1620.0,1890.0,2770.0,3870,5900.0,9440.0,13400.0
01542500,03-27,1680.0,1850.0,2680.0,3950,5390.0,8130.0,12500.0
01542500,03-28,1710.0,1860.0,2470.0,3950,5760.0,8970.0,10300.0
01542500,03-29,1660.0,1890.0,2340.0,3730,6400.0,9910.0,12000.0
01542500,03-30,1650.0,1850.0,2350.0,3790,6830.0,10900.0,13200.0
01542500,03-31,1660.0,1780.0,2440.0,3930,6580.0,10800.0,12300.0
01542500,04-01,1600.0,1780.0,2550.0,3830,6520.0,9720.0,15800.0
01542500,04-02,1690.0,1820.0,2820.0,4270,6860.0,12100.0,14600.0
01542500,04-03,1750.0,1920.0,2810.0,4110,6730.0,11900.0,21000.0
01542500,04-04,1760.0,1910.0,2890.0,4390,7240.0,11900.0,15200.0
01542500,04-05,1790.0,2030.0,2850.0,4300,8700.0,12400.0,14200.0
01542500,04-06,1760.0,2130.0,2700.0,4250,7140.0,11700.0,13600.0
01542500,04-07,1760.0,2110.0,2700.0,4260,6630.0,10300.0,12000.0
01542500,04-08,1850.0,2080.0,2730.0,4050,5940.0,9140.0,11300.0
01542500,04-09,1890.0,2060.0,2680.0,4280,5870.0,8780.0,10200.0
01542500,04-10,1830.0,1980.0,2370.0,3880,6130.0,8040.0,10000.0
01542500,04-11,1730.0,1910.0,2400.0,3780,5920.0,7700.0,11200.0
01542500,04-12,1730.0,1830.0,2650.0,3800,4980.0,7500.0,9390.0
01542500,04-13,1720.0,1810.0,2540.0,3560,4770.0,7360.0,8570.0
01542500,04-14,1610.0,1770.0,2280.0,3330,4810.0,6670.0,9890.0
01542500,04-15,1530.0,1610.0,2200.0,3280,5250.0,8010.0,9440.0
01542500,04-16,1430.0,1610.0,2090.0,3150,4960.0,9160.0,10200.0
01542500,04-17,1330.0,1650.0,2010.0,2980,5090.0,9050.0,12200.0
01542500,04-18,1320.0,1600.0,1930.0,3000,4820.0,7880.0,10700.0
01542500,04-19,1230.0,1580.0,1880.0,2920,4650.0,7450.0,8780.0
01542500,04-20,1330.0,1520.0,1840.0,2980,4310.0,6950.0,8640.0
01542500,04-21,1190.0,1430.0,1890.0,2740,4340.0,6770.0,7920.0
01542500,04-22,1130.0,1390.0,1730.0,2640,4260.0,6250.0,7050.0
01542500,04-23,1210.0,1290.0,1690.0,2490,3860.0,6500.0,7580.0
01542500,04-24,1200.0,1320.0,1800.0,2450,3820.0,6680.0,7470.0
01542500,04-25,1210.0,1340.0,1750.0,2590,4140.0,6190.0,6600.0
01542500,04-26,1210.0,1370.0,1730.0,2590,3790.0,6190.0,8010.0
01542500,04-27,1160.0,1290.0,1690.0,2380,4070.0,6050.0,8220.0
01542500,04-28,1100.0,1180.0,1570.0,2530,3790.0,5560.0,6630.0
01542500,04-29,1030.0,1210.0,1530.0,2430,3340.0,5770.0,9750.0
01542500,04-30,1020.0,1150.0,1530.0,2150,3580.0,6570.0,9220.0
01542500,05-01,968.0,1160.0,1680.0,2230,3310.0,7250.0,9440.0
01542500,05-02,1080.0,1180.0,1600.0,2170,4080.0,6150.0,8160.0
01542500,05-03,1060.0,1170.0,1600.0,2370,3950.0,6010.0,7270.0
01542500,05-04,1020.0,1220.0,1700.0,2400,3920.0,5420.0,5690.0
01542500,05-05,1020.0,1160.0,1830.0,2730,3580.0,5920.0,7130.0
01542500,05-06,1110.0,1170.0,1870.0,2600,3490.0,5450.0,6990.0
01542500,05-07,1070.0,1150.0,1790.0,2760,3690.0,4690.0,9580.0
01542500,05-08,1060.0,1170.0,1790.0,2560,3370.0,4930.0,7330.0
01542500,05-09,1030.0,1280.0,1910.0,2460,3590.0,6040.0,6310.0
01542500,05-10,1020.0,1350.0,1960.0,2610,3870.0,6030.0,8240.0
01542500,05-11,1040.0,1380.0,1940.0,2440,4170.0,6340.0,9910.0
01542500,05-12,1040.0,1560.0,1880.0,2670,3770.0,7510.0,9770.0
01542500,05-13,948.0,1410.0,1880.0,2690,4990.0,8460.0,9050.0
01542500,05-14,904.0,1350.0,1710.0,2510,4560.0,7150.0,9680.0
01542500,05-15,956.0,1270.0,1750.0,2600,4390.0,7590.0,8610.0
01542500,05-16,1010.0,1160.0,1670.0,2970,4330.0,7080.0,8210.0
01542500,05-17,1040.0,1120.0,1630.0,2720,5120.0,6920.0,10600.0
01542500,05-18,983.0,1180.0,1590.0,2580,4600.0,5530.0,9310.0
01542500,05-19,990.0,1160.0,1500.0,2790,4380.0,6370.0,7470.0
01542500,05-20,1010.0,1190.0,1430.0,2700,3810.0,5830.0,9950.0
01542500,05-21,979.0,1070.0,1390.0,2620,3590.0,6340.0,8110.0
01542500,05-22,1020.0,1100.0,1320.0,2310,3760.0,6010.0,7750.0
01542500,05-23,982.0,1060.0,1270.0,2170,3660.0,5900.0,7340.0
01542500,05-24,908.0,1010.0,1220.0,2300,3400.0,5840.0,7550.0
01542500,05-25,887.0,976.0,1240.0,2190,3470.0,6530.0,9740.0
01542500,05-26,848.0,960.0,1170.0,2120,3530.0,5980.0,9110.0
01542500,05-27,812.0,857.0,1170.0,1910,3170.0,5480.0,7030.0
01542500,05-28,758.0,830.0,1240.0,1890,3030.0,4460.0,6080.0
01542500,05-29,717.0,820.0,1290.0,1770,3230.0,4610.0,9090.0
01542500,05-30,679.0,810.0,1190.0,1810,2990.0,5780.0,11100.0
01542500,05-31,654.0,819.0,1090.0,1690,2750.0,4420.0,9610.0
01542500,06-01,650.0,785.0,1110.0,1770,2460.0,4120.0,7810.0
01542500,06-02,680.0,732.0,1160.0,1670,2520.0,3770.0,6660.0
01542500,06-03,642.0,719.0,1170.0,1710,2360.0,3670.0,4500.0
01542500,06-04,598.0,685.0,1180.0,1590,2600.0,3310.0,3880.0
01542500,06-05,566.0,679.0,1110.0,1550,2440.0,3710.0,4730.0
01542500,06-06,589.0,685.0,1090.0,1660,2510.0,3500.0,3990.0
01542500,06-07,657.0,794.0,1060.0,1510,2420.0,3290.0,4950.0
01542500,06-08,619.0,855.0,1040.0,1330,2360.0,3430.0,4930.0
01542500,06-09,583.0,811.0,980.0,1420,2220.0,3970.0,5660.0
01542500,06-10,495.0,751.0,889.0,1680,2360.0,3790.0,5190.0
01542500,06-11,466.0,696.0,872.0,1470,2350.0,4410.0,5010.0
01542500,06-12,504.0,622.0,856.0,1350,2410.0,3500.0,4290.0
01542500,06-13,553.0,658.0,880.0,1270,2510.0,3620.0,6190.0
01542500,06-14,538.0,675.0,829.0,1280,2770.0,4150.0,5340.0
01542500,06-15,539.0,711.0,902.0,1240,2370.0,5280.0,6430.0
01542500,06-16,562.0,696.0,834.0,1320,2290.0,5270.0,6900.0
01542500,06-17,570.0,674.0,814.0,1240,2390.0,4060.0,6060.0
01542500,06-18,561.0,627.0,773.0,1280,2160.0,5340.0,6270.0
01542500,06-19,563.0,594.0,693.0,1200,2250.0,4800.0,8250.0
01542500,06-20,519.0,562.0,684.0,1130,2580.0,5840.0,9700.0
01542500,06-21,483.0,544.0,744.0,1180,2760.0,6440.0,8860.0
01542500,06-22,466.0,507.0,753.0,1110,2780.0,5550.0,9630.0
01542500,06-23,465.0,510.0,752.0,1060,3150.0,4970.0,7700.0
01542500,06-24,430.0,496.0,713.0,1160,2520.0,4140.0,6420.0
01542500,06-25,435.0,493.0,714.0,951,2350.0,3930.0,4620.0
01542500,06-26,407.0,476.0,655.0,1010,2130.0,3410.0,4980.0
01542500,06-27,392.0,449.0,631.0,1140,2300.0,3890.0,4670.0
01542500,06-28,362.0,429.0,610.0,1020,2080.0,5150.0,9610.0
01542500,06-29,342.0,380.0,618.0,1120,2130.0,6220.0,12400.0
01542500,06-30,336.0,366.0,606.0,1170,2220.0,4210.0,8790.0
01542500,07-01,329.0,379.0,577.0,1130,1960.0,3820.0,8190.0
01542500,07-02,320.0,387.0,556.0,1190,1770.0,4540.0,6920.0
01542500,07-03,306.0,376.0,548.0,1000,2010.0,4070.0,7620.0
01542500,07-04,305.0,355.0,528.0,1010,1850.0,3260.0,5570.0
01542500,07-05,300.0,355.0,526.0,962,1660.0,3330.0,4380.0
01542500,07-06,296.0,427.0,549.0,857,1570.0,3240.0,4790.0
01542500,07-07,281.0,405.0,525.0,825,1430.0,3880.0,5100.0
01542500,07-08,282.0,368.0,495.0,826,1330.0,3150.0,5610.0
01542500,07-09,277.0,382.0,491.0,936,1370.0,3760.0,5660.0
01542500,07-10,275.0,366.0,479.0,956,1690.0,2780.0,4190.0
01542500,07-11,267.0,357.0,534.0,911,1480.0,2810.0,4600.0
01542500,07-12,271.0,337.0,528.0,924,1600.0,3610.0,6130.0
01542500,07-13,256.0,350.0,506.0,901,1590.0,3640.0,5410.0
01542500,07-14,246.0,338.0,525.0,907,1500.0,2810.0,4160.0
01542500,07-15,271.0,321.0,475.0,869,1590.0,3100.0,5110.0
01542500,07-16,272.0,339.0,489.0,807,1420.0,2510.0,3910.0
01542500,07-17,259.0,319.0,442.0,759,1360.0,2090.0,2760.0
01542500,07-18,251.0,319.0,459.0,738,1320.0,2240.0,4010.0
01542500,07-19,261.0,344.0,439.0,723,1230.0,1970.0,3620.0
01542500,07-20,261.0,330.0,512.0,741,1120.0,1830.0,4480.0
01542500,07-21,234.0,324.0,491.0,776,1230.0,3860.0,4600.0
01542500,07-22,225.0,318.0,505.0,786,1330.0,3340.0,4280.0
01542500,07-23,224.0,314.0,473.0,821,1260.0,2910.0,3580.0
01542500,07-24,241.0,364.0,457.0,799,1280.0,2580.0,3230.0
01542500,07-25,250.0,369.0,488.0,797,1240.0,2150.0,3590.0
01542500,07-26,273.0,361.0,500.0,760,1180.0,2300.0,3370.0
01542500,07-27,269.0,329.0,487.0,728,1250.0,2250.0,3490.0
01542500,07-28,256.0,314.0,462.0,728,1200.0,2170.0,3230.0
01542500,07-29,254.0,304.0,465.0,699,1320.0,2150.0,3070.0
01542500,07-30,267.0,315.0,465.0,778,1420.0,2600.0,3320.0
01542500,07-31,251.0,309.0,436.0,694,1210.0,2030.0,3070.0
01542500,08-01,249.0,342.0,426.0,703,1040.0,1740.0,4450.0
01542500,08-02,301.0,350.0,459.0,663,937.0,1580.0,3370.0
01542500,08-03,290.0,333.0,436.0,682,1010.0,1850.0,2770.0
01542500,08-04,260.0,323.0,408.0,711,1030.0,1930.0,3920.0
01542500,08-05,248.0,310.0,397.0,641,1150.0,1690.0,2530.0
01542500,08-06,250.0,294.0,452.0,610,1090.0,1580.0,2620.0
01542500,08-07,238.0,306.0,450.0,657,1000.0,1640.0,2670.0
01542500,08-08,233.0,305.0,452.0,676,928.0,2330.0,3880.0
01542500,08-09,274.0,301.0,451.0,693,933.0,2030.0,3620.0
01542500,08-10,264.0,299.0,455.0,654,973.0,1820.0,2690.0
01542500,08-11,275.0,314.0,454.0,645,1240.0,1660.0,3950.0
01542500,08-12,254.0,289.0,440.0,595,1010.0,2590.0,6300.0
01542500,08-13,241.0,255.0,412.0,610,1070.0,3410.0,5850.0
01542500,08-14,234.0,254.0,399.0,573,971.0,2600.0,4380.0
01542500,08-15,230.0,281.0,412.0,541,931.0,2330.0,3690.0
01542500,08-16,224.0,282.0,380.0,541,885.0,1890.0,3450.0
01542500,08-17,216.0,273.0,393.0,517,859.0,1960.0,3050.0
01542500,08-18,223.0,262.0,397.0,524,873.0,1870.0,3610.0
01542500,08-19,218.0,241.0,383.0,512,834.0,1950.0,4560.0
01542500,08-20,223.0,301.0,400.0,501,862.0,2110.0,3520.0
01542500,08-21,259.0,309.0,388.0,517,1090.0,1810.0,3260.0
01542500,08-22,242.0,290.0,387.0,518,1020.0,2450.0,3860.0
01542500,08-23,238.0,277.0,362.0,608,1070.0,2490.0,3090.0
01542500,08-24,227.0,262.0,359.0,565,1020.0,1790.0,2530.0
01542500,08-25,233.0,273.0,343.0,476,960.0,1620.0,2130.0
01542500,08-26,226.0,261.0,334.0,522,953.0,1380.0,1790.0
01542500,08-27,207.0,242.0,330.0,509,986.0,1500.0,1800.0
01542500,08-28,204.0,256.0,324.0,522,899.0,1470.0,1990.0
01542500,08-29,200.0,239.0,374.0,564,924.0,1440.0,2060.0
01542500,08-30,187.0,229.0,365.0,602,975.0,1870.0,2190.0
01542500,08-31,178.0,221.0,410.0,727,917.0,1630.0,2150.0
01542500,09-01,184.0,221.0,432.0,641,1090.0,1600.0,2460.0
01542500,09-02,181.0,217.0,388.0,553,982.0,1770.0,2800.0
01542500,09-03,202.0,216.0,364.0,537,938.0,2370.0,4690.0
01542500,09-04,224.0,262.0,359.0,526,946.0,1780.0,5080.0
01542500,09-05,250.0,283.0,343.0,537,1010.0,2050.0,3450.0
01542500,09-06,257.0,292.0,335.0,548,959.0,2650.0,3010.0
01542500,09-07,234.0,275.0,326.0,532,894.0,2280.0,3530.0
01542500,09-08,210.0,288.0,346.0,588,955.0,1900.0,2860.0
01542500,09-09,203.0,277.0,355.0,509,891.0,2030.0,2810.0
01542500,09-10,228.0,270.0,341.0,540,1030.0,1950.0,3200.0
01542500,09-11,227.0,268.0,332.0,493,984.0,1720.0,4730.0
01542500,09-12,236.0,266.0,339.0,525,1100.0,1860.0,3990.0
01542500,09-13,243.0,261.0,351.0,524,1030.0,1550.0,3710.0
01542500,09-14,233.0,251.0,356.0,520,1050.0,1790.0,2940.0
01542500,09-15,240.0,263.0,356.0,499,1020.0,2380.0,3090.0
01542500,09-16,242.0,251.0,362.0,507,853.0,2290.0,2820.0
01542500,09-17,234.0,263.0,347.0,469,892.0,2100.0,2600.0
01542500,09-18,233.0,248.0,343.0,495,960.0,1910.0,2900.0
01542500,09-19,235.0,246.0,349.0,528,1060.0,2140.0,3060.0
01542500,09-20,234.0,249.0,343.0,515,952.0,2220.0,3080.0
01542500,09-21,230.0,265.0,344.0,492,901.0,2150.0,3850.0
01542500,09-22,235.0,263.0,335.0,468,881.0,2140.0,2600.0
01542500,09-23,220.0,266.0,352.0,498,843.0,2090.0,2960.0
01542500,09-24,212.0,254.0,338.0,527,859.0,2130.0,2990.0
01542500,09-25,206.0,245.0,339.0,494,827.0,1760.0,4470.0
01542500,09-26,206.0,248.0,318.0,467,849.0,1770.0,4590.0
01542500,09-27,203.0,244.0,319.0,501,826.0,1870.0,4560.0
01542500,09-28,197.0,287.0,344.0,494,1130.0,2270.0,4240.0
01542500,09-29,218.0,271.0,340.0,468,1270.0,5650.0,7860.0
01542500,09-30,209.0,272.0,354.0,541,1300.0,4280.0,7500.0
01542500,10-01,233.0,266.0,342.0,526,1350.0,4250.0,6140.0
01542500,10-02,232.0,256.0,334.0,582,1470.0,3650.0,5010.0
01542500,10-03,248.0,269.0,332.0,617,1450.0,3170.0,6210.0
01542500,10-04,247.0,270.0,347.0,682,1330.0,3340.0,7430.0
01542500,10-05,243.0,262.0,339.0,561,1430.0,2710.0,6880.0
01542500,10-06,244.0,263.0,330.0,501,1200.0,2620.0,5570.0
01542500,10-07,238.0,271.0,335.0,549,1110.0,2830.0,4550.0
01542500,10-08,219.0,280.0,329.0,622,1270.0,2260.0,3520.0
01542500,10-09,214.0,269.0,322.0,648,1240.0,2650.0,4110.0
01542500,10-10,203.0,261.0,319.0,630,1110.0,3010.0,5750.0
01542500,10-11,198.0,250.0,342.0,610,1060.0,3390.0,5690.0
01542500,10-12,203.0,245.0,343.0,547,1070.0,3400.0,6260.0
01542500,10-13,204.0,250.0,340.0,519,944.0,3060.0,4500.0
01542500,10-14,199.0,249.0,360.0,567,916.0,2640.0,3940.0
01542500,10-15,197.0,246.0,351.0,573,1080.0,2730.0,3670.0
01542500,10-16,192.0,252.0,337.0,561,1140.0,2700.0,4100.0
01542500,10-17,190.0,239.0,330.0,503,1070.0,2390.0,3550.0
01542500,10-18,189.0,236.0,327.0,496,1140.0,3000.0,4480.0
01542500,10-19,189.0,250.0,345.0,517,1140.0,2820.0,4580.0
01542500,10-20,210.0,260.0,384.0,530,1140.0,3520.0,5030.0
01542500,10-21,219.0,268.0,373.0,523,1170.0,3870.0,6520.0
01542500,10-22,223.0,259.0,378.0,507,1350.0,3770.0,5190.0
01542500,10-23,216.0,259.0,377.0,636,1270.0,3340.0,4200.0
01542500,10-24,212.0,268.0,374.0,599,1490.0,3000.0,3680.0
01542500,10-25,209.0,303.0,426.0,660,1480.0,2830.0,3490.0
01542500,10-26,211.0,286.0,469.0,670,1530.0,3110.0,4590.0
01542500,10-27,210.0,276.0,459.0,709,2030.0,3150.0,4800.0
01542500,10-28,216.0,270.0,447.0,660,2020.0,3520.0,5000.0
01542500,10-29,229.0,285.0,445.0,822,1990.0,3670.0,6160.0
01542500,10-30,227.0,292.0,446.0,1060,2040.0,4060.0,5830.0
01542500,10-31,226.0,308.0,436.0,978,2310.0,4280.0,4800.0
01542500,11-01,231.0,319.0,431.0,1040,2190.0,3590.0,4120.0
01542500,11-02,242.0,312.0,458.0,902,1810.0,3520.0,3780.0
01542500,11-03,249.0,316.0,465.0,925,1800.0,3010.0,3390.0
01542500,11-04,225.0,358.0,488.0,952,1750.0,2840.0,3680.0
01542500,11-05,235.0,365.0,484.0,1040,1700.0,2690.0,3360.0
01542500,11-06,256.0,352.0,481.0,1140,1850.0,2640.0,3380.0
01542500,11-07,322.0,353.0,511.0,1130,2010.0,2470.0,4330.0
01542500,11-08,335.0,364.0,596.0,1090,1840.0,2770.0,3580.0
01542500,11-09,334.0,363.0,642.0,1070,1720.0,2580.0,3830.0
01542500,11-10,336.0,364.0,665.0,1120,1780.0,2920.0,4740.0
01542500,11-11,345.0,442.0,711.0,1150,1910.0,3760.0,6030.0
01542500,11-12,338.0,495.0,779.0,1230,2650.0,4280.0,5400.0
01542500,11-13,371.0,481.0,759.0,1380,2580.0,4980.0,6030.0
01542500,11-14,412.0,476.0,748.0,1360,2170.0,4840.0,5440.0
01542500,11-15,392.0,484.0,767.0,1270,1870.0,4210.0,5970.0
01542500,11-16,385.0,487.0,776.0,1360,2160.0,4190.0,6650.0
01542500,11-17,389.0,509.0,809.0,1390,2340.0,4410.0,9660.0
01542500,11-18,389.0,606.0,791.0,1400,2590.0,4730.0,7650.0
01542500,11-19,356.0,612.0,841.0,1440,2220.0,4400.0,7120.0
01542500,11-20,350.0,554.0,877.0,1490,2180.0,5130.0,6710.0
01542500,11-21,332.0,544.0,861.0,1480,2450.0,4190.0,5980.0
01542500,11-22,330.0,560.0,880.0,1380,2760.0,3780.0,5390.0
01542500,11-23,367.0,563.0,972.0,1350,2660.0,4140.0,5550.0
01542500,11-24,386.0,570.0,1010.0,1480,2530.0,3440.0,5380.0
01542500,11-25,400.0,566.0,928.0,1490,2580.0,4200.0,5870.0
01542500,11-26,481.0,687.0,997.0,1430,2550.0,4910.0,6000.0
01542500,11-27,510.0,726.0,1010.0,1710,2650.0,5990.0,10100.0
01542500,11-28,525.0,827.0,1060.0,1680,2640.0,6060.0,10200.0
01542500,11-29,643.0,760.0,1140.0,1720,2880.0,6020.0,8680.0
01542500,11-30,515.0,749.0,1140.0,1690,3860.0,6760.0,8410.0
01542500,12-01,463.0,746.0,1170.0,1570,3820.0,6510.0,10100.0
01542500,12-02,394.0,809.0,1170.0,1610,3290.0,6160.0,9270.0
01542500,12-03,475.0,824.0,1170.0,1850,3320.0,6190.0,7200.0
01542500,12-04,467.0,823.0,1080.0,1890,3560.0,5500.0,6820.0
01542500,12-05,559.0,734.0,1100.0,1800,3740.0,5810.0,6600.0
01542500,12-06,617.0,866.0,1260.0,1780,3200.0,5460.0,7000.0
01542500,12-07,602.0,796.0,1230.0,2090,3350.0,5070.0,7010.0
01542500,12-08,473.0,725.0,1180.0,2150,3680.0,4590.0,8330.0
01542500,12-09,365.0,675.0,1350.0,2090,3260.0,5310.0,7950.0
01542500,12-10,324.0,709.0,1310.0,2110,3510.0,5270.0,7820.0
01542500,12-11,359.0,660.0,1600.0,2280,3550.0,5920.0,8530.0
01542500,12-12,524.0,798.0,1380.0,2390,4000.0,6140.0,6990.0
01542500,12-13,543.0,746.0,1370.0,2320,4210.0,5280.0,6230.0
01542500,12-14,549.0,839.0,1340.0,2410,3630.0,4640.0,6740.0
01542500,12-15,573.0,740.0,1260.0,2100,3710.0,5160.0,7210.0
01542500,12-16,446.0,762.0,1270.0,2010,3620.0,4930.0,5820.0
01542500,12-17,479.0,683.0,1180.0,2100,3440.0,4820.0,5520.0
01542500,12-18,602.0,686.0,1180.0,2160,3630.0,4590.0,5020.0
01542500,12-19,629.0,672.0,1240.0,2040,3340.0,4360.0,9470.0
01542500,12-20,592.0,730.0,1220.0,2000,3210.0,4670.0,9960.0
01542500,12-21,570.0,701.0,1280.0,1900,3540.0,5660.0,8360.0
01542500,12-22,615.0,712.0,1330.0,1870,4550.0,6720.0,8780.0
01542500,12-23,614.0,746.0,1460.0,1920,4040.0,6940.0,8700.0
01542500,12-24,614.0,692.0,1440.0,2000,3580.0,7060.0,8000.0
01542500,12-25,611.0,772.0,1410.0,2360,4310.0,6710.0,9810.0
01542500,12-26,569.0,821.0,1410.0,2470,4070.0,6050.0,8970.0
01542500,12-27,548.0,785.0,1350.0,2570,4000.0,6240.0,8700.0
01542500,12-28,571.0,754.0,1300.0,2500,4450.0,5350.0,8150.0
01542500,12-29,556.0,816.0,1230.0,2570,4240.0,6200.0,7440.0
01542500,12-30,528.0,751.0,1150.0,2490,3850.0,6180.0,8370.0
01542500,12-31,537.0,792.0,1200.0,2350,4140.0,6550.0,8160.0
01543500,01-01,199.0,268.0,580.0,1110,1880.0,3710.0,6030.0
01543500,01-02,204.0,260.0,560.0,1010,1690.0,3820.0,5400.0
01543500,01-03,214.0,269.0,530.0,932,1970.0,3310.0,4770.0
01543500,01-04,200.0,259.0,542.0,1030,2000.0,3850.0,4990.0
01543500,01-05,208.0,239.0,512.0,965,1880.0,3290.0,5160.0
01543500,01-06,199.0,220.0,485.0,900,1790.0,3970.0,4860.0
01543500,01-07,184.0,210.0,485.0,858,1570.0,3480.0,4880.0
01543500,01-08,195.0,219.0,472.0,919,1460.0,2850.0,5280.0
01543500,01-09,184.0,276.0,453.0,885,1330.0,3080.0,5030.0
01543500,01-10,230.0,261.0,431.0,801,1560.0,3540.0,4550.0
01543500,01-11,191.0,309.0,450.0,742,1340.0,3100.0,3870.0
01543500,01-12,179.0,289.0,453.0,750,1380.0,3050.0,3820.0
01543500,01-13,189.0,260.0,450.0,714,1700.0,3110.0,4160.0
01543500,01-14,209.0,269.0,421.0,669,1600.0,3240.0,5750.0
01543500,01-15,189.0,268.0,450.0,794,1580.0,2790.0,4780.0
01543500,01-16,179.0,267.0,444.0,770,1460.0,2970.0,4080.0
01543500,01-17,195.0,247.0,450.0,720,1400.0,2680.0,3340.0
01543500,01-18,194.0,278.0,470.0,680,1270.0,2410.0,2860.0
01543500,01-19,187.0,278.0,450.0,697,1250.0,2330.0,3380.0
01543500,01-20,196.0,260.0,412.0,700,1370.0,3600.0,4740.0
01543500,01-21,190.0,279.0,400.0,660,1290.0,3290.0,6270.0
01543500,01-22,190.0,278.0,412.0,625,1100.0,3490.0,4610.0
01543500,01-23,182.0,285.0,410.0,676,1360.0,2900.0,3860.0
01543500,01-24,189.0,257.0,420.0,622,1770.0,2950.0,4290.0
01543500,01-25,182.0,249.0,390.0,705,1990.0,4200.0,5530.0
01543500,01-26,174.0,240.0,400.0,735,1910.0,3660.0,4570.0
01543500,01-27,184.0,229.0,362.0,770,1980.0,4000.0,5580.0
01543500,01-28,177.0,220.0,373.0,705,1720.0,3340.0,6010.0
01543500,01-29,179.0,210.0,370.0,780,1670.0,2820.0,4060.0
01543500,01-30,195.0,236.0,379.0,870,1680.0,2530.0,3520.0
01543500,01-31,186.0,238.0,374.0,815,1590.0,3010.0,4050.0
01543500,02-01,192.0,229.0,380.0,852,1410.0,2800.0,3430.0
01543500,02-02,200.0,240.0,398.0,809,1440.0,2510.0,4250.0
01543500,02-03,202.0,248.0,424.0,759,1440.0,3090.0,5290.0
01543500,02-04,190.0,249.0,415.0,700,1440.0,2890.0,4510.0
01543500,02-05,199.0,250.0,395.0,800,1440.0,2800.0,3700.0
01543500,02-06,204.0,240.0,393.0,751,1470.0,2200.0,3950.0
01543500,02-07,204.0,240.0,393.0,672,1360.0,2480.0,3460.0
01543500,02-08,193.0,248.0,362.0,665,1200.0,2280.0,4520.0
01543500,02-09,190.0,249.0,358.0,625,1090.0,2110.0,4360.0
01543500,02-10,188.0,240.0,370.0,642,1150.0,2910.0,3750.0
01543500,02-11,189.0,249.0,389.0,618,1140.0,2830.0,3670.0
01543500,02-12,212.0,257.0,368.0,630,1430.0,2620.0,4460.0
01543500,02-13,223.0,260.0,415.0,645,1420.0,2530.0,5150.0
01543500,02-14,244.0,337.0,430.0,660,1440.0,3020.0,4420.0
01543500,02-15,229.0,341.0,422.0,704,1580.0,3240.0,4980.0
01543500,02-16,224.0,333.0,451.0,758,1590.0,3430.0,5590.0
01543500,02-17,223.0,308.0,440.0,764,1780.0,3080.0,5340.0
01543500,02-18,233.0,319.0,430.0,760,1800.0,2830.0,4230.0
01543500,02-19,230.0,309.0,404.0,780,1610.0,2950.0,4440.0
01543500,02-20,239.0,319.0,405.0,876,1590.0,3810.0,4810.0
01543500,02-21,230.0,320.0,457.0,932,1860.0,4060.0,5600.0
01543500,02-22,236.0,319.0,506.0,1000,2110.0,4950.0,6230.0
01543500,02-23,259.0,329.0,510.0,974,2580.0,4890.0,5880.0
01543500,02-24,300.0,350.0,562.0,1030,2320.0,4860.0,6970.0
01543500,02-25,294.0,359.0,555.0,1060,2530.0,5890.0,8180.0
01543500,02-26,284.0,348.0,552.0,1180,2200.0,4530.0,7730.0
01543500,02-27,280.0,327.0,614.0,1160,2430.0,4680.0,5740.0
01543500,02-28,265.0,336.0,584.0,1080,2550.0,4930.0,5750.0
01543500,02-29,281.0,323.0,491.0,1650,2950.0,4950.0,5620.0
01543500,03-01,269.0,338.0,620.0,1170,2920.0,3950.0,5650.0
01543500,03-02,268.0,338.0,625.0,1340,2730.0,3820.0,6540.0
01543500,03-03,249.0,373.0,645.0,1270,2370.0,4920.0,6490.0
01543500,03-04,259.0,339.0,615.0,1270,2600.0,4490.0,8080.0
01543500,03-05,280.0,356.0,687.0,1400,2670.0,6180.0,8770.0
01543500,03-06,296.0,376.0,725.0,1380,3030.0,7790.0,10200.0
01543500,03-07,284.0,442.0,665.0,1350,2830.0,5900.0,9140.0
01543500,03-08,297.0,432.0,810.0,1570,3370.0,5760.0,6600.0
01543500,03-09,329.0,471.0,729.0,1560,3140.0,5130.0,8640.0
01543500,03-10,372.0,454.0,760.0,1550,2790.0,4700.0,7120.0
01543500,03-11,354.0,554.0,845.0,1530,2740.0,4400.0,6440.0
01543500,03-12,337.0,568.0,961.0,1600,2690.0,4230.0,7600.0
01543500,03-13,382.0,538.0,1100.0,1680,2750.0,4700.0,6560.0
01543500,03-14,460.0,695.0,1140.0,1830,2850.0,4320.0,5420.0
01543500,03-15,485.0,692.0,1030.0,1940,3320.0,5580.0,7260.0
01543500,03-16,568.0,735.0,937.0,1880,3250.0,4820.0,7300.0
01543500,03-17,585.0,738.0,928.0,1790,3110.0,5440.0,8250.0
01543500,03-18,638.0,719.0,1020.0,1750,3000.0,4980.0,8160.0
01543500,03-19,549.0,721.0,1150.0,1720,2690.0,5100.0,5650.0
01543500,03-20,553.0,731.0,1130.0,1780,2630.0,4760.0,7970.0
01543500,03-21,591.0,798.0,1130.0,1730,2660.0,4910.0,6450.0
01543500,03-22,678.0,798.0,1130.0,1690,3350.0,6170.0,7240.0
01543500,03-23,651.0,805.0,1140.0,1650,3090.0,5650.0,7600.0
01543500,03-24,659.0,798.0,1130.0,1690,2940.0,5070.0,7580.0
01543500,03-25,667.0,821.0,1180.0,1660,3140.0,4590.0,6380.0
01543500,03-26,671.0,874.0,1280.0,1810,3040.0,4560.0,6330.0
01543500,03-27,624.0,840.0,1240.0,1880,2930.0,4490.0,7090.0
01543500,03-28,672.0,817.0,1140.0,1860,3160.0,4370.0,6690.0
01543500,03-29,692.0,835.0,1140.0,1820,2990.0,5280.0,7830.0
01543500,03-30,699.0,789.0,1320.0,1780,3360.0,6530.0,7910.0
01543500,03-31,700.0,834.0,1220.0,1770,3880.0,5820.0,12700.0
01543500,04-01,679.0,802.0,1210.0,1890,3580.0,7010.0,10300.0
01543500,04-02,646.0,844.0,1270.0,2190,3880.0,5970.0,7720.0
01543500,04-03,659.0,882.0,1340.0,2420,3950.0,6690.0,9470.0
01543500,04-04,782.0,907.0,1430.0,2470,3830.0,7180.0,9760.0
01543500,04-05,751.0,914.0,1470.0,2620,4390.0,7330.0,9020.0
01543500,04-06,765.0,941.0,1320.0,2300,4210.0,6770.0,7770.0
01543500,04-07,715.0,900.0,1330.0,2110,3570.0,5300.0,6050.0
01543500,04-08,671.0,856.0,1310.0,2070,3050.0,4650.0,6150.0
01543500,04-09,663.0,847.0,1250.0,1930,2930.0,4360.0,4670.0
01543500,04-10,642.0,790.0,1160.0,1780,2630.0,4860.0,5820.0
01543500,04-11,597.0,736.0,1120.0,1790,2820.0,4320.0,4920.0
01543500,04-12,578.0,751.0,1080.0,1650,2820.0,5550.0,6220.0
01543500,04-13,601.0,773.0,1160.0,1540,2860.0,3910.0,5840.0
01543500,04-14,585.0,688.0,1120.0,1620,2820.0,3880.0,5540.0
01543500,04-15,563.0,805.0,1020.0,1620,2780.0,4620.0,5700.0
01543500,04-16,559.0,770.0,1040.0,1660,2790.0,4670.0,5900.0
01543500,04-17,546.0,695.0,952.0,1790,2570.0,4040.0,7590.0
01543500,04-18,537.0,681.0,923.0,1670,2520.0,3740.0,5270.0
01543500,04-19,523.0,648.0,877.0,1630,2290.0,3770.0,4250.0
01543500,04-20,493.0,606.0,880.0,1500,2020.0,3340.0,4550.0
01543500,04-21,474.0,575.0,810.0,1420,2150.0,2910.0,5730.0
01543500,04-22,469.0,550.0,919.0,1280,2030.0,3060.0,4830.0
01543500,04-23,474.0,561.0,834.0,1340,2050.0,2950.0,4410.0
01543500,04-24,481.0,554.0,874.0,1290,2160.0,2620.0,3450.0
01543500,04-25,484.0,541.0,835.0,1370,2110.0,2820.0,3630.0
01543500,04-26,491.0,546.0,828.0,1330,2170.0,3330.0,4230.0
01543500,04-27,472.0,623.0,792.0,1310,2230.0,3680.0,4220.0
01543500,04-28,456.0,577.0,798.0,1220,2200.0,3290.0,4570.0
01543500,04-29,476.0,597.0,759.0,1200,2220.0,3140.0,5620.0
01543500,04-30,445.0,562.0,752.0,1100,2110.0,3820.0,4680.0
01543500,05-01,440.0,538.0,743.0,1140,1920.0,3390.0,4920.0
01543500,05-02,455.0,525.0,732.0,1160,2090.0,3150.0,4060.0
01543500,05-03,448.0,520.0,701.0,1150,2030.0,3310.0,3540.0
01543500,05-04,424.0,509.0,670.0,1120,1950.0,2780.0,3300.0
01543500,05-05,403.0,517.0,715.0,1070,2000.0,2750.0,3110.0
01543500,05-06,393.0,482.0,679.0,1010,1770.0,2740.0,3960.0
01543500,05-07,374.0,527.0,664.0,1110,1650.0,3150.0,4200.0
01543500,05-08,403.0,534.0,658.0,1130,1590.0,3160.0,3830.0
01543500,05-09,400.0,507.0,709.0,1110,1970.0,2960.0,3670.0
01543500,05-10,414.0,473.0,697.0,1080,2270.0,2920.0,4000.0
01543500,05-11,399.0,455.0,686.0,1110,2080.0,2980.0,5370.0
01543500,05-12,393.0,456.0,740.0,1260,2240.0,4540.0,6140.0
01543500,05-13,363.0,443.0,670.0,1190,2200.0,5020.0,6840.0
01543500,05-14,338.0,408.0,637.0,1180,2100.0,4360.0,5710.0
01543500,05-15,321.0,380.0,658.0,1130,1900.0,3440.0,5250.0
01543500,05-16,305.0,396.0,640.0,1290,2200.0,3330.0,6150.0
01543500,05-17,291.0,377.0,630.0,1220,2250.0,3430.0,4330.0
01543500,05-18,275.0,348.0,606.0,1160,2110.0,3590.0,4790.0
01543500,05-19,263.0,352.0,617.0,1080,2490.0,3640.0,5100.0
01543500,05-20,253.0,375.0,674.0,1180,2470.0,3670.0,4990.0
01543500,05-21,318.0,351.0,642.0,1230,2310.0,3700.0,4830.0
01543500,05-22,297.0,342.0,589.0,1130,1990.0,3420.0,5750.0
01543500,05-23,279.0,306.0,547.0,1200,1730.0,4600.0,6380.0
01543500,05-24,264.0,309.0,504.0,1030,1780.0,3900.0,4790.0
01543500,05-25,255.0,321.0,511.0,987,1620.0,3090.0,4140.0
01543500,05-26,237.0,307.0,444.0,940,1810.0,2680.0,4890.0
01543500,05-27,216.0,293.0,474.0,854,1500.0,2170.0,5290.0
01543500,05-28,198.0,285.0,466.0,739,1390.0,2250.0,4030.0
01543500,05-29,190.0,293.0,454.0,782,1420.0,2720.0,3750.0
01543500,05-30,187.0,258.0,429.0,732,1280.0,2390.0,4300.0
01543500,05-31,178.0,265.0,409.0,611,1050.0,2460.0,3330.0
01543500,06-01,186.0,254.0,393.0,603,1090.0,2290.0,2820.0
01543500,06-02,191.0,262.0,385.0,594,1150.0,2200.0,3520.0
01543500,06-03,183.0,236.0,364.0,594,1100.0,2040.0,3330.0
01543500,06-04,180.0,230.0,364.0,580,1140.0,2180.0,2960.0
01543500,06-05,158.0,223.0,349.0,580,1100.0,2220.0,2600.0
01543500,06-06,146.0,201.0,326.0,521,1210.0,2030.0,2760.0
01543500,06-07,142.0,208.0,315.0,523,1010.0,1800.0,4950.0
01543500,06-08,160.0,199.0,294.0,483,962.0,1910.0,3190.0
01543500,06-09,174.0,196.0,301.0,531,856.0,2050.0,2530.0
01543500,06-10,158.0,193.0,303.0,486,861.0,1600.0,2150.0
01543500,06-11,150.0,184.0,277.0,450,798.0,1370.0,1840.0
01543500,06-12,154.0,172.0,260.0,470,744.0,1710.0,2210.0
01543500,06-13,155.0,168.0,269.0,477,790.0,1790.0,2900.0
01543500,06-14,154.0,179.0,283.0,454,1020.0,1940.0,2670.0
01543500,06-15,163.0,183.0,286.0,451,881.0,3050.0,4170.0
01543500,06-16,147.0,161.0,256.0,439,1000.0,2620.0,3090.0
01543500,06-17,136.0,151.0,244.0,433,991.0,2070.0,2870.0
01543500,06-18,124.0,148.0,246.0,429,911.0,1720.0,2790.0
01543500,06-19,120.0,137.0,220.0,459,987.0,1520.0,2880.0
01543500,06-20,122.0,135.0,224.0,420,839.0,1470.0,4040.0
01543500,06-21,108.0,125.0,218.0,363,809.0,1440.0,3140.0
01543500,06-22,102.0,128.0,192.0,384,718.0,1870.0,2080.0
01543500,06-23,98.0,140.0,204.0,361,688.0,1450.0,2680.0
01543500,06-24,107.0,134.0,199.0,323,630.0,1230.0,3070.0
01543500,06-25,110.0,133.0,180.0,315,667.0,1380.0,2280.0
01543500,06-26,95.0,117.0,158.0,293,764.0,1220.0,1720.0
01543500,06-27,78.0,101.0,158.0,276,713.0,1220.0,1680.0
01543500,06-28,73.0,90.0,142.0,250,720.0,1510.0,3530.0
01543500,06-29,68.0,94.0,141.0,274,605.0,1360.0,2370.0
01543500,06-30,67.0,94.0,136.0,302,581.0,1360.0,2030.0
01543500,07-01,76.0,89.0,125.0,294,573.0,1260.0,2670.0
01543500,07-02,76.0,89.0,122.0,280,587.0,1180.0,2070.0
01543500,07-03,67.0,89.0,116.0,331,563.0,1200.0,1950.0
01543500,07-04,60.0,81.0,132.0,286,502.0,915.0,2120.0
01543500,07-05,56.0,75.0,136.0,277,429.0,1210.0,1850.0
01543500,07-06,56.0,74.0,141.0,253,440.0,1060.0,1660.0
01543500,07-07,55.0,74.0,136.0,218,381.0,920.0,1350.0
01543500,07-08,54.0,79.0,135.0,246,386.0,753.0,1520.0
01543500,07-09,58.0,79.0,130.0,234,355.0,772.0,1140.0
01543500,07-10,55.0,72.0,142.0,219,320.0,737.0,1020.0
01543500,07-11,57.0,70.0,125.0,203,370.0,714.0,1160.0
01543500,07-12,51.0,65.0,104.0,196,405.0,937.0,1850.0
01543500,07-13,42.0,56.0,95.0,181,364.0,888.0,1600.0
01543500,07-14,44.0,51.0,95.0,193,472.0,916.0,1350.0
01543500,07-15,41.0,53.0,100.0,189,524.0,1070.0,1870.0
01543500,07-16,38.0,49.0,88.0,190,403.0,907.0,1640.0
01543500,07-17,38.0,46.0,92.0,184,413.0,941.0,1400.0
01543500,07-18,34.0,52.0,107.0,183,386.0,948.0,1570.0
01543500,07-19,36.0,49.0,98.0,194,414.0,906.0,1700.0
01543500,07-20,39.0,60.0,97.0,177,394.0,940.0,2050.0
01543500,07-21,37.0,55.0,98.0,172,423.0,938.0,2330.0
01543500,07-22,32.0,46.0,86.0,212,469.0,1150.0,1860.0
01543500,07-23,32.0,45.0,87.0,192,470.0,1320.0,2430.0
01543500,07-24,34.0,51.0,92.0,211,489.0,1170.0,1800.0
01543500,07-25,40.0,59.0,90.0,204,505.0,1010.0,1800.0
01543500,07-26,41.0,53.0,80.0,173,450.0,1030.0,1610.0
01543500,07-27,42.0,52.0,82.0,172,440.0,861.0,1230.0
01543500,07-28,37.0,44.0,76.0,197,471.0,732.0,1030.0
01543500,07-29,38.0,45.0,86.0,177,440.0,765.0,1100.0
01543500,07-30,37.0,46.0,88.0,205,405.0,665.0,1060.0
01543500,07-31,37.0,46.0,90.0,204,336.0,657.0,1320.0
01543500,08-01,30.0,41.0,91.0,174,352.0,636.0,1970.0
01543500,08-02,28.0,47.0,76.0,170,344.0,764.0,1510.0
01543500,08-03,27.0,42.0,65.0,171,331.0,736.0,1220.0
01543500,08-04,28.0,40.0,69.0,170,303.0,687.0,1170.0
01543500,08-05,33.0,35.0,68.0,154,275.0,482.0,1030.0
01543500,08-06,31.0,38.0,74.0,142,277.0,503.0,1230.0
01543500,08-07,26.0,39.0,71.0,174,273.0,665.0,1370.0
01543500,08-08,24.0,36.0,64.0,154,386.0,1060.0,2010.0
01543500,08-09,22.0,32.0,54.0,150,372.0,964.0,2140.0
01543500,08-10,30.0,39.0,54.0,133,390.0,870.0,1940.0
01543500,08-11,27.0,37.0,64.0,149,346.0,895.0,2040.0
01543500,08-12,27.0,36.0,61.0,144,327.0,822.0,1730.0
01543500,08-13,27.0,33.0,54.0,142,271.0,956.0,1580.0
01543500,08-14,26.0,35.0,62.0,129,404.0,904.0,1400.0
01543500,08-15,24.0,35.0,67.0,120,331.0,794.0,1240.0
01543500,08-16,25.0,33.0,64.0,121,288.0,774.0,1110.0
01543500,08-17,23.0,32.0,61.0,122,341.0,792.0,1040.0
01543500,08-18,25.0,33.0,67.0,125,372.0,794.0,1080.0
01543500,08-19,23.0,31.0,62.0,110,353.0,658.0,1440.0
01543500,08-20,26.0,35.0,55.0,102,303.0,613.0,1170.0
01543500,08-21,25.0,37.0,59.0,113,336.0,620.0,980.0
01543500,08-22,27.0,34.0,69.0,134,309.0,679.0,1070.0
01543500,08-23,24.0,34.0,62.0,141,326.0,683.0,1000.0
01543500,08-24,25.0,34.0,63.0,129,275.0,526.0,1140.0
01543500,08-25,24.0,29.0,57.0,119,240.0,455.0,1010.0
01543500,08-26,23.0,25.0,53.0,108,225.0,429.0,774.0
01543500,08-27,20.0,27.0,50.0,100,241.0,430.0,672.0
01543500,08-28,19.0,30.0,46.0,109,207.0,552.0,728.0
01543500,08-29,20.0,30.0,55.0,106,267.0,548.0,1610.0
01543500,08-30,17.0,29.0,62.0,108,283.0,666.0,1490.0
01543500,08-31,16.0,25.0,56.0,113,272.0,647.0,1160.0
01543500,09-01,16.0,25.0,54.0,114,280.0,713.0,1060.0
01543500,09-02,15.0,24.0,57.0,105,246.0,801.0,1350.0
01543500,09-03,16.0,23.0,51.0,98,233.0,762.0,1070.0
01543500,09-04,18.0,24.0,53.0,107,256.0,507.0,1370.0
01543500,09-05,17.0,25.0,51.0,105,215.0,672.0,1250.0
01543500,09-06,18.0,29.0,51.0,113,262.0,657.0,1830.0
01543500,09-07,19.0,28.0,50.0,102,261.0,635.0,1180.0
01543500,09-08,18.0,30.0,48.0,98,228.0,754.0,1170.0
01543500,09-09,18.0,30.0,44.0,100,346.0,880.0,1020.0
01543500,09-10,18.0,27.0,44.0,104,356.0,755.0,1160.0
01543500,09-11,20.0,24.0,42.0,110,329.0,640.0,1080.0
01543500,09-12,17.0,23.0,42.0,91,289.0,654.0,1080.0
01543500,09-13,14.0,22.0,48.0,107,326.0,680.0,1860.0
01543500,09-14,15.0,24.0,47.0,118,278.0,702.0,1970.0
01543500,09-15,17.0,23.0,49.0,130,290.0,551.0,1330.0
01543500,09-16,20.0,27.0,49.0,111,276.0,640.0,1160.0
01543500,09-17,20.0,30.0,50.0,107,268.0,728.0,1470.0
01543500,09-18,20.0,27.0,47.0,112,246.0,686.0,2770.0
01543500,09-19,20.0,27.0,49.0,96,239.0,1220.0,3140.0
01543500,09-20,22.0,28.0,48.0,94,213.0,1090.0,2550.0
01543500,09-21,22.0,26.0,47.0,97,238.0,1060.0,2070.0
01543500,09-22,21.0,27.0,50.0,101,233.0,1540.0,2260.0
01543500,09-23,22.0,30.0,49.0,104,280.0,1450.0,2170.0
01543500,09-24,22.0,32.0,50.0,118,274.0,1260.0,1640.0
01543500,09-25,21.0,29.0,50.0,107,269.0,1140.0,2190.0
01543500,09-26,20.0,26.0,45.0,99,234.0,1050.0,2030.0
01543500,09-27,19.0,26.0,43.0,110,337.0,1060.0,1820.0
01543500,09-28,19.0,29.0,49.0,126,499.0,1550.0,3190.0
01543500,09-29,20.0,33.0,45.0,130,612.0,1610.0,2490.0
01543500,09-30,23.0,34.0,52.0,148,511.0,1460.0,1930.0
01543500,10-01,28.0,35.0,50.0,138,478.0,1130.0,1930.0
01543500,10-02,26.0,34.0,52.0,138,448.0,1280.0,1760.0
01543500,10-03,25.0,33.0,51.0,133,492.0,1140.0,1550.0
01543500,10-04,29.0,34.0,54.0,119,467.0,979.0,1590.0
01543500,10-05,30.0,35.0,52.0,112,501.0,1070.0,1630.0
01543500,10-06,30.0,39.0,56.0,104,474.0,890.0,1270.0
01543500,10-07,30.0,36.0,65.0,139,443.0,803.0,1240.0
01543500,10-08,29.0,40.0,77.0,172,444.0,856.0,1420.0
01543500,10-09,29.0,42.0,76.0,196,451.0,820.0,1530.0
01543500,10-10,30.0,38.0,69.0,168,397.0,844.0,1650.0
01543500,10-11,30.0,38.0,68.0,138,362.0,813.0,2010.0
01543500,10-12,29.0,38.0,70.0,134,331.0,892.0,2020.0
01543500,10-13,27.0,35.0,67.0,127,304.0,1040.0,1840.0
01543500,10-14,27.0,36.0,69.0,134,439.0,1000.0,2180.0
01543500,10-15,27.0,36.0,71.0,202,396.0,1050.0,2240.0
01543500,10-16,29.0,39.0,69.0,208,419.0,1100.0,2060.0
01543500,10-17,29.0,37.0,74.0,201,455.0,1360.0,1780.0
01543500,10-18,31.0,34.0,69.0,162,520.0,1150.0,2020.0
01543500,10-19,32.0,37.0,78.0,159,539.0,1460.0,2560.0
01543500,10-20,33.0,48.0,77.0,177,507.0,1310.0,2240.0
01543500,10-21,31.0,51.0,83.0,193,653.0,1520.0,3260.0
01543500,10-22,31.0,48.0,80.0,192,554.0,1620.0,2490.0
01543500,10-23,29.0,46.0,76.0,226,590.0,1340.0,1910.0
01543500,10-24,29.0,46.0,79.0,267,705.0,1270.0,2200.0
01543500,10-25,31.0,59.0,89.0,284,695.0,1330.0,2090.0
01543500,10-26,36.0,57.0,107.0,287,699.0,1610.0,2100.0
01543500,10-27,40.0,59.0,106.0,271,844.0,1640.0,2020.0
01543500,10-28,44.0,59.0,104.0,259,795.0,1730.0,2940.0
01543500,10-29,49.0,59.0,119.0,268,758.0,1530.0,3090.0
01543500,10-30,46.0,57.0,120.0,309,717.0,1890.0,3970.0
01543500,10-31,45.0,58.0,120.0,296,883.0,1690.0,2930.0
01543500,11-01,45.0,56.0,127.0,311,750.0,1590.0,2650.0
01543500,11-02,48.0,56.0,134.0,398,879.0,1540.0,2630.0
01543500,11-03,44.0,73.0,140.0,403,938.0,1840.0,2870.0
01543500,11-04,42.0,71.0,148.0,399,897.0,1740.0,2560.0
01543500,11-05,41.0,70.0,170.0,396,956.0,1520.0,2130.0
01543500,11-06,42.0,61.0,152.0,417,934.0,1630.0,2360.0
01543500,11-07,41.0,79.0,174.0,409,805.0,1650.0,2210.0
01543500,11-08,46.0,81.0,202.0,414,911.0,1730.0,3010.0
01543500,11-09,51.0,80.0,209.0,439,904.0,1710.0,2360.0
01543500,11-10,58.0,84.0,194.0,517,906.0,1730.0,2800.0
01543500,11-11,72.0,83.0,204.0,486,1050.0,2110.0,2990.0
01543500,11-12,71.0,89.0,224.0,536,1150.0,2340.0,3070.0
01543500,11-13,65.0,94.0,205.0,522,1030.0,2340.0,3410.0
01543500,11-14,72.0,90.0,190.0,526,1030.0,2130.0,2930.0
01543500,11-15,84.0,122.0,208.0,504,1150.0,1870.0,2740.0
01543500,11-16,81.0,119.0,250.0,497,1160.0,1910.0,4400.0
01543500,11-17,74.0,114.0,251.0,528,1240.0,2130.0,3320.0
01543500,11-18,72.0,102.0,288.0,517,1190.0,2240.0,3590.0
01543500,11-19,69.0,102.0,274.0,518,1340.0,2170.0,3460.0
01543500,11-20,68.0,117.0,248.0,608,1350.0,2200.0,3050.0
01543500,11-21,78.0,135.0,243.0,645,1270.0,2160.0,2940.0
01543500,11-22,94.0,124.0,249.0,752,1320.0,1880.0,2650.0
01543500,11-23,91.0,133.0,316.0,723,1360.0,2060.0,2740.0
01543500,11-24,90.0,148.0,314.0,686,1270.0,2060.0,2620.0
01543500,11-25,103.0,180.0,340.0,730,1200.0,2130.0,2790.0
01543500,11-26,115.0,187.0,358.0,742,1410.0,2680.0,3520.0
01543500,11-27,121.0,183.0,390.0,773,1380.0,3120.0,6240.0
01543500,11-28,138.0,159.0,441.0,764,1790.0,3630.0,5880.0
01543500,11-29,117.0,172.0,483.0,824,1840.0,3830.0,5660.0
01543500,11-30,103.0,170.0,482.0,785,1780.0,3390.0,4810.0
01543500,12-01,98.0,166.0,506.0,735,1910.0,3080.0,4730.0
01543500,12-02,94.0,160.0,478.0,789,1700.0,2440.0,4500.0
01543500,12-03,86.0,200.0,453.0,829,1590.0,2660.0,3730.0
01543500,12-04,83.0,227.0,400.0,872,1730.0,2860.0,3530.0
01543500,12-05,125.0,280.0,409.0,879,1660.0,3040.0,3280.0
01543500,12-06,188.0,306.0,496.0,808,1520.0,2400.0,3370.0
01543500,12-07,199.0,303.0,458.0,945,1570.0,2090.0,3360.0
01543500,12-08,181.0,269.0,489.0,976,1370.0,2280.0,4630.0
01543500,12-09,148.0,242.0,526.0,954,1400.0,2920.0,4020.0
01543500,12-10,143.0,231.0,536.0,986,1530.0,3250.0,4050.0
01543500,12-11,155.0,220.0,529.0,948,1860.0,3100.0,4350.0
01543500,12-12,181.0,295.0,508.0,909,2030.0,2880.0,3280.0
01543500,12-13,189.0,269.0,503.0,924,2120.0,2940.0,3860.0
01543500,12-14,172.0,335.0,535.0,841,1850.0,2940.0,4570.0
01543500,12-15,188.0,320.0,520.0,905,1780.0,3090.0,3890.0
01543500,12-16,190.0,280.0,503.0,919,1590.0,2720.0,3280.0
01543500,12-17,193.0,264.0,531.0,977,1620.0,2480.0,3460.0
01543500,12-18,219.0,255.0,500.0,900,1610.0,3240.0,3810.0
01543500,12-19,204.0,277.0,496.0,887,1450.0,2400.0,3890.0
01543500,12-20,184.0,259.0,510.0,909,1400.0,2340.0,3270.0
01543500,12-21,174.0,270.0,468.0,918,1470.0,3060.0,4130.0
01543500,12-22,208.0,280.0,480.0,874,1500.0,3230.0,3670.0
01543500,12-23,219.0,279.0,540.0,840,1860.0,2770.0,4720.0
01543500,12-24,224.0,322.0,584.0,947,1700.0,3900.0,4440.0
01543500,12-25,228.0,315.0,555.0,865,1910.0,3820.0,4540.0
01543500,12-26,219.0,293.0,562.0,970,2060.0,3250.0,3840.0
01543500,12-27,198.0,270.0,545.0,915,1800.0,2810.0,3230.0
01543500,12-28,199.0,250.0,505.0,1040,1960.0,2640.0,3290.0
01543500,12-29,197.0,250.0,500.0,1110,1860.0,3300.0,5140.0
01543500,12-30,195.0,296.0,505.0,1120,1780.0,3710.0,5580.0
01543500,12-31,195.0,267.0,524.0,1080,1780.0,3570.0,7530.0
01544000,01-01,81.0,97.0,167.0,379,590.0,1110.0,1910.0
01544000,01-02,71.0,109.0,148.0,339,533.0,1260.0,1730.0
01544000,01-03,82.0,104.0,161.0,300,544.0,1000.0,1490.0
01544000,01-04,81.0,94.0,161.0,283,575.0,1040.0,1570.0
01544000,01-05,78.0,97.0,133.0,277,583.0,970.0,1650.0
01544000,01-06,66.0,108.0,131.0,260,555.0,1010.0,1520.0
01544000,01-07,71.0,82.0,135.0,268,440.0,981.0,1470.0
01544000,01-08,70.0,76.0,154.0,268,455.0,916.0,1220.0
01544000,01-09,66.0,80.0,137.0,259,449.0,873.0,1590.0
01544000,01-10,72.0,86.0,124.0,259,446.0,953.0,1630.0
01544000,01-11,81.0,97.0,133.0,243,459.0,1060.0,1390.0
01544000,01-12,75.0,102.0,134.0,253,468.0,1190.0,1520.0
01544000,01-13,63.0,94.0,133.0,237,581.0,1200.0,1690.0
01544000,01-14,73.0,84.0,120.0,215,685.0,1160.0,2470.0
01544000,01-15,74.0,94.0,120.0,221,578.0,1450.0,2220.0
01544000,01-16,58.0,82.0,119.0,236,572.0,1210.0,1670.0
01544000,01-17,58.0,81.0,121.0,230,505.0,963.0,1290.0
01544000,01-18,57.0,71.0,117.0,191,469.0,781.0,1160.0
01544000,01-19,55.0,76.0,133.0,225,439.0,731.0,1190.0
01544000,01-20,54.0,77.0,121.0,213,384.0,751.0,1170.0
01544000,01-21,52.0,73.0,125.0,206,379.0,912.0,1680.0
01544000,01-22,50.0,59.0,122.0,203,350.0,947.0,2020.0
01544000,01-23,47.0,60.0,135.0,218,361.0,985.0,3050.0
01544000,01-24,49.0,69.0,128.0,205,356.0,1200.0,2150.0
01544000,01-25,48.0,78.0,133.0,205,548.0,1450.0,1730.0
01544000,01-26,48.0,66.0,120.0,227,600.0,1740.0,2910.0
01544000,01-27,50.0,69.0,121.0,224,610.0,1390.0,2890.0
01544000,01-28,60.0,78.0,113.0,207,484.0,1340.0,2400.0
01544000,01-29,61.0,69.0,103.0,215,592.0,1120.0,1750.0
01544000,01-30,60.0,80.0,100.0,245,560.0,1030.0,1850.0
01544000,01-31,48.0,80.0,109.0,255,529.0,932.0,1400.0
01544000,02-01,39.0,76.0,112.0,235,483.0,957.0,1140.0
01544000,02-02,51.0,80.0,112.0,228,427.0,841.0,1470.0
01544000,02-03,60.0,80.0,111.0,232,439.0,1280.0,2150.0
01544000,02-04,59.0,90.0,114.0,194,505.0,1340.0,1840.0
01544000,02-05,56.0,76.0,112.0,251,493.0,1080.0,1250.0
01544000,02-06,57.0,74.0,104.0,256,501.0,813.0,1110.0
01544000,02-07,53.0,68.0,105.0,232,436.0,823.0,1130.0
01544000,02-08,46.0,77.0,110.0,208,425.0,840.0,1910.0
01544000,02-09,55.0,67.0,113.0,210,363.0,981.0,2080.0
01544000,02-10,47.0,67.0,103.0,217,376.0,1040.0,1860.0
01544000,02-11,51.0,72.0,111.0,218,399.0,1010.0,1580.0
01544000,02-12,53.0,75.0,112.0,237,422.0,1270.0,1790.0
01544000,02-13,63.0,75.0,109.0,226,561.0,983.0,1660.0
01544000,02-14,66.0,77.0,113.0,206,421.0,859.0,1560.0
01544000,02-15,53.0,76.0,104.0,214,388.0,713.0,1230.0
01544000,02-16,62.0,73.0,119.0,226,500.0,749.0,1720.0
01544000,02-17,53.0,77.0,117.0,200,472.0,843.0,2070.0
01544000,02-18,52.0,68.0,116.0,217,480.0,842.0,1510.0
01544000,02-19,63.0,71.0,114.0,223,437.0,1190.0,2010.0
01544000,02-20,61.0,75.0,113.0,250,436.0,1110.0,1760.0
01544000,02-21,67.0,69.0,119.0,272,554.0,1170.0,1530.0
01544000,02-22,66.0,80.0,139.0,289,600.0,1700.0,2510.0
01544000,02-23,68.0,81.0,143.0,290,609.0,1490.0,2870.0
01544000,02-24,72.0,93.0,146.0,288,681.0,1800.0,2390.0
01544000,02-25,81.0,99.0,142.0,289,692.0,1790.0,2750.0
01544000,02-26,73.0,87.0,140.0,281,635.0,1980.0,2950.0
01544000,02-27,70.0,86.0,137.0,305,708.0,1400.0,2480.0
01544000,02-28,65.0,87.0,152.0,344,862.0,1990.0,2590.0
01544000,02-29,,65.0,110.0,318,922.0,1800.0,
01544000,03-01,63.0,84.0,178.0,357,863.0,1520.0,2400.0
01544000,03-02,61.0,89.0,187.0,369,742.0,1540.0,2360.0
01544000,03-03,71.0,86.0,197.0,391,764.0,1260.0,1910.0
01544000,03-04,64.0,100.0,194.0,429,789.0,1570.0,1720.0
01544000,03-05,70.0,90.0,198.0,454,756.0,1620.0,2140.0
01544000,03-06,75.0,98.0,204.0,424,960.0,2490.0,2680.0
01544000,03-07,80.0,100.0,203.0,405,1100.0,2570.0,3350.0
01544000,03-08,76.0,110.0,175.0,444,1050.0,2120.0,3050.0
01544000,03-09,95.0,112.0,217.0,434,1070.0,2260.0,3110.0
01544000,03-10,91.0,114.0,212.0,432,903.0,1630.0,3130.0
01544000,03-11,96.0,130.0,256.0,519,972.0,1640.0,3420.0
01544000,03-12,97.0,141.0,313.0,530,902.0,1850.0,3080.0
01544000,03-13,105.0,162.0,328.0,545,875.0,2030.0,2900.0
01544000,03-14,102.0,160.0,339.0,587,798.0,1610.0,2400.0
01544000,03-15,126.0,185.0,321.0,579,1090.0,1870.0,2970.0
01544000,03-16,160.0,191.0,284.0,642,1010.0,1980.0,2510.0
01544000,03-17,180.0,206.0,300.0,642,950.0,1760.0,2160.0
01544000,03-18,172.0,228.0,342.0,572,1000.0,1670.0,2510.0
01544000,03-19,171.0,222.0,367.0,560,898.0,1470.0,2070.0
01544000,03-20,211.0,243.0,372.0,582,973.0,1350.0,2590.0
01544000,03-21,210.0,251.0,344.0,617,934.0,1500.0,2280.0
01544000,03-22,205.0,237.0,361.0,608,1080.0,1870.0,2240.0
01544000,03-23,204.0,246.0,368.0,607,1120.0,2000.0,2820.0
01544000,03-24,198.0,247.0,371.0,562,945.0,1720.0,3080.0
01544000,03-25,186.0,240.0,372.0,566,963.0,1580.0,2440.0
01544000,03-26,176.0,251.0,409.0,581,1020.0,1930.0,3020.0
01544000,03-27,203.0,244.0,410.0,638,1060.0,1960.0,2970.0
01544000,03-28,208.0,268.0,392.0,690,1130.0,1660.0,2100.0
01544000,03-29,216.0,261.0,389.0,659,1210.0,1800.0,2970.0
01544000,03-30,219.0,269.0,412.0,683,1110.0,2140.0,3010.0
01544000,03-31,203.0,257.0,398.0,648,1220.0,2090.0,2320.0
01544000,04-01,157.0,234.0,412.0,636,1130.0,2110.0,2780.0
01544000,04-02,215.0,231.0,482.0,763,1510.0,2420.0,2890.0
01544000,04-03,197.0,305.0,478.0,744,1310.0,2900.0,4020.0
01544000,04-04,278.0,366.0,522.0,939,1440.0,3090.0,3620.0
01544000,04-05,318.0,368.0,543.0,938,1870.0,3580.0,4490.0
01544000,04-06,289.0,373.0,499.0,858,1930.0,3020.0,3540.0
01544000,04-07,289.0,355.0,469.0,804,1420.0,2430.0,3590.0
01544000,04-08,264.0,320.0,508.0,755,1150.0,2220.0,2780.0
01544000,04-09,274.0,315.0,463.0,703,1070.0,1900.0,2100.0
01544000,04-10,249.0,295.0,420.0,685,1210.0,1900.0,2550.0
01544000,04-11,220.0,274.0,407.0,670,1300.0,1860.0,2590.0
01544000,04-12,224.0,284.0,382.0,639,1140.0,1620.0,2130.0
01544000,04-13,223.0,275.0,394.0,638,980.0,1590.0,1980.0
01544000,04-14,217.0,275.0,401.0,612,1050.0,1620.0,2250.0
01544000,04-15,196.0,268.0,374.0,618,1070.0,1750.0,1980.0
01544000,04-16,172.0,253.0,379.0,598,1080.0,1790.0,2010.0
01544000,04-17,173.0,232.0,387.0,557,995.0,1540.0,2610.0
01544000,04-18,170.0,226.0,333.0,500,931.0,1780.0,2340.0
01544000,04-19,153.0,219.0,323.0,566,801.0,1370.0,1750.0
01544000,04-20,163.0,208.0,306.0,581,801.0,1220.0,1350.0
01544000,04-21,161.0,196.0,287.0,509,789.0,1130.0,1890.0
01544000,04-22,161.0,194.0,284.0,453,786.0,1230.0,1290.0
01544000,04-23,163.0,190.0,260.0,427,722.0,1150.0,1750.0
01544000,04-24,159.0,197.0,270.0,447,735.0,1150.0,1470.0
01544000,04-25,174.0,210.0,271.0,481,735.0,1270.0,1350.0
01544000,04-26,175.0,213.0,268.0,457,690.0,1080.0,1640.0
01544000,04-27,172.0,207.0,267.0,484,726.0,1110.0,1440.0
01544000,04-28,175.0,210.0,273.0,467,685.0,1120.0,1510.0
01544000,04-29,179.0,201.0,305.0,397,711.0,1200.0,2040.0
01544000,04-30,181.0,201.0,278.0,398,671.0,1410.0,2170.0
01544000,05-01,185.0,213.0,274.0,400,645.0,1290.0,2210.0
01544000,05-02,189.0,214.0,288.0,416,660.0,1330.0,1600.0
01544000,05-03,170.0,195.0,267.0,427,700.0,1130.0,1540.0
01544000,05-04,159.0,180.0,269.0,402,719.0,1040.0,1140.0
01544000,05-05,155.0,199.0,254.0,383,679.0,969.0,1060.0
01544000,05-06,151.0,198.0,252.0,370,611.0,959.0,1360.0
01544000,05-07,148.0,172.0,245.0,407,605.0,1030.0,1570.0
01544000,05-08,145.0,175.0,258.0,374,573.0,1250.0,1840.0
01544000,05-09,128.0,168.0,272.0,369,690.0,1080.0,1300.0
01544000,05-10,124.0,169.0,275.0,352,811.0,1120.0,1720.0
01544000,05-11,124.0,195.0,260.0,361,830.0,1100.0,1740.0
01544000,05-12,137.0,201.0,262.0,417,911.0,1440.0,2160.0
01544000,05-13,145.0,182.0,242.0,415,1060.0,1830.0,2640.0
01544000,05-14,134.0,170.0,217.0,432,919.0,1590.0,1990.0
01544000,05-15,114.0,160.0,210.0,388,838.0,1330.0,1850.0
01544000,05-16,98.0,159.0,232.0,377,784.0,1310.0,1850.0
01544000,05-17,94.0,148.0,216.0,385,729.0,1270.0,2500.0
01544000,05-18,92.0,134.0,193.0,381,728.0,1070.0,2040.0
01544000,05-19,97.0,136.0,200.0,386,719.0,1170.0,2250.0
01544000,05-20,107.0,133.0,197.0,416,689.0,1440.0,2670.0
01544000,05-21,93.0,128.0,182.0,386,690.0,1110.0,1860.0
01544000,05-22,86.0,110.0,174.0,355,632.0,1060.0,1440.0
01544000,05-23,86.0,103.0,166.0,326,588.0,937.0,1920.0
01544000,05-24,75.0,91.0,161.0,298,574.0,1270.0,1550.0
01544000,05-25,76.0,95.0,160.0,281,501.0,922.0,1420.0
01544000,05-26,76.0,108.0,151.0,258,463.0,774.0,1160.0
01544000,05-27,72.0,98.0,150.0,230,395.0,613.0,837.0
01544000,05-28,71.0,98.0,150.0,233,367.0,602.0,1070.0
01544000,05-29,62.0,94.0,139.0,210,390.0,658.0,1100.0
01544000,05-30,66.0,73.0,128.0,203,392.0,645.0,910.0
01544000,05-31,65.0,83.0,118.0,185,334.0,572.0,1040.0
01544000,06-01,55.0,88.0,127.0,189,320.0,551.0,1010.0
01544000,06-02,42.0,80.0,129.0,186,318.0,488.0,804.0
01544000,06-03,57.0,85.0,110.0,217,309.0,465.0,712.0
01544000,06-04,56.0,71.0,128.0,197,323.0,487.0,742.0
01544000,06-05,58.0,65.0,119.0,187,305.0,577.0,722.0
01544000,06-06,60.0,64.0,113.0,183,284.0,755.0,1510.0
01544000,06-07,56.0,64.0,101.0,173,289.0,635.0,1930.0
01544000,06-08,51.0,62.0,96.0,150,247.0,643.0,1260.0
01544000,06-09,47.0,64.0,106.0,154,274.0,603.0,842.0
01544000,06-10,46.0,62.0,100.0,155,247.0,518.0,679.0
01544000,06-11,44.0,61.0,95.0,135,221.0,447.0,602.0
01544000,06-12,45.0,60.0,96.0,145,234.0,359.0,711.0
01544000,06-13,50.0,58.0,91.0,140,272.0,534.0,882.0
01544000,06-14,47.0,58.0,87.0,154,257.0,620.0,921.0
01544000,06-15,48.0,59.0,79.0,146,253.0,823.0,1090.0
01544000,06-16,46.0,52.0,70.0,140,242.0,878.0,1350.0
01544000,06-17,45.0,49.0,68.0,141,288.0,768.0,1210.0
01544000,06-18,42.0,49.0,70.0,141,280.0,594.0,927.0
01544000,06-19,38.0,47.0,64.0,146,288.0,762.0,1370.0
01544000,06-20,35.0,46.0,66.0,141,265.0,528.0,1590.0
01544000,06-21,33.0,40.0,59.0,128,246.0,424.0,871.0
01544000,06-22,34.0,40.0,57.0,126,267.0,674.0,990.0
01544000,06-23,31.0,34.0,57.0,111,230.0,495.0,695.0
01544000,06-24,30.0,37.0,63.0,106,212.0,463.0,835.0
01544000,06-25,29.0,44.0,62.0,106,233.0,571.0,1250.0
01544000,06-26,24.0,33.0,59.0,111,251.0,593.0,1280.0
01544000,06-27,26.0,29.0,52.0,118,218.0,521.0,1010.0
01544000,06-28,23.0,29.0,50.0,120,265.0,674.0,862.0
01544000,06-29,24.0,29.0,49.0,109,269.0,587.0,1060.0
01544000,06-30,26.0,29.0,53.0,106,205.0,642.0,963.0
01544000,07-01,23.0,26.0,54.0,115,243.0,583.0,792.0
01544000,07-02,19.0,26.0,57.0,122,220.0,406.0,770.0
01544000,07-03,19.0,26.0,49.0,124,214.0,407.0,739.0
01544000,07-04,16.0,26.0,46.0,117,195.0,362.0,874.0
01544000,07-05,18.0,26.0,43.0,97,163.0,503.0,783.0
01544000,07-06,18.0,32.0,52.0,93,183.0,408.0,636.0
01544000,07-07,18.0,25.0,46.0,88,158.0,334.0,678.0
01544000,07-08,16.0,23.0,48.0,81,155.0,358.0,665.0
01544000,07-09,13.0,24.0,44.0,82,160.0,484.0,647.0
01544000,07-10,12.0,24.0,45.0,81,159.0,302.0,553.0
01544000,07-11,13.0,21.0,41.0,85,156.0,291.0,488.0
01544000,07-12,12.0,19.0,39.0,82,143.0,377.0,577.0
01544000,07-13,12.0,18.0,41.0,69,129.0,377.0,432.0
01544000,07-14,15.0,26.0,41.0,69,138.0,344.0,460.0
01544000,07-15,15.0,23.0,37.0,71,186.0,442.0,691.0
01544000,07-16,13.0,17.0,31.0,69,168.0,448.0,684.0
01544000,07-17,13.0,17.0,32.0,72,141.0,430.0,726.0
01544000,07-18,13.0,16.0,32.0,71,130.0,437.0,712.0
01544000,07-19,14.0,20.0,40.0,67,151.0,379.0,619.0
01544000,07-20,14.0,26.0,41.0,63,122.0,428.0,586.0
01544000,07-21,13.0,22.0,43.0,63,134.0,397.0,618.0
01544000,07-22,13.0,20.0,35.0,68,167.0,389.0,940.0
01544000,07-23,14.0,18.0,29.0,67,148.0,324.0,796.0
01544000,07-24,12.0,15.0,32.0,63,172.0,462.0,698.0
01544000,07-25,12.0,18.0,32.0,58,165.0,400.0,902.0
01544000,07-26,14.0,25.0,34.0,58,195.0,353.0,614.0
01544000,07-27,14.0,25.0,36.0,62,157.0,373.0,884.0
01544000,07-28,13.0,20.0,32.0,67,144.0,310.0,963.0
01544000,07-29,11.0,18.0,32.0,64,184.0,368.0,704.0
01544000,07-30,13.0,20.0,31.0,61,170.0,334.0,600.0
01544000,07-31,12.0,21.0,31.0,62,143.0,274.0,766.0
01544000,08-01,12.0,16.0,32.0,63,145.0,238.0,987.0
01544000,08-02,15.0,17.0,31.0,61,131.0,308.0,857.0
01544000,08-03,14.0,17.0,30.0,55,120.0,262.0,766.0
01544000,08-04,13.0,16.0,27.0,53,117.0,295.0,609.0
01544000,08-05,12.0,15.0,27.0,57,120.0,170.0,560.0
01544000,08-06,12.0,14.0,27.0,58,113.0,257.0,398.0
01544000,08-07,11.0,15.0,27.0,62,125.0,291.0,412.0
01544000,08-08,9.2,16.0,29.0,61,159.0,461.0,791.0
01544000,08-09,9.3,16.0,26.0,64,146.0,394.0,691.0
01544000,08-10,12.0,15.0,24.0,60,133.0,366.0,1050.0
01544000,08-11,13.0,17.0,25.0,56,113.0,325.0,780.0
01544000,08-12,11.0,14.0,27.0,57,117.0,325.0,1000.0
01544000,08-13,13.0,14.0,27.0,62,115.0,382.0,1440.0
01544000,08-14,13.0,14.0,27.0,52,90.0,344.0,1020.0
01544000,08-15,11.0,13.0,25.0,48,111.0,414.0,693.0
01544000,08-16,11.0,13.0,23.0,49,127.0,349.0,580.0
01544000,08-17,12.0,16.0,26.0,48,156.0,359.0,468.0
01544000,08-18,12.0,15.0,23.0,49,148.0,380.0,805.0
01544000,08-19,12.0,15.0,23.0,42,137.0,319.0,1370.0
01544000,08-20,12.0,15.0,23.0,35,106.0,254.0,758.0
01544000,08-21,11.0,14.0,23.0,47,133.0,318.0,777.0
01544000,08-22,9.3,11.0,23.0,46,128.0,343.0,932.0
01544000,08-23,9.2,13.0,24.0,45,130.0,297.0,585.0
01544000,08-24,11.0,13.0,23.0,42,121.0,255.0,485.0
01544000,08-25,10.0,13.0,25.0,41,119.0,276.0,359.0
01544000,08-26,9.8,12.0,21.0,37,104.0,225.0,328.0
01544000,08-27,9.2,13.0,21.0,40,115.0,231.0,264.0
01544000,08-28,9.2,12.0,21.0,39,118.0,203.0,253.0
01544000,08-29,8.7,12.0,19.0,39,110.0,209.0,606.0
01544000,08-30,8.2,11.0,20.0,39,123.0,216.0,592.0
01544000,08-31,9.1,12.0,24.0,40,142.0,211.0,513.0
01544000,09-01,10.0,12.0,21.0,51,114.0,267.0,467.0
01544000,09-02,8.5,12.0,22.0,48,108.0,228.0,365.0
01544000,09-03,8.3,12.0,24.0,42,112.0,240.0,387.0
01544000,09-04,9.7,16.0,21.0,50,106.0,238.0,632.0
01544000,09-05,9.4,15.0,21.0,46,107.0,245.0,474.0
01544000,09-06,9.0,13.0,19.0,40,128.0,269.0,326.0
01544000,09-07,8.8,12.0,19.0,43,122.0,258.0,289.0
01544000,09-08,8.7,12.0,21.0,44,155.0,293.0,384.0
01544000,09-09,8.7,13.0,22.0,39,131.0,322.0,400.0
01544000,09-10,9.3,13.0,20.0,47,118.0,297.0,522.0
01544000,09-11,8.7,13.0,21.0,42,118.0,348.0,514.0
01544000,09-12,8.6,12.0,23.0,47,113.0,423.0,985.0
01544000,09-13,7.2,11.0,20.0,52,130.0,558.0,1100.0
01544000,09-14,7.1,9.9,20.0,42,140.0,459.0,721.0
01544000,09-15,7.0,11.0,19.0,45,138.0,440.0,627.0
01544000,09-16,6.9,10.0,22.0,47,122.0,311.0,487.0
01544000,09-17,8.4,11.0,19.0,46,93.0,274.0,598.0
01544000,09-18,8.3,11.0,21.0,48,100.0,355.0,973.0
01544000,09-19,9.2,11.0,23.0,42,99.0,472.0,1300.0
01544000,09-20,8.8,13.0,22.0,41,107.0,369.0,1490.0
01544000,09-21,7.0,13.0,22.0,44,119.0,366.0,1210.0
01544000,09-22,9.5,15.0,22.0,48,117.0,562.0,1020.0
01544000,09-23,5.9,13.0,23.0,51,120.0,732.0,1440.0
01544000,09-24,11.0,15.0,22.0,52,129.0,616.0,1400.0
01544000,09-25,13.0,16.0,26.0,45,121.0,487.0,979.0
01544000,09-26,13.0,16.0,24.0,48,124.0,414.0,820.0
01544000,09-27,13.0,16.0,22.0,47,128.0,454.0,1020.0
01544000,09-28,12.0,16.0,22.0,63,184.0,716.0,1700.0
01544000,09-29,11.0,16.0,21.0,62,205.0,800.0,1370.0
01544000,09-30,10.0,15.0,24.0,57,208.0,950.0,1710.0
01544000,10-01,11.0,14.0,24.0,56,208.0,676.0,1900.0
01544000,10-02,13.0,16.0,25.0,62,197.0,566.0,783.0
01544000,10-03,15.0,16.0,26.0,59,177.0,481.0,604.0
01544000,10-04,14.0,15.0,24.0,61,204.0,460.0,635.0
01544000,10-05,14.0,15.0,29.0,54,207.0,478.0,614.0
01544000,10-06,14.0,16.0,28.0,52,208.0,462.0,515.0
01544000,10-07,14.0,17.0,28.0,66,182.0,391.0,593.0
01544000,10-08,14.0,19.0,28.0,84,178.0,403.0,603.0
01544000,10-09,14.0,18.0,24.0,93,196.0,381.0,534.0
01544000,10-10,13.0,18.0,24.0,78,182.0,391.0,548.0
01544000,10-11,14.0,18.0,24.0,77,150.0,396.0,828.0
01544000,10-12,14.0,17.0,29.0,72,141.0,392.0,840.0
01544000,10-13,11.0,16.0,28.0,70,132.0,371.0,742.0
01544000,10-14,11.0,17.0,28.0,66,146.0,407.0,1030.0
01544000,10-15,11.0,16.0,26.0,77,169.0,419.0,1080.0
01544000,10-16,11.0,17.0,27.0,70,174.0,495.0,780.0
01544000,10-17,9.7,17.0,24.0,76,184.0,466.0,798.0
01544000,10-18,11.0,17.0,25.0,79,198.0,534.0,792.0
01544000,10-19,13.0,19.0,31.0,77,213.0,610.0,1200.0
01544000,10-20,13.0,19.0,34.0,78,227.0,908.0,1390.0
01544000,10-21,11.0,20.0,41.0,86,329.0,1080.0,1890.0
01544000,10-22,11.0,20.0,43.0,89,330.0,889.0,1680.0
01544000,10-23,11.0,20.0,41.0,87,304.0,686.0,1240.0
01544000,10-24,11.0,20.0,41.0,100,294.0,665.0,887.0
01544000,10-25,12.0,21.0,43.0,113,350.0,689.0,970.0
01544000,10-26,12.0,20.0,53.0,122,325.0,641.0,1090.0
01544000,10-27,14.0,20.0,52.0,145,343.0,640.0,1070.0
01544000,10-28,14.0,22.0,48.0,125,395.0,860.0,1200.0
01544000,10-29,12.0,18.0,48.0,128,334.0,789.0,1690.0
01544000,10-30,14.0,20.0,48.0,150,375.0,1220.0,2080.0
01544000,10-31,14.0,19.0,49.0,133,372.0,1030.0,1420.0
01544000,11-01,12.0,18.0,52.0,133,374.0,907.0,1120.0
01544000,11-02,13.0,18.0,52.0,162,413.0,683.0,914.0
01544000,11-03,14.0,22.0,57.0,170,451.0,716.0,902.0
01544000,11-04,14.0,24.0,54.0,167,407.0,680.0,992.0
01544000,11-05,14.0,25.0,54.0,187,423.0,570.0,837.0
01544000,11-06,14.0,30.0,70.0,204,366.0,688.0,953.0
01544000,11-07,16.0,29.0,63.0,199,369.0,708.0,1020.0
01544000,11-08,16.0,34.0,74.0,187,380.0,694.0,1330.0
01544000,11-09,16.0,40.0,76.0,180,370.0,713.0,896.0
01544000,11-10,17.0,42.0,82.0,207,402.0,665.0,1100.0
01544000,11-11,19.0,38.0,108.0,227,417.0,970.0,1490.0
01544000,11-12,19.0,36.0,107.0,217,484.0,1380.0,2080.0
01544000,11-13,19.0,31.0,97.0,201,455.0,1350.0,1970.0
01544000,11-14,18.0,40.0,119.0,195,427.0,965.0,1570.0
01544000,11-15,18.0,40.0,112.0,216,360.0,814.0,1530.0
01544000,11-16,20.0,39.0,129.0,222,469.0,870.0,1180.0
01544000,11-17,27.0,48.0,134.0,255,501.0,833.0,1990.0
01544000,11-18,28.0,51.0,124.0,254,477.0,1010.0,2310.0
01544000,11-19,21.0,43.0,117.0,256,478.0,988.0,1570.0
01544000,11-20,26.0,46.0,121.0,246,515.0,878.0,1300.0
01544000,11-21,28.0,50.0,118.0,245,533.0,820.0,964.0
01544000,11-22,28.0,52.0,107.0,267,517.0,710.0,990.0
01544000,11-23,23.0,48.0,119.0,266,478.0,727.0,1000.0
01544000,11-24,26.0,43.0,123.0,260,469.0,773.0,1210.0
01544000,11-25,28.0,41.0,128.0,289,405.0,701.0,1000.0
01544000,11-26,30.0,90.0,182.0,314,505.0,873.0,1020.0
01544000,11-27,45.0,90.0,214.0,308,602.0,1250.0,2390.0
01544000,11-28,39.0,95.0,222.0,313,608.0,1750.0,2520.0
01544000,11-29,35.0,86.0,223.0,314,742.0,1540.0,1990.0
01544000,11-30,32.0,86.0,207.0,313,768.0,1460.0,1740.0
01544000,12-01,34.0,77.0,198.0,363,826.0,1140.0,1730.0
01544000,12-02,36.0,86.0,206.0,339,688.0,1580.0,2800.0
01544000,12-03,33.0,95.0,200.0,356,605.0,1570.0,2840.0
01544000,12-04,33.0,83.0,196.0,356,744.0,1270.0,1690.0
01544000,12-05,42.0,98.0,201.0,333,753.0,1070.0,1270.0
01544000,12-06,45.0,110.0,199.0,360,671.0,1030.0,1300.0
01544000,12-07,51.0,112.0,192.0,352,602.0,855.0,1700.0
01544000,12-08,52.0,119.0,190.0,328,535.0,801.0,1500.0
01544000,12-09,54.0,109.0,191.0,350,504.0,946.0,1750.0
01544000,12-10,48.0,100.0,200.0,313,520.0,1030.0,1620.0
01544000,12-11,51.0,120.0,215.0,360,550.0,1160.0,1690.0
01544000,12-12,62.0,117.0,204.0,344,650.0,1130.0,1620.0
01544000,12-13,52.0,118.0,202.0,323,713.0,1090.0,1550.0
01544000,12-14,70.0,114.0,209.0,293,760.0,1020.0,1390.0
01544000,12-15,69.0,98.0,193.0,316,679.0,1030.0,1660.0
01544000,12-16,48.0,96.0,200.0,369,579.0,1090.0,1510.0
01544000,12-17,72.0,80.0,189.0,347,554.0,966.0,1350.0
01544000,12-18,80.0,102.0,191.0,366,600.0,975.0,1340.0
01544000,12-19,64.0,114.0,184.0,320,596.0,991.0,2050.0
01544000,12-20,52.0,98.0,172.0,355,558.0,929.0,1430.0
01544000,12-21,43.0,91.0,161.0,319,558.0,1290.0,1630.0
01544000,12-22,63.0,97.0,176.0,328,600.0,1100.0,1960.0
01544000,12-23,77.0,101.0,197.0,334,608.0,1220.0,1880.0
01544000,12-24,87.0,118.0,202.0,340,644.0,1600.0,2130.0
01544000,12-25,76.0,117.0,226.0,347,655.0,1450.0,2310.0
01544000,12-26,77.0,91.0,209.0,386,688.0,1200.0,1630.0
01544000,12-27,75.0,97.0,175.0,364,736.0,1110.0,1450.0
01544000,12-28,78.0,109.0,222.0,368,706.0,1000.0,1270.0
01544000,12-29,85.0,111.0,172.0,365,662.0,943.0,1840.0
01544000,12-30,83.0,106.0,172.0,358,621.0,1170.0,1470.0
01544000,12-31,87.0,102.0,181.0,418,598.0,972.0,2250.0
01545000,01-01,64.0,95.0,181.0,351,514.0,940.0,1940.0
01545000,01-02,78.0,110.0,175.0,326,542.0,1080.0,1420.0
01545000,01-03,70.0,92.0,164.0,303,503.0,1040.0,1590.0
01545000,01-04,61.0,85.0,165.0,302,512.0,922.0,1400.0
01545000,01-05,58.0,70.0,152.0,285,540.0,1030.0,1750.0
01545000,01-06,61.0,78.0,152.0,298,512.0,1040.0,1280.0
01545000,01-07,60.0,80.0,160.0,290,422.0,998.0,1400.0
01545000,01-08,62.0,80.0,141.0,290,403.0,856.0,1240.0
01545000,01-09,71.0,84.0,145.0,273,420.0,979.0,1400.0
01545000,01-10,75.0,89.0,152.0,284,418.0,950.0,1640.0
01545000,01-11,73.0,92.0,151.0,251,473.0,877.0,1290.0
01545000,01-12,65.0,100.0,150.0,253,441.0,864.0,1170.0
01545000,01-13,69.0,100.0,150.0,244,486.0,1000.0,1340.0
01545000,01-14,62.0,102.0,150.0,245,574.0,984.0,1350.0
01545000,01-15,62.0,110.0,154.0,237,580.0,893.0,1720.0
01545000,01-16,74.0,100.0,155.0,250,511.0,728.0,1530.0
01545000,01-17,63.0,92.0,148.0,220,457.0,767.0,1150.0
01545000,01-18,66.0,94.0,144.0,225,383.0,679.0,909.0
01545000,01-19,80.0,100.0,151.0,226,403.0,647.0,736.0
01545000,01-20,72.0,100.0,155.0,240,376.0,757.0,1500.0
01545000,01-21,70.0,100.0,142.0,220,365.0,729.0,2600.0
01545000,01-22,65.0,96.0,140.0,200,342.0,858.0,1590.0
01545000,01-23,70.0,106.0,139.0,220,363.0,842.0,1150.0
01545000,01-24,79.0,100.0,138.0,214,380.0,958.0,1170.0
01545000,01-25,77.0,98.0,135.0,208,413.0,1100.0,1610.0
01545000,01-26,71.0,98.0,131.0,221,494.0,1150.0,2410.0
01545000,01-27,73.0,96.0,135.0,210,605.0,1210.0,2150.0
01545000,01-28,74.0,92.0,134.0,198,560.0,1290.0,2070.0
01545000,01-29,69.0,86.0,130.0,220,534.0,1150.0,1580.0
01545000,01-30,83.0,86.0,130.0,220,490.0,868.0,1140.0
01545000,01-31,81.0,93.0,132.0,204,478.0,754.0,1240.0
01545000,02-01,81.0,100.0,135.0,220,435.0,807.0,1090.0
01545000,02-02,71.0,98.0,140.0,224,469.0,858.0,1150.0
01545000,02-03,66.0,93.0,145.0,250,425.0,1180.0,1860.0
01545000,02-04,66.0,94.0,130.0,227,413.0,979.0,1570.0
01545000,02-05,82.0,93.0,134.0,230,438.0,878.0,1070.0
01545000,02-06,74.0,90.0,127.0,254,453.0,770.0,1140.0
01545000,02-07,73.0,86.0,123.0,217,463.0,783.0,903.0
01545000,02-08,76.0,88.0,120.0,217,434.0,786.0,1510.0
01545000,02-09,69.0,81.0,126.0,209,377.0,647.0,1820.0
01545000,02-10,77.0,83.0,129.0,200,347.0,977.0,1330.0
01545000,02-11,83.0,90.0,128.0,210,351.0,900.0,1320.0
01545000,02-12,80.0,88.0,125.0,220,341.0,971.0,1320.0
01545000,02-13,77.0,94.0,135.0,210,384.0,759.0,1080.0
01545000,02-14,86.0,104.0,131.0,195,380.0,821.0,1460.0
01545000,02-15,84.0,108.0,140.0,210,390.0,726.0,1000.0
01545000,02-16,78.0,108.0,132.0,220,423.0,837.0,1520.0
01545000,02-17,79.0,103.0,134.0,210,435.0,760.0,1920.0
01545000,02-18,90.0,100.0,128.0,217,423.0,1060.0,1880.0
01545000,02-19,89.0,98.0,131.0,210,422.0,1130.0,1900.0
01545000,02-20,79.0,94.0,134.0,218,412.0,938.0,1720.0
01545000,02-21,77.0,89.0,128.0,224,576.0,1010.0,1480.0
01545000,02-22,82.0,88.0,133.0,269,522.0,1420.0,2230.0
01545000,02-23,80.0,88.0,140.0,258,566.0,1450.0,2250.0
01545000,02-24,81.0,92.0,142.0,268,598.0,1280.0,2150.0
01545000,02-25,77.0,93.0,144.0,287,649.0,1860.0,2790.0
01545000,02-26,71.0,79.0,138.0,248,613.0,1750.0,2990.0
01545000,02-27,75.0,86.0,132.0,250,596.0,1430.0,2730.0
01545000,02-28,82.0,100.0,150.0,284,692.0,1660.0,2630.0
01545000,02-29,,85.0,117.0,409,849.0,1880.0,
01545000,03-01,78.0,100.0,173.0,308,694.0,1500.0,1650.0
01545000,03-02,82.0,106.0,171.0,371,691.0,1200.0,1650.0
01545000,03-03,81.0,110.0,184.0,339,690.0,1180.0,1300.0
01545000,03-04,79.0,107.0,183.0,379,702.0,1400.0,1650.0
01545000,03-05,79.0,112.0,176.0,387,762.0,1580.0,2550.0
01545000,03-06,86.0,106.0,169.0,356,907.0,1950.0,2120.0
01545000,03-07,89.0,108.0,165.0,381,892.0,2080.0,3530.0
01545000,03-08,90.0,110.0,172.0,384,834.0,2440.0,3390.0
01545000,03-09,83.0,113.0,171.0,344,895.0,2170.0,3830.0
01545000,03-10,102.0,128.0,199.0,390,868.0,1700.0,2920.0
01545000,03-11,111.0,139.0,223.0,515,876.0,1380.0,2740.0
01545000,03-12,91.0,125.0,283.0,488,1010.0,1610.0,2220.0
01545000,03-13,106.0,140.0,300.0,474,932.0,2110.0,2500.0
01545000,03-14,113.0,158.0,314.0,489,930.0,1530.0,2210.0
01545000,03-15,108.0,156.0,322.0,554,1000.0,1650.0,2810.0
01545000,03-16,127.0,159.0,307.0,508,919.0,1620.0,2570.0
01545000,03-17,157.0,193.0,307.0,541,995.0,1870.0,2870.0
01545000,03-18,165.0,199.0,329.0,552,1130.0,1760.0,2830.0
01545000,03-19,165.0,228.0,358.0,523,1030.0,1310.0,2170.0
01545000,03-20,184.0,247.0,353.0,552,978.0,1510.0,2430.0
01545000,03-21,201.0,249.0,337.0,577,847.0,1530.0,2220.0
01545000,03-22,194.0,249.0,295.0,590,1030.0,1690.0,2510.0
01545000,03-23,170.0,230.0,291.0,561,1150.0,1850.0,2520.0
01545000,03-24,179.0,251.0,346.0,533,905.0,1660.0,2660.0
01545000,03-25,173.0,233.0,333.0,560,891.0,1660.0,2880.0
01545000,03-26,171.0,244.0,368.0,557,936.0,1590.0,2840.0
01545000,03-27,160.0,242.0,379.0,574,965.0,1810.0,2130.0
01545000,03-28,173.0,232.0,359.0,588,1090.0,1660.0,1860.0
01545000,03-29,139.0,222.0,345.0,584,1120.0,1590.0,2410.0
01545000,03-30,133.0,223.0,343.0,530,1020.0,1950.0,2950.0
01545000,03-31,143.0,224.0,340.0,615,1020.0,2010.0,3170.0
01545000,04-01,150.0,210.0,366.0,597,1020.0,2280.0,2830.0
01545000,04-02,160.0,216.0,422.0,642,1190.0,2040.0,2580.0
01545000,04-03,140.0,207.0,419.0,655,1220.0,1910.0,2800.0
01545000,04-04,118.0,233.0,442.0,784,1280.0,2460.0,3370.0
01545000,04-05,110.0,297.0,430.0,717,1450.0,2970.0,3820.0
01545000,04-06,181.0,313.0,423.0,853,1340.0,2590.0,3810.0
01545000,04-07,182.0,302.0,414.0,740,1340.0,2140.0,2950.0
01545000,04-08,172.0,284.0,397.0,685,1170.0,2010.0,3240.0
01545000,04-09,188.0,285.0,396.0,661,965.0,1950.0,2450.0
01545000,04-10,167.0,268.0,355.0,624,1110.0,1990.0,2450.0
01545000,04-11,226.0,244.0,340.0,572,1130.0,1970.0,2130.0
01545000,04-12,201.0,263.0,330.0,528,1090.0,1740.0,2220.0
01545000,04-13,218.0,278.0,352.0,566,1010.0,1620.0,2480.0
01545000,04-14,208.0,238.0,354.0,581,979.0,1820.0,2610.0
01545000,04-15,155.0,238.0,329.0,586,933.0,1570.0,1970.0
01545000,04-16,177.0,234.0,359.0,595,940.0,1420.0,1800.0
01545000,04-17,196.0,228.0,342.0,549,1020.0,1570.0,3360.0
01545000,04-18,186.0,221.0,338.0,489,897.0,1800.0,2510.0
01545000,04-19,155.0,203.0,317.0,525,790.0,1410.0,1710.0
01545000,04-20,150.0,194.0,300.0,521,802.0,1270.0,1450.0
01545000,04-21,151.0,179.0,293.0,488,801.0,1150.0,1740.0
01545000,04-22,150.0,178.0,281.0,442,746.0,1220.0,1730.0
01545000,04-23,156.0,182.0,271.0,400,711.0,1330.0,1480.0
01545000,04-24,156.0,179.0,270.0,414,662.0,1140.0,1460.0
01545000,04-25,157.0,197.0,257.0,436,645.0,1050.0,1440.0
01545000,04-26,169.0,193.0,262.0,458,578.0,891.0,1550.0
01545000,04-27,169.0,180.0,260.0,397,581.0,868.0,1240.0
01545000,04-28,166.0,190.0,254.0,385,556.0,864.0,1140.0
01545000,04-29,163.0,201.0,252.0,375,572.0,877.0,1410.0
01545000,04-30,163.0,203.0,273.0,352,586.0,1110.0,1880.0
01545000,05-01,156.0,199.0,265.0,357,593.0,1020.0,2890.0
01545000,05-02,185.0,198.0,261.0,376,615.0,1190.0,2010.0
01545000,05-03,173.0,196.0,252.0,404,620.0,1040.0,1840.0
01545000,05-04,158.0,198.0,246.0,373,660.0,905.0,1130.0
01545000,05-05,153.0,191.0,234.0,337,575.0,864.0,1140.0
01545000,05-06,140.0,179.0,234.0,327,550.0,750.0,1280.0
01545000,05-07,140.0,183.0,221.0,356,556.0,768.0,1190.0
01545000,05-08,142.0,164.0,234.0,328,500.0,966.0,1400.0
01545000,05-09,142.0,158.0,239.0,348,517.0,920.0,1220.0
01545000,05-10,140.0,157.0,256.0,348,613.0,1020.0,1270.0
01545000,05-11,137.0,163.0,235.0,336,606.0,939.0,1400.0
01545000,05-12,138.0,169.0,255.0,399,757.0,1010.0,1750.0
01545000,05-13,143.0,161.0,247.0,383,887.0,1690.0,2060.0
01545000,05-14,135.0,176.0,228.0,401,978.0,1420.0,2030.0
01545000,05-15,125.0,157.0,214.0,358,842.0,1180.0,1490.0
01545000,05-16,123.0,149.0,211.0,369,792.0,1250.0,1550.0
01545000,05-17,118.0,143.0,194.0,367,716.0,1270.0,1540.0
01545000,05-18,114.0,140.0,197.0,362,694.0,1070.0,1340.0
01545000,05-19,112.0,137.0,206.0,376,682.0,1190.0,2310.0
01545000,05-20,107.0,132.0,189.0,363,661.0,1140.0,1520.0
01545000,05-21,113.0,127.0,185.0,366,590.0,1120.0,2060.0
01545000,05-22,111.0,117.0,185.0,342,557.0,960.0,1650.0
01545000,05-23,94.0,115.0,181.0,329,596.0,1080.0,1430.0
01545000,05-24,95.0,111.0,168.0,298,560.0,998.0,1360.0
01545000,05-25,96.0,116.0,168.0,273,495.0,918.0,1260.0
01545000,05-26,95.0,104.0,162.0,255,489.0,768.0,1200.0
01545000,05-27,88.0,94.0,161.0,239,436.0,643.0,1130.0
01545000,05-28,85.0,94.0,159.0,228,402.0,794.0,1170.0
01545000,05-29,79.0,95.0,151.0,240,413.0,754.0,1080.0
01545000,05-30,73.0,91.0,133.0,226,402.0,740.0,1110.0
01545000,05-31,75.0,92.0,140.0,215,377.0,675.0,1360.0
01545000,06-01,77.0,91.0,133.0,210,356.0,625.0,1250.0
01545000,06-02,69.0,86.0,130.0,202,313.0,651.0,1150.0
01545000,06-03,68.0,80.0,125.0,215,305.0,578.0,1010.0
01545000,06-04,59.0,76.0,131.0,220,289.0,566.0,858.0
01545000,06-05,58.0,72.0,133.0,189,281.0,579.0,829.0
01545000,06-06,55.0,69.0,118.0,189,311.0,651.0,775.0
01545000,06-07,50.0,70.0,121.0,175,298.0,612.0,1410.0
01545000,06-08,43.0,73.0,111.0,163,279.0,560.0,1110.0
01545000,06-09,41.0,73.0,117.0,171,283.0,476.0,808.0
01545000,06-10,41.0,80.0,108.0,163,274.0,439.0,653.0
01545000,06-11,41.0,76.0,99.0,150,252.0,358.0,585.0
01545000,06-12,54.0,74.0,94.0,159,243.0,388.0,597.0
01545000,06-13,63.0,72.0,102.0,176,255.0,400.0,572.0
01545000,06-14,61.0,73.0,96.0,161,222.0,359.0,649.0
01545000,06-15,44.0,66.0,96.0,162,232.0,575.0,903.0
01545000,06-16,42.0,60.0,92.0,151,218.0,540.0,977.0
01545000,06-17,45.0,59.0,82.0,138,225.0,544.0,871.0
01545000,06-18,46.0,55.0,83.0,133,245.0,530.0,839.0
01545000,06-19,36.0,43.0,83.0,134,242.0,614.0,1230.0
01545000,06-20,36.0,46.0,87.0,127,235.0,879.0,1210.0
01545000,06-21,38.0,46.0,88.0,118,222.0,658.0,913.0
01545000,06-22,31.0,55.0,81.0,114,263.0,667.0,1340.0
01545000,06-23,32.0,50.0,80.0,112,212.0,569.0,1400.0
01545000,06-24,36.0,41.0,74.0,103,209.0,477.0,1120.0
01545000,06-25,31.0,41.0,71.0,99,184.0,636.0,1530.0
01545000,06-26,33.0,40.0,62.0,103,184.0,602.0,780.0
01545000,06-27,30.0,39.0,60.0,109,201.0,485.0,705.0
01545000,06-28,27.0,37.0,59.0,101,223.0,517.0,681.0
01545000,06-29,30.0,34.0,55.0,97,226.0,449.0,967.0
01545000,06-30,30.0,38.0,56.0,97,224.0,424.0,818.0
01545000,07-01,26.0,38.0,62.0,109,243.0,387.0,775.0
01545000,07-02,25.0,31.0,61.0,111,217.0,364.0,686.0
01545000,07-03,22.0,36.0,52.0,103,221.0,524.0,671.0
01545000,07-04,22.0,32.0,60.0,107,203.0,367.0,666.0
01545000,07-05,24.0,32.0,59.0,93,180.0,357.0,545.0
01545000,07-06,25.0,30.0,53.0,92,167.0,295.0,564.0
01545000,07-07,22.0,32.0,47.0,92,162.0,271.0,548.0
01545000,07-08,22.0,30.0,50.0,96,146.0,280.0,558.0
01545000,07-09,22.0,30.0,49.0,87,161.0,287.0,568.0
01545000,07-10,22.0,26.0,43.0,96,148.0,301.0,538.0
01545000,07-11,19.0,27.0,41.0,89,143.0,264.0,420.0
01545000,07-12,17.0,24.0,42.0,82,134.0,396.0,576.0
01545000,07-13,13.0,18.0,37.0,79,119.0,383.0,508.0
01545000,07-14,14.0,18.0,37.0,77,137.0,384.0,495.0
01545000,07-15,16.0,20.0,37.0,72,133.0,430.0,569.0
01545000,07-16,16.0,21.0,35.0,71,148.0,377.0,986.0
01545000,07-17,15.0,20.0,35.0,75,133.0,344.0,947.0
01545000,07-18,14.0,18.0,37.0,75,132.0,357.0,964.0
01545000,07-19,15.0,19.0,39.0,69,138.0,353.0,691.0
01545000,07-20,16.0,20.0,38.0,65,130.0,394.0,554.0
01545000,07-21,14.0,19.0,38.0,67,136.0,388.0,565.0
01545000,07-22,13.0,19.0,38.0,66,194.0,347.0,494.0
01545000,07-23,13.0,18.0,40.0,67,163.0,296.0,662.0
01545000,07-24,12.0,20.0,42.0,72,150.0,315.0,631.0
01545000,07-25,14.0,18.0,42.0,71,153.0,286.0,503.0
01545000,07-26,13.0,20.0,42.0,73,152.0,279.0,748.0
01545000,07-27,13.0,20.0,42.0,77,182.0,317.0,650.0
01545000,07-28,14.0,19.0,35.0,67,152.0,323.0,695.0
01545000,07-29,14.0,20.0,33.0,66,140.0,320.0,476.0
01545000,07-30,13.0,17.0,36.0,63,158.0,322.0,603.0
01545000,07-31,12.0,16.0,36.0,62,124.0,292.0,1130.0
01545000,08-01,14.0,18.0,33.0,64,126.0,320.0,1320.0
01545000,08-02,12.0,17.0,31.0,63,117.0,236.0,1000.0
01545000,08-03,13.0,17.0,34.0,62,109.0,224.0,748.0
01545000,08-04,13.0,15.0,31.0,66,105.0,264.0,626.0
01545000,08-05,13.0,15.0,27.0,61,99.0,242.0,486.0
01545000,08-06,12.0,16.0,27.0,57,88.0,245.0,383.0
01545000,08-07,12.0,14.0,24.0,55,99.0,222.0,337.0
01545000,08-08,12.0,14.0,25.0,53,111.0,272.0,312.0
01545000,08-09,12.0,14.0,23.0,48,116.0,235.0,409.0
01545000,08-10,13.0,15.0,21.0,49,97.0,258.0,679.0
01545000,08-11,13.0,16.0,24.0,46,108.0,246.0,511.0
01545000,08-12,13.0,15.0,24.0,51,99.0,288.0,460.0
01545000,08-13,11.0,13.0,23.0,53,90.0,241.0,751.0
01545000,08-14,12.0,13.0,28.0,43,110.0,309.0,629.0
01545000,08-15,9.7,12.0,26.0,43,94.0,354.0,542.0
01545000,08-16,10.0,12.0,26.0,44,103.0,342.0,474.0
01545000,08-17,9.9,12.0,24.0,51,103.0,310.0,433.0
01545000,08-18,9.8,12.0,23.0,55,93.0,328.0,584.0
01545000,08-19,9.8,11.0,22.0,44,96.0,310.0,930.0
01545000,08-20,9.8,12.0,22.0,38,106.0,250.0,683.0
01545000,08-21,11.0,12.0,21.0,41,111.0,270.0,544.0
01545000,08-22,9.7,12.0,21.0,44,107.0,237.0,623.0
01545000,08-23,11.0,13.0,21.0,45,117.0,232.0,494.0
01545000,08-24,11.0,15.0,20.0,43,102.0,268.0,485.0
01545000,08-25,11.0,14.0,21.0,42,93.0,233.0,385.0
01545000,08-26,11.0,13.0,21.0,40,91.0,200.0,317.0
01545000,08-27,11.0,12.0,19.0,40,111.0,198.0,272.0
01545000,08-28,11.0,13.0,16.0,37,117.0,218.0,266.0
01545000,08-29,11.0,13.0,16.0,33,105.0,244.0,514.0
01545000,08-30,10.0,12.0,17.0,38,105.0,233.0,632.0
01545000,08-31,10.0,12.0,17.0,43,107.0,326.0,522.0
01545000,09-01,9.8,11.0,18.0,40,103.0,320.0,429.0
01545000,09-02,10.0,12.0,17.0,46,100.0,296.0,370.0
01545000,09-03,9.7,11.0,16.0,40,98.0,265.0,325.0
01545000,09-04,10.0,11.0,18.0,42,99.0,230.0,529.0
01545000,09-05,10.0,11.0,19.0,44,105.0,215.0,297.0
01545000,09-06,9.5,12.0,23.0,45,103.0,262.0,455.0
01545000,09-07,10.0,11.0,24.0,43,125.0,248.0,433.0
01545000,09-08,9.1,11.0,23.0,44,122.0,274.0,326.0
01545000,09-09,8.7,11.0,20.0,43,101.0,274.0,382.0
01545000,09-10,8.7,12.0,20.0,41,107.0,301.0,331.0
01545000,09-11,8.9,11.0,19.0,47,102.0,238.0,318.0
01545000,09-12,6.8,9.9,20.0,47,117.0,220.0,605.0
01545000,09-13,6.6,11.0,21.0,50,104.0,272.0,802.0
01545000,09-14,6.3,11.0,22.0,53,104.0,304.0,797.0
01545000,09-15,6.4,10.0,23.0,50,107.0,288.0,611.0
01545000,09-16,7.0,11.0,23.0,48,97.0,376.0,494.0
01545000,09-17,7.6,11.0,18.0,50,93.0,373.0,635.0
01545000,09-18,8.4,11.0,22.0,46,90.0,304.0,561.0
01545000,09-19,8.6,12.0,23.0,45,97.0,396.0,1240.0
01545000,09-20,8.9,12.0,22.0,42,86.0,383.0,848.0
01545000,09-21,8.6,12.0,23.0,46,88.0,394.0,1050.0
01545000,09-22,10.0,12.0,22.0,43,101.0,428.0,832.0
01545000,09-23,11.0,12.0,22.0,44,107.0,470.0,1060.0
01545000,09-24,10.0,12.0,22.0,48,104.0,471.0,1110.0
01545000,09-25,9.8,12.0,24.0,46,104.0,409.0,1180.0
01545000,09-26,11.0,13.0,24.0,46,101.0,432.0,967.0
01545000,09-27,11.0,13.0,24.0,40,106.0,396.0,1340.0
01545000,09-28,12.0,14.0,24.0,54,171.0,626.0,1630.0
01545000,09-29,13.0,17.0,27.0,65,157.0,576.0,1960.0
01545000,09-30,12.0,15.0,25.0,66,199.0,686.0,1290.0
01545000,10-01,12.0,14.0,24.0,59,189.0,589.0,1160.0
01545000,10-02,12.0,16.0,28.0,60,176.0,559.0,852.0
01545000,10-03,12.0,14.0,30.0,60,160.0,455.0,581.0
01545000,10-04,13.0,14.0,33.0,66,169.0,396.0,566.0
01545000,10-05,13.0,16.0,31.0,59,177.0,395.0,508.0
01545000,10-06,13.0,15.0,31.0,60,166.0,361.0,540.0
01545000,10-07,13.0,14.0,29.0,60,153.0,361.0,517.0
01545000,10-08,12.0,15.0,33.0,55,159.0,336.0,522.0
01545000,10-09,10.0,17.0,34.0,64,148.0,330.0,497.0
01545000,10-10,10.0,17.0,34.0,65,132.0,290.0,550.0
01545000,10-11,11.0,13.0,28.0,61,125.0,323.0,752.0
01545000,10-12,11.0,14.0,27.0,63,111.0,384.0,961.0
01545000,10-13,11.0,15.0,28.0,58,117.0,356.0,923.0
01545000,10-14,11.0,16.0,27.0,67,123.0,346.0,776.0
01545000,10-15,11.0,16.0,28.0,85,151.0,395.0,846.0
01545000,10-16,11.0,16.0,28.0,78,172.0,453.0,737.0
01545000,10-17,10.0,16.0,29.0,61,168.0,338.0,808.0
01545000,10-18,11.0,16.0,35.0,65,185.0,424.0,711.0
01545000,10-19,13.0,19.0,32.0,68,206.0,547.0,1050.0
01545000,10-20,12.0,19.0,31.0,73,208.0,687.0,1360.0
01545000,10-21,11.0,23.0,33.0,76,264.0,1020.0,1310.0
01545000,10-22,11.0,20.0,35.0,68,255.0,1010.0,1150.0
01545000,10-23,13.0,23.0,38.0,72,254.0,705.0,1020.0
01545000,10-24,13.0,23.0,36.0,79,262.0,622.0,875.0
01545000,10-25,14.0,26.0,36.0,91,267.0,565.0,710.0
01545000,10-26,15.0,26.0,39.0,105,251.0,536.0,926.0
01545000,10-27,15.0,25.0,47.0,98,318.0,662.0,955.0
01545000,10-28,15.0,24.0,45.0,93,304.0,720.0,822.0
01545000,10-29,14.0,22.0,40.0,107,324.0,666.0,936.0
01545000,10-30,10.0,21.0,41.0,109,374.0,880.0,1370.0
01545000,10-31,9.9,20.0,41.0,102,376.0,812.0,1120.0
01545000,11-01,13.0,23.0,47.0,107,332.0,717.0,1210.0
01545000,11-02,11.0,22.0,52.0,123,327.0,572.0,946.0
01545000,11-03,11.0,24.0,56.0,142,348.0,567.0,819.0
01545000,11-04,10.0,26.0,51.0,150,330.0,611.0,924.0
01545000,11-05,10.0,26.0,66.0,163,356.0,550.0,868.0
01545000,11-06,9.7,30.0,66.0,173,397.0,627.0,849.0
01545000,11-07,12.0,27.0,61.0,169,369.0,671.0,807.0
01545000,11-08,16.0,28.0,62.0,169,346.0,580.0,944.0
01545000,11-09,17.0,34.0,70.0,164,346.0,620.0,1180.0
01545000,11-10,17.0,37.0,82.0,177,346.0,507.0,1370.0
01545000,11-11,17.0,41.0,93.0,190,379.0,812.0,1480.0
01545000,11-12,18.0,43.0,85.0,203,438.0,1030.0,1660.0
01545000,11-13,21.0,51.0,90.0,184,432.0,1340.0,1920.0
01545000,11-14,25.0,48.0,88.0,178,424.0,1080.0,1340.0
01545000,11-15,27.0,48.0,86.0,175,469.0,902.0,1430.0
01545000,11-16,21.0,47.0,88.0,192,445.0,686.0,1100.0
01545000,11-17,20.0,49.0,105.0,195,426.0,813.0,1830.0
01545000,11-18,17.0,54.0,108.0,205,438.0,825.0,2000.0
01545000,11-19,17.0,48.0,111.0,188,446.0,896.0,1590.0
01545000,11-20,18.0,43.0,112.0,216,416.0,701.0,1290.0
01545000,11-21,18.0,46.0,116.0,233,427.0,641.0,869.0
01545000,11-22,24.0,47.0,111.0,243,432.0,597.0,738.0
01545000,11-23,27.0,57.0,114.0,263,428.0,586.0,893.0
01545000,11-24,25.0,62.0,128.0,245,395.0,579.0,892.0
01545000,11-25,31.0,67.0,137.0,240,359.0,681.0,825.0
01545000,11-26,50.0,74.0,148.0,250,438.0,793.0,1110.0
01545000,11-27,50.0,86.0,140.0,236,443.0,1060.0,1920.0
01545000,11-28,41.0,84.0,157.0,266,510.0,1260.0,1890.0
01545000,11-29,33.0,81.0,187.0,279,606.0,1430.0,1800.0
01545000,11-30,38.0,94.0,171.0,309,602.0,1100.0,1560.0
01545000,12-01,48.0,113.0,168.0,296,651.0,1270.0,1860.0
01545000,12-02,47.0,106.0,176.0,288,575.0,1410.0,2480.0
01545000,12-03,38.0,89.0,167.0,279,559.0,1110.0,1820.0
01545000,12-04,38.0,86.0,165.0,284,601.0,1270.0,1360.0
01545000,12-05,41.0,95.0,161.0,291,600.0,982.0,1340.0
01545000,12-06,39.0,93.0,160.0,322,597.0,990.0,1220.0
01545000,12-07,38.0,90.0,158.0,314,544.0,782.0,963.0
01545000,12-08,69.0,104.0,183.0,328,533.0,719.0,1310.0
01545000,12-09,62.0,103.0,178.0,329,526.0,922.0,1580.0
01545000,12-10,45.0,108.0,183.0,318,511.0,985.0,1270.0
01545000,12-11,60.0,111.0,196.0,328,478.0,1080.0,1530.0
01545000,12-12,79.0,113.0,193.0,331,525.0,955.0,1540.0
01545000,12-13,71.0,86.0,185.0,300,625.0,1030.0,1370.0
01545000,12-14,65.0,100.0,188.0,294,599.0,908.0,1230.0
01545000,12-15,76.0,108.0,186.0,288,557.0,949.0,1490.0
01545000,12-16,68.0,99.0,172.0,299,555.0,967.0,1240.0
01545000,12-17,69.0,107.0,173.0,311,509.0,846.0,1060.0
01545000,12-18,67.0,107.0,171.0,343,535.0,781.0,1090.0
01545000,12-19,83.0,121.0,174.0,323,532.0,814.0,1430.0
01545000,12-20,74.0,103.0,154.0,315,470.0,778.0,1210.0
01545000,12-21,70.0,100.0,171.0,293,471.0,852.0,1270.0
01545000,12-22,84.0,100.0,176.0,306,537.0,961.0,1780.0
01545000,12-23,79.0,111.0,186.0,314,497.0,1040.0,1990.0
01545000,12-24,76.0,121.0,202.0,330,526.0,1650.0,1940.0
01545000,12-25,77.0,116.0,193.0,347,528.0,1550.0,2050.0
01545000,12-26,80.0,100.0,185.0,347,660.0,1240.0,1590.0
01545000,12-27,72.0,92.0,202.0,331,606.0,1050.0,1350.0
01545000,12-28,78.0,105.0,196.0,349,568.0,917.0,1080.0
01545000,12-29,83.0,113.0,175.0,356,673.0,873.0,1140.0
01545000,12-30,79.0,102.0,180.0,353,585.0,841.0,1170.0
01545000,12-31,56.0,95.0,177.0,348,575.0,875.0,1470.0
01545500,01-01,1060.0,1600.0,2410.0,4740,7620.0,11900.0,18700.0
01545500,01-02,1080.0,1600.0,2620.0,4480,7390.0,13800.0,24800.0
01545500,01-03,1100.0,1560.0,2470.0,4380,8160.0,12900.0,17800.0
01545500,01-04,1010.0,1490.0,2500.0,4270,7870.0,13900.0,18400.0
01545500,01-05,1060.0,1510.0,2350.0,4460,7600.0,14400.0,19600.0
01545500,01-06,1200.0,1450.0,2140.0,4340,7820.0,12400.0,18300.0
01545500,01-07,1290.0,1450.0,2200.0,4280,6980.0,11400.0,15800.0
01545500,01-08,1230.0,1480.0,2300.0,3940,6790.0,10200.0,19700.0
01545500,01-09,1160.0,1500.0,2500.0,3990,6620.0,13600.0,17500.0
01545500,01-10,1210.0,1440.0,2210.0,3750,6800.0,13800.0,20100.0
01545500,01-11,1300.0,1480.0,2130.0,3750,6720.0,11600.0,17300.0
01545500,01-12,1130.0,1680.0,2450.0,3600,6320.0,10200.0,15100.0
01545500,01-13,1130.0,1530.0,2340.0,3600,7590.0,12100.0,20900.0
01545500,01-14,1130.0,1570.0,2330.0,3650,7610.0,13100.0,18800.0
01545500,01-15,1130.0,1450.0,2210.0,3720,6980.0,13400.0,17900.0
01545500,01-16,1160.0,1500.0,2200.0,3670,6770.0,10600.0,15400.0
01545500,01-17,1150.0,1490.0,1980.0,3380,6570.0,9860.0,12300.0
01545500,01-18,1110.0,1490.0,2000.0,3300,6450.0,9410.0,13500.0
01545500,01-19,1270.0,1460.0,2200.0,3160,6210.0,10200.0,13000.0
01545500,01-20,1260.0,1390.0,2260.0,3550,5690.0,10500.0,15800.0
01545500,01-21,1130.0,1400.0,2230.0,3270,5830.0,12100.0,16800.0
01545500,01-22,1200.0,1450.0,2090.0,3250,5320.0,12100.0,19900.0
01545500,01-23,1160.0,1450.0,2050.0,3220,5020.0,10300.0,14500.0
01545500,01-24,1200.0,1450.0,2050.0,3200,5740.0,10700.0,19700.0
01545500,01-25,1200.0,1550.0,2080.0,3280,7380.0,14600.0,20900.0
01545500,01-26,1130.0,1700.0,2100.0,3800,7750.0,15200.0,23900.0
01545500,01-27,1100.0,1610.0,2150.0,3760,8030.0,16000.0,19600.0
01545500,01-28,1100.0,1650.0,2110.0,3900,7390.0,14400.0,25100.0
01545500,01-29,1070.0,1590.0,2090.0,3930,7140.0,12700.0,19900.0
01545500,01-30,1150.0,1540.0,1980.0,4070,6630.0,13300.0,15600.0
01545500,01-31,1350.0,1400.0,1980.0,3980,7950.0,12400.0,18800.0
01545500,02-01,1300.0,1580.0,2000.0,4010,7110.0,11800.0,16900.0
01545500,02-02,1330.0,1580.0,2220.0,3940,6630.0,13100.0,14900.0
01545500,02-03,1500.0,1600.0,2400.0,4050,6860.0,14300.0,24600.0
01545500,02-04,1500.0,1600.0,2620.0,3990,7220.0,12900.0,22700.0
01545500,02-05,1420.0,1620.0,2610.0,4050,8260.0,12800.0,18500.0
01545500,02-06,1420.0,1600.0,2490.0,4250,7740.0,13300.0,19000.0
01545500,02-07,1420.0,1620.0,2410.0,3940,7640.0,10800.0,15200.0
01545500,02-08,1320.0,1590.0,2350.0,3540,7390.0,12300.0,18000.0
01545500,02-09,1330.0,1550.0,2280.0,3620,6010.0,13000.0,20700.0
01545500,02-10,1400.0,1470.0,2210.0,3640,5980.0,11400.0,16700.0
01545500,02-11,1330.0,1500.0,2200.0,3440,5760.0,11600.0,16400.0
01545500,02-12,1370.0,1650.0,2190.0,3490,5530.0,11400.0,17100.0
01545500,02-13,1290.0,1800.0,2120.0,3550,6760.0,10600.0,18000.0
01545500,02-14,1360.0,1900.0,2220.0,3390,6840.0,13200.0,20900.0
01545500,02-15,1380.0,1800.0,2330.0,3310,6430.0,13000.0,16300.0
01545500,02-16,1390.0,1830.0,2380.0,3710,5990.0,12600.0,22300.0
01545500,02-17,1340.0,1600.0,2410.0,3600,7380.0,13000.0,30100.0
01545500,02-18,1340.0,1660.0,2300.0,3900,7870.0,13600.0,30000.0
01545500,02-19,1330.0,1590.0,2230.0,3780,7150.0,17500.0,26600.0
01545500,02-20,1360.0,1530.0,2040.0,3810,7070.0,17800.0,26700.0
01545500,02-21,1390.0,1540.0,2170.0,4110,7570.0,17900.0,22900.0
01545500,02-22,1340.0,1630.0,2450.0,4240,7310.0,18600.0,27800.0
01545500,02-23,1370.0,1700.0,2570.0,4300,8460.0,22600.0,26400.0
01545500,02-24,1370.0,1800.0,3020.0,4880,8160.0,22700.0,26700.0
01545500,02-25,1340.0,1790.0,2820.0,5190,9560.0,18700.0,31200.0
01545500,02-26,1260.0,1720.0,3100.0,4750,10200.0,21700.0,27100.0
01545500,02-27,1330.0,1640.0,2780.0,4860,9710.0,18500.0,23200.0
01545500,02-28,1410.0,1620.0,2910.0,4860,10600.0,19100.0,21400.0
01545500,02-29,,1310.0,2550.0,6050,11100.0,20300.0,
01545500,03-01,1330.0,1610.0,3030.0,4980,11000.0,16600.0,20200.0
01545500,03-02,1340.0,1570.0,3110.0,5480,11400.0,19300.0,23100.0
01545500,03-03,1380.0,1560.0,3200.0,6120,11100.0,17100.0,20300.0
01545500,03-04,1350.0,1720.0,3180.0,6190,10900.0,16100.0,22200.0
01545500,03-05,1510.0,1900.0,3190.0,6140,12000.0,23600.0,35300.0
01545500,03-06,1660.0,2450.0,3190.0,6570,11000.0,23800.0,39200.0
01545500,03-07,1660.0,2300.0,3500.0,5960,11600.0,21200.0,38900.0
01545500,03-08,1670.0,2350.0,3810.0,7090,10100.0,19900.0,31900.0
01545500,03-09,1650.0,2390.0,3810.0,7370,11900.0,19900.0,29100.0
01545500,03-10,1730.0,2520.0,3910.0,6980,11700.0,20900.0,30100.0
01545500,03-11,2030.0,2750.0,4510.0,7110,11200.0,19100.0,27300.0
01545500,03-12,2210.0,3130.0,5230.0,7010,10800.0,18600.0,22600.0
01545500,03-13,2570.0,3170.0,5480.0,7760,11400.0,24900.0,27700.0
01545500,03-14,2970.0,3340.0,5820.0,7920,11800.0,21400.0,25500.0
01545500,03-15,2790.0,3340.0,5360.0,7850,14900.0,21300.0,32400.0
01545500,03-16,3070.0,3550.0,4930.0,7860,15100.0,23000.0,34000.0
01545500,03-17,3700.0,3900.0,4840.0,7450,14200.0,22700.0,28400.0
01545500,03-18,3620.0,4310.0,5110.0,7800,12800.0,21500.0,26700.0
01545500,03-19,3510.0,4210.0,5420.0,7690,11700.0,19400.0,21600.0
01545500,03-20,3370.0,4200.0,5400.0,7760,12100.0,17100.0,27500.0
01545500,03-21,3550.0,4400.0,5300.0,7670,12200.0,21100.0,26400.0
01545500,03-22,3810.0,4160.0,5480.0,8330,15900.0,21500.0,25100.0
01545500,03-23,3650.0,3880.0,5410.0,7720,15300.0,21300.0,27600.0
01545500,03-24,3380.0,3680.0,5670.0,7560,12900.0,20500.0,30200.0
01545500,03-25,3190.0,3640.0,5800.0,7750,13000.0,19900.0,26000.0
01545500,03-26,3060.0,3790.0,5640.0,8310,11700.0,21800.0,31100.0
01545500,03-27,2940.0,3740.0,5440.0,8400,11400.0,20000.0,31700.0
01545500,03-28,2950.0,3690.0,5240.0,8290,13300.0,19000.0,30400.0
01545500,03-29,3100.0,3710.0,5060.0,7870,12600.0,20800.0,32500.0
01545500,03-30,3220.0,3640.0,5100.0,7520,14800.0,26100.0,28500.0
01545500,03-31,3290.0,3730.0,4960.0,7830,13700.0,22900.0,27600.0
01545500,04-01,3200.0,3680.0,5280.0,7670,16100.0,21200.0,35000.0
01545500,04-02,3080.0,3790.0,5670.0,8430,15500.0,25200.0,28900.0
01545500,04-03,3150.0,3900.0,5810.0,8560,14700.0,29700.0,39600.0
01545500,04-04,3230.0,4150.0,6340.0,9050,15300.0,32000.0,36500.0
01545500,04-05,3900.0,4520.0,6060.0,9390,16500.0,28100.0,33100.0
01545500,04-06,3840.0,4560.0,5740.0,9140,15600.0,25900.0,30100.0
01545500,04-07,3890.0,4430.0,5710.0,8850,15200.0,20900.0,25600.0
01545500,04-08,3970.0,4220.0,5310.0,8970,14200.0,19800.0,23400.0
01545500,04-09,3980.0,4370.0,5200.0,8750,12900.0,17400.0,22700.0
01545500,04-10,3770.0,4170.0,5300.0,8300,13100.0,20300.0,22100.0
01545500,04-11,3570.0,3930.0,5250.0,8810,12100.0,19000.0,23200.0
01545500,04-12,3530.0,3770.0,5140.0,8450,11300.0,18800.0,23500.0
01545500,04-13,3400.0,3820.0,5010.0,7560,10700.0,16500.0,19500.0
01545500,04-14,3270.0,3600.0,4880.0,7640,10100.0,16500.0,23900.0
01545500,04-15,3030.0,3380.0,4750.0,7640,11700.0,17200.0,21000.0
01545500,04-16,2840.0,3380.0,4630.0,7010,12000.0,18400.0,20700.0
01545500,04-17,2770.0,3420.0,4780.0,7060,12100.0,17500.0,23900.0
01545500,04-18,2570.0,3310.0,4410.0,6940,10400.0,15400.0,22300.0
01545500,04-19,2510.0,3220.0,4090.0,6730,10200.0,14000.0,17000.0
01545500,04-20,2370.0,2990.0,4070.0,6470,9350.0,13200.0,18900.0
01545500,04-21,2500.0,2890.0,3930.0,6250,9740.0,13600.0,19600.0
01545500,04-22,2340.0,2710.0,3740.0,5720,9510.0,13600.0,17900.0
01545500,04-23,2350.0,2600.0,3690.0,5420,9090.0,13500.0,17500.0
01545500,04-24,2400.0,2860.0,3780.0,5320,8550.0,12800.0,16900.0
01545500,04-25,2360.0,2910.0,3730.0,5880,8600.0,13300.0,16300.0
01545500,04-26,2440.0,2810.0,3620.0,5560,8190.0,11700.0,15600.0
01545500,04-27,2380.0,2710.0,3550.0,5730,8160.0,12100.0,18400.0
01545500,04-28,2370.0,2660.0,3440.0,5200,7790.0,12200.0,19300.0
01545500,04-29,2310.0,2660.0,3280.0,5150,7400.0,13200.0,20600.0
01545500,04-30,2290.0,2690.0,3440.0,4740,7090.0,14900.0,18400.0
01545500,05-01,2130.0,2570.0,3550.0,4660,7540.0,15200.0,23300.0
01545500,05-02,2220.0,2740.0,3450.0,4820,7830.0,14800.0,20000.0
01545500,05-03,2380.0,2720.0,3290.0,5010,8480.0,13400.0,16800.0
01545500,05-04,2260.0,2610.0,3240.0,5260,8260.0,11500.0,12800.0
01545500,05-05,2270.0,2610.0,3390.0,5430,8030.0,10400.0,11800.0
01545500,05-06,2300.0,2620.0,3530.0,5090,7700.0,9410.0,15300.0
01545500,05-07,2240.0,2520.0,3460.0,5530,6970.0,9380.0,20900.0
01545500,05-08,2200.0,2360.0,3430.0,4980,6770.0,10600.0,16700.0
01545500,05-09,2170.0,2350.0,3520.0,5210,6750.0,12900.0,13900.0
01545500,05-10,2070.0,2410.0,3790.0,4920,8410.0,12700.0,15200.0
01545500,05-11,2040.0,2280.0,3740.0,5030,8520.0,12400.0,14800.0
01545500,05-12,2080.0,2670.0,3710.0,5340,8480.0,15400.0,23500.0
01545500,05-13,1990.0,2660.0,3730.0,5830,11100.0,19900.0,21900.0
01545500,05-14,1910.0,2450.0,3470.0,5430,11300.0,16900.0,19900.0
01545500,05-15,1840.0,2300.0,3320.0,5070,9410.0,16000.0,19400.0
01545500,05-16,1660.0,2150.0,3230.0,5460,9820.0,14900.0,21100.0
01545500,05-17,1640.0,2280.0,3040.0,6040,9350.0,15700.0,24000.0
01545500,05-18,1520.0,2090.0,3000.0,5320,8330.0,14800.0,19100.0
01545500,05-19,1470.0,2050.0,3090.0,5660,9040.0,15200.0,19500.0
01545500,05-20,1660.0,2150.0,3030.0,5640,9110.0,15300.0,20700.0
01545500,05-21,1750.0,2110.0,2820.0,5190,8230.0,15300.0,17900.0
01545500,05-22,1670.0,2000.0,2790.0,4700,7940.0,13600.0,15000.0
01545500,05-23,1720.0,1930.0,2710.0,4550,7290.0,11300.0,19900.0
01545500,05-24,1560.0,1750.0,2550.0,4510,7040.0,11200.0,17600.0
01545500,05-25,1570.0,1730.0,2660.0,4260,7030.0,12600.0,14500.0
01545500,05-26,1510.0,1780.0,2430.0,4170,7400.0,10600.0,13000.0
01545500,05-27,1410.0,1630.0,2400.0,3910,7010.0,9200.0,12300.0
01545500,05-28,1310.0,1500.0,2440.0,3690,6720.0,9170.0,9540.0
01545500,05-29,1160.0,1470.0,2560.0,3340,6480.0,8940.0,10800.0
01545500,05-30,1110.0,1380.0,2340.0,3650,6070.0,8490.0,17700.0
01545500,05-31,1050.0,1440.0,2170.0,3390,5260.0,7790.0,19900.0
01545500,06-01,1040.0,1500.0,2280.0,3130,4990.0,7500.0,15800.0
01545500,06-02,1060.0,1490.0,2160.0,3150,4970.0,6760.0,12000.0
01545500,06-03,1030.0,1360.0,2120.0,3200,4670.0,7830.0,9690.0
01545500,06-04,1000.0,1270.0,2030.0,3110,4770.0,7370.0,9250.0
01545500,06-05,974.0,1210.0,1920.0,3210,4450.0,7660.0,9050.0
01545500,06-06,925.0,1210.0,1990.0,3220,4750.0,7850.0,9280.0
01545500,06-07,952.0,1210.0,1940.0,2950,4460.0,7680.0,15500.0
01545500,06-08,889.0,1420.0,1790.0,2900,4610.0,7940.0,11400.0
01545500,06-09,823.0,1380.0,1730.0,2620,4440.0,8620.0,9310.0
01545500,06-10,746.0,1350.0,1690.0,2680,4390.0,7690.0,9720.0
01545500,06-11,723.0,1230.0,1590.0,2690,4450.0,7510.0,8210.0
01545500,06-12,732.0,1150.0,1520.0,2560,4350.0,7190.0,7650.0
01545500,06-13,941.0,1070.0,1590.0,2480,4880.0,7390.0,9070.0
01545500,06-14,919.0,1120.0,1520.0,2500,4720.0,7630.0,9940.0
01545500,06-15,860.0,1170.0,1430.0,2340,4500.0,9840.0,13400.0
01545500,06-16,855.0,1140.0,1500.0,2510,4510.0,10200.0,14000.0
01545500,06-17,840.0,1080.0,1380.0,2390,4730.0,9310.0,11300.0
01545500,06-18,902.0,1020.0,1340.0,2520,4430.0,8970.0,15100.0
01545500,06-19,893.0,957.0,1350.0,2520,4220.0,7640.0,18700.0
01545500,06-20,827.0,903.0,1280.0,2420,4860.0,7940.0,16800.0
01545500,06-21,739.0,838.0,1260.0,2210,4680.0,11900.0,19600.0
01545500,06-22,742.0,779.0,1300.0,2170,4700.0,10200.0,23500.0
01545500,06-23,679.0,744.0,1240.0,2040,4720.0,7860.0,14900.0
01545500,06-24,677.0,823.0,1290.0,1920,4700.0,7630.0,10700.0
01545500,06-25,631.0,797.0,1210.0,1810,4040.0,7350.0,13700.0
01545500,06-26,610.0,747.0,1080.0,1750,3710.0,6680.0,10500.0
01545500,06-27,575.0,741.0,1010.0,1790,3630.0,6610.0,8110.0
01545500,06-28,533.0,663.0,1010.0,1890,4280.0,8020.0,11600.0
01545500,06-29,532.0,598.0,964.0,1860,3830.0,8010.0,18200.0
01545500,06-30,497.0,645.0,1060.0,1880,3660.0,6600.0,15300.0
01545500,07-01,492.0,618.0,1040.0,1800,3310.0,5810.0,14700.0
01545500,07-02,487.0,627.0,962.0,1880,3200.0,6140.0,15900.0
01545500,07-03,473.0,648.0,924.0,1800,2970.0,6970.0,13500.0
01545500,07-04,458.0,626.0,949.0,1670,2840.0,5500.0,10600.0
01545500,07-05,465.0,629.0,907.0,1650,2460.0,6000.0,9430.0
01545500,07-06,440.0,612.0,947.0,1550,2150.0,6440.0,8260.0
01545500,07-07,435.0,598.0,899.0,1410,2070.0,5100.0,7590.0
01545500,07-08,467.0,592.0,847.0,1400,2080.0,5020.0,9760.0
01545500,07-09,486.0,580.0,856.0,1460,2360.0,4830.0,9020.0
01545500,07-10,497.0,547.0,833.0,1570,2730.0,4230.0,6780.0
01545500,07-11,473.0,529.0,867.0,1530,2440.0,3710.0,5830.0
01545500,07-12,456.0,502.0,787.0,1480,2660.0,5690.0,8540.0
01545500,07-13,389.0,519.0,778.0,1460,2500.0,5420.0,7190.0
01545500,07-14,354.0,482.0,775.0,1370,2440.0,5700.0,6260.0
01545500,07-15,372.0,440.0,739.0,1310,3270.0,5660.0,7210.0
01545500,07-16,379.0,403.0,741.0,1310,2790.0,5290.0,6540.0
01545500,07-17,383.0,413.0,711.0,1230,2550.0,4560.0,6830.0
01545500,07-18,365.0,482.0,685.0,1380,2270.0,4920.0,8870.0
01545500,07-19,362.0,462.0,703.0,1200,2390.0,4760.0,8580.0
01545500,07-20,364.0,431.0,705.0,1140,2030.0,6450.0,8210.0
01545500,07-21,345.0,406.0,733.0,1290,2180.0,6680.0,10600.0
01545500,07-22,332.0,407.0,695.0,1190,2520.0,6630.0,8950.0
01545500,07-23,309.0,428.0,697.0,1300,2940.0,6770.0,8620.0
01545500,07-24,308.0,432.0,698.0,1300,2660.0,5830.0,8720.0
01545500,07-25,337.0,480.0,656.0,1410,2420.0,4810.0,8790.0
01545500,07-26,367.0,510.0,743.0,1320,2590.0,4280.0,6690.0
01545500,07-27,370.0,489.0,744.0,1240,2500.0,4620.0,8960.0
01545500,07-28,380.0,479.0,663.0,1270,2560.0,4280.0,8920.0
01545500,07-29,374.0,453.0,657.0,1250,2200.0,3850.0,6870.0
01545500,07-30,353.0,436.0,619.0,1410,2320.0,4220.0,5920.0
01545500,07-31,372.0,452.0,623.0,1300,2350.0,3860.0,8830.0
01545500,08-01,371.0,469.0,624.0,1200,2150.0,4250.0,14700.0
01545500,08-02,411.0,433.0,617.0,1150,1810.0,4390.0,11500.0
01545500,08-03,362.0,425.0,647.0,1090,1680.0,3320.0,8480.0
01545500,08-04,373.0,406.0,612.0,1120,1700.0,3930.0,7060.0
01545500,08-05,341.0,376.0,567.0,1040,1650.0,3150.0,6300.0
01545500,08-06,337.0,363.0,569.0,1040,1550.0,3170.0,6350.0
01545500,08-07,330.0,348.0,607.0,1000,1630.0,3140.0,5370.0
01545500,08-08,329.0,355.0,620.0,1050,1880.0,4690.0,6820.0
01545500,08-09,327.0,358.0,555.0,1000,2060.0,4740.0,7280.0
01545500,08-10,351.0,394.0,544.0,966,1870.0,4520.0,8080.0
01545500,08-11,357.0,389.0,580.0,916,1960.0,4280.0,5650.0
01545500,08-12,358.0,406.0,642.0,922,1720.0,4280.0,9580.0
01545500,08-13,344.0,395.0,626.0,887,2340.0,5010.0,10100.0
01545500,08-14,323.0,361.0,595.0,886,1920.0,4870.0,7840.0
01545500,08-15,307.0,371.0,562.0,897,2140.0,4180.0,7170.0
01545500,08-16,295.0,369.0,569.0,859,2060.0,4150.0,5620.0
01545500,08-17,284.0,385.0,548.0,905,1770.0,4290.0,5190.0
01545500,08-18,279.0,365.0,555.0,831,2010.0,3760.0,6370.0
01545500,08-19,278.0,346.0,542.0,763,2020.0,4340.0,11200.0
01545500,08-20,276.0,381.0,514.0,779,2090.0,3610.0,8750.0
01545500,08-21,274.0,384.0,536.0,747,2030.0,4530.0,6560.0
01545500,08-22,292.0,415.0,560.0,777,1920.0,5140.0,6200.0
01545500,08-23,297.0,412.0,528.0,869,1970.0,4500.0,5910.0
01545500,08-24,320.0,391.0,504.0,871,1790.0,4050.0,5470.0
01545500,08-25,300.0,367.0,519.0,768,1680.0,3250.0,4250.0
01545500,08-26,286.0,356.0,499.0,769,1520.0,2700.0,3580.0
01545500,08-27,290.0,350.0,466.0,785,1590.0,2580.0,2960.0
01545500,08-28,294.0,340.0,489.0,728,1800.0,3000.0,3990.0
01545500,08-29,283.0,335.0,491.0,744,1610.0,3630.0,6080.0
01545500,08-30,269.0,335.0,552.0,830,1600.0,3220.0,7060.0
01545500,08-31,254.0,326.0,532.0,982,1800.0,5290.0,6980.0
01545500,09-01,265.0,314.0,483.0,951,2200.0,4500.0,5270.0
01545500,09-02,276.0,315.0,528.0,895,1890.0,4150.0,6320.0
01545500,09-03,272.0,294.0,489.0,852,1720.0,3570.0,11100.0
01545500,09-04,269.0,307.0,514.0,795,1700.0,3220.0,14900.0
01545500,09-05,286.0,314.0,498.0,774,1830.0,2910.0,9840.0
01545500,09-06,294.0,335.0,499.0,752,1650.0,4920.0,7630.0
01545500,09-07,295.0,345.0,464.0,774,1990.0,4150.0,6400.0
01545500,09-08,288.0,356.0,429.0,824,1800.0,4580.0,7900.0
01545500,09-09,278.0,335.0,448.0,765,1800.0,4440.0,6360.0
01545500,09-10,277.0,330.0,457.0,698,1900.0,4750.0,5260.0
01545500,09-11,280.0,314.0,484.0,716,1970.0,4670.0,8600.0
01545500,09-12,272.0,314.0,468.0,789,2370.0,3870.0,7710.0
01545500,09-13,266.0,307.0,468.0,725,2100.0,4600.0,8190.0
01545500,09-14,255.0,317.0,503.0,830,1810.0,5100.0,7420.0
01545500,09-15,245.0,329.0,515.0,893,1840.0,3990.0,8120.0
01545500,09-16,267.0,339.0,477.0,823,2190.0,3930.0,7320.0
01545500,09-17,289.0,335.0,513.0,860,2050.0,3840.0,7190.0
01545500,09-18,294.0,326.0,466.0,853,1830.0,4320.0,15200.0
01545500,09-19,285.0,326.0,515.0,794,1840.0,4070.0,14700.0
01545500,09-20,272.0,334.0,481.0,736,1730.0,5430.0,11600.0
01545500,09-21,258.0,324.0,467.0,732,1580.0,6270.0,10400.0
01545500,09-22,252.0,326.0,490.0,733,1800.0,5550.0,8430.0
01545500,09-23,299.0,338.0,467.0,749,2060.0,6430.0,10400.0
01545500,09-24,288.0,348.0,472.0,747,1970.0,5350.0,12200.0
01545500,09-25,281.0,328.0,479.0,800,1730.0,6770.0,11100.0
01545500,09-26,280.0,309.0,488.0,760,1900.0,6440.0,11100.0
01545500,09-27,282.0,338.0,489.0,761,1810.0,5360.0,12900.0
01545500,09-28,284.0,345.0,513.0,828,2050.0,5840.0,13500.0
01545500,09-29,289.0,374.0,485.0,866,2740.0,7540.0,19800.0
01545500,09-30,296.0,375.0,521.0,894,2900.0,10000.0,16800.0
01545500,10-01,321.0,360.0,526.0,984,2970.0,8580.0,13900.0
01545500,10-02,330.0,350.0,513.0,1000,2670.0,7510.0,9060.0
01545500,10-03,306.0,344.0,505.0,1250,2810.0,6320.0,7430.0
01545500,10-04,316.0,347.0,506.0,1130,2960.0,6100.0,9360.0
01545500,10-05,319.0,368.0,515.0,969,2860.0,5040.0,10900.0
01545500,10-06,314.0,340.0,530.0,860,2680.0,4360.0,9280.0
01545500,10-07,304.0,348.0,528.0,980,2700.0,4170.0,7240.0
01545500,10-08,304.0,362.0,536.0,1040,2550.0,3690.0,5650.0
01545500,10-09,277.0,402.0,511.0,1170,2530.0,3960.0,5290.0
01545500,10-10,266.0,389.0,545.0,1200,2140.0,4200.0,7430.0
01545500,10-11,264.0,372.0,482.0,1100,1990.0,4750.0,7810.0
01545500,10-12,265.0,357.0,505.0,1040,1930.0,4370.0,10500.0
01545500,10-13,277.0,350.0,512.0,985,1830.0,5090.0,9580.0
01545500,10-14,284.0,362.0,515.0,988,1690.0,4580.0,8190.0
01545500,10-15,275.0,366.0,555.0,1060,1710.0,5780.0,7300.0
01545500,10-16,274.0,410.0,514.0,1100,1910.0,5550.0,7510.0
01545500,10-17,295.0,385.0,531.0,1050,2190.0,5150.0,7880.0
01545500,10-18,281.0,366.0,546.0,1020,2100.0,5760.0,7940.0
01545500,10-19,286.0,383.0,555.0,1010,2640.0,6260.0,10500.0
01545500,10-20,308.0,413.0,578.0,955,2800.0,6930.0,12500.0
01545500,10-21,310.0,413.0,580.0,1060,3240.0,9090.0,11100.0
01545500,10-22,322.0,436.0,627.0,1080,3080.0,8550.0,18100.0
01545500,10-23,318.0,445.0,647.0,1100,2820.0,7530.0,10700.0
01545500,10-24,314.0,447.0,673.0,1210,3230.0,6460.0,9100.0
01545500,10-25,340.0,465.0,736.0,1250,3280.0,5870.0,8660.0
01545500,10-26,360.0,467.0,823.0,1340,3190.0,7000.0,8750.0
01545500,10-27,370.0,451.0,811.0,1440,3440.0,6720.0,9380.0
01545500,10-28,358.0,439.0,798.0,1480,3890.0,7310.0,10200.0
01545500,10-29,370.0,452.0,811.0,1390,3950.0,7570.0,12500.0
01545500,10-30,366.0,479.0,766.0,1540,4200.0,10100.0,12900.0
01545500,10-31,358.0,464.0,765.0,1710,4170.0,9970.0,12900.0
01545500,11-01,351.0,466.0,736.0,1810,4790.0,9630.0,10500.0
01545500,11-02,359.0,503.0,739.0,1880,4180.0,7460.0,9080.0
01545500,11-03,368.0,468.0,791.0,1900,4240.0,7240.0,8160.0
01545500,11-04,373.0,469.0,870.0,2000,3950.0,6480.0,8710.0
01545500,11-05,353.0,503.0,939.0,2110,3920.0,5670.0,7900.0
01545500,11-06,360.0,517.0,931.0,2350,4770.0,5780.0,8030.0
01545500,11-07,388.0,542.0,902.0,2280,4380.0,7150.0,8550.0
01545500,11-08,398.0,536.0,1010.0,2200,4130.0,7800.0,13800.0
01545500,11-09,394.0,581.0,1170.0,2240,4090.0,7010.0,15000.0
01545500,11-10,395.0,561.0,1380.0,2280,3850.0,6040.0,15000.0
01545500,11-11,424.0,665.0,1410.0,2250,4980.0,10600.0,13700.0
01545500,11-12,435.0,800.0,1360.0,3080,5300.0,11600.0,14700.0
01545500,11-13,562.0,756.0,1370.0,3050,5580.0,10600.0,13900.0
01545500,11-14,581.0,834.0,1320.0,2820,5380.0,10600.0,12600.0
01545500,11-15,546.0,743.0,1400.0,2700,5090.0,9280.0,11600.0
01545500,11-16,557.0,758.0,1390.0,2720,5570.0,8440.0,12500.0
01545500,11-17,543.0,764.0,1470.0,3040,5540.0,7950.0,15900.0
01545500,11-18,511.0,750.0,1480.0,3150,5280.0,9260.0,17200.0
01545500,11-19,488.0,715.0,1510.0,3220,5260.0,10600.0,18000.0
01545500,11-20,474.0,705.0,1560.0,3580,5460.0,10100.0,15100.0
01545500,11-21,462.0,725.0,1520.0,3550,5820.0,9580.0,11700.0
01545500,11-22,555.0,708.0,1510.0,3360,5780.0,8500.0,10400.0
01545500,11-23,596.0,868.0,1640.0,3070,6090.0,8850.0,9890.0
01545500,11-24,617.0,849.0,1980.0,3160,5530.0,8180.0,12100.0
01545500,11-25,652.0,977.0,2030.0,3210,5400.0,9170.0,12000.0
01545500,11-26,792.0,1180.0,2100.0,3600,5230.0,10000.0,12100.0
01545500,11-27,1050.0,1270.0,2380.0,3590,6050.0,12100.0,20400.0
01545500,11-28,1110.0,1420.0,2300.0,3970,6870.0,15400.0,27200.0
01545500,11-29,1080.0,1270.0,2720.0,3830,7860.0,16300.0,20500.0
01545500,11-30,1030.0,1440.0,2650.0,4260,8820.0,15300.0,21100.0
01545500,12-01,987.0,1490.0,2600.0,4050,8830.0,14000.0,20900.0
01545500,12-02,961.0,1510.0,2640.0,3770,8160.0,16000.0,22700.0
01545500,12-03,1080.0,1920.0,2620.0,3890,6920.0,15600.0,18300.0
01545500,12-04,1180.0,1790.0,2700.0,4700,7750.0,13000.0,15000.0
01545500,12-05,1210.0,1580.0,2540.0,4300,7750.0,12500.0,14300.0
01545500,12-06,1270.0,1660.0,2560.0,3820,7530.0,12000.0,15800.0
01545500,12-07,1360.0,1570.0,2550.0,4500,7530.0,10600.0,15200.0
01545500,12-08,1040.0,1570.0,2430.0,4610,6660.0,9760.0,15600.0
01545500,12-09,853.0,1490.0,2490.0,4680,6950.0,10500.0,17700.0
01545500,12-10,848.0,1430.0,2510.0,4500,6530.0,11300.0,16400.0
01545500,12-11,807.0,1480.0,2620.0,4840,7410.0,13700.0,16700.0
01545500,12-12,1320.0,1550.0,2640.0,4740,7900.0,13500.0,15500.0
01545500,12-13,1240.0,1750.0,2640.0,4670,9160.0,12000.0,14400.0
01545500,12-14,1110.0,1570.0,2690.0,4400,8680.0,11100.0,15000.0
01545500,12-15,1210.0,1440.0,2990.0,4110,7670.0,11400.0,17700.0
01545500,12-16,973.0,1410.0,2880.0,4410,7640.0,10400.0,14900.0
01545500,12-17,939.0,1470.0,2920.0,4680,7120.0,9880.0,12500.0
01545500,12-18,1070.0,1380.0,2920.0,5040,7780.0,9110.0,10900.0
01545500,12-19,1100.0,1480.0,2830.0,5020,7180.0,9910.0,17600.0
01545500,12-20,1100.0,1520.0,2550.0,4890,6610.0,10700.0,14100.0
01545500,12-21,1080.0,1570.0,2610.0,4640,6520.0,12500.0,13300.0
01545500,12-22,1230.0,1600.0,2670.0,4560,7610.0,13600.0,16600.0
01545500,12-23,1130.0,1620.0,3050.0,4310,6670.0,12800.0,22300.0
01545500,12-24,1120.0,1780.0,3030.0,4370,8080.0,14600.0,20200.0
01545500,12-25,1090.0,1880.0,3050.0,4520,8030.0,17000.0,19100.0
01545500,12-26,1330.0,1800.0,2700.0,4650,8010.0,13900.0,16600.0
01545500,12-27,1130.0,1660.0,2700.0,5220,7880.0,13100.0,15500.0
01545500,12-28,1130.0,1550.0,2500.0,5200,7860.0,11000.0,12500.0
01545500,12-29,1060.0,1540.0,2350.0,5180,8360.0,12200.0,14600.0
01545500,12-30,986.0,1500.0,2450.0,5160,7610.0,13000.0,14900.0
01545500,12-31,965.0,1570.0,2390.0,5040,7380.0,13600.0,17400.0
01545800,01-01,,1740.0,6250.0,8460,11200.0,18600.0,
01545800,01-02,,1700.0,5800.0,7240,13300.0,25200.0,
01545800,01-03,,1690.0,5360.0,7820,14000.0,20200.0,
01545800,01-04,,1780.0,4950.0,7880,13600.0,25700.0,
01545800,01-05,,1920.0,4350.0,8900,11800.0,26100.0,
01545800,01-06,,1980.0,3890.0,8880,10400.0,20100.0,
01545800,01-07,,2000.0,3720.0,7860,9260.0,15300.0,
01545800,01-08,,2040.0,3800.0,6760,8410.0,12000.0,
01545800,01-09,,2040.0,3670.0,6110,7960.0,10100.0,
01545800,01-10,,1920.0,3980.0,5840,8820.0,15200.0,
01545800,01-11,,1830.0,3830.0,7180,8240.0,23000.0,
01545800,01-12,,2280.0,4000.0,6770,8370.0,17800.0,
01545800,01-13,,3320.0,5160.0,6920,12500.0,23100.0,
01545800,01-14,,2710.0,4970.0,6410,13100.0,28000.0,
01545800,01-15,,2130.0,4640.0,6350,11400.0,21100.0,
01545800,01-16,,1840.0,4190.0,5950,9800.0,14300.0,
01545800,01-17,,1920.0,4170.0,5780,8340.0,10900.0,
01545800,01-18,,2040.0,4460.0,5160,7370.0,8660.0,
01545800,01-19,,2040.0,4240.0,4830,7100.0,7350.0,
01545800,01-20,,1840.0,3660.0,4590,6350.0,13200.0,
01545800,01-21,,1230.0,2880.0,3790,5640.0,17600.0,
01545800,01-22,,883.0,2180.0,3290,5030.0,15300.0,
01545800,01-23,,766.0,1910.0,3210,5400.0,13000.0,
01545800,01-24,,1070.0,1790.0,4000,8970.0,11300.0,
01545800,01-25,,1320.0,1910.0,4340,10600.0,18200.0,
01545800,01-26,,1160.0,2020.0,6780,13100.0,19000.0,
01545800,01-27,,1150.0,1910.0,7540,11400.0,41200.0,
01545800,01-28,,1200.0,1850.0,6560,9510.0,37000.0,
01545800,01-29,,1220.0,1890.0,5970,8230.0,38600.0,
01545800,01-30,,1230.0,1800.0,5590,6760.0,31200.0,
01545800,01-31,,1250.0,1660.0,4190,6080.0,23700.0,
01545800,02-01,,1250.0,1730.0,2770,5850.0,19000.0,
01545800,02-02,,1250.0,1820.0,3300,5550.0,15700.0,
01545800,02-03,,1240.0,2260.0,4270,5050.0,12700.0,
01545800,02-04,,1210.0,2630.0,4660,4970.0,10100.0,
01545800,02-05,,1220.0,3120.0,4480,7300.0,9210.0,
01545800,02-06,,1220.0,3090.0,4590,7800.0,9880.0,
01545800,02-07,,1220.0,2970.0,4460,9210.0,12800.0,
01545800,02-08,,1230.0,2320.0,4110,12100.0,30500.0,
01545800,02-09,,1230.0,2030.0,3970,11200.0,37800.0,
01545800,02-10,,1230.0,2140.0,3990,9670.0,27900.0,
01545800,02-11,,1220.0,2580.0,4060,11700.0,21000.0,
01545800,02-12,,1220.0,2460.0,5040,11600.0,20700.0,
01545800,02-13,,1230.0,2370.0,4710,11000.0,19400.0,
01545800,02-14,,1240.0,2220.0,4490,9530.0,19700.0,
01545800,02-15,,1280.0,2600.0,4160,8600.0,16300.0,
01545800,02-16,,1320.0,2700.0,3920,11000.0,20900.0,
01545800,02-17,,1380.0,2570.0,5900,9990.0,34200.0,
01545800,02-18,,1600.0,2600.0,7850,19500.0,29900.0,
01545800,02-19,,1730.0,2750.0,7080,15600.0,40500.0,
01545800,02-20,,1730.0,3180.0,5860,15300.0,28300.0,
01545800,02-21,,1740.0,3030.0,5960,19100.0,22100.0,
01545800,02-22,,1720.0,3020.0,6380,17000.0,20900.0,
01545800,02-23,,1800.0,3410.0,5580,17700.0,25400.0,
01545800,02-24,,2000.0,4350.0,5970,18500.0,29900.0,
01545800,02-25,,2570.0,4470.0,6980,15000.0,33700.0,
01545800,02-26,,3420.0,4330.0,6590,13400.0,37200.0,
01545800,02-27,,3630.0,5510.0,6420,12800.0,30900.0,
01545800,02-28,,4350.0,5680.0,6350,17300.0,23200.0,
01545800,02-29,,,,13700,,,
01545800,03-01,,5380.0,7380.0,10900,16900.0,17700.0,
01545800,03-02,,5130.0,7470.0,11000,18400.0,25400.0,
01545800,03-03,,4730.0,6810.0,11800,16500.0,31900.0,
01545800,03-04,,4740.0,7450.0,10600,14500.0,24500.0,
01545800,03-05,,4380.0,7860.0,11200,13900.0,18000.0,
01545800,03-06,,3820.0,10200.0,11900,13500.0,21200.0,
01545800,03-07,,3300.0,9840.0,11600,14600.0,24300.0,
01545800,03-08,,3300.0,8740.0,10600,19000.0,22500.0,
01545800,03-09,,3530.0,7540.0,9600,16700.0,22500.0,
01545800,03-10,,3960.0,6960.0,8910,16700.0,22100.0,
01545800,03-11,,6890.0,7110.0,9310,13600.0,27000.0,
01545800,03-12,,6180.0,7310.0,11100,17600.0,22100.0,
01545800,03-13,,5520.0,6750.0,11700,16200.0,31300.0,
01545800,03-14,,5200.0,6160.0,10900,13800.0,25500.0,
01545800,03-15,,4940.0,5450.0,11000,12900.0,18500.0,
01545800,03-16,,4640.0,5030.0,9430,12800.0,26500.0,
01545800,03-17,,4330.0,4910.0,10200,11800.0,23400.0,
01545800,03-18,,3990.0,6340.0,10200,13000.0,17300.0,
01545800,03-19,,3870.0,6330.0,11400,12900.0,13600.0,
01545800,03-20,,3570.0,7470.0,10500,12300.0,14200.0,
01545800,03-21,,3400.0,7320.0,8900,12800.0,22700.0,
01545800,03-22,,3320.0,6570.0,8600,11000.0,21800.0,
01545800,03-23,,3210.0,5960.0,8870,10600.0,17000.0,
01545800,03-24,,3120.0,5610.0,8330,12300.0,17100.0,
01545800,03-25,,3020.0,5350.0,8180,13100.0,15400.0,
01545800,03-26,,2850.0,4900.0,7820,12800.0,13300.0,
01545800,03-27,,2730.0,4490.0,7280,11900.0,14300.0,
01545800,03-28,,2780.0,4240.0,6750,11200.0,18000.0,
01545800,03-29,,3050.0,3980.0,6140,12500.0,20500.0,
01545800,03-30,,3700.0,4570.0,5740,10900.0,29400.0,
01545800,03-31,,3580.0,4760.0,7030,11400.0,24800.0,
01545800,04-01,,3490.0,5020.0,7280,11600.0,20300.0,
01545800,04-02,,3300.0,5430.0,8270,14100.0,22400.0,
01545800,04-03,,3290.0,5560.0,9180,20400.0,29900.0,
01545800,04-04,,3560.0,5290.0,9880,16500.0,56900.0,
01545800,04-05,,4110.0,4940.0,8540,18400.0,42200.0,
01545800,04-06,,4650.0,5780.0,7730,19100.0,31000.0,
01545800,04-07,,4600.0,6100.0,6810,17400.0,23800.0,
01545800,04-08,,4690.0,5640.0,11900,14900.0,17800.0,
01545800,04-09,,4760.0,5300.0,9940,13500.0,15300.0,
01545800,04-10,,4490.0,5180.0,8900,11700.0,13600.0,
01545800,04-11,,4370.0,4980.0,8110,10700.0,13100.0,
01545800,04-12,,4220.0,5550.0,7340,10200.0,21800.0,
01545800,04-13,,4030.0,5920.0,6800,9910.0,34600.0,
01545800,04-14,,3770.0,5810.0,7220,9450.0,27400.0,
01545800,04-15,,3620.0,6160.0,8250,10300.0,24000.0,
01545800,04-16,,3540.0,6990.0,8310,15500.0,20900.0,
01545800,04-17,,3720.0,6510.0,9050,17500.0,27100.0,
01545800,04-18,,3740.0,5910.0,8920,14800.0,24800.0,
01545800,04-19,,3500.0,5370.0,11000,14400.0,18600.0,
01545800,04-20,,3200.0,4880.0,12600,14700.0,23600.0,
01545800,04-21,,2980.0,4550.0,11400,13200.0,25900.0,
01545800,04-22,,2800.0,4280.0,9370,12000.0,20700.0,
01545800,04-23,,2830.0,4130.0,9070,10700.0,16000.0,
01545800,04-24,,2860.0,3800.0,7850,9650.0,13600.0,
01545800,04-25,,2690.0,3620.0,7340,9070.0,11000.0,
01545800,04-26,,2610.0,3950.0,7200,8400.0,9670.0,
01545800,04-27,,2570.0,4630.0,6840,9840.0,11200.0,
01545800,04-28,,2530.0,4260.0,6110,10600.0,12100.0,
01545800,04-29,,2630.0,4140.0,5730,9700.0,11900.0,
01545800,04-30,,3130.0,4860.0,5240,8720.0,13700.0,
01545800,05-01,,4150.0,4440.0,6990,8560.0,31600.0,
01545800,05-02,,3860.0,4640.0,7330,8690.0,28600.0,
01545800,05-03,,3570.0,5070.0,6680,9000.0,20600.0,
01545800,05-04,,3400.0,4900.0,6850,9740.0,15700.0,
01545800,05-05,,3630.0,5300.0,7510,10700.0,15000.0,
01545800,05-06,,4700.0,5860.0,7690,10100.0,25900.0,
01545800,05-07,,5380.0,6580.0,7400,15700.0,29500.0,
01545800,05-08,,4470.0,6420.0,7310,16000.0,32700.0,
01545800,05-09,,4160.0,6070.0,7210,12200.0,27600.0,
01545800,05-10,,4490.0,5920.0,7650,16900.0,23300.0,
01545800,05-11,,4750.0,6600.0,8700,14200.0,32100.0,
01545800,05-12,,4240.0,6730.0,8240,13000.0,23600.0,
01545800,05-13,,3870.0,6820.0,11600,17700.0,20300.0,
01545800,05-14,,3430.0,6390.0,9170,18000.0,24000.0,
01545800,05-15,,3130.0,6070.0,10200,15700.0,21400.0,
01545800,05-16,,2870.0,6560.0,8470,13800.0,18600.0,
01545800,05-17,,2700.0,6290.0,8720,14100.0,17900.0,
01545800,05-18,,2570.0,5400.0,8100,12300.0,14700.0,
01545800,05-19,,2380.0,4790.0,7510,10200.0,12500.0,
01545800,05-20,,2120.0,4270.0,6570,8630.0,11600.0,
01545800,05-21,,2110.0,3910.0,5940,7610.0,9920.0,
01545800,05-22,,2200.0,3540.0,5290,7590.0,12200.0,
01545800,05-23,,2000.0,3630.0,5070,8740.0,27100.0,
01545800,05-24,,1850.0,3500.0,5380,10100.0,24900.0,
01545800,05-25,,1690.0,3160.0,4970,11400.0,18800.0,
01545800,05-26,,1580.0,2960.0,4490,11800.0,20100.0,
01545800,05-27,,1500.0,2950.0,4040,9660.0,16500.0,
01545800,05-28,,1420.0,3000.0,3760,8920.0,12100.0,
01545800,05-29,,1340.0,3380.0,3620,9050.0,9490.0,
01545800,05-30,,1280.0,3240.0,4650,7990.0,15900.0,
01545800,05-31,,1230.0,3140.0,4460,6950.0,24000.0,
01545800,06-01,,1120.0,2780.0,3570,6390.0,21100.0,
01545800,06-02,,1040.0,2550.0,3150,7200.0,18200.0,
01545800,06-03,,969.0,2420.0,3130,5980.0,16900.0,
01545800,06-04,,916.0,2290.0,3500,5500.0,13000.0,
01545800,06-05,,857.0,2120.0,4220,5320.0,10300.0,
01545800,06-06,,830.0,1980.0,3520,4780.0,9130.0,
01545800,06-07,,804.0,1920.0,3240,4760.0,7860.0,
01545800,06-08,,795.0,1920.0,2960,4470.0,6260.0,
01545800,06-09,,812.0,2060.0,2680,4270.0,5640.0,
01545800,06-10,,,1940.0,2900,4350.0,,
01545800,06-11,,,1860.0,3320,4930.0,,
01545800,06-12,,,1730.0,3240,6380.0,,
01545800,06-13,,,1550.0,3010,5330.0,,
01545800,06-14,,,1480.0,2710,4870.0,,
01545800,06-15,,,1620.0,2750,4470.0,,
01545800,06-16,,,1670.0,2610,4130.0,,
01545800,06-17,,,1540.0,2270,8020.0,,
01545800,06-18,,,1380.0,2070,8460.0,,
01545800,06-19,,,1260.0,1860,15800.0,,
01545800,06-20,,,1190.0,1780,16800.0,,
01545800,06-21,,,1060.0,1910,12800.0,,
01545800,06-22,,,1020.0,1850,9750.0,,
01545800,06-23,,,1150.0,2290,8110.0,,
01545800,06-24,,,1240.0,1970,6760.0,,
01545800,06-25,,,1310.0,1700,5810.0,,
01545800,06-26,,,1250.0,1530,5310.0,,
01545800,06-27,,,1190.0,1470,4650.0,,
01545800,06-28,,,1220.0,1630,4800.0,,
01545800,06-29,,,1280.0,1660,4810.0,,
01545800,06-30,,,1230.0,1490,4740.0,,
01545800,07-01,,,1220.0,1360,4210.0,,
01545800,07-02,,,1220.0,1780,3680.0,,
01545800,07-03,,,1110.0,2650,3590.0,,
01545800,07-04,,,1020.0,2740,3320.0,,
01545800,07-05,,,961.0,2340,3330.0,,
01545800,07-06,,,906.0,1810,3240.0,,
01545800,07-07,,,899.0,1510,3860.0,,
01545800,07-08,,,855.0,1580,3800.0,,
01545800,07-09,,,825.0,1840,3690.0,,
01545800,07-10,,,851.0,2030,3250.0,,
01545800,07-11,,,800.0,2110,2920.0,,
01545800,07-12,,,771.0,1900,3880.0,,
01545800,07-13,,,759.0,1790,3320.0,,
01545800,07-14,,,722.0,1970,2970.0,,
01545800,07-15,,,667.0,1880,2490.0,,
01545800,07-16,,,616.0,1790,2240.0,,
01545800,07-17,,,612.0,1670,2200.0,,
01545800,07-18,,,836.0,1720,2550.0,,
01545800,07-19,,,932.0,1510,3140.0,,
01545800,07-20,,,996.0,1510,3240.0,,
01545800,07-21,,,979.0,1430,2450.0,,
01545800,07-22,,,934.0,1700,2830.0,,
01545800,07-23,,,936.0,2110,4810.0,,
01545800,07-24,,,881.0,1800,6030.0,,
01545800,07-25,,,839.0,1550,4680.0,,
01545800,07-26,,,855.0,1360,3540.0,,
01545800,07-27,,,1080.0,1280,2880.0,,
01545800,07-28,,,917.0,1570,2550.0,,
01545800,07-29,,,816.0,1820,2270.0,,
01545800,07-30,,,707.0,1710,2040.0,,
01545800,07-31,,,744.0,1580,2670.0,,
01545800,08-01,,,692.0,1400,2120.0,,
01545800,08-02,,,664.0,1300,1700.0,,
01545800,08-03,,,618.0,1270,1620.0,,
01545800,08-04,,,645.0,1260,3370.0,,
01545800,08-05,,,638.0,1170,2980.0,,
01545800,08-06,,,671.0,1090,2260.0,,
01545800,08-07,,,703.0,1180,2960.0,,
01545800,08-08,,,739.0,1300,4140.0,,
01545800,08-09,,,697.0,1260,3750.0,,
01545800,08-10,,,655.0,1270,3310.0,,
01545800,08-11,,,592.0,1140,3170.0,,
01545800,08-12,,,552.0,1030,3180.0,,
01545800,08-13,,,534.0,1030,3230.0,,
01545800,08-14,,,475.0,1050,4080.0,,
01545800,08-15,,,444.0,1110,4580.0,,
01545800,08-16,,,433.0,1190,4730.0,,
01545800,08-17,,,430.0,1110,4240.0,,
01545800,08-18,,,448.0,1310,4080.0,,
01545800,08-19,,,496.0,2280,12500.0,,
01545800,08-20,,,549.0,2240,9220.0,,
01545800,08-21,,,563.0,1820,6770.0,,
01545800,08-22,,,578.0,1570,5760.0,,
01545800,08-23,,,636.0,1380,4920.0,,
01545800,08-24,,,709.0,1710,3820.0,,
01545800,08-25,,,688.0,1670,3240.0,,
01545800,08-26,,,607.0,1610,2790.0,,
01545800,08-27,,,565.0,1540,2520.0,,
01545800,08-28,,,502.0,1410,2590.0,,
01545800,08-29,,,508.0,1460,2580.0,,
01545800,08-30,,,527.0,1940,2560.0,,
01545800,08-31,,,1030.0,1700,3130.0,,
01545800,09-01,,,1000.0,1490,2850.0,,
01545800,09-02,,,832.0,1410,2760.0,,
01545800,09-03,,,654.0,1760,2420.0,,
01545800,09-04,,,632.0,1570,3510.0,,
01545800,09-05,,,731.0,1450,2080.0,,
01545800,09-06,,,663.0,1580,4420.0,,
01545800,09-07,,,615.0,1420,3820.0,,
01545800,09-08,,,599.0,1380,3460.0,,
01545800,09-09,,,607.0,1380,3520.0,,
01545800,09-10,,,558.0,1450,3660.0,,
01545800,09-11,,,502.0,1810,3160.0,,
01545800,09-12,,,496.0,1970,3000.0,,
01545800,09-13,,,512.0,1810,3710.0,,
01545800,09-14,,,515.0,1780,3430.0,,
01545800,09-15,,,498.0,1760,2790.0,,
01545800,09-16,,,492.0,1570,2360.0,,
01545800,09-17,,,482.0,1350,2650.0,,
01545800,09-18,,,461.0,1160,2270.0,,
01545800,09-19,,,440.0,1030,2000.0,,
01545800,09-20,,,422.0,961,1810.0,,
01545800,09-21,,,401.0,890,1760.0,,
01545800,09-22,,,373.0,896,1730.0,,
01545800,09-23,,,409.0,882,9120.0,,
01545800,09-24,,,465.0,937,7110.0,,
01545800,09-25,,,686.0,1010,7090.0,,
01545800,09-26,,,726.0,1200,9880.0,,
01545800,09-27,,,740.0,1280,7830.0,,
01545800,09-28,,,693.0,1200,6170.0,,
01545800,09-29,,,637.0,1120,4990.0,,
01545800,09-30,,,594.0,995,4410.0,,
01545800,10-01,,358.0,491.0,897,3070.0,9730.0,
01545800,10-02,,329.0,533.0,832,2980.0,8660.0,
01545800,10-03,,312.0,513.0,803,3690.0,16400.0,
01545800,10-04,,304.0,439.0,936,3650.0,15000.0,
01545800,10-05,,304.0,409.0,1120,3820.0,12200.0,
01545800,10-06,,319.0,373.0,890,3370.0,10500.0,
01545800,10-07,,319.0,350.0,1080,2810.0,9900.0,
01545800,10-08,,363.0,378.0,968,3170.0,9230.0,
01545800,10-09,,363.0,454.0,979,2950.0,8180.0,
01545800,10-10,,344.0,621.0,985,2430.0,7370.0,
01545800,10-11,,323.0,600.0,901,2060.0,7680.0,
01545800,10-12,,329.0,542.0,1200,1790.0,12500.0,
01545800,10-13,,324.0,512.0,1230,1720.0,12300.0,
01545800,10-14,,332.0,560.0,1210,1710.0,10500.0,
01545800,10-15,,334.0,673.0,1060,1870.0,9020.0,
01545800,10-16,,350.0,685.0,1370,1810.0,8330.0,
01545800,10-17,,361.0,635.0,1210,2180.0,7560.0,
01545800,10-18,,356.0,597.0,1150,2080.0,6690.0,
01545800,10-19,,355.0,574.0,1180,1870.0,5790.0,
01545800,10-20,,365.0,583.0,1050,1680.0,5360.0,
01545800,10-21,,365.0,582.0,961,1620.0,5230.0,
01545800,10-22,,380.0,720.0,965,1660.0,5180.0,
01545800,10-23,,504.0,716.0,1000,2140.0,4610.0,
01545800,10-24,,494.0,691.0,961,2330.0,4240.0,
01545800,10-25,,455.0,694.0,925,2140.0,3910.0,
01545800,10-26,,439.0,699.0,943,2550.0,3630.0,
01545800,10-27,,426.0,670.0,915,3110.0,6360.0,
01545800,10-28,,429.0,655.0,897,6760.0,10400.0,
01545800,10-29,,463.0,649.0,1020,6640.0,14400.0,
01545800,10-30,,655.0,755.0,1550,10600.0,13500.0,
01545800,10-31,,718.0,1280.0,3260,12400.0,14500.0,
01545800,11-01,,688.0,1660.0,4210,12000.0,18000.0,
01545800,11-02,,676.0,1260.0,3630,10600.0,18300.0,
01545800,11-03,,671.0,1020.0,3020,10100.0,12600.0,
01545800,11-04,,645.0,957.0,2570,8350.0,10700.0,
01545800,11-05,,642.0,924.0,2350,6640.0,9950.0,
01545800,11-06,,628.0,819.0,2180,5620.0,9970.0,
01545800,11-07,,616.0,751.0,1960,7740.0,16700.0,
01545800,11-08,,604.0,695.0,1780,7280.0,13300.0,
01545800,11-09,,606.0,644.0,1710,6770.0,9490.0,
01545800,11-10,,608.0,617.0,1600,5540.0,12000.0,
01545800,11-11,,706.0,815.0,1490,4720.0,15300.0,
01545800,11-12,,795.0,1350.0,3150,9250.0,14400.0,
01545800,11-13,,1250.0,1290.0,4280,8510.0,23800.0,
01545800,11-14,,1190.0,1250.0,3390,8120.0,16000.0,
01545800,11-15,,1050.0,1230.0,2530,7500.0,11100.0,
01545800,11-16,,1020.0,1320.0,2440,6340.0,10100.0,
01545800,11-17,,929.0,1350.0,2350,5570.0,9420.0,
01545800,11-18,,879.0,1480.0,2280,4830.0,8610.0,
01545800,11-19,,871.0,1590.0,2230,4400.0,8290.0,
01545800,11-20,,857.0,1550.0,2190,7140.0,10800.0,
01545800,11-21,,898.0,1490.0,2150,6560.0,14200.0,
01545800,11-22,,1010.0,1460.0,3230,5300.0,12800.0,
01545800,11-23,,1330.0,1500.0,3220,7850.0,10900.0,
01545800,11-24,,1370.0,1720.0,3080,7190.0,9580.0,
01545800,11-25,,1350.0,2050.0,2930,5820.0,9530.0,
01545800,11-26,,1430.0,2160.0,3150,4950.0,10900.0,
01545800,11-27,,1660.0,2870.0,3360,4300.0,21500.0,
01545800,11-28,,2080.0,2790.0,3960,4850.0,23400.0,
01545800,11-29,,2130.0,2650.0,3560,5420.0,18200.0,
01545800,11-30,,2180.0,2570.0,2970,5810.0,14300.0,
01545800,12-01,,2390.0,2460.0,2830,5990.0,12200.0,
01545800,12-02,,2240.0,2640.0,2940,5570.0,11300.0,
01545800,12-03,,2110.0,2780.0,3390,5370.0,13800.0,
01545800,12-04,,1970.0,2690.0,3480,7040.0,16100.0,
01545800,12-05,,1630.0,2570.0,3650,8240.0,15400.0,
01545800,12-06,,1320.0,2550.0,3510,7630.0,13100.0,
01545800,12-07,,1100.0,2560.0,3250,6850.0,11200.0,
01545800,12-08,,926.0,2390.0,2950,6130.0,9560.0,
01545800,12-09,,797.0,2320.0,2870,5460.0,8310.0,
01545800,12-10,,724.0,2320.0,4950,5840.0,7440.0,
01545800,12-11,,633.0,2170.0,4820,9620.0,21600.0,
01545800,12-12,,611.0,2010.0,5890,12100.0,18800.0,
01545800,12-13,,615.0,1800.0,5510,11600.0,14500.0,
01545800,12-14,,609.0,1510.0,5110,10100.0,11100.0,
01545800,12-15,,598.0,1420.0,4770,8220.0,13400.0,
01545800,12-16,,581.0,1480.0,4390,7160.0,13100.0,
01545800,12-17,,570.0,1490.0,4310,8750.0,12200.0,
01545800,12-18,,750.0,1710.0,5480,9960.0,11300.0,
01545800,12-19,,1230.0,1940.0,6640,9470.0,9870.0,
01545800,12-20,,1690.0,2940.0,6820,8470.0,8940.0,
01545800,12-21,,1810.0,2990.0,6460,8040.0,11500.0,
01545800,12-22,,1920.0,2850.0,5610,7300.0,29600.0,
01545800,12-23,,2000.0,3540.0,5110,6320.0,29900.0,
01545800,12-24,,2700.0,3560.0,5130,7950.0,21600.0,
01545800,12-25,,3770.0,4130.0,4980,12800.0,27700.0,
01545800,12-26,,3480.0,4020.0,4940,10400.0,32600.0,
01545800,12-27,,3310.0,3770.0,4370,8630.0,21800.0,
01545800,12-28,,2060.0,3530.0,6330,8750.0,13600.0,
01545800,12-29,,1750.0,3700.0,5680,10400.0,13200.0,
01545800,12-30,,1740.0,4670.0,7290,11000.0,14500.0,
01545800,12-31,,1760.0,5730.0,7340,9590.0,14900.0,
01547200,01-01,118.0,141.0,200.0,345,493.0,785.0,1280.0
01547200,01-02,122.0,144.0,208.0,335,504.0,803.0,1270.0
01547200,01-03,134.0,146.0,211.0,314,523.0,842.0,1170.0
01547200,01-04,136.0,146.0,212.0,318,541.0,886.0,1070.0
01547200,01-05,134.0,153.0,200.0,322,506.0,944.0,1190.0
01547200,01-06,130.0,153.0,201.0,320,486.0,772.0,1040.0
01547200,01-07,133.0,153.0,204.0,336,447.0,669.0,849.0
01547200,01-08,142.0,158.0,205.0,316,424.0,711.0,1360.0
01547200,01-09,141.0,157.0,205.0,308,433.0,701.0,1520.0
01547200,01-10,142.0,165.0,201.0,290,439.0,744.0,1520.0
01547200,01-11,140.0,164.0,213.0,293,389.0,683.0,1110.0
01547200,01-12,133.0,164.0,205.0,308,459.0,764.0,969.0
01547200,01-13,136.0,163.0,204.0,294,543.0,811.0,1480.0
01547200,01-14,139.0,157.0,197.0,315,512.0,935.0,994.0
01547200,01-15,138.0,157.0,198.0,329,547.0,742.0,871.0
01547200,01-16,140.0,159.0,198.0,299,522.0,718.0,988.0
01547200,01-17,142.0,159.0,190.0,293,469.0,641.0,944.0
01547200,01-18,135.0,163.0,195.0,281,453.0,635.0,886.0
01547200,01-19,136.0,157.0,203.0,277,447.0,690.0,944.0
01547200,01-20,134.0,156.0,194.0,292,422.0,759.0,1260.0
01547200,01-21,134.0,158.0,210.0,275,414.0,938.0,1580.0
01547200,01-22,142.0,156.0,216.0,299,428.0,743.0,1250.0
01547200,01-23,143.0,162.0,214.0,310,481.0,774.0,1020.0
01547200,01-24,144.0,157.0,217.0,302,531.0,882.0,1220.0
01547200,01-25,138.0,162.0,231.0,310,546.0,950.0,1380.0
01547200,01-26,140.0,171.0,229.0,308,557.0,849.0,1410.0
01547200,01-27,140.0,170.0,221.0,309,508.0,889.0,1730.0
01547200,01-28,138.0,162.0,213.0,304,467.0,883.0,1300.0
01547200,01-29,138.0,158.0,216.0,290,511.0,927.0,1090.0
01547200,01-30,141.0,164.0,222.0,311,542.0,749.0,1060.0
01547200,01-31,135.0,165.0,232.0,307,520.0,826.0,1010.0
01547200,02-01,137.0,164.0,226.0,316,495.0,687.0,791.0
01547200,02-02,140.0,180.0,232.0,327,488.0,801.0,1320.0
01547200,02-03,146.0,179.0,231.0,348,536.0,824.0,1870.0
01547200,02-04,140.0,178.0,239.0,345,508.0,1050.0,1440.0
01547200,02-05,143.0,173.0,228.0,325,558.0,967.0,1230.0
01547200,02-06,142.0,172.0,237.0,314,501.0,884.0,1100.0
01547200,02-07,158.0,184.0,229.0,320,500.0,813.0,1160.0
01547200,02-08,157.0,178.0,228.0,329,530.0,750.0,999.0
01547200,02-09,156.0,162.0,214.0,317,489.0,826.0,891.0
01547200,02-10,154.0,166.0,210.0,288,498.0,871.0,1270.0
01547200,02-11,167.0,177.0,214.0,319,557.0,926.0,1030.0
01547200,02-12,167.0,193.0,220.0,347,526.0,834.0,1110.0
01547200,02-13,164.0,189.0,227.0,339,551.0,866.0,1030.0
01547200,02-14,169.0,192.0,233.0,338,512.0,814.0,1280.0
01547200,02-15,171.0,188.0,243.0,336,516.0,979.0,1190.0
01547200,02-16,180.0,186.0,249.0,348,538.0,861.0,1490.0
01547200,02-17,181.0,189.0,246.0,342,504.0,844.0,1360.0
01547200,02-18,180.0,189.0,250.0,357,530.0,1230.0,1640.0
01547200,02-19,183.0,189.0,250.0,353,546.0,1220.0,1610.0
01547200,02-20,179.0,191.0,261.0,345,607.0,1200.0,1590.0
01547200,02-21,174.0,191.0,254.0,335,648.0,1230.0,1770.0
01547200,02-22,176.0,197.0,270.0,350,648.0,1150.0,1840.0
01547200,02-23,168.0,203.0,273.0,370,656.0,1280.0,1930.0
01547200,02-24,171.0,198.0,280.0,397,765.0,1400.0,1950.0
01547200,02-25,172.0,194.0,281.0,399,863.0,1560.0,2590.0
01547200,02-26,171.0,198.0,291.0,384,705.0,1330.0,1930.0
01547200,02-27,169.0,204.0,285.0,403,702.0,1180.0,1680.0
01547200,02-28,166.0,195.0,285.0,391,721.0,1390.0,2430.0
01547200,02-29,,160.0,296.0,532,711.0,1050.0,
01547200,03-01,172.0,186.0,280.0,474,720.0,1470.0,2160.0
01547200,03-02,179.0,197.0,279.0,454,800.0,1440.0,1700.0
01547200,03-03,175.0,225.0,306.0,428,710.0,1280.0,1430.0
01547200,03-04,191.0,237.0,306.0,435,934.0,1390.0,2270.0
01547200,03-05,210.0,243.0,336.0,497,853.0,1610.0,2780.0
01547200,03-06,217.0,238.0,348.0,502,897.0,1840.0,2600.0
01547200,03-07,211.0,233.0,363.0,538,856.0,1410.0,2040.0
01547200,03-08,223.0,242.0,352.0,546,796.0,1180.0,1840.0
01547200,03-09,221.0,255.0,345.0,529,732.0,1270.0,1920.0
01547200,03-10,229.0,265.0,361.0,544,742.0,1340.0,2220.0
01547200,03-11,231.0,261.0,390.0,530,758.0,1290.0,1650.0
01547200,03-12,218.0,292.0,422.0,543,862.0,1180.0,1590.0
01547200,03-13,218.0,317.0,408.0,575,981.0,1510.0,1880.0
01547200,03-14,214.0,321.0,408.0,580,1010.0,1420.0,1770.0
01547200,03-15,220.0,306.0,403.0,542,1030.0,1910.0,2210.0
01547200,03-16,277.0,316.0,399.0,548,929.0,1560.0,1850.0
01547200,03-17,286.0,313.0,404.0,563,847.0,1350.0,1750.0
01547200,03-18,277.0,323.0,402.0,539,808.0,1190.0,1640.0
01547200,03-19,289.0,321.0,416.0,568,796.0,1140.0,1440.0
01547200,03-20,287.0,341.0,409.0,557,831.0,1480.0,1670.0
01547200,03-21,286.0,316.0,411.0,580,876.0,1900.0,2060.0
01547200,03-22,277.0,304.0,389.0,560,922.0,1780.0,2290.0
01547200,03-23,269.0,287.0,410.0,589,950.0,1680.0,2470.0
01547200,03-24,260.0,309.0,390.0,632,880.0,1660.0,1970.0
01547200,03-25,251.0,312.0,395.0,638,854.0,1490.0,1840.0
01547200,03-26,249.0,309.0,431.0,640,895.0,1220.0,2040.0
01547200,03-27,277.0,302.0,445.0,593,860.0,1530.0,2110.0
01547200,03-28,273.0,303.0,430.0,600,840.0,1410.0,1940.0
01547200,03-29,270.0,295.0,400.0,606,864.0,1860.0,2840.0
01547200,03-30,269.0,302.0,411.0,580,914.0,1640.0,2160.0
01547200,03-31,275.0,291.0,405.0,577,840.0,1630.0,1920.0
01547200,04-01,259.0,284.0,469.0,574,824.0,1400.0,2390.0
01547200,04-02,266.0,297.0,460.0,603,986.0,1740.0,2430.0
01547200,04-03,275.0,301.0,445.0,606,1060.0,1630.0,2960.0
01547200,04-04,290.0,306.0,438.0,618,1080.0,1930.0,2690.0
01547200,04-05,298.0,324.0,434.0,591,1130.0,1650.0,2020.0
01547200,04-06,276.0,305.0,435.0,619,1010.0,1470.0,1780.0
01547200,04-07,276.0,313.0,427.0,618,953.0,1570.0,2020.0
01547200,04-08,271.0,310.0,426.0,600,867.0,1310.0,1520.0
01547200,04-09,267.0,297.0,407.0,578,830.0,1300.0,1800.0
01547200,04-10,268.0,295.0,392.0,585,822.0,1330.0,1980.0
01547200,04-11,262.0,285.0,390.0,579,785.0,1280.0,1390.0
01547200,04-12,249.0,315.0,377.0,536,820.0,1100.0,1450.0
01547200,04-13,251.0,305.0,360.0,537,806.0,1050.0,1470.0
01547200,04-14,245.0,302.0,379.0,498,773.0,1160.0,1580.0
01547200,04-15,244.0,297.0,365.0,545,767.0,1280.0,1600.0
01547200,04-16,238.0,296.0,368.0,540,747.0,1270.0,1700.0
01547200,04-17,232.0,288.0,377.0,504,706.0,1180.0,1890.0
01547200,04-18,229.0,279.0,357.0,476,760.0,1190.0,1490.0
01547200,04-19,241.0,271.0,370.0,470,723.0,1070.0,1320.0
01547200,04-20,232.0,257.0,351.0,458,671.0,963.0,1260.0
01547200,04-21,227.0,250.0,346.0,462,646.0,1020.0,1470.0
01547200,04-22,221.0,250.0,360.0,457,657.0,1070.0,1370.0
01547200,04-23,220.0,253.0,339.0,468,616.0,950.0,1230.0
01547200,04-24,240.0,264.0,336.0,491,666.0,836.0,1010.0
01547200,04-25,233.0,277.0,341.0,473,619.0,805.0,982.0
01547200,04-26,231.0,273.0,346.0,445,596.0,842.0,1210.0
01547200,04-27,229.0,262.0,346.0,431,603.0,938.0,1670.0
01547200,04-28,225.0,258.0,332.0,423,583.0,1100.0,1470.0
01547200,04-29,225.0,272.0,330.0,425,621.0,1090.0,1320.0
01547200,04-30,230.0,255.0,316.0,390,665.0,1180.0,1600.0
01547200,05-01,235.0,269.0,320.0,391,616.0,996.0,1700.0
01547200,05-02,235.0,265.0,310.0,406,689.0,1100.0,1360.0
01547200,05-03,229.0,265.0,305.0,407,653.0,901.0,1060.0
01547200,05-04,238.0,252.0,314.0,421,608.0,866.0,1040.0
01547200,05-05,226.0,247.0,306.0,401,593.0,911.0,1210.0
01547200,05-06,223.0,253.0,310.0,410,546.0,913.0,1260.0
01547200,05-07,225.0,251.0,307.0,399,590.0,960.0,1530.0
01547200,05-08,223.0,276.0,316.0,400,587.0,1030.0,1390.0
01547200,05-09,218.0,272.0,327.0,425,646.0,935.0,1310.0
01547200,05-10,222.0,266.0,315.0,443,614.0,1110.0,1260.0
01547200,05-11,229.0,260.0,309.0,426,578.0,1060.0,1460.0
01547200,05-12,238.0,259.0,307.0,461,636.0,1280.0,1540.0
01547200,05-13,232.0,255.0,298.0,469,759.0,1150.0,1530.0
01547200,05-14,226.0,255.0,308.0,441,648.0,1050.0,1610.0
01547200,05-15,221.0,244.0,295.0,420,642.0,967.0,1290.0
01547200,05-16,216.0,243.0,300.0,423,694.0,972.0,1630.0
01547200,05-17,209.0,238.0,284.0,431,655.0,816.0,1670.0
01547200,05-18,212.0,235.0,278.0,410,623.0,1060.0,1200.0
01547200,05-19,220.0,235.0,287.0,397,607.0,954.0,1350.0
01547200,05-20,210.0,234.0,285.0,405,605.0,850.0,1310.0
01547200,05-21,206.0,224.0,273.0,372,571.0,784.0,1010.0
01547200,05-22,202.0,218.0,269.0,364,569.0,821.0,1330.0
01547200,05-23,209.0,228.0,261.0,354,524.0,833.0,1290.0
01547200,05-24,206.0,213.0,259.0,361,536.0,947.0,1470.0
01547200,05-25,199.0,209.0,251.0,348,519.0,888.0,1060.0
01547200,05-26,196.0,205.0,250.0,360,500.0,752.0,948.0
01547200,05-27,194.0,200.0,258.0,338,480.0,658.0,770.0
01547200,05-28,188.0,196.0,261.0,329,433.0,722.0,862.0
01547200,05-29,183.0,193.0,256.0,331,473.0,832.0,1430.0
01547200,05-30,180.0,186.0,236.0,309,447.0,765.0,1160.0
01547200,05-31,177.0,188.0,236.0,306,492.0,732.0,1180.0
01547200,06-01,175.0,187.0,230.0,300,453.0,683.0,911.0
01547200,06-02,178.0,190.0,229.0,286,404.0,586.0,753.0
01547200,06-03,175.0,193.0,232.0,295,414.0,545.0,772.0
01547200,06-04,172.0,185.0,225.0,279,415.0,566.0,635.0
01547200,06-05,169.0,186.0,224.0,281,421.0,546.0,965.0
01547200,06-06,172.0,189.0,220.0,284,376.0,489.0,931.0
01547200,06-07,167.0,184.0,223.0,273,379.0,447.0,1110.0
01547200,06-08,163.0,182.0,225.0,273,351.0,446.0,809.0
01547200,06-09,161.0,173.0,223.0,273,339.0,644.0,792.0
01547200,06-10,160.0,168.0,216.0,267,368.0,626.0,1120.0
01547200,06-11,159.0,165.0,205.0,263,341.0,676.0,763.0
01547200,06-12,158.0,178.0,208.0,261,423.0,601.0,836.0
01547200,06-13,156.0,182.0,208.0,263,389.0,569.0,726.0
01547200,06-14,156.0,178.0,211.0,278,388.0,580.0,899.0
01547200,06-15,157.0,176.0,211.0,270,372.0,731.0,1040.0
01547200,06-16,160.0,175.0,202.0,264,365.0,610.0,764.0
01547200,06-17,162.0,172.0,212.0,267,376.0,576.0,688.0
01547200,06-18,153.0,170.0,197.0,266,390.0,568.0,909.0
01547200,06-19,157.0,167.0,194.0,262,357.0,641.0,792.0
01547200,06-20,159.0,163.0,195.0,253,363.0,660.0,1260.0
01547200,06-21,152.0,160.0,190.0,262,360.0,744.0,1150.0
01547200,06-22,149.0,157.0,188.0,267,371.0,614.0,1300.0
01547200,06-23,147.0,160.0,199.0,260,356.0,545.0,891.0
01547200,06-24,142.0,154.0,194.0,239,337.0,450.0,685.0
01547200,06-25,138.0,154.0,191.0,239,317.0,454.0,590.0
01547200,06-26,133.0,154.0,188.0,235,310.0,466.0,574.0
01547200,06-27,133.0,150.0,197.0,245,323.0,497.0,726.0
01547200,06-28,132.0,148.0,193.0,235,332.0,578.0,851.0
01547200,06-29,129.0,147.0,188.0,243,321.0,433.0,725.0
01547200,06-30,129.0,145.0,183.0,234,312.0,379.0,489.0
01547200,07-01,125.0,149.0,183.0,228,295.0,403.0,719.0
01547200,07-02,126.0,148.0,187.0,243,295.0,383.0,680.0
01547200,07-03,133.0,148.0,182.0,231,300.0,384.0,539.0
01547200,07-04,129.0,141.0,182.0,216,280.0,445.0,722.0
01547200,07-05,131.0,136.0,181.0,214,262.0,608.0,894.0
01547200,07-06,127.0,137.0,179.0,211,258.0,426.0,746.0
01547200,07-07,126.0,144.0,175.0,206,254.0,362.0,571.0
01547200,07-08,125.0,137.0,173.0,212,274.0,364.0,536.0
01547200,07-09,123.0,147.0,174.0,208,265.0,312.0,466.0
01547200,07-10,125.0,147.0,180.0,208,256.0,363.0,475.0
01547200,07-11,124.0,142.0,172.0,205,257.0,343.0,723.0
01547200,07-12,120.0,143.0,168.0,198,242.0,478.0,584.0
01547200,07-13,125.0,140.0,170.0,193,244.0,439.0,555.0
01547200,07-14,123.0,141.0,174.0,202,241.0,436.0,658.0
01547200,07-15,126.0,136.0,173.0,207,283.0,437.0,706.0
01547200,07-16,120.0,133.0,168.0,204,262.0,373.0,461.0
01547200,07-17,117.0,133.0,165.0,202,259.0,362.0,422.0
01547200,07-18,117.0,130.0,162.0,195,243.0,334.0,476.0
01547200,07-19,114.0,136.0,164.0,189,235.0,320.0,506.0
01547200,07-20,115.0,132.0,163.0,186,247.0,479.0,1180.0
01547200,07-21,113.0,129.0,161.0,190,246.0,490.0,762.0
01547200,07-22,118.0,134.0,159.0,189,246.0,412.0,634.0
01547200,07-23,116.0,134.0,156.0,197,268.0,478.0,637.0
01547200,07-24,111.0,136.0,164.0,203,254.0,406.0,532.0
01547200,07-25,109.0,134.0,164.0,202,241.0,333.0,532.0
01547200,07-26,107.0,140.0,161.0,191,234.0,399.0,465.0
01547200,07-27,105.0,131.0,156.0,189,229.0,431.0,587.0
01547200,07-28,107.0,130.0,160.0,190,251.0,459.0,532.0
01547200,07-29,116.0,128.0,160.0,194,274.0,377.0,468.0
01547200,07-30,120.0,131.0,158.0,187,257.0,341.0,446.0
01547200,07-31,115.0,130.0,156.0,190,243.0,340.0,593.0
01547200,08-01,117.0,130.0,149.0,183,230.0,321.0,784.0
01547200,08-02,115.0,131.0,150.0,189,228.0,313.0,492.0
01547200,08-03,119.0,128.0,152.0,192,246.0,386.0,509.0
01547200,08-04,112.0,127.0,150.0,187,267.0,438.0,482.0
01547200,08-05,121.0,130.0,153.0,185,240.0,367.0,904.0
01547200,08-06,115.0,127.0,150.0,182,224.0,419.0,802.0
01547200,08-07,112.0,126.0,149.0,178,247.0,454.0,1300.0
01547200,08-08,111.0,124.0,147.0,178,244.0,399.0,672.0
01547200,08-09,110.0,121.0,150.0,174,224.0,512.0,753.0
01547200,08-10,108.0,123.0,149.0,176,236.0,418.0,656.0
01547200,08-11,108.0,121.0,150.0,182,234.0,379.0,840.0
01547200,08-12,112.0,124.0,152.0,175,224.0,425.0,770.0
01547200,08-13,108.0,126.0,151.0,175,223.0,491.0,685.0
01547200,08-14,111.0,124.0,146.0,181,224.0,344.0,569.0
01547200,08-15,108.0,122.0,147.0,176,220.0,310.0,632.0
01547200,08-16,108.0,127.0,140.0,172,213.0,337.0,499.0
01547200,08-17,106.0,125.0,139.0,172,212.0,369.0,494.0
01547200,08-18,110.0,121.0,137.0,174,209.0,350.0,1010.0
01547200,08-19,107.0,126.0,141.0,172,212.0,363.0,749.0
01547200,08-20,105.0,130.0,146.0,177,236.0,336.0,515.0
01547200,08-21,109.0,128.0,146.0,177,232.0,380.0,583.0
01547200,08-22,107.0,125.0,144.0,173,236.0,341.0,577.0
01547200,08-23,106.0,128.0,150.0,168,209.0,296.0,646.0
01547200,08-24,103.0,127.0,147.0,170,203.0,283.0,497.0
01547200,08-25,102.0,126.0,142.0,169,212.0,301.0,484.0
01547200,08-26,101.0,127.0,138.0,167,221.0,295.0,385.0
01547200,08-27,100.0,126.0,139.0,165,213.0,324.0,421.0
01547200,08-28,100.0,126.0,141.0,171,218.0,308.0,398.0
01547200,08-29,101.0,125.0,141.0,165,239.0,348.0,396.0
01547200,08-30,96.0,123.0,141.0,170,213.0,367.0,527.0
01547200,08-31,97.0,122.0,143.0,168,232.0,330.0,431.0
01547200,09-01,98.0,121.0,141.0,166,208.0,312.0,622.0
01547200,09-02,99.0,118.0,141.0,164,203.0,335.0,830.0
01547200,09-03,102.0,123.0,137.0,165,204.0,332.0,943.0
01547200,09-04,107.0,121.0,140.0,166,212.0,340.0,594.0
01547200,09-05,102.0,121.0,140.0,158,203.0,330.0,535.0
01547200,09-06,116.0,120.0,141.0,160,203.0,332.0,754.0
01547200,09-07,107.0,119.0,139.0,157,209.0,334.0,1100.0
01547200,09-08,99.0,118.0,140.0,158,198.0,347.0,702.0
01547200,09-09,99.0,120.0,140.0,160,197.0,414.0,914.0
01547200,09-10,97.0,120.0,139.0,158,208.0,372.0,780.0
01547200,09-11,94.0,119.0,137.0,157,218.0,346.0,612.0
01547200,09-12,95.0,119.0,137.0,163,211.0,337.0,575.0
01547200,09-13,98.0,114.0,136.0,161,205.0,326.0,560.0
01547200,09-14,101.0,118.0,134.0,163,195.0,310.0,568.0
01547200,09-15,101.0,119.0,138.0,157,195.0,376.0,539.0
01547200,09-16,102.0,119.0,137.0,155,189.0,444.0,584.0
01547200,09-17,102.0,116.0,138.0,155,199.0,362.0,680.0
01547200,09-18,98.0,115.0,138.0,156,199.0,355.0,1130.0
01547200,09-19,96.0,114.0,136.0,161,199.0,306.0,1070.0
01547200,09-20,102.0,116.0,138.0,155,192.0,360.0,946.0
01547200,09-21,104.0,118.0,139.0,161,185.0,331.0,715.0
01547200,09-22,103.0,118.0,137.0,158,189.0,319.0,650.0
01547200,09-23,102.0,116.0,137.0,163,199.0,359.0,728.0
01547200,09-24,101.0,118.0,137.0,155,196.0,373.0,651.0
01547200,09-25,100.0,118.0,134.0,155,196.0,395.0,747.0
01547200,09-26,99.0,116.0,133.0,158,198.0,431.0,753.0
01547200,09-27,99.0,122.0,138.0,158,212.0,511.0,1140.0
01547200,09-28,101.0,124.0,138.0,163,240.0,1050.0,1450.0
01547200,09-29,108.0,119.0,136.0,164,234.0,993.0,1580.0
01547200,09-30,107.0,119.0,137.0,169,228.0,836.0,945.0
01547200,10-01,112.0,123.0,139.0,174,232.0,710.0,771.0
01547200,10-02,112.0,122.0,139.0,170,212.0,540.0,779.0
01547200,10-03,112.0,123.0,138.0,165,214.0,535.0,858.0
01547200,10-04,109.0,124.0,139.0,162,242.0,502.0,724.0
01547200,10-05,107.0,122.0,138.0,158,232.0,451.0,616.0
01547200,10-06,104.0,119.0,139.0,165,220.0,409.0,545.0
01547200,10-07,103.0,120.0,139.0,168,209.0,396.0,496.0
01547200,10-08,109.0,120.0,141.0,162,214.0,378.0,504.0
01547200,10-09,107.0,117.0,136.0,161,200.0,426.0,691.0
01547200,10-10,104.0,117.0,136.0,160,194.0,392.0,596.0
01547200,10-11,102.0,120.0,139.0,159,193.0,394.0,755.0
01547200,10-12,98.0,118.0,136.0,159,191.0,397.0,689.0
01547200,10-13,96.0,120.0,138.0,157,179.0,362.0,644.0
01547200,10-14,100.0,121.0,136.0,162,199.0,385.0,808.0
01547200,10-15,96.0,122.0,138.0,159,214.0,555.0,843.0
01547200,10-16,95.0,122.0,138.0,155,209.0,530.0,644.0
01547200,10-17,96.0,120.0,138.0,154,218.0,438.0,580.0
01547200,10-18,97.0,120.0,137.0,154,240.0,479.0,707.0
01547200,10-19,98.0,123.0,136.0,152,278.0,490.0,982.0
01547200,10-20,95.0,125.0,134.0,158,260.0,721.0,1570.0
01547200,10-21,95.0,126.0,134.0,156,304.0,876.0,1700.0
01547200,10-22,95.0,125.0,134.0,157,281.0,595.0,960.0
01547200,10-23,110.0,124.0,136.0,157,295.0,531.0,1000.0
01547200,10-24,105.0,125.0,140.0,160,290.0,554.0,1090.0
01547200,10-25,98.0,126.0,143.0,163,318.0,688.0,996.0
01547200,10-26,94.0,125.0,141.0,163,321.0,597.0,841.0
01547200,10-27,92.0,124.0,141.0,165,357.0,696.0,925.0
01547200,10-28,91.0,122.0,136.0,165,334.0,656.0,827.0
01547200,10-29,92.0,121.0,137.0,166,324.0,629.0,804.0
01547200,10-30,92.0,120.0,138.0,182,366.0,569.0,996.0
01547200,10-31,92.0,122.0,140.0,179,350.0,574.0,755.0
01547200,11-01,92.0,120.0,140.0,197,356.0,466.0,710.0
01547200,11-02,93.0,121.0,141.0,188,350.0,563.0,712.0
01547200,11-03,101.0,118.0,144.0,193,335.0,568.0,799.0
01547200,11-04,94.0,119.0,148.0,190,340.0,519.0,695.0
01547200,11-05,93.0,116.0,148.0,191,312.0,521.0,655.0
01547200,11-06,93.0,117.0,146.0,199,385.0,531.0,630.0
01547200,11-07,103.0,124.0,146.0,193,354.0,473.0,689.0
01547200,11-08,104.0,124.0,147.0,198,342.0,474.0,1550.0
01547200,11-09,108.0,124.0,145.0,188,299.0,441.0,1460.0
01547200,11-10,109.0,122.0,152.0,210,297.0,508.0,1350.0
01547200,11-11,105.0,134.0,157.0,218,334.0,568.0,1090.0
01547200,11-12,104.0,132.0,156.0,208,408.0,856.0,1080.0
01547200,11-13,103.0,130.0,154.0,208,392.0,661.0,1070.0
01547200,11-14,102.0,134.0,154.0,209,358.0,550.0,853.0
01547200,11-15,101.0,132.0,159.0,221,350.0,588.0,698.0
01547200,11-16,101.0,131.0,161.0,225,355.0,701.0,1380.0
01547200,11-17,114.0,134.0,167.0,227,382.0,798.0,1380.0
01547200,11-18,111.0,131.0,168.0,237,361.0,664.0,954.0
01547200,11-19,107.0,130.0,167.0,219,405.0,753.0,955.0
01547200,11-20,105.0,132.0,164.0,228,393.0,621.0,704.0
01547200,11-21,102.0,130.0,162.0,241,385.0,579.0,1020.0
01547200,11-22,100.0,129.0,167.0,231,400.0,571.0,858.0
01547200,11-23,101.0,127.0,162.0,227,379.0,620.0,867.0
01547200,11-24,101.0,128.0,171.0,249,367.0,619.0,758.0
01547200,11-25,103.0,138.0,172.0,250,348.0,561.0,848.0
01547200,11-26,112.0,143.0,185.0,271,382.0,746.0,1070.0
01547200,11-27,112.0,139.0,193.0,267,383.0,676.0,1440.0
01547200,11-28,120.0,146.0,192.0,277,448.0,1270.0,1490.0
01547200,11-29,135.0,156.0,198.0,288,453.0,1060.0,1430.0
01547200,11-30,138.0,153.0,198.0,287,521.0,833.0,998.0
01547200,12-01,135.0,151.0,208.0,280,480.0,806.0,1410.0
01547200,12-02,131.0,147.0,212.0,276,401.0,803.0,1350.0
01547200,12-03,131.0,145.0,212.0,296,478.0,915.0,1270.0
01547200,12-04,131.0,141.0,201.0,282,496.0,837.0,891.0
01547200,12-05,129.0,139.0,207.0,273,489.0,773.0,880.0
01547200,12-06,127.0,143.0,205.0,271,491.0,876.0,1120.0
01547200,12-07,124.0,153.0,201.0,276,509.0,767.0,1390.0
01547200,12-08,123.0,152.0,200.0,310,439.0,686.0,1070.0
01547200,12-09,123.0,150.0,200.0,306,480.0,673.0,992.0
01547200,12-10,125.0,150.0,206.0,324,527.0,757.0,979.0
01547200,12-11,127.0,152.0,213.0,344,540.0,915.0,1220.0
01547200,12-12,133.0,149.0,207.0,353,605.0,882.0,1060.0
01547200,12-13,130.0,143.0,201.0,330,510.0,849.0,1470.0
01547200,12-14,121.0,145.0,199.0,320,540.0,777.0,1060.0
01547200,12-15,112.0,141.0,196.0,325,540.0,809.0,1130.0
01547200,12-16,117.0,137.0,205.0,340,504.0,779.0,1050.0
01547200,12-17,119.0,141.0,216.0,310,500.0,715.0,966.0
01547200,12-18,118.0,144.0,206.0,316,536.0,850.0,1060.0
01547200,12-19,116.0,155.0,213.0,326,500.0,768.0,962.0
01547200,12-20,112.0,148.0,209.0,322,481.0,716.0,927.0
01547200,12-21,117.0,159.0,215.0,346,510.0,877.0,1210.0
01547200,12-22,112.0,157.0,213.0,310,453.0,886.0,1430.0
01547200,12-23,111.0,161.0,210.0,320,527.0,1040.0,1450.0
01547200,12-24,112.0,162.0,215.0,335,578.0,1060.0,1450.0
01547200,12-25,115.0,155.0,225.0,324,622.0,1000.0,1400.0
01547200,12-26,116.0,155.0,185.0,339,620.0,904.0,1160.0
01547200,12-27,126.0,151.0,202.0,327,550.0,795.0,1150.0
01547200,12-28,125.0,151.0,215.0,315,547.0,806.0,1020.0
01547200,12-29,127.0,144.0,212.0,319,590.0,769.0,1010.0
01547200,12-30,123.0,144.0,207.0,332,555.0,829.0,901.0
01547200,12-31,117.0,141.0,215.0,320,541.0,697.0,888.0
01547500,01-01,152.0,187.0,259.0,458,705.0,930.0,1040.0
01547500,01-02,152.0,194.0,245.0,453,668.0,1110.0,1620.0
01547500,01-03,152.0,188.0,242.0,412,664.0,1280.0,1920.0
01547500,01-04,151.0,199.0,263.0,426,644.0,1300.0,1940.0
01547500,01-05,149.0,199.0,263.0,416,722.0,1280.0,1500.0
01547500,01-06,149.0,183.0,257.0,430,726.0,1080.0,1570.0
01547500,01-07,152.0,172.0,246.0,416,636.0,1270.0,1460.0
01547500,01-08,149.0,182.0,251.0,383,553.0,1190.0,1580.0
01547500,01-09,149.0,191.0,248.0,393,547.0,1090.0,1920.0
01547500,01-10,155.0,176.0,247.0,373,533.0,1320.0,1860.0
01547500,01-11,152.0,187.0,242.0,370,554.0,1310.0,2170.0
01547500,01-12,163.0,212.0,281.0,369,566.0,1350.0,2130.0
01547500,01-13,163.0,225.0,280.0,371,670.0,1210.0,2040.0
01547500,01-14,160.0,202.0,277.0,414,695.0,1280.0,1600.0
01547500,01-15,161.0,189.0,259.0,458,710.0,1230.0,1630.0
01547500,01-16,161.0,194.0,264.0,437,694.0,1270.0,1690.0
01547500,01-17,161.0,195.0,270.0,408,644.0,1070.0,1730.0
01547500,01-18,161.0,197.0,240.0,393,587.0,1120.0,1520.0
01547500,01-19,161.0,200.0,230.0,377,586.0,1000.0,1540.0
01547500,01-20,161.0,191.0,236.0,348,548.0,881.0,1390.0
01547500,01-21,161.0,192.0,247.0,400,537.0,1030.0,1430.0
01547500,01-22,161.0,184.0,222.0,390,510.0,1320.0,2140.0
01547500,01-23,160.0,183.0,228.0,376,578.0,1230.0,2280.0
01547500,01-24,160.0,191.0,239.0,383,622.0,968.0,2190.0
01547500,01-25,158.0,201.0,253.0,383,649.0,1290.0,1530.0
01547500,01-26,140.0,193.0,253.0,363,647.0,1330.0,1970.0
01547500,01-27,165.0,200.0,255.0,359,687.0,1380.0,1830.0
01547500,01-28,174.0,190.0,256.0,370,598.0,1570.0,1980.0
01547500,01-29,165.0,183.0,258.0,374,625.0,1430.0,1950.0
01547500,01-30,165.0,187.0,258.0,357,813.0,1380.0,1830.0
01547500,01-31,164.0,187.0,252.0,348,642.0,961.0,2060.0
01547500,02-01,163.0,174.0,260.0,397,594.0,876.0,1930.0
01547500,02-02,163.0,172.0,254.0,369,581.0,1000.0,1850.0
01547500,02-03,159.0,183.0,260.0,389,637.0,1290.0,1510.0
01547500,02-04,159.0,193.0,280.0,402,578.0,1710.0,2000.0
01547500,02-05,160.0,206.0,270.0,394,719.0,1370.0,2020.0
01547500,02-06,172.0,210.0,271.0,383,733.0,1350.0,1730.0
01547500,02-07,173.0,199.0,272.0,366,644.0,1350.0,1550.0
01547500,02-08,162.0,174.0,263.0,368,567.0,1160.0,1210.0
01547500,02-09,175.0,187.0,258.0,407,605.0,904.0,1250.0
01547500,02-10,171.0,192.0,261.0,385,602.0,1060.0,1420.0
01547500,02-11,171.0,191.0,271.0,411,615.0,1020.0,1680.0
01547500,02-12,160.0,197.0,279.0,393,667.0,1080.0,1790.0
01547500,02-13,186.0,214.0,301.0,413,794.0,1160.0,1600.0
01547500,02-14,218.0,249.0,350.0,535,924.0,1220.0,1640.0
01547500,02-15,231.0,247.0,338.0,594,1020.0,1430.0,1730.0
01547500,02-16,236.0,263.0,361.0,605,1040.0,1450.0,1640.0
01547500,02-17,252.0,267.0,368.0,722,977.0,1400.0,1640.0
01547500,02-18,246.0,274.0,383.0,712,1070.0,1490.0,1560.0
01547500,02-19,243.0,287.0,424.0,735,1150.0,1560.0,1770.0
01547500,02-20,242.0,289.0,455.0,834,1060.0,1760.0,2030.0
01547500,02-21,268.0,302.0,446.0,871,1330.0,1650.0,2200.0
01547500,02-22,291.0,317.0,533.0,844,1230.0,1780.0,2240.0
01547500,02-23,297.0,358.0,510.0,826,1210.0,1860.0,2130.0
01547500,02-24,278.0,333.0,488.0,825,1140.0,1790.0,2310.0
01547500,02-25,302.0,319.0,485.0,799,1320.0,1790.0,2160.0
01547500,02-26,299.0,317.0,455.0,760,1370.0,1860.0,2150.0
01547500,02-27,288.0,317.0,427.0,756,1250.0,2000.0,2070.0
01547500,02-28,263.0,294.0,414.0,669,1050.0,1880.0,2280.0
01547500,02-29,,248.0,307.0,594,1360.0,1940.0,
01547500,03-01,263.0,289.0,409.0,653,1010.0,2040.0,2550.0
01547500,03-02,238.0,278.0,401.0,599,1060.0,1830.0,2500.0
01547500,03-03,196.0,264.0,375.0,534,853.0,1810.0,2110.0
01547500,03-04,199.0,255.0,374.0,610,983.0,1870.0,2160.0
01547500,03-05,199.0,223.0,343.0,551,987.0,1800.0,2070.0
01547500,03-06,175.0,212.0,347.0,496,955.0,1670.0,1820.0
01547500,03-07,200.0,280.0,368.0,478,940.0,1470.0,1950.0
01547500,03-08,180.0,264.0,326.0,534,1010.0,1400.0,2210.0
01547500,03-09,211.0,277.0,376.0,542,881.0,1680.0,2250.0
01547500,03-10,211.0,274.0,366.0,564,921.0,1700.0,2390.0
01547500,03-11,198.0,244.0,360.0,560,843.0,1510.0,2360.0
01547500,03-12,215.0,253.0,385.0,578,956.0,1660.0,2440.0
01547500,03-13,215.0,252.0,447.0,608,999.0,1470.0,2100.0
01547500,03-14,202.0,257.0,403.0,584,1130.0,1640.0,2030.0
01547500,03-15,203.0,239.0,389.0,555,1140.0,1850.0,2320.0
01547500,03-16,207.0,247.0,389.0,556,1090.0,2140.0,2480.0
01547500,03-17,209.0,252.0,390.0,571,1220.0,1870.0,2210.0
01547500,03-18,209.0,252.0,378.0,568,913.0,1760.0,2480.0
01547500,03-19,186.0,220.0,346.0,528,885.0,1730.0,2270.0
01547500,03-20,177.0,221.0,344.0,516,783.0,1830.0,2060.0
01547500,03-21,164.0,213.0,331.0,528,939.0,1760.0,2000.0
01547500,03-22,171.0,213.0,346.0,552,1200.0,1680.0,2080.0
01547500,03-23,171.0,212.0,318.0,606,1100.0,1680.0,2020.0
01547500,03-24,172.0,207.0,299.0,582,1020.0,1540.0,1830.0
01547500,03-25,168.0,187.0,287.0,583,1070.0,1420.0,1710.0
01547500,03-26,147.0,177.0,315.0,580,938.0,1460.0,2080.0
01547500,03-27,143.0,177.0,305.0,562,940.0,1200.0,2010.0
01547500,03-28,143.0,176.0,283.0,498,796.0,1290.0,2290.0
01547500,03-29,110.0,175.0,270.0,477,720.0,1580.0,1940.0
01547500,03-30,134.0,176.0,277.0,461,766.0,1440.0,1880.0
01547500,03-31,136.0,175.0,266.0,476,682.0,1360.0,2000.0
01547500,04-01,134.0,174.0,309.0,471,666.0,1130.0,1640.0
01547500,04-02,129.0,168.0,266.0,507,804.0,1320.0,1860.0
01547500,04-03,128.0,158.0,239.0,503,753.0,1300.0,1670.0
01547500,04-04,141.0,168.0,287.0,469,796.0,1370.0,1530.0
01547500,04-05,144.0,186.0,286.0,494,968.0,1420.0,2030.0
01547500,04-06,149.0,186.0,295.0,493,874.0,1680.0,2190.0
01547500,04-07,149.0,198.0,248.0,487,877.0,1730.0,2250.0
01547500,04-08,148.0,200.0,260.0,469,981.0,1850.0,2230.0
01547500,04-09,150.0,202.0,261.0,514,922.0,1320.0,2370.0
01547500,04-10,162.0,194.0,281.0,504,859.0,1560.0,2400.0
01547500,04-11,161.0,204.0,268.0,508,827.0,1820.0,2360.0
01547500,04-12,160.0,190.0,259.0,504,786.0,1500.0,1860.0
01547500,04-13,162.0,183.0,237.0,445,859.0,1420.0,1710.0
01547500,04-14,170.0,187.0,227.0,399,784.0,1340.0,1990.0
01547500,04-15,168.0,174.0,263.0,378,752.0,1390.0,2080.0
01547500,04-16,163.0,170.0,257.0,389,727.0,1140.0,1960.0
01547500,04-17,138.0,167.0,232.0,376,642.0,1210.0,1640.0
01547500,04-18,148.0,167.0,242.0,361,699.0,1050.0,1710.0
01547500,04-19,140.0,167.0,241.0,345,655.0,1210.0,2020.0
01547500,04-20,143.0,165.0,242.0,377,608.0,1180.0,1700.0
01547500,04-21,151.0,179.0,250.0,369,632.0,1220.0,1660.0
01547500,04-22,153.0,187.0,252.0,364,546.0,1550.0,1860.0
01547500,04-23,153.0,187.0,253.0,345,543.0,1580.0,2100.0
01547500,04-24,153.0,180.0,240.0,329,620.0,1200.0,2010.0
01547500,04-25,153.0,181.0,240.0,309,535.0,897.0,1440.0
01547500,04-26,151.0,171.0,230.0,315,515.0,909.0,1170.0
01547500,04-27,152.0,167.0,230.0,333,528.0,776.0,1410.0
01547500,04-28,127.0,152.0,216.0,338,529.0,832.0,1420.0
01547500,04-29,137.0,152.0,228.0,346,536.0,758.0,1450.0
01547500,04-30,133.0,150.0,222.0,373,537.0,1060.0,1420.0
01547500,05-01,135.0,151.0,219.0,341,538.0,1030.0,1670.0
01547500,05-02,133.0,152.0,212.0,353,694.0,1060.0,2400.0
01547500,05-03,128.0,146.0,192.0,374,687.0,1340.0,2500.0
01547500,05-04,133.0,160.0,226.0,397,713.0,1140.0,2290.0
01547500,05-05,134.0,153.0,224.0,389,725.0,1190.0,1580.0
01547500,05-06,127.0,147.0,184.0,398,604.0,1120.0,1560.0
01547500,05-07,137.0,157.0,234.0,368,600.0,971.0,1100.0
01547500,05-08,139.0,161.0,244.0,383,608.0,1110.0,1380.0
01547500,05-09,140.0,163.0,242.0,400,640.0,1260.0,1800.0
01547500,05-10,157.0,172.0,254.0,408,677.0,1480.0,2030.0
01547500,05-11,161.0,172.0,279.0,466,674.0,1380.0,2100.0
01547500,05-12,162.0,185.0,282.0,466,741.0,1470.0,1890.0
01547500,05-13,151.0,170.0,282.0,466,787.0,1340.0,1810.0
01547500,05-14,150.0,172.0,282.0,479,850.0,1440.0,1710.0
01547500,05-15,154.0,172.0,259.0,467,849.0,1260.0,1490.0
01547500,05-16,154.0,171.0,248.0,446,839.0,1190.0,1810.0
01547500,05-17,148.0,157.0,253.0,443,744.0,1160.0,1690.0
01547500,05-18,149.0,169.0,270.0,423,688.0,1390.0,1740.0
01547500,05-19,151.0,170.0,263.0,368,625.0,1270.0,2100.0
01547500,05-20,135.0,164.0,252.0,411,602.0,1050.0,2370.0
01547500,05-21,145.0,173.0,249.0,401,735.0,1030.0,1790.0
01547500,05-22,161.0,175.0,262.0,384,715.0,1260.0,2250.0
01547500,05-23,161.0,191.0,262.0,406,674.0,1600.0,2730.0
01547500,05-24,166.0,190.0,254.0,426,665.0,1530.0,2450.0
01547500,05-25,167.0,182.0,281.0,390,643.0,1560.0,2280.0
01547500,05-26,162.0,173.0,284.0,390,661.0,1090.0,2220.0
01547500,05-27,158.0,176.0,250.0,386,633.0,873.0,1480.0
01547500,05-28,164.0,192.0,273.0,355,565.0,753.0,1100.0
01547500,05-29,164.0,184.0,278.0,384,587.0,984.0,1230.0
01547500,05-30,164.0,180.0,270.0,380,555.0,1150.0,1250.0
01547500,05-31,170.0,184.0,261.0,354,634.0,916.0,1280.0
01547500,06-01,169.0,187.0,261.0,358,587.0,823.0,1190.0
01547500,06-02,169.0,200.0,272.0,338,535.0,729.0,1340.0
01547500,06-03,163.0,204.0,272.0,335,485.0,747.0,1050.0
01547500,06-04,156.0,196.0,256.0,339,512.0,581.0,943.0
01547500,06-05,154.0,192.0,261.0,329,515.0,742.0,928.0
01547500,06-06,160.0,189.0,269.0,326,449.0,614.0,1340.0
01547500,06-07,160.0,182.0,254.0,309,431.0,747.0,1330.0
01547500,06-08,155.0,176.0,241.0,293,420.0,657.0,1410.0
01547500,06-09,165.0,176.0,242.0,312,421.0,888.0,1740.0
01547500,06-10,157.0,170.0,243.0,306,420.0,809.0,2440.0
01547500,06-11,143.0,173.0,229.0,294,427.0,911.0,1600.0
01547500,06-12,132.0,163.0,218.0,295,483.0,755.0,864.0
01547500,06-13,154.0,172.0,211.0,298,473.0,753.0,1210.0
01547500,06-14,154.0,169.0,213.0,282,454.0,695.0,1500.0
01547500,06-15,149.0,169.0,212.0,314,423.0,959.0,1240.0
01547500,06-16,147.0,178.0,224.0,311,480.0,791.0,1060.0
01547500,06-17,158.0,184.0,240.0,311,470.0,655.0,992.0
01547500,06-18,158.0,189.0,224.0,310,433.0,634.0,1090.0
01547500,06-19,152.0,174.0,218.0,318,464.0,753.0,862.0
01547500,06-20,150.0,174.0,202.0,318,481.0,1090.0,1280.0
01547500,06-21,144.0,158.0,187.0,318,453.0,1210.0,1780.0
01547500,06-22,149.0,159.0,189.0,310,516.0,947.0,1540.0
01547500,06-23,158.0,168.0,201.0,314,451.0,757.0,1920.0
01547500,06-24,159.0,164.0,201.0,309,417.0,588.0,2090.0
01547500,06-25,154.0,173.0,208.0,288,387.0,503.0,1770.0
01547500,06-26,154.0,172.0,205.0,280,385.0,549.0,1340.0
01547500,06-27,154.0,173.0,200.0,282,357.0,649.0,1320.0
01547500,06-28,154.0,173.0,200.0,270,375.0,994.0,1940.0
01547500,06-29,167.0,177.0,221.0,268,364.0,796.0,1780.0
01547500,06-30,165.0,173.0,215.0,275,348.0,533.0,1430.0
01547500,07-01,152.0,171.0,209.0,276,380.0,619.0,945.0
01547500,07-02,152.0,166.0,206.0,285,331.0,526.0,1210.0
01547500,07-03,149.0,166.0,203.0,273,328.0,531.0,780.0
01547500,07-04,140.0,157.0,195.0,258,327.0,484.0,742.0
01547500,07-05,140.0,161.0,199.0,243,323.0,643.0,994.0
01547500,07-06,140.0,155.0,197.0,233,302.0,685.0,1260.0
01547500,07-07,137.0,150.0,188.0,227,285.0,476.0,905.0
01547500,07-08,142.0,154.0,191.0,240,285.0,427.0,989.0
01547500,07-09,145.0,158.0,191.0,258,313.0,455.0,724.0
01547500,07-10,149.0,171.0,200.0,259,317.0,456.0,708.0
01547500,07-11,151.0,156.0,199.0,235,285.0,541.0,875.0
01547500,07-12,151.0,158.0,191.0,230,317.0,556.0,907.0
01547500,07-13,151.0,157.0,185.0,229,276.0,605.0,744.0
01547500,07-14,146.0,156.0,181.0,225,280.0,492.0,954.0
01547500,07-15,143.0,152.0,184.0,228,307.0,527.0,827.0
01547500,07-16,143.0,152.0,178.0,228,323.0,434.0,677.0
01547500,07-17,141.0,151.0,172.0,214,299.0,432.0,564.0
01547500,07-18,143.0,151.0,171.0,228,328.0,423.0,751.0
01547500,07-19,146.0,151.0,172.0,208,279.0,435.0,562.0
01547500,07-20,146.0,157.0,172.0,213,302.0,442.0,651.0
01547500,07-21,146.0,155.0,170.0,209,303.0,580.0,1400.0
01547500,07-22,146.0,158.0,171.0,225,280.0,737.0,1460.0
01547500,07-23,146.0,159.0,171.0,229,299.0,571.0,718.0
01547500,07-24,146.0,159.0,171.0,238,293.0,476.0,637.0
01547500,07-25,146.0,151.0,170.0,229,279.0,359.0,436.0
01547500,07-26,146.0,154.0,172.0,214,268.0,406.0,481.0
01547500,07-27,146.0,156.0,167.0,198,273.0,444.0,761.0
01547500,07-28,146.0,157.0,168.0,219,303.0,445.0,576.0
01547500,07-29,143.0,155.0,165.0,224,312.0,429.0,877.0
01547500,07-30,142.0,155.0,164.0,197,322.0,424.0,1170.0
01547500,07-31,142.0,154.0,167.0,227,296.0,377.0,1380.0
01547500,08-01,142.0,153.0,167.0,203,280.0,386.0,1860.0
01547500,08-02,142.0,150.0,165.0,200,271.0,339.0,1390.0
01547500,08-03,140.0,148.0,170.0,195,274.0,441.0,860.0
01547500,08-04,138.0,144.0,167.0,200,271.0,405.0,774.0
01547500,08-05,138.0,144.0,168.0,195,289.0,385.0,911.0
01547500,08-06,138.0,144.0,167.0,209,284.0,508.0,760.0
01547500,08-07,138.0,145.0,165.0,203,324.0,725.0,1810.0
01547500,08-08,136.0,144.0,167.0,200,382.0,615.0,1480.0
01547500,08-09,138.0,147.0,168.0,195,353.0,553.0,856.0
01547500,08-10,139.0,146.0,164.0,188,298.0,572.0,875.0
01547500,08-11,138.0,141.0,158.0,186,347.0,531.0,1090.0
01547500,08-12,137.0,144.0,154.0,186,277.0,565.0,1570.0
01547500,08-13,134.0,140.0,157.0,180,258.0,611.0,1600.0
01547500,08-14,134.0,141.0,154.0,178,244.0,456.0,1310.0
01547500,08-15,130.0,139.0,154.0,187,268.0,524.0,1400.0
01547500,08-16,131.0,139.0,154.0,187,261.0,430.0,1060.0
01547500,08-17,132.0,137.0,157.0,184,262.0,489.0,766.0
01547500,08-18,133.0,139.0,154.0,182,274.0,486.0,816.0
01547500,08-19,128.0,137.0,150.0,187,282.0,582.0,1170.0
01547500,08-20,130.0,140.0,157.0,187,286.0,445.0,1210.0
01547500,08-21,128.0,137.0,160.0,189,315.0,532.0,962.0
01547500,08-22,127.0,139.0,160.0,208,295.0,615.0,945.0
01547500,08-23,132.0,139.0,157.0,186,252.0,435.0,809.0
01547500,08-24,132.0,142.0,157.0,181,229.0,349.0,625.0
01547500,08-25,132.0,137.0,159.0,183,244.0,406.0,672.0
01547500,08-26,132.0,138.0,159.0,180,244.0,424.0,527.0
01547500,08-27,129.0,144.0,157.0,176,247.0,382.0,467.0
01547500,08-28,134.0,143.0,160.0,182,258.0,391.0,593.0
01547500,08-29,130.0,148.0,160.0,192,291.0,367.0,611.0
01547500,08-30,129.0,144.0,159.0,186,328.0,605.0,808.0
01547500,08-31,120.0,137.0,154.0,181,309.0,518.0,595.0
01547500,09-01,120.0,137.0,152.0,180,295.0,394.0,713.0
01547500,09-02,120.0,137.0,152.0,183,258.0,413.0,814.0
01547500,09-03,120.0,134.0,160.0,181,270.0,504.0,1180.0
01547500,09-04,120.0,134.0,152.0,183,248.0,567.0,1230.0
01547500,09-05,121.0,134.0,160.0,178,235.0,570.0,1200.0
01547500,09-06,127.0,141.0,158.0,178,235.0,680.0,1270.0
01547500,09-07,127.0,140.0,158.0,178,233.0,460.0,1020.0
01547500,09-08,127.0,138.0,158.0,178,233.0,486.0,876.0
01547500,09-09,130.0,141.0,159.0,177,286.0,556.0,1020.0
01547500,09-10,129.0,138.0,159.0,181,266.0,547.0,896.0
01547500,09-11,127.0,138.0,155.0,177,243.0,653.0,1200.0
01547500,09-12,135.0,140.0,160.0,183,261.0,473.0,1140.0
01547500,09-13,135.0,140.0,160.0,187,273.0,544.0,1950.0
01547500,09-14,134.0,141.0,160.0,183,267.0,545.0,2340.0
01547500,09-15,132.0,142.0,160.0,175,264.0,683.0,2330.0
01547500,09-16,132.0,141.0,159.0,175,262.0,818.0,1060.0
01547500,09-17,131.0,137.0,159.0,178,348.0,715.0,1010.0
01547500,09-18,130.0,134.0,156.0,174,318.0,543.0,894.0
01547500,09-19,131.0,133.0,153.0,176,264.0,508.0,1230.0
01547500,09-20,131.0,134.0,155.0,178,299.0,532.0,1870.0
01547500,09-21,131.0,134.0,155.0,181,299.0,432.0,1690.0
01547500,09-22,128.0,133.0,151.0,181,299.0,506.0,1170.0
01547500,09-23,128.0,133.0,149.0,187,307.0,464.0,1990.0
01547500,09-24,124.0,131.0,149.0,203,326.0,746.0,2290.0
01547500,09-25,128.0,130.0,143.0,203,371.0,1040.0,1890.0
01547500,09-26,125.0,129.0,148.0,203,362.0,1040.0,2190.0
01547500,09-27,125.0,129.0,151.0,210,390.0,1220.0,2380.0
01547500,09-28,125.0,129.0,160.0,215,399.0,1380.0,2070.0
01547500,09-29,125.0,130.0,160.0,227,824.0,1670.0,2200.0
01547500,09-30,125.0,130.0,159.0,226,455.0,1730.0,2730.0
01547500,10-01,122.0,129.0,158.0,227,522.0,1620.0,2300.0
01547500,10-02,122.0,129.0,159.0,230,499.0,1250.0,1730.0
01547500,10-03,122.0,132.0,159.0,203,540.0,1250.0,1610.0
01547500,10-04,123.0,132.0,158.0,188,429.0,1390.0,1880.0
01547500,10-05,126.0,133.0,159.0,187,427.0,1290.0,1610.0
01547500,10-06,125.0,136.0,159.0,201,351.0,1090.0,1410.0
01547500,10-07,125.0,139.0,159.0,209,309.0,900.0,1970.0
01547500,10-08,125.0,136.0,159.0,205,309.0,774.0,1880.0
01547500,10-09,125.0,135.0,160.0,192,349.0,936.0,1670.0
01547500,10-10,129.0,137.0,159.0,185,329.0,884.0,1810.0
01547500,10-11,131.0,141.0,156.0,184,358.0,691.0,967.0
01547500,10-12,136.0,141.0,157.0,184,330.0,702.0,981.0
01547500,10-13,135.0,143.0,158.0,183,329.0,697.0,815.0
01547500,10-14,135.0,141.0,159.0,183,330.0,668.0,780.0
01547500,10-15,134.0,143.0,158.0,182,337.0,737.0,1100.0
01547500,10-16,134.0,143.0,160.0,184,317.0,760.0,1050.0
01547500,10-17,134.0,144.0,159.0,178,420.0,561.0,858.0
01547500,10-18,129.0,138.0,158.0,187,362.0,728.0,807.0
01547500,10-19,130.0,140.0,158.0,192,411.0,664.0,1000.0
01547500,10-20,127.0,137.0,157.0,188,384.0,803.0,1450.0
01547500,10-21,127.0,137.0,159.0,203,453.0,923.0,1600.0
01547500,10-22,130.0,141.0,160.0,206,450.0,941.0,1430.0
01547500,10-23,129.0,140.0,159.0,203,426.0,823.0,2000.0
01547500,10-24,130.0,141.0,160.0,206,476.0,792.0,1890.0
01547500,10-25,132.0,138.0,161.0,221,433.0,862.0,2170.0
01547500,10-26,132.0,144.0,159.0,217,477.0,983.0,2330.0
01547500,10-27,130.0,137.0,159.0,221,477.0,913.0,1290.0
01547500,10-28,130.0,134.0,153.0,213,418.0,914.0,1130.0
01547500,10-29,131.0,137.0,158.0,248,455.0,797.0,1070.0
01547500,10-30,131.0,137.0,161.0,235,550.0,810.0,1050.0
01547500,10-31,131.0,137.0,158.0,262,463.0,886.0,1270.0
01547500,11-01,125.0,137.0,155.0,247,459.0,812.0,1320.0
01547500,11-02,127.0,139.0,161.0,247,473.0,729.0,986.0
01547500,11-03,128.0,143.0,168.0,258,460.0,682.0,761.0
01547500,11-04,128.0,143.0,168.0,266,464.0,692.0,940.0
01547500,11-05,131.0,141.0,168.0,312,455.0,822.0,963.0
01547500,11-06,130.0,141.0,168.0,282,512.0,813.0,1060.0
01547500,11-07,137.0,143.0,170.0,294,509.0,858.0,961.0
01547500,11-08,137.0,143.0,168.0,286,458.0,706.0,1050.0
01547500,11-09,127.0,143.0,165.0,261,380.0,894.0,1160.0
01547500,11-10,137.0,143.0,170.0,252,399.0,1240.0,1510.0
01547500,11-11,141.0,147.0,168.0,269,415.0,1200.0,1730.0
01547500,11-12,141.0,147.0,170.0,290,631.0,1120.0,1420.0
01547500,11-13,141.0,147.0,173.0,329,722.0,1080.0,1600.0
01547500,11-14,141.0,154.0,197.0,389,645.0,1080.0,1810.0
01547500,11-15,151.0,171.0,304.0,464,762.0,1030.0,1750.0
01547500,11-16,150.0,251.0,391.0,498,794.0,1030.0,1460.0
01547500,11-17,168.0,263.0,392.0,521,845.0,1250.0,1380.0
01547500,11-18,168.0,240.0,392.0,525,812.0,1250.0,1610.0
01547500,11-19,217.0,238.0,393.0,513,779.0,1190.0,1430.0
01547500,11-20,199.0,310.0,392.0,483,747.0,1100.0,1830.0
01547500,11-21,190.0,315.0,391.0,506,769.0,1200.0,1430.0
01547500,11-22,209.0,303.0,390.0,510,837.0,1100.0,1340.0
01547500,11-23,220.0,320.0,405.0,507,875.0,1220.0,1420.0
01547500,11-24,217.0,286.0,396.0,503,798.0,1140.0,1340.0
01547500,11-25,214.0,282.0,405.0,515,752.0,1220.0,1410.0
01547500,11-26,273.0,310.0,423.0,547,783.0,1290.0,1650.0
01547500,11-27,281.0,313.0,423.0,545,907.0,1440.0,1900.0
01547500,11-28,255.0,298.0,410.0,587,824.0,1590.0,1840.0
01547500,11-29,266.0,284.0,385.0,514,804.0,1840.0,2090.0
01547500,11-30,260.0,267.0,357.0,500,959.0,1620.0,1820.0
01547500,12-01,199.0,265.0,345.0,486,870.0,1330.0,1750.0
01547500,12-02,191.0,255.0,300.0,408,630.0,1320.0,1740.0
01547500,12-03,205.0,238.0,281.0,456,720.0,1550.0,2090.0
01547500,12-04,177.0,210.0,277.0,426,867.0,1660.0,2140.0
01547500,12-05,161.0,218.0,263.0,441,816.0,1620.0,2080.0
01547500,12-06,161.0,223.0,262.0,402,842.0,1580.0,2050.0
01547500,12-07,161.0,210.0,259.0,387,814.0,1350.0,1770.0
01547500,12-08,167.0,203.0,243.0,360,715.0,1320.0,1850.0
01547500,12-09,186.0,195.0,244.0,344,648.0,1110.0,1890.0
01547500,12-10,186.0,195.0,259.0,407,652.0,1200.0,1690.0
01547500,12-11,161.0,192.0,249.0,444,734.0,1090.0,1390.0
01547500,12-12,162.0,196.0,261.0,468,750.0,1020.0,1130.0
01547500,12-13,157.0,188.0,248.0,426,700.0,1040.0,1220.0
01547500,12-14,151.0,163.0,258.0,416,615.0,1050.0,1280.0
01547500,12-15,151.0,177.0,261.0,405,671.0,1170.0,1790.0
01547500,12-16,161.0,179.0,265.0,398,673.0,1240.0,2020.0
01547500,12-17,162.0,176.0,280.0,442,653.0,1260.0,2010.0
01547500,12-18,162.0,176.0,295.0,425,659.0,1150.0,1860.0
01547500,12-19,163.0,194.0,286.0,457,651.0,1260.0,1520.0
01547500,12-20,174.0,204.0,283.0,396,651.0,943.0,1570.0
01547500,12-21,174.0,204.0,271.0,390,605.0,1070.0,1280.0
01547500,12-22,172.0,202.0,259.0,377,550.0,994.0,1180.0
01547500,12-23,167.0,208.0,266.0,376,661.0,1050.0,1220.0
01547500,12-24,167.0,206.0,287.0,373,769.0,1230.0,1580.0
01547500,12-25,157.0,200.0,269.0,398,812.0,1430.0,1640.0
01547500,12-26,178.0,202.0,288.0,438,844.0,1440.0,1760.0
01547500,12-27,181.0,210.0,267.0,476,852.0,1420.0,1540.0
01547500,12-28,179.0,201.0,281.0,433,768.0,1190.0,1710.0
01547500,12-29,158.0,197.0,284.0,429,784.0,1270.0,1840.0
01547500,12-30,157.0,197.0,274.0,474,762.0,1080.0,1540.0
01547500,12-31,152.0,187.0,269.0,458,716.0,926.0,1100.0
01548005,01-01,,316.0,644.0,1080,1650.0,2300.0,
01548005,01-02,,312.0,584.0,958,1850.0,2560.0,
01548005,01-03,,312.0,565.0,888,1720.0,2700.0,
01548005,01-04,,312.0,576.0,1110,1680.0,2510.0,
01548005,01-05,,303.0,579.0,1170,1620.0,2620.0,
01548005,01-06,,268.0,505.0,1100,1550.0,2650.0,
01548005,01-07,,261.0,465.0,976,1380.0,2460.0,
01548005,01-08,,251.0,459.0,829,1190.0,2280.0,
01548005,01-09,,267.0,427.0,807,1270.0,2170.0,
01548005,01-10,,263.0,521.0,757,1630.0,2430.0,
01548005,01-11,,262.0,596.0,738,1200.0,2480.0,
01548005,01-12,,426.0,570.0,832,1100.0,2460.0,
01548005,01-13,,463.0,590.0,997,1880.0,2710.0,
01548005,01-14,,451.0,583.0,878,2000.0,2740.0,
01548005,01-15,,437.0,673.0,913,1910.0,2620.0,
01548005,01-16,,399.0,650.0,951,1770.0,2490.0,
01548005,01-17,,380.0,663.0,927,1300.0,2530.0,
01548005,01-18,,368.0,585.0,864,1060.0,2440.0,
01548005,01-19,,360.0,574.0,830,1120.0,2090.0,
01548005,01-20,,340.0,510.0,779,1060.0,2230.0,
01548005,01-21,,277.0,435.0,717,1000.0,2170.0,
01548005,01-22,,271.0,335.0,726,877.0,1890.0,
01548005,01-23,,271.0,413.0,693,1080.0,1810.0,
01548005,01-24,,271.0,426.0,677,1710.0,1980.0,
01548005,01-25,,269.0,437.0,956,1600.0,2460.0,
01548005,01-26,,271.0,433.0,1050,2380.0,2630.0,
01548005,01-27,,270.0,365.0,1040,2390.0,2750.0,
01548005,01-28,,256.0,419.0,877,1960.0,2820.0,
01548005,01-29,,231.0,377.0,779,1500.0,2720.0,
01548005,01-30,,230.0,340.0,765,1290.0,2840.0,
01548005,01-31,,230.0,356.0,732,1030.0,3030.0,
01548005,02-01,,229.0,365.0,721,994.0,2860.0,
01548005,02-02,,229.0,374.0,684,936.0,2790.0,
01548005,02-03,,235.0,480.0,715,901.0,2690.0,
01548005,02-04,,249.0,468.0,681,1320.0,2640.0,
01548005,02-05,,245.0,447.0,657,1370.0,2620.0,
01548005,02-06,,243.0,423.0,652,1320.0,2640.0,
01548005,02-07,,240.0,423.0,668,1800.0,2600.0,
01548005,02-08,,237.0,409.0,765,1790.0,2630.0,
01548005,02-09,,235.0,410.0,736,1570.0,2540.0,
01548005,02-10,,238.0,411.0,707,1530.0,2590.0,
01548005,02-11,,236.0,362.0,699,1440.0,2630.0,
01548005,02-12,,230.0,329.0,801,1710.0,2540.0,
01548005,02-13,,337.0,381.0,880,2150.0,2580.0,
01548005,02-14,,369.0,630.0,1040,2280.0,2700.0,
01548005,02-15,,370.0,674.0,1460,2260.0,2700.0,
01548005,02-16,,492.0,891.0,1470,2280.0,2650.0,
01548005,02-17,,499.0,1010.0,1550,2170.0,2660.0,
01548005,02-18,,613.0,910.0,1360,2230.0,3300.0,
01548005,02-19,,817.0,848.0,1290,1970.0,3300.0,
01548005,02-20,,809.0,952.0,1470,1890.0,3210.0,
01548005,02-21,,796.0,1010.0,1340,2470.0,3250.0,
01548005,02-22,,802.0,1010.0,1270,2250.0,3130.0,
01548005,02-23,,786.0,1050.0,1180,1980.0,3150.0,
01548005,02-24,,788.0,1070.0,1140,1880.0,3230.0,
01548005,02-25,,791.0,1100.0,1280,2080.0,3160.0,
01548005,02-26,,789.0,1070.0,1210,2030.0,2940.0,
01548005,02-27,,1070.0,1100.0,1450,1940.0,2760.0,
01548005,02-28,,930.0,1180.0,1590,2130.0,2890.0,
01548005,02-29,,,,1620,,,
01548005,03-01,,742.0,995.0,1640,2300.0,3000.0,
01548005,03-02,,752.0,927.0,1500,2680.0,3050.0,
01548005,03-03,,719.0,898.0,1270,2630.0,2860.0,
01548005,03-04,,645.0,1000.0,1340,2510.0,2970.0,
01548005,03-05,,617.0,1060.0,1540,2230.0,2980.0,
01548005,03-06,,613.0,905.0,1540,2460.0,3030.0,
01548005,03-07,,739.0,888.0,1500,2200.0,3050.0,
01548005,03-08,,717.0,951.0,1260,2510.0,3080.0,
01548005,03-09,,797.0,921.0,1270,2130.0,3000.0,
01548005,03-10,,699.0,1040.0,1550,2280.0,2920.0,
01548005,03-11,,684.0,1020.0,1730,2220.0,2820.0,
01548005,03-12,,605.0,968.0,1920,2740.0,2820.0,
01548005,03-13,,546.0,911.0,1680,2340.0,2900.0,
01548005,03-14,,510.0,838.0,1570,1880.0,2730.0,
01548005,03-15,,487.0,764.0,1390,1850.0,2540.0,
01548005,03-16,,465.0,696.0,1120,1800.0,2680.0,
01548005,03-17,,441.0,748.0,1250,1630.0,2530.0,
01548005,03-18,,434.0,918.0,1120,1560.0,2520.0,
01548005,03-19,,668.0,755.0,1020,1780.0,2360.0,
01548005,03-20,,627.0,916.0,962,1690.0,1800.0,
01548005,03-21,,525.0,834.0,943,1470.0,1790.0,
01548005,03-22,,448.0,785.0,994,1490.0,2340.0,
01548005,03-23,,432.0,798.0,1190,1850.0,2550.0,
01548005,03-24,,417.0,766.0,1280,1760.0,2710.0,
01548005,03-25,,403.0,686.0,1200,1590.0,2390.0,
01548005,03-26,,352.0,631.0,1180,1490.0,2110.0,
01548005,03-27,,290.0,618.0,1020,1420.0,2710.0,
01548005,03-28,,297.0,606.0,924,1410.0,2560.0,
01548005,03-29,,297.0,595.0,907,1420.0,2510.0,
01548005,03-30,,384.0,589.0,872,1290.0,2480.0,
01548005,03-31,,370.0,594.0,921,1370.0,2380.0,
01548005,04-01,,353.0,397.0,892,1570.0,2020.0,
01548005,04-02,,380.0,387.0,861,1750.0,2440.0,
01548005,04-03,,390.0,491.0,836,1630.0,4000.0,
01548005,04-04,,382.0,539.0,852,1570.0,3940.0,
01548005,04-05,,384.0,525.0,801,1490.0,3140.0,
01548005,04-06,,391.0,668.0,908,1780.0,3040.0,
01548005,04-07,,393.0,578.0,995,2180.0,3000.0,
01548005,04-08,,415.0,555.0,910,1960.0,3020.0,
01548005,04-09,,403.0,559.0,821,1440.0,3060.0,
01548005,04-10,,391.0,522.0,826,1340.0,2960.0,
01548005,04-11,,389.0,520.0,836,1230.0,2680.0,
01548005,04-12,,438.0,469.0,795,1160.0,2410.0,
01548005,04-13,,416.0,518.0,777,1080.0,2570.0,
01548005,04-14,,412.0,514.0,750,1020.0,2670.0,
01548005,04-15,,435.0,683.0,796,1040.0,2450.0,
01548005,04-16,,423.0,632.0,791,1280.0,2680.0,
01548005,04-17,,431.0,582.0,801,1260.0,2840.0,
01548005,04-18,,410.0,542.0,708,1480.0,2850.0,
01548005,04-19,,392.0,575.0,685,1600.0,2710.0,
01548005,04-20,,376.0,554.0,687,1740.0,2470.0,
01548005,04-21,,367.0,530.0,676,1400.0,2290.0,
01548005,04-22,,375.0,523.0,677,1300.0,1880.0,
01548005,04-23,,381.0,502.0,668,1060.0,1460.0,
01548005,04-24,,360.0,486.0,672,930.0,1310.0,
01548005,04-25,,349.0,474.0,640,1010.0,1210.0,
01548005,04-26,,347.0,493.0,656,1000.0,1240.0,
01548005,04-27,,302.0,476.0,629,958.0,1340.0,
01548005,04-28,,277.0,466.0,601,946.0,1280.0,
01548005,04-29,,332.0,477.0,536,912.0,1280.0,
01548005,04-30,,380.0,495.0,626,874.0,1920.0,
01548005,05-01,,460.0,483.0,699,875.0,2380.0,
01548005,05-02,,415.0,536.0,830,1740.0,2420.0,
01548005,05-03,,380.0,476.0,846,1830.0,2600.0,
01548005,05-04,,417.0,542.0,968,1470.0,2520.0,
01548005,05-05,,431.0,546.0,948,2120.0,2530.0,
01548005,05-06,,431.0,762.0,987,2300.0,3440.0,
01548005,05-07,,420.0,714.0,1380,2820.0,3080.0,
01548005,05-08,,438.0,682.0,1200,2940.0,3170.0,
01548005,05-09,,481.0,633.0,1190,2920.0,3210.0,
01548005,05-10,,589.0,702.0,1100,3000.0,3250.0,
01548005,05-11,,554.0,666.0,1300,2880.0,3220.0,
01548005,05-12,,515.0,606.0,1720,2210.0,3030.0,
01548005,05-13,,462.0,588.0,1430,2070.0,3020.0,
01548005,05-14,,426.0,594.0,1180,2410.0,2730.0,
01548005,05-15,,406.0,602.0,1030,2120.0,2790.0,
01548005,05-16,,392.0,735.0,1080,2370.0,2610.0,
01548005,05-17,,383.0,789.0,1040,2110.0,2670.0,
01548005,05-18,,368.0,691.0,906,1560.0,2570.0,
01548005,05-19,,347.0,616.0,853,1430.0,2090.0,
01548005,05-20,,323.0,591.0,793,1570.0,2050.0,
01548005,05-21,,317.0,567.0,684,1550.0,1620.0,
01548005,05-22,,303.0,549.0,874,1260.0,2440.0,
01548005,05-23,,292.0,498.0,921,1590.0,2690.0,
01548005,05-24,,283.0,516.0,852,1340.0,2550.0,
01548005,05-25,,274.0,549.0,845,1190.0,2370.0,
01548005,05-26,,268.0,522.0,835,1210.0,2040.0,
01548005,05-27,,261.0,568.0,768,1170.0,1630.0,
01548005,05-28,,257.0,574.0,736,1070.0,1410.0,
01548005,05-29,,267.0,628.0,805,1430.0,2170.0,
01548005,05-30,,269.0,625.0,711,1370.0,2890.0,
01548005,05-31,,260.0,581.0,677,2020.0,3190.0,
01548005,06-01,,245.0,500.0,631,1600.0,3040.0,
01548005,06-02,,242.0,507.0,548,1340.0,3030.0,
01548005,06-03,,239.0,476.0,682,1220.0,2720.0,
01548005,06-04,,235.0,456.0,811,1050.0,1860.0,
01548005,06-05,,230.0,442.0,744,1140.0,1350.0,
01548005,06-06,,227.0,433.0,741,949.0,1190.0,
01548005,06-07,,225.0,459.0,574,927.0,1270.0,
01548005,06-08,,225.0,452.0,523,826.0,1100.0,
01548005,06-09,,220.0,403.0,544,781.0,1510.0,
01548005,06-10,,217.0,421.0,549,831.0,2150.0,
01548005,06-11,,214.0,369.0,574,1310.0,2770.0,
01548005,06-12,,221.0,335.0,517,1140.0,2670.0,
01548005,06-13,,271.0,324.0,497,811.0,1550.0,
01548005,06-14,,263.0,327.0,523,1340.0,2100.0,
01548005,06-15,,259.0,355.0,486,1030.0,2460.0,
01548005,06-16,,239.0,352.0,559,795.0,2530.0,
01548005,06-17,,232.0,374.0,613,811.0,2520.0,
01548005,06-18,,216.0,328.0,534,1140.0,2900.0,
01548005,06-19,,209.0,304.0,486,1360.0,2860.0,
01548005,06-20,,204.0,298.0,557,1360.0,2870.0,
01548005,06-21,,200.0,280.0,549,1260.0,2840.0,
01548005,06-22,,239.0,277.0,535,1070.0,2440.0,
01548005,06-23,,256.0,306.0,599,1540.0,2340.0,
01548005,06-24,,273.0,374.0,539,1250.0,1810.0,
01548005,06-25,,276.0,370.0,511,1050.0,1130.0,
01548005,06-26,,261.0,329.0,476,952.0,1120.0,
01548005,06-27,,256.0,327.0,441,815.0,947.0,
01548005,06-28,,254.0,338.0,427,734.0,767.0,
01548005,06-29,,254.0,335.0,406,673.0,713.0,
01548005,06-30,,235.0,338.0,423,634.0,654.0,
01548005,07-01,,215.0,333.0,470,578.0,740.0,
01548005,07-02,,214.0,366.0,475,567.0,755.0,
01548005,07-03,,211.0,320.0,429,560.0,638.0,
01548005,07-04,,208.0,318.0,470,542.0,580.0,
01548005,07-05,,215.0,318.0,382,527.0,898.0,
01548005,07-06,,210.0,302.0,346,503.0,1040.0,
01548005,07-07,,202.0,288.0,351,486.0,702.0,
01548005,07-08,,202.0,279.0,398,458.0,547.0,
01548005,07-09,,211.0,237.0,366,439.0,528.0,
01548005,07-10,,205.0,262.0,350,487.0,586.0,
01548005,07-11,,202.0,294.0,362,494.0,511.0,
01548005,07-12,,199.0,313.0,348,453.0,1040.0,
01548005,07-13,,201.0,311.0,336,401.0,1130.0,
01548005,07-14,,206.0,283.0,330,408.0,1520.0,
01548005,07-15,,197.0,270.0,357,423.0,1100.0,
01548005,07-16,,189.0,242.0,347,422.0,824.0,
01548005,07-17,,188.0,238.0,360,450.0,993.0,
01548005,07-18,,185.0,242.0,395,514.0,948.0,
01548005,07-19,,182.0,237.0,376,432.0,832.0,
01548005,07-20,,180.0,230.0,344,378.0,732.0,
01548005,07-21,,177.0,227.0,336,483.0,1050.0,
01548005,07-22,,179.0,238.0,403,680.0,1910.0,
01548005,07-23,,183.0,259.0,519,622.0,1540.0,
01548005,07-24,,183.0,280.0,385,627.0,2420.0,
01548005,07-25,,189.0,268.0,365,513.0,2460.0,
01548005,07-26,,193.0,253.0,362,444.0,2440.0,
01548005,07-27,,186.0,237.0,344,441.0,2730.0,
01548005,07-28,,179.0,241.0,328,423.0,2780.0,
01548005,07-29,,180.0,249.0,352,486.0,2820.0,
01548005,07-30,,186.0,230.0,331,506.0,2850.0,
01548005,07-31,,185.0,231.0,322,395.0,2830.0,
01548005,08-01,,188.0,230.0,303,398.0,2760.0,
01548005,08-02,,185.0,229.0,298,427.0,2630.0,
01548005,08-03,,180.0,226.0,314,501.0,2980.0,
01548005,08-04,,175.0,232.0,293,585.0,2760.0,
01548005,08-05,,174.0,242.0,273,521.0,2970.0,
01548005,08-06,,170.0,240.0,304,479.0,3030.0,
01548005,08-07,,170.0,245.0,335,1160.0,3130.0,
01548005,08-08,,167.0,240.0,286,1110.0,2900.0,
01548005,08-09,,164.0,220.0,266,1080.0,3140.0,
01548005,08-10,,165.0,219.0,259,1050.0,3120.0,
01548005,08-11,,174.0,226.0,252,747.0,2610.0,
01548005,08-12,,169.0,212.0,242,570.0,2730.0,
01548005,08-13,,165.0,211.0,241,563.0,3010.0,
01548005,08-14,,172.0,213.0,242,727.0,2720.0,
01548005,08-15,,154.0,209.0,239,1360.0,2150.0,
01548005,08-16,,154.0,195.0,235,868.0,1660.0,
01548005,08-17,,154.0,196.0,248,928.0,1510.0,
01548005,08-18,,153.0,210.0,395,1130.0,1900.0,
01548005,08-19,,154.0,198.0,382,1480.0,2500.0,
01548005,08-20,,154.0,192.0,377,1000.0,1530.0,
01548005,08-21,,150.0,214.0,357,692.0,1200.0,
01548005,08-22,,150.0,211.0,333,640.0,1270.0,
01548005,08-23,,149.0,204.0,276,559.0,1200.0,
01548005,08-24,,160.0,204.0,253,486.0,1100.0,
01548005,08-25,,158.0,198.0,269,546.0,1040.0,
01548005,08-26,,165.0,196.0,243,492.0,832.0,
01548005,08-27,,170.0,200.0,237,458.0,714.0,
01548005,08-28,,177.0,207.0,243,439.0,695.0,
01548005,08-29,,188.0,197.0,296,424.0,670.0,
01548005,08-30,,186.0,203.0,279,733.0,2300.0,
01548005,08-31,,179.0,202.0,302,674.0,1560.0,
01548005,09-01,,177.0,201.0,224,752.0,1470.0,
01548005,09-02,,175.0,187.0,308,667.0,2550.0,
01548005,09-03,,175.0,196.0,334,621.0,2180.0,
01548005,09-04,,171.0,189.0,305,485.0,1260.0,
01548005,09-05,,155.0,178.0,250,419.0,1170.0,
01548005,09-06,,155.0,172.0,296,394.0,1090.0,
01548005,09-07,,155.0,171.0,312,397.0,808.0,
01548005,09-08,,152.0,171.0,336,448.0,899.0,
01548005,09-09,,152.0,171.0,308,629.0,1470.0,
01548005,09-10,,151.0,175.0,269,605.0,4060.0,
01548005,09-11,,151.0,172.0,257,571.0,6660.0,
01548005,09-12,,150.0,167.0,275,503.0,3200.0,
01548005,09-13,,149.0,168.0,273,685.0,3000.0,
01548005,09-14,,149.0,171.0,265,516.0,3070.0,
01548005,09-15,,148.0,172.0,260,389.0,3030.0,
01548005,09-16,,148.0,170.0,257,415.0,3080.0,
01548005,09-17,,147.0,176.0,254,395.0,2900.0,
01548005,09-18,,149.0,178.0,252,352.0,2510.0,
01548005,09-19,,149.0,188.0,272,344.0,2830.0,
01548005,09-20,,149.0,188.0,239,377.0,3020.0,
01548005,09-21,,149.0,187.0,237,360.0,3040.0,
01548005,09-22,,149.0,174.0,234,404.0,3040.0,
01548005,09-23,,149.0,173.0,235,1030.0,3310.0,
01548005,09-24,,139.0,174.0,262,1100.0,3150.0,
01548005,09-25,,147.0,180.0,262,939.0,3080.0,
01548005,09-26,,148.0,174.0,300,980.0,3080.0,
01548005,09-27,,148.0,174.0,288,989.0,3080.0,
01548005,09-28,,148.0,172.0,239,943.0,2910.0,
01548005,09-29,,173.0,190.0,237,699.0,3170.0,
01548005,09-30,,173.0,188.0,283,533.0,3020.0,
01548005,10-01,,171.0,182.0,269,491.0,2490.0,
01548005,10-02,,160.0,181.0,293,659.0,1670.0,
01548005,10-03,,161.0,213.0,270,635.0,2340.0,
01548005,10-04,,162.0,207.0,281,560.0,2580.0,
01548005,10-05,,163.0,200.0,261,604.0,2530.0,
01548005,10-06,,163.0,196.0,232,491.0,1890.0,
01548005,10-07,,165.0,183.0,291,451.0,1580.0,
01548005,10-08,,171.0,181.0,275,431.0,1340.0,
01548005,10-09,,171.0,212.0,254,367.0,1180.0,
01548005,10-10,,169.0,200.0,243,335.0,1140.0,
01548005,10-11,,167.0,194.0,239,328.0,1160.0,
01548005,10-12,,169.0,192.0,260,365.0,1340.0,
01548005,10-13,,171.0,193.0,266,456.0,1240.0,
01548005,10-14,,173.0,193.0,314,458.0,1080.0,
01548005,10-15,,170.0,191.0,284,486.0,987.0,
01548005,10-16,,168.0,189.0,270,451.0,926.0,
01548005,10-17,,167.0,192.0,253,448.0,927.0,
01548005,10-18,,168.0,190.0,231,402.0,890.0,
01548005,10-19,,169.0,189.0,227,351.0,778.0,
01548005,10-20,,179.0,200.0,231,354.0,738.0,
01548005,10-21,,184.0,200.0,247,518.0,2790.0,
01548005,10-22,,180.0,198.0,255,561.0,1960.0,
01548005,10-23,,175.0,197.0,288,504.0,2570.0,
01548005,10-24,,174.0,210.0,270,487.0,2630.0,
01548005,10-25,,174.0,213.0,267,566.0,2610.0,
01548005,10-26,,174.0,210.0,265,638.0,2480.0,
01548005,10-27,,171.0,205.0,264,945.0,1370.0,
01548005,10-28,,170.0,205.0,251,801.0,1950.0,
01548005,10-29,,175.0,219.0,445,959.0,1610.0,
01548005,10-30,,216.0,408.0,541,1740.0,2440.0,
01548005,10-31,,216.0,374.0,682,1540.0,2210.0,
01548005,11-01,,209.0,331.0,450,1830.0,2170.0,
01548005,11-02,,199.0,275.0,424,1360.0,1860.0,
01548005,11-03,,195.0,222.0,414,992.0,1380.0,
01548005,11-04,,182.0,212.0,423,809.0,1180.0,
01548005,11-05,,178.0,208.0,441,748.0,1560.0,
01548005,11-06,,178.0,214.0,368,929.0,1750.0,
01548005,11-07,,183.0,219.0,354,884.0,1770.0,
01548005,11-08,,210.0,231.0,329,797.0,1710.0,
01548005,11-09,,209.0,228.0,330,715.0,1790.0,
01548005,11-10,,196.0,230.0,325,684.0,2360.0,
01548005,11-11,,197.0,304.0,356,640.0,2250.0,
01548005,11-12,,193.0,296.0,490,1790.0,2370.0,
01548005,11-13,,189.0,287.0,472,1790.0,2090.0,
01548005,11-14,,247.0,297.0,450,1430.0,1830.0,
01548005,11-15,,372.0,436.0,530,1460.0,1740.0,
01548005,11-16,,427.0,487.0,630,1420.0,1850.0,
01548005,11-17,,369.0,437.0,663,1190.0,1860.0,
01548005,11-18,,351.0,427.0,590,1110.0,1750.0,
01548005,11-19,,339.0,427.0,577,1150.0,1850.0,
01548005,11-20,,405.0,429.0,581,1190.0,2490.0,
01548005,11-21,,413.0,520.0,657,1060.0,2490.0,
01548005,11-22,,419.0,526.0,673,1270.0,2460.0,
01548005,11-23,,422.0,549.0,655,1260.0,2170.0,
01548005,11-24,,410.0,536.0,643,1130.0,1780.0,
01548005,11-25,,413.0,538.0,704,1020.0,1800.0,
01548005,11-26,,545.0,648.0,687,1000.0,2170.0,
01548005,11-27,,536.0,644.0,727,980.0,2810.0,
01548005,11-28,,456.0,634.0,714,998.0,2920.0,
01548005,11-29,,364.0,562.0,637,880.0,2610.0,
01548005,11-30,,332.0,451.0,633,837.0,2040.0,
01548005,12-01,,311.0,501.0,582,900.0,1770.0,
01548005,12-02,,457.0,492.0,532,848.0,1850.0,
01548005,12-03,,446.0,512.0,592,852.0,1840.0,
01548005,12-04,,429.0,479.0,572,901.0,1650.0,
01548005,12-05,,373.0,400.0,558,873.0,1520.0,
01548005,12-06,,281.0,419.0,527,792.0,1450.0,
01548005,12-07,,258.0,393.0,464,777.0,1360.0,
01548005,12-08,,219.0,381.0,442,732.0,1200.0,
01548005,12-09,,193.0,385.0,482,672.0,1110.0,
01548005,12-10,,214.0,357.0,707,972.0,1100.0,
01548005,12-11,,215.0,342.0,682,1520.0,1820.0,
01548005,12-12,,186.0,337.0,765,1280.0,2090.0,
01548005,12-13,,175.0,319.0,670,1000.0,1760.0,
01548005,12-14,,180.0,326.0,648,1020.0,1160.0,
01548005,12-15,,168.0,280.0,612,898.0,1810.0,
01548005,12-16,,171.0,298.0,694,1100.0,2150.0,
01548005,12-17,,172.0,277.0,692,1150.0,2520.0,
01548005,12-18,,184.0,304.0,957,1590.0,2590.0,
01548005,12-19,,275.0,664.0,1060,1890.0,2180.0,
01548005,12-20,,329.0,636.0,1040,1620.0,2110.0,
01548005,12-21,,327.0,497.0,877,1590.0,2160.0,
01548005,12-22,,320.0,382.0,810,1270.0,2600.0,
01548005,12-23,,354.0,494.0,759,1200.0,2520.0,
01548005,12-24,,381.0,598.0,768,1330.0,2540.0,
01548005,12-25,,368.0,573.0,732,2080.0,3260.0,
01548005,12-26,,321.0,529.0,731,1870.0,2690.0,
01548005,12-27,,305.0,477.0,759,1780.0,2730.0,
01548005,12-28,,286.0,469.0,830,2090.0,2790.0,
01548005,12-29,,301.0,507.0,1160,2160.0,2980.0,
01548005,12-30,,342.0,727.0,1130,2200.0,2830.0,
01548005,12-31,,341.0,706.0,1140,1530.0,2360.0,
01548500,01-01,152.0,229.0,324.0,660,1140.0,2210.0,3440.0
01548500,01-02,142.0,220.0,314.0,710,1290.0,2240.0,3150.0
01548500,01-03,141.0,209.0,340.0,666,1290.0,2210.0,2610.0
01548500,01-04,153.0,200.0,312.0,661,1220.0,2000.0,2440.0
01548500,01-05,160.0,190.0,309.0,623,1230.0,1840.0,2730.0
01548500,01-06,154.0,192.0,297.0,643,1110.0,2010.0,2670.0
01548500,01-07,174.0,190.0,292.0,611,1070.0,2030.0,2910.0
01548500,01-08,159.0,200.0,273.0,580,949.0,1930.0,2370.0
01548500,01-09,153.0,200.0,318.0,569,938.0,1840.0,3040.0
01548500,01-10,154.0,195.0,282.0,569,994.0,2090.0,3700.0
01548500,01-11,149.0,187.0,312.0,550,1020.0,2140.0,3740.0
01548500,01-12,130.0,179.0,302.0,516,1080.0,2070.0,2890.0
01548500,01-13,135.0,179.0,290.0,510,1010.0,2370.0,3210.0
01548500,01-14,140.0,170.0,284.0,499,1170.0,2190.0,4240.0
01548500,01-15,140.0,179.0,276.0,524,1310.0,1990.0,3520.0
01548500,01-16,152.0,179.0,273.0,496,1150.0,2050.0,3620.0
01548500,01-17,152.0,197.0,271.0,478,1020.0,2040.0,2780.0
01548500,01-18,151.0,200.0,261.0,465,947.0,1860.0,2990.0
01548500,01-19,149.0,200.0,270.0,484,956.0,1820.0,2620.0
01548500,01-20,143.0,200.0,260.0,485,880.0,1930.0,2930.0
01548500,01-21,146.0,170.0,284.0,500,998.0,1720.0,3210.0
01548500,01-22,133.0,189.0,282.0,509,953.0,2080.0,3770.0
01548500,01-23,133.0,179.0,290.0,551,943.0,1990.0,3110.0
01548500,01-24,140.0,174.0,300.0,540,938.0,2510.0,3160.0
01548500,01-25,136.0,165.0,291.0,535,1170.0,2550.0,4780.0
01548500,01-26,130.0,160.0,265.0,505,1350.0,2540.0,3680.0
01548500,01-27,131.0,169.0,273.0,487,1300.0,2470.0,4690.0
01548500,01-28,123.0,169.0,280.0,479,1140.0,2460.0,3620.0
01548500,01-29,136.0,160.0,270.0,450,1100.0,2400.0,2990.0
01548500,01-30,140.0,169.0,250.0,445,1100.0,2010.0,2320.0
01548500,01-31,130.0,179.0,273.0,451,1070.0,1770.0,2610.0
01548500,02-01,129.0,160.0,280.0,481,984.0,1590.0,2140.0
01548500,02-02,142.0,179.0,273.0,465,997.0,1720.0,2410.0
01548500,02-03,140.0,179.0,283.0,468,1020.0,1760.0,2890.0
01548500,02-04,135.0,160.0,280.0,454,870.0,1790.0,2660.0
01548500,02-05,124.0,159.0,273.0,456,894.0,1690.0,2560.0
01548500,02-06,135.0,169.0,279.0,460,872.0,1490.0,1990.0
01548500,02-07,140.0,169.0,267.0,455,809.0,1350.0,2350.0
01548500,02-08,149.0,179.0,259.0,470,815.0,1570.0,2480.0
01548500,02-09,153.0,170.0,250.0,447,794.0,1330.0,2080.0
01548500,02-10,139.0,165.0,261.0,445,745.0,1600.0,2690.0
01548500,02-11,143.0,189.0,279.0,470,753.0,1910.0,2510.0
01548500,02-12,166.0,196.0,280.0,463,796.0,2020.0,2650.0
01548500,02-13,174.0,199.0,282.0,430,817.0,2170.0,3000.0
01548500,02-14,181.0,210.0,300.0,465,843.0,1850.0,3030.0
01548500,02-15,187.0,230.0,312.0,495,1040.0,2060.0,2450.0
01548500,02-16,180.0,230.0,342.0,500,1050.0,1940.0,2890.0
01548500,02-17,182.0,210.0,323.0,522,1020.0,1890.0,2780.0
01548500,02-18,187.0,217.0,295.0,480,1050.0,1960.0,2510.0
01548500,02-19,185.0,228.0,300.0,495,1090.0,1730.0,3480.0
01548500,02-20,180.0,220.0,312.0,515,1090.0,1900.0,3660.0
01548500,02-21,192.0,220.0,321.0,529,1190.0,2310.0,3060.0
01548500,02-22,200.0,243.0,330.0,571,1240.0,2660.0,3430.0
01548500,02-23,200.0,249.0,343.0,655,1280.0,2580.0,3630.0
01548500,02-24,190.0,259.0,355.0,620,1620.0,3010.0,4620.0
01548500,02-25,182.0,248.0,370.0,613,1600.0,3030.0,5340.0
01548500,02-26,180.0,230.0,360.0,708,1580.0,3120.0,4140.0
01548500,02-27,177.0,220.0,383.0,684,1560.0,2980.0,3540.0
01548500,02-28,172.0,220.0,381.0,763,1960.0,2800.0,3140.0
01548500,02-29,130.0,211.0,365.0,600,1910.0,3230.0,4560.0
01548500,03-01,177.0,238.0,391.0,783,1630.0,2960.0,3400.0
01548500,03-02,180.0,240.0,362.0,790,1530.0,2410.0,3930.0
01548500,03-03,179.0,269.0,374.0,882,1720.0,2670.0,3950.0
01548500,03-04,204.0,289.0,400.0,905,1660.0,3010.0,5490.0
01548500,03-05,214.0,290.0,400.0,930,1730.0,3980.0,6030.0
01548500,03-06,204.0,298.0,430.0,910,2140.0,4760.0,6590.0
01548500,03-07,214.0,296.0,446.0,909,2370.0,4180.0,6040.0
01548500,03-08,236.0,293.0,469.0,1040,2110.0,4520.0,5700.0
01548500,03-09,240.0,286.0,484.0,1050,2070.0,4310.0,5660.0
01548500,03-10,229.0,316.0,556.0,1000,1920.0,3750.0,5070.0
01548500,03-11,229.0,309.0,578.0,1020,2160.0,3420.0,4800.0
01548500,03-12,244.0,319.0,580.0,1180,2220.0,3500.0,5940.0
01548500,03-13,244.0,340.0,674.0,1270,2270.0,3480.0,5150.0
01548500,03-14,259.0,401.0,764.0,1400,2210.0,3360.0,5440.0
01548500,03-15,289.0,404.0,717.0,1410,2380.0,3480.0,5230.0
01548500,03-16,320.0,426.0,734.0,1430,2520.0,4040.0,6270.0
01548500,03-17,364.0,447.0,714.0,1390,2740.0,4900.0,6640.0
01548500,03-18,342.0,488.0,705.0,1260,2400.0,4250.0,5770.0
01548500,03-19,340.0,515.0,790.0,1330,2180.0,3530.0,5120.0
01548500,03-20,373.0,531.0,851.0,1470,2130.0,3530.0,5080.0
01548500,03-21,393.0,576.0,855.0,1470,2270.0,3860.0,5370.0
01548500,03-22,426.0,577.0,800.0,1450,2430.0,4180.0,6420.0
01548500,03-23,485.0,597.0,822.0,1310,2410.0,4450.0,4910.0
01548500,03-24,547.0,671.0,959.0,1240,2310.0,4560.0,5740.0
01548500,03-25,558.0,646.0,933.0,1440,2450.0,4060.0,5740.0
01548500,03-26,577.0,670.0,983.0,1560,2390.0,4120.0,5650.0
01548500,03-27,565.0,703.0,1020.0,1550,2560.0,3900.0,5210.0
01548500,03-28,569.0,663.0,1030.0,1620,2540.0,4000.0,5120.0
01548500,03-29,582.0,657.0,1030.0,1610,2560.0,4290.0,6300.0
01548500,03-30,561.0,733.0,1080.0,1560,2410.0,4720.0,5920.0
01548500,03-31,593.0,689.0,1020.0,1530,2640.0,5160.0,7630.0
01548500,04-01,597.0,658.0,1090.0,1640,2560.0,5500.0,8190.0
01548500,04-02,604.0,749.0,1080.0,1670,2990.0,5230.0,7080.0
01548500,04-03,607.0,807.0,1150.0,1680,3000.0,5410.0,6750.0
01548500,04-04,665.0,758.0,1100.0,1760,3060.0,5610.0,7920.0
01548500,04-05,697.0,825.0,1070.0,1950,3340.0,5490.0,8240.0
01548500,04-06,699.0,783.0,1050.0,1830,3350.0,7010.0,8760.0
01548500,04-07,672.0,809.0,1060.0,1940,3050.0,5490.0,6650.0
01548500,04-08,644.0,753.0,1100.0,1860,2780.0,5060.0,6270.0
01548500,04-09,652.0,709.0,1060.0,1710,2590.0,4250.0,4910.0
01548500,04-10,620.0,698.0,1010.0,1720,2490.0,3870.0,5870.0
01548500,04-11,597.0,673.0,963.0,1620,2590.0,4270.0,5310.0
01548500,04-12,565.0,635.0,974.0,1620,2590.0,4320.0,4980.0
01548500,04-13,550.0,628.0,957.0,1700,2560.0,3780.0,4570.0
01548500,04-14,555.0,599.0,882.0,1580,2530.0,3570.0,4100.0
01548500,04-15,532.0,618.0,913.0,1590,2380.0,3540.0,4630.0
01548500,04-16,508.0,580.0,888.0,1560,2290.0,3630.0,4850.0
01548500,04-17,511.0,570.0,883.0,1480,2120.0,3420.0,6010.0
01548500,04-18,489.0,529.0,838.0,1450,2140.0,3410.0,5210.0
01548500,04-19,449.0,540.0,789.0,1390,2020.0,3440.0,3810.0
01548500,04-20,413.0,491.0,820.0,1350,1800.0,3200.0,3700.0
01548500,04-21,395.0,490.0,759.0,1300,1930.0,2780.0,4230.0
01548500,04-22,381.0,503.0,772.0,1200,1810.0,3090.0,4030.0
01548500,04-23,405.0,500.0,752.0,1160,1730.0,3340.0,3850.0
01548500,04-24,442.0,532.0,711.0,1120,1750.0,2930.0,3550.0
01548500,04-25,428.0,520.0,724.0,1100,1630.0,2880.0,3580.0
01548500,04-26,442.0,502.0,733.0,1070,1690.0,2490.0,3250.0
01548500,04-27,409.0,502.0,717.0,1070,1650.0,2380.0,2950.0
01548500,04-28,401.0,483.0,682.0,1040,1630.0,2390.0,3280.0
01548500,04-29,432.0,484.0,633.0,1010,1620.0,2420.0,3150.0
01548500,04-30,414.0,489.0,634.0,994,1560.0,2790.0,4330.0
01548500,05-01,394.0,483.0,603.0,1040,1480.0,2460.0,3380.0
01548500,05-02,418.0,474.0,618.0,958,1510.0,2320.0,3240.0
01548500,05-03,403.0,443.0,579.0,979,1530.0,2390.0,3250.0
01548500,05-04,392.0,439.0,571.0,967,1460.0,2590.0,2960.0
01548500,05-05,369.0,445.0,581.0,915,1520.0,2330.0,3170.0
01548500,05-06,355.0,415.0,553.0,870,1380.0,2400.0,3120.0
01548500,05-07,356.0,410.0,522.0,940,1450.0,2430.0,3750.0
01548500,05-08,347.0,417.0,533.0,905,1430.0,2370.0,3810.0
01548500,05-09,338.0,406.0,554.0,888,1540.0,2590.0,3350.0
01548500,05-10,322.0,385.0,559.0,836,1630.0,3070.0,3920.0
01548500,05-11,325.0,386.0,535.0,877,1640.0,3300.0,4440.0
01548500,05-12,308.0,390.0,584.0,924,1610.0,3150.0,5800.0
01548500,05-13,291.0,374.0,531.0,854,1850.0,3450.0,5250.0
01548500,05-14,267.0,345.0,495.0,838,1860.0,3350.0,4360.0
01548500,05-15,255.0,340.0,485.0,885,1860.0,2850.0,3310.0
01548500,05-16,243.0,348.0,499.0,902,1750.0,2380.0,3510.0
01548500,05-17,248.0,328.0,468.0,905,1760.0,2470.0,2900.0
01548500,05-18,237.0,322.0,460.0,905,1630.0,2200.0,3120.0
01548500,05-19,229.0,315.0,462.0,899,1690.0,2190.0,3350.0
01548500,05-20,226.0,320.0,480.0,927,1560.0,2530.0,3420.0
01548500,05-21,236.0,312.0,439.0,903,1630.0,2380.0,3770.0
01548500,05-22,234.0,281.0,483.0,793,1480.0,2620.0,3890.0
01548500,05-23,242.0,279.0,482.0,828,1430.0,3090.0,4470.0
01548500,05-24,234.0,281.0,441.0,804,1430.0,2780.0,4250.0
01548500,05-25,219.0,289.0,414.0,738,1360.0,2390.0,3690.0
01548500,05-26,229.0,267.0,397.0,751,1240.0,2500.0,3030.0
01548500,05-27,211.0,236.0,369.0,648,1170.0,2120.0,2720.0
01548500,05-28,208.0,238.0,361.0,610,1080.0,1830.0,2430.0
01548500,05-29,194.0,225.0,369.0,621,1060.0,1720.0,2590.0
01548500,05-30,184.0,209.0,323.0,589,1040.0,1540.0,2390.0
01548500,05-31,174.0,214.0,307.0,565,888.0,1550.0,2420.0
01548500,06-01,166.0,215.0,315.0,589,783.0,1540.0,2360.0
01548500,06-02,150.0,209.0,301.0,536,746.0,1540.0,2610.0
01548500,06-03,146.0,199.0,312.0,520,762.0,1690.0,2670.0
01548500,06-04,164.0,195.0,302.0,493,838.0,1880.0,2480.0
01548500,06-05,146.0,199.0,290.0,472,829.0,1670.0,2140.0
01548500,06-06,141.0,194.0,272.0,452,776.0,1570.0,3030.0
01548500,06-07,156.0,185.0,256.0,429,762.0,1670.0,3640.0
01548500,06-08,134.0,180.0,237.0,395,745.0,1350.0,2970.0
01548500,06-09,123.0,176.0,248.0,370,680.0,1140.0,2090.0
01548500,06-10,122.0,170.0,238.0,364,635.0,1030.0,1630.0
01548500,06-11,131.0,164.0,244.0,353,582.0,1200.0,1650.0
01548500,06-12,132.0,166.0,228.0,352,544.0,1230.0,1590.0
01548500,06-13,143.0,164.0,227.0,335,569.0,1160.0,1380.0
01548500,06-14,142.0,165.0,211.0,328,619.0,1210.0,1350.0
01548500,06-15,137.0,146.0,204.0,344,610.0,1250.0,1990.0
01548500,06-16,123.0,141.0,190.0,322,599.0,1120.0,2190.0
01548500,06-17,110.0,128.0,184.0,279,584.0,1030.0,2100.0
01548500,06-18,102.0,136.0,181.0,289,555.0,1230.0,1620.0
01548500,06-19,104.0,127.0,172.0,310,616.0,1210.0,1720.0
01548500,06-20,100.0,121.0,181.0,297,556.0,1070.0,2020.0
01548500,06-21,99.0,112.0,178.0,281,493.0,994.0,2550.0
01548500,06-22,96.0,110.0,162.0,261,536.0,792.0,2890.0
01548500,06-23,92.0,110.0,163.0,256,474.0,737.0,2280.0
01548500,06-24,89.0,106.0,155.0,238,415.0,780.0,2040.0
01548500,06-25,84.0,100.0,150.0,232,387.0,1000.0,2090.0
01548500,06-26,77.0,94.0,141.0,240,395.0,1120.0,1820.0
01548500,06-27,71.0,90.0,134.0,218,441.0,1050.0,1670.0
01548500,06-28,69.0,88.0,133.0,217,452.0,1170.0,2340.0
01548500,06-29,63.0,90.0,142.0,218,473.0,1030.0,1810.0
01548500,06-30,64.0,86.0,135.0,228,511.0,968.0,1630.0
01548500,07-01,58.0,84.0,126.0,220,453.0,1140.0,1550.0
01548500,07-02,58.0,79.0,122.0,221,454.0,993.0,1540.0
01548500,07-03,60.0,75.0,120.0,209,422.0,886.0,1380.0
01548500,07-04,66.0,73.0,117.0,198,450.0,762.0,1160.0
01548500,07-05,61.0,76.0,113.0,196,417.0,650.0,1270.0
01548500,07-06,64.0,71.0,119.0,198,397.0,578.0,1480.0
01548500,07-07,61.0,73.0,118.0,178,349.0,593.0,1110.0
01548500,07-08,59.0,70.0,117.0,181,339.0,597.0,1390.0
01548500,07-09,57.0,70.0,109.0,168,323.0,683.0,1190.0
01548500,07-10,56.0,72.0,105.0,183,303.0,643.0,1150.0
01548500,07-11,55.0,65.0,102.0,194,285.0,514.0,868.0
01548500,07-12,50.0,59.0,98.0,176,253.0,631.0,1060.0
01548500,07-13,49.0,61.0,97.0,164,265.0,802.0,933.0
01548500,07-14,47.0,60.0,86.0,164,280.0,633.0,860.0
01548500,07-15,45.0,57.0,86.0,166,282.0,560.0,1280.0
01548500,07-16,45.0,54.0,87.0,153,287.0,620.0,1230.0
01548500,07-17,44.0,51.0,94.0,147,242.0,569.0,929.0
01548500,07-18,42.0,50.0,86.0,145,222.0,568.0,939.0
01548500,07-19,46.0,53.0,88.0,140,240.0,603.0,914.0
01548500,07-20,43.0,55.0,92.0,138,256.0,573.0,854.0
01548500,07-21,39.0,48.0,88.0,143,276.0,616.0,951.0
01548500,07-22,38.0,45.0,81.0,140,346.0,712.0,1340.0
01548500,07-23,36.0,48.0,74.0,146,330.0,771.0,1050.0
01548500,07-24,36.0,49.0,78.0,147,351.0,625.0,979.0
01548500,07-25,39.0,49.0,80.0,137,324.0,548.0,675.0
01548500,07-26,43.0,49.0,80.0,132,299.0,477.0,815.0
01548500,07-27,42.0,47.0,79.0,132,307.0,479.0,736.0
01548500,07-28,42.0,45.0,80.0,141,262.0,455.0,682.0
01548500,07-29,41.0,46.0,77.0,132,282.0,475.0,883.0
01548500,07-30,44.0,49.0,78.0,129,260.0,452.0,879.0
01548500,07-31,40.0,51.0,74.0,133,248.0,407.0,904.0
01548500,08-01,39.0,48.0,71.0,137,265.0,527.0,1200.0
01548500,08-02,36.0,45.0,70.0,128,232.0,461.0,981.0
01548500,08-03,38.0,45.0,68.0,124,226.0,388.0,978.0
01548500,08-04,35.0,45.0,70.0,126,223.0,434.0,1070.0
01548500,08-05,40.0,46.0,66.0,121,204.0,393.0,960.0
01548500,08-06,37.0,44.0,69.0,115,209.0,576.0,833.0
01548500,08-07,33.0,42.0,63.0,114,204.0,466.0,910.0
01548500,08-08,36.0,40.0,64.0,116,249.0,618.0,854.0
01548500,08-09,34.0,40.0,60.0,113,213.0,531.0,823.0
01548500,08-10,32.0,39.0,62.0,108,205.0,474.0,686.0
01548500,08-11,34.0,39.0,68.0,112,202.0,544.0,862.0
01548500,08-12,36.0,41.0,64.0,114,199.0,432.0,738.0
01548500,08-13,36.0,42.0,60.0,114,202.0,472.0,902.0
01548500,08-14,35.0,42.0,68.0,109,238.0,454.0,1400.0
01548500,08-15,38.0,41.0,65.0,108,217.0,598.0,1050.0
01548500,08-16,36.0,41.0,62.0,105,199.0,506.0,786.0
01548500,08-17,33.0,40.0,60.0,105,223.0,510.0,845.0
01548500,08-18,37.0,40.0,60.0,97,223.0,547.0,1170.0
01548500,08-19,34.0,39.0,60.0,90,206.0,618.0,2230.0
01548500,08-20,35.0,40.0,57.0,90,194.0,528.0,1940.0
01548500,08-21,32.0,43.0,58.0,105,186.0,789.0,1360.0
01548500,08-22,34.0,41.0,53.0,96,198.0,638.0,1220.0
01548500,08-23,32.0,36.0,55.0,90,204.0,617.0,939.0
01548500,08-24,31.0,36.0,54.0,91,221.0,594.0,1000.0
01548500,08-25,28.0,35.0,53.0,97,224.0,539.0,762.0
01548500,08-26,29.0,33.0,50.0,85,222.0,484.0,723.0
01548500,08-27,28.0,35.0,52.0,86,190.0,427.0,645.0
01548500,08-28,28.0,37.0,51.0,90,194.0,413.0,569.0
01548500,08-29,28.0,38.0,51.0,102,244.0,432.0,633.0
01548500,08-30,29.0,37.0,54.0,100,228.0,462.0,899.0
01548500,08-31,28.0,35.0,50.0,98,252.0,450.0,813.0
01548500,09-01,27.0,36.0,49.0,96,252.0,483.0,750.0
01548500,09-02,26.0,36.0,50.0,93,229.0,563.0,761.0
01548500,09-03,24.0,33.0,49.0,91,220.0,496.0,767.0
01548500,09-04,25.0,33.0,51.0,90,197.0,467.0,958.0
01548500,09-05,27.0,36.0,52.0,93,212.0,497.0,768.0
01548500,09-06,26.0,33.0,47.0,102,227.0,508.0,741.0
01548500,09-07,29.0,34.0,51.0,102,220.0,519.0,671.0
01548500,09-08,29.0,35.0,54.0,92,219.0,422.0,498.0
01548500,09-09,29.0,35.0,50.0,88,212.0,363.0,579.0
01548500,09-10,30.0,37.0,49.0,91,207.0,359.0,614.0
01548500,09-11,29.0,35.0,50.0,88,193.0,389.0,694.0
01548500,09-12,28.0,36.0,47.0,84,210.0,428.0,574.0
01548500,09-13,26.0,36.0,49.0,87,204.0,376.0,579.0
01548500,09-14,26.0,35.0,57.0,93,194.0,336.0,523.0
01548500,09-15,32.0,35.0,56.0,105,206.0,455.0,662.0
01548500,09-16,27.0,36.0,58.0,110,186.0,427.0,591.0
01548500,09-17,28.0,36.0,66.0,110,183.0,412.0,736.0
01548500,09-18,30.0,35.0,62.0,102,186.0,568.0,846.0
01548500,09-19,29.0,37.0,57.0,90,177.0,528.0,1290.0
01548500,09-20,29.0,38.0,57.0,91,177.0,465.0,1060.0
01548500,09-21,29.0,37.0,61.0,91,205.0,403.0,812.0
01548500,09-22,30.0,37.0,62.0,102,221.0,597.0,895.0
01548500,09-23,31.0,37.0,62.0,100,254.0,688.0,1260.0
01548500,09-24,28.0,35.0,62.0,96,234.0,628.0,1170.0
01548500,09-25,27.0,35.0,59.0,89,220.0,696.0,2060.0
01548500,09-26,25.0,34.0,58.0,88,208.0,550.0,1520.0
01548500,09-27,30.0,39.0,56.0,95,203.0,633.0,1390.0
01548500,09-28,32.0,41.0,58.0,102,267.0,853.0,2350.0
01548500,09-29,32.0,42.0,60.0,109,290.0,843.0,2080.0
01548500,09-30,33.0,42.0,60.0,116,334.0,1210.0,2300.0
01548500,10-01,34.0,44.0,64.0,123,293.0,996.0,1950.0
01548500,10-02,35.0,41.0,64.0,126,315.0,862.0,1720.0
01548500,10-03,34.0,41.0,62.0,115,320.0,773.0,1430.0
01548500,10-04,35.0,45.0,63.0,111,308.0,797.0,1150.0
01548500,10-05,39.0,43.0,59.0,110,291.0,800.0,1170.0
01548500,10-06,39.0,48.0,64.0,111,321.0,730.0,1550.0
01548500,10-07,38.0,47.0,63.0,130,324.0,561.0,1300.0
01548500,10-08,39.0,48.0,68.0,142,331.0,603.0,1090.0
01548500,10-09,39.0,48.0,70.0,144,326.0,847.0,1200.0
01548500,10-10,38.0,46.0,69.0,136,284.0,608.0,1120.0
01548500,10-11,39.0,43.0,66.0,141,276.0,665.0,1080.0
01548500,10-12,39.0,42.0,65.0,134,258.0,660.0,1060.0
01548500,10-13,37.0,41.0,66.0,121,241.0,722.0,1260.0
01548500,10-14,36.0,41.0,66.0,132,245.0,672.0,1460.0
01548500,10-15,38.0,42.0,66.0,136,279.0,635.0,1290.0
01548500,10-16,36.0,46.0,67.0,132,278.0,665.0,1250.0
01548500,10-17,37.0,47.0,66.0,141,306.0,834.0,1490.0
01548500,10-18,39.0,49.0,68.0,159,326.0,737.0,1900.0
01548500,10-19,41.0,48.0,69.0,155,376.0,929.0,2000.0
01548500,10-20,39.0,48.0,71.0,147,376.0,1210.0,3350.0
01548500,10-21,42.0,52.0,77.0,147,407.0,1570.0,3150.0
01548500,10-22,40.0,52.0,81.0,142,409.0,1400.0,2600.0
01548500,10-23,39.0,51.0,80.0,163,473.0,1350.0,2520.0
01548500,10-24,44.0,50.0,86.0,194,505.0,1250.0,1770.0
01548500,10-25,46.0,53.0,95.0,199,505.0,1260.0,1890.0
01548500,10-26,46.0,53.0,99.0,199,542.0,1250.0,1720.0
01548500,10-27,45.0,53.0,94.0,213,690.0,1310.0,1970.0
01548500,10-28,44.0,57.0,87.0,213,656.0,1710.0,2230.0
01548500,10-29,44.0,57.0,89.0,231,649.0,1550.0,2310.0
01548500,10-30,44.0,56.0,91.0,245,701.0,1720.0,3260.0
01548500,10-31,44.0,55.0,90.0,229,873.0,1760.0,2260.0
01548500,11-01,41.0,55.0,95.0,235,644.0,1590.0,2310.0
01548500,11-02,42.0,56.0,95.0,257,798.0,1690.0,2600.0
01548500,11-03,44.0,61.0,109.0,280,877.0,1560.0,2500.0
01548500,11-04,45.0,58.0,105.0,307,921.0,1460.0,2130.0
01548500,11-05,46.0,58.0,105.0,321,834.0,1410.0,2410.0
01548500,11-06,45.0,58.0,107.0,319,776.0,1410.0,2190.0
01548500,11-07,45.0,72.0,131.0,339,740.0,1230.0,2500.0
01548500,11-08,47.0,75.0,130.0,387,776.0,1240.0,2050.0
01548500,11-09,48.0,77.0,118.0,364,698.0,1430.0,1940.0
01548500,11-10,51.0,74.0,128.0,378,815.0,1530.0,2500.0
01548500,11-11,58.0,73.0,149.0,430,759.0,1390.0,2290.0
01548500,11-12,62.0,76.0,141.0,422,915.0,1640.0,3160.0
01548500,11-13,59.0,76.0,137.0,399,961.0,2270.0,3340.0
01548500,11-14,57.0,76.0,140.0,405,863.0,2010.0,3070.0
01548500,11-15,59.0,91.0,152.0,377,848.0,1730.0,2350.0
01548500,11-16,55.0,91.0,164.0,406,933.0,1860.0,2560.0
01548500,11-17,53.0,83.0,180.0,427,953.0,1810.0,2820.0
01548500,11-18,55.0,76.0,224.0,436,999.0,1930.0,3770.0
01548500,11-19,58.0,76.0,214.0,420,968.0,2070.0,3710.0
01548500,11-20,59.0,78.0,213.0,494,1010.0,2030.0,2710.0
01548500,11-21,59.0,84.0,202.0,529,990.0,1650.0,2190.0
01548500,11-22,62.0,98.0,205.0,608,993.0,1450.0,1970.0
01548500,11-23,66.0,102.0,235.0,625,993.0,1400.0,2300.0
01548500,11-24,68.0,109.0,235.0,561,944.0,1420.0,1950.0
01548500,11-25,71.0,105.0,255.0,579,838.0,1470.0,2070.0
01548500,11-26,78.0,119.0,263.0,562,837.0,1510.0,2490.0
01548500,11-27,79.0,109.0,276.0,580,986.0,2000.0,4670.0
01548500,11-28,76.0,119.0,277.0,597,1130.0,2970.0,5050.0
01548500,11-29,79.0,122.0,294.0,561,1160.0,3230.0,4290.0
01548500,11-30,76.0,130.0,282.0,526,1260.0,2470.0,3220.0
01548500,12-01,82.0,139.0,294.0,514,1370.0,2160.0,3240.0
01548500,12-02,78.0,129.0,290.0,528,1330.0,2240.0,3980.0
01548500,12-03,72.0,128.0,309.0,572,1180.0,2280.0,3090.0
01548500,12-04,72.0,114.0,300.0,593,1180.0,2200.0,2700.0
01548500,12-05,92.0,106.0,319.0,580,1160.0,1980.0,2490.0
01548500,12-06,91.0,114.0,342.0,573,1190.0,1960.0,2310.0
01548500,12-07,91.0,121.0,350.0,623,1130.0,1680.0,2080.0
01548500,12-08,94.0,156.0,353.0,639,1110.0,1530.0,2340.0
01548500,12-09,80.0,141.0,355.0,616,1020.0,1450.0,2370.0
01548500,12-10,99.0,139.0,361.0,626,993.0,1960.0,2540.0
01548500,12-11,88.0,161.0,349.0,625,1040.0,2060.0,2840.0
01548500,12-12,84.0,169.0,340.0,605,1160.0,1840.0,2450.0
01548500,12-13,93.0,179.0,388.0,615,1210.0,2040.0,2920.0
01548500,12-14,114.0,168.0,385.0,624,1240.0,1840.0,2630.0
01548500,12-15,115.0,188.0,366.0,724,1240.0,1910.0,2920.0
01548500,12-16,110.0,197.0,370.0,718,1160.0,1800.0,2750.0
01548500,12-17,114.0,169.0,388.0,657,1170.0,1730.0,2460.0
01548500,12-18,110.0,191.0,372.0,716,1220.0,1960.0,2850.0
01548500,12-19,102.0,209.0,376.0,696,1070.0,1730.0,2510.0
01548500,12-20,107.0,190.0,391.0,727,1020.0,1750.0,2280.0
01548500,12-21,107.0,189.0,361.0,703,992.0,1890.0,2330.0
01548500,12-22,130.0,243.0,359.0,612,985.0,1810.0,2960.0
01548500,12-23,140.0,197.0,372.0,615,1040.0,2330.0,3370.0
01548500,12-24,142.0,248.0,400.0,631,1110.0,2650.0,3810.0
01548500,12-25,140.0,240.0,362.0,653,1050.0,2690.0,3760.0
01548500,12-26,154.0,249.0,333.0,627,1180.0,2490.0,2880.0
01548500,12-27,144.0,230.0,340.0,607,1200.0,2280.0,2550.0
01548500,12-28,149.0,230.0,358.0,596,1150.0,2140.0,2680.0
01548500,12-29,170.0,229.0,340.0,638,1150.0,2100.0,2760.0
01548500,12-30,154.0,226.0,333.0,655,1250.0,2320.0,3110.0
01548500,12-31,144.0,230.0,340.0,631,1330.0,2380.0,3370.0
01549760,01-01,,3500.0,8050.0,11700,16400.0,23000.0,
01549760,01-02,,3360.0,6770.0,11200,16800.0,29900.0,
01549760,01-03,,3280.0,6330.0,11000,15200.0,27500.0,
01549760,01-04,,3220.0,6840.0,10300,14700.0,30800.0,
01549760,01-05,,3160.0,7940.0,11600,14300.0,30700.0,
01549760,01-06,,3090.0,7220.0,11000,14400.0,25900.0,
01549760,01-07,,3100.0,6520.0,9750,12900.0,21100.0,
01549760,01-08,,3260.0,5940.0,8400,11200.0,17500.0,
01549760,01-09,,3220.0,5650.0,7670,9850.0,15700.0,
01549760,01-10,,3110.0,5530.0,8380,12700.0,20700.0,
01549760,01-11,,3390.0,5120.0,8650,13000.0,29700.0,
01549760,01-12,,4060.0,5510.0,9250,12200.0,25300.0,
01549760,01-13,,5270.0,6640.0,11100,23600.0,35800.0,
01549760,01-14,,4850.0,6860.0,10500,23800.0,36800.0,
01549760,01-15,,4120.0,6040.0,9810,20200.0,28200.0,
01549760,01-16,,3820.0,5950.0,9460,17100.0,22000.0,
01549760,01-17,,3580.0,5450.0,8460,14500.0,17400.0,
01549760,01-18,,3480.0,5710.0,7770,13300.0,14300.0,
01549760,01-19,,3500.0,5760.0,7250,11700.0,13400.0,
01549760,01-20,,3240.0,5100.0,7130,10500.0,16900.0,
01549760,01-21,,2780.0,4170.0,6490,9100.0,20100.0,
01549760,01-22,,2270.0,3560.0,5730,8080.0,18700.0,
01549760,01-23,,2000.0,3180.0,5380,9660.0,16800.0,
01549760,01-24,,2050.0,3310.0,5710,14400.0,16900.0,
01549760,01-25,,2280.0,3670.0,5940,16900.0,25200.0,
01549760,01-26,,2440.0,3710.0,7140,19100.0,24200.0,
01549760,01-27,,2540.0,3610.0,8640,19100.0,45700.0,
01549760,01-28,,2510.0,3270.0,7810,16600.0,43000.0,
01549760,01-29,,2350.0,3110.0,7110,13100.0,43600.0,
01549760,01-30,,2220.0,3040.0,6770,11300.0,35500.0,
01549760,01-31,,2140.0,2820.0,6280,9420.0,27400.0,
01549760,02-01,,2320.0,2710.0,5300,8790.0,22700.0,
01549760,02-02,,2330.0,2870.0,5210,8270.0,19400.0,
01549760,02-03,,2230.0,3240.0,6710,7560.0,16800.0,
01549760,02-04,,2430.0,3480.0,6810,8940.0,16400.0,
01549760,02-05,,2240.0,3940.0,7090,11600.0,18400.0,
01549760,02-06,,2210.0,3900.0,6870,13500.0,15900.0,
01549760,02-07,,2420.0,3610.0,6820,13000.0,18000.0,
01549760,02-08,,2370.0,3140.0,7950,12000.0,35400.0,
01549760,02-09,,2270.0,3250.0,7420,19700.0,47500.0,
01549760,02-10,,2380.0,3320.0,6860,17200.0,35600.0,
01549760,02-11,,2490.0,3300.0,6810,18100.0,27600.0,
01549760,02-12,,2410.0,3300.0,6980,16700.0,25600.0,
01549760,02-13,,2050.0,2750.0,6690,18400.0,26800.0,
01549760,02-14,,2000.0,2840.0,6280,16200.0,27700.0,
01549760,02-15,,2160.0,3090.0,6360,14800.0,24500.0,
01549760,02-16,,2000.0,3570.0,7140,17800.0,24200.0,
01549760,02-17,,2010.0,4160.0,8430,17100.0,36600.0,
01549760,02-18,,1950.0,4040.0,12800,16600.0,40500.0,
01549760,02-19,,2070.0,3770.0,11100,13900.0,52600.0,
01549760,02-20,,2200.0,4600.0,9180,12600.0,37100.0,
01549760,02-21,,2090.0,5220.0,10000,13200.0,29400.0,
01549760,02-22,,2220.0,5290.0,9770,18400.0,27100.0,
01549760,02-23,,2270.0,5640.0,9360,17000.0,31700.0,
01549760,02-24,,2400.0,6230.0,9030,15500.0,38100.0,
01549760,02-25,,2870.0,6340.0,9760,21700.0,41300.0,
01549760,02-26,,3260.0,6280.0,10100,22800.0,45800.0,
01549760,02-27,,3030.0,8100.0,10100,20700.0,38000.0,
01549760,02-28,,3650.0,8720.0,9850,21100.0,29700.0,
01549760,02-29,,,17300.0,18600,20200.0,,
01549760,03-01,,3830.0,8990.0,13600,20800.0,25500.0,
01549760,03-02,,3700.0,8450.0,13500,20200.0,32500.0,
01549760,03-03,,3440.0,7910.0,12900,19100.0,39400.0,
01549760,03-04,,3360.0,7620.0,13600,18100.0,31300.0,
01549760,03-05,,3240.0,7710.0,14300,18400.0,25100.0,
01549760,03-06,,3170.0,7570.0,15700,17800.0,27600.0,
01549760,03-07,,4480.0,7580.0,15200,19000.0,31200.0,
01549760,03-08,,5880.0,8320.0,14000,24200.0,30700.0,
01549760,03-09,,5990.0,8110.0,12700,19500.0,30700.0,
01549760,03-10,,6580.0,7700.0,12800,22100.0,27900.0,
01549760,03-11,,7290.0,9760.0,12300,18500.0,31200.0,
01549760,03-12,,8920.0,10300.0,12700,20300.0,29900.0,
01549760,03-13,,9290.0,9980.0,12200,20500.0,38200.0,
01549760,03-14,,8910.0,9200.0,13000,18600.0,31400.0,
01549760,03-15,,7900.0,8570.0,11700,18300.0,25500.0,
01549760,03-16,,7200.0,7740.0,13300,19900.0,33200.0,
01549760,03-17,,6880.0,7420.0,14900,17900.0,30700.0,
01549760,03-18,,6590.0,7980.0,13800,19800.0,29300.0,
01549760,03-19,,6450.0,8090.0,14800,20000.0,28000.0,
01549760,03-20,,6120.0,9570.0,13900,19500.0,24600.0,
01549760,03-21,,5960.0,8640.0,13200,19100.0,24400.0,
01549760,03-22,,5890.0,8390.0,12400,16900.0,24600.0,
01549760,03-23,,5590.0,8370.0,12300,16900.0,21200.0,
01549760,03-24,,5310.0,8300.0,12300,15100.0,23000.0,
01549760,03-25,,5120.0,7860.0,12800,14700.0,21700.0,
01549760,03-26,,4930.0,7220.0,11800,15900.0,18900.0,
01549760,03-27,,4630.0,6660.0,10800,15100.0,20200.0,
01549760,03-28,,4530.0,6240.0,10500,13900.0,22800.0,
01549760,03-29,,4780.0,5820.0,10400,12700.0,25400.0,
01549760,03-30,,5600.0,6080.0,10200,12400.0,31700.0,
01549760,03-31,,5370.0,6690.0,10900,13600.0,28300.0,
01549760,04-01,,5180.0,7120.0,11200,16300.0,29100.0,
01549760,04-02,,5230.0,8040.0,12400,20800.0,32800.0,
01549760,04-03,,5270.0,8770.0,13600,26000.0,36700.0,
01549760,04-04,,5530.0,8230.0,13800,28800.0,70900.0,
01549760,04-05,,5800.0,7620.0,12300,26800.0,58500.0,
01549760,04-06,,6370.0,8410.0,12400,29300.0,40800.0,
01549760,04-07,,6210.0,8410.0,14200,25500.0,31700.0,
01549760,04-08,,6320.0,7680.0,16700,24200.0,26300.0,
01549760,04-09,,6300.0,7810.0,15200,22100.0,27400.0,
01549760,04-10,,6180.0,7410.0,13200,19300.0,29900.0,
01549760,04-11,,6040.0,7010.0,12200,16500.0,40500.0,
01549760,04-12,,6280.0,8000.0,11100,14400.0,37300.0,
01549760,04-13,,6500.0,9550.0,11400,14100.0,42500.0,
01549760,04-14,,6340.0,9020.0,11500,14200.0,34000.0,
01549760,04-15,,6170.0,9310.0,12000,14100.0,28400.0,
01549760,04-16,,6170.0,9560.0,11000,16200.0,27800.0,
01549760,04-17,,6180.0,8970.0,11800,21800.0,34700.0,
01549760,04-18,,6140.0,8280.0,11400,17900.0,32900.0,
01549760,04-19,,5710.0,7420.0,11000,17200.0,26100.0,
01549760,04-20,,5300.0,6910.0,11200,19500.0,29400.0,
01549760,04-21,,4910.0,6520.0,14700,18900.0,31900.0,
01549760,04-22,,4680.0,6150.0,14600,20500.0,28200.0,
01549760,04-23,,4840.0,5920.0,12900,19100.0,22500.0,
01549760,04-24,,4790.0,5530.0,11700,15600.0,19500.0,
01549760,04-25,,4400.0,5170.0,11200,12900.0,16300.0,
01549760,04-26,,4220.0,5270.0,10600,11600.0,14200.0,
01549760,04-27,,4150.0,5860.0,10000,12400.0,15300.0,
01549760,04-28,,3920.0,5520.0,9500,12000.0,17000.0,
01549760,04-29,,4060.0,5290.0,8770,10900.0,16600.0,
01549760,04-30,,4840.0,7150.0,8190,10200.0,18000.0,
01549760,05-01,,5690.0,6820.0,8940,11900.0,39200.0,
01549760,05-02,,6070.0,7020.0,10600,13000.0,36000.0,
01549760,05-03,,5710.0,7250.0,10600,14400.0,28800.0,
01549760,05-04,,5510.0,7030.0,10800,17000.0,23300.0,
01549760,05-05,,5580.0,7370.0,11500,18200.0,21800.0,
01549760,05-06,,5980.0,8150.0,11900,16300.0,40400.0,
01549760,05-07,,6460.0,9400.0,11000,21800.0,47500.0,
01549760,05-08,,6150.0,9580.0,10400,30200.0,39100.0,
01549760,05-09,,5620.0,8930.0,10200,23000.0,32600.0,
01549760,05-10,,5570.0,7930.0,10900,22500.0,27100.0,
01549760,05-11,,5630.0,7670.0,11800,19200.0,36500.0,
01549760,05-12,,5400.0,7460.0,13200,17400.0,27700.0,
01549760,05-13,,5200.0,7150.0,12700,22400.0,26800.0,
01549760,05-14,,4750.0,7200.0,12800,18600.0,32600.0,
01549760,05-15,,4370.0,7110.0,10700,17400.0,29900.0,
01549760,05-16,,4230.0,7380.0,10700,17700.0,27000.0,
01549760,05-17,,4170.0,7150.0,11400,19000.0,25000.0,
01549760,05-18,,4060.0,6570.0,10000,16100.0,21800.0,
01549760,05-19,,3800.0,6010.0,8930,13700.0,18600.0,
01549760,05-20,,3620.0,5680.0,8110,12500.0,16800.0,
01549760,05-21,,3520.0,5410.0,7410,11200.0,14500.0,
01549760,05-22,,3430.0,5140.0,6940,9450.0,17000.0,
01549760,05-23,,3260.0,4910.0,7620,9140.0,29500.0,
01549760,05-24,,3000.0,4620.0,8170,10800.0,30400.0,
01549760,05-25,,2780.0,4320.0,7210,13900.0,24500.0,
01549760,05-26,,2570.0,4250.0,7010,14300.0,24400.0,
01549760,05-27,,2430.0,4220.0,7320,12300.0,21200.0,
01549760,05-28,,2310.0,4350.0,6730,11400.0,16500.0,
01549760,05-29,,2180.0,5150.0,6540,12900.0,13600.0,
01549760,05-30,,2080.0,5130.0,7010,12100.0,23600.0,
01549760,05-31,,2060.0,4630.0,6760,11300.0,32300.0,
01549760,06-01,,2330.0,4610.0,5840,10600.0,28900.0,
01549760,06-02,,2200.0,4690.0,5950,10300.0,24300.0,
01549760,06-03,,2130.0,4610.0,5430,8990.0,21800.0,
01549760,06-04,,2000.0,4380.0,6020,8370.0,17100.0,
01549760,06-05,,1850.0,3990.0,5680,7760.0,14300.0,
01549760,06-06,,1730.0,3840.0,5610,7190.0,13000.0,
01549760,06-07,,1680.0,3700.0,5400,7840.0,12000.0,
01549760,06-08,,1690.0,3620.0,4990,7740.0,10400.0,
01549760,06-09,,1790.0,3330.0,4750,7410.0,9090.0,
01549760,06-10,,1730.0,3480.0,4730,6940.0,11500.0,
01549760,06-11,,1670.0,3580.0,5250,7340.0,13000.0,
01549760,06-12,,1630.0,3390.0,5180,6630.0,12600.0,
01549760,06-13,,1660.0,2980.0,4760,6000.0,9990.0,
01549760,06-14,,1920.0,2780.0,4420,6140.0,8750.0,
01549760,06-15,,2220.0,2700.0,4070,6630.0,13800.0,
01549760,06-16,,2330.0,2750.0,4820,5900.0,15600.0,
01549760,06-17,,2180.0,2690.0,4110,9950.0,15000.0,
01549760,06-18,,1990.0,2550.0,3480,10100.0,18600.0,
01549760,06-19,,1820.0,2360.0,3220,9430.0,33400.0,
01549760,06-20,,1590.0,2110.0,3100,14800.0,29800.0,
01549760,06-21,,1420.0,1920.0,3260,14800.0,35300.0,
01549760,06-22,,1390.0,1840.0,3240,12400.0,37100.0,
01549760,06-23,,1540.0,2020.0,4000,10600.0,24400.0,
01549760,06-24,,1700.0,2000.0,4300,9940.0,17400.0,
01549760,06-25,,1770.0,1990.0,3140,8700.0,13800.0,
01549760,06-26,,1770.0,2040.0,2780,8030.0,11800.0,
01549760,06-27,,1630.0,2330.0,2930,7480.0,9520.0,
01549760,06-28,,1550.0,2140.0,3280,6470.0,15100.0,
01549760,06-29,,1590.0,1980.0,3500,7160.0,23600.0,
01549760,06-30,,1450.0,2000.0,3110,7510.0,21000.0,
01549760,07-01,,1300.0,1750.0,2770,6120.0,22100.0,
01549760,07-02,,1270.0,1910.0,3210,5840.0,19000.0,
01549760,07-03,,1270.0,1770.0,4640,5490.0,14400.0,
01549760,07-04,,1190.0,1660.0,4250,5290.0,14400.0,
01549760,07-05,,1180.0,1560.0,3720,5570.0,21000.0,
01549760,07-06,,1180.0,1480.0,3270,5950.0,17700.0,
01549760,07-07,,1170.0,1380.0,2730,6920.0,15100.0,
01549760,07-08,,1170.0,1330.0,2640,7020.0,12200.0,
01549760,07-09,,1180.0,1340.0,3040,6270.0,13000.0,
01549760,07-10,,1150.0,1300.0,3020,5190.0,15100.0,
01549760,07-11,,1140.0,1420.0,3420,4470.0,15900.0,
01549760,07-12,,1110.0,1430.0,3020,5960.0,13400.0,
01549760,07-13,,1040.0,1390.0,2710,5190.0,10700.0,
01549760,07-14,,966.0,1280.0,3470,4560.0,10700.0,
01549760,07-15,,898.0,1110.0,3320,4110.0,11200.0,
01549760,07-16,,887.0,1030.0,3290,7620.0,11100.0,
01549760,07-17,,861.0,986.0,3360,6660.0,9750.0,
01549760,07-18,,864.0,1120.0,3420,4660.0,13300.0,
01549760,07-19,,876.0,1250.0,2920,4770.0,18000.0,
01549760,07-20,,860.0,1540.0,2890,5060.0,14100.0,
01549760,07-21,,802.0,1340.0,2540,3910.0,13400.0,
01549760,07-22,,770.0,1380.0,2710,6940.0,11200.0,
01549760,07-23,,776.0,1340.0,3890,7160.0,10700.0,
01549760,07-24,,713.0,1310.0,3940,9270.0,20300.0,
01549760,07-25,,720.0,1320.0,3060,7450.0,28800.0,
01549760,07-26,,725.0,1300.0,2670,5750.0,30700.0,
01549760,07-27,,820.0,1510.0,2120,5460.0,24900.0,
01549760,07-28,,866.0,1500.0,2620,4800.0,21000.0,
01549760,07-29,,840.0,1480.0,2910,3990.0,17200.0,
01549760,07-30,,796.0,1290.0,3270,3720.0,14000.0,
01549760,07-31,,820.0,1130.0,3190,4030.0,15300.0,
01549760,08-01,,969.0,1050.0,3080,3720.0,17900.0,
01549760,08-02,,935.0,1080.0,2560,3400.0,17000.0,
01549760,08-03,,883.0,977.0,2810,3070.0,17700.0,
01549760,08-04,,876.0,966.0,2510,3250.0,19600.0,
01549760,08-05,,858.0,991.0,2150,3560.0,16500.0,
01549760,08-06,,770.0,1110.0,1970,3520.0,13700.0,
01549760,08-07,,714.0,1170.0,1920,3240.0,12600.0,
01549760,08-08,,694.0,1140.0,2070,4240.0,11800.0,
01549760,08-09,,649.0,1090.0,1960,4250.0,17600.0,
01549760,08-10,,702.0,1050.0,1880,3800.0,62300.0,
01549760,08-11,,877.0,998.0,2130,3680.0,34200.0,
01549760,08-12,,835.0,987.0,2130,3640.0,26500.0,
01549760,08-13,,770.0,917.0,1960,5100.0,19900.0,
01549760,08-14,,713.0,929.0,1870,6120.0,15900.0,
01549760,08-15,,673.0,911.0,1910,7600.0,12100.0,
01549760,08-16,,625.0,887.0,1900,8990.0,9850.0,
01549760,08-17,,612.0,884.0,1790,7430.0,7830.0,
01549760,08-18,,603.0,906.0,1970,7630.0,12800.0,
01549760,08-19,,603.0,855.0,2170,8230.0,24700.0,
01549760,08-20,,605.0,1030.0,2000,7640.0,24100.0,
01549760,08-21,,606.0,1080.0,2510,6930.0,15200.0,
01549760,08-22,,592.0,1190.0,2130,7210.0,11200.0,
01549760,08-23,,595.0,1130.0,2390,7750.0,9790.0,
01549760,08-24,,600.0,1210.0,2490,6450.0,8770.0,
01549760,08-25,,624.0,1240.0,2590,5200.0,7080.0,
01549760,08-26,,618.0,1010.0,1980,4370.0,6130.0,
01549760,08-27,,645.0,907.0,1660,3830.0,5370.0,
01549760,08-28,,695.0,834.0,1560,4140.0,5020.0,
01549760,08-29,,747.0,867.0,1590,3850.0,4640.0,
01549760,08-30,,777.0,991.0,1440,4310.0,7140.0,
01549760,08-31,,860.0,1400.0,1560,5270.0,6320.0,
01549760,09-01,,830.0,1360.0,1900,4430.0,7300.0,
01549760,09-02,,780.0,1210.0,1480,4260.0,9640.0,
01549760,09-03,,714.0,976.0,1380,4040.0,15400.0,
01549760,09-04,,722.0,900.0,1410,3950.0,11900.0,
01549760,09-05,,707.0,927.0,1820,3580.0,8150.0,
01549760,09-06,,666.0,895.0,1840,3390.0,11700.0,
01549760,09-07,,638.0,788.0,1930,3560.0,9140.0,
01549760,09-08,,652.0,723.0,2020,3830.0,6540.0,
01549760,09-09,,622.0,708.0,1980,4850.0,6730.0,
01549760,09-10,,659.0,700.0,1830,5570.0,22400.0,
01549760,09-11,,633.0,802.0,1660,4320.0,85800.0,
01549760,09-12,,598.0,1110.0,1790,4500.0,60400.0,
01549760,09-13,,582.0,1090.0,1820,5110.0,39000.0,
01549760,09-14,,586.0,835.0,1710,4750.0,32200.0,
01549760,09-15,,570.0,746.0,1620,3950.0,26000.0,
01549760,09-16,,559.0,698.0,1530,3570.0,21200.0,
01549760,09-17,,550.0,659.0,1600,3080.0,18700.0,
01549760,09-18,,533.0,663.0,1450,2560.0,35100.0,
01549760,09-19,,522.0,1030.0,1380,2310.0,39800.0,
01549760,09-20,,506.0,988.0,1360,2460.0,28600.0,
01549760,09-21,,496.0,966.0,1340,2600.0,22100.0,
01549760,09-22,,487.0,972.0,1280,2550.0,19900.0,
01549760,09-23,,485.0,978.0,1250,5920.0,24100.0,
01549760,09-24,,502.0,827.0,1210,5620.0,46800.0,
01549760,09-25,,488.0,966.0,1180,4460.0,33000.0,
01549760,09-26,,482.0,906.0,2010,4000.0,23900.0,
01549760,09-27,,463.0,867.0,1960,4330.0,24500.0,
01549760,09-28,,447.0,845.0,1650,4200.0,23800.0,
01549760,09-29,,511.0,849.0,1290,3660.0,21700.0,
01549760,09-30,,748.0,848.0,1880,7500.0,18500.0,
01549760,10-01,,823.0,968.0,1450,6550.0,20500.0,
01549760,10-02,,807.0,1020.0,1580,5860.0,14100.0,
01549760,10-03,,748.0,1150.0,1490,5990.0,18000.0,
01549760,10-04,,702.0,1060.0,1550,5590.0,18800.0,
01549760,10-05,,692.0,981.0,1490,5460.0,16200.0,
01549760,10-06,,675.0,889.0,1500,4910.0,14200.0,
01549760,10-07,,644.0,827.0,1550,4090.0,12400.0,
01549760,10-08,,635.0,865.0,1720,3560.0,11400.0,
01549760,10-09,,626.0,998.0,1760,4290.0,10100.0,
01549760,10-10,,677.0,1220.0,1740,3460.0,9160.0,
01549760,10-11,,687.0,1280.0,1850,2810.0,9220.0,
01549760,10-12,,676.0,1250.0,2030,2510.0,13500.0,
01549760,10-13,,643.0,1190.0,1800,2590.0,13700.0,
01549760,10-14,,640.0,1160.0,1980,2610.0,11900.0,
01549760,10-15,,630.0,1210.0,2090,2840.0,10400.0,
01549760,10-16,,648.0,1140.0,2240,3250.0,10300.0,
01549760,10-17,,648.0,1060.0,2060,4550.0,9520.0,
01549760,10-18,,635.0,991.0,2130,3900.0,8710.0,
01549760,10-19,,617.0,950.0,2050,3500.0,7630.0,
01549760,10-20,,657.0,936.0,1910,3160.0,6950.0,
01549760,10-21,,670.0,1400.0,1850,3680.0,9080.0,
01549760,10-22,,742.0,1360.0,1780,4140.0,22700.0,
01549760,10-23,,838.0,1400.0,1920,4650.0,16500.0,
01549760,10-24,,879.0,1420.0,1840,4600.0,12200.0,
01549760,10-25,,794.0,1530.0,1790,4550.0,9800.0,
01549760,10-26,,753.0,1500.0,2090,5110.0,8190.0,
01549760,10-27,,719.0,1470.0,2260,5830.0,9370.0,
01549760,10-28,,712.0,1430.0,2020,8720.0,14600.0,
01549760,10-29,,788.0,1370.0,3310,8990.0,17900.0,
01549760,10-30,,1170.0,1420.0,4960,19000.0,23300.0,
01549760,10-31,,1270.0,2240.0,5760,16700.0,25500.0,
01549760,11-01,,1230.0,2320.0,6430,17900.0,25500.0,
01549760,11-02,,1200.0,1980.0,5770,15200.0,25400.0,
01549760,11-03,,1180.0,1730.0,5100,13800.0,18500.0,
01549760,11-04,,1140.0,1670.0,4550,11500.0,15400.0,
01549760,11-05,,1140.0,1530.0,4170,9690.0,13900.0,
01549760,11-06,,1130.0,1420.0,3720,8300.0,14500.0,
01549760,11-07,,1110.0,1280.0,3400,8060.0,19300.0,
01549760,11-08,,1090.0,1250.0,3120,7340.0,18700.0,
01549760,11-09,,1030.0,1260.0,2950,6680.0,15300.0,
01549760,11-10,,987.0,1330.0,2830,6110.0,16800.0,
01549760,11-11,,1180.0,1430.0,2690,8510.0,19200.0,
01549760,11-12,,1510.0,2030.0,4940,15900.0,20400.0,
01549760,11-13,,1730.0,1930.0,5510,14900.0,29000.0,
01549760,11-14,,1780.0,1940.0,4780,11700.0,21400.0,
01549760,11-15,,1730.0,1950.0,3850,9780.0,16500.0,
01549760,11-16,,1850.0,2190.0,3750,8520.0,15100.0,
01549760,11-17,,1830.0,2190.0,3720,7760.0,13800.0,
01549760,11-18,,1790.0,2280.0,3510,7090.0,12600.0,
01549760,11-19,,1770.0,2430.0,3260,6680.0,11800.0,
01549760,11-20,,1750.0,2290.0,3330,7500.0,15300.0,
01549760,11-21,,1720.0,2160.0,3370,7830.0,18400.0,
01549760,11-22,,1760.0,2180.0,4590,7560.0,16800.0,
01549760,11-23,,2090.0,2320.0,4310,8440.0,16000.0,
01549760,11-24,,2130.0,2440.0,4240,7620.0,14400.0,
01549760,11-25,,2080.0,2770.0,4390,6950.0,13700.0,
01549760,11-26,,2110.0,2990.0,4720,6330.0,14400.0,
01549760,11-27,,2320.0,3730.0,4990,5970.0,24200.0,
01549760,11-28,,2480.0,4080.0,5210,6650.0,26800.0,
01549760,11-29,,2380.0,3880.0,4940,6810.0,22600.0,
01549760,11-30,,2410.0,3620.0,4540,6710.0,18500.0,
01549760,12-01,,2550.0,3540.0,4420,6370.0,16400.0,
01549760,12-02,,3290.0,3610.0,4450,5690.0,15600.0,
01549760,12-03,,3300.0,4230.0,4920,8320.0,17400.0,
01549760,12-04,,3230.0,4090.0,5180,10300.0,20000.0,
01549760,12-05,,3020.0,4080.0,4960,11800.0,19400.0,
01549760,12-06,,2670.0,4240.0,4850,10400.0,17300.0,
01549760,12-07,,2530.0,4130.0,5390,10000.0,15600.0,
01549760,12-08,,2490.0,3860.0,6430,9060.0,14800.0,
01549760,12-09,,2120.0,3630.0,7110,8300.0,13100.0,
01549760,12-10,,1960.0,4220.0,7050,7650.0,11300.0,
01549760,12-11,,1690.0,4010.0,6890,10400.0,22600.0,
01549760,12-12,,1640.0,3540.0,7490,10900.0,24000.0,
01549760,12-13,,1760.0,3340.0,6810,12300.0,20300.0,
01549760,12-14,,1700.0,3150.0,6120,11700.0,16100.0,
01549760,12-15,,1360.0,3070.0,5780,10200.0,17600.0,
01549760,12-16,,1350.0,2800.0,6160,10100.0,17200.0,
01549760,12-17,,1340.0,2520.0,6840,10200.0,17400.0,
01549760,12-18,,1260.0,3010.0,7410,12500.0,17400.0,
01549760,12-19,,1780.0,4080.0,8910,14300.0,16700.0,
01549760,12-20,,2420.0,6080.0,9800,13500.0,22000.0,
01549760,12-21,,2810.0,5750.0,8920,12200.0,19700.0,
01549760,12-22,,3140.0,5490.0,8100,10800.0,38600.0,
01549760,12-23,,3170.0,6510.0,8800,9540.0,38200.0,
01549760,12-24,,4070.0,6030.0,7930,13700.0,30500.0,
01549760,12-25,,5380.0,7200.0,7540,20200.0,41800.0,
01549760,12-26,,5170.0,6640.0,7790,19100.0,43700.0,
01549760,12-27,,4330.0,6190.0,7710,16000.0,29600.0,
01549760,12-28,,3430.0,5900.0,9470,15800.0,22000.0,
01549760,12-29,,3170.0,5740.0,9570,18300.0,19900.0,
01549760,12-30,,3820.0,7220.0,9740,17100.0,21400.0,
01549760,12-31,,3800.0,9110.0,10300,15900.0,21000.0,
01551500,01-01,1320.0,2050.0,3870.0,7470,12700.0,23500.0,29800.0
01551500,01-02,1260.0,2250.0,4000.0,7000,13300.0,25100.0,35000.0
01551500,01-03,1200.0,2330.0,3800.0,7030,13300.0,24500.0,31700.0
01551500,01-04,1200.0,2340.0,3800.0,7460,12400.0,21900.0,27000.0
01551500,01-05,1260.0,2170.0,3800.0,7000,14100.0,21600.0,27900.0
01551500,01-06,1480.0,2360.0,3910.0,7290,13200.0,22800.0,27700.0
01551500,01-07,1480.0,2420.0,3800.0,7100,13000.0,21400.0,29500.0
01551500,01-08,1680.0,2420.0,4000.0,7350,12100.0,23900.0,38000.0
01551500,01-09,1480.0,2530.0,3980.0,6800,11700.0,23400.0,31800.0
01551500,01-10,1530.0,2560.0,4000.0,6640,10900.0,22800.0,31400.0
01551500,01-11,1460.0,2500.0,3800.0,6160,10300.0,19500.0,34600.0
01551500,01-12,1500.0,2420.0,3910.0,5930,10300.0,20600.0,30100.0
01551500,01-13,1620.0,2400.0,4000.0,6300,11100.0,20800.0,30800.0
01551500,01-14,1720.0,2230.0,3960.0,6280,12000.0,21700.0,32400.0
01551500,01-15,1720.0,2400.0,3800.0,6050,12300.0,20900.0,31400.0
01551500,01-16,1800.0,2400.0,3500.0,6300,12500.0,20100.0,28800.0
01551500,01-17,1620.0,2300.0,3300.0,5900,11500.0,20700.0,26400.0
01551500,01-18,1500.0,2220.0,3300.0,5730,11400.0,19000.0,24700.0
01551500,01-19,1580.0,2250.0,3400.0,6200,12200.0,18600.0,28800.0
01551500,01-20,1600.0,2250.0,3410.0,5730,11200.0,20700.0,29100.0
01551500,01-21,1560.0,2200.0,3600.0,6150,10600.0,25800.0,35600.0
01551500,01-22,1600.0,2120.0,3780.0,6990,11200.0,28300.0,44200.0
01551500,01-23,1630.0,2120.0,4010.0,7100,11400.0,25300.0,40900.0
01551500,01-24,1600.0,2120.0,4000.0,6850,13300.0,28700.0,44100.0
01551500,01-25,1600.0,2290.0,4100.0,6800,15000.0,32200.0,37800.0
01551500,01-26,1560.0,2370.0,4090.0,7530,14500.0,25900.0,34300.0
01551500,01-27,1560.0,2380.0,4130.0,7400,14100.0,25500.0,38500.0
01551500,01-28,1500.0,2490.0,4080.0,6980,13100.0,24300.0,35200.0
01551500,01-29,1500.0,2620.0,4030.0,6630,12900.0,20100.0,32500.0
01551500,01-30,1740.0,2400.0,3900.0,6580,12300.0,20800.0,29000.0
01551500,01-31,1840.0,2640.0,3760.0,6580,11600.0,22300.0,29200.0
01551500,02-01,1860.0,2580.0,3790.0,6510,11700.0,20900.0,24500.0
01551500,02-02,1900.0,2540.0,3510.0,6100,12000.0,18900.0,23600.0
01551500,02-03,1960.0,2620.0,3600.0,6420,11400.0,21700.0,29500.0
01551500,02-04,1870.0,2520.0,3600.0,6020,10200.0,21400.0,30800.0
01551500,02-05,1880.0,2500.0,3700.0,6000,11200.0,20400.0,29500.0
01551500,02-06,1880.0,2610.0,3800.0,6300,11500.0,18700.0,26400.0
01551500,02-07,1880.0,2650.0,3510.0,6800,11200.0,20400.0,24100.0
01551500,02-08,1850.0,2760.0,3680.0,6580,10300.0,19500.0,26000.0
01551500,02-09,1860.0,2610.0,3570.0,6300,10400.0,18800.0,24800.0
01551500,02-10,1880.0,2530.0,3380.0,6300,9790.0,17100.0,24200.0
01551500,02-11,1800.0,2510.0,3160.0,6550,10500.0,16900.0,23300.0
01551500,02-12,1800.0,2410.0,3580.0,6300,10800.0,17900.0,25800.0
01551500,02-13,2020.0,2400.0,3580.0,6130,10600.0,18700.0,25800.0
01551500,02-14,2060.0,2460.0,3860.0,6200,10400.0,20300.0,29800.0
01551500,02-15,1960.0,2680.0,3900.0,6230,12000.0,21800.0,27300.0
01551500,02-16,2000.0,2770.0,4060.0,6350,11900.0,21300.0,33600.0
01551500,02-17,2050.0,2720.0,4180.0,6610,12300.0,22700.0,39100.0
01551500,02-18,2220.0,2760.0,4000.0,6640,13000.0,23800.0,34100.0
01551500,02-19,2380.0,2960.0,3680.0,6680,13000.0,21000.0,30300.0
01551500,02-20,2460.0,3020.0,3800.0,6930,12000.0,21000.0,31500.0
01551500,02-21,2460.0,2900.0,4020.0,7340,12600.0,23100.0,37300.0
01551500,02-22,2420.0,2850.0,4260.0,7200,14400.0,28100.0,38300.0
01551500,02-23,2450.0,2960.0,4260.0,7370,15000.0,29000.0,40000.0
01551500,02-24,2460.0,2960.0,4260.0,7860,17100.0,31600.0,41200.0
01551500,02-25,2500.0,2900.0,4600.0,8600,17800.0,33500.0,48800.0
01551500,02-26,2600.0,3090.0,4730.0,8860,19100.0,33300.0,48900.0
01551500,02-27,2780.0,3030.0,4890.0,8820,16400.0,32800.0,41200.0
01551500,02-28,2600.0,3020.0,5500.0,9730,19900.0,33900.0,44400.0
01551500,02-29,2300.0,2800.0,4510.0,8430,18500.0,26600.0,40300.0
01551500,03-01,2510.0,3050.0,5740.0,9990,22900.0,31700.0,40200.0
01551500,03-02,2380.0,2940.0,5480.0,10300,23700.0,33100.0,46400.0
01551500,03-03,2410.0,2970.0,5570.0,10500,20900.0,29900.0,46100.0
01551500,03-04,2600.0,3460.0,5910.0,11300,20900.0,30800.0,43600.0
01551500,03-05,2790.0,4080.0,6090.0,11200,21900.0,36600.0,58000.0
01551500,03-06,2940.0,4010.0,6580.0,11300,20700.0,44000.0,55500.0
01551500,03-07,3340.0,4230.0,6600.0,11500,23600.0,42500.0,55300.0
01551500,03-08,3360.0,4500.0,6800.0,11500,25500.0,39200.0,64600.0
01551500,03-09,3280.0,4240.0,7020.0,13100,22400.0,36200.0,56000.0
01551500,03-10,3330.0,4830.0,6770.0,12600,21100.0,36200.0,52600.0
01551500,03-11,3530.0,5220.0,8170.0,12800,20200.0,35400.0,46100.0
01551500,03-12,3750.0,4970.0,8810.0,12700,21700.0,33700.0,42800.0
01551500,03-13,3670.0,4710.0,9110.0,14000,23300.0,36200.0,47400.0
01551500,03-14,4180.0,5810.0,9090.0,14600,24300.0,38700.0,50400.0
01551500,03-15,4250.0,5760.0,9610.0,15600,25400.0,41900.0,59900.0
01551500,03-16,4200.0,5750.0,9310.0,15300,25100.0,41400.0,67900.0
01551500,03-17,4810.0,6150.0,8830.0,15900,26100.0,44000.0,57800.0
01551500,03-18,5230.0,6310.0,9030.0,15300,25300.0,43000.0,58500.0
01551500,03-19,5040.0,6240.0,9020.0,14800,25300.0,35300.0,49200.0
01551500,03-20,5350.0,6460.0,9360.0,14200,23800.0,35700.0,42100.0
01551500,03-21,5340.0,6860.0,9510.0,14900,22700.0,42600.0,53400.0
01551500,03-22,5470.0,7060.0,9700.0,16000,23800.0,41000.0,56100.0
01551500,03-23,5320.0,6750.0,10100.0,14800,27200.0,41300.0,52400.0
01551500,03-24,5480.0,6890.0,10400.0,14600,25600.0,42900.0,50800.0
01551500,03-25,5450.0,7220.0,10600.0,15100,26500.0,39600.0,46600.0
01551500,03-26,5480.0,7570.0,11200.0,15800,24800.0,40200.0,49300.0
01551500,03-27,5590.0,8060.0,11800.0,16500,24100.0,41800.0,48900.0
01551500,03-28,6240.0,8400.0,11500.0,16200,24500.0,43500.0,54800.0
01551500,03-29,6270.0,8640.0,11300.0,16700,26300.0,39300.0,60200.0
01551500,03-30,6300.0,8090.0,11000.0,16300,27900.0,44300.0,54300.0
01551500,03-31,6440.0,8040.0,11000.0,15200,27800.0,47400.0,75900.0
01551500,04-01,6850.0,7700.0,10800.0,15500,25900.0,43900.0,76700.0
01551500,04-02,6600.0,7280.0,11200.0,15900,26200.0,48500.0,68600.0
01551500,04-03,6360.0,7300.0,11100.0,16200,26100.0,49500.0,61400.0
01551500,04-04,5880.0,7430.0,11300.0,16100,26900.0,43300.0,64500.0
01551500,04-05,5810.0,7040.0,10500.0,17100,27500.0,45500.0,60000.0
01551500,04-06,6220.0,7450.0,10000.0,16700,27900.0,47300.0,55300.0
01551500,04-07,6080.0,7270.0,10100.0,16800,27900.0,40600.0,58900.0
01551500,04-08,6250.0,7620.0,9660.0,17200,26600.0,40700.0,50500.0
01551500,04-09,6480.0,7490.0,9830.0,17000,24300.0,38300.0,48000.0
01551500,04-10,6420.0,7330.0,10600.0,16700,24800.0,36000.0,41600.0
01551500,04-11,6160.0,7180.0,10900.0,16100,23500.0,36400.0,44900.0
01551500,04-12,6060.0,6840.0,10900.0,15500,23800.0,32500.0,39300.0
01551500,04-13,5800.0,6860.0,10600.0,15600,22400.0,30800.0,36300.0
01551500,04-14,6010.0,6650.0,10000.0,14600,23000.0,29000.0,36500.0
01551500,04-15,5810.0,6800.0,9560.0,14200,22800.0,35400.0,41800.0
01551500,04-16,5620.0,6780.0,9380.0,14000,22200.0,32900.0,44800.0
01551500,04-17,5310.0,6360.0,9330.0,14500,22300.0,35100.0,45500.0
01551500,04-18,5080.0,6070.0,8830.0,14000,21200.0,32900.0,41300.0
01551500,04-19,5090.0,5910.0,8320.0,14100,19200.0,28300.0,34200.0
01551500,04-20,4860.0,5820.0,7880.0,13400,19200.0,27000.0,29700.0
01551500,04-21,4640.0,5480.0,7860.0,12300,18700.0,25300.0,33300.0
01551500,04-22,4620.0,5430.0,8140.0,11700,17300.0,25200.0,37700.0
01551500,04-23,4290.0,5210.0,7850.0,11600,17100.0,25300.0,38000.0
01551500,04-24,4350.0,5240.0,7670.0,11600,16600.0,25800.0,35800.0
01551500,04-25,4280.0,5310.0,7710.0,11200,17000.0,25600.0,30900.0
01551500,04-26,4500.0,5110.0,7410.0,11500,15900.0,25200.0,32100.0
01551500,04-27,4510.0,4950.0,7090.0,10800,16000.0,24600.0,31500.0
01551500,04-28,4540.0,5010.0,6960.0,10300,16500.0,25000.0,27900.0
01551500,04-29,4620.0,4940.0,6560.0,9980,16800.0,23400.0,33000.0
01551500,04-30,4510.0,5130.0,6680.0,9510,16600.0,25400.0,37800.0
01551500,05-01,4480.0,4970.0,6390.0,9900,16100.0,28600.0,38800.0
01551500,05-02,4480.0,4860.0,6280.0,9960,15400.0,25200.0,31900.0
01551500,05-03,4470.0,4740.0,6140.0,9690,15100.0,22400.0,29800.0
01551500,05-04,4170.0,4730.0,6080.0,9480,15900.0,22700.0,28600.0
01551500,05-05,4140.0,4750.0,5940.0,9670,15200.0,21600.0,26000.0
01551500,05-06,4010.0,4500.0,5940.0,9290,14600.0,22800.0,29200.0
01551500,05-07,3800.0,4470.0,5930.0,9390,14300.0,22800.0,25100.0
01551500,05-08,3660.0,4430.0,5830.0,8960,13800.0,21900.0,36200.0
01551500,05-09,3880.0,4450.0,5970.0,8940,14800.0,24200.0,31200.0
01551500,05-10,3680.0,4220.0,6040.0,8670,15700.0,25500.0,34700.0
01551500,05-11,3560.0,4070.0,6030.0,8620,16200.0,27200.0,41100.0
01551500,05-12,3300.0,4170.0,6120.0,8700,16100.0,27500.0,39100.0
01551500,05-13,3180.0,4230.0,6010.0,9100,17200.0,30400.0,43600.0
01551500,05-14,3130.0,3970.0,5730.0,9300,16700.0,32700.0,40100.0
01551500,05-15,3020.0,3890.0,5450.0,8660,17300.0,27400.0,37700.0
01551500,05-16,2980.0,3720.0,5390.0,8710,17800.0,27800.0,31600.0
01551500,05-17,2880.0,3540.0,5580.0,8970,16700.0,23600.0,30400.0
01551500,05-18,2770.0,3440.0,5520.0,8920,15400.0,23900.0,31200.0
01551500,05-19,2640.0,3380.0,5400.0,9440,15900.0,23300.0,32200.0
01551500,05-20,2510.0,3600.0,5630.0,9350,16000.0,23600.0,28400.0
01551500,05-21,2540.0,3550.0,5470.0,9630,17200.0,24100.0,28400.0
01551500,05-22,2500.0,3630.0,5470.0,9050,16200.0,24200.0,32600.0
01551500,05-23,2600.0,3560.0,5440.0,9170,15300.0,27900.0,37800.0
01551500,05-24,2450.0,3470.0,5330.0,9080,14000.0,28300.0,38500.0
01551500,05-25,2470.0,3320.0,5340.0,8390,15700.0,24300.0,31600.0
01551500,05-26,2440.0,3290.0,5230.0,8070,15300.0,22300.0,30400.0
01551500,05-27,2470.0,3350.0,4740.0,7900,14700.0,22800.0,26800.0
01551500,05-28,2340.0,3110.0,4720.0,7780,13900.0,20300.0,25700.0
01551500,05-29,2310.0,2980.0,4720.0,7950,13100.0,19100.0,26900.0
01551500,05-30,2280.0,2880.0,4460.0,7650,13100.0,19200.0,24800.0
01551500,05-31,2330.0,2820.0,4220.0,7350,11500.0,17800.0,33100.0
01551500,06-01,2260.0,2730.0,4120.0,6880,10200.0,16100.0,28700.0
01551500,06-02,2250.0,2650.0,4070.0,6420,10300.0,15600.0,24400.0
01551500,06-03,2140.0,2540.0,3950.0,6110,9930.0,17100.0,23400.0
01551500,06-04,2020.0,2470.0,3920.0,5870,9320.0,16100.0,23200.0
01551500,06-05,2020.0,2340.0,4040.0,6020,9400.0,16500.0,19900.0
01551500,06-06,1960.0,2370.0,3760.0,5760,10300.0,16000.0,19100.0
01551500,06-07,1870.0,2510.0,3560.0,5420,9060.0,14500.0,20400.0
01551500,06-08,1820.0,2510.0,3440.0,5230,8870.0,15700.0,22100.0
01551500,06-09,1880.0,2520.0,3310.0,5030,8380.0,15600.0,23600.0
01551500,06-10,1840.0,2470.0,3510.0,4940,7900.0,13900.0,18500.0
01551500,06-11,1760.0,2360.0,3360.0,5220,8320.0,12000.0,15600.0
01551500,06-12,1820.0,2260.0,3220.0,4980,7920.0,11800.0,14000.0
01551500,06-13,1840.0,2260.0,3090.0,4880,7850.0,11800.0,18100.0
01551500,06-14,1790.0,2140.0,2960.0,4800,7750.0,13100.0,17300.0
01551500,06-15,1810.0,2140.0,2850.0,4660,7740.0,13900.0,19400.0
01551500,06-16,1790.0,2090.0,2830.0,4700,7600.0,15300.0,21900.0
01551500,06-17,1690.0,2050.0,2790.0,4530,7560.0,14100.0,19600.0
01551500,06-18,1710.0,2020.0,2850.0,4500,7700.0,13700.0,16600.0
01551500,06-19,1660.0,1950.0,2730.0,4520,7410.0,12400.0,17900.0
01551500,06-20,1560.0,1870.0,2720.0,4250,7900.0,11300.0,21500.0
01551500,06-21,1510.0,1800.0,2720.0,4180,7640.0,11700.0,24900.0
01551500,06-22,1440.0,1720.0,2510.0,4110,6810.0,14600.0,23000.0
01551500,06-23,1480.0,1670.0,2520.0,3790,6890.0,14400.0,19700.0
01551500,06-24,1460.0,1710.0,2340.0,3610,6590.0,12500.0,17100.0
01551500,06-25,1440.0,1650.0,2300.0,3520,6700.0,10600.0,17400.0
01551500,06-26,1430.0,1780.0,2380.0,3450,6170.0,10500.0,18600.0
01551500,06-27,1350.0,1740.0,2300.0,3470,5920.0,10500.0,14400.0
01551500,06-28,1350.0,1570.0,2140.0,3340,6730.0,11800.0,15200.0
01551500,06-29,1380.0,1490.0,2050.0,3610,6260.0,12100.0,16500.0
01551500,06-30,1260.0,1500.0,2130.0,3360,6350.0,10800.0,16000.0
01551500,07-01,1160.0,1460.0,2110.0,3410,6040.0,11500.0,19900.0
01551500,07-02,1120.0,1460.0,2070.0,3560,5760.0,9820.0,22500.0
01551500,07-03,1100.0,1400.0,2010.0,3560,5380.0,10900.0,17200.0
01551500,07-04,1050.0,1370.0,1960.0,3120,5240.0,12100.0,17100.0
01551500,07-05,1110.0,1400.0,1950.0,2950,4810.0,9690.0,16600.0
01551500,07-06,1090.0,1330.0,1960.0,2770,4600.0,9490.0,15000.0
01551500,07-07,1080.0,1330.0,1900.0,2810,4300.0,9100.0,15100.0
01551500,07-08,1110.0,1280.0,1780.0,2700,4150.0,9130.0,13400.0
01551500,07-09,1100.0,1280.0,1780.0,2680,4020.0,8990.0,19400.0
01551500,07-10,1080.0,1270.0,1780.0,2590,4190.0,8610.0,16700.0
01551500,07-11,1020.0,1220.0,1720.0,2580,4260.0,8080.0,18000.0
01551500,07-12,1020.0,1230.0,1630.0,2550,4480.0,8130.0,15300.0
01551500,07-13,1070.0,1200.0,1640.0,2480,4380.0,10300.0,14500.0
01551500,07-14,924.0,1180.0,1580.0,2400,4150.0,9710.0,13100.0
01551500,07-15,920.0,1130.0,1460.0,2420,4140.0,9810.0,12000.0
01551500,07-16,925.0,1050.0,1440.0,2340,4660.0,8390.0,11800.0
01551500,07-17,916.0,1030.0,1440.0,2200,4300.0,7550.0,11000.0
01551500,07-18,904.0,1050.0,1410.0,2320,4070.0,7220.0,9370.0
01551500,07-19,821.0,1020.0,1340.0,2280,3990.0,7140.0,13300.0
01551500,07-20,855.0,1040.0,1330.0,2200,4070.0,8180.0,11800.0
01551500,07-21,846.0,1040.0,1400.0,2200,3970.0,9560.0,14600.0
01551500,07-22,817.0,1040.0,1400.0,2200,3860.0,9960.0,14700.0
01551500,07-23,812.0,1020.0,1440.0,2220,4280.0,9590.0,13400.0
01551500,07-24,776.0,955.0,1440.0,2180,4540.0,10600.0,12100.0
01551500,07-25,758.0,932.0,1520.0,2220,5020.0,8680.0,12500.0
01551500,07-26,786.0,941.0,1390.0,2320,4270.0,8050.0,9760.0
01551500,07-27,773.0,934.0,1390.0,2300,4420.0,7030.0,9820.0
01551500,07-28,789.0,943.0,1270.0,2200,4620.0,7090.0,9620.0
01551500,07-29,803.0,939.0,1300.0,2110,4080.0,7000.0,12600.0
01551500,07-30,836.0,926.0,1200.0,2060,3900.0,6300.0,12000.0
01551500,07-31,819.0,911.0,1210.0,2220,3840.0,5790.0,9660.0
01551500,08-01,788.0,895.0,1180.0,2190,3730.0,5510.0,11300.0
01551500,08-02,774.0,859.0,1180.0,2020,3520.0,5150.0,13700.0
01551500,08-03,769.0,855.0,1180.0,1970,3250.0,5330.0,11400.0
01551500,08-04,720.0,832.0,1130.0,1950,3150.0,5240.0,9700.0
01551500,08-05,717.0,830.0,1110.0,1930,3340.0,5870.0,8410.0
01551500,08-06,696.0,813.0,1090.0,1870,3260.0,5890.0,8500.0
01551500,08-07,687.0,777.0,1090.0,1820,3340.0,5660.0,8990.0
01551500,08-08,716.0,797.0,1090.0,1990,3360.0,6500.0,9390.0
01551500,08-09,717.0,800.0,1060.0,1850,3360.0,7490.0,11900.0
01551500,08-10,706.0,768.0,1050.0,1910,3220.0,6640.0,10100.0
01551500,08-11,680.0,828.0,1120.0,1820,3270.0,6440.0,9220.0
01551500,08-12,666.0,785.0,1150.0,1900,3910.0,6000.0,8890.0
01551500,08-13,677.0,798.0,1200.0,1920,3810.0,7490.0,11500.0
01551500,08-14,746.0,847.0,1230.0,1860,3660.0,7410.0,11600.0
01551500,08-15,684.0,830.0,1230.0,1780,3460.0,6990.0,13100.0
01551500,08-16,650.0,788.0,1090.0,1710,3270.0,6040.0,11000.0
01551500,08-17,633.0,827.0,1090.0,1740,3300.0,6390.0,10100.0
01551500,08-18,707.0,810.0,1050.0,1660,3090.0,6160.0,11500.0
01551500,08-19,708.0,805.0,1050.0,1700,3500.0,7330.0,11600.0
01551500,08-20,710.0,797.0,1060.0,1680,3090.0,6580.0,12500.0
01551500,08-21,686.0,783.0,1050.0,1630,3120.0,6580.0,11100.0
01551500,08-22,671.0,778.0,988.0,1640,3120.0,6230.0,9200.0
01551500,08-23,664.0,748.0,950.0,1680,3080.0,6450.0,9780.0
01551500,08-24,672.0,776.0,955.0,1700,3220.0,7940.0,9410.0
01551500,08-25,675.0,755.0,948.0,1690,3180.0,6000.0,8680.0
01551500,08-26,641.0,742.0,970.0,1650,3080.0,5100.0,7520.0
01551500,08-27,634.0,736.0,962.0,1610,3020.0,5550.0,8960.0
01551500,08-28,630.0,722.0,975.0,1570,3370.0,5200.0,7580.0
01551500,08-29,642.0,697.0,964.0,1580,3430.0,6290.0,8350.0
01551500,08-30,631.0,700.0,1000.0,1520,3270.0,6360.0,11800.0
01551500,08-31,599.0,660.0,1060.0,1660,3030.0,5710.0,8600.0
01551500,09-01,599.0,654.0,1000.0,1610,2990.0,6560.0,8670.0
01551500,09-02,582.0,660.0,960.0,1530,3080.0,5290.0,8390.0
01551500,09-03,578.0,633.0,934.0,1440,2990.0,6120.0,8480.0
01551500,09-04,598.0,640.0,927.0,1420,3080.0,6310.0,13800.0
01551500,09-05,590.0,655.0,914.0,1380,3160.0,5390.0,11500.0
01551500,09-06,548.0,636.0,904.0,1430,3110.0,5930.0,10500.0
01551500,09-07,557.0,632.0,924.0,1410,2890.0,5980.0,11300.0
01551500,09-08,570.0,609.0,904.0,1400,2910.0,5670.0,9960.0
01551500,09-09,566.0,635.0,882.0,1320,2580.0,5840.0,9860.0
01551500,09-10,561.0,661.0,889.0,1440,2540.0,6060.0,9260.0
01551500,09-11,554.0,633.0,856.0,1390,2590.0,6010.0,7990.0
01551500,09-12,533.0,630.0,861.0,1490,3190.0,6450.0,8100.0
01551500,09-13,515.0,659.0,871.0,1450,2770.0,6290.0,7550.0
01551500,09-14,524.0,651.0,897.0,1460,3000.0,5930.0,9300.0
01551500,09-15,541.0,653.0,890.0,1460,2650.0,5840.0,9200.0
01551500,09-16,502.0,651.0,881.0,1510,2400.0,5860.0,9600.0
01551500,09-17,506.0,700.0,880.0,1460,2650.0,5460.0,10300.0
01551500,09-18,502.0,711.0,850.0,1450,2960.0,5920.0,9610.0
01551500,09-19,502.0,702.0,838.0,1330,3050.0,6690.0,13300.0
01551500,09-20,513.0,656.0,840.0,1320,3100.0,6070.0,14000.0
01551500,09-21,547.0,644.0,862.0,1250,3300.0,6100.0,12400.0
01551500,09-22,517.0,634.0,839.0,1300,3130.0,6870.0,12400.0
01551500,09-23,498.0,627.0,890.0,1380,3050.0,8120.0,14100.0
01551500,09-24,524.0,627.0,941.0,1460,2950.0,7300.0,12100.0
01551500,09-25,491.0,631.0,936.0,1400,2950.0,8860.0,13200.0
01551500,09-26,491.0,643.0,930.0,1420,3080.0,7790.0,19000.0
01551500,09-27,512.0,634.0,934.0,1440,2890.0,7670.0,15500.0
01551500,09-28,498.0,630.0,930.0,1440,2930.0,7090.0,16600.0
01551500,09-29,557.0,633.0,875.0,1620,3460.0,9880.0,15400.0
01551500,09-30,590.0,640.0,864.0,1860,3940.0,10700.0,19400.0
01551500,10-01,614.0,644.0,910.0,1740,4620.0,13900.0,22200.0
01551500,10-02,599.0,664.0,972.0,1810,3810.0,12000.0,20300.0
01551500,10-03,569.0,680.0,975.0,1790,4300.0,10600.0,16100.0
01551500,10-04,566.0,692.0,944.0,1750,4210.0,9150.0,15100.0
01551500,10-05,590.0,678.0,922.0,1650,4680.0,8010.0,13200.0
01551500,10-06,615.0,694.0,970.0,1780,4130.0,7960.0,12800.0
01551500,10-07,621.0,703.0,939.0,1780,3800.0,7550.0,12100.0
01551500,10-08,617.0,701.0,987.0,1960,3790.0,6710.0,10300.0
01551500,10-09,607.0,686.0,1030.0,1870,3860.0,7500.0,12400.0
01551500,10-10,606.0,686.0,1020.0,1900,3580.0,7440.0,11900.0
01551500,10-11,593.0,711.0,1020.0,1750,3270.0,6910.0,12700.0
01551500,10-12,588.0,715.0,996.0,1940,2960.0,7600.0,16000.0
01551500,10-13,595.0,698.0,994.0,1950,3370.0,8030.0,14900.0
01551500,10-14,582.0,680.0,970.0,1920,3280.0,9060.0,14300.0
01551500,10-15,589.0,646.0,972.0,1900,3150.0,7230.0,15000.0
01551500,10-16,583.0,666.0,970.0,1920,3420.0,7200.0,13200.0
01551500,10-17,571.0,640.0,975.0,1860,3600.0,7950.0,16200.0
01551500,10-18,573.0,654.0,970.0,1900,3950.0,10200.0,16500.0
01551500,10-19,576.0,652.0,970.0,1960,4280.0,11400.0,15700.0
01551500,10-20,581.0,675.0,970.0,2010,4770.0,12300.0,17900.0
01551500,10-21,600.0,714.0,1030.0,2010,5760.0,16400.0,23600.0
01551500,10-22,568.0,714.0,1080.0,1940,5730.0,16500.0,22600.0
01551500,10-23,598.0,725.0,1040.0,2100,6280.0,15900.0,21400.0
01551500,10-24,618.0,715.0,1110.0,2140,6500.0,13900.0,17100.0
01551500,10-25,611.0,725.0,1230.0,2250,6290.0,13500.0,19000.0
01551500,10-26,602.0,780.0,1320.0,2400,6050.0,12400.0,19700.0
01551500,10-27,602.0,816.0,1360.0,2620,6000.0,13100.0,18700.0
01551500,10-28,624.0,808.0,1380.0,2510,6130.0,14100.0,17800.0
01551500,10-29,621.0,835.0,1370.0,2510,6660.0,13600.0,18500.0
01551500,10-30,655.0,760.0,1440.0,2960,7170.0,13900.0,21800.0
01551500,10-31,638.0,754.0,1410.0,2880,6750.0,14300.0,28800.0
01551500,11-01,667.0,824.0,1370.0,2760,6460.0,14200.0,23100.0
01551500,11-02,680.0,826.0,1440.0,3200,6520.0,14800.0,20600.0
01551500,11-03,690.0,805.0,1440.0,3270,6870.0,14200.0,20100.0
01551500,11-04,679.0,777.0,1490.0,3410,7620.0,14000.0,17100.0
01551500,11-05,660.0,777.0,1510.0,3520,7560.0,13900.0,18300.0
01551500,11-06,652.0,769.0,1510.0,3460,8100.0,12800.0,19500.0
01551500,11-07,672.0,784.0,1550.0,3660,7910.0,12900.0,20200.0
01551500,11-08,700.0,805.0,1610.0,3620,7570.0,11800.0,18400.0
01551500,11-09,703.0,793.0,1600.0,3660,7790.0,11400.0,17100.0
01551500,11-10,703.0,926.0,1690.0,3860,8030.0,12100.0,21000.0
01551500,11-11,733.0,928.0,1690.0,4220,8000.0,12500.0,24100.0
01551500,11-12,729.0,910.0,1880.0,4300,8730.0,12900.0,22900.0
01551500,11-13,738.0,982.0,1900.0,4710,8720.0,17300.0,21200.0
01551500,11-14,726.0,968.0,1910.0,4770,8530.0,18500.0,23800.0
01551500,11-15,728.0,1080.0,1970.0,4470,7770.0,17900.0,19900.0
01551500,11-16,759.0,1060.0,2090.0,4520,7990.0,16400.0,19100.0
01551500,11-17,763.0,1090.0,2000.0,4440,8710.0,15300.0,21100.0
01551500,11-18,767.0,1060.0,1990.0,4750,8840.0,17100.0,28400.0
01551500,11-19,827.0,1020.0,2220.0,4770,9390.0,15500.0,32000.0
01551500,11-20,886.0,1110.0,2190.0,5120,9880.0,18900.0,26900.0
01551500,11-21,912.0,1160.0,2300.0,4930,9830.0,17600.0,22100.0
01551500,11-22,930.0,1240.0,2230.0,5330,9580.0,16700.0,19500.0
01551500,11-23,901.0,1270.0,2300.0,5530,9640.0,15100.0,18600.0
01551500,11-24,890.0,1280.0,2640.0,5550,9470.0,14600.0,18200.0
01551500,11-25,930.0,1270.0,2870.0,5830,9030.0,14900.0,19700.0
01551500,11-26,1060.0,1250.0,2950.0,5620,9020.0,16400.0,22000.0
01551500,11-27,1040.0,1330.0,3150.0,5820,9170.0,16700.0,28300.0
01551500,11-28,941.0,1240.0,3190.0,5890,10100.0,20000.0,42300.0
01551500,11-29,922.0,1290.0,3380.0,5660,11200.0,29800.0,42400.0
01551500,11-30,981.0,1580.0,3460.0,5400,11800.0,26700.0,37700.0
01551500,12-01,932.0,1450.0,3370.0,5250,12000.0,24300.0,34900.0
01551500,12-02,925.0,1320.0,3310.0,5260,12800.0,20800.0,33100.0
01551500,12-03,872.0,1430.0,3380.0,5100,11200.0,22000.0,31400.0
01551500,12-04,974.0,1430.0,3270.0,5320,11100.0,23600.0,27500.0
01551500,12-05,964.0,1790.0,3000.0,5420,11400.0,20700.0,25900.0
01551500,12-06,989.0,1930.0,3140.0,5550,11300.0,20000.0,24800.0
01551500,12-07,1120.0,1900.0,3210.0,5690,11300.0,18700.0,22600.0
01551500,12-08,1310.0,1840.0,3160.0,5780,11200.0,17000.0,25400.0
01551500,12-09,1220.0,2040.0,3270.0,6080,10500.0,16500.0,23700.0
01551500,12-10,1110.0,1840.0,3460.0,6820,10400.0,16300.0,22900.0
01551500,12-11,1200.0,1800.0,3500.0,7030,11400.0,21400.0,25000.0
01551500,12-12,1230.0,1730.0,3250.0,6930,11300.0,20500.0,25300.0
01551500,12-13,1060.0,1710.0,3600.0,6790,12000.0,20400.0,23400.0
01551500,12-14,1190.0,1650.0,3500.0,7170,13400.0,18700.0,26300.0
01551500,12-15,1090.0,1710.0,3200.0,6840,12800.0,19900.0,26900.0
01551500,12-16,1040.0,1760.0,3200.0,6690,12800.0,21600.0,27000.0
01551500,12-17,1050.0,1710.0,3200.0,7000,12700.0,19800.0,28100.0
01551500,12-18,1090.0,1700.0,3430.0,7700,13200.0,21300.0,25900.0
01551500,12-19,1100.0,1880.0,3500.0,7320,13600.0,20000.0,24800.0
01551500,12-20,1070.0,1850.0,3790.0,6580,12500.0,17700.0,25500.0
01551500,12-21,1050.0,1730.0,3770.0,6910,11200.0,18300.0,24700.0
01551500,12-22,1050.0,1800.0,3860.0,7120,11500.0,19900.0,25800.0
01551500,12-23,1150.0,2000.0,3930.0,7140,10900.0,19900.0,24100.0
01551500,12-24,1200.0,2020.0,4240.0,6910,12800.0,23900.0,31600.0
01551500,12-25,1140.0,1940.0,3900.0,7340,13100.0,24800.0,32300.0
01551500,12-26,1120.0,2010.0,3820.0,7000,13000.0,23200.0,30300.0
01551500,12-27,1170.0,2020.0,3910.0,7080,12100.0,20100.0,26900.0
01551500,12-28,1120.0,2100.0,3600.0,6750,12000.0,19500.0,22400.0
01551500,12-29,1210.0,2200.0,3700.0,6850,12000.0,19100.0,21900.0
01551500,12-30,1570.0,2020.0,3700.0,7260,13200.0,21200.0,24900.0
01551500,12-31,1680.0,2120.0,3900.0,6800,12500.0,20300.0,30100.0
01552000,01-01,130.0,191.0,285.0,558,1070.0,1760.0,2270.0
01552000,01-02,131.0,201.0,312.0,535,1080.0,1960.0,2370.0
01552000,01-03,130.0,182.0,302.0,561,959.0,1670.0,2230.0
01552000,01-04,131.0,191.0,300.0,619,1030.0,1490.0,2190.0
01552000,01-05,141.0,190.0,261.0,607,952.0,1820.0,2170.0
01552000,01-06,141.0,190.0,270.0,574,953.0,2010.0,2490.0
01552000,01-07,150.0,185.0,260.0,573,922.0,1830.0,2390.0
01552000,01-08,140.0,180.0,252.0,556,854.0,1580.0,2840.0
01552000,01-09,150.0,175.0,292.0,514,935.0,1730.0,2320.0
01552000,01-10,150.0,174.0,285.0,521,902.0,1590.0,2520.0
01552000,01-11,150.0,170.0,290.0,470,871.0,1570.0,3190.0
01552000,01-12,141.0,170.0,292.0,499,843.0,1500.0,1910.0
01552000,01-13,141.0,171.0,292.0,468,873.0,1530.0,2420.0
01552000,01-14,140.0,176.0,282.0,499,880.0,1730.0,2290.0
01552000,01-15,139.0,171.0,282.0,514,1000.0,1550.0,2230.0
01552000,01-16,135.0,170.0,282.0,525,997.0,1560.0,2130.0
01552000,01-17,131.0,175.0,279.0,465,907.0,1440.0,1610.0
01552000,01-18,140.0,191.0,276.0,445,800.0,1280.0,1710.0
01552000,01-19,131.0,191.0,270.0,500,885.0,1300.0,1680.0
01552000,01-20,120.0,182.0,267.0,492,823.0,1330.0,2090.0
01552000,01-21,126.0,182.0,282.0,550,766.0,1670.0,2630.0
01552000,01-22,137.0,170.0,273.0,514,754.0,1810.0,3480.0
01552000,01-23,140.0,190.0,259.0,514,850.0,1890.0,3100.0
01552000,01-24,136.0,190.0,281.0,503,946.0,2090.0,3760.0
01552000,01-25,138.0,180.0,273.0,579,1040.0,3010.0,5370.0
01552000,01-26,129.0,178.0,263.0,548,1040.0,2640.0,3520.0
01552000,01-27,141.0,170.0,250.0,537,1110.0,2250.0,3290.0
01552000,01-28,121.0,168.0,250.0,559,1040.0,2020.0,3140.0
01552000,01-29,131.0,155.0,240.0,523,995.0,1750.0,2570.0
01552000,01-30,121.0,151.0,280.0,483,984.0,1590.0,2390.0
01552000,01-31,130.0,151.0,250.0,458,885.0,1440.0,2210.0
01552000,02-01,125.0,158.0,245.0,490,885.0,1600.0,1920.0
01552000,02-02,130.0,163.0,255.0,508,863.0,1820.0,2600.0
01552000,02-03,130.0,171.0,260.0,466,830.0,1650.0,2780.0
01552000,02-04,120.0,161.0,265.0,484,872.0,1380.0,3250.0
01552000,02-05,130.0,161.0,253.0,467,842.0,1240.0,2410.0
01552000,02-06,141.0,171.0,235.0,477,733.0,1460.0,1880.0
01552000,02-07,150.0,173.0,250.0,431,726.0,1670.0,2210.0
01552000,02-08,141.0,170.0,250.0,429,693.0,1600.0,2600.0
01552000,02-09,131.0,170.0,242.0,425,630.0,1280.0,1760.0
01552000,02-10,126.0,170.0,242.0,450,667.0,1450.0,1670.0
01552000,02-11,132.0,170.0,244.0,419,708.0,1540.0,2680.0
01552000,02-12,145.0,171.0,230.0,409,855.0,1550.0,2210.0
01552000,02-13,141.0,178.0,242.0,409,716.0,1530.0,2030.0
01552000,02-14,160.0,188.0,260.0,453,715.0,1450.0,1790.0
01552000,02-15,151.0,200.0,270.0,450,855.0,1380.0,2910.0
01552000,02-16,160.0,190.0,300.0,450,921.0,1730.0,3090.0
01552000,02-17,160.0,179.0,273.0,450,868.0,1750.0,2710.0
01552000,02-18,160.0,172.0,280.0,441,834.0,1840.0,2990.0
01552000,02-19,150.0,180.0,280.0,447,908.0,1730.0,3510.0
01552000,02-20,150.0,193.0,280.0,449,995.0,1640.0,3360.0
01552000,02-21,150.0,201.0,280.0,450,1190.0,2190.0,3350.0
01552000,02-22,171.0,200.0,286.0,525,1190.0,2790.0,3870.0
01552000,02-23,171.0,201.0,312.0,588,1180.0,2290.0,3330.0
01552000,02-24,170.0,201.0,339.0,603,1240.0,2090.0,3430.0
01552000,02-25,173.0,190.0,320.0,608,1300.0,2250.0,4690.0
01552000,02-26,168.0,190.0,321.0,574,1140.0,2280.0,3680.0
01552000,02-27,159.0,191.0,329.0,573,1360.0,2550.0,3660.0
01552000,02-28,160.0,190.0,340.0,677,1360.0,2180.0,3290.0
01552000,02-29,121.0,172.0,309.0,640,1230.0,2820.0,3480.0
01552000,03-01,161.0,193.0,361.0,690,1230.0,2280.0,3190.0
01552000,03-02,161.0,207.0,361.0,656,1200.0,2140.0,3870.0
01552000,03-03,180.0,203.0,347.0,624,1200.0,1980.0,3020.0
01552000,03-04,171.0,249.0,389.0,670,1260.0,2270.0,3780.0
01552000,03-05,190.0,240.0,392.0,690,1420.0,2480.0,6050.0
01552000,03-06,210.0,235.0,403.0,746,1450.0,3650.0,5450.0
01552000,03-07,194.0,241.0,400.0,676,1370.0,3160.0,3990.0
01552000,03-08,235.0,268.0,452.0,720,1560.0,2570.0,4210.0
01552000,03-09,212.0,269.0,421.0,789,1640.0,3010.0,4040.0
01552000,03-10,232.0,282.0,412.0,824,1400.0,2430.0,4210.0
01552000,03-11,257.0,296.0,453.0,807,1470.0,2610.0,3680.0
01552000,03-12,234.0,277.0,485.0,851,1590.0,2770.0,4450.0
01552000,03-13,230.0,280.0,505.0,855,1530.0,2460.0,4260.0
01552000,03-14,222.0,325.0,578.0,1010,1430.0,2610.0,4230.0
01552000,03-15,231.0,311.0,582.0,1010,1620.0,2840.0,5600.0
01552000,03-16,275.0,354.0,626.0,993,1700.0,3070.0,5040.0
01552000,03-17,301.0,369.0,674.0,996,1780.0,3520.0,5890.0
01552000,03-18,301.0,372.0,637.0,922,1820.0,3360.0,4270.0
01552000,03-19,298.0,380.0,612.0,1010,1600.0,3030.0,3450.0
01552000,03-20,339.0,386.0,630.0,996,1520.0,2630.0,4140.0
01552000,03-21,341.0,402.0,648.0,1020,1640.0,2710.0,4550.0
01552000,03-22,351.0,416.0,652.0,1080,1970.0,3580.0,6550.0
01552000,03-23,346.0,425.0,629.0,1030,1890.0,3250.0,3830.0
01552000,03-24,353.0,462.0,722.0,1020,1790.0,3180.0,4180.0
01552000,03-25,339.0,470.0,798.0,1110,1710.0,2960.0,3940.0
01552000,03-26,334.0,488.0,809.0,1200,1870.0,3050.0,3650.0
01552000,03-27,329.0,521.0,831.0,1190,1810.0,3060.0,3790.0
01552000,03-28,343.0,521.0,854.0,1210,1790.0,2760.0,4980.0
01552000,03-29,388.0,546.0,784.0,1110,1630.0,2810.0,6340.0
01552000,03-30,456.0,565.0,769.0,1060,1720.0,4090.0,5130.0
01552000,03-31,462.0,546.0,782.0,1040,1870.0,3490.0,4780.0
01552000,04-01,434.0,534.0,773.0,1120,2050.0,4150.0,8200.0
01552000,04-02,461.0,598.0,779.0,1180,2330.0,4730.0,6100.0
01552000,04-03,447.0,588.0,809.0,1310,2160.0,4710.0,6170.0
01552000,04-04,426.0,554.0,785.0,1300,2360.0,4670.0,7060.0
01552000,04-05,440.0,523.0,793.0,1270,2650.0,4440.0,8190.0
01552000,04-06,450.0,533.0,752.0,1300,2240.0,4430.0,5520.0
01552000,04-07,467.0,534.0,723.0,1400,2240.0,3990.0,6210.0
01552000,04-08,443.0,515.0,751.0,1330,2190.0,3480.0,4500.0
01552000,04-09,461.0,498.0,711.0,1140,1980.0,3040.0,3960.0
01552000,04-10,435.0,487.0,789.0,1130,1880.0,3270.0,3950.0
01552000,04-11,405.0,477.0,727.0,1170,1850.0,3020.0,3600.0
01552000,04-12,394.0,455.0,722.0,1270,1930.0,2610.0,3520.0
01552000,04-13,394.0,506.0,733.0,1290,1900.0,2370.0,3040.0
01552000,04-14,369.0,475.0,725.0,1220,1730.0,2340.0,2930.0
01552000,04-15,352.0,444.0,705.0,1100,1800.0,2600.0,3640.0
01552000,04-16,363.0,438.0,720.0,1070,1620.0,2830.0,3930.0
01552000,04-17,338.0,451.0,713.0,1040,1840.0,3380.0,5710.0
01552000,04-18,327.0,441.0,694.0,983,1610.0,3210.0,4010.0
01552000,04-19,319.0,400.0,644.0,914,1480.0,2490.0,2890.0
01552000,04-20,300.0,376.0,584.0,1020,1570.0,2330.0,3240.0
01552000,04-21,279.0,352.0,552.0,941,1600.0,2210.0,4790.0
01552000,04-22,296.0,342.0,603.0,918,1460.0,2670.0,3490.0
01552000,04-23,328.0,385.0,604.0,871,1410.0,2380.0,3380.0
01552000,04-24,326.0,404.0,559.0,879,1380.0,2250.0,2840.0
01552000,04-25,332.0,405.0,567.0,841,1370.0,2240.0,2700.0
01552000,04-26,370.0,455.0,576.0,854,1340.0,2070.0,3200.0
01552000,04-27,349.0,418.0,563.0,870,1260.0,1880.0,2630.0
01552000,04-28,340.0,417.0,544.0,875,1250.0,2010.0,2830.0
01552000,04-29,319.0,400.0,511.0,797,1120.0,1910.0,2690.0
01552000,04-30,309.0,390.0,508.0,793,1080.0,2140.0,3810.0
01552000,05-01,311.0,367.0,489.0,752,1180.0,1560.0,5280.0
01552000,05-02,337.0,409.0,495.0,724,1170.0,1600.0,3970.0
01552000,05-03,339.0,385.0,508.0,759,1150.0,2040.0,2750.0
01552000,05-04,347.0,378.0,539.0,761,1050.0,1990.0,3170.0
01552000,05-05,335.0,368.0,490.0,729,1110.0,1740.0,2840.0
01552000,05-06,308.0,355.0,470.0,682,1160.0,2210.0,2680.0
01552000,05-07,294.0,326.0,437.0,697,1180.0,2010.0,3070.0
01552000,05-08,280.0,356.0,420.0,654,1120.0,1790.0,2910.0
01552000,05-09,300.0,354.0,439.0,727,1230.0,2100.0,2360.0
01552000,05-10,265.0,322.0,412.0,743,1170.0,1740.0,2520.0
01552000,05-11,280.0,310.0,437.0,706,1180.0,2090.0,2780.0
01552000,05-12,267.0,288.0,485.0,738,1300.0,1850.0,2740.0
01552000,05-13,252.0,295.0,434.0,690,1290.0,2030.0,3220.0
01552000,05-14,232.0,285.0,433.0,703,1290.0,2220.0,2840.0
01552000,05-15,225.0,276.0,438.0,699,1340.0,1920.0,2770.0
01552000,05-16,213.0,253.0,402.0,700,1200.0,2040.0,3250.0
01552000,05-17,232.0,277.0,401.0,722,1150.0,1900.0,3090.0
01552000,05-18,219.0,265.0,390.0,663,1150.0,1890.0,2530.0
01552000,05-19,210.0,246.0,398.0,697,1190.0,1650.0,2490.0
01552000,05-20,194.0,280.0,410.0,670,1190.0,1810.0,2310.0
01552000,05-21,230.0,271.0,393.0,618,1210.0,1910.0,2580.0
01552000,05-22,229.0,260.0,357.0,546,1140.0,1770.0,2680.0
01552000,05-23,231.0,244.0,340.0,580,1040.0,1650.0,2110.0
01552000,05-24,221.0,250.0,307.0,595,1050.0,1690.0,2560.0
01552000,05-25,202.0,248.0,325.0,585,1030.0,2080.0,2840.0
01552000,05-26,192.0,226.0,310.0,523,979.0,1920.0,3030.0
01552000,05-27,175.0,206.0,296.0,496,852.0,1930.0,2430.0
01552000,05-28,166.0,212.0,293.0,475,926.0,1540.0,1960.0
01552000,05-29,154.0,201.0,289.0,524,952.0,1730.0,2700.0
01552000,05-30,150.0,191.0,280.0,494,1020.0,1860.0,2400.0
01552000,05-31,148.0,178.0,270.0,449,904.0,1770.0,2280.0
01552000,06-01,149.0,167.0,241.0,460,825.0,1600.0,2310.0
01552000,06-02,153.0,180.0,249.0,422,890.0,1580.0,1960.0
01552000,06-03,148.0,178.0,268.0,463,824.0,1300.0,1430.0
01552000,06-04,136.0,170.0,254.0,432,768.0,1130.0,1690.0
01552000,06-05,125.0,158.0,234.0,401,710.0,1000.0,1600.0
01552000,06-06,123.0,155.0,218.0,385,698.0,931.0,1660.0
01552000,06-07,124.0,152.0,199.0,363,644.0,877.0,1370.0
01552000,06-08,120.0,160.0,206.0,319,575.0,924.0,1240.0
01552000,06-09,112.0,150.0,200.0,312,525.0,761.0,1010.0
01552000,06-10,109.0,136.0,202.0,312,508.0,773.0,969.0
01552000,06-11,110.0,135.0,197.0,323,505.0,719.0,1190.0
01552000,06-12,114.0,135.0,197.0,321,479.0,774.0,1100.0
01552000,06-13,122.0,145.0,199.0,286,461.0,895.0,1270.0
01552000,06-14,119.0,149.0,197.0,269,494.0,911.0,1280.0
01552000,06-15,105.0,141.0,195.0,300,559.0,999.0,1120.0
01552000,06-16,95.0,133.0,179.0,273,507.0,983.0,1400.0
01552000,06-17,92.0,131.0,163.0,253,494.0,951.0,1270.0
01552000,06-18,101.0,122.0,166.0,242,517.0,908.0,1350.0
01552000,06-19,100.0,122.0,173.0,249,558.0,1100.0,1620.0
01552000,06-20,100.0,114.0,160.0,231,509.0,948.0,1280.0
01552000,06-21,98.0,112.0,157.0,233,518.0,983.0,1490.0
01552000,06-22,90.0,106.0,152.0,232,536.0,849.0,1670.0
01552000,06-23,77.0,102.0,151.0,212,486.0,825.0,1350.0
01552000,06-24,77.0,100.0,150.0,234,456.0,662.0,1080.0
01552000,06-25,79.0,92.0,144.0,232,426.0,667.0,1220.0
01552000,06-26,73.0,90.0,142.0,236,387.0,685.0,965.0
01552000,06-27,71.0,82.0,143.0,234,386.0,774.0,1000.0
01552000,06-28,70.0,85.0,143.0,218,417.0,912.0,1480.0
01552000,06-29,66.0,85.0,135.0,208,430.0,980.0,1460.0
01552000,06-30,60.0,84.0,123.0,241,450.0,800.0,1370.0
01552000,07-01,60.0,80.0,120.0,229,399.0,1050.0,1850.0
01552000,07-02,56.0,71.0,129.0,218,441.0,1010.0,1760.0
01552000,07-03,56.0,71.0,121.0,207,390.0,1040.0,1590.0
01552000,07-04,55.0,69.0,115.0,195,393.0,835.0,1320.0
01552000,07-05,55.0,69.0,107.0,202,321.0,743.0,1310.0
01552000,07-06,54.0,68.0,117.0,194,301.0,658.0,932.0
01552000,07-07,50.0,64.0,122.0,179,332.0,648.0,1280.0
01552000,07-08,55.0,65.0,116.0,170,281.0,723.0,1150.0
01552000,07-09,56.0,64.0,111.0,177,277.0,770.0,1240.0
01552000,07-10,55.0,65.0,108.0,174,318.0,813.0,1120.0
01552000,07-11,55.0,62.0,95.0,162,378.0,706.0,888.0
01552000,07-12,49.0,60.0,93.0,153,373.0,685.0,974.0
01552000,07-13,50.0,56.0,90.0,158,344.0,583.0,805.0
01552000,07-14,47.0,51.0,90.0,163,335.0,629.0,1340.0
01552000,07-15,45.0,52.0,84.0,162,321.0,613.0,1380.0
01552000,07-16,42.0,50.0,84.0,146,335.0,898.0,1560.0
01552000,07-17,39.0,48.0,82.0,157,294.0,625.0,1280.0
01552000,07-18,40.0,47.0,75.0,159,303.0,687.0,1140.0
01552000,07-19,38.0,46.0,74.0,148,265.0,525.0,921.0
01552000,07-20,38.0,46.0,82.0,148,296.0,526.0,804.0
01552000,07-21,37.0,43.0,91.0,153,310.0,679.0,1140.0
01552000,07-22,35.0,43.0,74.0,157,397.0,585.0,922.0
01552000,07-23,34.0,40.0,84.0,186,384.0,794.0,1700.0
01552000,07-24,34.0,44.0,85.0,185,403.0,694.0,1920.0
01552000,07-25,33.0,40.0,88.0,165,341.0,759.0,1120.0
01552000,07-26,36.0,48.0,85.0,148,280.0,533.0,866.0
01552000,07-27,41.0,46.0,84.0,145,301.0,741.0,1410.0
01552000,07-28,38.0,51.0,82.0,141,270.0,1010.0,1680.0
01552000,07-29,35.0,46.0,80.0,127,311.0,846.0,1450.0
01552000,07-30,36.0,47.0,80.0,142,349.0,780.0,1260.0
01552000,07-31,34.0,46.0,74.0,159,385.0,648.0,1290.0
01552000,08-01,31.0,44.0,72.0,170,345.0,884.0,1030.0
01552000,08-02,31.0,44.0,66.0,164,331.0,682.0,1170.0
01552000,08-03,32.0,44.0,62.0,160,302.0,742.0,1140.0
01552000,08-04,31.0,44.0,65.0,144,280.0,690.0,1260.0
01552000,08-05,30.0,42.0,66.0,140,258.0,696.0,1590.0
01552000,08-06,29.0,40.0,64.0,129,265.0,914.0,1260.0
01552000,08-07,31.0,41.0,61.0,123,284.0,755.0,906.0
01552000,08-08,31.0,42.0,60.0,115,297.0,732.0,1100.0
01552000,08-09,30.0,40.0,60.0,128,317.0,588.0,842.0
01552000,08-10,29.0,40.0,59.0,112,314.0,532.0,969.0
01552000,08-11,33.0,40.0,60.0,112,277.0,651.0,753.0
01552000,08-12,34.0,41.0,59.0,118,284.0,533.0,1050.0
01552000,08-13,34.0,40.0,65.0,124,290.0,515.0,1140.0
01552000,08-14,35.0,41.0,66.0,121,340.0,732.0,1350.0
01552000,08-15,37.0,39.0,61.0,135,287.0,671.0,1420.0
01552000,08-16,34.0,39.0,63.0,127,295.0,548.0,1100.0
01552000,08-17,31.0,38.0,67.0,135,268.0,647.0,1150.0
01552000,08-18,34.0,38.0,66.0,136,314.0,605.0,1030.0
01552000,08-19,31.0,41.0,68.0,125,342.0,540.0,2840.0
01552000,08-20,32.0,43.0,65.0,122,322.0,559.0,1580.0
01552000,08-21,36.0,46.0,60.0,115,288.0,472.0,1050.0
01552000,08-22,34.0,42.0,56.0,111,270.0,732.0,971.0
01552000,08-23,33.0,42.0,54.0,110,276.0,670.0,891.0
01552000,08-24,31.0,41.0,54.0,115,254.0,572.0,1080.0
01552000,08-25,30.0,38.0,51.0,132,232.0,585.0,1010.0
01552000,08-26,29.0,37.0,50.0,122,209.0,517.0,789.0
01552000,08-27,30.0,37.0,56.0,107,220.0,510.0,799.0
01552000,08-28,28.0,38.0,60.0,115,208.0,515.0,1220.0
01552000,08-29,26.0,36.0,57.0,125,223.0,819.0,1470.0
01552000,08-30,25.0,35.0,58.0,120,258.0,938.0,1300.0
01552000,08-31,23.0,33.0,58.0,125,427.0,776.0,1140.0
01552000,09-01,22.0,32.0,58.0,122,380.0,612.0,989.0
01552000,09-02,22.0,32.0,54.0,119,335.0,670.0,1210.0
01552000,09-03,22.0,32.0,56.0,111,313.0,622.0,1150.0
01552000,09-04,27.0,34.0,57.0,106,298.0,700.0,1410.0
01552000,09-05,29.0,37.0,55.0,124,274.0,570.0,985.0
01552000,09-06,30.0,37.0,56.0,120,250.0,631.0,1860.0
01552000,09-07,29.0,36.0,54.0,122,289.0,868.0,1260.0
01552000,09-08,28.0,34.0,57.0,125,258.0,597.0,940.0
01552000,09-09,26.0,33.0,52.0,107,217.0,647.0,878.0
01552000,09-10,23.0,31.0,53.0,101,240.0,541.0,901.0
01552000,09-11,22.0,29.0,55.0,112,205.0,507.0,1430.0
01552000,09-12,21.0,30.0,55.0,112,222.0,575.0,1230.0
01552000,09-13,21.0,32.0,53.0,116,261.0,635.0,900.0
01552000,09-14,21.0,30.0,54.0,115,256.0,550.0,895.0
01552000,09-15,22.0,33.0,57.0,113,254.0,592.0,1150.0
01552000,09-16,19.0,32.0,59.0,126,280.0,551.0,1150.0
01552000,09-17,21.0,33.0,64.0,127,250.0,708.0,1480.0
01552000,09-18,26.0,32.0,60.0,117,252.0,962.0,1820.0
01552000,09-19,25.0,33.0,57.0,115,271.0,1010.0,1910.0
01552000,09-20,27.0,33.0,56.0,120,349.0,1060.0,1390.0
01552000,09-21,30.0,33.0,55.0,119,338.0,743.0,1070.0
01552000,09-22,29.0,34.0,55.0,118,384.0,717.0,1070.0
01552000,09-23,24.0,33.0,64.0,110,496.0,889.0,1130.0
01552000,09-24,23.0,34.0,62.0,115,468.0,780.0,1290.0
01552000,09-25,24.0,35.0,59.0,111,416.0,1010.0,1560.0
01552000,09-26,25.0,33.0,57.0,117,398.0,807.0,1650.0
01552000,09-27,26.0,34.0,55.0,151,376.0,891.0,2110.0
01552000,09-28,29.0,38.0,63.0,154,421.0,1320.0,1980.0
01552000,09-29,30.0,35.0,70.0,175,461.0,1100.0,1760.0
01552000,09-30,31.0,35.0,72.0,162,486.0,926.0,1810.0
01552000,10-01,31.0,36.0,69.0,161,542.0,1190.0,1480.0
01552000,10-02,30.0,34.0,70.0,151,529.0,1210.0,1860.0
01552000,10-03,29.0,36.0,74.0,157,442.0,1070.0,1470.0
01552000,10-04,29.0,38.0,67.0,165,412.0,950.0,1480.0
01552000,10-05,31.0,39.0,68.0,147,419.0,945.0,1590.0
01552000,10-06,32.0,42.0,74.0,145,414.0,1240.0,2170.0
01552000,10-07,30.0,43.0,87.0,149,513.0,1000.0,2020.0
01552000,10-08,30.0,47.0,88.0,173,492.0,961.0,1730.0
01552000,10-09,30.0,46.0,95.0,202,440.0,1120.0,1670.0
01552000,10-10,29.0,44.0,91.0,190,389.0,969.0,1570.0
01552000,10-11,34.0,44.0,84.0,190,395.0,893.0,1300.0
01552000,10-12,32.0,45.0,90.0,205,381.0,1030.0,1280.0
01552000,10-13,33.0,44.0,84.0,180,377.0,1030.0,1260.0
01552000,10-14,30.0,44.0,86.0,179,428.0,963.0,1730.0
01552000,10-15,32.0,51.0,80.0,197,479.0,1100.0,1460.0
01552000,10-16,30.0,56.0,80.0,193,510.0,903.0,1890.0
01552000,10-17,30.0,52.0,81.0,193,522.0,833.0,1830.0
01552000,10-18,29.0,55.0,81.0,218,545.0,748.0,2280.0
01552000,10-19,29.0,53.0,88.0,234,552.0,1530.0,3130.0
01552000,10-20,29.0,48.0,99.0,243,518.0,1660.0,3000.0
01552000,10-21,32.0,48.0,101.0,231,538.0,2080.0,4070.0
01552000,10-22,32.0,45.0,107.0,234,537.0,1690.0,2540.0
01552000,10-23,32.0,50.0,118.0,253,704.0,1420.0,2300.0
01552000,10-24,34.0,53.0,125.0,319,736.0,1310.0,2230.0
01552000,10-25,37.0,57.0,126.0,320,728.0,1280.0,2210.0
01552000,10-26,36.0,58.0,130.0,320,789.0,1570.0,2260.0
01552000,10-27,36.0,60.0,125.0,348,787.0,1590.0,2550.0
01552000,10-28,38.0,57.0,126.0,331,896.0,1670.0,2000.0
01552000,10-29,40.0,56.0,138.0,327,789.0,1420.0,2540.0
01552000,10-30,41.0,57.0,150.0,419,892.0,1800.0,2550.0
01552000,10-31,50.0,66.0,147.0,392,790.0,1710.0,3190.0
01552000,11-01,51.0,66.0,142.0,370,825.0,1580.0,2240.0
01552000,11-02,50.0,75.0,156.0,414,850.0,1340.0,2080.0
01552000,11-03,48.0,72.0,171.0,463,881.0,1360.0,1650.0
01552000,11-04,47.0,72.0,184.0,489,812.0,1320.0,1500.0
01552000,11-05,43.0,74.0,198.0,470,824.0,1180.0,1510.0
01552000,11-06,45.0,77.0,214.0,453,760.0,1260.0,1910.0
01552000,11-07,45.0,76.0,257.0,436,735.0,1230.0,1630.0
01552000,11-08,46.0,92.0,247.0,497,829.0,1390.0,1700.0
01552000,11-09,50.0,89.0,254.0,473,777.0,1520.0,2440.0
01552000,11-10,52.0,99.0,263.0,454,733.0,1880.0,2800.0
01552000,11-11,62.0,108.0,271.0,476,716.0,1490.0,2250.0
01552000,11-12,90.0,115.0,276.0,481,832.0,1620.0,2820.0
01552000,11-13,87.0,122.0,271.0,464,903.0,2040.0,4050.0
01552000,11-14,70.0,116.0,285.0,456,839.0,2050.0,3370.0
01552000,11-15,64.0,121.0,290.0,448,936.0,1720.0,2150.0
01552000,11-16,58.0,120.0,286.0,480,1250.0,1770.0,2430.0
01552000,11-17,54.0,109.0,281.0,506,1170.0,2310.0,2990.0
01552000,11-18,49.0,109.0,274.0,529,1080.0,2220.0,3010.0
01552000,11-19,50.0,98.0,285.0,531,978.0,1730.0,2700.0
01552000,11-20,56.0,161.0,262.0,567,1060.0,1900.0,3120.0
01552000,11-21,64.0,165.0,256.0,568,1150.0,2230.0,3120.0
01552000,11-22,69.0,164.0,256.0,628,1050.0,1830.0,2170.0
01552000,11-23,72.0,167.0,295.0,650,993.0,1700.0,3070.0
01552000,11-24,86.0,178.0,314.0,603,961.0,1390.0,2180.0
01552000,11-25,144.0,187.0,400.0,618,911.0,1560.0,1980.0
01552000,11-26,111.0,178.0,440.0,601,923.0,1710.0,2400.0
01552000,11-27,105.0,186.0,398.0,588,1020.0,1560.0,3070.0
01552000,11-28,91.0,181.0,374.0,625,1110.0,2490.0,3840.0
01552000,11-29,106.0,187.0,376.0,618,1280.0,2530.0,4540.0
01552000,11-30,139.0,231.0,380.0,610,1160.0,2380.0,3020.0
01552000,12-01,136.0,265.0,397.0,614,1110.0,2160.0,3380.0
01552000,12-02,134.0,264.0,392.0,591,1150.0,1790.0,3630.0
01552000,12-03,145.0,262.0,369.0,562,1080.0,2220.0,2840.0
01552000,12-04,150.0,266.0,363.0,623,1120.0,1960.0,2940.0
01552000,12-05,164.0,271.0,351.0,614,1050.0,2080.0,2640.0
01552000,12-06,167.0,235.0,355.0,611,1130.0,2100.0,3580.0
01552000,12-07,200.0,252.0,337.0,614,1260.0,2250.0,2600.0
01552000,12-08,190.0,247.0,363.0,560,1120.0,1980.0,2860.0
01552000,12-09,170.0,240.0,363.0,584,1070.0,1680.0,2930.0
01552000,12-10,151.0,221.0,346.0,629,1090.0,2220.0,2550.0
01552000,12-11,137.0,210.0,334.0,628,1130.0,2490.0,4160.0
01552000,12-12,125.0,209.0,343.0,610,1130.0,2000.0,2940.0
01552000,12-13,153.0,206.0,352.0,606,1170.0,2080.0,2680.0
01552000,12-14,171.0,215.0,337.0,589,1190.0,1650.0,2380.0
01552000,12-15,161.0,190.0,341.0,575,1080.0,1930.0,3050.0
01552000,12-16,140.0,201.0,325.0,632,983.0,1870.0,2190.0
01552000,12-17,150.0,193.0,350.0,645,1030.0,1650.0,2380.0
01552000,12-18,151.0,181.0,332.0,676,1070.0,1770.0,2210.0
01552000,12-19,131.0,177.0,346.0,648,1080.0,1890.0,2820.0
01552000,12-20,121.0,184.0,340.0,649,1000.0,1700.0,2860.0
01552000,12-21,121.0,173.0,343.0,612,990.0,1690.0,3640.0
01552000,12-22,131.0,170.0,333.0,629,958.0,1740.0,3070.0
01552000,12-23,140.0,190.0,377.0,602,940.0,2260.0,3130.0
01552000,12-24,131.0,190.0,367.0,579,974.0,2300.0,3250.0
01552000,12-25,131.0,192.0,381.0,601,1170.0,2190.0,3100.0
01552000,12-26,131.0,191.0,338.0,613,1110.0,1850.0,2500.0
01552000,12-27,137.0,210.0,320.0,526,1080.0,1660.0,2090.0
01552000,12-28,122.0,184.0,333.0,512,1050.0,1410.0,2360.0
01552000,12-29,116.0,184.0,326.0,532,1090.0,1560.0,2160.0
01552000,12-30,111.0,180.0,292.0,530,939.0,1900.0,2860.0
01552000,12-31,131.0,183.0,282.0,532,1060.0,1520.0,3460.0
01553500,01-01,2240.0,3210.0,4590.0,9850,16100.0,28300.0,50500.0
01553500,01-02,2070.0,3140.0,4690.0,10100,16600.0,28900.0,42500.0
01553500,01-03,2030.0,3010.0,4700.0,9730,16800.0,30200.0,43000.0
01553500,01-04,2030.0,3190.0,5070.0,9480,16800.0,29500.0,37700.0
01553500,01-05,2070.0,3170.0,5170.0,9920,16400.0,29800.0,36400.0
01553500,01-06,2070.0,3100.0,4870.0,8990,16700.0,28800.0,35700.0
01553500,01-07,2040.0,3070.0,4540.0,9490,16100.0,27100.0,39300.0
01553500,01-08,2060.0,3060.0,4530.0,9200,14500.0,27600.0,46100.0
01553500,01-09,1910.0,3140.0,4790.0,8190,14400.0,26400.0,41000.0
01553500,01-10,1830.0,3070.0,4530.0,7940,13500.0,27500.0,40200.0
01553500,01-11,1900.0,3080.0,4280.0,7700,12100.0,26300.0,40700.0
01553500,01-12,2030.0,3090.0,4410.0,7410,12600.0,26200.0,35500.0
01553500,01-13,2210.0,3070.0,4500.0,7500,13300.0,28600.0,35500.0
01553500,01-14,2370.0,2910.0,4680.0,7650,14200.0,25300.0,37100.0
01553500,01-15,2540.0,2970.0,4700.0,7790,15100.0,24400.0,34400.0
01553500,01-16,2540.0,2870.0,4470.0,8460,15200.0,22700.0,33200.0
01553500,01-17,2600.0,2800.0,4340.0,7780,15100.0,22900.0,29100.0
01553500,01-18,2500.0,2700.0,4420.0,6990,14100.0,21900.0,30900.0
01553500,01-19,2240.0,2700.0,4500.0,7820,14300.0,20300.0,28500.0
01553500,01-20,2220.0,2600.0,4400.0,7530,13900.0,22300.0,30600.0
01553500,01-21,2200.0,2540.0,4220.0,7770,13000.0,29500.0,37700.0
01553500,01-22,2130.0,2550.0,4270.0,7690,12700.0,31600.0,41400.0
01553500,01-23,2340.0,2500.0,4350.0,7290,12800.0,27300.0,43100.0
01553500,01-24,2370.0,2740.0,4270.0,7160,13500.0,26500.0,44800.0
01553500,01-25,2200.0,2810.0,4450.0,7000,16800.0,38300.0,48600.0
01553500,01-26,2130.0,2810.0,4500.0,7250,18400.0,31500.0,46100.0
01553500,01-27,2070.0,2750.0,4580.0,8480,18800.0,34000.0,49100.0
01553500,01-28,2010.0,2940.0,4510.0,8480,16600.0,36100.0,51600.0
01553500,01-29,1940.0,3050.0,4390.0,8440,16200.0,33900.0,45900.0
01553500,01-30,1910.0,2750.0,4200.0,7880,15400.0,30600.0,40000.0
01553500,01-31,1910.0,2780.0,4270.0,8100,14800.0,27700.0,33900.0
01553500,02-01,1980.0,3100.0,4300.0,8640,14400.0,24200.0,30200.0
01553500,02-02,2040.0,3000.0,4370.0,8020,15500.0,24000.0,29900.0
01553500,02-03,2340.0,3070.0,4450.0,8210,15700.0,25100.0,36700.0
01553500,02-04,2390.0,3030.0,4650.0,8300,15200.0,28200.0,36600.0
01553500,02-05,2340.0,2970.0,4680.0,8190,14100.0,25900.0,39600.0
01553500,02-06,2300.0,3000.0,4700.0,8340,14200.0,23400.0,31400.0
01553500,02-07,2370.0,3060.0,4480.0,8460,14100.0,24500.0,28900.0
01553500,02-08,2350.0,3290.0,4580.0,8200,13600.0,24100.0,29500.0
01553500,02-09,2400.0,3440.0,4590.0,7850,12600.0,21100.0,29900.0
01553500,02-10,2430.0,3260.0,4480.0,8020,11900.0,20000.0,31600.0
01553500,02-11,2710.0,3070.0,4380.0,8080,13000.0,23100.0,28600.0
01553500,02-12,2640.0,2900.0,4670.0,8060,13200.0,22800.0,32700.0
01553500,02-13,2590.0,3010.0,4680.0,7990,13200.0,26100.0,30600.0
01553500,02-14,2740.0,3130.0,4600.0,7590,14300.0,24200.0,34300.0
01553500,02-15,2800.0,3190.0,4660.0,7840,14300.0,22600.0,32100.0
01553500,02-16,2800.0,3570.0,4750.0,7960,13300.0,24000.0,31300.0
01553500,02-17,2740.0,3700.0,5220.0,8520,14800.0,28900.0,36700.0
01553500,02-18,2640.0,3860.0,5470.0,8240,16900.0,29000.0,40200.0
01553500,02-19,3000.0,3670.0,5100.0,8860,16100.0,25700.0,43900.0
01553500,02-20,3070.0,3970.0,4870.0,8740,14900.0,27100.0,53600.0
01553500,02-21,2820.0,3700.0,4850.0,8810,15100.0,28700.0,46400.0
01553500,02-22,2810.0,3580.0,5000.0,8680,16700.0,35600.0,43800.0
01553500,02-23,3100.0,3540.0,5210.0,9020,18400.0,40000.0,50800.0
01553500,02-24,3200.0,3770.0,6390.0,9280,21200.0,44000.0,49500.0
01553500,02-25,3140.0,3780.0,6350.0,10200,24500.0,45600.0,57500.0
01553500,02-26,3100.0,3760.0,6350.0,11100,24100.0,41400.0,59100.0
01553500,02-27,3100.0,3710.0,6460.0,11700,21200.0,41300.0,50400.0
01553500,02-28,3000.0,3640.0,6290.0,11800,23400.0,37600.0,52700.0
01553500,02-29,3000.0,3120.0,5740.0,12600,23600.0,36100.0,49900.0
01553500,03-01,2900.0,3280.0,6330.0,12000,25500.0,38300.0,47000.0
01553500,03-02,2830.0,3160.0,6800.0,12200,26600.0,33900.0,46600.0
01553500,03-03,2770.0,3380.0,6800.0,12200,23600.0,33200.0,55100.0
01553500,03-04,2940.0,4070.0,6890.0,12100,24100.0,34900.0,50400.0
01553500,03-05,2960.0,4500.0,7200.0,12500,25700.0,43000.0,65800.0
01553500,03-06,3150.0,4430.0,7390.0,12800,24900.0,55200.0,67100.0
01553500,03-07,3510.0,4950.0,7900.0,13000,23800.0,53600.0,78400.0
01553500,03-08,3640.0,5360.0,8010.0,12600,23100.0,51600.0,72600.0
01553500,03-09,4050.0,5310.0,8310.0,14900,24000.0,45000.0,68900.0
01553500,03-10,4060.0,5730.0,8050.0,14300,24200.0,49800.0,61800.0
01553500,03-11,4200.0,5910.0,9390.0,15000,22500.0,46600.0,63900.0
01553500,03-12,4410.0,5920.0,9890.0,14200,24800.0,39600.0,50500.0
01553500,03-13,4790.0,6180.0,11000.0,15200,25100.0,38100.0,49100.0
01553500,03-14,5650.0,6670.0,10500.0,16500,25200.0,39900.0,53200.0
01553500,03-15,5890.0,7160.0,11400.0,18300,24900.0,38600.0,51600.0
01553500,03-16,5800.0,7890.0,11100.0,17300,29500.0,40700.0,60100.0
01553500,03-17,6910.0,7830.0,10700.0,16800,31100.0,43300.0,63600.0
01553500,03-18,7340.0,8200.0,10800.0,17900,28800.0,50000.0,60100.0
01553500,03-19,7100.0,8870.0,10800.0,16400,27400.0,42200.0,59300.0
01553500,03-20,7220.0,8710.0,10700.0,17000,27200.0,40100.0,47200.0
01553500,03-21,6860.0,9130.0,11100.0,17100,26800.0,40700.0,56400.0
01553500,03-22,6870.0,8930.0,11000.0,20000,27900.0,45400.0,62300.0
01553500,03-23,6760.0,8420.0,11100.0,18300,33000.0,47300.0,60300.0
01553500,03-24,6800.0,8190.0,11900.0,17800,28900.0,49500.0,59600.0
01553500,03-25,6390.0,8250.0,13100.0,17600,28000.0,44600.0,55400.0
01553500,03-26,6020.0,8630.0,13800.0,18300,27800.0,40300.0,52700.0
01553500,03-27,5830.0,9310.0,14000.0,18700,27300.0,42100.0,61400.0
01553500,03-28,5760.0,8850.0,12800.0,17900,26200.0,41700.0,61300.0
01553500,03-29,6970.0,8720.0,13000.0,18300,26400.0,39300.0,66100.0
01553500,03-30,6810.0,8270.0,13000.0,18500,28300.0,44500.0,65300.0
01553500,03-31,7010.0,8770.0,12400.0,17700,28900.0,55000.0,82500.0
01553500,04-01,7110.0,8500.0,12900.0,17800,27800.0,50400.0,103000.0
01553500,04-02,7030.0,8640.0,13800.0,17400,30800.0,53500.0,88000.0
01553500,04-03,7590.0,8790.0,14500.0,19300,32900.0,57700.0,79200.0
01553500,04-04,7170.0,9980.0,14800.0,19800,34800.0,68200.0,84800.0
01553500,04-05,6970.0,9390.0,14100.0,21100,36500.0,62800.0,80300.0
01553500,04-06,7400.0,8950.0,12800.0,20800,41700.0,62100.0,74400.0
01553500,04-07,7310.0,8910.0,11800.0,19900,38700.0,54400.0,75400.0
01553500,04-08,7400.0,8820.0,11600.0,21300,34400.0,51100.0,66800.0
01553500,04-09,7620.0,8860.0,11600.0,19500,29400.0,44200.0,61100.0
01553500,04-10,7570.0,8890.0,11700.0,18900,28800.0,44000.0,52000.0
01553500,04-11,7080.0,8380.0,11600.0,17900,26000.0,49100.0,55800.0
01553500,04-12,6890.0,8110.0,11100.0,18100,27900.0,42200.0,47600.0
01553500,04-13,7110.0,7790.0,11500.0,17600,28000.0,36600.0,51300.0
01553500,04-14,7090.0,7770.0,11600.0,16700,25900.0,35700.0,44000.0
01553500,04-15,7010.0,7680.0,10800.0,17000,27700.0,38500.0,45900.0
01553500,04-16,6740.0,7490.0,10800.0,15800,26000.0,36700.0,53800.0
01553500,04-17,6260.0,7080.0,11100.0,16100,26900.0,44600.0,70100.0
01553500,04-18,6070.0,6810.0,10600.0,16800,24800.0,39500.0,55200.0
01553500,04-19,5930.0,6610.0,10000.0,15700,22400.0,35300.0,47200.0
01553500,04-20,5620.0,6200.0,9830.0,15300,23500.0,31700.0,41400.0
01553500,04-21,5360.0,5810.0,9490.0,15100,22400.0,29800.0,43800.0
01553500,04-22,5260.0,6090.0,9540.0,14000,20200.0,33200.0,44400.0
01553500,04-23,5000.0,6170.0,9770.0,13400,19100.0,32400.0,43400.0
01553500,04-24,5260.0,6230.0,9440.0,13800,18300.0,28500.0,41600.0
01553500,04-25,5780.0,6260.0,8930.0,14400,20500.0,30300.0,37600.0
01553500,04-26,5800.0,6010.0,8490.0,14300,19600.0,29600.0,33600.0
01553500,04-27,5630.0,6170.0,8240.0,13700,19300.0,29000.0,34900.0
01553500,04-28,5530.0,6080.0,8490.0,12900,19700.0,27600.0,30600.0
01553500,04-29,5620.0,6020.0,8240.0,12900,19300.0,25900.0,36500.0
01553500,04-30,5410.0,6360.0,8650.0,12700,20000.0,26300.0,40300.0
01553500,05-01,5200.0,6110.0,8620.0,12000,18800.0,33200.0,49900.0
01553500,05-02,5400.0,6100.0,7980.0,11900,18400.0,31700.0,41600.0
01553500,05-03,5470.0,6070.0,7800.0,11700,18400.0,28100.0,36000.0
01553500,05-04,5310.0,5970.0,7760.0,12000,19100.0,26600.0,37800.0
01553500,05-05,5560.0,6010.0,7520.0,11600,18200.0,26000.0,31900.0
01553500,05-06,5250.0,5870.0,7490.0,11500,17600.0,24900.0,34700.0
01553500,05-07,4950.0,5530.0,8010.0,11300,16700.0,27100.0,36400.0
01553500,05-08,4810.0,5200.0,7630.0,11200,15500.0,27000.0,41300.0
01553500,05-09,4820.0,5440.0,7580.0,11000,16900.0,27300.0,41000.0
01553500,05-10,4580.0,6020.0,7690.0,10800,18900.0,27200.0,35600.0
01553500,05-11,4500.0,6010.0,7970.0,10700,18400.0,29300.0,37700.0
01553500,05-12,4450.0,5840.0,8050.0,11400,19100.0,26100.0,41600.0
01553500,05-13,4370.0,5530.0,8280.0,11600,20700.0,34600.0,48800.0
01553500,05-14,4290.0,5170.0,7660.0,11600,22500.0,39200.0,46000.0
01553500,05-15,4200.0,4970.0,7190.0,10900,21100.0,34200.0,44300.0
01553500,05-16,4080.0,4600.0,7310.0,11400,21000.0,30100.0,39600.0
01553500,05-17,4060.0,5230.0,7130.0,12100,20600.0,27600.0,43100.0
01553500,05-18,3870.0,4830.0,7150.0,12100,18300.0,29600.0,39100.0
01553500,05-19,3700.0,4690.0,7060.0,12200,19200.0,31200.0,42800.0
01553500,05-20,3640.0,4890.0,7270.0,11600,19200.0,31400.0,47600.0
01553500,05-21,3540.0,5030.0,7160.0,11500,19600.0,27400.0,33500.0
01553500,05-22,3370.0,4960.0,7010.0,11200,20300.0,27000.0,37300.0
01553500,05-23,3330.0,4570.0,6840.0,10700,20400.0,36800.0,42700.0
01553500,05-24,3540.0,4320.0,6980.0,11100,17400.0,33500.0,41000.0
01553500,05-25,3740.0,4380.0,6570.0,10400,17700.0,29600.0,33500.0
01553500,05-26,3620.0,4190.0,6240.0,9730,18300.0,27000.0,35300.0
01553500,05-27,3490.0,4150.0,5900.0,9550,18300.0,26200.0,33600.0
01553500,05-28,3330.0,3910.0,5610.0,9080,16700.0,24400.0,31000.0
01553500,05-29,3170.0,3610.0,5710.0,8620,16200.0,22900.0,31800.0
01553500,05-30,3040.0,3630.0,5500.0,9510,15900.0,23500.0,29900.0
01553500,05-31,2890.0,3410.0,5360.0,9420,14100.0,21100.0,42000.0
01553500,06-01,2830.0,3420.0,5280.0,8860,12400.0,19600.0,38600.0
01553500,06-02,2770.0,3270.0,4990.0,7910,12200.0,20400.0,31900.0
01553500,06-03,2700.0,3100.0,5120.0,7540,12700.0,23300.0,29400.0
01553500,06-04,2680.0,3030.0,5310.0,7310,12400.0,23100.0,30000.0
01553500,06-05,2480.0,3430.0,5130.0,7430,11500.0,21200.0,27700.0
01553500,06-06,2400.0,3430.0,4780.0,7460,12600.0,19000.0,22100.0
01553500,06-07,2390.0,3460.0,4590.0,7200,11700.0,17800.0,22100.0
01553500,06-08,2340.0,3400.0,4440.0,6590,10600.0,17300.0,22300.0
01553500,06-09,2560.0,3400.0,4390.0,6610,9530.0,18500.0,22800.0
01553500,06-10,2490.0,3190.0,4350.0,6520,9420.0,15500.0,19600.0
01553500,06-11,2310.0,3010.0,4330.0,6480,9600.0,15300.0,17200.0
01553500,06-12,2170.0,3110.0,4280.0,6460,9350.0,13200.0,16000.0
01553500,06-13,2290.0,2910.0,4110.0,6280,9000.0,14800.0,17400.0
01553500,06-14,2540.0,2970.0,3850.0,6140,8740.0,15300.0,22200.0
01553500,06-15,2490.0,2960.0,3730.0,5830,9480.0,16700.0,21100.0
01553500,06-16,2440.0,2870.0,3710.0,5960,8890.0,18900.0,24900.0
01553500,06-17,2320.0,2820.0,3600.0,5920,8750.0,18300.0,23700.0
01553500,06-18,2320.0,2700.0,3490.0,5750,8980.0,16400.0,20300.0
01553500,06-19,2330.0,2530.0,3390.0,5550,9170.0,14700.0,19400.0
01553500,06-20,2230.0,2400.0,3230.0,5250,8750.0,14800.0,23500.0
01553500,06-21,2030.0,2270.0,3220.0,4960,10500.0,17100.0,24400.0
01553500,06-22,1930.0,2140.0,3130.0,4880,9860.0,18200.0,38500.0
01553500,06-23,1880.0,2130.0,3150.0,4590,8410.0,18300.0,35100.0
01553500,06-24,1930.0,2170.0,2880.0,4670,7700.0,14500.0,26400.0
01553500,06-25,1850.0,2160.0,2800.0,4440,7540.0,12700.0,20600.0
01553500,06-26,1770.0,2120.0,2850.0,4580,7850.0,12200.0,18600.0
01553500,06-27,1690.0,2030.0,2870.0,4240,7300.0,12200.0,15300.0
01553500,06-28,1600.0,1920.0,2700.0,4280,7100.0,12000.0,17000.0
01553500,06-29,1640.0,1840.0,2680.0,4000,7890.0,13500.0,25800.0
01553500,06-30,1480.0,1810.0,2640.0,3870,7690.0,13200.0,24000.0
01553500,07-01,1380.0,1770.0,2410.0,3690,6850.0,14200.0,20000.0
01553500,07-02,1320.0,1740.0,2480.0,4240,6300.0,11800.0,23400.0
01553500,07-03,1260.0,1670.0,2540.0,4180,6670.0,11400.0,24000.0
01553500,07-04,1290.0,1680.0,2430.0,3930,6550.0,12700.0,23000.0
01553500,07-05,1320.0,1650.0,2430.0,3580,6340.0,11000.0,20500.0
01553500,07-06,1270.0,1660.0,2400.0,3530,5580.0,11800.0,16700.0
01553500,07-07,1390.0,1610.0,2310.0,3490,5110.0,11500.0,16300.0
01553500,07-08,1330.0,1600.0,2270.0,3540,5620.0,11100.0,13900.0
01553500,07-09,1270.0,1570.0,2270.0,3300,5280.0,10300.0,15400.0
01553500,07-10,1310.0,1630.0,2360.0,3240,5050.0,9590.0,13000.0
01553500,07-11,1390.0,1600.0,2300.0,3220,5380.0,8760.0,10800.0
01553500,07-12,1320.0,1540.0,2200.0,3100,5220.0,7760.0,10100.0
01553500,07-13,1270.0,1530.0,2180.0,3080,5030.0,9200.0,14200.0
01553500,07-14,1220.0,1490.0,1990.0,3150,5080.0,8520.0,15300.0
01553500,07-15,1190.0,1490.0,2070.0,3260,5440.0,8640.0,13900.0
01553500,07-16,1150.0,1400.0,2000.0,3040,5540.0,10200.0,16400.0
01553500,07-17,1170.0,1380.0,1880.0,2870,5760.0,9650.0,18900.0
01553500,07-18,1130.0,1410.0,1920.0,2800,5290.0,8740.0,18000.0
01553500,07-19,1270.0,1370.0,1810.0,2980,4940.0,9450.0,17700.0
01553500,07-20,1220.0,1320.0,1740.0,2750,4770.0,9680.0,16400.0
01553500,07-21,1170.0,1290.0,1720.0,2840,5020.0,13300.0,15700.0
01553500,07-22,1100.0,1250.0,1880.0,2800,5700.0,12900.0,16300.0
01553500,07-23,1060.0,1270.0,1860.0,2740,6470.0,11200.0,15300.0
01553500,07-24,1140.0,1250.0,1900.0,2840,7320.0,13000.0,16100.0
01553500,07-25,1050.0,1180.0,1880.0,2870,6610.0,12600.0,15200.0
01553500,07-26,1020.0,1210.0,1840.0,2880,5780.0,11000.0,13200.0
01553500,07-27,1040.0,1200.0,1670.0,3130,5830.0,10800.0,12500.0
01553500,07-28,1040.0,1180.0,1660.0,2940,6150.0,9310.0,13100.0
01553500,07-29,1060.0,1170.0,1560.0,2760,5620.0,9850.0,15300.0
01553500,07-30,1020.0,1170.0,1550.0,2650,5510.0,8810.0,16500.0
01553500,07-31,1020.0,1170.0,1570.0,3080,5300.0,8090.0,12200.0
01553500,08-01,1020.0,1120.0,1600.0,3330,5110.0,7370.0,16800.0
01553500,08-02,999.0,1150.0,1500.0,3030,5220.0,6870.0,25400.0
01553500,08-03,950.0,1120.0,1540.0,2890,4780.0,7230.0,19500.0
01553500,08-04,944.0,1050.0,1570.0,2710,4530.0,7880.0,14200.0
01553500,08-05,906.0,1080.0,1550.0,2850,4300.0,8970.0,11700.0
01553500,08-06,909.0,1130.0,1520.0,2800,4340.0,8000.0,10100.0
01553500,08-07,915.0,1100.0,1450.0,3000,4250.0,7270.0,13300.0
01553500,08-08,941.0,1040.0,1440.0,2700,4480.0,7900.0,13100.0
01553500,08-09,908.0,1050.0,1400.0,2520,4460.0,9570.0,15400.0
01553500,08-10,914.0,1070.0,1390.0,2500,4190.0,8420.0,14500.0
01553500,08-11,886.0,1050.0,1430.0,2540,3830.0,8440.0,14700.0
01553500,08-12,929.0,1050.0,1510.0,2460,3860.0,7800.0,14400.0
01553500,08-13,909.0,1050.0,1490.0,2440,3960.0,10400.0,19500.0
01553500,08-14,941.0,1040.0,1580.0,2440,3870.0,10300.0,19800.0
01553500,08-15,955.0,1110.0,1520.0,2420,4110.0,11400.0,16000.0
01553500,08-16,933.0,1060.0,1470.0,2320,3770.0,9070.0,15700.0
01553500,08-17,918.0,996.0,1380.0,2360,3980.0,8100.0,13500.0
01553500,08-18,959.0,1010.0,1400.0,2260,3790.0,7050.0,15700.0
01553500,08-19,918.0,1020.0,1350.0,2240,4500.0,8760.0,17400.0
01553500,08-20,931.0,1070.0,1380.0,2240,4300.0,9990.0,18200.0
01553500,08-21,923.0,1030.0,1350.0,2220,4010.0,8880.0,15600.0
01553500,08-22,969.0,1020.0,1370.0,2160,4090.0,8600.0,12500.0
01553500,08-23,959.0,1030.0,1330.0,2160,3970.0,8540.0,12300.0
01553500,08-24,962.0,1010.0,1270.0,2110,4050.0,9270.0,11300.0
01553500,08-25,935.0,1000.0,1370.0,2130,3920.0,7650.0,10300.0
01553500,08-26,886.0,948.0,1350.0,2090,3720.0,6410.0,8560.0
01553500,08-27,852.0,912.0,1320.0,2000,3540.0,6150.0,7710.0
01553500,08-28,844.0,908.0,1310.0,1980,3550.0,5930.0,8170.0
01553500,08-29,851.0,918.0,1330.0,1980,4260.0,6480.0,11100.0
01553500,08-30,846.0,918.0,1310.0,2150,4130.0,8300.0,13800.0
01553500,08-31,819.0,905.0,1310.0,2110,4170.0,7560.0,11500.0
01553500,09-01,782.0,862.0,1420.0,2200,4780.0,8860.0,12100.0
01553500,09-02,773.0,835.0,1370.0,2110,4540.0,8590.0,10800.0
01553500,09-03,764.0,826.0,1340.0,1910,4440.0,7100.0,9620.0
01553500,09-04,744.0,942.0,1340.0,1910,4050.0,6750.0,12700.0
01553500,09-05,785.0,920.0,1280.0,1910,4160.0,6310.0,13600.0
01553500,09-06,831.0,949.0,1240.0,1970,3970.0,7160.0,13600.0
01553500,09-07,801.0,1010.0,1210.0,2070,4000.0,8530.0,20200.0
01553500,09-08,795.0,997.0,1210.0,1900,4100.0,7370.0,12800.0
01553500,09-09,826.0,975.0,1180.0,1980,3900.0,8080.0,12800.0
01553500,09-10,830.0,970.0,1180.0,2010,3430.0,8450.0,12200.0
01553500,09-11,819.0,959.0,1200.0,2170,4040.0,8560.0,9900.0
01553500,09-12,812.0,916.0,1160.0,2130,3990.0,7830.0,9630.0
01553500,09-13,801.0,911.0,1160.0,2030,4030.0,7680.0,14300.0
01553500,09-14,783.0,935.0,1240.0,2060,4090.0,7460.0,18400.0
01553500,09-15,790.0,915.0,1200.0,2030,3430.0,8000.0,15100.0
01553500,09-16,809.0,898.0,1140.0,2090,3270.0,7960.0,12900.0
01553500,09-17,851.0,888.0,1140.0,2240,3850.0,8560.0,11700.0
01553500,09-18,823.0,929.0,1170.0,2200,4220.0,8810.0,9620.0
01553500,09-19,827.0,934.0,1190.0,2110,4420.0,7810.0,16200.0
01553500,09-20,803.0,894.0,1240.0,1950,4450.0,7810.0,22800.0
01553500,09-21,787.0,909.0,1290.0,1830,4500.0,9420.0,21300.0
01553500,09-22,780.0,881.0,1340.0,1760,4390.0,9430.0,16600.0
01553500,09-23,786.0,866.0,1290.0,1820,4390.0,9790.0,22400.0
01553500,09-24,767.0,867.0,1310.0,1970,4550.0,9680.0,23400.0
01553500,09-25,727.0,867.0,1350.0,1990,4870.0,12400.0,26100.0
01553500,09-26,730.0,862.0,1320.0,2020,4820.0,11200.0,27900.0
01553500,09-27,726.0,845.0,1300.0,2060,4250.0,12700.0,25300.0
01553500,09-28,727.0,908.0,1250.0,2280,4440.0,15300.0,27400.0
01553500,09-29,762.0,897.0,1260.0,2300,4670.0,14100.0,32300.0
01553500,09-30,809.0,917.0,1240.0,2530,5310.0,15300.0,33200.0
01553500,10-01,821.0,879.0,1290.0,2520,6770.0,17200.0,27100.0
01553500,10-02,804.0,886.0,1370.0,2490,6140.0,15100.0,22700.0
01553500,10-03,784.0,919.0,1430.0,2710,5430.0,14600.0,21400.0
01553500,10-04,795.0,934.0,1430.0,2530,4870.0,12400.0,21300.0
01553500,10-05,759.0,950.0,1310.0,2420,6150.0,12800.0,20000.0
01553500,10-06,792.0,948.0,1370.0,2320,5760.0,12100.0,16600.0
01553500,10-07,820.0,977.0,1350.0,2320,5130.0,10400.0,14800.0
01553500,10-08,803.0,982.0,1490.0,2450,4810.0,10500.0,12600.0
01553500,10-09,829.0,998.0,1470.0,2410,5080.0,9520.0,15000.0
01553500,10-10,809.0,1080.0,1470.0,2440,5500.0,9370.0,15700.0
01553500,10-11,806.0,1080.0,1520.0,2430,5400.0,9250.0,16400.0
01553500,10-12,812.0,1010.0,1480.0,2490,4780.0,11700.0,20300.0
01553500,10-13,788.0,1010.0,1420.0,2510,4420.0,11000.0,20200.0
01553500,10-14,810.0,972.0,1450.0,2370,4650.0,12300.0,19500.0
01553500,10-15,806.0,909.0,1420.0,2420,4940.0,12900.0,18100.0
01553500,10-16,799.0,928.0,1420.0,2520,5010.0,12900.0,16100.0
01553500,10-17,755.0,936.0,1440.0,2640,6080.0,12200.0,21100.0
01553500,10-18,784.0,918.0,1390.0,2690,5790.0,13700.0,22100.0
01553500,10-19,756.0,920.0,1350.0,2680,6300.0,12800.0,24400.0
01553500,10-20,737.0,981.0,1450.0,2720,6150.0,16200.0,24600.0
01553500,10-21,730.0,1040.0,1430.0,2670,6400.0,20900.0,28700.0
01553500,10-22,720.0,992.0,1410.0,2750,6560.0,23200.0,31800.0
01553500,10-23,712.0,1010.0,1460.0,2910,6760.0,21200.0,28400.0
01553500,10-24,760.0,1010.0,1560.0,2810,8080.0,19500.0,21900.0
01553500,10-25,779.0,1090.0,1670.0,2950,7440.0,16500.0,20000.0
01553500,10-26,827.0,1070.0,1910.0,3100,7550.0,15700.0,24700.0
01553500,10-27,818.0,1060.0,1850.0,3350,7840.0,16500.0,21400.0
01553500,10-28,838.0,1100.0,1790.0,3330,8710.0,17900.0,22200.0
01553500,10-29,860.0,1100.0,1830.0,3410,8550.0,18500.0,23200.0
01553500,10-30,867.0,1100.0,1880.0,4060,9800.0,17300.0,27000.0
01553500,10-31,883.0,1130.0,1820.0,4070,9050.0,20600.0,32200.0
01553500,11-01,953.0,1160.0,1890.0,3970,8730.0,19000.0,29900.0
01553500,11-02,1020.0,1150.0,2030.0,3930,8460.0,18100.0,24900.0
01553500,11-03,1040.0,1280.0,2120.0,4260,8410.0,17600.0,24000.0
01553500,11-04,987.0,1390.0,2130.0,4270,9360.0,16000.0,21100.0
01553500,11-05,934.0,1360.0,2070.0,4500,9530.0,16800.0,20200.0
01553500,11-06,880.0,1420.0,2080.0,4870,9450.0,16100.0,19400.0
01553500,11-07,965.0,1510.0,2260.0,4740,10300.0,14900.0,22000.0
01553500,11-08,1040.0,1570.0,2450.0,5350,9940.0,14100.0,25100.0
01553500,11-09,1010.0,1560.0,2390.0,5330,9760.0,17300.0,26700.0
01553500,11-10,1020.0,1610.0,2560.0,5110,9180.0,16200.0,34100.0
01553500,11-11,1120.0,1620.0,2910.0,5430,8670.0,16700.0,30200.0
01553500,11-12,1260.0,1660.0,2950.0,5720,10400.0,18100.0,27400.0
01553500,11-13,1240.0,1590.0,2970.0,6550,10800.0,22500.0,30900.0
01553500,11-14,1340.0,1620.0,2790.0,6240,10300.0,21500.0,29500.0
01553500,11-15,1430.0,1870.0,2710.0,6120,9860.0,23000.0,25000.0
01553500,11-16,1500.0,1960.0,2850.0,6310,9560.0,20600.0,22900.0
01553500,11-17,1380.0,1920.0,2990.0,6370,11500.0,18700.0,26300.0
01553500,11-18,1370.0,1910.0,3140.0,6300,11600.0,20600.0,34000.0
01553500,11-19,1350.0,1950.0,3070.0,6440,11000.0,19500.0,30700.0
01553500,11-20,1270.0,1880.0,3160.0,6430,11400.0,22700.0,31400.0
01553500,11-21,1470.0,1920.0,3190.0,6300,12200.0,22900.0,27500.0
01553500,11-22,1510.0,1870.0,3170.0,6940,12400.0,22100.0,28100.0
01553500,11-23,1540.0,2000.0,3300.0,7770,12700.0,21000.0,25300.0
01553500,11-24,1600.0,2120.0,3350.0,7460,12400.0,19600.0,29200.0
01553500,11-25,1560.0,2210.0,3780.0,7200,11800.0,18500.0,28400.0
01553500,11-26,1590.0,2470.0,4380.0,7080,11500.0,19700.0,25900.0
01553500,11-27,1670.0,2450.0,4700.0,7680,12500.0,19000.0,39100.0
01553500,11-28,1710.0,2450.0,4650.0,7990,13400.0,23200.0,48000.0
01553500,11-29,1830.0,2420.0,4720.0,7870,14500.0,40200.0,49800.0
01553500,11-30,2100.0,2750.0,4980.0,7830,16400.0,37400.0,47400.0
01553500,12-01,2050.0,2950.0,5040.0,7550,15700.0,30400.0,41800.0
01553500,12-02,1930.0,2920.0,4960.0,7150,16800.0,26600.0,43600.0
01553500,12-03,1890.0,3010.0,4810.0,7100,15400.0,28200.0,40200.0
01553500,12-04,1860.0,2950.0,4910.0,8070,15000.0,30500.0,35200.0
01553500,12-05,2040.0,2900.0,4720.0,7920,14800.0,27700.0,36700.0
01553500,12-06,2270.0,2880.0,4610.0,7920,14500.0,29000.0,34400.0
01553500,12-07,2350.0,2950.0,4830.0,8990,14700.0,25200.0,30800.0
01553500,12-08,2320.0,3220.0,4460.0,9110,15900.0,23200.0,29800.0
01553500,12-09,2340.0,2980.0,5150.0,8450,15000.0,21200.0,28500.0
01553500,12-10,2270.0,3140.0,5450.0,8680,14300.0,22900.0,30700.0
01553500,12-11,2330.0,3070.0,5700.0,8910,15000.0,26400.0,36000.0
01553500,12-12,2250.0,2900.0,5240.0,8840,16200.0,27100.0,33300.0
01553500,12-13,2080.0,2970.0,5400.0,8880,18500.0,27000.0,30300.0
01553500,12-14,2540.0,3300.0,5190.0,9260,17600.0,23300.0,38900.0
01553500,12-15,2740.0,3260.0,5210.0,9950,17100.0,22900.0,32700.0
01553500,12-16,2370.0,2980.0,5130.0,10200,15900.0,21600.0,33100.0
01553500,12-17,2310.0,3140.0,4930.0,10200,17000.0,23700.0,30400.0
01553500,12-18,2540.0,2850.0,4500.0,10900,15500.0,26200.0,29400.0
01553500,12-19,2340.0,2690.0,4480.0,10100,16800.0,22800.0,24300.0
01553500,12-20,2420.0,2890.0,4550.0,9180,14800.0,20300.0,27000.0
01553500,12-21,2340.0,3010.0,4780.0,8830,14100.0,21700.0,33000.0
01553500,12-22,2340.0,2880.0,4870.0,9050,13100.0,24100.0,36500.0
01553500,12-23,2240.0,2640.0,5070.0,9260,12400.0,26500.0,37400.0
01553500,12-24,2210.0,2940.0,5490.0,9040,14900.0,29700.0,36800.0
01553500,12-25,2100.0,3410.0,5460.0,8940,15100.0,32400.0,43900.0
01553500,12-26,2200.0,3570.0,5520.0,9000,15800.0,31800.0,37400.0
01553500,12-27,2500.0,3270.0,5200.0,8950,17800.0,29800.0,33000.0
01553500,12-28,2600.0,3240.0,4600.0,9300,16000.0,26100.0,27500.0
01553500,12-29,2610.0,3140.0,4570.0,9560,17000.0,24600.0,28500.0
01553500,12-30,2540.0,3140.0,4510.0,9890,18200.0,25500.0,32600.0
01553500,12-31,2340.0,3010.0,4660.0,10300,17400.0,27100.0,42400.0
01549700,01-01,250.0,350.0,597.0,1200,2020.0,3340.0,4980.0
01549700,01-02,245.0,350.0,590.0,1150,1990.0,3210.0,5320.0
01549700,01-03,240.0,310.0,550.0,1000,2060.0,3060.0,4570.0
01549700,01-04,245.0,300.0,521.0,1030,1970.0,3180.0,3840.0
01549700,01-05,230.0,290.0,510.0,1080,1890.0,3100.0,5110.0
01549700,01-06,205.0,300.0,487.0,1030,1750.0,3360.0,4320.0
01549700,01-07,215.0,300.0,461.0,989,1610.0,3190.0,4250.0
01549700,01-08,210.0,320.0,441.0,1040,1550.0,2740.0,4040.0
01549700,01-09,240.0,320.0,510.0,923,1520.0,3190.0,4260.0
01549700,01-10,225.0,340.0,505.0,980,1630.0,2940.0,6230.0
01549700,01-11,220.0,300.0,510.0,963,1640.0,3230.0,6020.0
01549700,01-12,220.0,290.0,521.0,954,1680.0,2680.0,4820.0
01549700,01-13,215.0,300.0,510.0,920,1960.0,3640.0,5610.0
01549700,01-14,245.0,330.0,498.0,939,2070.0,3810.0,5890.0
01549700,01-15,258.0,310.0,470.0,949,2150.0,3960.0,5570.0
01549700,01-16,247.0,300.0,465.0,967,2000.0,3180.0,5050.0
01549700,01-17,239.0,280.0,445.0,918,1780.0,2760.0,3970.0
01549700,01-18,226.0,300.0,439.0,840,1590.0,2470.0,3320.0
01549700,01-19,213.0,330.0,456.0,815,1500.0,2200.0,3210.0
01549700,01-20,201.0,310.0,492.0,773,1450.0,2600.0,6200.0
01549700,01-21,194.0,310.0,490.0,800,1480.0,2440.0,7680.0
01549700,01-22,211.0,290.0,479.0,860,1380.0,2890.0,6900.0
01549700,01-23,230.0,310.0,478.0,926,1300.0,3010.0,5320.0
01549700,01-24,253.0,331.0,470.0,820,1530.0,4020.0,5090.0
01549700,01-25,250.0,360.0,521.0,770,2030.0,3780.0,7440.0
01549700,01-26,244.0,350.0,500.0,894,2130.0,4020.0,7860.0
01549700,01-27,237.0,350.0,493.0,880,2050.0,3970.0,8700.0
01549700,01-28,221.0,330.0,481.0,760,1720.0,4810.0,7230.0
01549700,01-29,209.0,320.0,501.0,800,1790.0,4170.0,6270.0
01549700,01-30,199.0,330.0,475.0,896,1660.0,3670.0,4690.0
01549700,01-31,212.0,330.0,458.0,820,1720.0,3470.0,4900.0
01549700,02-01,211.0,333.0,469.0,878,1800.0,2700.0,4100.0
01549700,02-02,245.0,322.0,466.0,877,1720.0,3200.0,4650.0
01549700,02-03,235.0,360.0,492.0,900,1770.0,4630.0,5490.0
01549700,02-04,220.0,312.0,505.0,866,1830.0,3520.0,5230.0
01549700,02-05,220.0,299.0,487.0,881,1790.0,3300.0,4580.0
01549700,02-06,225.0,320.0,504.0,1000,1530.0,2810.0,4110.0
01549700,02-07,245.0,330.0,476.0,900,1690.0,2680.0,3580.0
01549700,02-08,245.0,340.0,515.0,800,1550.0,3090.0,4290.0
01549700,02-09,229.0,330.0,475.0,815,1440.0,2720.0,4780.0
01549700,02-10,218.0,330.0,470.0,888,1310.0,3850.0,4380.0
01549700,02-11,224.0,340.0,470.0,860,1390.0,3130.0,4940.0
01549700,02-12,265.0,380.0,475.0,840,1700.0,3480.0,4590.0
01549700,02-13,309.0,370.0,474.0,800,1970.0,3660.0,4570.0
01549700,02-14,332.0,380.0,514.0,820,1860.0,2820.0,4480.0
01549700,02-15,315.0,390.0,526.0,800,1800.0,2650.0,3680.0
01549700,02-16,306.0,370.0,547.0,840,1790.0,2740.0,4600.0
01549700,02-17,314.0,360.0,549.0,832,1630.0,2910.0,5430.0
01549700,02-18,330.0,350.0,534.0,886,1620.0,3840.0,6410.0
01549700,02-19,310.0,345.0,515.0,920,1650.0,3330.0,7060.0
01549700,02-20,310.0,380.0,520.0,960,1850.0,3240.0,7090.0
01549700,02-21,310.0,367.0,546.0,940,2200.0,4000.0,6240.0
01549700,02-22,335.0,381.0,575.0,960,2040.0,4680.0,6460.0
01549700,02-23,355.0,410.0,610.0,1000,2010.0,5200.0,7130.0
01549700,02-24,370.0,430.0,650.0,1020,2500.0,5620.0,8620.0
01549700,02-25,350.0,420.0,688.0,1100,2500.0,8120.0,9400.0
01549700,02-26,335.0,407.0,681.0,1100,2370.0,6400.0,8210.0
01549700,02-27,335.0,389.0,735.0,1000,2320.0,4860.0,6700.0
01549700,02-28,325.0,370.0,695.0,1100,2870.0,5100.0,7250.0
01549700,02-29,,442.0,674.0,1300,3350.0,5950.0,
01549700,03-01,345.0,450.0,648.0,1400,2750.0,5100.0,6810.0
01549700,03-02,371.0,450.0,626.0,1350,2510.0,4820.0,6860.0
01549700,03-03,377.0,444.0,636.0,1370,3040.0,4280.0,5570.0
01549700,03-04,386.0,450.0,666.0,1490,3050.0,4610.0,8600.0
01549700,03-05,394.0,470.0,654.0,1590,3170.0,7400.0,11800.0
01549700,03-06,395.0,460.0,668.0,1580,4180.0,8270.0,11100.0
01549700,03-07,403.0,480.0,627.0,1460,3470.0,7240.0,11400.0
01549700,03-08,405.0,496.0,651.0,1490,3310.0,8650.0,9220.0
01549700,03-09,407.0,502.0,700.0,1700,3230.0,6870.0,9140.0
01549700,03-10,415.0,520.0,789.0,1630,3160.0,5970.0,9240.0
01549700,03-11,425.0,480.0,903.0,1740,3210.0,5300.0,7350.0
01549700,03-12,420.0,480.0,1000.0,1900,3150.0,5070.0,7530.0
01549700,03-13,440.0,480.0,1080.0,1940,3420.0,5610.0,8320.0
01549700,03-14,420.0,708.0,1190.0,2030,3270.0,5660.0,7240.0
01549700,03-15,430.0,645.0,1280.0,2140,3430.0,5950.0,9450.0
01549700,03-16,527.0,670.0,1240.0,2110,3450.0,6160.0,8720.0
01549700,03-17,572.0,740.0,1290.0,2150,3850.0,5030.0,7910.0
01549700,03-18,586.0,825.0,1220.0,2050,3520.0,5460.0,8700.0
01549700,03-19,659.0,886.0,1390.0,1900,3210.0,4640.0,8460.0
01549700,03-20,689.0,993.0,1370.0,1950,3070.0,6420.0,8220.0
01549700,03-21,707.0,980.0,1300.0,2190,3320.0,6000.0,7060.0
01549700,03-22,747.0,944.0,1290.0,2290,3470.0,6420.0,11500.0
01549700,03-23,742.0,931.0,1230.0,2150,3330.0,6650.0,9460.0
01549700,03-24,767.0,962.0,1320.0,2130,3260.0,6640.0,9380.0
01549700,03-25,738.0,1040.0,1360.0,2100,3400.0,7000.0,8260.0
01549700,03-26,737.0,973.0,1530.0,2290,3400.0,6430.0,9850.0
01549700,03-27,691.0,936.0,1540.0,2380,3890.0,6160.0,7640.0
01549700,03-28,660.0,924.0,1440.0,2400,4230.0,5670.0,7830.0
01549700,03-29,706.0,941.0,1500.0,2520,4150.0,7470.0,10400.0
01549700,03-30,700.0,966.0,1630.0,2420,4000.0,8760.0,10600.0
01549700,03-31,864.0,1020.0,1550.0,2580,3940.0,8350.0,11300.0
01549700,04-01,836.0,1020.0,1720.0,2620,4630.0,9400.0,14100.0
01549700,04-02,815.0,1010.0,1750.0,2580,5210.0,8700.0,12200.0
01549700,04-03,819.0,1190.0,1920.0,2680,5520.0,10200.0,12400.0
01549700,04-04,864.0,1220.0,1940.0,2940,5360.0,8830.0,12600.0
01549700,04-05,1030.0,1200.0,1720.0,3190,6240.0,9310.0,11200.0
01549700,04-06,1070.0,1200.0,1760.0,2910,5390.0,8160.0,10900.0
01549700,04-07,1090.0,1320.0,1670.0,2810,4830.0,7500.0,10400.0
01549700,04-08,1170.0,1240.0,1630.0,2900,4380.0,7400.0,9100.0
01549700,04-09,1140.0,1160.0,1540.0,2700,4210.0,7050.0,8090.0
01549700,04-10,1070.0,1120.0,1460.0,2540,4310.0,7480.0,10500.0
01549700,04-11,1050.0,1100.0,1340.0,2400,4040.0,7310.0,8720.0
01549700,04-12,976.0,1050.0,1320.0,2370,3930.0,6650.0,7300.0
01549700,04-13,932.0,1010.0,1430.0,2210,3870.0,5280.0,6900.0
01549700,04-14,909.0,949.0,1380.0,2270,3750.0,5190.0,6400.0
01549700,04-15,865.0,910.0,1400.0,2140,3560.0,6240.0,7500.0
01549700,04-16,834.0,870.0,1460.0,2120,3980.0,6370.0,8420.0
01549700,04-17,792.0,840.0,1390.0,1950,3620.0,7180.0,12000.0
01549700,04-18,779.0,826.0,1300.0,1920,3470.0,6260.0,10100.0
01549700,04-19,738.0,764.0,1220.0,2000,3040.0,5290.0,7480.0
01549700,04-20,664.0,748.0,1200.0,2070,3100.0,4990.0,6800.0
01549700,04-21,630.0,739.0,1120.0,2010,3260.0,5310.0,6480.0
01549700,04-22,621.0,739.0,1150.0,1830,2870.0,5050.0,6160.0
01549700,04-23,603.0,757.0,1150.0,1720,2730.0,4470.0,5740.0
01549700,04-24,705.0,793.0,1070.0,1640,2610.0,3970.0,5220.0
01549700,04-25,717.0,829.0,1060.0,1670,2470.0,5050.0,6220.0
01549700,04-26,727.0,780.0,1020.0,1590,2340.0,4500.0,6960.0
01549700,04-27,698.0,780.0,1050.0,1600,2560.0,4020.0,5250.0
01549700,04-28,682.0,742.0,1020.0,1500,2440.0,3520.0,5330.0
01549700,04-29,709.0,764.0,968.0,1590,2340.0,3470.0,5340.0
01549700,04-30,701.0,734.0,1060.0,1620,2350.0,4900.0,6750.0
01549700,05-01,671.0,741.0,1030.0,1560,2170.0,4580.0,7210.0
01549700,05-02,682.0,760.0,969.0,1500,2370.0,3920.0,5920.0
01549700,05-03,659.0,720.0,957.0,1550,2540.0,3780.0,4910.0
01549700,05-04,644.0,740.0,922.0,1690,2450.0,3470.0,4340.0
01549700,05-05,630.0,774.0,918.0,1600,2450.0,3410.0,4680.0
01549700,05-06,600.0,735.0,931.0,1460,2240.0,3260.0,4860.0
01549700,05-07,589.0,683.0,942.0,1470,2270.0,3070.0,5730.0
01549700,05-08,593.0,653.0,915.0,1390,2200.0,3480.0,6460.0
01549700,05-09,565.0,619.0,929.0,1400,2300.0,4190.0,5910.0
01549700,05-10,546.0,572.0,956.0,1270,2560.0,4840.0,6650.0
01549700,05-11,530.0,570.0,921.0,1400,2500.0,4000.0,6920.0
01549700,05-12,499.0,676.0,940.0,1560,2580.0,4740.0,7350.0
01549700,05-13,478.0,691.0,900.0,1420,3260.0,5680.0,7840.0
01549700,05-14,453.0,651.0,844.0,1350,3170.0,5370.0,6690.0
01549700,05-15,458.0,600.0,779.0,1360,2940.0,4380.0,5300.0
01549700,05-16,453.0,570.0,766.0,1640,3040.0,4720.0,6380.0
01549700,05-17,427.0,548.0,737.0,1620,2960.0,4070.0,6960.0
01549700,05-18,416.0,510.0,745.0,1510,2630.0,3680.0,5510.0
01549700,05-19,409.0,485.0,738.0,1420,2710.0,4060.0,6750.0
01549700,05-20,400.0,546.0,736.0,1540,2520.0,3850.0,8350.0
01549700,05-21,372.0,520.0,769.0,1370,2490.0,3540.0,5900.0
01549700,05-22,354.0,492.0,727.0,1230,2350.0,3980.0,4680.0
01549700,05-23,392.0,459.0,724.0,1200,2260.0,3270.0,4980.0
01549700,05-24,398.0,422.0,675.0,1070,2070.0,3500.0,4540.0
01549700,05-25,373.0,440.0,625.0,1010,1840.0,3320.0,4290.0
01549700,05-26,369.0,427.0,613.0,1140,1900.0,2900.0,3570.0
01549700,05-27,349.0,377.0,589.0,1000,1930.0,2630.0,3460.0
01549700,05-28,328.0,377.0,566.0,900,1640.0,2520.0,2830.0
01549700,05-29,314.0,349.0,592.0,970,1600.0,2300.0,3760.0
01549700,05-30,297.0,336.0,534.0,1000,1650.0,2300.0,3720.0
01549700,05-31,290.0,326.0,500.0,911,1360.0,2740.0,4090.0
01549700,06-01,281.0,321.0,485.0,881,1330.0,2860.0,4030.0
01549700,06-02,264.0,320.0,525.0,853,1250.0,2320.0,3610.0
01549700,06-03,258.0,290.0,509.0,873,1210.0,2150.0,3000.0
01549700,06-04,251.0,279.0,481.0,821,1140.0,2240.0,3150.0
01549700,06-05,227.0,295.0,457.0,836,1160.0,2010.0,2610.0
01549700,06-06,243.0,295.0,482.0,788,1280.0,2190.0,4400.0
01549700,06-07,238.0,326.0,487.0,703,1210.0,2260.0,5720.0
01549700,06-08,218.0,320.0,475.0,671,1150.0,1900.0,3960.0
01549700,06-09,193.0,308.0,449.0,627,1090.0,1730.0,2920.0
01549700,06-10,181.0,310.0,467.0,596,1070.0,2040.0,2490.0
01549700,06-11,170.0,289.0,432.0,629,960.0,1640.0,2590.0
01549700,06-12,168.0,262.0,406.0,602,905.0,1600.0,2560.0
01549700,06-13,196.0,275.0,379.0,552,976.0,1820.0,2220.0
01549700,06-14,213.0,269.0,351.0,575,1040.0,1770.0,2140.0
01549700,06-15,203.0,252.0,348.0,571,1040.0,2430.0,5200.0
01549700,06-16,191.0,248.0,333.0,551,1120.0,2230.0,3850.0
01549700,06-17,182.0,254.0,340.0,526,1080.0,2260.0,3720.0
01549700,06-18,174.0,236.0,326.0,488,1170.0,2040.0,3340.0
01549700,06-19,171.0,188.0,321.0,510,1180.0,2100.0,2910.0
01549700,06-20,155.0,201.0,317.0,554,1090.0,2040.0,3930.0
01549700,06-21,141.0,202.0,292.0,518,990.0,2150.0,6340.0
01549700,06-22,150.0,200.0,288.0,503,984.0,2140.0,9160.0
01549700,06-23,144.0,196.0,316.0,476,966.0,1910.0,5770.0
01549700,06-24,140.0,181.0,302.0,433,858.0,1840.0,3930.0
01549700,06-25,128.0,172.0,290.0,394,720.0,2470.0,3430.0
01549700,06-26,115.0,163.0,264.0,394,778.0,1950.0,2700.0
01549700,06-27,106.0,152.0,249.0,393,894.0,1690.0,2110.0
01549700,06-28,118.0,162.0,234.0,382,882.0,1640.0,2800.0
01549700,06-29,115.0,173.0,239.0,337,807.0,1640.0,3560.0
01549700,06-30,115.0,171.0,255.0,355,800.0,2120.0,2960.0
01549700,07-01,104.0,151.0,230.0,362,841.0,1770.0,3450.0
01549700,07-02,109.0,138.0,213.0,389,751.0,1490.0,3090.0
01549700,07-03,113.0,129.0,209.0,367,831.0,1290.0,2220.0
01549700,07-04,106.0,126.0,223.0,341,729.0,1110.0,2060.0
01549700,07-05,100.0,126.0,192.0,339,650.0,1060.0,1650.0
01549700,07-06,89.0,129.0,191.0,335,630.0,1020.0,2210.0
01549700,07-07,101.0,124.0,187.0,318,551.0,897.0,2260.0
01549700,07-08,95.0,116.0,188.0,306,517.0,915.0,2180.0
01549700,07-09,89.0,116.0,190.0,327,516.0,913.0,2620.0
01549700,07-10,89.0,115.0,179.0,320,521.0,872.0,1890.0
01549700,07-11,85.0,105.0,157.0,309,487.0,784.0,1540.0
01549700,07-12,80.0,98.0,157.0,273,482.0,1100.0,1820.0
01549700,07-13,83.0,99.0,169.0,265,424.0,1120.0,1730.0
01549700,07-14,85.0,100.0,163.0,278,489.0,1050.0,1480.0
01549700,07-15,76.0,92.0,171.0,313,494.0,1140.0,2200.0
01549700,07-16,71.0,85.0,152.0,290,536.0,1240.0,3670.0
01549700,07-17,69.0,84.0,147.0,261,473.0,1210.0,3070.0
01549700,07-18,69.0,78.0,142.0,258,435.0,1030.0,2940.0
01549700,07-19,65.0,83.0,153.0,259,420.0,1020.0,2250.0
01549700,07-20,76.0,96.0,171.0,239,464.0,886.0,2360.0
01549700,07-21,75.0,90.0,158.0,243,490.0,856.0,1930.0
01549700,07-22,70.0,87.0,153.0,267,508.0,1090.0,1770.0
01549700,07-23,75.0,82.0,143.0,258,524.0,1310.0,1950.0
01549700,07-24,73.0,88.0,150.0,267,530.0,1280.0,2000.0
01549700,07-25,69.0,100.0,139.0,252,565.0,1130.0,1660.0
01549700,07-26,78.0,89.0,142.0,227,513.0,1020.0,1670.0
01549700,07-27,68.0,80.0,144.0,246,518.0,918.0,1610.0
01549700,07-28,68.0,78.0,135.0,251,515.0,850.0,2610.0
01549700,07-29,69.0,79.0,133.0,288,474.0,950.0,3000.0
01549700,07-30,59.0,72.0,136.0,252,499.0,1080.0,2120.0
01549700,07-31,53.0,81.0,129.0,236,449.0,1160.0,2590.0
01549700,08-01,55.0,81.0,117.0,231,453.0,1210.0,2890.0
01549700,08-02,55.0,81.0,121.0,223,432.0,973.0,3020.0
01549700,08-03,60.0,81.0,118.0,207,405.0,863.0,2740.0
01549700,08-04,57.0,71.0,127.0,210,371.0,1150.0,2110.0
01549700,08-05,53.0,65.0,116.0,203,410.0,1290.0,1900.0
01549700,08-06,49.0,70.0,118.0,210,352.0,900.0,1460.0
01549700,08-07,50.0,69.0,114.0,203,462.0,963.0,1660.0
01549700,08-08,46.0,65.0,111.0,196,521.0,1240.0,1690.0
01549700,08-09,42.0,61.0,107.0,208,471.0,979.0,1830.0
01549700,08-10,53.0,67.0,109.0,200,425.0,1000.0,1550.0
01549700,08-11,55.0,66.0,102.0,199,366.0,879.0,1170.0
01549700,08-12,56.0,65.0,108.0,188,365.0,892.0,1180.0
01549700,08-13,51.0,60.0,103.0,181,363.0,916.0,2050.0
01549700,08-14,48.0,56.0,99.0,167,409.0,1010.0,2160.0
01549700,08-15,49.0,59.0,99.0,170,354.0,1220.0,1680.0
01549700,08-16,48.0,64.0,92.0,169,343.0,998.0,1580.0
01549700,08-17,48.0,58.0,96.0,171,341.0,803.0,1460.0
01549700,08-18,47.0,58.0,98.0,167,371.0,1060.0,2900.0
01549700,08-19,44.0,58.0,95.0,149,346.0,1090.0,7450.0
01549700,08-20,48.0,55.0,89.0,158,325.0,903.0,4140.0
01549700,08-21,54.0,68.0,95.0,170,339.0,1420.0,2720.0
01549700,08-22,50.0,66.0,94.0,155,334.0,1090.0,2330.0
01549700,08-23,52.0,62.0,96.0,151,429.0,1130.0,1780.0
01549700,08-24,49.0,57.0,99.0,147,378.0,1210.0,1580.0
01549700,08-25,45.0,57.0,92.0,141,354.0,1000.0,1270.0
01549700,08-26,41.0,54.0,88.0,142,340.0,883.0,1130.0
01549700,08-27,41.0,55.0,82.0,137,332.0,781.0,963.0
01549700,08-28,45.0,56.0,80.0,150,384.0,685.0,911.0
01549700,08-29,47.0,56.0,84.0,167,437.0,772.0,1340.0
01549700,08-30,41.0,52.0,89.0,167,397.0,827.0,1690.0
01549700,08-31,39.0,49.0,94.0,189,391.0,841.0,1510.0
01549700,09-01,37.0,49.0,90.0,202,414.0,877.0,1360.0
01549700,09-02,34.0,47.0,84.0,189,405.0,987.0,1080.0
01549700,09-03,32.0,45.0,88.0,172,343.0,844.0,1240.0
01549700,09-04,35.0,52.0,99.0,169,329.0,754.0,1700.0
01549700,09-05,38.0,51.0,96.0,163,355.0,747.0,1230.0
01549700,09-06,37.0,51.0,95.0,169,414.0,896.0,2050.0
01549700,09-07,45.0,56.0,91.0,172,467.0,1100.0,1750.0
01549700,09-08,42.0,59.0,83.0,162,470.0,800.0,1420.0
01549700,09-09,45.0,54.0,81.0,164,430.0,1020.0,1220.0
01549700,09-10,42.0,49.0,79.0,170,447.0,871.0,1770.0
01549700,09-11,44.0,54.0,75.0,175,374.0,916.0,1270.0
01549700,09-12,43.0,50.0,77.0,204,431.0,1010.0,1490.0
01549700,09-13,41.0,50.0,74.0,191,447.0,870.0,1020.0
01549700,09-14,39.0,48.0,81.0,195,429.0,768.0,1390.0
01549700,09-15,43.0,49.0,84.0,194,398.0,809.0,1020.0
01549700,09-16,41.0,49.0,89.0,182,405.0,728.0,1110.0
01549700,09-17,38.0,46.0,89.0,201,365.0,727.0,1110.0
01549700,09-18,39.0,58.0,93.0,182,426.0,742.0,3190.0
01549700,09-19,41.0,57.0,99.0,171,447.0,1290.0,2790.0
01549700,09-20,38.0,54.0,93.0,165,403.0,1540.0,2450.0
01549700,09-21,38.0,55.0,90.0,162,401.0,1440.0,2510.0
01549700,09-22,38.0,60.0,93.0,167,453.0,1100.0,1780.0
01549700,09-23,39.0,58.0,96.0,174,529.0,1500.0,3570.0
01549700,09-24,39.0,52.0,101.0,177,470.0,1290.0,2720.0
01549700,09-25,39.0,60.0,100.0,156,532.0,1950.0,4920.0
01549700,09-26,40.0,58.0,95.0,150,479.0,1660.0,5080.0
01549700,09-27,40.0,59.0,93.0,165,490.0,1440.0,4470.0
01549700,09-28,40.0,70.0,108.0,192,602.0,2410.0,5300.0
01549700,09-29,46.0,64.0,93.0,271,624.0,2470.0,5180.0
01549700,09-30,56.0,66.0,100.0,279,710.0,2230.0,3800.0
01549700,10-01,63.0,70.0,93.0,211,688.0,2100.0,3940.0
01549700,10-02,60.0,73.0,127.0,186,670.0,1520.0,2690.0
01549700,10-03,59.0,73.0,131.0,190,624.0,1250.0,2250.0
01549700,10-04,61.0,77.0,121.0,183,605.0,1420.0,2270.0
01549700,10-05,59.0,73.0,104.0,214,709.0,1560.0,2400.0
01549700,10-06,63.0,71.0,101.0,246,617.0,1540.0,2230.0
01549700,10-07,63.0,75.0,98.0,246,612.0,1250.0,2450.0
01549700,10-08,64.0,74.0,111.0,259,584.0,1190.0,2050.0
01549700,10-09,60.0,75.0,120.0,280,578.0,1200.0,1810.0
01549700,10-10,57.0,70.0,113.0,254,516.0,1320.0,1930.0
01549700,10-11,54.0,66.0,114.0,252,472.0,1340.0,2040.0
01549700,10-12,54.0,66.0,108.0,243,443.0,1250.0,1740.0
01549700,10-13,56.0,64.0,101.0,230,426.0,1340.0,1520.0
01549700,10-14,52.0,58.0,105.0,217,439.0,1220.0,2200.0
01549700,10-15,53.0,65.0,104.0,266,501.0,1190.0,2030.0
01549700,10-16,54.0,65.0,114.0,261,579.0,1590.0,2250.0
01549700,10-17,56.0,67.0,106.0,261,534.0,1250.0,2680.0
01549700,10-18,57.0,67.0,102.0,262,510.0,1290.0,3210.0
01549700,10-19,54.0,74.0,116.0,261,625.0,1530.0,3490.0
01549700,10-20,60.0,83.0,114.0,278,621.0,1810.0,5550.0
01549700,10-21,70.0,81.0,122.0,280,667.0,3440.0,5780.0
01549700,10-22,68.0,90.0,126.0,272,855.0,3600.0,5530.0
01549700,10-23,68.0,90.0,134.0,266,951.0,3470.0,5230.0
01549700,10-24,69.0,96.0,136.0,314,984.0,2550.0,3580.0
01549700,10-25,72.0,93.0,166.0,329,889.0,2410.0,3200.0
01549700,10-26,64.0,89.0,193.0,376,882.0,2170.0,4020.0
01549700,10-27,61.0,86.0,187.0,374,1400.0,2070.0,3880.0
01549700,10-28,57.0,85.0,177.0,373,1300.0,2670.0,3540.0
01549700,10-29,55.0,87.0,170.0,419,1350.0,2780.0,3270.0
01549700,10-30,54.0,84.0,166.0,455,1440.0,3190.0,6360.0
01549700,10-31,53.0,82.0,166.0,450,1390.0,2720.0,6540.0
01549700,11-01,54.0,81.0,176.0,400,1230.0,2410.0,5590.0
01549700,11-02,55.0,90.0,170.0,488,1180.0,2140.0,4420.0
01549700,11-03,53.0,90.0,177.0,644,1210.0,2810.0,3460.0
01549700,11-04,54.0,99.0,177.0,631,1260.0,2130.0,2900.0
01549700,11-05,55.0,93.0,186.0,610,1270.0,2280.0,2580.0
01549700,11-06,67.0,95.0,214.0,596,1380.0,2080.0,2920.0
01549700,11-07,79.0,117.0,228.0,574,1210.0,1930.0,3930.0
01549700,11-08,81.0,114.0,237.0,608,1190.0,1860.0,3920.0
01549700,11-09,84.0,127.0,256.0,602,1260.0,2580.0,4120.0
01549700,11-10,84.0,135.0,262.0,593,1230.0,2480.0,4020.0
01549700,11-11,102.0,141.0,277.0,643,1200.0,3210.0,5580.0
01549700,11-12,103.0,151.0,305.0,794,1530.0,4190.0,5860.0
01549700,11-13,115.0,158.0,281.0,729,1560.0,3960.0,5820.0
01549700,11-14,134.0,158.0,259.0,735,1430.0,3820.0,4620.0
01549700,11-15,134.0,180.0,266.0,697,1300.0,3280.0,3830.0
01549700,11-16,137.0,179.0,300.0,707,1590.0,2880.0,3430.0
01549700,11-17,125.0,169.0,351.0,712,1700.0,2990.0,5980.0
01549700,11-18,114.0,158.0,386.0,760,1710.0,2910.0,5600.0
01549700,11-19,112.0,154.0,339.0,761,1600.0,2600.0,5060.0
01549700,11-20,102.0,180.0,331.0,684,1510.0,2360.0,4070.0
01549700,11-21,97.0,160.0,333.0,761,1460.0,2480.0,3010.0
01549700,11-22,121.0,160.0,327.0,880,1500.0,2050.0,2440.0
01549700,11-23,118.0,143.0,358.0,872,1440.0,1910.0,3320.0
01549700,11-24,130.0,169.0,464.0,795,1370.0,1900.0,2940.0
01549700,11-25,126.0,197.0,461.0,868,1290.0,2270.0,2910.0
01549700,11-26,144.0,213.0,485.0,877,1340.0,2270.0,3270.0
01549700,11-27,165.0,217.0,519.0,916,1530.0,2710.0,8580.0
01549700,11-28,154.0,231.0,564.0,1020,1850.0,4340.0,8140.0
01549700,11-29,140.0,254.0,560.0,985,2060.0,5270.0,7450.0
01549700,11-30,133.0,232.0,548.0,964,2440.0,4520.0,6180.0
01549700,12-01,128.0,322.0,577.0,979,2470.0,3540.0,6090.0
01549700,12-02,118.0,379.0,623.0,943,2350.0,3760.0,7140.0
01549700,12-03,106.0,379.0,600.0,1110,2100.0,4230.0,5770.0
01549700,12-04,102.0,350.0,584.0,1130,2030.0,4070.0,5120.0
01549700,12-05,122.0,356.0,559.0,1040,1900.0,3580.0,4260.0
01549700,12-06,171.0,340.0,632.0,1180,1780.0,3380.0,4530.0
01549700,12-07,171.0,316.0,605.0,1190,1940.0,2900.0,3730.0
01549700,12-08,165.0,290.0,560.0,1250,2020.0,3060.0,4170.0
01549700,12-09,128.0,281.0,604.0,1110,1800.0,2540.0,5150.0
01549700,12-10,120.0,263.0,679.0,1100,1810.0,3010.0,4540.0
01549700,12-11,123.0,280.0,650.0,1230,1930.0,3630.0,4710.0
01549700,12-12,158.0,305.0,648.0,1180,2120.0,3690.0,4890.0
01549700,12-13,150.0,300.0,637.0,1100,2310.0,3670.0,5010.0
01549700,12-14,162.0,250.0,654.0,1060,2160.0,3140.0,5040.0
01549700,12-15,157.0,230.0,610.0,1140,1980.0,3270.0,5640.0
01549700,12-16,154.0,320.0,570.0,1160,1890.0,3350.0,4360.0
01549700,12-17,163.0,304.0,664.0,1200,2010.0,3060.0,3730.0
01549700,12-18,155.0,302.0,635.0,1190,2120.0,3160.0,3590.0
01549700,12-19,145.0,300.0,620.0,1130,1970.0,2670.0,4220.0
01549700,12-20,138.0,280.0,600.0,1200,1820.0,2700.0,3790.0
01549700,12-21,150.0,280.0,611.0,1200,1660.0,3560.0,5090.0
01549700,12-22,169.0,290.0,584.0,1100,1650.0,3430.0,7700.0
01549700,12-23,215.0,400.0,605.0,1170,1620.0,3760.0,6090.0
01549700,12-24,215.0,360.0,610.0,1100,2010.0,4540.0,6420.0
01549700,12-25,235.0,350.0,669.0,1150,2350.0,4500.0,6460.0
01549700,12-26,260.0,390.0,620.0,1150,2300.0,4070.0,4990.0
01549700,12-27,235.0,360.0,610.0,1110,2120.0,3690.0,5400.0
01549700,12-28,235.0,370.0,640.0,1150,1960.0,3660.0,4130.0
01549700,12-29,240.0,378.0,600.0,1160,2190.0,3450.0,3970.0
01549700,12-30,225.0,370.0,622.0,1180,2340.0,3000.0,4470.0
01549700,12-31,205.0,350.0,600.0,1300,2250.0,3760.0,4690.0
